cell,replicate,seed,valid,status,gap,I1,se,score,wald,p_gap,p_score,p_wald,naive_p,kish_p,ess,a2,max_weight,moment_error,condition,iterations,gap_kl_error,gap_score_error,lr_identity_error,score_discrepancy,eig_min,eig_max,min_sampling_eigenvalue,dual_entropy_discrepancy,fit_seconds,refinement_status,refinement_tolerance,refined_full_status,refined_reduced_status,scaled_refinement,reference_refinement,scaled_rotation
circle_uniform_direct_n800,0,2026591601,True,ok,0.000882826213841492,0.000633258025909903,0.0014645167183043506,1.412202727686478,1.45407174878577,0.49308431192124574,0.4931630976022524,0.48333954799727863,0.4934859103001117,0.4934859103001117,800.0000000000005,800.0000000000005,0.00125,2.2311701097788017e-12,1.0934240516651208,5,2.168404344971009e-18,2.168404344971009e-18,4.218847493575595e-15,0.00015960722995500554,0.9708378761876487,1.0273764668284502,0.4851115449581675,1.2054506698389034e-13,0.0010020409245043993,ok,0.001,ok,ok,1.7381929229287607e-13,1.6653345369377348e-16,1.6653345369377348e-13
circle_uniform_direct_n800,1,2026591602,True,ok,4.3662338138916366e-05,0.0002553498895243966,0.00032675130302162316,0.06985897576802788,0.0714734662691334,0.9656524119694505,0.9656527816775815,0.9648942847417332,0.965673136046405,0.965673136046405,800.0000000000005,800.0000000000005,0.00125,1.9647478088913317e-13,1.0400466490114375,4,1.9527836379179542e-16,9.486769009248164e-20,1.3877787807814457e-16,3.826271191692543e-07,0.9658901682751525,1.0340223817500964,0.48282176492551904,3.1911322542765852e-15,0.0008025830611586571,ok,0.001,ok,ok,1.6566609195578508e-14,0.0,2.0903417885520525e-14
circle_uniform_direct_n800,2,2026591603,True,ok,0.001704879692803904,0.0007213829950367054,0.002057223399276478,2.726668117968581,2.750453660377061,0.25504665331414345,0.2551922265129857,0.2527822506556135,0.25566078947907867,0.2556607894790785,800.0000000000005,800.0000000000005,0.00125,2.922100061919508e-12,1.113598469347686,5,2.8189256484623115e-18,1.3010426069826053e-18,3.1086244689504383e-15,0.0005696952588332138,0.9766482522733887,1.0199802186758573,0.48797186799148123,2.029791265623082e-13,0.0009002091828733683,ok,0.001,ok,ok,4.624772786954168e-13,1.1102230246251565e-16,7.45931094670027e-15
circle_uniform_direct_n800,3,2026591604,True,ok,0.0006208681401254895,0.0003220759596169597,0.0012452519100541513,0.9932347540926597,0.9947296857680418,0.6083438407592856,0.6083907971116542,0.6081310710381695,0.6085388566759313,0.6085388566759311,800.0000000000005,800.0000000000005,0.00125,7.017716095736315e-11,1.0710703361211211,4,3.228501450555643e-13,-2.2768245622195593e-18,-3.219646771412954e-15,7.713505406198307e-05,0.9913635890233004,1.0073949572709138,0.4955221475140345,5.199779409131855e-13,0.0007660409901291132,ok,0.001,ok,ok,2.628973427842851e-13,2.220446049250313e-16,2.5413698923060224e-14
circle_uniform_direct_n800,4,2026591605,True,ok,0.0013777089951856397,0.0025194466944352028,0.001834455391402198,2.2035684398911592,2.2575531752520375,0.3316035564831241,0.33173074915311906,0.3234287011520321,0.33215046790746644,0.33215046790746616,800.0000000000005,800.0000000000005,0.00125,6.661338147750939e-16,1.155733612490744,6,-2.168404344971009e-18,-3.469446951953614e-18,-5.329070518200751e-15,0.00038297620293281653,0.9760866997864622,1.02115526505196,0.48681387992918285,7.37257477290143e-17,0.0010002919007092714,ok,0.001,ok,ok,5.204170427930421e-14,2.220446049250313e-16,6.106226635438361e-14
circle_uniform_direct_n800,5,2026591606,True,ok,0.0003418167772161209,0.0009027431269790828,0.0009139976687393114,0.5468557568685601,0.5597801604906139,0.7605857475604949,0.760605189543601,0.7558668215851774,0.7607477698130345,0.7607477698130343,800.0000000000005,800.0000000000005,0.00125,3.96389761292415e-11,1.086614741410645,4,1.9493647147872384e-12,8.131516293641283e-19,9.992007221626409e-16,2.5543338616818012e-05,0.9684308001958691,1.0308539193803976,0.4837782769845779,4.2278494073733075e-12,0.000775457825511694,ok,0.001,ok,ok,1.1102230246251565e-14,2.220446049250313e-16,3.590877595271991e-14
circle_uniform_direct_n800,6,2026591607,True,ok,0.0003266972226464498,0.00211918437383205,0.0009105088425970112,0.5226683520262765,0.5150232087733508,0.7699150884171431,0.7699332681155235,0.7729726563878438,0.7700053792520704,0.7700053792520702,800.0000000000005,800.0000000000005,0.00125,1.6384877482567006e-10,1.1200583522321665,4,2.0158657187095697e-12,0.0,-3.3306690738754696e-16,2.3602104021747117e-05,0.984160654703146,1.0151511776298596,0.491037475783402,1.509793678966531e-11,0.0007938749622553587,ok,0.001,ok,ok,6.203371150093062e-13,0.0,4.5102810375396984e-14
circle_uniform_direct_n800,7,2026591608,True,ok,0.002315134399469765,0.0015137974255738768,0.002424505693382266,3.702081338287662,3.653759452559973,0.15622862085619543,0.15639571390647633,0.1609148837297957,0.15690613485774008,0.15690613485773983,800.0000000000005,800.0000000000005,0.00125,4.189969898815704e-11,1.1496297437041412,5,-6.071532165918825e-18,6.5052130349130266e-18,1.0658141036401503e-14,0.0010668504319819583,0.9703470941486261,1.0250446462524525,0.4844390569768154,3.933194481914315e-12,0.0009119999594986439,ok,0.001,ok,ok,8.638922910364499e-14,1.6653345369377348e-16,2.8449465006019636e-14
circle_uniform_direct_n800,8,2026591609,True,ok,0.0011028218961799097,0.001744348723095869,0.0016787084440555797,1.7639849551547548,1.7300402901528082,0.4132183768094424,0.4133280496144073,0.42104307059705937,0.41384758838173774,0.41384758838173763,800.0000000000005,800.0000000000005,0.00125,7.1294879722128e-11,1.135073824108455,5,8.239936510889834e-18,8.673617379884035e-19,1.3322676295501878e-15,0.0002650393665508677,0.9536143948896351,1.0440859495949848,0.47597543996677594,6.932935996128986e-12,0.0009216668549925089,ok,0.001,ok,ok,3.622102617839573e-13,2.220446049250313e-16,6.664807594702893e-13
circle_uniform_direct_n800,9,2026591610,True,ok,0.0012061792098478905,0.0008879287935962858,0.0017178663499492653,1.9293009342809708,1.9749690640545816,0.3804362215127144,0.38054780517264497,0.37251255686451334,0.38100477623722145,0.3810047762372213,800.0000000000005,800.0000000000005,0.00125,7.722222167272363e-12,1.1097644629558383,5,-8.673617379884035e-19,2.3852447794681098e-18,4.440892098500626e-15,0.00029290073782750614,0.9627113787389427,1.0348717841237205,0.48092829126551645,4.658170550675411e-13,0.0009081251919269562,ok,0.001,ok,ok,4.111294638065033e-14,1.1102230246251565e-16,1.0408340855860843e-14
circle_uniform_direct_n800,10,2026591611,True,ok,0.0031315280709124007,0.00033616828987020637,0.002778113919931545,5.006564763516278,5.090464753348618,0.08102658858898817,0.08118440725687637,0.07845481879244445,0.08165743071964153,0.08165743071964139,800.0000000000005,800.0000000000005,0.00125,2.587617620175564e-13,1.1291269783072413,5,3.903127820947816e-18,-1.3010426069826053e-18,-1.7763568394002505e-15,0.0019400749717832788,0.9830322403927546,1.0107460111446023,0.4913508863905336,9.557892671763213e-15,0.0008744590450078249,ok,0.001,ok,ok,3.5388358909926865e-14,1.3877787807814457e-16,
circle_uniform_direct_n800,11,2026591612,True,ok,0.00022650075906795707,0.002229536281339533,0.0007470651887601284,0.362380116638561,0.36772189451843623,0.8342193835530511,0.8342281864726846,0.8320514948237371,0.8342679816986172,0.834267981698617,800.0000000000005,800.0000000000005,0.00125,1.8508318488930087e-10,1.117480810319283,4,2.1858399422078345e-13,-5.963111948670274e-19,-2.220446049250313e-16,1.0548935085258337e-05,0.9854311003852707,1.014113205265499,0.49161712493930315,1.849511169216278e-11,0.0007805419154465199,ok,0.001,ok,ok,1.8943180357666733e-13,1.1102230246251565e-16,
circle_uniform_direct_n800,12,2026591613,True,ok,0.0009168320904856999,0.002632564695184644,0.0015131039868599297,1.4665348609078364,1.4698409547169562,0.4798567913910673,0.479952027242328,0.4795435920318166,0.4802417421457911,0.48024174214579074,800.0000000000005,800.0000000000005,0.00125,2.463307335887066e-16,1.1531799742508675,6,-8.023096076392733e-18,-1.734723475976807e-18,-1.9984014443252818e-15,0.00019824193464212936,0.9815436407262905,1.0164652965052097,0.489479800192463,1.3877787807814457e-17,0.001007332932204008,ok,0.001,ok,ok,6.2450045135165055e-15,2.220446049250313e-16,
circle_uniform_direct_n800,13,2026591614,True,ok,0.000280304761220197,0.0006786038705117411,0.000842118696860978,0.44845488759927193,0.44352684495670114,0.7990041066444677,0.7990171904733667,0.8011048653215574,0.7991202779196682,0.7991202779196681,800.0000000000005,800.0000000000005,0.00125,1.93358627720297e-11,1.0748603692619874,4,4.920973025769604e-13,-1.0299920638612292e-18,-1.7763568394002505e-15,1.636517652175984e-05,0.9711635606519925,1.028264645269876,0.48525226788513065,1.084196317793773e-12,0.000771000050008297,ok,0.001,ok,ok,1.0009354456386177e-13,2.220446049250313e-16,
circle_uniform_direct_n800,14,2026591615,True,ok,0.0009113694110487874,0.0022789723324901385,0.001533334068213911,1.4579065428398634,1.415830881795455,0.4817768587690655,0.4818454803671225,0.4926701277825517,0.4823450600505751,0.48234506005057487,800.0000000000005,800.0000000000005,0.00125,1.8139215129941988e-10,1.134383957927867,5,4.336808689942018e-19,-1.951563910473908e-18,-3.3306690738754696e-15,0.00014225741909867917,0.9499635425060611,1.0483465317458835,0.4738993936752712,2.0190030203259823e-11,0.0008918740786612034,ok,0.001,ok,ok,1.0894063429134349e-13,2.220446049250313e-16,
circle_uniform_direct_n800,15,2026591616,True,ok,0.0021820497247376494,0.0023012854879572,0.0023205646577047763,3.489311311839875,3.5423053870656562,0.17384748946989703,0.17401900252043623,0.17013676020821952,0.1745332903674875,0.17453329036748733,800.0000000000005,800.0000000000005,0.00125,1.600819615754645e-10,1.1686063276477368,5,1.734723475976807e-18,-8.673617379884035e-19,-2.220446049250313e-15,0.0009841238701828736,0.9733870987136335,1.0221869363346023,0.48557362536950793,2.0992007611353447e-11,0.0009042499586939812,ok,0.001,ok,ok,3.0878077872387166e-13,1.6653345369377348e-16,
circle_uniform_direct_n800,16,2026591617,True,ok,0.00274235215140548,0.002586615716987723,0.0025814158756107945,4.38499421912902,4.521009095656662,0.11085197688270147,0.11100589307359973,0.10429784822423689,0.11148316108741826,0.11148316108741808,800.0000000000005,800.0000000000005,0.00125,3.400058012914542e-16,1.174751620235041,6,-1.734723475976807e-18,-3.469446951953614e-18,-3.552713678800501e-15,0.0013846115598754594,0.9677257031283838,1.0270234632248634,0.48261127354593425,3.9898639947466563e-17,0.0009971249382942915,ok,0.001,ok,ok,7.403799795469013e-13,1.5265566588595902e-16,
circle_uniform_direct_n800,17,2026591618,True,ok,0.003036099848067993,0.0022564615464687136,0.002783587371486517,4.854213217944522,4.7656399599181745,0.08751339966283475,0.08766912220841921,0.09228995438526943,0.08813549978466828,0.08813549978466814,800.0000000000005,800.0000000000005,0.00125,1.5785544399404827e-10,1.1758242682650277,5,-3.0357660829594124e-18,6.5052130349130266e-18,1.1546319456101628e-14,0.0017732694821348538,0.9733869659235999,1.0206749500121692,0.4855951978053141,1.9404426850055945e-11,0.0008933749049901962,ok,0.001,ok,ok,1.4432899320127035e-13,1.1102230246251565e-16,
circle_uniform_direct_n800,18,2026591619,True,ok,0.0007573977260063333,8.951872250413144e-05,0.0013504262232732977,1.2116061052404177,1.2622662477074917,0.5448440987699241,0.5449069280771235,0.531988650319618,0.5455732616982549,0.5455732616982547,800.0000000000005,800.0000000000005,0.00125,7.237135586993237e-11,1.063080746327368,4,1.0700133270744039e-12,-2.3852447794681098e-18,-2.6645352591003757e-15,0.00011512818485814869,0.9348953980775501,1.0635876484661582,0.4674058538735079,1.830914760081459e-12,0.000779957976192236,ok,0.001,ok,ok,4.407932352457067e-13,2.220446049250313e-16,
circle_uniform_direct_n800,19,2026591620,True,ok,0.00010608925585684457,6.70671340254674e-05,0.0005210921537910619,0.1697383640940724,0.16581202399353634,0.91859912903993,0.9186011715482926,0.920437653251925,0.9186304083724962,0.9186304083724962,800.0000000000005,800.0000000000005,0.00125,3.710833723635787e-13,1.0298750367441147,4,-7.266756640866845e-15,4.607859233063394e-19,4.996003610813204e-16,2.222638439505764e-06,0.9750485821891631,1.0247406068826224,0.487491594328127,1.4569237743317087e-14,0.000773334177210927,ok,0.001,ok,ok,2.7972416050126014e-15,0.0,
circle_uniform_direct_n800,20,2026591621,True,ok,5.4822080194377124e-05,0.0005064845392516117,0.000376939365201058,0.08771424360377487,0.08462011057975988,0.9570590154261526,0.9570595348680002,0.9585725240100782,0.9570901760168904,0.9570901760168904,800.0000000000005,800.0000000000005,0.00125,1.0711084796888315e-12,1.0539762461556221,4,-7.892734317678507e-15,1.0842021724855044e-19,4.996003610813204e-16,5.423536142898366e-07,0.9624067995989546,1.0374885289988953,0.4809596790141926,4.9312984251592695e-14,0.0007847917731851339,ok,0.001,ok,ok,1.3183898417423734e-14,0.0,
circle_uniform_direct_n800,21,2026591622,True,ok,0.00023450122585049783,0.0040806598379376745,0.0007775564319896586,0.3751696320086505,0.36396911648445723,0.8288159332595106,0.8288293413077332,0.8336142127850976,0.8289454064826798,0.8289454064826797,800.0000000000005,800.0000000000005,0.00125,1.0043100379109049e-10,1.1595558340529906,5,3.1898940682905524e-12,-1.1926223897340549e-18,-2.0539125955565396e-15,1.6164676073127104e-05,0.9650663571519876,1.0343580480122463,0.48056439830914965,1.0159498242678922e-11,0.0008936661761254072,ok,0.001,ok,ok,3.885780586188048e-13,0.0,
circle_uniform_direct_n800,22,2026591623,True,ok,0.00022419924172139899,0.00044967634464390736,0.000745278681002158,0.35869751807901584,0.36212340212228217,0.8357472430760431,0.8357561340552397,0.8343838747370281,0.8358054624649776,0.8358054624649776,800.0000000000005,800.0000000000005,0.00125,1.0223152185906415e-11,1.0627877179758531,4,3.3851621592667636e-13,0.0,-2.220446049250313e-16,1.0634337611364897e-05,0.9811618400520177,1.0183769860138985,0.4903603136063588,7.092041797579496e-13,0.0007780420128256083,ok,0.001,ok,ok,6.00908212078366e-13,0.0,
circle_uniform_direct_n800,23,2026591624,True,ok,0.0028362981093406742,0.00022410435386416934,0.002639950584825873,4.534830943098962,4.625386184409743,0.10275363531194473,0.10292095487902975,0.09899429149221232,0.10341156381018193,0.10341156381018181,800.0000000000005,800.0000000000005,0.00125,5.310855921702995e-14,1.1226163207210655,5,1.474514954580286e-17,8.673617379884035e-19,-8.881784197001252e-16,0.0016230159230596897,0.972863290203034,1.021445109694378,0.48632263268654596,1.8976790625013784e-15,0.0008915001526474953,ok,0.001,ok,ok,2.5326962749261384e-14,1.3877787807814457e-16,
circle_uniform_direct_n800,24,2026591625,True,ok,0.0011143078572691568,0.004312221851322143,0.001626283003278554,1.7824720260583375,1.878968053620608,0.4094043229547336,0.40949051963101546,0.39082944085575805,0.41006225644825456,0.41006225644825434,800.0000000000005,800.0000000000005,0.00125,2.0122792321330962e-16,1.1792296800456514,6,3.903127820947816e-18,3.2526065174565133e-18,5.329070518200751e-15,0.00021027278615726175,0.9460864894616511,1.0518677534294354,0.4710035712461043,2.7755575615628914e-17,0.000999624840915203,ok,0.001,ok,ok,1.942890293094024e-14,2.220446049250313e-16,
circle_uniform_direct_n800,25,2026591626,True,ok,0.0022794778800617264,0.0011398040104633228,0.0023658731483581948,3.6451637796700656,3.7172702402726645,0.16078500224605585,0.16094627464851063,0.1558852498735443,0.16144636382020944,0.16144636382020927,800.0000000000005,800.0000000000005,0.00125,1.84824516802351e-11,1.1358892851393703,5,5.637851296924623e-18,8.673617379884035e-19,0.0,0.0010004142143493766,0.9804787691408803,1.0150551226322506,0.48968060075715425,1.264568311176717e-12,0.000894458033144474,not_checked,0.001,not_checked,not_checked,,,
circle_uniform_direct_n800,26,2026591627,True,ok,4.462231602790677e-05,0.0015428685879179034,0.0003371942258863574,0.07139477322215489,0.07006332775385492,0.9649209552467855,0.9649214052433552,0.965574841930559,0.9649318008621184,0.9649318008621184,800.0000000000005,800.0000000000005,0.00125,4.6238950168753234e-11,1.0899337187319929,4,7.910020566066073e-15,8.131516293641283e-20,8.326672684688674e-17,4.6621124799584024e-07,0.9766626213976455,1.0232406484000716,0.48757786865164776,4.244039581574599e-12,0.0007712091319262981,not_checked,0.001,not_checked,not_checked,,,
circle_uniform_direct_n800,27,2026591628,True,ok,0.00019196238425673012,0.002263397690898056,0.0006857684640047285,0.3071237960118533,0.31432599553434887,0.8574247273274278,0.8574316052548234,0.854564755317891,0.8576408066595692,0.8576408066595691,800.0000000000005,800.0000000000005,0.00125,1.9896197189783749e-10,1.1172340184441765,4,3.4287487129039396e-13,-3.2526065174565133e-19,-4.996003610813204e-16,8.009399457525879e-06,0.9440119064919532,1.0555875649017317,0.47093760220483294,1.9643959202342298e-11,0.0007747090421617031,not_checked,0.001,not_checked,not_checked,,,
circle_uniform_direct_n800,28,2026591629,True,ok,0.00042542284513033047,0.000852380942876091,0.001016137309843981,0.6806099655588989,0.7016424806861187,0.7112884284397254,0.7113121307170209,0.7041096089985278,0.7115295885902991,0.711529588590299,800.0000000000005,800.0000000000005,0.00125,6.412326919447153e-11,1.0841350994437984,4,-2.9467187695995933e-12,0.0,-4.440892098500626e-16,3.329332481516456e-05,0.9619769643054996,1.0372077138923252,0.48057848339372,5.450468201773084e-12,0.0007781668100506067,not_checked,0.001,not_checked,not_checked,,,
circle_uniform_direct_n800,29,2026591630,True,ok,0.0003790943247914218,0.000740869443438013,0.0010047116913963951,0.6064927801338846,0.5695742794906674,0.7379047011714306,0.7379261922677273,0.752174345302969,0.7383956700058234,0.7383956700058232,800.0000000000005,800.0000000000005,0.00125,4.8630680211936284e-11,1.0806482808471063,4,4.0691972361117656e-13,-9.75781955236954e-19,-1.1102230246251565e-15,2.9069766195266578e-05,0.9343799364924495,1.064857668462481,0.4668438312480168,9.943183429395042e-13,0.000771624967455864,not_checked,0.001,not_checked,not_checked,,,
circle_uniform_direct_n800,30,2026591631,True,ok,0.00035416518000330093,0.0014319564777165988,0.0009553104493368325,0.5666067169855951,0.5500729655561596,0.7530670742283636,0.7530887704910334,0.7595444124292478,0.7532695523407225,0.7532695523407222,800.0000000000005,800.0000000000005,0.00125,9.27273847983745e-11,1.104266370841411,4,3.435603472719262e-12,-9.215718466126788e-19,-1.3322676295501878e-15,2.8785509843365364e-05,0.963254044520703,1.035985827606549,0.48093739437513205,7.853264479690258e-12,0.0007772918324917555,not_checked,0.001,not_checked,not_checked,,,
circle_uniform_direct_n800,31,2026591632,True,ok,0.0014202970022191752,0.00018364968708624763,0.0018925506104716184,2.2716743675056397,2.254655703899887,0.3204936565307639,0.3206221938091632,0.3238976034257717,0.3210245747992852,0.32102457479928503,800.0000000000005,800.0000000000005,0.00125,2.6411164921746888e-14,1.0870336302744978,5,-1.0842021724855044e-18,-8.673617379884035e-19,-8.881784197001252e-16,0.00040041802252099856,0.9848944701624915,1.012277220943529,0.4923567979419325,8.468161068198032e-16,0.0008934591896831989,not_checked,0.001,not_checked,not_checked,,,
circle_uniform_direct_n800,32,2026591633,True,ok,0.002469222791954431,0.0007617257391990693,0.0024790633401464398,3.948368962058622,3.975857856824658,0.13803951280647758,0.1382047512657258,0.13697882482623172,0.13870883798173242,0.1387088379817323,800.0000000000005,800.0000000000005,0.00125,4.4737720472642906e-12,1.1297112062340469,5,-1.214306433183765e-17,8.673617379884035e-19,1.3322676295501878e-15,0.0011937525342349264,0.9731630409973034,1.021957369390688,0.48621089022584046,2.523304915708069e-13,0.000893167220056057,not_checked,0.001,not_checked,not_checked,,,
circle_uniform_direct_n800,33,2026591634,True,ok,0.003189777474379785,0.0042537112710291335,0.0027938406300395233,5.0995152997055255,5.225240147076264,0.0773445374157089,0.07750470049503619,0.07334213002994336,0.07793953232771322,0.07793953232771311,800.0000000000005,800.0000000000005,0.00125,3.3306690738754696e-16,1.2216701402631254,6,1.214306433183765e-17,-3.469446951953614e-18,-6.217248937900877e-15,0.002064329651066732,0.9590704679289522,1.034540975796923,0.4774955972947641,6.071532165918825e-17,0.0010000842157751322,not_checked,0.001,not_checked,not_checked,,,
circle_uniform_direct_n800,34,2026591635,True,ok,3.47495679384423e-05,0.0004665720212522731,0.00029151934780008356,0.05559886514035681,0.056837298891852656,0.972575941954805,0.9725761577104701,0.9719813621523403,0.9725832000962629,0.9725832000962629,800.0000000000005,800.0000000000005,0.00125,6.016680209608438e-13,1.0504652226939661,4,-1.676596687004428e-15,-2.642742795433417e-19,-3.469446951953614e-16,2.217805754566038e-07,0.9781366553876331,1.0217965851482418,0.4888401444450532,3.550697062759678e-14,0.0007737081032246351,not_checked,0.001,not_checked,not_checked,,,
circle_uniform_direct_n800,35,2026591636,True,ok,0.001897287257604002,0.0011351709377699338,0.0021561637882721234,3.0342303463001112,3.099811072903629,0.21854355176807372,0.21870006559741736,0.2122680244704585,0.21918704956982998,0.2191870495698298,800.0000000000005,800.0000000000005,0.00125,1.7167621491065432e-11,1.13134129441182,5,-2.168404344971009e-18,6.7220534694101275e-18,1.021405182655144e-14,0.0007146329331468859,0.9784257392920543,1.0178006234499166,0.48865755535297545,1.244147146417518e-12,0.000886749941855669,not_checked,0.001,not_checked,not_checked,,,
circle_uniform_direct_n800,36,2026591637,True,ok,0.0007808276231288567,0.0016186302379387137,0.0013746574857163131,1.2490521102897583,1.2915747276498808,0.5349999465741804,0.535072814548508,0.5242496043880809,0.5354423247177543,0.5354423247177542,800.0000000000005,800.0000000000005,0.00125,6.36238214890561e-11,1.123705705648408,5,1.0191500421363742e-17,-2.168404344971009e-19,2.220446049250313e-16,0.00013604335820660562,0.9611917091137914,1.037158060038962,0.479817923495596,5.140750238691316e-12,0.0008892510086297989,not_checked,0.001,not_checked,not_checked,,,
circle_uniform_direct_n800,37,2026591638,True,ok,0.0015709755718906842,0.0001710917231461536,0.0019184165597843019,2.5125772085731435,2.68496023451973,0.28373593471824105,0.2838756696204422,0.26119706525687,0.28456873437013613,0.28456873437013597,800.0000000000005,800.0000000000005,0.00125,2.228078832544611e-14,1.0906989143241639,5,2.168404344971009e-18,1.951563910473908e-18,5.329070518200751e-15,0.0004918532259763353,0.9344144385386177,1.0624510164191063,0.46712728420208743,6.485697395808288e-16,0.0008882088586688042,not_checked,0.001,not_checked,not_checked,,,
circle_uniform_direct_n800,38,2026591639,True,ok,0.0008676060744004722,5.362166054945164e-05,0.001469598669160559,1.3878684212372396,1.394739274001499,0.4992284750226518,0.4993037544235558,0.49789322279725,0.4995313802615541,0.49953138026155397,800.0000000000005,800.0000000000005,0.00125,8.158273861157139e-11,1.0644067133741653,4,6.979235982543242e-13,1.4094628242311558e-18,1.5543122344752192e-15,0.00015064890175831014,0.9950291621127314,1.0032355561181912,0.4974879035574444,9.082951404892903e-13,0.0007743330206722021,not_checked,0.001,not_checked,not_checked,,,
circle_uniform_direct_n800,39,2026591640,True,ok,0.0042256396397853824,0.0006104709475408406,0.003299701996819033,6.753773114993311,6.576707747471015,0.03359538559968343,0.03371772190863104,0.037315224437835214,0.034030036706173605,0.03403003670617354,800.0000000000005,800.0000000000005,0.00125,2.058665737880716e-12,1.16092820431424,5,6.938893903907228e-18,-8.673617379884035e-18,-1.5987211554602254e-14,0.003625154331652336,0.9594443966524022,1.0320562289003008,0.47942934589595376,1.0412070511334193e-13,0.0008961251005530357,not_checked,0.001,not_checked,not_checked,,,
circle_uniform_direct_n800,40,2026591641,True,ok,0.0015837883180079546,0.0003026329913823916,0.001977224844161205,2.5330458647374248,2.570605314294562,0.2810395039535244,0.2811824404309774,0.2765668660250428,0.2816667471914346,0.28166674719143436,800.0000000000005,800.0000000000005,0.00125,1.6605813946135584e-13,1.0983367694199646,5,2.6454533008646308e-17,2.168404344971009e-18,2.220446049250313e-15,0.0005077220376521474,0.9684357202624047,1.028380105287247,0.4840713214214118,6.282301068250007e-15,0.0008913332130759954,not_checked,0.001,not_checked,not_checked,,,
circle_uniform_direct_n800,41,2026591642,True,ok,0.00033214641914279747,0.001118952881319715,0.0009378380581830652,0.5313948170908611,0.501830865294557,0.7662741224897638,0.7662892634636924,0.7780881696334234,0.7666559567291954,0.7666559567291953,800.0000000000005,800.0000000000005,0.00125,5.893471648199533e-11,1.089664300344489,4,-1.860427990049013e-12,3.2526065174565133e-19,3.3306690738754696e-16,1.972676880757085e-05,0.939783457182892,1.0595882251360462,0.46936595810994736,3.214722758826394e-12,0.0007767919450998306,not_checked,0.001,not_checked,not_checked,,,
circle_uniform_direct_n800,42,2026591643,True,ok,0.00031420272874281997,0.0003461594635264132,0.0009024483515131428,0.502686241859172,0.48574369798601247,0.7774250066298396,0.77743984723672,0.7843720253959982,0.777740636109802,0.7777406361098018,800.0000000000005,800.0000000000005,0.00125,1.6312286590935976e-11,1.0598479477811502,4,-5.087934739321509e-13,-8.673617379884035e-19,-8.881784197001252e-16,1.906206467011673e-05,0.9451051454566302,1.0542776193542174,0.4723889965391974,9.94436087295436e-13,0.0007829158566892147,not_checked,0.001,not_checked,not_checked,,,
circle_uniform_direct_n800,43,2026591644,True,ok,0.0013944850706502174,0.0029000517151970637,0.0018580877196621914,2.2305144861061055,2.2542070865838553,0.3272455943087439,0.3273540082380543,0.3239702646114925,0.3277225028689233,0.327722502868923,800.0000000000005,800.0000000000005,0.00125,7.632783294297951e-16,1.1566310990492472,6,-4.336808689942018e-18,-4.336808689942018e-19,-8.881784197001252e-16,0.0003308134671218266,0.9894708417365078,1.007959552853973,0.49330049463154485,8.066464163292153e-17,0.0009979158639907837,not_checked,0.001,not_checked,not_checked,,,
circle_uniform_direct_n800,44,2026591645,True,ok,0.0011633373635368295,8.032655276937414e-05,0.0017286728154343597,1.8608006705955629,1.8142741709478265,0.39369599848218473,0.39380226518570793,0.4036782676576126,0.39428949096825083,0.3942894909682506,800.0000000000005,800.0000000000005,0.00125,1.561757745696668e-10,1.0749626728666437,4,-1.678328483134539e-12,2.8189256484623115e-18,3.774758283725532e-15,0.0002695555316827303,0.9575607064745939,1.0401183423879785,0.4787418945906191,4.930386827972644e-12,0.0007737090345472097,not_checked,0.001,not_checked,not_checked,,,
circle_uniform_direct_n800,45,2026591646,True,ok,0.0005562104033260337,0.0008114296455294014,0.0011715289548454187,0.8898085580751971,0.9026328244183328,0.64057271271656,0.6406137731888071,0.6367893223817334,0.6408445759617831,0.6408445759617829,800.0000000000005,800.0000000000005,0.00125,1.2853152570047044e-10,1.0901210922782851,4,3.378466560330362e-12,-1.0842021724855044e-19,2.220446049250313e-16,6.40436232287045e-05,0.9678756261250824,1.030993799515045,0.48354514473177235,7.156955583731417e-12,0.000779957976192236,not_checked,0.001,not_checked,not_checked,,,
circle_uniform_direct_n800,46,2026591647,True,ok,0.0019140411668228544,0.0006562488140567306,0.0021804501542724277,3.060956453534711,3.088091036354519,0.21559403114287468,0.21575708310900626,0.21351557072484345,0.21626885775987442,0.21626885775987426,800.0000000000005,800.0000000000005,0.00125,2.683950284243508e-12,1.1204976864577791,5,2.3852447794681098e-18,3.469446951953614e-18,5.329070518200751e-15,0.000754706690928808,0.969276381785988,1.0268431820292763,0.48432015112694315,1.3901358363044292e-13,0.0008862488903105259,not_checked,0.001,not_checked,not_checked,,,
circle_uniform_direct_n800,47,2026591648,True,ok,0.0018772830746860358,9.34623737876542e-05,0.0021374753272279143,3.0022446800602367,3.0921842389675778,0.2220153706606776,0.22217196821879792,0.2130790363371292,0.22272299384179473,0.22272299384179456,800.0000000000005,800.0000000000005,0.00125,2.9386215683047112e-15,1.094932892422716,5,-4.119968255444917e-18,2.3852447794681098e-18,1.7763568394002505e-15,0.0007041197187112047,0.9541786520745015,1.0420709781798652,0.4770447361390476,6.090505703937321e-17,0.000890333903953433,not_checked,0.001,not_checked,not_checked,,,
circle_uniform_direct_n800,48,2026591649,True,ok,6.022681156203939e-05,0.0004955557341006882,0.00039040383315702644,0.0963613706169573,0.09520761688178005,0.9529519217489587,0.9529526498877168,0.9535114854541612,0.9529608573564996,0.9529608573564996,800.0000000000005,800.0000000000005,0.00125,8.783538132939306e-13,1.0546822682612464,4,6.035543430055884e-15,-2.168404344971009e-19,-5.273559366969494e-16,7.639411528856388e-07,0.983443084216148,1.016433333590626,0.49147786666678533,4.519193179397529e-14,0.0008100001141428947,not_checked,0.001,not_checked,not_checked,,,
circle_uniform_direct_n800,49,2026591650,True,ok,0.0038586637432762565,0.005915845415665507,0.003206259781102743,6.1688909858726,5.801993369560294,0.04532573474201122,0.04543838403807883,0.05496840657084329,0.045641814653596104,0.04564181465359602,800.0000000000005,800.0000000000005,0.00125,9.71445146547012e-16,1.2413927449481834,6,1.691355389077387e-17,-1.734723475976807e-18,-1.7763568394002505e-15,0.002485501684707181,0.9287535415602591,1.0642271622438533,0.4616299894181541,6.765421556309548e-17,0.0010350001975893974,not_checked,0.001,not_checked,not_checked,,,
circle_uniform_direct_n800,50,2026591651,True,ok,0.0014003540620609804,0.00013247600314117934,0.0018678839777974121,2.239780346848304,2.2557744741078825,0.3254617722005798,0.32558988721353854,0.3237164705974209,0.3261873890733447,0.32618738907334444,800.0000000000005,800.0000000000005,0.00125,1.0148132334464322e-14,1.0850278842622163,5,1.1709383462843448e-17,8.673617379884035e-19,2.220446049250313e-15,0.0003930762246329156,0.9470926205883438,1.0501050024347904,0.4734835769675296,2.340792490396204e-16,0.0009142917115241289,not_checked,0.001,not_checked,not_checked,,,
circle_uniform_direct_n800,51,2026591652,True,ok,0.002285184942346081,0.00027232526327311774,0.002421092947838694,3.6541827919791823,3.568287935520913,0.16002516746631762,0.16019465912592357,0.16794076219175386,0.1607109363866614,0.16071093638666123,800.0000000000005,800.0000000000005,0.00125,1.2232576063198053e-13,1.1133128145042013,5,-6.5052130349130266e-18,-4.336808689942018e-19,-1.7763568394002505e-15,0.0010565578872745451,0.9678722685959409,1.027535014138429,0.4838043477524337,4.127449250435067e-15,0.0008993330411612988,not_checked,0.001,not_checked,not_checked,,,
circle_uniform_direct_n800,52,2026591653,True,ok,0.00015574554034937288,0.0002967153716963472,0.0006237403062942585,0.24918343613590957,0.2494431921354605,0.8828298406026218,0.8828340033238313,0.8827426273962806,0.8828531217223593,0.8828531217223592,800.0000000000005,800.0000000000005,0.00125,2.5961333777191342e-12,1.049946778228649,4,-5.080533433191037e-14,5.421010862427522e-20,-8.326672684688674e-17,4.714211543591085e-06,0.9887138787025803,1.0109791479139383,0.4942102543360758,9.597054054233389e-14,0.0007986670825630426,not_checked,0.001,not_checked,not_checked,,,
circle_uniform_direct_n800,53,2026591654,True,ok,0.0030960193154236128,0.00021540717539499088,0.0027807830019402594,4.949764807448918,4.971394569477681,0.08339048895213375,0.083552222132973,0.08326747312655144,0.08401033497092575,0.08401033497092561,800.0000000000005,800.0000000000005,0.00125,4.7911327683003435e-14,1.1273604346009243,5,-1.3010426069826053e-18,0.0,0.0,0.0019330486144326642,0.9649008805473729,1.0288880699557523,0.4823465168521388,1.6158949178723958e-15,0.0009226668626070023,not_checked,0.001,not_checked,not_checked,,,
circle_uniform_direct_n800,54,2026591655,True,ok,0.002009141662667748,0.003153696953894251,0.0022810276838140134,3.2128407287736596,3.1092465426096734,0.19967770849477293,0.19985635050354833,0.2112689587298827,0.20042536816481343,0.20042536816481318,800.0000000000005,800.0000000000005,0.00125,3.3306690738754696e-16,1.187226396049345,6,1.734723475976807e-18,-2.168404344971009e-18,-3.9968028886505635e-15,0.0008929657473693009,0.9511696331903513,1.0446154800135161,0.47408508969741503,4.336808689942018e-17,0.0010354998521506786,not_checked,0.001,not_checked,not_checked,,,
circle_uniform_direct_n800,55,2026591656,True,ok,0.00026968556784270187,0.0008886645219927938,0.0008297228728742497,0.4314663828549873,0.4239571220412092,0.805614038551981,0.805626355155113,0.808982041129896,0.805938006638513,0.8059380066385129,800.0000000000005,800.0000000000005,0.00125,2.8207684452108417e-11,1.08223472385164,4,5.23979514291395e-13,-7.589415207398531e-19,-1.1657341758564144e-15,1.526284666797384e-05,0.9401655351517154,1.0592817284558576,0.46966500692810664,1.2200956391039686e-12,0.0007989171426743269,not_checked,0.001,not_checked,not_checked,,,
circle_uniform_direct_n800,56,2026591657,True,ok,0.0003257054084277605,0.0008172753587265844,0.0008832569330206244,0.5210898362917511,0.544446906741072,0.7703294530274775,0.7703444230569714,0.7616840412061514,0.7706165835273282,0.7706165835273282,800.0000000000005,800.0000000000005,0.00125,4.12650885683874e-11,1.079492512506628,4,-1.4136823222460349e-12,7.047314121155779e-19,5.551115123125783e-16,1.940859633298153e-05,0.9490286891390467,1.0503485992701413,0.4741265306732557,2.5751683771502165e-12,0.0007980831433087587,not_checked,0.001,not_checked,not_checked,,,
circle_uniform_direct_n800,57,2026591658,True,ok,0.0031814720293208507,1.5997015006494382e-05,0.002782017936418718,5.086305851073673,5.24593323228782,0.07787714984340091,0.07803525769453537,0.07258720472481708,0.07845911456381437,0.07845911456381423,800.0000000000005,800.0000000000005,0.00125,4.451734120225481e-16,1.120138495216529,5,-1.8214596497756474e-17,-5.204170427930421e-18,-8.881784197001252e-15,0.0020246979198454973,0.9533766597893635,1.0402655796411724,0.47668070430678783,2.3418766925686896e-17,0.0008926261216402054,not_checked,0.001,not_checked,not_checked,,,
circle_uniform_direct_n800,58,2026591659,True,ok,0.0019532250768640397,9.868982816680846e-05,0.0022237475846613214,3.123640145199115,3.090672304710133,0.2089311398406935,0.20909026377748063,0.21324017798564035,0.20959460602263338,0.20959460602263327,800.0000000000005,800.0000000000005,0.00125,3.554448402276478e-15,1.0965958724900764,5,-8.673617379884035e-19,0.0,-1.3322676295501878e-15,0.0007599888916751674,0.9714749578288511,1.0246288299822066,0.4856895417425778,7.060866648311848e-17,0.000895082950592041,not_checked,0.001,not_checked,not_checked,,,
circle_uniform_direct_n800,59,2026591660,True,ok,0.0015760249193603646,0.0007431527476524263,0.0019520716522815958,2.520618789436584,2.6118177029971203,0.2827164117743476,0.2828609787483114,0.27092619144258856,0.2834215438204707,0.28342154382047047,800.0000000000005,800.0000000000005,0.00125,4.191820501819876e-12,1.1153717647739678,5,-1.0842021724855044e-18,1.951563910473908e-18,1.7763568394002505e-15,0.0005105407700005671,0.9532673999098766,1.04354039550257,0.47627948088838645,2.2860944907943104e-13,0.000901500228792429,not_checked,0.001,not_checked,not_checked,,,
circle_uniform_direct_n800,60,2026591661,True,ok,0.0013246517684997914,0.0008930209344189999,0.001789390855834195,2.1187064001719893,2.1952042259963127,0.34589157856255115,0.34601912988624206,0.3336702286897485,0.3465523412367439,0.3465523412367436,800.0000000000005,800.0000000000005,0.00125,7.89975376780383e-12,1.1154753234506694,5,7.15573433840433e-18,0.0,4.440892098500626e-16,0.0003682147138390768,0.9552685406794142,1.042020052086896,0.47720772805457545,4.766107213755033e-13,0.0009125000797212124,not_checked,0.001,not_checked,not_checked,,,
circle_uniform_direct_n800,61,2026591662,True,ok,0.00502400189007609,0.0036470310953576985,0.003547971476756275,8.0281275527748,8.054620417403594,0.017659403836956744,0.017750620968371135,0.017822203547825,0.017967305890254772,0.01796730589025474,800.0000000000005,800.0000000000005,0.00125,3.2127078775090467e-15,1.2381121473147552,6,1.951563910473908e-16,-9.540979117872439e-18,-1.5987211554602254e-14,0.0051377356734745305,0.9564351270580894,1.0334810582390148,0.47647351951607564,4.440892098500626e-16,0.0010108761489391327,not_checked,0.001,not_checked,not_checked,,,
circle_uniform_direct_n800,62,2026591663,True,ok,0.00039507510406440157,0.0011365080481872823,0.0010130203713111937,0.6320508117647876,0.6090405617102104,0.7286877481777931,0.7287130487719111,0.7374770714173071,0.7290156472212304,0.7290156472212301,800.0000000000005,800.0000000000005,0.00125,6.981710001796593e-11,1.0966844409546723,4,3.594575049940818e-12,2.168404344971009e-19,8.881784197001252e-16,3.467736912760033e-05,0.9507469026630494,1.048419848747121,0.474833192645216,7.906948533420444e-12,0.0007885408122092485,not_checked,0.001,not_checked,not_checked,,,
circle_uniform_direct_n800,63,2026591664,True,ok,0.0014570793903681827,0.0010996614346201372,0.0019171338266423363,2.330502656962609,2.3203358528014406,0.31093081362294883,0.3110591468376823,0.3134335426963684,0.31171576615800917,0.31171576615800906,800.0000000000005,800.0000000000005,0.00125,1.557719925271428e-11,1.119711009187157,5,-1.734723475976807e-18,-1.0842021724855044e-18,-4.440892098500626e-16,0.00041218381324248377,0.9395671880989573,1.0575657358453605,0.4692669682616393,1.0956431074904405e-12,0.0008901660330593586,not_checked,0.001,not_checked,not_checked,,,
circle_uniform_direct_n800,64,2026591665,True,ok,0.0009931995515809712,0.0011304279024444645,0.0015679794660119722,1.5887471702344858,1.6058148078784489,0.4514186108262827,0.45150269010372024,0.44802448056614663,0.4517801364548525,0.45178013645485227,800.0000000000005,800.0000000000005,0.00125,1.784389996872804e-11,1.1089824903232453,5,3.0357660829594124e-18,4.336808689942018e-19,2.220446049250313e-15,0.00018605614753453015,0.9871120091974929,1.010960681120201,0.49299808201550827,1.2234692425838745e-12,0.0008984997402876616,not_checked,0.001,not_checked,not_checked,,,
circle_uniform_direct_n800,65,2026591666,True,ok,0.001456421415574654,0.0014353278144261196,0.0018932201111124037,2.329474760946296,2.3690105804483492,0.3113480847764857,0.31147274524516655,0.30589747254261934,0.3118798902435261,0.311879890243526,800.0000000000005,800.0000000000005,0.00125,3.9101985538358974e-11,1.1275013453907736,5,1.3010426069826053e-18,4.7704895589362195e-18,5.329070518200751e-15,0.00039975198657571376,0.9830506799716094,1.014124839181545,0.49081982032920285,3.1791565907601793e-12,0.0008932922501116991,not_checked,0.001,not_checked,not_checked,,,
circle_uniform_direct_n800,66,2026591667,True,ok,0.0007388275985128218,0.0008320698398215313,0.0013490634240874524,1.1819029143128938,1.2005846142630465,0.5534242677645989,0.553485545123231,0.5486512379828312,0.5537388580045363,0.553738858004536,800.0000000000005,800.0000000000005,0.00125,6.106677663542115e-12,1.0958069268213617,5,-2.2768245622195593e-18,-1.1926223897340549e-18,-1.5543122344752192e-15,0.00011062165381092726,0.9744162519175174,1.0240975774581333,0.48680274659729306,3.5923304261831213e-13,0.0008968331385403872,not_checked,0.001,not_checked,not_checked,,,
circle_uniform_direct_n800,67,2026591668,True,ok,0.0003866999287467644,4.8838563158589134e-05,0.0009675137521619688,0.6186602838301807,0.6392631373600924,0.7337099490797008,0.7337318325565196,0.726416622412286,0.7339165543534014,0.7339165543534012,800.0000000000005,800.0000000000005,0.00125,9.64655785806734e-12,1.0445900444343164,4,-8.105950806414075e-14,-6.505213034913027e-19,-5.551115123125783e-16,2.980108232136791e-05,0.964435389332673,1.0347927071028356,0.48219414382205206,1.82950442989549e-13,0.0007735840044915676,not_checked,0.001,not_checked,not_checked,,,
circle_uniform_direct_n800,68,2026591669,True,ok,0.0017568667684588492,0.00028839476417565643,0.0021000371660967756,2.8097450192271185,2.804086391710574,0.24460251801819172,0.2447546860378692,0.24609363242449217,0.2452460185873084,0.24524601858730835,800.0000000000005,800.0000000000005,0.00125,1.5065032554772984e-13,1.1013059881477094,5,-5.421010862427522e-18,4.336808689942018e-19,-4.440892098500626e-16,0.0006209051535208676,0.9715920140637281,1.024886747732216,0.48565590695253735,5.180209559918492e-15,0.0008897080551832914,not_checked,0.001,not_checked,not_checked,,,
circle_uniform_direct_n800,69,2026591670,True,ok,0.0012165730034062706,0.0008398238208938613,0.0017213831350620056,1.9459522766940651,2.0009445623488284,0.3772704645376311,0.3773770981978858,0.3677057396581291,0.37784984311308206,0.3778498431130819,800.0000000000005,800.0000000000005,0.00125,5.951100723322611e-12,1.1051634812672055,5,-2.3852447794681098e-18,-2.8189256484623115e-18,-4.6629367034256575e-15,0.0002822643779845091,0.9599750541751076,1.0376507221547655,0.47958441207371993,3.7282741997823887e-13,0.0008931253105401993,not_checked,0.001,not_checked,not_checked,,,
circle_uniform_direct_n800,70,2026591671,True,ok,0.0036483249323002384,0.0037524393657602656,0.0030366595708086392,5.832085836014425,5.78537479518823,0.05346280463887344,0.05360332182010687,0.055427057740409465,0.05400600980959364,0.05400600980959357,800.0000000000005,800.0000000000005,0.00125,7.91033905045424e-16,1.216700673592529,6,1.5612511283791264e-17,9.540979117872439e-18,1.5987211554602254e-14,0.0026170278329797902,0.9712476990858464,1.0215539186005458,0.4838015455852562,5.0306980803327406e-17,0.0010022500064224005,not_checked,0.001,not_checked,not_checked,,,
circle_uniform_direct_n800,71,2026591672,True,ok,0.0004743305544689185,0.0008930289457398841,0.0010974745102774932,0.7588334407115604,0.7473903969207377,0.6840746878791784,0.684107353378719,0.688186640212079,0.6842277536740857,0.6842277536740855,800.0000000000005,800.0000000000005,0.00125,1.0336436394309256e-10,1.090771113080108,4,3.4738672984209462e-12,-1.3010426069826053e-18,-1.6653345369377348e-15,4.772321935481161e-05,0.9837119868197088,1.015311871073565,0.49141675237010735,7.429095099514837e-12,0.0007751248776912689,not_checked,0.001,not_checked,not_checked,,,
circle_uniform_direct_n800,72,2026591673,True,ok,0.0012802921353412466,0.00020915613309515745,0.0018148429042710958,2.0478053511043104,1.9960208787489628,0.358337251976128,0.35845604108300133,0.36861208820370595,0.35907151353916533,0.35907151353916517,800.0000000000005,800.0000000000005,0.00125,4.9384107914107744e-14,1.0861551438485604,5,-3.903127820947816e-18,4.336808689942018e-19,1.3322676295501878e-15,0.0003310327208425612,0.9447942797942056,1.0526340890710897,0.47229833456162,1.4371099796295361e-15,0.0008986250031739473,not_checked,0.001,not_checked,not_checked,,,
circle_uniform_direct_n800,73,2026591674,True,ok,5.448218063541267e-05,0.003991683582826526,0.0003705033679151127,0.08716991142144162,0.08652857444526953,0.9573392812236594,0.9573400365698285,0.9576582597772436,0.9573504630268364,0.9573504630268364,800.0000000000005,800.0000000000005,0.00125,5.052361740781608e-12,1.1448885023567246,5,2.8324442943004902e-14,1.4026865606531214e-18,2.220446049250313e-15,7.887976093551297e-07,0.9795344203606156,1.0203369752041933,0.4878119426118142,2.257170145236742e-13,0.0008845420088618994,not_checked,0.001,not_checked,not_checked,,,
circle_uniform_direct_n800,74,2026591675,True,ok,0.0010079429913397572,0.0014304096533225901,0.0015628281382797642,1.6123310101203838,1.6656710590113746,0.4459732173873002,0.4460575583045657,0.43481460701629526,0.44648280364877724,0.44648280364877724,800.0000000000005,800.0000000000005,0.00125,4.115692509021329e-11,1.1175133967266877,5,1.5178830414797062e-18,4.336808689942018e-19,1.3322676295501878e-15,0.00018888801161431878,0.9604954473792939,1.0375624704514324,0.47956073871607674,3.1358526886293703e-12,0.0008922920096665621,not_checked,0.001,not_checked,not_checked,,,
circle_uniform_direct_n800,75,2026591676,True,ok,0.0007619960750561503,0.00031542782053845214,0.0013873956489457231,1.2189560106012678,1.2071276048188244,0.5432961305935387,0.5433607595637073,0.5468592608691416,0.5435699596785718,0.5435699596785717,800.0000000000005,800.0000000000005,0.00125,1.5065150169024655e-10,1.076607128766128,4,5.731840132736088e-12,0.0,-4.440892098500626e-16,0.00011885474428674492,0.9866102788335763,1.0118486592667897,0.49314953911158427,1.1175529685686358e-11,0.0007712088990956545,not_checked,0.001,not_checked,not_checked,,,
circle_uniform_direct_n800,76,2026591677,True,ok,0.0004900151206016943,0.0012690752759576714,0.001109636994857285,0.7839194214884581,0.781024959596124,0.6754571121662536,0.6754925259526785,0.6767099854222592,0.6756959403678457,0.6756959403678456,800.0000000000005,800.0000000000005,0.00125,1.5830136507188897e-10,1.103816655315205,4,5.718211603007728e-12,-1.0842021724855044e-18,-6.661338147750939e-16,5.238573712668115e-05,0.9683662145602951,1.0306109546575093,0.4835686749982452,1.2657192568349407e-11,0.0007735411636531353,not_checked,0.001,not_checked,not_checked,,,
circle_uniform_direct_n800,77,2026591678,True,ok,0.0004632541440909288,0.00025648968376284814,0.0010663325847634405,0.7411188762142374,0.7553055001166766,0.6901410364731693,0.690171337954312,0.6854684882354447,0.6903177257509553,0.6903177257509551,800.0000000000005,800.0000000000005,0.00125,3.838140742729035e-11,1.0628357711731546,4,1.193901151986393e-12,1.2468324983583301e-18,2.55351295663786e-15,4.387716562453958e-05,0.976187812652817,1.022875841922268,0.487968715220093,2.3612234129749554e-12,0.0007752079982310534,not_checked,0.001,not_checked,not_checked,,,
circle_uniform_direct_n800,78,2026591679,True,ok,0.0013413129555230126,0.0011526013006751957,0.0018635287685316978,2.1453913789977923,2.0743595811872324,0.3413434916147645,0.3414647331987878,0.35445290511511757,0.34196381062024267,0.3419638106202425,800.0000000000005,800.0000000000005,0.00125,1.9454722555156678e-11,1.119751040148064,5,8.673617379884035e-19,1.5178830414797062e-18,2.220446049250313e-15,0.00035467491951446384,0.9592634061253937,1.038077551291004,0.4790788525543304,1.3222803928181204e-12,0.0008885841816663742,not_checked,0.001,not_checked,not_checked,,,
circle_uniform_direct_n800,79,2026591680,True,ok,0.0006956643490781814,9.083233360819218e-05,0.001321382749971946,1.1128683583546715,1.1099883392615368,0.5728727571410952,0.5729285498847418,0.5740756082594417,0.573193754312455,0.5731937543124549,800.0000000000005,800.0000000000005,0.00125,6.238352369403177e-11,1.0610612481953978,4,1.11915240529753e-12,7.589415207398531e-19,8.881784197001252e-16,9.730008520969502e-05,0.9700840993236458,1.0285213038982388,0.4849979919977374,2.0155988423448123e-12,0.0007753751706331968,not_checked,0.001,not_checked,not_checked,,,
circle_uniform_direct_n800,80,2026591681,True,ok,0.0005054419477785112,0.0008136969350247486,0.0011234433546713257,0.808603495570968,0.8101415035784909,0.667232576731396,0.6672671684848539,0.6669296227250631,0.6674081119239251,0.6674081119239248,800.0000000000005,800.0000000000005,0.00125,1.0441652750770025e-10,1.087862326458819,4,1.1658903009692523e-12,6.505213034913027e-19,2.220446049250313e-16,5.181043732516155e-05,0.9806515518839751,1.0183315340099375,0.4899267955292177,2.6669972653936558e-12,0.000779041787609458,not_checked,0.001,not_checked,not_checked,,,
circle_uniform_direct_n800,81,2026591682,True,ok,0.0026643773507874675,0.003911391275682942,0.0026358030908664484,4.260275601431436,4.094555021857017,0.11802214319340537,0.11818345161078472,0.12908586047731688,0.11865894838298087,0.11865894838298069,800.0000000000005,800.0000000000005,0.00125,6.938893903907228e-16,1.2031386050849022,6,4.336808689942018e-18,-9.540979117872439e-18,-1.509903313490213e-14,0.0013640799142571325,0.9493690419833696,1.0454346859204555,0.47282754754978285,8.847089727481716e-17,0.001000415999442339,not_checked,0.001,not_checked,not_checked,,,
circle_uniform_direct_n800,82,2026591683,True,ok,0.003041888170562233,0.0011662072071639837,0.002802831149288744,4.863438730642315,4.720314076574928,0.08712635303383878,0.08728284942401093,0.09440539677033838,0.08772831791550112,0.08772831791550102,800.0000000000005,800.0000000000005,0.00125,1.486147316320796e-11,1.1499566808454382,5,1.7780915628762273e-17,-2.168404344971009e-18,-3.552713678800501e-15,0.0017911711286302534,0.9583025540548966,1.035722904128599,0.4785924826772385,1.3858471661909455e-12,0.0008903341367840767,not_checked,0.001,not_checked,not_checked,,,
circle_uniform_direct_n800,83,2026591684,True,ok,0.0002559714164555389,0.0007409546803231225,0.0007872583376886875,0.4095302025602237,0.4229300438784895,0.8147115834233813,0.8147213923775087,0.8093975917157351,0.8148288945140448,0.8148288945140447,800.0000000000005,800.0000000000005,0.00125,2.2931467488773727e-11,1.0741417920347347,4,-6.607501004673999e-13,8.673617379884035e-19,7.216449660063518e-16,1.2031884319391173e-05,0.967833602417352,1.0316761852985301,0.483558232528636,1.1929723701953332e-12,0.0007759579457342625,not_checked,0.001,not_checked,not_checked,,,
circle_uniform_direct_n800,84,2026591685,True,ok,0.0010710221127679773,0.00038433872022289404,0.0016701674810374882,1.7131865722575041,1.6462723286830852,0.42391056287024764,0.42400581559129047,0.4390525521324442,0.4245108601293588,0.42451086012935857,800.0000000000005,800.0000000000005,0.00125,3.590114316942561e-13,1.085930355597034,5,3.0357660829594124e-18,-1.734723475976807e-18,-3.9968028886505635e-15,0.00022440408563029202,0.9534983998235517,1.044384373429357,0.4765659696409251,1.6365598112799695e-14,0.0008904591668397188,not_checked,0.001,not_checked,not_checked,,,
circle_uniform_direct_n800,85,2026591686,True,ok,0.0011236652625266214,0.003071745203441386,0.0016746871329632535,1.7972634897600166,1.8022509991593534,0.4065484567045499,0.4066707789469033,0.4061123231737863,0.40700402261180446,0.40700402261180424,800.0000000000005,800.0000000000005,0.00125,1.942890293094024e-16,1.1683631616036303,6,2.6020852139652106e-18,8.673617379884035e-19,2.886579864025407e-15,0.0003004651412893411,0.9902987531396942,1.0072521972289774,0.49362839672851266,1.214306433183765e-17,0.001003042096272111,not_checked,0.001,not_checked,not_checked,,,
circle_uniform_direct_n800,86,2026591687,True,ok,0.0022700150919381587,0.0023464052286870877,0.0023305643841610452,3.6297976754305945,3.800816580193264,0.16195153941632184,0.16213220784073223,0.14950756430154752,0.16267318781881906,0.1626731878188189,800.0000000000005,800.0000000000005,0.00125,3.5388358909926865e-16,1.1747473749507924,6,6.071532165918825e-18,2.6020852139652106e-18,6.661338147750939e-15,0.0011132358352308191,0.9531011426858719,1.0421920579946236,0.4754323412638296,3.122502256758253e-17,0.0010007501114159822,not_checked,0.001,not_checked,not_checked,,,
circle_uniform_direct_n800,87,2026591688,True,ok,0.0030715272631167464,0.00018392404677644575,0.002748138250867222,4.9106894311265625,5.004841137674138,0.08503619063084017,0.08519641693270005,0.08188654651463138,0.08567263546500707,0.0856726354650069,800.0000000000005,800.0000000000005,0.00125,3.1665642330480637e-14,1.1234843901545335,5,2.168404344971009e-18,4.336808689942018e-19,-1.7763568394002505e-15,0.001877094930117451,0.9795940973262823,1.0142850404604824,0.4897069631672805,8.612359957138604e-16,0.0008910831529647112,not_checked,0.001,not_checked,not_checked,,,
circle_uniform_direct_n800,88,2026591689,True,ok,0.00036368948722242164,0.0018096944008410745,0.0009484034886360447,0.5818412365469493,0.5893065666321717,0.7472992054208349,0.7473223746233331,0.7447897737451437,0.7475518662939934,0.7475518662939933,800.0000000000005,800.0000000000005,0.00125,1.1298495992961843e-10,1.1150231401766657,4,4.328241649635689e-12,-3.2526065174565133e-19,0.0,3.097150446279562e-05,0.9572846734958091,1.0419257607339694,0.4777760784613377,1.0305723288639435e-11,0.0007767919450998306,not_checked,0.001,not_checked,not_checked,,,
circle_uniform_direct_n800,89,2026591690,True,ok,0.0010932355417098407,0.0018769884109450345,0.001652621070930078,1.7487111825213952,1.7522229618434249,0.4165843862600681,0.41668150388476377,0.4163989428948276,0.4170336214863761,0.417033621486376,800.0000000000005,800.0000000000005,0.00125,8.036735860139643e-11,1.133111323063272,5,6.505213034913027e-19,4.336808689942018e-19,-1.3322676295501878e-15,0.00023284210717544607,0.9755742153546669,1.022270937329338,0.48687150192466533,9.293529921322596e-12,0.0008885841816663742,not_checked,0.001,not_checked,not_checked,,,
circle_uniform_direct_n800,90,2026591691,True,ok,0.0004724563362894312,0.000514539093995466,0.001111002861304532,0.7558371019789227,0.7235546859857289,0.6849125727670604,0.6849444701286702,0.6964374172506939,0.6852544368489282,0.6852544368489281,800.0000000000005,800.0000000000005,0.00125,6.122834184107973e-11,1.0760443465599503,4,2.365936873499619e-12,2.168404344971009e-19,0.0,4.651804208383181e-05,0.9541135602784958,1.0449224588280361,0.47681131886642525,4.831436032498582e-12,0.0007799998857080936,not_checked,0.001,not_checked,not_checked,,,
circle_uniform_direct_n800,91,2026591692,True,ok,0.0008582749198340086,3.4576856994403464e-05,0.0014603979704200464,1.3729451785186355,1.382305139831479,0.5029635636334853,0.5030377441627316,0.5009983006016301,0.5032742967894512,0.5032742967894511,800.0000000000005,800.0000000000005,0.00125,5.917772608748928e-11,1.0627792586248235,4,4.770117677591057e-13,-1.1926223897340549e-18,-2.886579864025407e-15,0.00014734660788950915,0.988025483535093,1.0102583193656578,0.49399566037224496,5.067001505876245e-13,0.0007706258911639452,not_checked,0.001,not_checked,not_checked,,,
circle_uniform_direct_n800,92,2026591693,True,ok,0.0003506638250568185,0.00014749335868619073,0.0009497558208809738,0.5610121793287204,0.5453647293801693,0.7552305879328682,0.7552494589635574,0.7613345759706317,0.7553824814636392,0.7553824814636391,800.0000000000005,800.0000000000005,0.00125,1.4669480907780752e-11,1.0512020756759033,4,3.548716225390547e-13,-5.421010862427522e-19,-4.440892098500626e-16,2.4970381094779892e-05,0.9705915678620621,1.028701843929485,0.48522420639280706,6.970121094879156e-13,0.0007746659684926271,not_checked,0.001,not_checked,not_checked,,,
circle_uniform_direct_n800,93,2026591694,True,ok,0.005899096802142285,0.0008557484346960579,0.0038178412546041878,9.424301330975739,9.58039988857841,0.008683930238550935,0.008746367538107602,0.00831079551968581,0.008921622612397966,0.008921622612397942,800.0000000000005,800.0000000000005,0.00125,6.540067098992353e-12,1.1949207259616705,5,1.960237527853792e-16,-8.673617379884035e-18,-1.4210854715202004e-14,0.007126776225961251,0.9744408011665716,1.0136494722744251,0.4868034506546196,4.01876448785643e-13,0.0008899159729480743,not_checked,0.001,not_checked,not_checked,,,
circle_uniform_direct_n800,94,2026591695,True,ok,0.002390417057891319,0.0004646740415434543,0.0024052844946376288,3.8223359552814955,3.955867228822104,0.14704736966083676,0.14721920534698252,0.13835483657062186,0.147735222249644,0.1477352222496439,800.0000000000005,800.0000000000005,0.00125,7.039334393166286e-13,1.123410712505628,5,1.3010426069826053e-17,-1.3010426069826053e-18,-1.7763568394002505e-15,0.0011656686723084952,0.9643343774968868,1.0308424291213332,0.4819431338807726,3.4952943317456686e-14,0.0008975421078503132,not_checked,0.001,not_checked,not_checked,,,
circle_uniform_direct_n800,95,2026591696,True,ok,0.00024717758503555246,0.0018338680380063452,0.0007795520692063924,0.3954653174787077,0.4025902747894797,0.8204569828235835,0.8204647082355654,0.8176710706287545,0.8205814800429567,0.8205814800429566,800.0000000000005,800.0000000000005,0.00125,8.582884403196545e-11,1.1056048619747438,4,-1.6923228226758957e-12,-2.168404344971009e-19,-3.3306690738754696e-16,9.40928908821359e-06,0.9649275851212128,1.034634087467252,0.4815789808878282,8.468917407633558e-12,0.0007766671478748322,not_checked,0.001,not_checked,not_checked,,,
circle_uniform_direct_n800,96,2026591697,True,ok,0.0007074147635763761,0.0010770839848805135,0.0013404692839400986,1.1316560551843668,1.1148833718068893,0.567523760193672,0.5675827135373139,0.572672266917406,0.5678307892686056,0.5678307892686056,800.0000000000005,800.0000000000005,0.00125,1.36818924245663e-11,1.1036860612818278,5,-3.2526065174565133e-19,-2.168404344971009e-19,4.440892098500626e-16,0.00010378326891780087,0.973686531332215,1.0248738331419867,0.4863188993066215,1.0084316194591825e-12,0.00089216697961092,not_checked,0.001,not_checked,not_checked,,,
circle_uniform_direct_n800,97,2026591698,True,ok,0.002221227446958388,0.0002579908545260605,0.002343391594091711,3.5520105244637756,3.600629083008588,0.16846827011480253,0.16863319501209506,0.1652469030368049,0.16914787315319146,0.16914787315319132,800.0000000000005,800.0000000000005,0.00125,1.0205031264476361e-13,1.1085288611017965,5,-6.938893903907228e-18,-8.673617379884035e-19,-1.3322676295501878e-15,0.0009766953348235852,0.9668170507565604,1.0287671391914333,0.483283809614053,3.3154902434606726e-15,0.0008907080627977848,not_checked,0.001,not_checked,not_checked,,,
circle_uniform_direct_n800,98,2026591699,True,ok,0.0010252236560898877,0.0007279350973290336,0.0015985443188466144,1.639942856806639,1.649788794023302,0.4397459537729326,0.4398373202309056,0.43828127383343496,0.4403528573782248,0.4403528573782245,800.0000000000005,800.0000000000005,0.00125,3.867430681259165e-12,1.0987515243778656,5,3.903127820947816e-18,1.734723475976807e-18,2.886579864025407e-15,0.00020749646859119508,0.9516454072143106,1.0463192038407538,0.4754763423655295,2.1045079741377481e-13,0.0008904160931706429,not_checked,0.001,not_checked,not_checked,,,
circle_uniform_direct_n800,99,2026591700,True,ok,0.0005125965843353567,0.0005964408063712252,0.0011274544838683468,0.8200438296313233,0.8270027783747317,0.6634489905473537,0.663485735233422,0.6613306156676628,0.6635989735426964,0.6635989735426961,800.0000000000005,800.0000000000005,0.00125,8.297768722131948e-11,1.0812152531661146,4,3.8132042011820855e-12,8.673617379884035e-19,1.1102230246251565e-15,5.535265262396338e-05,0.9915728861224107,1.007374940778803,0.49549072868883975,7.822405050095238e-12,0.0007772487588226795,not_checked,0.001,not_checked,not_checked,,,
circle_uniform_direct_n800,100,2026591701,True,ok,0.001174751275565994,0.00041608129316705476,0.0017033961929230662,1.879041688726436,1.904558557891066,0.39020656957717315,0.39031604309489143,0.3858605366011265,0.3907055700418759,0.3907055700418757,800.0000000000005,800.0000000000005,0.00125,5.414106662993134e-13,1.092655897595582,5,-1.0842021724855044e-18,-1.0842021724855044e-18,-1.1102230246251565e-15,0.00028017608957764395,0.9731158959383994,1.024518256036547,0.48635550378071224,2.2462392189337432e-14,0.000887958100065589,not_checked,0.001,not_checked,not_checked,,,
circle_uniform_direct_n800,101,2026591702,True,ok,0.0012318038820935146,2.9930753334284e-05,0.001758280206352212,1.9702802213291477,1.9661045690819814,0.3727394992572389,0.37285259439390717,0.37416728909075775,0.37327379055161547,0.3732737905516152,800.0000000000005,800.0000000000005,0.00125,1.3357363218974294e-10,1.074353743086335,4,3.115619741367315e-13,-1.3010426069826053e-18,-1.3322676295501878e-15,0.0003029950102384493,0.9692461686044792,1.0282930577111022,0.48460857917595457,1.2010557479125161e-12,0.0007765830960124731,not_checked,0.001,not_checked,not_checked,,,
circle_uniform_direct_n800,102,2026591703,True,ok,0.002144746958120297,0.002986587389505582,0.0023074488724600323,3.4298642388820655,3.459566421237455,0.17917716222273283,0.17933261118993604,0.17732284751369956,0.17982024490228857,0.1798202449022884,800.0000000000005,800.0000000000005,0.00125,5.412337245047638e-16,1.1757524110832482,6,1.3444106938820255e-17,-2.168404344971009e-18,-2.220446049250313e-15,0.0008654470552058591,0.985375335493526,1.0104794235145422,0.491216121683035,6.765421556309548e-17,0.001003124052658677,not_checked,0.001,not_checked,not_checked,,,
circle_uniform_direct_n800,103,2026591704,True,ok,0.00011840977637013819,0.0015116785006621296,0.000535411175958353,0.18944885681577894,0.1957161612808182,0.9095556506924849,0.9095587387626909,0.9067775839166026,0.9096204802836079,0.9096204802836078,800.0000000000005,800.0000000000005,0.00125,4.6375410456267474e-11,1.0950282608267479,4,1.8051204519857478e-13,-2.168404344971009e-19,4.163336342344337e-16,3.3926882211376963e-06,0.9637544604102668,1.035984914944558,0.4811487605128988,3.911274516071872e-12,0.0007779579609632492,not_checked,0.001,not_checked,not_checked,,,
circle_uniform_direct_n800,104,2026591705,True,ok,0.001293620249595903,0.0010175418249021221,0.001755935800902957,2.0690850947991484,2.1746102364097317,0.3544979324236345,0.3546234829987416,0.3371237793795804,0.3552632554518889,0.3552632554518888,800.0000000000005,800.0000000000005,0.00125,1.1996376114709051e-11,1.1188955783626824,5,2.168404344971009e-18,1.734723475976807e-18,3.552713678800501e-15,0.000353652277148786,0.9428502632867005,1.054493194682737,0.4709454165440171,8.032858232753792e-13,0.0008902500849217176,not_checked,0.001,not_checked,not_checked,,,
circle_uniform_direct_n800,105,2026591706,True,ok,0.001489887503591513,8.897173200666107e-05,0.001983820100149502,2.382934566795354,2.259599814188271,0.30280957127261676,0.3029438075495491,0.3230978995523215,0.3036407551415825,0.30364075514158234,800.0000000000005,800.0000000000005,0.00125,2.7287200277115176e-15,1.0846983979337672,5,-4.553649124439119e-18,2.3852447794681098e-18,3.1086244689504383e-15,0.0004427194755340924,0.9352246394443081,1.0618012072522112,0.46757071535890393,5.15267082473736e-17,0.0008875001221895218,not_checked,0.001,not_checked,not_checked,,,
circle_uniform_direct_n800,106,2026591707,True,ok,0.001846192606247828,0.0008031214756098852,0.00211188997966896,2.9524979813161867,3.0627216017643524,0.22761033988201068,0.22777110626550645,0.2162412057860955,0.22833211047226962,0.22833211047226934,800.0000000000005,800.0000000000005,0.00125,5.4435032870170375e-12,1.123980510745651,5,3.0357660829594124e-18,-2.8189256484623115e-18,-3.552713678800501e-15,0.000705094340169854,0.9530943176689541,1.043155201899806,0.47616443607342007,3.1180440174249924e-13,0.0008892079349607229,not_checked,0.001,not_checked,not_checked,,,
circle_uniform_direct_n800,107,2026591708,True,ok,0.0033744364832541517,0.0029082095020531128,0.002889434874772317,5.394470777281578,5.476451089227146,0.0666895653509908,0.06684429565729047,0.06468502580923599,0.06723581671542937,0.06723581671542928,800.0000000000005,800.0000000000005,0.00125,3.937822290467352e-16,1.2000879601049146,6,9.107298248878237e-18,4.336808689942018e-18,5.329070518200751e-15,0.0023137979625338367,0.9507507052783791,1.0424753064528762,0.47399286385040795,2.0816681711721685e-17,0.0010003750212490559,not_checked,0.001,not_checked,not_checked,,,
circle_uniform_direct_n800,108,2026591709,True,ok,0.001989128116600088,0.0004604645005731403,0.0021822472981918206,3.18099206093433,3.3267394100034635,0.20295198831917988,0.20311597070804233,0.1894993461234047,0.20366017289897112,0.20366017289897098,800.0000000000005,800.0000000000005,0.00125,7.729164530623223e-13,1.1145156353027454,5,6.071532165918825e-18,5.637851296924623e-18,9.769962616701378e-15,0.0008064628129063056,0.9560830120861873,1.0399047320662749,0.4778213829232674,3.370188243062566e-14,0.0008961260318756104,not_checked,0.001,not_checked,not_checked,,,
circle_uniform_direct_n800,109,2026591710,True,ok,0.0010238559303972676,0.0002009094781013173,0.0015834124524905075,1.6377491027080042,1.6736183115968737,0.4403966821324705,0.44048936044241827,0.43309024451639866,0.4408349466099424,0.44083494660994205,800.0000000000005,800.0000000000005,0.00125,1.8895525595585827e-10,1.0778444027983705,4,2.601012721176188e-12,-2.168404344971009e-19,-2.220446049250313e-16,0.0002101929638124167,0.9737311853671212,1.0242194205807058,0.4867677772273662,4.092084310292066e-12,0.0007734582759439945,not_checked,0.001,not_checked,not_checked,,,
circle_uniform_direct_n800,110,2026591711,True,ok,0.0006225962753452045,0.0005047456185126751,0.0012580827448887791,0.9959951197211753,0.9805512821759695,0.6073963937590086,0.6074447018948885,0.6124575524495236,0.6076981280223296,0.6076981280223295,800.0000000000005,800.0000000000005,0.00125,1.0992519047792193e-10,1.0803764734877646,4,3.373922018504172e-12,3.2526065174565133e-19,1.5543122344752192e-15,7.946041557627126e-05,0.9681497489672953,1.0305903338068243,0.48383054306552287,6.762749214794805e-12,0.0007751253433525562,not_checked,0.001,not_checked,not_checked,,,
circle_uniform_direct_n800,111,2026591712,True,ok,0.0020084963875670716,0.0005648923461452876,0.0022273020087029347,3.211940698784463,3.2729743963296327,0.19970841847409315,0.19987366448218047,0.1946626539772932,0.20052885847409954,0.20052885847409935,800.0000000000005,800.0000000000005,0.00125,1.396511378759513e-12,1.119089644096252,5,8.673617379884035e-18,1.3010426069826053e-18,2.220446049250313e-15,0.0008267606614267287,0.9252092316846057,1.0707286517614298,0.46234329747177677,7.634452965643579e-14,0.0008887092117220163,not_checked,0.001,not_checked,not_checked,,,
circle_uniform_direct_n800,112,2026591713,True,ok,0.0003759267022965555,0.0038593612204493163,0.0009679036880769822,0.6014195675987136,0.6034943180194806,0.7401787815127727,0.7402021647411972,0.7395250234923982,0.7402692098575512,0.7402692098575511,800.0000000000005,800.0000000000005,0.00125,3.920475055707584e-16,1.15816828391205,6,3.7947076036992655e-19,-5.421010862427522e-20,-4.440892098500626e-16,3.1578037887780575e-05,0.9955429570244169,1.0036589530224926,0.4958504875849716,2.688821387764051e-17,0.0010042509529739618,not_checked,0.001,not_checked,not_checked,,,
circle_uniform_direct_n800,113,2026591714,True,ok,0.001418934776765766,0.00019266286838553033,0.0018553270842916404,2.269498162065846,2.34165856042701,0.32077621383514254,0.3209043172909981,0.3101096667932262,0.32137461177392246,0.3213746117739223,800.0000000000005,800.0000000000005,0.00125,3.4921718294889104e-14,1.0871982452665834,5,-1.0191500421363742e-17,-2.168404344971009e-18,-3.1086244689504383e-15,0.00039874037969034326,0.9661032089230082,1.03107449202875,0.4829585376825327,1.0283115504938767e-15,0.0008920407854020596,not_checked,0.001,not_checked,not_checked,,,
circle_uniform_direct_n800,114,2026591715,True,ok,0.004309214178728527,0.00018770389965781423,0.003254299897837416,6.887303034894655,7.0442087945258125,0.03145489510994515,0.031572275325136887,0.02953721169196033,0.03182919454266135,0.03182919454266129,800.0000000000005,800.0000000000005,0.00125,3.168645901219236e-14,1.1470655062598096,5,3.2959746043559335e-17,8.673617379884035e-19,3.552713678800501e-15,0.003719825535496213,0.9465199184233603,1.0448666576788732,0.47317112690599566,9.314380863822969e-16,0.0008937909733504057,not_checked,0.001,not_checked,not_checked,,,
circle_uniform_direct_n800,115,2026591716,True,ok,4.860411539511517e-05,0.002725247531445635,0.00034592850452973696,0.07776508121535133,0.07898590614348587,0.9618528747253983,0.9618535979505181,0.9612767280148676,0.9618629593942337,0.9618629593942337,800.0000000000005,800.0000000000005,0.00125,3.089570699971178e-12,1.1201205947141806,5,3.495290265987522e-14,3.7947076036992655e-19,9.159339953157541e-16,7.517084164923582e-07,0.9792437213367338,1.0206372353852928,0.4882876096805223,1.4062188913310791e-13,0.000881916843354702,not_checked,0.001,not_checked,not_checked,,,
circle_uniform_direct_n800,116,2026591717,True,ok,0.000295696741982476,8.682856113024659e-06,0.0008789410816621396,0.47307978601892503,0.4528247510568283,0.789111471586035,0.7891252968303951,0.79738921006006,0.7893405779155639,0.7893405779155638,800.0000000000005,800.0000000000005,0.00125,2.1997768190340494e-12,1.0360471038340853,4,1.5779912099223026e-14,-7.047314121155779e-19,-1.7763568394002505e-15,1.750057651844772e-05,0.9537928365902718,1.0456155991431504,0.4768922774719189,2.53968937893867e-14,0.0007775421254336834,not_checked,0.001,not_checked,not_checked,,,
circle_uniform_direct_n800,117,2026591718,True,ok,7.153902862591806e-05,0.0006665865926117418,0.0004258922884289529,0.11446008125564085,0.11288247376972779,0.9443623732183275,0.9443634899824214,0.9451220211775248,0.9443756828347445,0.9443756828347445,800.0000000000005,800.0000000000005,0.00125,2.434680929086497e-12,1.0635698637835855,4,2.8974652538371615e-14,-2.168404344971009e-19,4.163336342344337e-17,1.182272914061755e-06,0.981262949900178,1.018582939465412,0.4903044302226652,1.4797776719255307e-13,0.0007993329782038927,not_checked,0.001,not_checked,not_checked,,,
circle_uniform_direct_n800,118,2026591719,True,ok,0.00037030025098484906,0.0006272274991909216,0.0009725299183286519,0.5924243733677921,0.5800445980189028,0.7434774881308122,0.743498327889949,0.7482468822282338,0.743608791149172,0.7436087911491719,800.0000000000005,800.0000000000005,0.00125,4.225633861917877e-11,1.0761658974050148,4,6.249117434457829e-13,-1.0842021724855044e-19,2.220446049250313e-16,2.8014103983398098e-05,0.9768176571253787,1.022434175225969,0.4881024803565954,1.3647707096386963e-12,0.0008029579184949398,not_checked,0.001,not_checked,not_checked,,,
circle_uniform_direct_n800,119,2026591720,True,ok,0.0004289502940250994,0.0017158849746413312,0.0010383374535778878,0.6862583059501687,0.6838446685355871,0.7092721549696899,0.7092942210040132,0.710403376565071,0.7095245116348121,0.709524511634812,800.0000000000005,800.0000000000005,0.00125,1.1906402253014647e-10,1.108996808753831,4,-5.884478451387287e-12,4.336808689942018e-19,0.0,3.108224499537293e-05,0.9602993361897942,1.038910061817253,0.47932576072178856,9.639920806048252e-12,0.0007975420448929071,not_checked,0.001,not_checked,not_checked,,,
circle_uniform_direct_n800,120,2026591721,True,ok,0.006296846827706712,0.0005722194442870005,0.003972535876794784,10.058901573204386,10.110252280707776,0.006354000760618111,0.006405242907784577,0.006376562369766115,0.006490099207552234,0.006490099207552218,800.0000000000005,800.0000000000005,0.00125,1.67631880598762e-12,1.1910345116100491,5,1.448494102440634e-16,3.469446951953614e-18,1.0658141036401503e-14,0.008026675563179708,0.9410389848732834,1.0463209145503602,0.47025025845625523,8.035434297115618e-14,0.0009276669006794691,not_checked,0.001,not_checked,not_checked,,,
circle_uniform_direct_n800,121,2026591722,True,ok,0.0004177777726672167,0.0005427857161746147,0.0010471225019600325,0.668377075664206,0.6377237905832858,0.7154099017101774,0.7154340383261988,0.7269759411742224,0.7158946797704209,0.7158946797704206,800.0000000000005,800.0000000000005,0.00125,4.4803907112145325e-11,1.0729682621959218,4,-1.18473769206498e-12,-1.4094628242311558e-18,-1.7763568394002505e-15,3.36803016705578e-05,0.9373916520114178,1.061788067569407,0.46844142771432495,2.2644859078158053e-12,0.0008072089403867722,not_checked,0.001,not_checked,not_checked,,,
circle_uniform_direct_n800,122,2026591723,True,ok,0.0019916217452909373,0.0025286385761992963,0.0022480096612627455,3.184865346996376,3.146905010702516,0.20254219034262322,0.20271770787756782,0.2073281437536828,0.20325429559623026,0.20325429559623018,800.0000000000005,800.0000000000005,0.00125,2.255140518769849e-16,1.1734850391310416,6,6.938893903907228e-18,-4.336808689942018e-19,-8.881784197001252e-16,0.0008647227345628394,0.9627386528971937,1.033115408392692,0.48015200874843456,2.6020852139652106e-17,0.001040375092998147,not_checked,0.001,not_checked,not_checked,,,
circle_uniform_direct_n800,123,2026591724,True,ok,0.0010414612714915866,0.0011212992739412023,0.00163066778863604,1.665917077515189,1.6358533162484512,0.43403669568120185,0.434128173096314,0.4413457672053108,0.4346696258745312,0.43466962587453106,800.0000000000005,800.0000000000005,0.00125,1.6447544715081364e-11,1.111143025855385,5,-1.1058862159352145e-17,4.336808689942018e-19,4.440892098500626e-16,0.00021047843567523206,0.949254043983382,1.0486966140923735,0.4740947985527656,1.1844418675022172e-12,0.0009230829309672117,not_checked,0.001,not_checked,not_checked,,,
circle_uniform_direct_n800,124,2026591725,True,ok,0.0009114439369932859,0.000262985567654191,0.0015098303954534553,1.457978150731331,1.4583795042918206,0.4819955304169543,0.48207565711222533,0.48229961404502986,0.48231630313089857,0.48231630313089846,800.0000000000005,800.0000000000005,0.00125,1.0968656538601351e-13,1.0773513897138167,5,-4.87890977618477e-18,-6.505213034913027e-19,-1.1102230246251565e-15,0.00016607422896364188,0.9975236160889593,1.0006547856462453,0.4986306404577054,3.5839387013680835e-15,0.0009207508992403746,not_checked,0.001,not_checked,not_checked,,,
circle_uniform_direct_n800,125,2026591726,True,ok,1.5185523010923224e-05,0.0012329953610664014,0.00019316369578636713,0.02429678345314183,0.024722605406105557,0.9879228782936398,0.9879229046583626,0.9877147843647617,0.9879250757126833,0.9879250757126833,800.0000000000005,800.0000000000005,0.00125,2.3903289070315026e-11,1.07645883890505,4,-7.322328778470305e-16,2.710505431213761e-19,4.718447854656915e-16,2.6682167671501777e-08,0.9814281744616713,1.0185481217490604,0.490109053866586,1.7315402583983897e-12,0.0007748333737254143,not_checked,0.001,not_checked,not_checked,,,
circle_uniform_direct_n800,126,2026591727,True,ok,0.001416964083499695,0.0004567516652913249,0.001868446860753173,2.266320595882395,2.3021393348729653,0.32134293909169154,0.32147521588722816,0.3162982544191471,0.32188167600276746,0.32188167600276724,800.0000000000005,800.0000000000005,0.00125,6.751647851910292e-13,1.1012070742745206,5,1.1058862159352145e-17,-2.168404344971009e-19,-1.3322676295501878e-15,0.00041096885855917975,0.9844367103638477,1.0126986512620983,0.4919935306803672,3.2624727572261314e-14,0.0008879168890416622,not_checked,0.001,not_checked,not_checked,,,
circle_uniform_direct_n800,127,2026591728,True,ok,0.0017673028840892188,6.097641699370994e-06,0.0021071652568430857,2.826435034640622,2.818488290465406,0.24255818293621206,0.24271002064594538,0.24432788977702133,0.24320700951869237,0.24320700951869215,800.0000000000005,800.0000000000005,0.00125,1.6225115836380338e-10,1.088076594212693,4,7.623466311348914e-12,4.336808689942018e-19,2.220446049250313e-15,0.0006247899510649635,0.9696597291358166,1.026807088086672,0.4848269082493726,7.873751997622414e-12,0.0007853747811168432,not_checked,0.001,not_checked,not_checked,,,
circle_uniform_direct_n800,128,2026591729,True,ok,0.0013712562636700714,0.00017189879514421287,0.00184456050079541,2.1932515604852725,2.2131579229361478,0.33332398327901724,0.3334505850927583,0.33068832567802003,0.3338695233650698,0.33386952336506953,800.0000000000005,800.0000000000005,0.00125,2.3777854685214095e-14,1.0867628799339402,5,-2.8189256484623115e-18,-3.469446951953614e-18,-6.217248937900877e-15,0.0003792306934216061,0.97631864375107,1.020928883647966,0.4880754082834954,6.543702212036262e-16,0.0008931250777095556,not_checked,0.001,not_checked,not_checked,,,
circle_uniform_direct_n800,129,2026591730,True,ok,0.00041272561101399815,0.000507313255599958,0.001020807230145648,0.6602960982842219,0.6541350389514254,0.7186671154362971,0.7186904409935191,0.7210350574739629,0.7187939874511378,0.7187939874511377,800.0000000000005,800.0000000000005,0.00125,3.5879171161878887e-11,1.0708856014286037,4,-1.5932758042590256e-12,-7.589415207398531e-19,-1.3322676295501878e-15,3.24396690877804e-05,0.9818321563747668,1.0173627676862982,0.4906670308665361,3.080444319764064e-12,0.0007819589227437973,not_checked,0.001,not_checked,not_checked,,,
circle_uniform_direct_n800,130,2026591731,True,ok,1.5530653402955584e-05,0.0027323356289521506,0.00019578930307371882,0.024849064091391957,0.02517680882557757,0.9876494536392071,0.9876494444288686,0.98749049811736,0.987652342990813,0.987652342990813,800.0000000000005,800.0000000000005,0.00125,3.24536404694431e-13,1.1131299727922228,5,-2.2412390140395116e-15,-2.0328790734103208e-19,-5.551115123125783e-16,-9.323331504398902e-09,0.9786331072735069,1.0213494766831281,0.48797942585225007,3.184952301893418e-15,0.0008920000400394201,not_checked,0.001,not_checked,not_checked,,,
circle_uniform_direct_n800,131,2026591732,True,ok,0.003043894693808515,0.0006257223966908724,0.002720992204213335,4.866460461209499,5.014299847043792,0.08695407941076067,0.0871185925341615,0.0815001903201163,0.08758760775359603,0.08758760775359589,800.0000000000005,800.0000000000005,0.00125,2.2874931115968167e-12,1.1410512586802217,5,-7.806255641895632e-18,-1.3010426069826053e-18,-2.6645352591003757e-15,0.0018855244420641348,0.9678924296161795,1.0259756805610638,0.48364340216574886,1.1489637366524086e-13,0.0008888749871402979,not_checked,0.001,not_checked,not_checked,,,
circle_uniform_direct_n800,132,2026591733,True,ok,0.0002847459955896848,0.00262833867914447,0.000831072262410134,0.45555563166891505,0.4696406108819366,0.7961586493240069,0.796173770913333,0.7907129236735271,0.7962860515317445,0.7962860515317444,800.0000000000005,800.0000000000005,0.00125,8.577683875687914e-11,1.1306298626486138,5,2.116873083074511e-12,1.0299920638612292e-18,1.6653345369377348e-15,1.8980637290444413e-05,0.9698682395869229,1.0295164210865657,0.483659622813547,6.220295112324692e-12,0.0008864591363817453,not_checked,0.001,not_checked,not_checked,,,
circle_uniform_direct_n800,133,2026591734,True,ok,0.0008976645754900432,0.0002746075807495192,0.0014785154557340051,1.4359383766621352,1.4753707046926121,0.48725480941454447,0.4873340616687859,0.4782195452040897,0.4876625245596987,0.4876625245596985,800.0000000000005,800.0000000000005,0.00125,1.791076592594365e-10,1.0780605663314673,4,3.817318640006451e-12,4.553649124439119e-18,9.547918011776346e-15,0.00016247206096731137,0.9704866611705749,1.0277115612954009,0.48511007948941515,6.963876090365639e-12,0.0007727500051259995,not_checked,0.001,not_checked,not_checked,,,
circle_uniform_direct_n800,134,2026591735,True,ok,0.0009173660615617914,0.002568302865773411,0.0015284993537413596,1.4674041961485575,1.44193121574361,0.4796198734082169,0.47971146750177085,0.48628247100052757,0.4800366377969556,0.4800366377969556,800.0000000000005,800.0000000000005,0.00125,3.660266534311063e-16,1.1503645451051498,6,2.0599841277224584e-18,1.8431436932253575e-18,2.4424906541753444e-15,0.00019075117515476858,0.9735020722520539,1.0245462242455354,0.485501014464169,2.0816681711721685e-17,0.001006875652819872,not_checked,0.001,not_checked,not_checked,,,
circle_uniform_direct_n800,135,2026591736,True,ok,0.0006841118809974554,0.0012498896971755566,0.0013153486792220842,1.094406849864574,1.0834857424963458,0.57817274777967,0.5782225648585053,0.581733481764136,0.5785157513523649,0.5785157513523648,800.0000000000005,800.0000000000005,0.00125,2.0043702808614228e-11,1.1043304074333768,5,-5.421010862427522e-19,3.2526065174565133e-19,4.440892098500626e-16,8.607986567754633e-05,0.9650696787265434,1.0336190432043775,0.4819317039024863,1.828362981848297e-12,0.0008887068834155798,not_checked,0.001,not_checked,not_checked,,,
circle_uniform_direct_n800,136,2026591737,True,ok,0.0009517873686196297,0.00022759914057751067,0.0015605565600124343,1.522495038979477,1.494478073897499,0.4661606134595411,0.46624576418994756,0.4736725414033801,0.46699819104049267,0.46699819104049267,800.0000000000005,800.0000000000005,0.00125,1.8276744354062124e-10,1.0773160016468841,4,3.83664118270427e-12,7.589415207398531e-19,1.1102230246251565e-15,0.00018237540596566237,0.9318695293136461,1.066221531951006,0.46582871736332904,6.828391151125768e-12,0.0007830420508980751,not_checked,0.001,not_checked,not_checked,,,
circle_uniform_direct_n800,137,2026591738,True,ok,0.0002303643661245476,0.005082558859674239,0.0007519171135421826,0.36855723095594145,0.37579929282842184,0.8315845255946077,0.8315952414318002,0.8286978658623525,0.8316933357874743,0.8316933357874742,800.0000000000005,800.0000000000005,0.00125,1.3323972394146955e-10,1.1742817883545218,5,1.4584315742929843e-12,-2.168404344971009e-19,-7.771561172376096e-16,1.2877421667473188e-05,0.967985014902034,1.0315124427925657,0.4815325910486317,7.732706835961167e-12,0.0008898330852389336,not_checked,0.001,not_checked,not_checked,,,
circle_uniform_direct_n800,138,2026591739,True,ok,0.0007199091938057175,0.0019750393225244425,0.0013515814150677962,1.151655423717742,1.1366202948949269,0.5617855737440731,0.5618416115134268,0.566481901218356,0.5621832834930269,0.5621832834930269,800.0000000000005,800.0000000000005,0.00125,1.2013979394653873e-10,1.1261445520828397,5,2.168404344971009e-19,-5.421010862427522e-19,-8.881784197001252e-16,9.964318570321318e-05,0.9609392180506109,1.0376543845141846,0.4795206767203148,1.1392034884871727e-11,0.000895041273906827,not_checked,0.001,not_checked,not_checked,,,
circle_uniform_direct_n800,139,2026591740,True,ok,0.0013394787105946012,0.0015762606623365765,0.001862362094673909,2.142403251289867,2.0706581019974766,0.34184741804819263,0.3419779777481392,0.3551095125584109,0.3424659752755886,0.3424659752755884,800.0000000000005,800.0000000000005,0.00125,4.9398034274172886e-11,1.1355885653262716,5,-4.553649124439119e-18,3.903127820947816e-18,4.884981308350689e-15,0.0003813428307481992,0.962361214201917,1.0348803511398645,0.48042213314413507,4.623414932153347e-12,0.0008930000476539135,not_checked,0.001,not_checked,not_checked,,,
circle_uniform_direct_n800,140,2026591741,True,ok,0.004220454254902736,0.009707379094556594,0.0032760635629383045,6.743723189424012,6.650508793370081,0.03364104583699408,0.03379348782888679,0.03596336862783638,0.03417149698402237,0.034171496984022325,800.0000000000005,800.0000000000005,0.00125,1.2281842209915794e-14,1.3378338041126314,6,1.0390993621101074e-15,5.204170427930421e-18,4.440892098500626e-15,0.004501809210184948,0.9757067182238959,1.0148014182573797,0.48311864521823145,3.5110803153770576e-15,0.0010008751414716244,not_checked,0.001,not_checked,not_checked,,,
circle_uniform_direct_n800,141,2026591742,True,ok,0.00014290429800162025,0.0003986202084591832,0.0005996423375635978,0.22863831189128722,0.2272621382090411,0.8919389771111239,0.8919427979131966,0.8925871981391565,0.8919694120612055,0.8919694120612054,800.0000000000005,800.0000000000005,0.00125,3.574762881541904e-12,1.055697081912744,4,7.354883303951898e-14,-1.0842021724855044e-19,5.551115123125783e-17,4.282455652648842e-06,0.9818887810606328,1.0178188220531161,0.4907486871709956,1.5739102729450671e-13,0.0007721250876784325,not_checked,0.001,not_checked,not_checked,,,
circle_uniform_direct_n800,142,2026591743,True,ok,0.0012086540508709324,0.00241635668171712,0.0017659241657581655,1.933223882015107,1.8749035074298899,0.3796886818734858,0.3798070467730949,0.39162452064927117,0.3802511814940979,0.3802511814940977,800.0000000000005,800.0000000000005,0.00125,1.97758476261356e-16,1.1522162877140207,6,-2.168404344971009e-19,0.0,1.5543122344752192e-15,0.0003112996891929676,0.9656598077758438,1.0318485051932493,0.4816631618827292,0.0,0.001004041638225317,not_checked,0.001,not_checked,not_checked,,,
circle_uniform_direct_n800,143,2026591744,True,ok,0.002387244855739629,9.381839840655622e-05,0.002467694219444329,3.8173037798501066,3.7581725653751965,0.1474154865982782,0.14758438119551393,0.1527295936947824,0.14811061516898696,0.14811061516898685,800.0000000000005,800.0000000000005,0.00125,2.6489227478165844e-15,1.1073564081070288,5,2.6020852139652106e-18,-2.168404344971009e-18,-6.217248937900877e-15,0.0011439946666509382,0.9410462955059321,1.054174004177564,0.47047900392414344,5.3017486234541167e-17,0.0008975418750196695,not_checked,0.001,not_checked,not_checked,,,
circle_uniform_direct_n800,144,2026591745,True,ok,0.0003792218699303484,0.00020269062360678676,0.0009863295477267858,0.6066979685010327,0.591502680958298,0.738155545829041,0.7381766063298147,0.7439724008423196,0.7383203308268962,0.7383203308268961,800.0000000000005,800.0000000000005,0.00125,1.841750124804975e-11,1.0551561186760259,4,-2.005166323780505e-13,7.047314121155779e-19,1.2212453270876722e-15,2.8511693762556245e-05,0.9705867245881031,1.0286583433425174,0.4851949976984533,4.1643338083430237e-13,0.0007743327878415585,not_checked,0.001,not_checked,not_checked,,,
circle_uniform_direct_n800,145,2026591746,True,ok,0.0005840871563687197,0.0026444740416428107,0.0011899693717508785,0.9344116305707022,0.9638824198750929,0.6264439675442698,0.6264840369961964,0.6175833684622352,0.6267110279216753,0.6267110279216752,800.0000000000005,800.0000000000005,0.00125,3.2612801348363973e-16,1.1374148595836289,6,-4.119968255444917e-18,-4.336808689942018e-19,-7.771561172376096e-16,6.390980962489579e-05,0.9692978422045139,1.0295759924116479,0.4833674009744484,1.1275702593849246e-17,0.0010045419912785292,not_checked,0.001,not_checked,not_checked,,,
circle_uniform_direct_n800,146,2026591747,True,ok,8.964356112346945e-05,0.0007827401437051271,0.0004676022563387824,0.14342604145929302,0.1470723029013174,0.9307580021926987,0.9307597047227023,0.9291025567791389,0.9307962755557346,0.9307962755557346,800.0000000000005,800.0000000000005,0.00125,5.02311386929577e-12,1.0693853236099016,4,5.08665917546558e-14,1.6263032587282567e-19,2.220446049250313e-16,1.8281691290811253e-06,0.9684463496198735,1.0313619655182906,0.4838441432111816,2.813448259086915e-13,0.0007712079677730799,not_checked,0.001,not_checked,not_checked,,,
circle_uniform_direct_n800,147,2026591748,True,ok,0.0006270426379544134,0.0004365405299456202,0.0012640998109100508,1.0031061860666277,0.9850506761454004,0.6052468508930895,0.6052959303303886,0.6110812572445663,0.6055403310493379,0.6055403310493378,800.0000000000005,800.0000000000005,0.00125,1.0513003315115732e-10,1.077855542798582,4,4.070222349265851e-12,2.168404344971009e-19,2.220446049250313e-16,8.101733021714796e-05,0.9697191145884173,1.0290086864959986,0.484647894863114,8.113914054530547e-12,0.0007708750199526548,not_checked,0.001,not_checked,not_checked,,,
circle_uniform_direct_n800,148,2026591749,True,ok,0.0005676178070227232,0.00014669948850073257,0.0012086491886279201,0.9080580585881257,0.88299889470623,0.6346915910472157,0.6347330251773555,0.643071446021689,0.6350228823015278,0.6350228823015276,800.0000000000005,800.0000000000005,0.00125,3.526557431493549e-11,1.060161116284175,4,1.2349195017274939e-12,-1.4094628242311558e-18,-1.7763568394002505e-15,6.521632411599088e-05,0.9608016604436039,1.038056575672198,0.480330355778262,2.3666092956869944e-12,0.0007757092826068401,not_checked,0.001,not_checked,not_checked,,,
circle_uniform_direct_n800,149,2026591750,True,ok,0.0009709564471001581,0.0007016647813638439,0.0015754627008816003,1.5531498597505937,1.520353812559869,0.4594659154328943,0.4595534190653265,0.4675837011996301,0.4598912834857487,0.4598912834857485,800.0000000000005,800.0000000000005,0.00125,3.333344017475426e-12,1.097586664401956,5,6.613633252161577e-18,-1.734723475976807e-18,-3.1086244689504383e-15,0.00019022780483013424,0.9724800137269354,1.0255713524863996,0.4858988196246537,1.8167607175600953e-13,0.0008847080171108246,not_checked,0.001,not_checked,not_checked,,,
circle_uniform_direct_n800,150,2026591751,True,ok,0.001939695230178248,0.0027033955305185656,0.0022162729755195,3.1018151609923206,3.0681687597685263,0.21118275390336133,0.21136238754246078,0.21565305707693577,0.21187555441505998,0.21187555441505973,800.0000000000005,800.0000000000005,0.00125,2.42861286636753e-16,1.1782803231044767,6,2.3852447794681098e-18,4.553649124439119e-18,7.549516567451064e-15,0.0008486036464390168,0.9767686555968685,1.019118886561515,0.4870640924658591,2.0816681711721685e-17,0.001000750344246626,not_checked,0.001,not_checked,not_checked,,,
circle_uniform_direct_n800,151,2026591752,True,ok,0.0010862434763100573,0.0009525876846867936,0.001655448162160116,1.7375276528676342,1.723505095746407,0.41895703949698226,0.41905391622774935,0.4224211199859924,0.4193728990238036,0.41937289902380326,800.0000000000005,800.0000000000005,0.00125,9.948843832097154e-12,1.1073635979260308,5,8.890457814381136e-18,-8.673617379884035e-19,-2.4424906541753444e-15,0.00023095461422928398,0.983539361179419,1.014313804134868,0.4913012083352823,6.170402730432123e-13,0.0008902079425752163,not_checked,0.001,not_checked,not_checked,,,
circle_uniform_direct_n800,152,2026591753,True,ok,0.0005807877187199899,0.0023389474240225836,0.0012106373288867911,0.9291345289995603,0.9211142946332133,0.6281597078500303,0.628199253224683,0.6309320254789875,0.6283674482304851,0.628367448230485,800.0000000000005,800.0000000000005,0.00125,3.0184188481996443e-16,1.130387382817898,6,-1.5178830414797062e-18,7.589415207398531e-19,8.881784197001252e-16,6.291047621204138e-05,0.9795574159981795,1.019323909224272,0.48863303508496786,2.862293735361732e-17,0.0009978748857975006,not_checked,0.001,not_checked,not_checked,,,
circle_uniform_direct_n800,153,2026591754,True,ok,0.00023240454363063223,0.00016444262446117764,0.0007676564520027044,0.3718251929445147,0.36668751666484534,0.830281527565423,0.8302906957989344,0.832481933942962,0.8303370013252848,0.8303370013252847,800.0000000000005,800.0000000000005,0.00125,5.092017085761569e-12,1.0466636013880024,4,1.435492892089274e-13,5.421010862427522e-19,3.3306690738754696e-16,1.1038432248533514e-05,0.983210161531367,1.0163200587383474,0.49152424045327875,2.871830377670914e-13,0.0007727502379566431,not_checked,0.001,not_checked,not_checked,,,
circle_uniform_direct_n800,154,2026591755,True,ok,0.00028376515432704556,0.0014675532344570258,0.0008492680075638757,0.45398636976105666,0.4472270607122445,0.7967251792150132,0.7967402823209919,0.7996241051047503,0.796911120910173,0.7969111209101729,800.0000000000005,800.0000000000005,0.00125,5.896052916731787e-11,1.102545900414396,4,2.0957584083956815e-12,-3.2526065174565133e-19,-3.3306690738754696e-16,1.893858110824098e-05,0.9594490822429501,1.0399335885573069,0.4790205475198823,4.891329962591895e-12,0.0008119570557028055,not_checked,0.001,not_checked,not_checked,,,
circle_uniform_direct_n800,155,2026591756,True,ok,0.0005091889423729764,0.0008789531838265352,0.001122688212256795,0.8146002927645366,0.8230880371626803,0.6652548719052698,0.6652888246476757,0.6626263524805145,0.6654104877843386,0.6654104877843384,800.0000000000005,800.0000000000005,0.00125,8.691618778866594e-11,1.0894053423864802,4,-8.030664891758854e-13,1.3010426069826053e-18,1.9984014443252818e-15,5.1007516113033e-05,0.9862659833470946,1.0127257567469685,0.4926995564204836,1.1728985838121986e-12,0.0009892501402646303,not_checked,0.001,not_checked,not_checked,,,
circle_uniform_direct_n800,156,2026591757,True,ok,0.0014069420772610628,0.0009573151197121924,0.0018896167742396186,2.250291880638993,2.219246735701796,0.3239305819660071,0.3240628687995787,0.32968310695215136,0.324472769436553,0.32447276943655273,800.0000000000005,800.0000000000005,0.00125,9.98027008258795e-12,1.1182210541137727,5,1.5178830414797062e-18,-1.951563910473908e-18,-3.552713678800501e-15,0.00040772148935430685,0.9823243722539657,1.0148237768405142,0.4906919765789957,6.293650496591585e-13,0.0010640001855790615,not_checked,0.001,not_checked,not_checked,,,
circle_uniform_direct_n800,157,2026591758,True,ok,0.0015093843149141415,0.00016773515824851365,0.001964329788336045,2.414110607066966,2.3649122511528375,0.2983202577202392,0.29845536074296164,0.3065249495114338,0.2989414775723435,0.2989414775723433,800.0000000000005,800.0000000000005,0.00125,2.00152394658204e-14,1.0885364410591847,5,4.336808689942018e-19,-3.469446951953614e-18,-3.1086244689504383e-15,0.0004521483978308094,0.965377893118038,1.0316166592247205,0.4826079832154816,5.751150423949358e-16,0.0009094588458538055,not_checked,0.001,not_checked,not_checked,,,
circle_uniform_direct_n800,158,2026591759,True,ok,0.00038822255543773977,0.0012925275508926938,0.000984732652646156,0.6210977174465793,0.6218083441459463,0.73293207104257,0.7329534709220973,0.7327840936855209,0.7330231138667203,0.7330231138667201,800.0000000000005,800.0000000000005,0.00125,9.621163848255732e-11,1.0982939805366467,4,-7.676882675562713e-13,8.131516293641283e-19,1.2212453270876722e-15,2.9185626902350492e-05,0.9931405434406746,1.0060953685095377,0.495928426953766,2.0908561340626797e-12,0.0007827919907867908,not_checked,0.001,not_checked,not_checked,,,
circle_uniform_direct_n800,159,2026591760,True,ok,0.0002457729030051266,0.0007524075665280743,0.0007853334930188227,0.39321383367740326,0.392425387041619,0.8213507407118139,0.8213601169040003,0.8218374165938404,0.8215041232015832,0.821504123201583,800.0000000000005,800.0000000000005,0.00125,2.208971026929074e-11,1.0745969881661661,4,-3.91449947543393e-13,-5.421010862427522e-19,-1.0547118733938987e-15,1.1405565399774664e-05,0.960080293498359,1.0394426645818875,0.4796789498020368,6.751266212745577e-13,0.0007792077958583832,not_checked,0.001,not_checked,not_checked,,,
circle_uniform_direct_n800,160,2026591761,True,ok,0.0007541603682387754,0.0006874345017194793,0.0013251742413447234,1.2064228144840836,1.2983921235338436,0.5459823119372542,0.546046265290161,0.5224656380690367,0.5469880656673094,0.5469880656673092,800.0000000000005,800.0000000000005,0.00125,2.350068056822252e-12,1.0917554706162738,5,-4.553649124439119e-18,-4.336808689942018e-19,2.220446049250313e-16,0.00011688734897885578,0.918502898592752,1.0799697463240472,0.45893575178417484,1.6739452705916147e-13,0.0008904582355171442,not_checked,0.001,not_checked,not_checked,,,
circle_uniform_direct_n800,161,2026591762,True,ok,0.0018293647122348882,0.0005243606970306803,0.0021436322741727105,2.9256106128765866,2.918695147158286,0.23075168620317327,0.23091039780987865,0.23238784124889839,0.23142677324090566,0.23142677324090546,800.0000000000005,800.0000000000005,0.00125,1.094853374628002e-12,1.1137740123360695,5,4.336808689942018e-18,-3.0357660829594124e-18,-3.552713678800501e-15,0.0006864633496181938,0.9656395041403623,1.030658549619265,0.48256658037902866,5.665997185322347e-14,0.0008952079806476831,not_checked,0.001,not_checked,not_checked,,,
circle_uniform_direct_n800,162,2026591763,True,ok,0.004897895430755403,0.0010715804391260683,0.0034606107334533634,7.827052097392864,8.042827182590585,0.01955833663358201,0.019652482042020504,0.017927604713260194,0.019874528448112792,0.019874528448112747,800.0000000000005,800.0000000000005,0.00125,1.1860457060919316e-11,1.1804839105499028,5,3.2959746043559335e-17,1.474514954580286e-17,1.865174681370263e-14,0.004790295907892705,0.9544043298761943,1.035831411865744,0.47669081061132074,9.880160925512804e-13,0.000889540882781148,not_checked,0.001,not_checked,not_checked,,,
circle_uniform_direct_n800,163,2026591764,True,ok,1.3416856562185366e-05,0.0010003729003706368,0.0001841184176488094,0.021466894422387306,0.021291226921798273,0.9893106493794548,0.9893106870581563,0.9894108505398141,0.9893239130582024,0.9893239130582024,800.0000000000005,800.0000000000005,0.00125,1.1386093456966506e-11,1.0694698674507501,4,7.420686244305474e-17,2.0328790734103208e-19,3.3306690738754696e-16,3.803855464640238e-08,0.9501849877020901,1.049788432355159,0.4746172162118407,7.504569882188505e-13,0.0010411259718239307,not_checked,0.001,not_checked,not_checked,,,
circle_uniform_direct_n800,164,2026591765,True,ok,0.0024767823939357593,0.0008308194948651213,0.002489649818791872,3.9603985856468578,3.9645859141629205,0.1371966891139924,0.13736547606596494,0.13775301315822377,0.13787250259069742,0.13787250259069722,800.0000000000005,800.0000000000005,0.00125,5.724087870362382e-12,1.1343503713536145,5,-3.469446951953614e-18,5.204170427930421e-18,7.993605777301127e-15,0.0012266223251797825,0.981119124535888,1.0139351275116755,0.49015199269769294,3.570897917637428e-13,0.0009358332026749849,not_checked,0.001,not_checked,not_checked,,,
circle_uniform_direct_n800,165,2026591766,True,ok,0.004360774828959318,0.0025600444862366326,0.003333761799898079,6.970140019917155,6.863837039656323,0.03014215134558943,0.030249640918269927,0.032324865350365405,0.03054299661038429,0.03054299661038423,800.0000000000005,800.0000000000005,0.00125,7.355227538141662e-16,1.1969609842411977,6,-2.949029909160572e-17,2.6020852139652106e-18,7.105427357601002e-15,0.003549853208879128,0.9621559764791255,1.029444842750332,0.4798463904859058,9.367506770274758e-17,0.001025791047140956,not_checked,0.001,not_checked,not_checked,,,
circle_uniform_direct_n800,166,2026591767,True,ok,0.004055713291673473,3.651367838245809e-06,0.003211878516347334,6.482559551677638,6.391027233160612,0.03848900290768838,0.03861633590771875,0.04094548969201273,0.038985299752209164,0.03898529975220909,800.0000000000005,800.0000000000005,0.00125,2.3440450969136606e-16,1.1361135881534339,5,1.5612511283791264e-17,-8.673617379884035e-19,0.0,0.003290857499961497,0.976569411109133,1.0153269839479164,0.48828292264755896,1.3877787807814457e-17,0.0008932917844504118,not_checked,0.001,not_checked,not_checked,,,
circle_uniform_direct_n800,167,2026591768,True,ok,0.003216267384676919,0.0029444184070360167,0.0028501087511745523,5.142250883686406,5.101364919935589,0.07570788299571451,0.0758514151529961,0.07802839656908361,0.07630522161276268,0.07630522161276258,800.0000000000005,800.0000000000005,0.00125,3.122502256758253e-16,1.1880166330398778,6,-3.426078865054194e-17,3.469446951953614e-18,6.217248937900877e-15,0.001888465898333802,0.9854922879708563,1.0083793044518115,0.49129543232470185,2.0816681711721685e-17,0.001015207963064313,not_checked,0.001,not_checked,not_checked,,,
circle_uniform_direct_n800,168,2026591769,True,ok,0.00016217797329375581,0.0007382074426719909,0.0006478592663604116,0.25947544158437774,0.2506835091946717,0.8782378923515912,0.8782419858974821,0.8821953567412766,0.8783216762056295,0.8783216762056295,800.0000000000005,800.0000000000005,0.00125,7.329463425076455e-12,1.0697104611543358,4,-2.3830872171448636e-13,5.692061405548898e-19,1.1102230246251565e-15,4.6578428158639e-06,0.9645806396252726,1.035113419277533,0.4819343004677943,4.1840207513910155e-13,0.0007833330892026424,not_checked,0.001,not_checked,not_checked,,,
circle_uniform_direct_n800,169,2026591770,True,ok,0.001431844954804696,0.002384965587167386,0.0018910228769448703,2.2901975799480727,2.2958345909833104,0.317552784505602,0.31767274210513474,0.3172969174141664,0.31807249075108873,0.3180724907510885,800.0000000000005,800.0000000000005,0.00125,2.671474153004283e-16,1.1493958072650436,6,2.6020852139652106e-18,6.938893903907228e-18,1.199040866595169e-14,0.00037717386972113687,0.9827903423754492,1.0144656769889795,0.4902230955529775,6.071532165918825e-18,0.0010132510215044022,not_checked,0.001,not_checked,not_checked,,,
circle_uniform_direct_n800,170,2026591771,True,ok,0.00028749473077988616,0.0009670157579342628,0.0008414539435877158,0.45995474255057844,0.46802648207115866,0.7942846257529617,0.7942992694732505,0.791351337514996,0.7945369517683447,0.7945369517683447,800.0000000000005,800.0000000000005,0.00125,3.7064733227065716e-11,1.0867313452050595,4,1.4103130555748189e-12,1.6263032587282567e-19,1.3877787807814457e-15,1.8413348619822356e-05,0.9504205361566487,1.04897164536145,0.4747507202853161,3.111027928326404e-12,0.0007766669150441885,not_checked,0.001,not_checked,not_checked,,,
circle_uniform_direct_n800,171,2026591772,True,ok,0.0014762225435650512,0.001873393757814167,0.0019366678477245724,2.360998460553315,2.3287029603146454,0.3063073676703052,0.30645427113976376,0.31212501567644,0.30697835620166025,0.30697835620166014,800.0000000000005,800.0000000000005,0.00125,1.0529689620231153e-10,1.1480413162969303,5,1.214306433183765e-17,-8.673617379884035e-19,-2.220446049250313e-15,0.00047880457538407306,0.9598904797131408,1.037018961660533,0.4790461705904193,9.222620063475961e-12,0.000899583101272583,not_checked,0.001,not_checked,not_checked,,,
circle_uniform_direct_n800,172,2026591773,True,ok,0.0009702909898788251,0.0019493808274688596,0.0015836531590440433,1.5521197991741,1.5037178706105647,0.4595833385302325,0.4596628956245059,0.4714892695380807,0.4601361790474717,0.4601361790474716,800.0000000000005,800.0000000000005,0.00125,1.2201233773323494e-10,1.129914772549971,5,2.927345865710862e-18,-1.951563910473908e-18,-2.220446049250313e-15,0.0001728923160104756,0.9541659705278207,1.0439754439645037,0.47615291589893965,1.0811731284560144e-11,0.0008954580407589674,not_checked,0.001,not_checked,not_checked,,,
circle_uniform_direct_n800,173,2026591774,True,ok,9.922039735750365e-05,1.863619296435172e-05,0.0005022334472416039,0.1587486832700297,0.15616831423328806,0.9236650486639797,0.9236668747166454,0.9248865874798046,0.9236922571149576,0.9236922571149575,800.0000000000005,800.0000000000005,0.00125,1.743327704417652e-13,1.0234996963447196,4,1.920826778883944e-15,2.846030702774449e-19,8.326672684688674e-17,1.976250988119932e-06,0.9761215332203954,1.023679665142122,0.4880516710221014,3.744617463330435e-15,0.0007863340433686972,not_checked,0.001,not_checked,not_checked,,,
circle_uniform_direct_n800,174,2026591775,True,ok,0.002670712066223966,0.0066383511818294445,0.0025838045252603316,4.270262675583953,4.284069739380014,0.11739913728366266,0.11756843842348833,0.11741567416908331,0.11805913299302467,0.11805913299302452,800.0000000000005,800.0000000000005,0.00125,5.134781488891349e-16,1.2509317339109625,6,7.806255641895632e-18,-3.903127820947816e-18,-6.217248937900877e-15,0.001438315187197503,0.9609109650240899,1.033759969241832,0.4772660714833687,9.020562075079397e-17,0.000999042997136712,not_checked,0.001,not_checked,not_checked,,,
circle_uniform_direct_n800,175,2026591776,True,ok,0.001948252776676991,0.0003382081906676903,0.0022164781918945224,3.11570031396695,3.0949877569789197,0.20977480922285918,0.20993291515172174,0.21278056012375765,0.21043000029250025,0.21043000029250009,800.0000000000005,800.0000000000005,0.00125,2.3708465746175023e-13,1.105957581234576,5,-4.336808689942018e-19,-1.951563910473908e-18,-2.220446049250313e-15,0.0007520643581186981,0.9748292440772087,1.0212956404209836,0.4872497721821232,9.83935155574045e-15,0.0008939579129219055,not_checked,0.001,not_checked,not_checked,,,
circle_uniform_direct_n800,176,2026591777,True,ok,0.0004208839698612091,0.00174310113490275,0.0010362114926485005,0.673348969646107,0.6605194000996216,0.7139138896803308,0.713937246375209,0.7187370531440329,0.7141179202345103,0.71411792023451,800.0000000000005,800.0000000000005,0.00125,1.1377959338587651e-10,1.1110101780035708,4,-2.6213054079779474e-12,1.734723475976807e-18,2.7755575615628914e-15,3.2691065913914574e-05,0.9669542450052114,1.032236365873769,0.4826343917277013,6.913179664141955e-12,0.000778083223849535,not_checked,0.001,not_checked,not_checked,,,
circle_uniform_direct_n800,177,2026591778,True,ok,4.29581658770101e-05,0.0006393291137507702,0.00033157531635627204,0.06873236822618553,0.06716475061832253,0.9662011638574874,0.966201500825123,0.9669752530650924,0.9662172894922971,0.9662172894922971,800.0000000000005,800.0000000000005,0.00125,2.2429350043928764e-12,1.059043891088012,4,-2.1037045803279364e-15,-9.486769009248164e-20,-5.551115123125783e-17,3.485885153378665e-07,0.9699091874418587,1.0300076854229274,0.4846445455361768,1.2521884570904085e-13,0.0007693343795835972,not_checked,0.001,not_checked,not_checked,,,
circle_uniform_direct_n800,178,2026591779,True,ok,0.0014335081146482891,0.0002688721357299988,0.0019104036894394061,2.292795883914576,2.2541361076022106,0.31709574324491946,0.3172255003525326,0.32398176235524834,0.31764956785365744,0.3176495678536573,800.0000000000005,800.0000000000005,0.00125,1.1324101378828999e-13,1.0914292436481778,5,-4.553649124439119e-18,-2.3852447794681098e-18,-4.440892098500626e-15,0.00040854976134396814,0.9779072958997762,1.019236091906537,0.4888221816918243,3.911259337241457e-15,0.000900292070582509,not_checked,0.001,not_checked,not_checked,,,
circle_uniform_direct_n800,179,2026591780,True,ok,0.0018170486190713813,0.0009571123307311083,0.002163786832029101,2.9059150264953333,2.8248561378478687,0.23302076889104162,0.23317983654268015,0.24355120552814985,0.23371826254104544,0.2337182625410452,800.0000000000005,800.0000000000005,0.00125,9.726667388187948e-12,1.1277377614794482,5,4.336808689942018e-19,1.3010426069826053e-18,2.220446049250313e-15,0.0006813820094393463,0.9589861890304308,1.037327479045136,0.47903415300738394,6.28839645286372e-13,0.0008913753554224968,not_checked,0.001,not_checked,not_checked,,,
circle_uniform_direct_n800,180,2026591781,True,ok,0.000791700534274682,0.0016778755636785237,0.001417888827941233,1.266439314451601,1.247579960649236,0.5304934263368655,0.5305681754789966,0.5359094973879404,0.530805068688784,0.5308050686887837,800.0000000000005,800.0000000000005,0.00125,7.132775620144471e-11,1.1257849815768854,5,1.951563910473908e-18,-7.589415207398531e-19,-6.661338147750939e-16,0.00014077019394542756,0.9831778667362517,1.0151439858451916,0.4907641660261717,5.93541491997196e-12,0.0008982489816844463,not_checked,0.001,not_checked,not_checked,,,
circle_uniform_direct_n800,181,2026591782,True,ok,0.001044314714737594,0.00023457492442665586,0.0016076523548082212,1.6704641502073612,1.6905974779483182,0.43317209334742224,0.43326737943924865,0.42942905185221414,0.4336785134515819,0.4336785134515815,800.0000000000005,800.0000000000005,0.00125,5.3479790040888986e-14,1.080459801481321,5,8.673617379884035e-18,-6.505213034913027e-19,4.440892098500626e-16,0.00021969668639509887,0.9643302071009513,1.0335747296985731,0.4820519990180122,2.2644646574532246e-15,0.0009110423270612955,not_checked,0.001,not_checked,not_checked,,,
circle_uniform_direct_n800,182,2026591783,True,ok,0.0010431312460018392,0.00012066242773412205,0.001598165443028528,1.668572657216942,1.7066787338192126,0.43356044146337114,0.4336553680056149,0.425990017149117,0.43408930385356637,0.43408930385356614,800.0000000000005,800.0000000000005,0.00125,1.4620865108894154e-10,1.074405487370968,4,3.856083855002801e-12,-1.734723475976807e-18,-2.220446049250313e-15,0.00021866819300087048,0.9612873299280236,1.036622251994552,0.4805856691399045,6.602805975586268e-12,0.000802626134827733,not_checked,0.001,not_checked,not_checked,,,
circle_uniform_direct_n800,183,2026591784,True,ok,0.0012250895788332031,0.0010822182108938911,0.0017296446893483545,1.9595761226405013,2.008741350723887,0.3747559621748724,0.37486238624513957,0.3662750682124314,0.3752842038708409,0.3752842038708407,800.0000000000005,800.0000000000005,0.00125,1.482966527355245e-11,1.1126699136678706,5,-4.336808689942018e-19,2.6020852139652106e-18,2.220446049250313e-16,0.00028360174631236745,0.9677682687560194,1.0298527877019128,0.4833604647789319,1.0278171543032233e-12,0.0009172922000288963,not_checked,0.001,not_checked,not_checked,,,
circle_uniform_direct_n800,184,2026591785,True,ok,0.0024001845496857163,0.0006479598782617815,0.0024319989573459854,3.8380105904445467,3.9113186663865216,0.14589898659235728,0.14606593310924676,0.14147116929937448,0.14658531871307579,0.14658531871307567,800.0000000000005,800.0000000000005,0.00125,2.5735177877628246e-12,1.1262536483186825,5,1.0842021724855044e-17,1.734723475976807e-18,4.440892098500626e-15,0.001142344526300798,0.9450383087197292,1.050187651367125,0.4722129880277149,1.3212889983515996e-13,0.0009132500272244215,not_checked,0.001,not_checked,not_checked,,,
circle_uniform_direct_n800,185,2026591786,True,ok,0.0024137380371777157,0.0010277516423196956,0.00243006358956673,3.8595676724926107,3.9578825371618116,0.14430884618929465,0.14448333596801669,0.13821549295950777,0.1450045105589658,0.14500451055896563,800.0000000000005,800.0000000000005,0.00125,1.2411308092374895e-11,1.1425363076380264,5,8.239936510889834e-18,-1.3010426069826053e-18,-3.1086244689504383e-15,0.001206593495868269,0.9526035578613347,1.0424919078227337,0.47581223852899074,8.360209226287996e-13,0.0009133338462561369,not_checked,0.001,not_checked,not_checked,,,
circle_uniform_direct_n800,186,2026591787,True,ok,6.546000035970861e-05,0.001431903838556519,0.00040421052948231726,0.10473437016777734,0.10493921533048894,0.9489695151759336,0.9489702889336271,0.948883159392191,0.9489795778198783,0.9489795778198783,800.0000000000005,800.0000000000005,0.00125,4.12050671361186e-11,1.0877178196732094,4,-6.066910754158605e-15,-5.421010862427522e-20,0.0,8.152038782488491e-07,0.9830397036410088,1.0168334745822751,0.4908160585740221,3.1489186258504276e-12,0.000802875030785799,not_checked,0.001,not_checked,not_checked,,,
circle_uniform_direct_n800,187,2026591788,True,ok,0.00026383491907188165,0.0008465353737085704,0.0008023305096760216,0.4221073710942945,0.43259859407180695,0.8096259383038265,0.8096374812285976,0.8054941837706728,0.8097190565401137,0.8097190565401136,800.0000000000005,800.0000000000005,0.00125,2.8065700805046667e-11,1.0800863743787994,4,2.517532623341756e-13,2.168404344971009e-19,1.1657341758564144e-15,1.4249710358182899e-05,0.9748101447500688,1.0246564905384072,0.4869924811637729,6.451618753122723e-13,0.0007924579549580812,not_checked,0.001,not_checked,not_checked,,,
circle_uniform_direct_n800,188,2026591789,True,ok,0.0010242834605462127,0.0009941987331578898,0.0015905241554278714,1.638437708034785,1.6603934098802147,0.44026209652160475,0.440353740387994,0.43596352170822394,0.4406841962072412,0.440684196207241,800.0000000000005,800.0000000000005,0.00125,1.1562494017791636e-11,1.1078150318726956,5,6.071532165918825e-18,3.0357660829594124e-18,4.440892098500626e-15,0.00020791441957812573,0.9764557350602537,1.0215076821245672,0.48774248795690367,7.321053485664919e-13,0.0008886249270290136,not_checked,0.001,not_checked,not_checked,,,
circle_uniform_direct_n800,189,2026591790,True,ok,0.0028347565716571217,0.0001781222921004976,0.0025901249211204777,4.532415996636335,4.798000900556467,0.10292143457867828,0.10308613129319658,0.0908086757276227,0.10353917273762,0.10353917273761987,800.0000000000005,800.0000000000005,0.00125,2.050963565647379e-14,1.1185055533796502,5,2.6020852139652106e-18,-8.673617379884035e-18,-1.4210854715202004e-14,0.001597259007531271,0.9445226383099329,1.049830779135059,0.47217719826373644,7.664225157300031e-16,0.0008949581533670425,not_checked,0.001,not_checked,not_checked,,,
circle_uniform_direct_n800,190,2026591791,True,ok,0.00019211661085630536,0.00019946444698277517,0.0006888432030252019,0.3073714263136424,0.31127028574975146,0.8574802798008339,0.8574867782690774,0.8558714041908457,0.8575349963669936,0.8575349963669936,800.0000000000005,800.0000000000005,0.00125,3.830245148828126e-12,1.046895126154051,4,9.699305161120497e-14,6.2341624917916505e-19,1.1102230246251565e-15,7.575528223169314e-06,0.9779566276276693,1.0216541844457565,0.4888807792166752,1.9635562707037701e-13,0.000775208929553628,not_checked,0.001,not_checked,not_checked,,,
circle_uniform_direct_n800,191,2026591792,True,ok,0.0008442589155772421,0.0024839297168896095,0.0014981933706104792,1.3505592303425684,1.2708150332397536,0.508209784375178,0.5082746885816793,0.5297195747957789,0.5089491686929429,0.5089491686929426,800.0000000000005,800.0000000000005,0.00125,3.434752482434078e-16,1.1389974648433663,6,1.1600963245594897e-17,-1.734723475976807e-18,-2.886579864025407e-15,0.00012751729050985983,0.9353669620098599,1.0630372194082789,0.46652175740519364,2.6020852139652106e-17,0.001001833938062191,not_checked,0.001,not_checked,not_checked,,,
circle_uniform_direct_n800,192,2026591793,True,ok,0.003564421802779338,0.0017377658106761912,0.0029235422330914397,5.697677657441267,5.964619068749679,0.057259128611795246,0.0574139925858739,0.05067566142805999,0.05775545690265318,0.05775545690265311,800.0000000000005,800.0000000000005,0.00125,7.071761926047415e-11,1.1841060772554508,5,2.47198095326695e-17,1.3010426069826053e-18,3.552713678800501e-15,0.0026986135028383984,0.9416275842167191,1.0510417492882498,0.4699955890836787,6.828960574106757e-12,0.0008921681437641382,not_checked,0.001,not_checked,not_checked,,,
circle_uniform_direct_n800,193,2026591794,True,ok,0.0017462863948143796,0.0002458265003305427,0.0021019955023100804,2.792848331658717,2.7632439653901666,0.24671951400227476,0.2468690661678752,0.25117082775132477,0.2473306642825584,0.2473306642825582,800.0000000000005,800.0000000000005,0.00125,8.436307208370408e-14,1.0977576928478103,5,-2.168404344971009e-17,1.0625181290357943e-17,1.6431300764452317e-14,0.0006049500221458892,0.9841607347795167,1.0123634684795026,0.49195940052722265,2.7345747194429393e-15,0.0008842917159199715,not_checked,0.001,not_checked,not_checked,,,
circle_uniform_direct_n800,194,2026591795,True,ok,0.0002723237762823599,0.0004891913699851061,0.0008177483798129972,0.4356898737149535,0.44403532525770095,0.8041034647923115,0.8041147980472196,0.8009012181887677,0.804238814437784,0.8042388144377839,800.0000000000005,800.0000000000005,0.00125,1.68851946313886e-11,1.0648024836732985,4,-4.867431869885752e-13,-5.963111948670274e-19,-1.6653345369377348e-16,1.408416841128246e-05,0.9660245609082627,1.033444542693892,0.48277599728848236,9.209959184186545e-13,0.0007752920500934124,not_checked,0.001,not_checked,not_checked,,,
circle_uniform_direct_n800,195,2026591796,True,ok,0.001700715410542182,0.0006775899797971194,0.002021937678628946,2.7200095369822623,2.8338245724743865,0.2558207933846637,0.2559662227740709,0.2424615140283779,0.2565139247209408,0.25651392472094064,800.0000000000005,800.0000000000005,0.00125,3.024937939022365e-12,1.1121199327706137,5,5.204170427930421e-18,4.336808689942018e-18,5.329070518200751e-15,0.0005675599426151479,0.9547847376285254,1.0418498173348474,0.47706889010279546,1.5800273416022304e-13,0.0008847499266266823,not_checked,0.001,not_checked,not_checked,,,
circle_uniform_direct_n800,196,2026591797,True,ok,0.0005097599349467323,0.002122557303850809,0.0011359953588284625,0.8155166591146151,0.8063118645384155,0.6648661559564792,0.6648991723398117,0.6682078960259132,0.6651066016386963,0.6651066016386962,800.0000000000005,800.0000000000005,0.00125,1.4150387805944575e-10,1.123810900640636,5,-1.3010426069826053e-18,1.0842021724855044e-19,-2.220446049250313e-16,4.961840007849938e-05,0.9683188874037953,1.0306838614884357,0.48313179776050935,1.519422001411419e-11,0.0008845420088618994,not_checked,0.001,not_checked,not_checked,,,
circle_uniform_direct_n800,197,2026591798,True,ok,0.00036955303477153884,0.0006190816230449802,0.0009617632388047692,0.5912292355188634,0.5911356627881925,0.7438982604384214,0.7439189619807363,0.7441089390645217,0.7440534332695374,0.7440534332695372,800.0000000000005,800.0000000000005,0.00125,4.1092927671737556e-11,1.0757317126661887,4,5.358273503716648e-13,3.2526065174565133e-19,6.661338147750939e-16,2.7810057799559917e-05,0.9717151356369061,1.0275390853461563,0.48555677809255854,1.1809585427624558e-12,0.0007757090497761965,not_checked,0.001,not_checked,not_checked,,,
circle_uniform_direct_n800,198,2026591799,True,ok,0.0015537641607516516,9.804400979552663e-05,0.001965676561374062,2.48505208657863,2.501967724750888,0.2879330313211508,0.288073007212183,0.286223054190908,0.2885140977332588,0.28851409773325876,800.0000000000005,800.0000000000005,0.00125,3.616898447411643e-15,1.0877370077145478,5,9.540979117872439e-18,4.119968255444917e-18,5.773159728050814e-15,0.0004852853120069778,0.9802759752564265,1.016610275229878,0.490089932390332,7.147602822110688e-17,0.0008921250700950623,not_checked,0.001,not_checked,not_checked,,,
circle_uniform_direct_n800,199,2026591800,True,ok,0.00013240948881106714,9.374881148377345e-06,0.0005782855979752272,0.2118481725968355,0.2097248259293349,0.8994716587339332,0.8994748117524152,0.9004484040902145,0.8994897768292502,0.8994897768292502,800.0000000000005,800.0000000000005,0.00125,2.9929460602581837e-13,1.0248312008603597,4,-3.008118927561032e-16,-8.673617379884035e-19,-1.1102230246251565e-15,3.5047504360202764e-06,0.988825039989372,1.0109102169382784,0.49440788493432525,8.654101740779296e-16,0.0007716240361332893,not_checked,0.001,not_checked,not_checked,,,
circle_uniform_direct_n800,200,2026591801,True,ok,0.00010768786356771926,0.0005122703869904753,0.0005219992886598107,0.17229638595275193,0.1702547276458229,0.9174412971754353,0.9174432222157931,0.9183953066150521,0.9174563355618421,0.9174563355618421,800.0000000000005,800.0000000000005,0.00125,2.168907414779042e-12,1.0576416606702468,4,-5.838450382877891e-14,3.5236570605778894e-19,5.551115123125783e-16,2.0978777994923314e-06,0.9863674170808774,1.0134273207772504,0.492931070524337,1.0450711476761576e-13,0.0007749171927571297,not_checked,0.001,not_checked,not_checked,,,
circle_uniform_direct_n800,201,2026591802,True,ok,7.765474587462066e-06,0.0021734240775568596,0.00013822899657207137,0.01242470982902873,0.012628184121350557,0.9938050695240644,0.9938050941333438,0.9937057999299601,0.9938068772628506,0.9938068772628506,800.0000000000005,800.0000000000005,0.00125,1.6104050037935025e-10,1.1020435515344136,4,2.507827387594752e-16,7.928228386300251e-19,1.2628786905111156e-15,2.4755455291583517e-08,0.9762647986211658,1.0237108859986133,0.4870715588290114,1.670321433250299e-11,0.0007798331789672375,not_checked,0.001,not_checked,not_checked,,,
circle_uniform_direct_n800,202,2026591803,True,ok,0.0011024354488441543,0.002287992071100935,0.0017024619897645294,1.7633979814585774,1.6783635211397474,0.41329264990854264,0.4133958561307326,0.4320639105596755,0.41397555239961104,0.4139755523996109,800.0000000000005,800.0000000000005,0.00125,1.6925232743103535e-10,1.1451809342204633,5,6.938893903907228e-18,-1.5178830414797062e-18,-1.7763568394002505e-15,0.00024936834603517255,0.9469693771679267,1.0508002866107722,0.4724012591544649,2.0511380788290623e-11,0.0008829589933156967,not_checked,0.001,not_checked,not_checked,,,
circle_uniform_direct_n800,203,2026591804,True,ok,0.001801590556489761,0.0017831911967115185,0.002122373713415727,2.8811388125076025,2.8853940719750937,0.23597827982919806,0.23614454425877476,0.23628961692297243,0.23662647282030516,0.23662647282030502,800.0000000000005,800.0000000000005,0.00125,8.496659625878422e-11,1.1525665837218042,5,1.3660947373317356e-17,-2.168404344971009e-19,-8.881784197001252e-16,0.0007030389380082713,0.984137320628061,1.0121179670641494,0.4911911687441325,7.571156375452137e-12,0.000888291047886014,not_checked,0.001,not_checked,not_checked,,,
circle_uniform_direct_n800,204,2026591805,True,ok,0.00041656385228753656,0.000396516345682114,0.0010113662684609532,0.6664303260003921,0.6800740004078656,0.7162578443975058,0.7162836028289019,0.7117439876027203,0.716590248775093,0.7165902487750928,800.0000000000005,800.0000000000005,0.00125,3.50169060414629e-11,1.0684242704256028,4,1.3461551751775547e-12,-3.2526065174565133e-19,-6.661338147750939e-16,3.591882983339234e-05,0.9514293579040132,1.0477231632472244,0.4755260521186574,2.7263139662503377e-12,0.0007844157516956329,not_checked,0.001,not_checked,not_checked,,,
circle_uniform_direct_n800,205,2026591806,True,ok,0.006339180361675841,0.0004930891449553823,0.00401955095600039,10.126501816888986,9.984559568073891,0.00609584065258157,0.006145601685312092,0.0067901667194602,0.006273980424353601,0.0062739804243535854,800.0000000000005,800.0000000000005,0.00125,9.611339502058058e-13,1.188349155089007,5,9.627715291671279e-17,-1.734723475976807e-18,5.329070518200751e-15,0.008093380896182722,0.9637075569829973,1.0235985024453456,0.4816161768026436,4.432175113033843e-14,0.000894082710146904,not_checked,0.001,not_checked,not_checked,,,
circle_uniform_direct_n800,206,2026591807,True,ok,0.002258552075373124,0.0007067174489653273,0.00237395345665184,3.6116540297793174,3.6280038461125157,0.1634916708371532,0.16365795333131067,0.16300051428522735,0.16417182925425786,0.16417182925425766,800.0000000000005,800.0000000000005,0.00125,3.389438035794612e-12,1.1257417592518737,5,3.469446951953614e-18,-3.0357660829594124e-18,-3.9968028886505635e-15,0.0010146454088415524,0.9674847000639236,1.0280170373131536,0.48340047668130315,1.8697023096425625e-13,0.0008912908378988504,not_checked,0.001,not_checked,not_checked,,,
circle_uniform_direct_n800,207,2026591808,True,ok,0.0009056403592539405,0.0001318660154432509,0.0015307584663650973,1.448699199820974,1.4019185826897593,0.4840092566972546,0.4840880991058018,0.4961091622232443,0.4845608377595573,0.48456083775955716,800.0000000000005,800.0000000000005,0.00125,1.3137465768031653e-10,1.069697530876348,4,-2.381295030953745e-12,3.2526065174565133e-19,2.220446049250313e-16,0.00016268749266579174,0.9533363624848514,1.0448605175512518,0.47660532524431287,5.389105828257357e-12,0.0007862909696996212,not_checked,0.001,not_checked,not_checked,,,
circle_uniform_direct_n800,208,2026591809,True,ok,0.0010659114589504966,0.000821521522242092,0.0016023468418039932,1.7049872996725244,1.770988462592948,0.4257157777478604,0.42581617169299757,0.41251024741553943,0.4262500354742369,0.4262500354742369,800.0000000000005,800.0000000000005,0.00125,5.0334007795083124e-12,1.105710512057151,5,1.1926223897340549e-17,4.336808689942018e-19,4.440892098500626e-16,0.00023551732413562565,0.9623142967344354,1.0355170633819275,0.4807618701870222,3.413805696461658e-13,0.0008877499494701624,not_checked,0.001,not_checked,not_checked,,,
circle_uniform_direct_n800,209,2026591810,True,ok,0.0013336803973671989,0.0010016445948527303,0.0018203488707802145,2.1332008378411538,2.1484435699863433,0.3435728211134972,0.3436911505641784,0.3415634617109139,0.3440582454083958,0.3440582454083957,800.0000000000005,800.0000000000005,0.00125,1.1718560150031365e-11,1.1138254141209456,5,-4.7704895589362195e-18,1.0842021724855044e-18,2.220446049250313e-15,0.00034389897318276574,0.9915516645249574,1.0058290270903703,0.49527923192741297,7.542768493129515e-13,0.0008910829201340675,not_checked,0.001,not_checked,not_checked,,,
circle_uniform_direct_n800,210,2026591811,True,ok,0.0002379321260095234,0.0003703043382417703,0.0007872877113446307,0.38066951334410726,0.36547622058794516,0.8264918216875583,0.8265008765321538,0.8329862777052883,0.8266733029117462,0.8266733029117461,800.0000000000005,800.0000000000005,0.00125,1.0170954356514272e-11,1.0578995953925996,4,-2.1312872256970539e-13,1.1384122811097797e-18,1.3877787807814457e-15,1.0944135565210678e-05,0.9547263625705248,1.0448060168427022,0.47718641068411777,4.072087719103612e-13,0.0007760841399431229,not_checked,0.001,not_checked,not_checked,,,
circle_uniform_direct_n800,211,2026591812,True,ok,0.0005261080941589863,0.00028933685950445986,0.0011209432299294636,0.8416595328477381,0.8813694979791444,0.6560997490505223,0.6561369981156526,0.6435955687483779,0.656464622110559,0.6564646221105589,800.0000000000005,800.0000000000005,0.00125,5.7047207235871866e-11,1.0670886869994025,4,1.920347886784357e-12,-1.0842021724855044e-19,5.551115123125783e-16,5.6708903320268345e-05,0.9548360218353578,1.0440993390337332,0.47727987492218826,3.79666111917365e-12,0.0007788329385221004,not_checked,0.001,not_checked,not_checked,,,
circle_uniform_direct_n800,212,2026591813,True,ok,0.0008990548900315492,0.001093031863215129,0.0014690730933294173,1.4381827715978053,1.4990409562917257,0.48662597904865235,0.48670029024690187,0.4725931171431672,0.4871204226530562,0.4871204226530559,800.0000000000005,800.0000000000005,0.00125,1.5937910713414993e-11,1.1056527904229907,5,7.15573433840433e-18,1.3010426069826053e-18,8.881784197001252e-16,0.0001525262263371019,0.9581793352085307,1.0400748317994146,0.4785660063184348,1.0694717680892474e-12,0.0008917921222746372,not_checked,0.001,not_checked,not_checked,,,
circle_uniform_direct_n800,213,2026591814,True,ok,0.0003844805424565111,0.0010686701037310523,0.000995199285625177,0.615103159924388,0.5971755991262961,0.735037431019469,0.7350615981387298,0.7418651435550713,0.73522078732062,0.73522078732062,800.0000000000005,800.0000000000005,0.00125,8.230245651663637e-11,1.0941612635645603,4,3.3151374982838544e-12,3.7947076036992655e-19,3.3306690738754696e-16,3.285400301505925e-05,0.9686603855298144,1.0305292895767526,0.4838126259110578,7.242576764016073e-12,0.0007764168549329042,not_checked,0.001,not_checked,not_checked,,,
circle_uniform_direct_n800,214,2026591815,True,ok,0.000439486714158434,0.0011564589481056053,0.0010525229856452466,0.7030940579036175,0.6977392023750142,0.7034193828015658,0.7034491849763123,0.7054851186939426,0.7035689682599775,0.7035689682599775,800.0000000000005,800.0000000000005,0.00125,1.0985935425256166e-10,1.098721380843917,4,4.325645419113455e-12,5.421010862427522e-20,-8.881784197001252e-16,4.234237493866422e-05,0.980848685629364,1.0182305532469422,0.4898572145533753,9.503729834353658e-12,0.000767833087593317,not_checked,0.001,not_checked,not_checked,,,
circle_uniform_direct_n800,215,2026591816,True,ok,0.0008124925274085753,0.0014708830868098975,0.0014168204766482648,1.2997373314212395,1.3171385282273642,0.521665340212423,0.5217308015275304,0.5175913414949025,0.5220488975981801,0.5220488975981799,800.0000000000005,800.0000000000005,0.00125,4.5656027569673796e-11,1.114939949006958,5,1.734723475976807e-18,2.6020852139652106e-18,3.9968028886505635e-15,0.00012535621624087945,0.9675025395456426,1.030917415117923,0.4830397716223461,3.5059286203342754e-12,0.0008944999426603317,not_checked,0.001,not_checked,not_checked,,,
circle_uniform_direct_n800,216,2026591817,True,ok,0.0005908003269125177,0.0017697911568721036,0.0012072548728214807,0.9451490692357328,0.9584317422792725,0.6231357424688874,0.6231767288374241,0.6192687880036825,0.6233542753610826,0.6233542753610823,800.0000000000005,800.0000000000005,0.00125,8.138999890716647e-11,1.117010857353437,5,-3.3610267347050637e-18,0.0,-2.220446049250313e-16,6.572691214801196e-05,0.9783696932418999,1.0204864754886984,0.488319078252689,7.346273762920408e-12,0.0008965411689132452,not_checked,0.001,not_checked,not_checked,,,
circle_uniform_direct_n800,217,2026591818,True,ok,0.0041554794213591395,0.003252954492918199,0.0032555597987355095,6.641208654541699,6.530433851836598,0.035496770077414225,0.03563168405869027,0.03818865007710951,0.035994701313777515,0.03599470131377746,800.0000000000005,800.0000000000005,0.00125,1.6167622796103842e-15,1.2275783996427956,6,1.5178830414797062e-16,-1.0408340855860843e-17,-1.5987211554602254e-14,0.0037792098164639576,0.9739042475954727,1.017431778126383,0.485368155947415,3.4867941867133823e-16,0.001000208081677556,not_checked,0.001,not_checked,not_checked,,,
circle_uniform_direct_n800,218,2026591819,True,ok,0.0026858247076385396,0.0002190375892528382,0.0025887284293160434,4.294415440694811,4.312322359972492,0.11596804196894481,0.11613698840837888,0.11576868425575536,0.11664037845203606,0.11664037845203591,800.0000000000005,800.0000000000005,0.00125,5.1448428850520145e-14,1.119033091188522,5,-5.637851296924623e-18,7.806255641895632e-18,1.2434497875801753e-14,0.0014520457634272788,0.9823453042968647,1.012270885806787,0.4910650678559049,1.720737267951744e-15,0.0008940000552684069,not_checked,0.001,not_checked,not_checked,,,
circle_uniform_direct_n800,219,2026591820,True,ok,0.0023661442412706893,0.0011379771236281308,0.002422725164204584,3.7836807012116096,3.819818648446266,0.14997118805653345,0.15013286723439567,0.14809381450833978,0.15063201653509523,0.15063201653509503,800.0000000000005,800.0000000000005,0.00125,1.4897687250492453e-11,1.1370818042471,5,-9.974659986866641e-18,2.6020852139652106e-18,6.661338147750939e-15,0.0010750424107477397,0.9876329283063687,1.0077376184337694,0.49325448582160825,1.256484933459534e-12,0.0008902919944375753,not_checked,0.001,not_checked,not_checked,,,
circle_uniform_direct_n800,220,2026591821,True,ok,0.005370545025507596,0.0009229947950415126,0.003666877705865679,8.581195267244464,8.618741977289563,0.013362955430942302,0.013441395139633397,0.013442002107565717,0.013617003355687048,0.013617003355687008,800.0000000000005,800.0000000000005,0.00125,6.487012316203078e-12,1.1863546586916702,5,6.245004513516506e-17,6.071532165918825e-18,8.881784197001252e-15,0.005838386783847405,0.9526248583803536,1.0365946644416937,0.4758727823021146,5.438531569534888e-13,0.0008908750023692846,not_checked,0.001,not_checked,not_checked,,,
circle_uniform_direct_n800,221,2026591822,True,ok,0.0005267880143629972,5.432066307558744e-06,0.0011518123658610874,0.8427498184947316,0.8372566270008946,0.6559116492379653,0.6559480788558852,0.6579487004747244,0.656107644358082,0.6561076443580818,800.0000000000005,800.0000000000005,0.00125,7.156228951435417e-12,1.0474696524093121,4,5.86616259040662e-14,-4.336808689942018e-19,-6.661338147750939e-16,5.5502243032135024e-05,0.9780192847484249,1.020927288494074,0.48900698604124787,5.802303082447224e-14,0.0007754161488264799,not_checked,0.001,not_checked,not_checked,,,
circle_uniform_direct_n800,222,2026591823,True,ok,0.002107556992083001,0.0013513432506553503,0.00228253496744319,3.370405455923853,3.4203101024274094,0.18456035049522712,0.18471618411369545,0.18083775133043312,0.18525063376718393,0.1852506337671838,800.0000000000005,800.0000000000005,0.00125,2.989566927347198e-11,1.1375333629539894,5,-3.469446951953614e-18,4.7704895589362195e-18,6.661338147750939e-15,0.0008428657044750043,0.9525742339139128,1.0433265449815863,0.475643509805029,2.4980560155152265e-12,0.000889332965016365,not_checked,0.001,not_checked,not_checked,,,
circle_uniform_direct_n800,223,2026591824,True,ok,0.0021041116322940345,0.0003438926309168928,0.0022681393897789554,3.3648069160630905,3.446527811191947,0.18508883110105867,0.18525317437879424,0.17848264567539024,0.1857619421676085,0.18576194216760836,800.0000000000005,800.0000000000005,0.00125,2.0984776416543838e-13,1.1107018371410262,5,-8.673617379884035e-19,8.673617379884035e-19,8.881784197001252e-16,0.0008858478036832818,0.9728147105244421,1.0229801008030945,0.486240085344114,1.0483259225979591e-14,0.000888667069375515,not_checked,0.001,not_checked,not_checked,,,
circle_uniform_direct_n800,224,2026591825,True,ok,0.00020372164060619236,0.0002689419674196845,0.000712091614856515,0.32593739578843167,0.3275653270392608,0.849553377685106,0.8495606991556124,0.8489265045306628,0.8496104637461144,0.8496104637461143,800.0000000000005,800.0000000000005,0.00125,5.097330543768486e-12,1.0520372815273549,4,1.6600219462925558e-13,1.0842021724855044e-19,1.6653345369377348e-16,8.614590738142969e-06,0.9786867170524073,1.0208983228222122,0.48921175285109747,3.3942304262374323e-13,0.0007707923650741577,not_checked,0.001,not_checked,not_checked,,,
circle_uniform_direct_n800,225,2026591826,True,ok,0.0013042899697796283,0.000371416692344561,0.0018017794415636826,2.0861968649254443,2.09787547160877,0.35175201495450503,0.35186951022659074,0.35030967295844995,0.35224371323183196,0.3522437132318318,800.0000000000005,800.0000000000005,0.00125,3.6229699795775616e-13,1.0914437943836444,5,-4.7704895589362195e-18,1.5178830414797062e-18,1.7763568394002505e-15,0.00033354336098101456,0.9847864973873821,1.0126323114580675,0.49221036534626267,1.4262354318395065e-14,0.0008917087689042091,not_checked,0.001,not_checked,not_checked,,,
circle_uniform_direct_n800,226,2026591827,True,ok,0.0010075232182377928,0.0005729370851804349,0.0015975387204134094,1.6116262346667491,1.593118118659653,0.44616180479826917,0.4462535830907717,0.4508777415215832,0.44663276600460255,0.44663276600460233,800.0000000000005,800.0000000000005,0.00125,1.4930973124549496e-12,1.0940388891479167,5,-4.9873299934333204e-18,1.5178830414797062e-18,1.3322676295501878e-15,0.00020545725686016425,0.9675791894182969,1.0303954313896693,0.4835124079727206,8.07637377114867e-14,0.0008875420317053795,not_checked,0.001,not_checked,not_checked,,,
circle_uniform_direct_n800,227,2026591828,True,ok,0.0019365630471192383,0.0017182970864487545,0.0021863924767718096,3.096884975283009,3.1432310037845594,0.21172023162205497,0.2118916703527864,0.20770935630808962,0.2124071265471417,0.21240712654714147,800.0000000000005,800.0000000000005,0.00125,6.487238524144345e-11,1.153618572816193,5,-8.673617379884035e-18,-3.0357660829594124e-18,-6.661338147750939e-15,0.0008079500538868967,0.9712788668792449,1.024708294923476,0.4848049737878906,6.528175135883663e-12,0.000903791980817914,not_checked,0.001,not_checked,not_checked,,,
circle_uniform_direct_n800,228,2026591829,True,ok,0.002994386066991286,0.0017757424039553812,0.002721706758829988,4.787386862156674,4.854756577479235,0.0904979579458427,0.09066275152471864,0.08826794255711838,0.09112629717910127,0.0911262971791011,800.0000000000005,800.0000000000005,0.00125,8.688282732149943e-11,1.169546674910338,5,3.903127820947816e-18,-7.806255641895632e-18,-9.769962616701378e-15,0.0018154225146935765,0.9618467986270604,1.0321432296565738,0.4800694361765033,7.445522497151469e-12,0.0008919159881770611,not_checked,0.001,not_checked,not_checked,,,
circle_uniform_direct_n800,229,2026591830,True,ok,0.004670315771962539,0.004384777876542649,0.003370919572823584,7.462881999626112,7.697331819677725,0.02343895156656455,0.02355244174124506,0.021308144470615985,0.023843285836505072,0.023843285836505045,800.0000000000005,800.0000000000005,0.00125,4.642120021713936e-15,1.255990416888637,6,3.686287386450715e-16,1.0408340855860843e-17,1.509903313490213e-14,0.004811617756976805,0.9679116734769673,1.0223224318019994,0.4818339141278603,9.471590178833367e-16,0.001000292133539915,not_checked,0.001,not_checked,not_checked,,,
circle_uniform_direct_n800,230,2026591831,True,ok,0.001283440162024281,0.00019449564606317988,0.0018046684956795598,2.0528380195837825,2.0244408376175524,0.35767220860242566,0.35779152968705485,0.363411158081682,0.3581683579151268,0.35816835791512674,800.0000000000005,800.0000000000005,0.00125,3.7636560534792807e-14,1.085681719561286,5,-8.239936510889834e-18,-1.3010426069826053e-18,-1.7763568394002505e-15,0.00033311982753403413,0.9832179998840428,1.0142022524818701,0.4915133848911193,1.0770464381471001e-15,0.0008914580103009939,not_checked,0.001,not_checked,not_checked,,,
circle_uniform_direct_n800,231,2026591832,True,ok,0.0005978022431459533,0.00029317712041958906,0.001226101794134119,0.9563413947173882,0.9511868485688078,0.6196869012462335,0.6197309879447495,0.621516124247901,0.6198722971377031,0.6198722971377029,800.0000000000005,800.0000000000005,0.00125,5.6179672025535865e-11,1.0685702738671594,4,-3.465004975652941e-13,1.0842021724855044e-18,1.5543122344752192e-15,7.109715806880024e-05,0.9906489253961641,1.0081592389320109,0.49517924321004436,8.032038575911393e-13,0.0007803328335285187,not_checked,0.001,not_checked,not_checked,,,
circle_uniform_direct_n800,232,2026591833,True,ok,0.0014414710985034217,0.0005494508962701609,0.0018829694878630943,2.3055064411081228,2.346190014431645,0.31506926017606485,0.3152029601083949,0.30940783832358787,0.31563244888516984,0.3156324488851697,800.0000000000005,800.0000000000005,0.00125,1.369432345299515e-12,1.1049116422315286,5,5.854691731421724e-18,8.673617379884035e-19,8.881784197001252e-16,0.0004236582486767393,0.9776878186567315,1.0194036768018346,0.4885753185119712,6.83409492191478e-14,0.0008820409420877695,not_checked,0.001,not_checked,not_checked,,,
circle_uniform_direct_n800,233,2026591834,True,ok,0.00019869603381536993,0.0005880866728590565,0.0007032892902763991,0.3178965605549299,0.31932282715239224,0.853000532389061,0.8530078245580477,0.8524323621350058,0.8530331861312919,0.8530331861312919,800.0000000000005,800.0000000000005,0.00125,9.837526626643722e-12,1.0679126721963046,4,3.345328842500189e-13,-6.505213034913027e-19,-1.27675647831893e-15,8.546774831114101e-06,0.9912117636646333,1.0083745093169654,0.49531442231004447,7.188587832634985e-13,0.0007699590642005205,not_checked,0.001,not_checked,not_checked,,,
circle_uniform_direct_n800,234,2026591835,True,ok,0.0005232259970302576,0.0009711919535616528,0.0011292230440806137,0.8370600250451949,0.8591473325115435,0.657752643757141,0.6577860733700946,0.6507864878281433,0.6579799642265058,0.6579799642265056,800.0000000000005,800.0000000000005,0.00125,1.2600459564637845e-10,1.091390891192936,4,-4.8843482427021745e-12,0.0,2.220446049250313e-16,5.0785101608830097e-05,0.9710035606454815,1.0279890106865504,0.4850302637027511,8.982476654845195e-12,0.0007750422228127718,not_checked,0.001,not_checked,not_checked,,,
circle_uniform_direct_n800,235,2026591836,True,ok,0.0036977009228130785,0.0005063829097284786,0.0030473882731227946,5.910781477694589,5.900616311055266,0.051347140017355686,0.051490091355815795,0.05232357966355921,0.05191431342743236,0.05191431342743226,800.0000000000005,800.0000000000005,0.00125,1.0896075708366482e-12,1.1485862165375635,5,6.071532165918825e-18,5.204170427930421e-18,6.217248937900877e-15,0.0027699994031702424,0.9881742177110494,1.0043941532971616,0.4938369076517048,4.9312333730289204e-14,0.0008812909945845604,not_checked,0.001,not_checked,not_checked,,,
circle_uniform_direct_n800,236,2026591837,True,ok,0.00021902451578162396,0.0012364363737882118,0.0007430938253481543,0.35041722332874037,0.34773970790924824,0.8391936817725286,0.8392029184519729,0.8404062660933836,0.8392726856509509,0.8392726856509508,800.0000000000005,800.0000000000005,0.00125,2.8350797404153028e-11,1.0923473395124939,4,8.021692305629907e-13,0.0,-5.551115123125783e-17,1.1000960929097303e-05,0.9740366233273763,1.0254936079702102,0.48641612386766314,1.8859332498455395e-12,0.0007736259140074253,not_checked,0.001,not_checked,not_checked,,,
circle_uniform_direct_n800,237,2026591838,True,ok,0.0009225535876124869,0.003439070444226454,0.001544175312259013,1.4757803991022929,1.428990829619889,0.4775488082601914,0.47762180154239187,0.4894390131771875,0.4780486037904179,0.4780486037904178,800.0000000000005,800.0000000000005,0.00125,2.3592239273284576e-16,1.1607633960731578,6,6.613633252161577e-18,-1.951563910473908e-18,-1.1102230246251565e-15,0.00015267053884349124,0.9576568898832795,1.0405980068009606,0.4771815039386147,2.7755575615628914e-17,0.0009973749984055758,not_checked,0.001,not_checked,not_checked,,,
circle_uniform_direct_n800,238,2026591839,True,ok,0.00010705683462535788,0.0027969737900484515,0.0005083860741475097,0.17128697010957916,0.17746043275454754,0.9178508070481755,0.9178526283519717,0.9150924172232157,0.9179196056876205,0.9179196056876204,800.0000000000005,800.0000000000005,0.00125,1.570916704010661e-11,1.1231852629683825,5,-7.688763362968809e-14,-7.860465750519907e-19,-1.0547118733938987e-15,1.9826454967786233e-06,0.9596363535734268,1.0401674629267152,0.47847621228022474,1.6076376341267462e-13,0.0008834167383611202,not_checked,0.001,not_checked,not_checked,,,
circle_uniform_direct_n800,239,2026591840,True,ok,0.0017842403197311026,0.0011468001809384477,0.0020797642496709614,2.85356820033732,2.9472958084718712,0.23928514619408486,0.23943093377171826,0.22908826700964824,0.23993379309893,0.23993379309892984,800.0000000000005,800.0000000000005,0.00125,1.783628106322155e-11,1.1264474694904725,5,2.168404344971009e-19,-2.6020852139652106e-18,-2.220446049250313e-15,0.0006081556162227386,0.9657107823681281,1.0308056030555892,0.48230164923008795,1.2958839730459193e-12,0.0008872922044247389,not_checked,0.001,not_checked,not_checked,,,
circle_uniform_direct_n800,240,2026591841,True,ok,0.0005949540459504992,3.373179807759703e-08,0.0012248691979906698,0.9517848809268439,0.944460855073018,0.6210477587499468,0.621091760757964,0.6236097994907829,0.6212863223255496,0.6212863223255496,800.0000000000005,800.0000000000005,0.00125,2.509213648492492e-12,1.050001998360574,3,9.378023531347868e-14,1.5178830414797062e-18,2.55351295663786e-15,7.079629697770429e-05,0.9758561063169366,1.0229541635183894,0.4879280366997781,9.362497756237875e-14,0.0006601670756936073,not_checked,0.001,not_checked,not_checked,,,
circle_uniform_direct_n800,241,2026591842,True,ok,0.003388882021483928,0.001580580738582187,0.0029253042591210017,5.417770697296914,5.378774559767276,0.06587827354914408,0.06602514056405573,0.06792254413356769,0.06646328312989438,0.06646328312989427,800.0000000000005,800.0000000000005,0.00125,4.3008090144791566e-11,1.165908697064831,5,4.336808689942018e-19,2.6020852139652106e-18,6.217248937900877e-15,0.0022202685386867316,0.9764888558104547,1.0168630585971274,0.48747275841131843,4.674333402981956e-12,0.0008926249574869871,not_checked,0.001,not_checked,not_checked,,,
circle_uniform_direct_n800,242,2026591843,True,ok,0.0007533057882001875,0.0011058699167501656,0.0013470718509302727,1.2050734830366925,1.2515507877680834,0.5469473250647561,0.5470063987534615,0.5348465509485051,0.547362149592413,0.5473621495924128,800.0000000000005,800.0000000000005,0.00125,1.4549403348773637e-11,1.1027506845895922,5,5.421010862427522e-18,2.168404344971009e-18,2.6645352591003757e-15,0.00010788904180414338,0.9605941549903095,1.0379383333254897,0.4797659440102736,1.120592767883677e-12,0.0008858758956193924,not_checked,0.001,not_checked,not_checked,,,
circle_uniform_direct_n800,243,2026591844,True,ok,0.0012674304169325809,0.00046274134636266166,0.0017821035036915483,2.0272331136880357,2.0250471434676016,0.3622926049941233,0.3624115274592171,0.36330100562348644,0.36278520792793817,0.36278520792793806,800.0000000000005,800.0000000000005,0.00125,7.270434254635916e-13,1.0973317163336267,5,3.686287386450715e-18,1.5178830414797062e-18,1.3322676295501878e-15,0.000327776702047311,0.9832309688483964,1.0142107581185202,0.4913879893766963,3.437506355952191e-14,0.0008883748669177294,not_checked,0.001,not_checked,not_checked,,,
circle_uniform_direct_n800,244,2026591845,True,ok,0.00185845265263307,0.0009229326994108162,0.00211158170339892,2.972093904771225,3.1016839879775975,0.22539824217533305,0.2255597381051428,0.21206933752454624,0.22610356734163817,0.226103567341638,800.0000000000005,800.0000000000005,0.00125,8.35605543092477e-12,1.1279291487978402,5,-5.854691731421724e-18,3.2526065174565133e-18,4.440892098500626e-15,0.0007151697208442886,0.9576985877452849,1.0385243797979562,0.47840734744665914,5.437432188531988e-13,0.0008852079045027494,not_checked,0.001,not_checked,not_checked,,,
circle_uniform_direct_n800,245,2026591846,True,ok,0.0019729433564182543,0.00042809244172687397,0.002188843604409841,3.155177535041923,3.253262601795919,0.20564822698346652,0.20580606636850102,0.19659071487422872,0.2063142710424037,0.20631427104240357,800.0000000000005,800.0000000000005,0.00125,4.620366589325187e-13,1.1091645402837995,5,-1.3444106938820255e-17,2.168404344971009e-18,3.552713678800501e-15,0.0007659176136429746,0.9688354796625361,1.0272543081051244,0.4842103630192986,2.517398182272368e-14,0.0008896237704902887,not_checked,0.001,not_checked,not_checked,,,
circle_uniform_direct_n800,246,2026591847,True,ok,0.0002700059456885863,0.00026921232196309465,0.0008085272827869233,0.4319802936619232,0.4469903940252359,0.8054604498927618,0.8054722340183629,0.7997187328973551,0.8057314693616441,0.8057314693616441,800.0000000000005,800.0000000000005,0.00125,9.854276682846885e-12,1.0546280693795707,4,3.4091436271199704e-14,-7.589415207398531e-19,-5.551115123125783e-16,1.4609719907549001e-05,0.9460765509104312,1.053383138833495,0.4729109284563269,7.207819410770533e-14,0.000788623932749033,not_checked,0.001,not_checked,not_checked,,,
circle_uniform_direct_n800,247,2026591848,True,ok,0.00044327613820580166,0.0007315082074027634,0.0010327418855583088,0.7091652055246823,0.7389062240723696,0.7009323281735544,0.7009592253041431,0.6911121882424446,0.7014393010420109,0.7014393010420107,800.0000000000005,800.0000000000005,0.00125,7.016097338524707e-11,1.0816808654838466,4,-9.472475972008287e-13,-2.1141942363467336e-18,-2.9976021664879227e-15,3.830780230035247e-05,0.9372702802283125,1.0618555185942284,0.46829232817227096,1.6641835479114242e-12,0.0007704989984631538,not_checked,0.001,not_checked,not_checked,,,
circle_uniform_direct_n800,248,2026591849,True,ok,0.0003235146552117865,0.0006737589278823259,0.0009140163477708091,0.5175791401156665,0.5013834927142069,0.7717714759453258,0.7717885892355489,0.7782622367570067,0.7719683523449888,0.7719683523449887,800.0000000000005,800.0000000000005,0.00125,2.9695150852160346e-11,1.0768803691382882,4,1.0450764602668028e-12,-5.421010862427522e-19,-9.992007221626409e-16,2.2154111596117687e-05,0.960986698173453,1.0383474739129457,0.4801696089512265,2.227862425790983e-12,0.000770751154050231,not_checked,0.001,not_checked,not_checked,,,
circle_uniform_direct_n800,249,2026591850,True,ok,0.0008305688602751656,0.001006583996830247,0.0014538384313397491,1.3286529131217235,1.3061914296534216,0.5142281870973917,0.5142943954424184,0.5204321708302365,0.5145538377751464,0.5145538377751465,800.0000000000005,800.0000000000005,0.00125,8.835886883273858e-12,1.1007633422915428,5,5.204170427930421e-18,4.336808689942018e-19,1.7763568394002505e-15,0.00012863165927112785,0.9779808653095186,1.0204161331445099,0.4884982384416949,7.692375382506444e-13,0.000891626114025712,not_checked,0.001,not_checked,not_checked,,,
circle_uniform_direct_n800,250,2026591851,True,ok,0.0006524842217308603,0.0033931023975397627,0.0012650963385562298,1.043767268379006,1.064507760300039,0.5930505306953318,0.5931121117877083,0.5872798185478865,0.5933401845806827,0.5933401845806826,800.0000000000005,800.0000000000005,0.00125,4.787836793695988e-16,1.161012579533405,6,4.336808689942018e-18,-6.505213034913027e-19,-2.220446049250313e-16,0.00010374319518546837,0.9753436027487105,1.0232107735139875,0.48601717812666434,9.540979117872439e-18,0.0010058339685201645,not_checked,0.001,not_checked,not_checked,,,
circle_uniform_direct_n800,251,2026591852,True,ok,0.0005662463299323729,0.0007097933510691354,0.0011776169901594078,0.9058588903434059,0.9257830233522266,0.6354234470355313,0.6354664536478456,0.6294609179639505,0.6357200001319881,0.6357200001319878,800.0000000000005,800.0000000000005,0.00125,1.1417105802435934e-10,1.0874548098113719,4,5.294983418738242e-12,-7.589415207398531e-19,-1.6653345369377348e-15,6.761877419564355e-05,0.9653987441394015,1.0334390579396906,0.4823567584775419,1.0932246861244943e-11,0.0007972498424351215,not_checked,0.001,not_checked,not_checked,,,
circle_uniform_direct_n800,252,2026591853,True,ok,0.00032600788046362574,0.0009352172059623161,0.0008830392501983163,0.5215724851966976,0.5452772684221461,0.7702034515344858,0.7702189188862083,0.7613678702243085,0.7704301341130189,0.7704301341130187,800.0000000000005,800.0000000000005,0.00125,4.669340261664878e-11,1.0842631327033836,4,-9.049728197721429e-13,-1.6263032587282567e-19,0.0,2.0061772551926982e-05,0.956525498597199,1.042841086677878,0.47781547611178704,1.5256971033772437e-12,0.000798333203420043,not_checked,0.001,not_checked,not_checked,,,
circle_uniform_direct_n800,253,2026591854,True,ok,0.0018432717783273826,0.0006055883594042861,0.0021635976020454805,2.9479037018227525,2.908749681841605,0.2281960702369673,0.22834823379245542,0.23354632187645522,0.22886626934641047,0.22886626934641022,800.0000000000005,800.0000000000005,0.00125,1.967943169534081e-12,1.1124499643984211,5,-7.37257477290143e-18,1.3010426069826053e-18,1.3322676295501878e-15,0.0006655717505306136,0.9629373993521787,1.0334178375398322,0.4811771221119767,1.0083427148810387e-13,0.0009049579966813326,not_checked,0.001,not_checked,not_checked,,,
circle_uniform_direct_n800,254,2026591855,True,ok,0.0004665986141372644,0.0010084468508028649,0.0011079019486043302,0.7464677187696273,0.7101043185942781,0.6880075180787084,0.6880385476895325,0.7011368714483891,0.6884731968749724,0.6884731968749724,800.0000000000005,800.0000000000005,0.00125,1.1141419731242053e-10,1.0936402469634556,4,1.98481080746285e-12,-2.8189256484623115e-18,-3.9968028886505635e-15,4.503192499810682e-05,0.9422444940205809,1.0568077382548098,0.4706471366458312,4.524887842888292e-12,0.0007837091106921434,not_checked,0.001,not_checked,not_checked,,,
circle_uniform_direct_n800,255,2026591856,True,ok,5.1179091867166807e-05,0.0028905791490119407,0.00035384489093049764,0.08188624063340748,0.08373074617161222,0.9598620139568845,0.9598621610647992,0.9589988789420194,0.9598835792452983,0.9598835792452983,800.0000000000005,800.0000000000005,0.00125,3.660884963230249e-12,1.1196793271026708,5,-4.7224594026951117e-14,-1.2197274440461925e-19,-4.440892098500626e-16,1.5317702972694747e-07,0.967514690151679,1.0324203705227954,0.4823588396246135,9.43689570931383e-16,0.0008817068301141262,not_checked,0.001,not_checked,not_checked,,,
circle_uniform_direct_n800,256,2026591857,True,ok,0.0010252969602607444,0.0005772018766556871,0.0015921301152288085,1.6400626429332525,1.660519387912327,0.43989003882239086,0.43998087159477306,0.43593606165980503,0.44032703437453014,0.44032703437453,800.0000000000005,800.0000000000005,0.00125,1.4269800618915696e-12,1.0928355123928515,5,-4.336808689942018e-19,-2.168404344971009e-18,-3.9968028886505635e-15,0.0002062467419696734,0.9733125199430354,1.0246582262278126,0.4863753678150773,8.319083269481276e-14,0.00088095897808671,not_checked,0.001,not_checked,not_checked,,,
circle_uniform_direct_n800,257,2026591858,True,ok,0.0002477083057038547,0.00227817503246704,0.0008027485188140606,0.39631163152516213,0.3809148077126047,0.8200729645336122,0.8200818530043117,0.826580966140791,0.8202331543524588,0.8202331543524587,800.0000000000005,800.0000000000005,0.00125,1.9718100069399114e-10,1.1178849417438999,4,-8.305547005357794e-13,8.673617379884035e-19,8.326672684688674e-16,1.0828800502821201e-05,0.9589204551885887,1.040614197390715,0.47836787411173143,2.0161768955750947e-11,0.0007737500127404928,not_checked,0.001,not_checked,not_checked,,,
circle_uniform_direct_n800,258,2026591859,True,ok,0.00018516291486357465,0.0010014610746092879,0.0006866703614226921,0.29624890970891,0.29089305816962924,0.8622747525473755,0.8622798218569474,0.864636121722649,0.8623187199885812,0.8623187199885812,800.0000000000005,800.0000000000005,0.00125,1.23367722287826e-11,1.0799283876584087,4,-4.4213661594752485e-13,1.0299920638612292e-18,1.4988010832439613e-15,5.877036404811076e-06,0.9805552913741451,1.0191005191347111,0.48978667211086624,7.537317124606258e-13,0.0007719588465988636,not_checked,0.001,not_checked,not_checked,,,
circle_uniform_direct_n800,259,2026591860,True,ok,0.0002473199238783785,0.0031897859343277537,0.0007694959512386831,0.3956897865068398,0.4133247980912067,0.8203089498328675,0.8203180200230424,0.8132941725342796,0.8204880448681886,0.8204880448681885,800.0000000000005,800.0000000000005,0.00125,8.59453584689529e-11,1.1378326735470432,5,-6.452493704275919e-13,-7.047314121155779e-19,-1.1657341758564144e-15,1.1045849283020104e-05,0.9558884052706502,1.043643125061863,0.47641986013228277,8.42270697631875e-13,0.0008775829337537289,not_checked,0.001,not_checked,not_checked,,,
circle_uniform_direct_n800,260,2026591861,True,ok,0.003852338144477145,0.0006747648975138608,0.0030768605717783172,6.157856767665505,6.283983374004573,0.04535211260553121,0.04548618603912481,0.043196677906468306,0.04587336949503005,0.04587336949502997,800.0000000000005,800.0000000000005,0.00125,2.968642692779966e-12,1.1525282369769507,5,-1.734723475976807e-18,6.071532165918825e-18,9.769962616701378e-15,0.002942131748965071,0.9740426515136926,1.0182996641024575,0.4866926992341538,1.5537701333889764e-13,0.0008902908302843571,not_checked,0.001,not_checked,not_checked,,,
circle_uniform_direct_n800,261,2026591862,True,ok,0.0004139328058098278,0.0012618837196381712,0.0010202283445951803,0.6622287300460581,0.6586162571552671,0.7179981023281161,0.7180210018906288,0.7194213083270256,0.7181001430584621,0.7181001430584621,800.0000000000005,800.0000000000005,0.00125,9.69909881576303e-11,1.0974456791514182,4,-2.286490441427702e-12,-1.5178830414797062e-18,-2.4424906541753444e-15,3.187962483341966e-05,0.9911482656875961,1.0080534578554983,0.4949487906913542,3.716490223210078e-12,0.0007741248700767756,not_checked,0.001,not_checked,not_checked,,,
circle_uniform_direct_n800,262,2026591863,True,ok,0.002829568445545482,0.00016165732185986027,0.002658163558493787,4.524122519746361,4.539904632779859,0.10330915248431646,0.10347435426272783,0.10331710649826456,0.1039698052181965,0.10396980521819636,800.0000000000005,800.0000000000005,0.00125,1.453871745216162e-14,1.1179810853321428,5,1.3010426069826053e-18,-4.7704895589362195e-18,-6.217248937900877e-15,0.001593496563206731,0.9839285903631533,1.0104313539014143,0.49188476509198675,5.21772295508649e-16,0.0008930840995162725,not_checked,0.001,not_checked,not_checked,,,
circle_uniform_direct_n800,263,2026591864,True,ok,0.0003443103065363254,0.0015867181134460685,0.0009095441561760748,0.5508449355684283,0.5734088208967684,0.7590105410082373,0.7590301251184144,0.7507336050530075,0.7592317249412586,0.7592317249412585,800.0000000000005,800.0000000000005,0.00125,9.051076511543132e-11,1.1070821032319522,4,1.932279694322886e-12,-1.2468324983583301e-18,-1.5543122344752192e-15,2.5777444846331043e-05,0.9593949527085621,1.039889237833656,0.4789363459274127,4.835497020155843e-12,0.0007786669302731752,not_checked,0.001,not_checked,not_checked,,,
circle_uniform_direct_n800,264,2026591865,True,ok,0.002728778130495835,0.00018215097876919136,0.0025920675829704917,4.36308347526766,4.438876148834757,0.11203421605568127,0.11220066718212071,0.10867015621215043,0.11270037794456227,0.11270037794456214,800.0000000000005,800.0000000000005,0.00125,2.842517887735596e-14,1.1166315950475467,5,-1.691355389077387e-17,-3.0357660829594124e-18,-4.440892098500626e-15,0.0014807667628389254,0.9826911641181487,1.0118719519119308,0.4912560824913466,8.353777739000812e-16,0.0008819997310638428,not_checked,0.001,not_checked,not_checked,,,
circle_uniform_direct_n800,265,2026591866,True,ok,0.0023084157364379023,0.0013746896406406969,0.0023934251605474475,3.6912062669755787,3.7265605073827874,0.15705672202247312,0.15723460686148893,0.15516282125632544,0.15775176498162882,0.15775176498162874,800.0000000000005,800.0000000000005,0.00125,2.8627367837374962e-11,1.1517463520341313,5,-3.469446951953614e-18,1.3010426069826053e-18,4.440892098500626e-16,0.0011294556625334184,0.9790318342724238,1.0162232092795562,0.4888429618966132,2.6751626087950786e-12,0.000879625091329217,not_checked,0.001,not_checked,not_checked,,,
circle_uniform_direct_n800,266,2026591867,True,ok,0.0017936943167708138,0.003770384843060447,0.0021220659353564917,2.8686410844772525,2.8593937349261496,0.23751886776718784,0.23766998587431193,0.23938147556054304,0.2381259714768581,0.23812597147685796,800.0000000000005,800.0000000000005,0.00125,9.020562075079397e-17,1.1877204508310937,6,-2.168404344971009e-18,0.0,8.881784197001252e-16,0.000634911178025499,0.9927966643949933,1.003659999255271,0.4945264825908254,1.0408340855860843e-17,0.0009921658784151077,not_checked,0.001,not_checked,not_checked,,,
circle_uniform_direct_n800,267,2026591868,True,ok,0.0002480486551758986,0.0021872885206355025,0.0007970272308725772,0.3968599624623022,0.38764913673513934,0.8198919566621812,0.8198992938129093,0.823802412594582,0.8200098520173417,0.8200098520173416,800.0000000000005,800.0000000000005,0.00125,1.5244609741227322e-10,1.1139392204561382,4,-2.0355474575871335e-12,3.7947076036992655e-19,8.326672684688674e-16,8.942909567905e-06,0.9660782070591578,1.0334977169570927,0.48198263751456955,1.7133247078027214e-11,0.0007730410434305668,not_checked,0.001,not_checked,not_checked,,,
circle_uniform_direct_n800,268,2026591869,True,ok,0.0011825623163827853,0.001435201113456971,0.0017087927693739135,1.8915567763029684,1.920991305401404,0.3876138454054946,0.3877192123144192,0.382703151107283,0.3882717285716429,0.38827172857164266,800.0000000000005,800.0000000000005,0.00125,3.8630591780997037e-11,1.1234337206923837,5,0.0,-1.5178830414797062e-18,-1.3322676295501878e-15,0.00027146495474461574,0.9500705267570094,1.0476037653555663,0.4743535274915651,3.1780307552242704e-12,0.0008884170092642307,not_checked,0.001,not_checked,not_checked,,,
circle_uniform_direct_n800,269,2026591870,True,ok,0.0007887231950673241,0.0003922085320819586,0.001415672842570718,1.2617096460587387,1.2421000610481736,0.531773728184475,0.5318395854926574,0.5373798759702788,0.5320708849901149,0.5320708849901148,800.0000000000005,800.0000000000005,0.00125,1.6983426730926565e-10,1.0793949730901697,4,-6.891416690774088e-13,8.673617379884035e-19,1.3322676295501878e-15,0.00012373302449031343,0.9822509974656917,1.0161768840193963,0.4909328726504914,1.7087550992223033e-12,0.0007743341848254204,not_checked,0.001,not_checked,not_checked,,,
circle_uniform_direct_n800,270,2026591871,True,ok,7.564485640228994e-05,0.000943590691822383,0.0004383894297899901,0.12102910685614887,0.11912560577975062,0.9412617671315138,0.9412630209714257,0.9421763603349226,0.9412788165709662,0.9412788165709661,800.0000000000005,800.0000000000005,0.00125,9.507304665756777e-12,1.0742299062772778,4,3.6400353217724835e-14,1.0842021724855044e-19,1.1102230246251565e-16,1.3316937575516552e-06,0.9787286919884651,1.0211083633177214,0.4889025762879307,5.940764373491003e-13,0.0007705418393015862,not_checked,0.001,not_checked,not_checked,,,
circle_uniform_direct_n800,271,2026591872,True,ok,0.0009022143493661235,0.00013150451403725727,0.0014846594004436341,1.4432199140572193,1.479651067253985,0.4853833667894605,0.4854618625939875,0.4771971631171287,0.4858907476178914,0.4858907476178911,800.0000000000005,800.0000000000005,0.00125,1.2444034344638588e-10,1.0695993572768863,4,-2.2130658850622043e-12,6.505213034913027e-19,6.661338147750939e-16,0.00016152246428957628,0.9577337913580198,1.040469482448865,0.47880392258066384,5.0449145728992395e-12,0.0007711660582572222,not_checked,0.001,not_checked,not_checked,,,
circle_uniform_direct_n800,272,2026591873,True,ok,0.0010853825578202544,0.0009501080401078182,0.0016220925303823367,1.7361500854767433,1.7961820363939707,0.4189352988834595,0.41903221004199864,0.40734653510724594,0.41966183521890077,0.41966183521890055,800.0000000000005,800.0000000000005,0.00125,9.58619641999725e-12,1.1073583230197463,5,3.686287386450715e-18,8.673617379884035e-19,6.661338147750939e-16,0.00023100351783233997,0.9419658541502297,1.0558867625273545,0.4705354595850663,6.106593095772661e-13,0.000896708806976676,not_checked,0.001,not_checked,not_checked,,,
circle_uniform_direct_n800,273,2026591874,True,ok,0.00045957283916257027,0.0013428339293509108,0.0010574023279377807,0.7352220616748766,0.7559668631599474,0.6921314935193648,0.6921642166227264,0.6852418539466727,0.6923537383894753,0.6923537383894753,800.0000000000005,800.0000000000005,0.00125,1.4291621705520008e-10,1.1054290155302366,4,6.073940070523698e-12,-5.421010862427522e-19,-2.220446049250313e-15,4.7240492618116914e-05,0.9687448602686383,1.0302833003479326,0.4837219634507594,1.3489539346656088e-11,0.0007739572320133448,not_checked,0.001,not_checked,not_checked,,,
circle_uniform_direct_n800,274,2026591875,True,ok,0.0011940991166840204,0.000780934364412533,0.0017280668341261307,1.9099941601494446,1.9160642975317783,0.3840177832252464,0.3841263082648898,0.38364710406442076,0.3847046840882718,0.3847046840882716,800.0000000000005,800.0000000000005,0.00125,4.857080015963078e-12,1.1049063666814716,5,2.3852447794681098e-18,-1.951563910473908e-18,-3.1086244689504383e-15,0.0002822132724945581,0.9477608354227536,1.0498656105381097,0.4735103419227551,2.787468606629817e-13,0.0008894170168787241,not_checked,0.001,not_checked,not_checked,,,
circle_uniform_direct_n800,275,2026591876,True,ok,0.0006184710418697313,0.0002967738128193978,0.001252662315750309,0.9894037746679634,0.9756229802258025,0.609468937112164,0.6095146495730794,0.613968601286226,0.6097069582852088,0.6097069582852088,800.0000000000005,800.0000000000005,0.00125,7.544515706614519e-11,1.0687335666652709,4,-2.1644887488250775e-12,2.3852447794681098e-18,3.3306690738754696e-15,7.494616180364622e-05,0.9777306265380183,1.021045448203808,0.4887202304270283,4.429019217350172e-12,0.0007692920044064522,not_checked,0.001,not_checked,not_checked,,,
circle_uniform_direct_n800,276,2026591877,True,ok,0.001192654989967198,0.0023696308649867916,0.0016987855905346101,1.9076739503489386,1.9730209639091443,0.38459882271821266,0.38470935969588965,0.3728755795200356,0.3851493907738337,0.38514939077383353,800.0000000000005,800.0000000000005,0.00125,3.400058012914542e-16,1.1483921197107312,6,-3.0357660829594124e-18,1.0842021724855044e-18,1.3322676295501878e-15,0.0002870167992896633,0.9647425307424682,1.0328701049364688,0.48122833130225684,1.734723475976807e-17,0.0009909989312291145,not_checked,0.001,not_checked,not_checked,,,
circle_uniform_direct_n800,277,2026591878,True,ok,0.0034530807491965076,0.0019125324342039746,0.0029147428445790912,5.520448769723021,5.625569796550303,0.06257429654390012,0.06271502974197615,0.060037560861007776,0.06313597157521486,0.06313597157521476,800.0000000000005,800.0000000000005,0.00125,1.1366261404299749e-10,1.171435994003387,5,4.336808689942018e-18,-4.336808689942018e-18,-7.993605777301127e-15,0.0022402144956972236,0.9723029885534524,1.0210184842254273,0.4852216867656115,1.0017436099379884e-11,0.0008888749871402979,not_checked,0.001,not_checked,not_checked,,,
circle_uniform_direct_n800,278,2026591879,True,ok,0.0007041605226632741,0.0005887969883414097,0.0013161238531832523,1.1264521588760894,1.1457541301120293,0.5690194856800714,0.5690777698880565,0.563900723547877,0.569311001768732,0.5693110017687318,800.0000000000005,800.0000000000005,0.00125,1.6900382482365472e-10,1.0866903435787219,4,6.190508826039998e-12,1.3010426069826053e-18,2.220446049250313e-15,0.00010233869257492145,0.9760766518882983,1.0224936890940708,0.4877509655035084,1.2450643814554407e-11,0.0007754168473184109,not_checked,0.001,not_checked,not_checked,,,
circle_uniform_direct_n800,279,2026591880,True,ok,0.0004303714844543236,0.001235690761992354,0.0010265634023312747,0.6885172441093701,0.703743805655555,0.7084885565323652,0.7085159031482676,0.7033702159415143,0.7087182744920774,0.7087182744920772,800.0000000000005,800.0000000000005,0.00125,8.845523619127604e-11,1.0995662857446502,4,1.868536304416163e-12,-8.673617379884035e-19,-1.1102230246251565e-15,3.8565508774013324e-05,0.9647471121858348,1.0343753996283498,0.48177752102851257,4.528702933492834e-12,0.0007673329673707485,not_checked,0.001,not_checked,not_checked,,,
circle_uniform_direct_n800,280,2026591881,True,ok,0.003242578823963372,0.003504473058963194,0.002861176935555977,5.183611485791048,5.145857090885256,0.07407457394392986,0.07424250274946725,0.07631173547991356,0.07471584761794801,0.07471584761794793,800.0000000000005,800.0000000000005,0.00125,7.563394355258879e-16,1.2145802218505841,6,3.122502256758253e-17,-8.673617379884035e-19,-8.881784197001252e-16,0.00225731627517467,0.9810788599714406,1.0122239555790526,0.4888204373275518,8.673617379884035e-17,0.0009993747808039188,not_checked,0.001,not_checked,not_checked,,,
circle_uniform_direct_n800,281,2026591882,True,ok,0.0028681537623096902,0.0001589976947048642,0.002695658768919448,4.58574453622289,4.536690157315418,0.10015598823526861,0.10032187011162663,0.10348329516678668,0.10080946692503842,0.10080946692503827,800.0000000000005,800.0000000000005,0.00125,1.375115299406815e-14,1.119987054469755,5,6.071532165918825e-18,2.6020852139652106e-18,0.0,0.0016507417363085253,0.9730412816228966,1.021218400247175,0.48644328534014064,4.741758201365354e-16,0.0008873750921338797,not_checked,0.001,not_checked,not_checked,,,
circle_uniform_direct_n800,282,2026591883,True,ok,0.000664184173817633,4.939972236798472e-05,0.0013007566641099332,1.0625188450394798,1.043381336778382,0.5875512374279352,0.5876029351406726,0.593516260071137,0.5878124532293373,0.587812453229337,800.0000000000005,800.0000000000005,0.00125,3.8472750159279645e-11,1.0564319151576056,4,-3.488006324742221e-13,2.0599841277224584e-18,2.4424906541753444e-15,8.791653436679425e-05,0.977637835009547,1.021036437618056,0.48879477000911864,8.664438524291773e-13,0.0007742499001324177,not_checked,0.001,not_checked,not_checked,,,
circle_uniform_direct_n800,283,2026591884,True,ok,0.0013897838196730212,0.00011579602622187362,0.0018691804656171633,2.2228764749949925,2.2167167798065948,0.3283013133181464,0.328429152729529,0.3301004126977784,0.32895738820513626,0.32895738820513615,800.0000000000005,800.0000000000005,0.00125,5.311723283440983e-15,1.0843577446763848,5,7.15573433840433e-18,-6.505213034913027e-19,0.0,0.0003888182409212959,0.9562106106665009,1.0410021377082999,0.47804994265444417,1.3812735677465326e-16,0.0008875429630279541,not_checked,0.001,not_checked,not_checked,,,
circle_uniform_direct_n800,284,2026591885,True,ok,0.001177466909093006,0.0022985952567218674,0.0017149761661044653,1.883427711130297,1.8867373772736,0.3894196152704944,0.38952086530421526,0.3893141457562678,0.38985768088169914,0.3898576808816989,800.0000000000005,800.0000000000005,0.00125,3.0357660829594124e-16,1.1433222105726129,6,3.686287386450715e-18,-2.168404344971009e-18,-3.9968028886505635e-15,0.0002596717092567813,0.9842963652316128,1.0134316678975084,0.49101702954381343,2.7755575615628914e-17,0.0009930829983204603,not_checked,0.001,not_checked,not_checked,,,
circle_uniform_direct_n800,285,2026591886,True,ok,0.0022252997830992504,0.003497426567027501,0.0023527669187976743,3.558331700877307,3.5836466343363464,0.16789575142335728,0.1680765471126228,0.1666560256830197,0.16859770822481407,0.1685977082248139,800.0000000000005,800.0000000000005,0.00125,5.342948306008566e-16,1.1966768195124375,6,9.974659986866641e-18,-2.6020852139652106e-18,-3.552713678800501e-15,0.0010739760407476595,0.9754082471991148,1.0199690731201698,0.48599865340546555,1.5612511283791264e-17,0.0009990409016609192,not_checked,0.001,not_checked,not_checked,,,
circle_uniform_direct_n800,286,2026591887,True,ok,0.004017129470056151,0.0009217852668451315,0.003119911375799255,6.420931594029632,6.645074951057707,0.039724819417259624,0.03985404001855576,0.03606121111989075,0.04020742591974183,0.04020742591974176,800.0000000000005,800.0000000000005,0.00125,8.878106583232181e-12,1.1640004186771162,5,-2.168404344971009e-17,-6.071532165918825e-18,-8.881784197001252e-15,0.003237779030106136,0.9662514072179778,1.0257173671227167,0.48268038246437095,5.410452901671858e-13,0.000889624934643507,not_checked,0.001,not_checked,not_checked,,,
circle_uniform_direct_n800,287,2026591888,True,ok,0.0004416971890453831,0.002612905937353722,0.0010289851106588534,0.7066455882514235,0.738238855711211,0.701910987842183,0.701935559448418,0.6913428399269357,0.7023258904723528,0.7023258904723526,800.0000000000005,800.0000000000005,0.00125,1.8908485888147197e-16,1.1319460006525406,6,-1.4094628242311558e-18,-5.963111948670274e-19,-8.881784197001252e-16,3.4957110594924234e-05,0.9444212453107834,1.0547469211266416,0.470976771872297,5.204170427930421e-18,0.0010034169536083937,not_checked,0.001,not_checked,not_checked,,,
circle_uniform_direct_n800,288,2026591889,True,ok,0.0002655788446975888,0.0007746464156989507,0.0008199105322188546,0.42489560958981654,0.42012180665085136,0.808455234151064,0.8084675890859332,0.810534880197355,0.8085901723493887,0.8085901723493886,800.0000000000005,800.0000000000005,0.00125,2.1206063814671605e-11,1.0785184550873863,4,8.08710412004976e-13,-1.6263032587282567e-19,0.0,1.5270963162922202e-05,0.9660070805219798,1.0334395974846677,0.48262937532412137,1.7618280966080757e-12,0.0007808757945895195,not_checked,0.001,not_checked,not_checked,,,
circle_uniform_direct_n800,289,2026591890,True,ok,0.004970783711736776,4.183322787830504e-05,0.0034850307700012464,7.943355713449637,8.158565288539524,0.01840129018816536,0.018492963926171842,0.016919598671399985,0.01874877298720559,0.01874877298720555,800.0000000000005,800.0000000000005,0.00125,2.992397996059992e-16,1.1532713409575586,5,-4.336808689942018e-18,6.071532165918825e-18,1.0658141036401503e-14,0.004949112664604627,0.9711884442806807,1.0188767376429582,0.48557390813159185,5.204170427930421e-18,0.0008933751378208399,not_checked,0.001,not_checked,not_checked,,,
circle_uniform_direct_n800,290,2026591891,True,ok,0.0006357990685706381,0.004087055084849222,0.0012485513992142603,1.0171616542325792,1.0383051480874725,0.6010260072073366,0.6010611530841501,0.5950245736461336,0.6013132564540922,0.6013132564540921,800.0000000000005,800.0000000000005,0.00125,3.993116601264113e-16,1.162734923245492,6,7.914675859144182e-18,3.469446951953614e-18,4.6629367034256575e-15,5.8427740221245195e-05,0.9669647895768685,1.0319456826335838,0.48150604031954747,2.2551405187698492e-17,0.0010031252168118954,not_checked,0.001,not_checked,not_checked,,,
circle_uniform_direct_n800,291,2026591892,True,ok,0.002568170101397965,0.0012060805069664007,0.002518083224233943,4.106307316640315,4.168795189993514,0.12746405015482748,0.12764078080500568,0.1243820259564523,0.1281522740488062,0.12815227404880608,800.0000000000005,800.0000000000005,0.00125,1.6655666429388205e-11,1.1515795875742738,5,1.8648277366750676e-17,3.0357660829594124e-18,3.552713678800501e-15,0.0013824227982155435,0.9711626085264915,1.023588431411167,0.48499565855093013,1.5852584002440384e-12,0.0008900831453502178,not_checked,0.001,not_checked,not_checked,,,
circle_uniform_direct_n800,292,2026591893,True,ok,0.0007947411810501851,0.00016436445929489098,0.0014016873499117881,1.2713346235789003,1.2864347760292754,0.5292343168518583,0.5293008645799266,0.5255986459494992,0.5295154452639907,0.5295154452639903,800.0000000000005,800.0000000000005,0.00125,8.677024376790854e-11,1.0682013746621164,4,-9.206769461395092e-13,4.336808689942018e-19,0.0,0.0001256330506983483,0.9880760030386091,1.0103394144647704,0.49395679959237565,2.237219957901271e-12,0.0007822499610483646,not_checked,0.001,not_checked,not_checked,,,
circle_uniform_direct_n800,293,2026591894,True,ok,0.000990142817631946,0.0015576883513126099,0.001588080412493792,1.5838652845989427,1.5566996756765679,0.4524446145729657,0.4525268775150399,0.45916308003107154,0.45288626570524926,0.45288626570524904,800.0000000000005,800.0000000000005,0.00125,3.963514585980654e-11,1.1205000641032505,5,-8.673617379884035e-19,-8.673617379884035e-19,6.661338147750939e-16,0.00018161180608589067,0.9687278490927685,1.0293670757426796,0.4836094053507708,4.409396459070791e-12,0.0008894579950720072,not_checked,0.001,not_checked,not_checked,,,
circle_uniform_direct_n800,294,2026591895,True,ok,0.0011547487023747462,0.0001201269389781317,0.0016789416956286903,1.847068086426492,1.8967360414781775,0.39635174024422715,0.39645688536199963,0.38737269207897346,0.39700795452856424,0.39700795452856397,800.0000000000005,800.0000000000005,0.00125,6.938893903907228e-15,1.0766703968198879,5,-5.637851296924623e-18,-1.734723475976807e-18,-8.881784197001252e-16,0.0002649186865515407,0.9501835245348034,1.0475156624066195,0.47503469072740406,1.6425662913155392e-16,0.0008932922501116991,not_checked,0.001,not_checked,not_checked,,,
circle_uniform_direct_n800,295,2026591896,True,ok,0.002007848104298924,0.0006748205399759871,0.002242716841215455,3.2109547260807325,3.2119873824805154,0.19996264593044388,0.2001231851869435,0.20069003186782605,0.200632885050227,0.20063288505022678,800.0000000000005,800.0000000000005,0.00125,2.202561050212992e-12,1.1195876014744996,5,-4.336808689942018e-19,4.336808689942018e-19,-1.7763568394002505e-15,0.0008011203987738913,0.9694034673408014,1.0265986233355942,0.4843746416772736,1.5543642761794985e-13,0.0008926659356802702,not_checked,0.001,not_checked,not_checked,,,
circle_uniform_direct_n800,296,2026591897,True,ok,0.00011897695349791682,0.00026871404461004014,0.0005444297484700048,0.1903573092393241,0.19105871004966285,0.9091933063510009,0.9091959508892564,0.9088916807242067,0.9092078411613755,0.9092078411613755,800.0000000000005,800.0000000000005,0.00125,1.91342081068413e-12,1.0468368893701923,4,2.4005821744506328e-14,-2.168404344971009e-19,-4.718447854656915e-16,2.9081786714624247e-06,0.9899034824668071,1.0098554579852816,0.49481874223475875,5.081384531896438e-14,0.0007778340950608253,not_checked,0.001,not_checked,not_checked,,,
circle_uniform_direct_n800,297,2026591898,True,ok,0.002847348217186957,0.0006117590246926252,0.0027222176997036616,4.552451122557009,4.383633393212123,0.10186437946454244,0.10203317162336453,0.11171361441243309,0.10250142544195764,0.10250142544195746,800.0000000000005,800.0000000000005,0.00125,1.8884754870995835e-12,1.1371715314395288,5,-8.239936510889834e-18,-7.806255641895632e-18,-9.769962616701378e-15,0.0016530124710629757,0.9526667048631023,1.0415914953436582,0.47604195539092864,1.0499392154306175e-13,0.0008884591516107321,not_checked,0.001,not_checked,not_checked,,,
circle_uniform_direct_n800,298,2026591899,True,ok,2.7934568628034274e-05,0.0017219256057717396,0.0002670912665601138,0.044695068859743795,0.04409344169707523,0.9778111989547809,0.9778113172285599,0.978194531905008,0.9779002041478728,0.9779002041478728,800.0000000000005,800.0000000000005,0.00125,6.879912611834627e-11,1.0920842543886,4,-2.42740669145064e-15,2.0328790734103208e-19,1.3877787807814457e-16,1.204725555356556e-07,0.9097676619554367,1.0901821777626697,0.4541005086926248,6.583425211231786e-12,0.0007756669074296951,not_checked,0.001,not_checked,not_checked,,,
circle_uniform_direct_n800,299,2026591900,True,ok,0.0010484619837148354,7.779204550650441e-05,0.0015906151881060634,1.6771014843798788,1.7398836630410786,0.4316755379282279,0.43177013055787816,0.41897591973101644,0.43224203260233907,0.43224203260233895,800.0000000000005,800.0000000000005,0.00125,1.0911377964356594e-10,1.0713063127666203,4,-1.6021450659209346e-12,-2.168404344971009e-18,-2.886579864025407e-15,0.00021884478192935042,0.9568210176271034,1.0410876393579245,0.47837329218125546,4.249272374939883e-12,0.0007741251029074192,not_checked,0.001,not_checked,not_checked,,,
circle_uniform_direct_n800,300,2026591901,True,ok,0.0006234905184864724,0.00033381746190898896,0.0012702208872356385,0.9974329600154932,0.9640636207413475,0.6069282552406803,0.606974387453433,0.6175274176761814,0.6072635395855995,0.6072635395855994,800.0000000000005,800.0000000000005,0.00125,7.364960551148325e-11,1.070621450908854,4,-2.563065970399847e-12,-3.2526065174565133e-19,8.881784197001252e-16,7.593478143158583e-05,0.9632544956625955,1.035513821639262,0.481466473206717,5.207171065862992e-12,0.0007731660734862089,not_checked,0.001,not_checked,not_checked,,,
circle_uniform_direct_n800,301,2026591902,True,ok,0.0007580265240079379,0.0006347682114405825,0.0013515106607708315,1.2126210969274311,1.2593077880954602,0.5448535629506972,0.5449139310069289,0.5327761661024439,0.5452988864133455,0.545298886413345,800.0000000000005,800.0000000000005,0.00125,1.7775668090247443e-10,1.0870521332302239,4,-7.29671271321175e-12,-5.421010862427522e-19,-1.3322676295501878e-15,0.00011067074263515497,0.9576941280884557,1.0408192838019947,0.47854310078520074,1.4394729765804248e-11,0.0007773740217089653,not_checked,0.001,not_checked,not_checked,,,
circle_uniform_direct_n800,302,2026591903,True,ok,0.00028631447409504184,0.0007812326335267848,0.0008423274496745957,0.45807032750674903,0.46314310658230157,0.7950684124713747,0.7950814781915192,0.7932859312531093,0.7952875120930635,0.7952875120930634,800.0000000000005,800.0000000000005,0.00125,2.7225537796438104e-11,1.0782931657361197,4,5.6102529306240045e-14,1.6263032587282567e-19,3.3306690738754696e-16,1.6415522659074533e-05,0.9542610679230727,1.0451664442128121,0.47675778643309896,2.791662300632991e-13,0.0007770422380417585,not_checked,0.001,not_checked,not_checked,,,
circle_uniform_direct_n800,303,2026591904,True,ok,0.0017846601956187837,0.0015234819747443461,0.0020674365686160785,2.8542290351781903,2.9832345280115975,0.23916989982010178,0.23931691116745718,0.22500846303283964,0.23985321270170434,0.23985321270170418,800.0000000000005,800.0000000000005,0.00125,4.1062490213628067e-11,1.1375343118919163,5,1.235990476633475e-17,-1.5178830414797062e-18,-1.3322676295501878e-15,0.0006136389059325786,0.9567230625656594,1.0397800200370693,0.4776327761163939,4.034783791795338e-12,0.0008897918742150068,not_checked,0.001,not_checked,not_checked,,,
circle_uniform_direct_n800,304,2026591905,True,ok,0.005926340620106959,0.0014919314042996148,0.0037953965047741937,9.468588760420891,9.779317431159336,0.008510193300981926,0.008568336163272499,0.007523989857381601,0.008729279045654487,0.008729279045654462,800.0000000000005,800.0000000000005,0.00125,4.270469394773713e-11,1.1979506730745495,5,-1.0234868508263162e-16,-2.6020852139652106e-18,-1.0658141036401503e-14,0.006778115875124335,0.9681665351293537,1.0202255478581943,0.4833610072076024,3.710919592447848e-12,0.00088283303193748,not_checked,0.001,not_checked,not_checked,,,
circle_uniform_direct_n800,305,2026591906,True,ok,0.0012090555009703816,0.001851950507374221,0.0017663044979222124,1.9338409597938175,1.8752709491824855,0.3795603947897378,0.37968352093588387,0.39155257765807483,0.3801290796025727,0.3801290796025725,800.0000000000005,800.0000000000005,0.00125,9.265153921855784e-11,1.1412844061369845,5,-4.336808689942018e-18,-4.336808689942018e-18,-6.661338147750939e-15,0.00032392087939703273,0.966190403907892,1.0312653064193928,0.48220059460416725,8.807715407704864e-12,0.0008960419800132513,not_checked,0.001,not_checked,not_checked,,,
circle_uniform_direct_n800,306,2026591907,True,ok,0.0005632837428555811,0.0001964354007699781,0.0012124155214406575,0.9011270067761934,0.8636957991860572,0.6368454285660174,0.6368859086061207,0.6493081292055098,0.6372284877216761,0.6372284877216758,800.0000000000005,800.0000000000005,0.00125,4.049144179674169e-11,1.0623721184143564,4,1.8961167271708268e-13,-1.5178830414797062e-18,-2.886579864025407e-15,6.349089636847882e-05,0.9548827262501453,1.0439907881131143,0.4773475759808447,2.7634144972310537e-13,0.0007792499382048845,not_checked,0.001,not_checked,not_checked,,,
circle_uniform_direct_n800,307,2026591908,True,ok,0.0016557667195355123,0.001935376913888281,0.0020421663024454105,2.6480684302310147,2.631918196001745,0.2652941348940865,0.2654480834443337,0.26821695349366537,0.26590574485941276,0.2659057448594125,800.0000000000005,800.0000000000005,0.00125,1.161034532404237e-10,1.151200308927367,5,4.7704895589362195e-18,4.336808689942018e-19,-4.440892098500626e-16,0.0005791605129032984,0.98358325465493,1.0130189367865563,0.490839867759008,1.0504513058007259e-11,0.0008811659645289183,not_checked,0.001,not_checked,not_checked,,,
circle_uniform_direct_n800,308,2026591909,True,ok,0.0015901312656416851,0.000700093927298241,0.0019771910923133897,2.5431925190941587,2.5975071930762583,0.2794489330822032,0.2795912985795256,0.2728716893843109,0.28024108945741283,0.28024108945741266,800.0000000000005,800.0000000000005,0.00125,3.342080084900445e-12,1.112566587144434,5,3.469446951953614e-18,-3.903127820947816e-18,-5.329070518200751e-15,0.00050875296626951,0.9396282955048674,1.0571851034300737,0.46948523391435326,1.8005909263596465e-13,0.0008907930459827185,not_checked,0.001,not_checked,not_checked,,,
circle_uniform_direct_n800,309,2026591910,True,ok,0.004774593001676612,0.0002765529078265624,0.0034232104899028213,7.630150621125505,7.805891752185637,0.021573231576372507,0.021673016298212784,0.020182369028155577,0.021934941719279705,0.021934941719279653,800.0000000000005,800.0000000000005,0.00125,1.3065590276362116e-13,1.1590360654063585,5,2.42861286636753e-17,-6.938893903907228e-18,-9.769962616701378e-15,0.004599090778538706,0.9638680171413758,1.0265567296427371,0.48180072709496813,4.400342937249668e-15,0.000891166040673852,not_checked,0.001,not_checked,not_checked,,,
circle_uniform_direct_n800,310,2026591911,True,ok,0.0006551852247608592,0.0015167799751088498,0.0012726322399157083,1.0481295021298798,1.06063583774826,0.5918358185187342,0.591885230961518,0.5884178707917973,0.5920594778470007,0.5920594778470005,800.0000000000005,800.0000000000005,0.00125,3.7144592957005784e-11,1.1128612257471762,5,1.0842021724855044e-19,-1.0842021724855044e-18,-1.1102230246251565e-15,8.342874374778209e-05,0.9850276215504608,1.0136832527512554,0.49176682240897307,3.964233889069968e-12,0.0008862928953021765,not_checked,0.001,not_checked,not_checked,,,
circle_uniform_direct_n800,311,2026591912,True,ok,0.0003459677021387973,0.00041290312481307,0.0009503670279690328,0.553499402889508,0.5302848014345191,0.7579544794961299,0.7579730406431839,0.7670967070766117,0.7582257141740325,0.7582257141740324,800.0000000000005,800.0000000000005,0.00125,2.31108760601062e-11,1.065922818132673,4,4.966833151362482e-13,-1.0842021724855044e-18,-1.887379141862766e-15,2.4460266283943266e-05,0.9529185302168659,1.0463823048205882,0.4762625309185271,1.02353477256234e-12,0.0007701248396188021,not_checked,0.001,not_checked,not_checked,,,
circle_uniform_direct_n800,312,2026591913,True,ok,0.0025831486989127683,0.002576666934394574,0.0025090865103427353,4.130613856851612,4.247939622637689,0.12598951811484232,0.12614257858764033,0.11955607015698459,0.12662580499352813,0.126625804993528,800.0000000000005,800.0000000000005,0.00125,3.712308238590367e-16,1.1711753297389336,6,-1.734723475976807e-18,3.469446951953614e-18,3.552713678800501e-15,0.0012120307044098944,0.9607399349023008,1.0343473938110512,0.47913208496069976,1.734723475976807e-17,0.0009949179366230965,not_checked,0.001,not_checked,not_checked,,,
circle_uniform_direct_n800,313,2026591914,True,ok,0.0008434489709278987,0.0004738510810555158,0.001479089652415736,1.3492322294317607,1.3018642322980158,0.5087817455936352,0.5088546211765654,0.5215593961787892,0.5092790520810919,0.5092790520810917,800.0000000000005,800.0000000000005,0.00125,8.560652187128426e-13,1.0851166529622251,5,-1.2793585635328952e-17,9.75781955236954e-19,2.220446049250313e-15,0.00014306202643898924,0.9565896947852144,1.0417197810473338,0.4780682036250619,3.779929928088288e-14,0.0008904577698558569,not_checked,0.001,not_checked,not_checked,,,
circle_uniform_direct_n800,314,2026591915,True,ok,3.1768074296723015e-06,0.001453140153109547,8.974280565249435e-05,0.005082893046131861,0.0050141061185803686,0.997461095713901,0.9974610951358878,0.9974960869736064,0.9974617807958976,0.9974617807958976,800.0000000000005,800.0000000000005,0.00125,3.8257008672104575e-11,1.0805514416807218,4,-2.0194112495489774e-17,3.6168306847758624e-19,5.689893001203927e-16,-5.79328088105846e-10,0.9768089238760752,1.023187863402593,0.48769471503475714,3.3399420382163036e-12,0.0007765409536659718,not_checked,0.001,not_checked,not_checked,,,
circle_uniform_direct_n800,315,2026591916,True,ok,0.0003221931540978867,0.0006183311632094862,0.0008875826076838952,0.5154702176473428,0.52767736498743,0.7725947692294834,0.7726097817713867,0.7680974372261712,0.7727849095314432,0.7727849095314431,800.0000000000005,800.0000000000005,0.00125,3.019661257153139e-11,1.0720311753283505,4,-1.0395049079327257e-12,-1.5720931501039814e-18,-1.7763568394002505e-15,1.941445463810032e-05,0.9612933873384937,1.038083934551729,0.4803494945954017,1.9505490972404615e-12,0.0007734578102827072,not_checked,0.001,not_checked,not_checked,,,
circle_uniform_direct_n800,316,2026591917,True,ok,0.0001789170921560907,0.0005107819521707898,0.0006577939158820802,0.28625430221775244,0.29609541024186437,0.866526153067227,0.8665318098938386,0.8623899735427469,0.8666382143940752,0.8666382143940752,800.0000000000005,800.0000000000005,0.00125,8.158689869530722e-12,1.0626546197486566,4,6.055377553548791e-14,-8.131516293641283e-19,-6.106226635438361e-16,6.522615996429337e-06,0.9603869801627232,1.039252112489794,0.47994821843185337,1.441017444259174e-13,0.0007760000880807638,not_checked,0.001,not_checked,not_checked,,,
circle_uniform_direct_n800,317,2026591918,True,ok,0.000703222222379844,0.0018428393892696506,0.001337539102036553,1.1249296267634261,1.1060982407144482,0.569456928465841,0.5695213138851167,0.5751933002348563,0.5697385099405294,0.5697385099405292,800.0000000000005,800.0000000000005,0.00125,7.343852609364987e-11,1.1276516450599137,5,2.6020852139652106e-18,-6.505213034913027e-19,-1.7763568394002505e-15,0.0001129645221624731,0.9805393590749775,1.0179564086329824,0.48936625088712365,8.635760075786925e-12,0.0008831671439111233,not_checked,0.001,not_checked,not_checked,,,
circle_uniform_direct_n800,318,2026591919,True,ok,0.0009018454031395739,0.0028620897426727306,0.0014952285772923098,1.4425816407108432,1.455837654250737,0.48568588596792694,0.4857760780552326,0.4829129703743096,0.48603418283108146,0.48603418283108135,800.0000000000005,800.0000000000005,0.00125,3.608224830031759e-16,1.1562556171592135,6,1.3877787807814457e-17,3.3610267347050637e-18,4.6629367034256575e-15,0.00018550215623791555,0.98917998107046,1.008896925264727,0.49317433537086885,3.0357660829594124e-17,0.000998042058199644,not_checked,0.001,not_checked,not_checked,,,
circle_uniform_direct_n800,319,2026591920,True,ok,8.19057564262829e-05,0.002379661181334581,0.00043912816803402864,0.13104618820910457,0.13922929892059457,0.9364556104695103,0.9364570281750967,0.9327531876044858,0.9365760018915095,0.9365760018915095,800.0000000000005,800.0000000000005,0.00125,6.309074790378233e-12,1.1137454101121724,5,3.767298972778832e-14,-3.2526065174565133e-19,-3.885780586188048e-16,1.5110364740694715e-06,0.937752279423201,1.0620725954694037,0.4677604489397035,2.0793523153317395e-13,0.0008909988682717085,not_checked,0.001,not_checked,not_checked,,,
circle_uniform_direct_n800,320,2026591921,True,ok,0.00403560207237339,0.0007038181745739954,0.003207630934200157,6.45043236538046,6.344599905489335,0.03912130211315906,0.03924971263530824,0.04190710262299076,0.03961760622450876,0.03961760622450868,800.0000000000005,800.0000000000005,0.00125,3.435425555142757e-12,1.1582419321725383,5,3.122502256758253e-17,-2.6020852139652106e-18,-5.329070518200751e-15,0.00326547520848397,0.9744911499471073,1.01744223760493,0.48690263321314814,1.83922321816965e-13,0.0008897499646991491,not_checked,0.001,not_checked,not_checked,,,
circle_uniform_direct_n800,321,2026591922,True,ok,0.002053904645976134,0.00562570395359646,0.0022433732317464045,3.284862609308594,3.3558168904406527,0.19277363583772697,0.19290739193900616,0.18676419536009015,0.19337504898344063,0.19337504898344043,800.0000000000005,800.0000000000005,0.00125,3.608224830031759e-16,1.2148935402291292,6,1.1709383462843448e-17,-4.336808689942018e-19,-4.440892098500626e-16,0.0006924121266111971,0.9781277542427634,1.0181589120317096,0.4863126233754188,5.898059818321144e-17,0.0010003340430557728,not_checked,0.001,not_checked,not_checked,,,
circle_uniform_direct_n800,322,2026591923,True,ok,3.887149690302838e-05,0.00032697058417230677,0.00030441276722153364,0.062193840253246147,0.06522407035906648,0.9693481791990011,0.9693484483834889,0.9679140033373717,0.9693813470316168,0.9693813470316168,800.0000000000005,800.0000000000005,0.00125,2.2518098496959738e-13,1.0435230675553584,4,-2.3729661898647114e-15,1.8973538018496328e-19,-6.938893903907228e-18,2.7739579964991545e-07,0.9535316305651149,1.0463937087951194,0.4766099264133862,8.55880036981782e-15,0.0007790001109242439,not_checked,0.001,not_checked,not_checked,,,
circle_uniform_direct_n800,323,2026591924,True,ok,0.0013479484180409754,0.0016004807139291606,0.001821020002456693,2.155971015336183,2.194997116859792,0.33956449972574854,0.3396914257665212,0.3337047835553481,0.3401533497314751,0.3401533497314748,800.0000000000005,800.0000000000005,0.00125,5.2196635902390653e-11,1.1344926280420704,5,-3.903127820947816e-18,-6.505213034913027e-19,-3.1086244689504383e-15,0.00037322676468942717,0.9663371178573166,1.0309350774323707,0.48239525465070693,4.9141008102993045e-12,0.000885708024725318,not_checked,0.001,not_checked,not_checked,,,
circle_uniform_direct_n800,324,2026591925,True,ok,0.0037838450751654217,0.0004570994445942647,0.003089732889980589,6.048341640036934,6.018461755786756,0.04795834791371796,0.04809819461788116,0.04932960466322488,0.04845711688350899,0.048457116883508906,800.0000000000005,800.0000000000005,0.00125,7.637467047683089e-13,1.1488926400607438,5,4.336808689942018e-18,-3.0357660829594124e-18,-4.440892098500626e-15,0.002905240113872054,0.9570471098515876,1.0353413861372651,0.4783048258778986,3.272501627321622e-14,0.0008894999045878649,not_checked,0.001,not_checked,not_checked,,,
circle_uniform_direct_n800,325,2026591926,True,ok,1.7511752353919184e-05,0.002381935049637963,0.00021463309389038626,0.02801881577594539,0.02663479534626105,0.9860673261885357,0.9860673202584467,0.9867708865274493,0.9860882731325739,0.9860882731325737,800.0000000000005,800.0000000000005,0.00125,1.9867512496274387e-10,1.1056071954158881,4,-2.9482912964305663e-15,5.963111948670274e-19,9.992007221626409e-16,-6.004837339174118e-09,0.9448954002224598,1.055093471982791,0.47132246981419074,2.4091347840260458e-11,0.0007763749454170465,not_checked,0.001,not_checked,not_checked,,,
circle_uniform_direct_n800,326,2026591927,True,ok,0.0014807142329281587,0.002674889488248412,0.001940712433782401,2.368169748950422,2.3306972828976305,0.3052734961686825,0.30542227581949455,0.3118139318188684,0.30587725457524245,0.3058772545752422,800.0000000000005,800.0000000000005,0.00125,3.7470027081099033e-16,1.1661979131078064,6,-3.469446951953614e-18,-4.336808689942018e-19,-8.881784197001252e-16,0.0004865118673165192,0.975403624620191,1.0214822496011824,0.4863973681010223,3.122502256758253e-17,0.0009996667504310608,not_checked,0.001,not_checked,not_checked,,,
circle_uniform_direct_n800,327,2026591928,True,ok,0.0005825504113273722,0.000979177966828885,0.0012009864004192143,0.9319358429403453,0.9414328283025372,0.6272956177390865,0.6273410688090193,0.6245546681658012,0.6274819777775337,0.6274819777775335,800.0000000000005,800.0000000000005,0.00125,1.3737991647055914e-10,1.0975832724543353,4,7.1087096712579845e-12,-1.3010426069826053e-18,-9.992007221626409e-16,7.240759172538747e-05,0.989772067897439,1.0090251077565748,0.494401443882168,1.506596063183263e-11,0.0007743749301880598,not_checked,0.001,not_checked,not_checked,,,
circle_uniform_direct_n800,328,2026591929,True,ok,0.0010250078300968193,0.00013528422440165318,0.001614385505583978,1.6395936644905802,1.6136327174532283,0.440008970415267,0.4401012302278269,0.44627659156314703,0.44042889561664267,0.44042889561664234,800.0000000000005,800.0000000000005,0.00125,1.8726797456486421e-10,1.0739647329754078,4,-7.018988255197423e-13,-1.0842021724855044e-18,-2.6645352591003757e-15,0.0002094318321658184,0.9772684238987435,1.020685833829893,0.48856810743761603,2.4445064028544294e-12,0.0007729579228907824,not_checked,0.001,not_checked,not_checked,,,
circle_uniform_direct_n800,329,2026591930,True,ok,0.0006283589575768001,4.3444297600503187e-05,0.0012183938346524321,1.0052164237939034,1.0650330214412898,0.6042834582078804,0.6043312453670733,0.5871256011660104,0.6049029989853896,0.6049029989853894,800.0000000000005,800.0000000000005,0.00125,3.172183414383578e-11,1.0548382630024007,4,1.1386356267573117e-13,-1.1926223897340549e-18,-1.5543122344752192e-15,7.895416448866488e-05,0.938104069252516,1.0606395972998686,0.4690316570253337,9.198848280322913e-14,0.0007705830503255129,not_checked,0.001,not_checked,not_checked,,,
circle_uniform_direct_n800,330,2026591931,True,ok,0.002299693040942905,0.0004791530779345892,0.0023879274235810537,3.677425162582851,3.714654647009114,0.1581878092845434,0.1583530670860886,0.15608924944417243,0.15885643125381238,0.15885643125381213,800.0000000000005,800.0000000000005,0.00125,8.253051020368218e-13,1.117813112197325,5,6.071532165918825e-18,4.336808689942018e-19,1.7763568394002505e-15,0.00104185146289959,0.983947287101343,1.0114927911113545,0.4917379083538767,3.952057864992087e-14,0.0008939579129219055,not_checked,0.001,not_checked,not_checked,,,
circle_uniform_direct_n800,331,2026591932,True,ok,0.0017534559563905313,0.000775008854083007,0.002125040155014565,2.8043428149888845,2.7259287473890152,0.2452733511767024,0.24541915194716937,0.25590106508920724,0.24591612287537581,0.24591612287537562,800.0000000000005,800.0000000000005,0.00125,4.8084175530149764e-12,1.115066153303236,5,1.734723475976807e-18,2.8189256484623115e-18,6.661338147750939e-15,0.0005933576179835143,0.9674388787533634,1.0291197630677247,0.48334456454205543,2.7040392494570575e-13,0.0008920421823859215,not_checked,0.001,not_checked,not_checked,,,
circle_uniform_direct_n800,332,2026591933,True,ok,0.0002147886194313922,0.00010987539126157005,0.0007395199636959451,0.34364325257092243,0.3374700213346146,0.8420666655266831,0.8420744737385166,0.8447327188898465,0.8421215676370343,0.8421215676370342,800.0000000000005,800.0000000000005,0.00125,2.8705302024256696e-12,1.0411827833731486,4,2.651871777725745e-14,1.0028870095490916e-18,9.43689570931383e-16,9.269259652638917e-06,0.9808420884096849,1.0187274314110368,0.4903671587716637,5.122074639429819e-14,0.0007712082006037235,not_checked,0.001,not_checked,not_checked,,,
circle_uniform_direct_n800,333,2026591934,True,ok,0.0045007766948000705,0.0010391880311454464,0.003350989130344264,7.193187204537928,7.235283092618614,0.026887643601420624,0.02699657684345011,0.026845916740142983,0.02730674996629901,0.027306749966298956,800.0000000000005,800.0000000000005,0.00125,1.161613513711579e-11,1.173031699271163,5,1.3877787807814457e-17,-2.6020852139652106e-18,-1.7763568394002505e-15,0.004027753571094639,0.9733127689361846,1.0177321694197872,0.4861506466047497,8.738435322563909e-13,0.0008888340089470148,not_checked,0.001,not_checked,not_checked,,,
circle_uniform_direct_n800,334,2026591935,True,ok,0.0026406064958609823,0.0005077526266917868,0.002539305021910061,4.222191056735838,4.331251850231412,0.1202685039745284,0.12043614588598842,0.11467813220499325,0.12093704032581105,0.12093704032581092,800.0000000000005,800.0000000000005,0.00125,1.0023093466315913e-12,1.126882991388787,5,-9.974659986866641e-18,2.168404344971009e-18,3.552713678800501e-15,0.001389668320868065,0.974473869945256,1.0202606398251037,0.4869895432931209,4.984207491176562e-14,0.0008923760615289211,not_checked,0.001,not_checked,not_checked,,,
circle_uniform_direct_n800,335,2026591936,True,ok,0.002093484246997781,6.11585004805735e-05,0.0023162352925781607,3.3478170434156596,3.2731054515864395,0.18665836424236898,0.18682275934975545,0.19464989861315826,0.18734800588423145,0.18734800588423128,800.0000000000005,800.0000000000005,0.00125,9.723125082850004e-16,1.0991037883009886,5,2.6020852139652106e-18,5.637851296924623e-18,8.43769498715119e-15,0.0008788758903957028,0.9622576614255828,1.033552483987679,0.48109940566966036,1.5748036555351952e-17,0.0008885830175131559,not_checked,0.001,not_checked,not_checked,,,
circle_uniform_direct_n800,336,2026591937,True,ok,9.174849301905636e-05,0.000607302268761962,0.0004800718017417042,0.14679460821875356,0.1461700547389387,0.9292081187288037,0.9292095039696419,0.9295217918728098,0.9292301843170028,0.9292301843170028,800.0000000000005,800.0000000000005,0.00125,2.398914400458807e-12,1.0607970652548837,4,-4.345775041908473e-14,4.607859233063394e-19,5.828670879282072e-16,1.4903058683513049e-06,0.9777244235569411,1.0221031258677635,0.4885653203135039,1.0197767109920708e-13,0.0007747090421617031,not_checked,0.001,not_checked,not_checked,,,
circle_uniform_direct_n800,337,2026591938,True,ok,0.0017147506733730226,0.0007227401941043942,0.0020742300560881747,2.7424510519199736,2.7372636734435107,0.2530274252337742,0.2531731914504577,0.25445485729979955,0.2536498417911936,0.2536498417911932,800.0000000000005,800.0000000000005,0.00125,3.1056719695943258e-12,1.1136575204300203,5,-7.15573433840433e-18,-4.119968255444917e-18,-7.105427357601002e-15,0.0005750127384320791,0.9737386569688481,1.0228749406374813,0.4865174587325364,2.0449982852943638e-13,0.000885500106960535,not_checked,0.001,not_checked,not_checked,,,
circle_uniform_direct_n800,338,2026591939,True,ok,0.0028531324394187384,0.00044839613504725094,0.002689022922724193,4.5617006105702895,4.510055411227433,0.10136372801507981,0.10153214511459308,0.10487063819064521,0.1020282083444369,0.10202820834443677,800.0000000000005,800.0000000000005,0.00125,5.394469593245077e-13,1.131814863364749,5,-1.5178830414797062e-17,2.168404344971009e-18,1.7763568394002505e-15,0.0016556462498473756,0.9808786567689377,1.0133741052190088,0.49021942132505464,3.030106547619038e-14,0.0008834591135382652,not_checked,0.001,not_checked,not_checked,,,
circle_uniform_direct_n800,339,2026591940,True,ok,0.0018630304921894143,0.00011163991227520418,0.00215254750057415,2.979463437312435,2.999748135893507,0.224641650288913,0.22479758839049152,0.2231582611570102,0.2252770290857317,0.22527702908573155,800.0000000000005,800.0000000000005,0.00125,4.453035162832464e-15,1.0952819479676925,5,-1.0842021724855044e-18,-4.553649124439119e-18,-5.773159728050814e-15,0.0006926750953146765,0.9823556398997286,1.0139246827351938,0.49112298473627264,1.1432911908859644e-16,0.0008954999502748251,not_checked,0.001,not_checked,not_checked,,,
circle_uniform_direct_n800,340,2026591941,True,ok,4.104674914349061e-05,0.00041123575473485743,0.0003162979643209519,0.06567404137646449,0.06740428496120944,0.9676755635413175,0.96767593015983,0.9668594481091314,0.9676958948128468,0.9676958948128468,800.0000000000005,800.0000000000005,0.00125,5.165937122519892e-13,1.0491362663738018,4,4.3410777359961794e-15,1.8973538018496328e-19,2.220446049250313e-16,3.7862656026427244e-07,0.9651552039803017,1.0347576018669358,0.48237914547609584,2.1418630757885637e-14,0.0007794168777763844,not_checked,0.001,not_checked,not_checked,,,
circle_uniform_direct_n800,341,2026591942,True,ok,0.0011195392076993526,0.0010967071717325073,0.0016858720159905766,1.7907711614385575,1.7648757322739033,0.40791932193427366,0.4080197073428752,0.4137729580331019,0.4083496990536625,0.40834969905366236,800.0000000000005,800.0000000000005,0.00125,1.55587626116116e-11,1.1127506634931594,5,-1.3010426069826053e-18,4.336808689942018e-19,2.220446049250313e-15,0.0002457854402038162,0.9831108245807568,1.014674742275887,0.4910163004882637,1.0839276524954311e-12,0.0008880828972905874,not_checked,0.001,not_checked,not_checked,,,
circle_uniform_direct_n800,342,2026591943,True,ok,0.0028821726485189257,0.0011994163151595834,0.002670543515448297,4.608275127549923,4.665355872554253,0.09903829259584598,0.0991973749659589,0.09703554383815526,0.09968519397445962,0.09968519397445946,800.0000000000005,800.0000000000005,0.00125,2.187431485944913e-11,1.1477501840961808,5,-6.071532165918825e-18,-2.6020852139652106e-18,-3.552713678800501e-15,0.001600555040180307,0.9872550277615654,1.00709816381587,0.4930354261198265,1.550516225828913e-12,0.0008902091067284346,not_checked,0.001,not_checked,not_checked,,,
circle_uniform_direct_n800,343,2026591944,True,ok,0.0031685308748570047,0.0010819724133251376,0.0028369287893063476,5.0657600858156,4.999722075398368,0.07866927091179005,0.07882280167914568,0.08209640613675882,0.07927561507111855,0.07927561507111845,800.0000000000005,800.0000000000005,0.00125,1.1984181008672934e-11,1.1497360344249548,5,1.734723475976807e-17,0.0,1.7763568394002505e-15,0.0019446569778049927,0.9707473373364721,1.0230268847676836,0.48484853127906,1.0268543827740562e-12,0.0008906668517738581,not_checked,0.001,not_checked,not_checked,,,
circle_uniform_direct_n800,344,2026591945,True,ok,0.00137838714912713,0.0016592284772723306,0.0018181550811858579,2.2046039495802163,2.3008815789946535,0.33130231287593837,0.331437607446344,0.3164972299726552,0.33197031746059597,0.3319703174605958,800.0000000000005,800.0000000000005,0.00125,6.817209990961359e-11,1.1391572014782954,5,3.2526065174565133e-18,3.2526065174565133e-18,4.440892098500626e-15,0.00040774451159641956,0.9564643629142957,1.040683894136024,0.47743868983704624,5.676058147802143e-12,0.000891542062163353,not_checked,0.001,not_checked,not_checked,,,
circle_uniform_direct_n800,345,2026591946,True,ok,0.00099097514026823,0.00035241228885111824,0.0015725255298236708,1.5851585820635616,1.5894010094553646,0.45222342222572764,0.4523143386036296,0.4517165016223764,0.45258480808790014,0.4525848080878998,800.0000000000005,800.0000000000005,0.00125,2.8003641072693597e-13,1.0853236923210854,5,1.3010426069826053e-18,1.951563910473908e-18,4.884981308350689e-15,0.00020082118280362327,0.9948597004065693,1.0031374543588896,0.4972545500331987,1.156941296237557e-14,0.0008903327398002148,not_checked,0.001,not_checked,not_checked,,,
circle_uniform_direct_n800,346,2026591947,True,ok,0.002622942416613422,0.0033432602156699756,0.002559194098902179,4.193656633557726,4.207924126250064,0.12194971380471467,0.12213641477881619,0.12197220804313488,0.12265816569395586,0.12265816569395575,800.0000000000005,800.0000000000005,0.00125,3.95516952522712e-16,1.2033048698226898,6,1.0408340855860843e-17,3.903127820947816e-18,7.993605777301127e-15,0.0015256165118757714,0.9909684067033424,1.0035236752216474,0.4938278917045575,4.85722573273506e-17,0.0009928741492331028,not_checked,0.001,not_checked,not_checked,,,
circle_uniform_direct_n800,347,2026591948,True,ok,0.001066857637796844,0.0010832310293827068,0.00163133931578066,1.7064943834483404,1.7120655568616654,0.4255028412555737,0.42560462701281343,0.424844194507646,0.4259275105426874,0.42592751054268707,800.0000000000005,800.0000000000005,0.00125,1.3073389593110107e-11,1.1145522851895961,5,8.456776945386935e-18,1.3010426069826053e-18,4.440892098500626e-16,0.00023891851330548608,0.9826756821938679,1.0151405603152035,0.49080558481561265,1.0316370153973242e-12,0.000895791919901967,not_checked,0.001,not_checked,not_checked,,,
circle_uniform_direct_n800,348,2026591949,True,ok,0.004512050338938102,0.0008132939140333732,0.0033525202315769784,7.211291359112352,7.268080322791295,0.026662191219353273,0.026769263330420782,0.026409270863702716,0.027061579946630915,0.027061579946630877,800.0000000000005,800.0000000000005,0.00125,5.372785549795367e-12,1.1648478387746697,5,-2.3418766925686896e-17,-1.1275702593849246e-17,-2.042810365310288e-14,0.003994591594306929,0.9659160113113987,1.025163289908136,0.48256520663399116,3.279102250147714e-13,0.0008889590390026569,not_checked,0.001,not_checked,not_checked,,,
circle_uniform_direct_n800,349,2026591950,True,ok,3.050214099626627e-05,0.0006313270522777404,0.00027578254280188826,0.04880313803974942,0.04893201288896541,0.9758926637458947,0.9758928040624657,0.9758308603151229,0.9758936020573722,0.9758936020573722,800.0000000000005,800.0000000000005,0.00125,2.3684283700919906e-12,1.057021203405517,4,-3.19801016180829e-15,-1.0842021724855044e-19,4.163336342344337e-17,1.437771383200337e-07,0.9948938542041287,1.0050528310149691,0.4971328718344433,1.1909353711536674e-13,0.0007694580126553774,not_checked,0.001,not_checked,not_checked,,,
circle_uniform_direct_n800,350,2026591951,True,ok,0.00039403345041683514,0.0021338663666689885,0.0009940220863429879,0.630385223254718,0.62874937795008,0.7295198904256488,0.729544814040674,0.7302453620065634,0.7296234058621107,0.7296234058621107,800.0000000000005,800.0000000000005,0.00125,1.6433069488508423e-10,1.1229567177098247,4,3.357879187378121e-12,-2.168404344971009e-19,-4.440892098500626e-16,3.414870610929377e-05,0.9899127441191308,1.00926635944856,0.4939002538085557,1.5520479866582004e-11,0.000775584252551198,not_checked,0.001,not_checked,not_checked,,,
circle_uniform_direct_n800,351,2026591952,True,ok,0.00230041752259391,0.0016469767926731837,0.0023881030194564394,3.6786717869978216,3.7155853616747647,0.15811131402517642,0.1582695506903284,0.1560166290658917,0.15876438707444657,0.1587643870744464,800.0000000000005,800.0000000000005,0.00125,5.61733437542955e-11,1.1480788797429402,5,-9.540979117872439e-18,-5.637851296924623e-18,-9.769962616701378e-15,0.0009981245762180624,0.9856694273453673,1.0098724192274695,0.49202304410604714,5.510299681821262e-12,0.000890958821401,not_checked,0.001,not_checked,not_checked,,,
circle_uniform_direct_n800,352,2026591953,True,ok,0.0008062377422627073,0.0003631064831074399,0.0014185334620940425,1.2897211229696046,1.2945263585253568,0.5242328611353864,0.5243008948611616,0.5234764793639439,0.5246676870723059,0.5246676870723056,800.0000000000005,800.0000000000005,0.00125,1.7396314879077057e-10,1.078753186532134,4,-6.632498369962825e-14,-8.673617379884035e-19,-1.1102230246251565e-15,0.00012963232536389313,0.9615937466590738,1.0367969853692942,0.4806222922283122,5.255279718341388e-13,0.0007746671326458454,not_checked,0.001,not_checked,not_checked,,,
circle_uniform_direct_n800,353,2026591954,True,ok,0.000324598592863248,0.0004024026055762318,0.0009210996757276226,0.5193137874067215,0.4968420833394576,0.771051588879873,0.7710685558971382,0.7800314483843991,0.7712992300513819,0.7712992300513818,800.0000000000005,800.0000000000005,0.00125,2.2130790255925348e-11,1.065033844698808,4,7.738645878621608e-13,2.168404344971009e-19,2.220446049250313e-16,2.198058723779095e-05,0.9541078700659458,1.0452293977725036,0.4768619698288428,1.5855192592867384e-12,0.0007721250876784325,not_checked,0.001,not_checked,not_checked,,,
circle_uniform_direct_n800,354,2026591955,True,ok,0.0020294139306489727,0.0008195788425420861,0.0023116544231109974,3.2454211055731372,3.089779804192304,0.19642953241036798,0.1965909019476212,0.2133353577056853,0.19720112252365524,0.19720112252365507,800.0000000000005,800.0000000000005,0.00125,5.262762448055014e-12,1.1249182648253546,5,6.071532165918825e-18,4.336808689942018e-19,2.6645352591003757e-15,0.0008205917326105094,0.9335208557052082,1.0624341910880362,0.46637786833156847,3.381440093208621e-13,0.0008895001374185085,not_checked,0.001,not_checked,not_checked,,,
circle_uniform_direct_n800,355,2026591956,True,ok,0.0011214825430963006,0.0033960606579322844,0.0016759488832490679,1.7938213436713513,1.7923200402561115,0.4072840331247728,0.40739633073506676,0.40813388041640764,0.40771534394772124,0.407715343947721,800.0000000000005,800.0000000000005,0.00125,4.718447854656915e-16,1.1711246822225125,6,6.505213034913027e-19,0.0,-2.220446049250313e-16,0.00027536264136540645,0.9925962544395956,1.005068525146003,0.4946127955775982,4.163336342344337e-17,0.0009922499302774668,not_checked,0.001,not_checked,not_checked,,,
circle_uniform_direct_n800,356,2026591957,True,ok,0.0007055661291047932,0.003622460322562052,0.0013442434655574276,1.128692313873438,1.1037566088429314,0.5682054158408149,0.5682661436754333,0.5758671401111697,0.5686711798022513,0.568671179802251,800.0000000000005,800.0000000000005,0.00125,3.0878077872387166e-16,1.163681929427071,6,1.3010426069826053e-18,-2.168404344971009e-19,6.661338147750939e-16,0.000106746347115938,0.9544266520972663,1.0441186789214691,0.4754844121894192,1.0408340855860843e-17,0.000997041119262576,not_checked,0.001,not_checked,not_checked,,,
circle_uniform_direct_n800,357,2026591958,True,ok,0.00020118557798488553,2.9976791594486485e-05,0.0007019914757682156,0.3218806725585188,0.3295854433671829,0.8510888724847181,0.8510958000531155,0.848069472283231,0.8513359457982772,0.8513359457982771,800.0000000000005,800.0000000000005,0.00125,1.5705371031460302e-12,1.0327594383187138,4,1.7263696982378063e-14,-5.421010862427522e-20,-4.996003610813204e-16,8.126108649114672e-06,0.9408581773030034,1.0587387146799958,0.4704149866797677,3.295448766302278e-14,0.0007734159007668495,not_checked,0.001,not_checked,not_checked,,,
circle_uniform_direct_n800,358,2026591959,True,ok,0.0024900163542612075,0.001954472136024084,0.0024837939419729872,3.9814166912128615,4.025253695306436,0.13572787856996893,0.1359055301049768,0.13363716871161832,0.13642052294614515,0.13642052294614504,800.0000000000005,800.0000000000005,0.00125,1.21912466233276e-10,1.168338253985599,5,1.431146867680866e-17,5.204170427930421e-18,5.773159728050814e-15,0.001304737802536371,0.9889481504276656,1.005954362962543,0.49350767374459237,1.092505599875615e-11,0.0008859592489898205,not_checked,0.001,not_checked,not_checked,,,
circle_uniform_direct_n800,359,2026591960,True,ok,0.0011263427777563752,0.00019269578893981978,0.001684446110602887,1.8016401458699443,1.789531408271333,0.4057084034440484,0.40581164398971614,0.4087033449273867,0.40613314808142087,0.4061331480814204,800.0000000000005,800.0000000000005,0.00125,3.721675745360642e-14,1.0803444027824212,5,-1.452830911130576e-17,-2.168404344971009e-18,-2.4424906541753444e-15,0.00025414927012845645,0.9878794296280939,1.00986718575119,0.4938445340603834,1.0333530905959343e-15,0.0008849170990288258,not_checked,0.001,not_checked,not_checked,,,
circle_uniform_direct_n800,360,2026591961,True,ok,0.0002993550122632992,4.860996552036458e-05,0.0008546195794535322,0.47893203032214116,0.4916822052893305,0.7867889257669867,0.7868031003566363,0.7820464801707488,0.7870338580617668,0.7870338580617667,800.0000000000005,800.0000000000005,0.00125,4.6237475653798654e-12,1.04048836050808,4,6.230687623828834e-14,1.5720931501039814e-18,2.1094237467877974e-15,1.799464956891983e-05,0.9520953846626995,1.0473047759388945,0.4760245516298301,1.1677659707276522e-13,0.0007746671326458454,not_checked,0.001,not_checked,not_checked,,,
circle_uniform_direct_n800,361,2026591962,True,ok,0.0023045070156587234,0.002996526415604722,0.0023725214990314033,3.6849686010940355,3.779803818357553,0.15754557161138844,0.15772266770952403,0.15108662832097913,0.1582458231145594,0.15824582311455926,800.0000000000005,800.0000000000005,0.00125,5.238864897449957e-16,1.1867872205014507,6,5.204170427930421e-18,-5.204170427930421e-18,-9.769962616701378e-15,0.0011213119799620141,0.965275276886387,1.0300046881202636,0.4811913920256445,1.8214596497756474e-17,0.000993042252957821,not_checked,0.001,not_checked,not_checked,,,
circle_uniform_direct_n800,362,2026591963,True,ok,4.1191399794693e-05,0.00032325051879681266,0.0003133414681403531,0.06590554214308064,0.06915733715513264,0.9675414832906901,0.9675418211764024,0.9660123418803639,0.96758391901884,0.9675839190188399,800.0000000000005,800.0000000000005,0.00125,2.4113068312903163e-13,1.0440125231282023,4,1.0177744606300332e-15,-8.131516293641283e-20,-1.249000902703301e-16,3.487642140989622e-07,0.9488111596185376,1.0511051607648003,0.4742522291244795,8.175643322061443e-15,0.0007750419899821281,not_checked,0.001,not_checked,not_checked,,,
circle_uniform_direct_n800,363,2026591964,True,ok,0.00023842062234733364,0.0007615695208512149,0.00076986971720427,0.38145221646909716,0.38372099252381425,0.8263032022844885,0.8263117898262262,0.8254220099160534,0.8263503045244385,0.8263503045244384,800.0000000000005,800.0000000000005,0.00125,1.8073858382150476e-11,1.0741805956334656,4,-5.628125190285799e-13,-2.710505431213761e-19,-5.551115123125783e-17,1.03896433184536e-05,0.9872683369648323,1.0122756020174493,0.493258219960212,1.0059101988868502e-12,0.0007749986834824085,not_checked,0.001,not_checked,not_checked,,,
circle_uniform_direct_n800,364,2026591965,True,ok,0.00131209161572727,0.00035595108260318576,0.001800747176736742,2.0986694293724644,2.1281764392237146,0.3494313318287958,0.34954981063883916,0.3450423142016306,0.35005209504750834,0.35005209504750806,800.0000000000005,800.0000000000005,0.00125,3.1540048350819916e-13,1.0912282173860877,5,-3.469446951953614e-18,3.0357660829594124e-18,5.329070518200751e-15,0.0003385778955844465,0.9582827273392369,1.0391169330342127,0.47897081437626815,1.2045160875662209e-14,0.0008911669719964266,not_checked,0.001,not_checked,not_checked,,,
circle_uniform_direct_n800,365,2026591966,True,ok,0.0017257488736236687,0.00038385286053571133,0.0021110817527324297,2.760024856937309,2.6903879637299597,0.2504755039497115,0.2506225543446453,0.26048917278314626,0.25142787776483105,0.25142787776483094,800.0000000000005,800.0000000000005,0.00125,4.0157460690082303e-13,1.1022262060260903,5,-5.637851296924623e-18,1.0842021724855044e-18,3.1086244689504383e-15,0.0005866704302810444,0.916477286604697,1.0801001628721052,0.45806274989288964,1.626953780031748e-14,0.0008859999943524599,not_checked,0.001,not_checked,not_checked,,,
circle_uniform_direct_n800,366,2026591967,True,ok,8.502319856109269e-05,8.30425815796163e-05,0.0004576888626803313,0.13603422654599476,0.13816286340622175,0.934204504932685,0.934205856193242,0.9332506807915021,0.9342431349391684,0.9342431349391684,800.0000000000005,800.0000000000005,0.00125,3.009990260510742e-13,1.0300899513572062,4,9.33227019966898e-17,2.710505431213761e-19,8.326672684688674e-17,1.4455758768072702e-06,0.9670285506105311,1.0328014329583863,0.4834741230970866,2.211772431870429e-16,0.0007740841247141361,not_checked,0.001,not_checked,not_checked,,,
circle_uniform_direct_n800,367,2026591968,True,ok,0.00022161758282409879,0.0016838755443087869,0.0007416907137250323,0.3545726139015918,0.3572734803374995,0.8374800161739231,0.8374865167013292,0.836409678256946,0.837533457975598,0.8375334579755978,800.0000000000005,800.0000000000005,0.00125,7.176605143488501e-11,1.1010173181773397,4,-1.113335037225896e-12,-1.3552527156068805e-19,-4.440892098500626e-16,7.759308483235028e-06,0.9809563698772402,1.018647819740091,0.489652229895114,6.020783264309992e-12,0.0007750422228127718,not_checked,0.001,not_checked,not_checked,,,
circle_uniform_direct_n800,368,2026591969,True,ok,0.00168004247692309,0.0019922549808114335,0.0020569488972062354,2.6870392773783807,2.67171806139448,0.26020572818651655,0.2603398027716092,0.26293221157393337,0.2607915156336264,0.2607915156336262,800.0000000000005,800.0000000000005,0.00125,1.2924864650765144e-10,1.1440083736336926,5,6.938893903907228e-18,-3.2526065174565133e-18,-4.440892098500626e-15,0.0005143428492824231,0.9780044626360775,1.0187910483616396,0.4880279961553546,1.1794277360310801e-11,0.0008950419723987579,not_checked,0.001,not_checked,not_checked,,,
circle_uniform_direct_n800,369,2026591970,True,ok,0.00015488189138839446,0.0016778454915017784,0.0006252649491913594,0.2477990797095181,0.245611490013068,0.883404753211879,0.8834100327273371,0.8844354518777399,0.8834633126394037,0.8834633126394037,800.0000000000005,800.0000000000005,0.00125,5.337741706967769e-11,1.102103191886246,4,4.71394922879273e-13,-1.6263032587282567e-19,-3.3306690738754696e-16,5.973255956595591e-06,0.9720922473519551,1.0275601352717407,0.48523066821544236,5.935018535657699e-12,0.0007720827125012875,not_checked,0.001,not_checked,not_checked,,,
circle_uniform_direct_n800,370,2026591971,True,ok,0.0006820060947194209,0.0009722403480449857,0.0013140614521313279,1.0910268409657535,1.0780568088397737,0.5792377703431464,0.579290787099167,0.5833147231460017,0.5794911571447964,0.5794911571447962,800.0000000000005,800.0000000000005,0.00125,1.0578229264757155e-11,1.0977266948956785,5,-9.107298248878237e-18,6.505213034913027e-19,1.7763568394002505e-15,9.145529266019192e-05,0.9807747928478602,1.0178736317785595,0.48991061712736467,6.695492684588578e-13,0.0008878742810338736,not_checked,0.001,not_checked,not_checked,,,
circle_uniform_direct_n800,371,2026591972,True,ok,0.0023048982305648837,0.0003120535698484275,0.002391376241958399,3.6857172262875237,3.7209587927985,0.15752306676414735,0.1576904963065895,0.15559801935509152,0.15819630436408091,0.15819630436408078,800.0000000000005,800.0000000000005,0.00125,1.6252624246426706e-13,1.1134096336490056,5,5.204170427930421e-18,-4.336808689942018e-18,-7.993605777301127e-15,0.0010599713081460571,0.9835755660284157,1.0118244870823625,0.4916343189459754,7.093175873051916e-15,0.0008908340241760015,not_checked,0.001,not_checked,not_checked,,,
circle_uniform_direct_n800,372,2026591973,True,ok,0.0009524588878159213,0.004240956988418093,0.0015499307162023903,1.523527511730602,1.512243531525836,0.4663154094715165,0.4664103493978238,0.4694836685250887,0.4667473798164119,0.4667473798164117,800.0000000000005,800.0000000000005,0.00125,3.7643499428696714e-16,1.1830278078147387,6,4.228388472693467e-18,-2.3852447794681098e-18,-2.220446049250313e-15,0.00020335438743646073,0.9730110150399246,1.0249796980777015,0.48444192035651784,3.469446951953614e-18,0.001005874015390873,not_checked,0.001,not_checked,not_checked,,,
circle_uniform_direct_n800,373,2026591974,True,ok,0.004588107902818877,0.00010138244874107201,0.003375107230545038,7.3325235301202865,7.409076899011605,0.0250402867457031,0.02514677147256173,0.024611574230802985,0.025464083184587684,0.02546408318458763,800.0000000000005,800.0000000000005,0.00125,3.641184576075318e-15,1.1493397175802897,5,2.7755575615628914e-17,-6.071532165918825e-18,-1.0658141036401503e-14,0.004224557194960621,0.9859375056670645,1.0048832472545286,0.4929187742835107,7.554178636792752e-17,0.0008926659356802702,not_checked,0.001,not_checked,not_checked,,,
circle_uniform_direct_n800,374,2026591975,True,ok,0.0025343004596915606,0.0011947649414551812,0.0025072234871207823,4.052375401643917,4.091885101003776,0.13100593223837154,0.13117053599191886,0.12925830006709554,0.13167212238748513,0.13167212238748502,800.0000000000005,800.0000000000005,0.00125,1.6138586994562942e-11,1.1431473643001786,5,-1.734723475976807e-18,-1.734723475976807e-18,-1.7763568394002505e-15,0.0012526669312911132,0.9833008224673014,1.0117047132136017,0.4910629855419133,1.5266052311169176e-12,0.0008934172801673412,not_checked,0.001,not_checked,not_checked,,,
circle_uniform_direct_n800,375,2026591976,True,ok,0.00042258421603848066,0.0024376720696621546,0.0010369533868439952,0.6760774456624796,0.6644478412459723,0.7130210736772276,0.71304151211642,0.7173266806323496,0.7131472395314298,0.7131472395314298,800.0000000000005,800.0000000000005,0.00125,2.3592239273284576e-16,1.1258219706004313,6,-5.854691731421724e-18,-1.5720931501039814e-18,-3.6637359812630166e-15,2.864999954488301e-05,0.9810231265390553,1.0182182145383267,0.48931593931203954,1.9949319973733282e-17,0.0010028751567006111,not_checked,0.001,not_checked,not_checked,,,
circle_uniform_direct_n800,376,2026591977,True,ok,0.0036692583645092803,0.0010692306552387027,0.003007806800082941,5.8655698888865695,5.9660702210377305,0.052567241938659394,0.05270566640548993,0.050638905713192524,0.053109115882023904,0.05310911588202382,800.0000000000005,800.0000000000005,0.00125,1.4679125970307183e-11,1.1579274505861565,5,-4.336808689942018e-18,-6.071532165918825e-18,-9.769962616701378e-15,0.0026217471641412082,0.9728019967037586,1.0199708440443116,0.48588090108617565,9.793411741287894e-13,0.0009077908471226692,not_checked,0.001,not_checked,not_checked,,,
circle_uniform_direct_n800,377,2026591978,True,ok,0.0007710673446074592,0.0029060340193992184,0.001393126647234673,1.2334195116259457,1.227439061319516,0.5392069355230704,0.5392847370042473,0.5413336128069514,0.5396395427770114,0.5396395427770113,800.0000000000005,800.0000000000005,0.00125,3.0531133177191805e-16,1.1552211437767552,6,1.734723475976807e-18,2.168404344971009e-19,1.3322676295501878e-15,0.0001441198729948967,0.9631605952745371,1.035138750637297,0.4801807764464207,2.6020852139652106e-17,0.0010121248196810484,not_checked,0.001,not_checked,not_checked,,,
circle_uniform_direct_n800,378,2026591979,True,ok,0.0016513567064850646,0.0007387916610794489,0.002058293942861428,2.6411174292344457,2.5833226682349055,0.26608125773149716,0.26622158035336985,0.2748138460139408,0.2668455198967293,0.266845519896729,800.0000000000005,800.0000000000005,0.00125,3.749067029046316e-12,1.111840508641143,5,6.505213034913027e-19,1.734723475976807e-18,3.1086244689504383e-15,0.0005266505708294567,0.9416069171301521,1.0551509325700383,0.4704556346642889,2.2328948585947916e-13,0.0008926670998334885,not_checked,0.001,not_checked,not_checked,,,
circle_uniform_direct_n800,379,2026591980,True,ok,0.0011066908477218931,0.0012054053433325392,0.0016660504790890827,1.7701862757263158,1.7661610422184526,0.41214433830059727,0.41225144265702396,0.41350713021116403,0.41256864366065193,0.4125686436606516,800.0000000000005,800.0000000000005,0.00125,2.1995655297146754e-11,1.1196373202852827,5,-4.9873299934333204e-18,8.673617379884035e-19,1.3322676295501878e-15,0.00025954031435715397,0.9898071439595495,1.0079168139366668,0.49430698843987714,1.5817191306721767e-12,0.0008897501975297928,not_checked,0.001,not_checked,not_checked,,,
circle_uniform_direct_n800,380,2026591981,True,ok,0.00033254127729184254,8.765100538679524e-05,0.0009154985004439228,0.5320217396780057,0.52817058877831,0.7662849819088233,0.7663019667851383,0.7679080386162292,0.7664138186936568,0.7664138186936567,800.0000000000005,800.0000000000005,0.00125,9.476290845772395e-12,1.0454430163060866,4,4.461269678332491e-14,4.87890977618477e-19,1.1102230246251565e-15,2.215199447130889e-05,0.9734188802703064,1.0259156043251945,0.4866667795591248,7.656559847940558e-14,0.0007751670200377703,not_checked,0.001,not_checked,not_checked,,,
circle_uniform_direct_n800,381,2026591982,True,ok,0.0011220486894301996,0.00012147688601788712,0.0016648012282383675,1.7947750140597276,1.8180227374829512,0.4071065662755782,0.40720905946327357,0.40292236884060095,0.40753072452172145,0.40753072452172123,800.0000000000005,800.0000000000005,0.00125,6.534703334004632e-15,1.076273751309665,5,5.854691731421724e-18,1.3010426069826053e-18,1.5543122344752192e-15,0.0002514445142963728,0.9871443872154979,1.0106140351682393,0.4935122362779345,1.594861395726177e-16,0.0008910840842872858,not_checked,0.001,not_checked,not_checked,,,
circle_uniform_direct_n800,382,2026591983,True,ok,2.607688811907859e-05,0.001139017678483816,0.00025510513991448906,0.0417228246727506,0.04179621742247788,0.979354091735531,0.9793541878701658,0.9793187435349562,0.9793545855097137,0.9793545855097137,800.0000000000005,800.0000000000005,0.00125,1.8556267633584866e-11,1.0749191439609005,4,-2.438641736463021e-15,1.3552527156068805e-19,1.3877787807814457e-16,9.81588875841044e-08,0.998240120046287,1.0017145313660543,0.4985515609403482,1.2610836853943486e-12,0.0007757500279694796,not_checked,0.001,not_checked,not_checked,,,
circle_uniform_direct_n800,383,2026591984,True,ok,0.00037598349308526043,0.00048739486426468536,0.0009825864908088982,0.6015145379228386,0.5862362618537771,0.7400083035264576,0.740030172808398,0.7459340176153947,0.740235578243718,0.7402355782437179,800.0000000000005,800.0000000000005,0.00125,3.549625177123872e-11,1.0711347581323758,4,1.24704923037261e-12,6.505213034913027e-19,6.661338147750939e-16,2.952550678919641e-05,0.9609364634007393,1.0382956068399176,0.4802340585283151,2.567269313802356e-12,0.0007783758919686079,not_checked,0.001,not_checked,not_checked,,,
circle_uniform_direct_n800,384,2026591985,True,ok,0.0018648722063187339,0.00025038108295601265,0.0021256307482812277,2.9824063535381318,3.08261337880926,0.22426863156275836,0.2244247038323417,0.21410115485463302,0.22494535677398236,0.22494535677398217,800.0000000000005,800.0000000000005,0.00125,8.11607725470509e-14,1.1014661638556298,5,-2.168404344971009e-18,3.469446951953614e-18,5.329070518200751e-15,0.0006945882859219488,0.963322547648366,1.032953048046319,0.48154067619373697,2.950005691115809e-15,0.0008909159805625677,not_checked,0.001,not_checked,not_checked,,,
circle_uniform_direct_n800,385,2026591986,True,ok,9.928856674249007e-05,0.0024662409754718038,0.0004881838152057729,0.15885588145490137,0.165691379676745,0.9235302233245544,0.9235329172021394,0.9204931777124985,0.9236418844620518,0.9236418844620518,800.0000000000005,800.0000000000005,0.00125,1.1051441012321916e-11,1.118721027431439,5,2.409498788642425e-13,-4.0657581468206416e-19,-5.273559366969494e-16,2.9126665414130892e-06,0.9459478181090234,1.053807788985764,0.47180732240820356,7.411935648571344e-13,0.0008875408675521612,not_checked,0.001,not_checked,not_checked,,,
circle_uniform_direct_n800,386,2026591987,True,ok,0.0005364955275312361,7.974756059939126e-05,0.0011496538604727168,0.8582780968031399,0.8720867563134327,0.650762262350045,0.6507996316742852,0.6465896774587385,0.6510320395897286,0.6510320395897284,800.0000000000005,800.0000000000005,0.00125,2.8347692682811898e-11,1.0536253952338228,4,-1.732900932124859e-13,-2.168404344971009e-19,3.3306690738754696e-16,5.7373623419176845e-05,0.966410128266546,1.0325189271155304,0.483166529633541,4.2592752241832343e-13,0.0007832089904695749,not_checked,0.001,not_checked,not_checked,,,
circle_uniform_direct_n800,387,2026591988,True,ok,0.002867894591670827,0.0016603056488857385,0.002701444309429752,4.585150011939392,4.517488103762724,0.10016583946341603,0.10034075664273717,0.10448162588576153,0.10083037057516561,0.10083037057516547,800.0000000000005,800.0000000000005,0.00125,6.602993846138716e-11,1.169363567217118,5,1.3444106938820255e-17,1.734723475976807e-18,4.440892098500626e-15,0.0017406673669668749,0.9666774813244657,1.0274353817713153,0.4825363060651011,5.6907725060062475e-12,0.0008919169194996357,not_checked,0.001,not_checked,not_checked,,,
circle_uniform_direct_n800,388,2026591989,True,ok,0.003881376818147726,2.2722487970810017e-05,0.003096887647095417,6.204175461067258,6.2960658969632854,0.044288862961719404,0.044423032656446496,0.04293650216633308,0.04481997114001577,0.04481997114001569,800.0000000000005,800.0000000000005,0.00125,1.8962695996771473e-16,1.1336459724966301,5,1.734723475976807e-18,2.168404344971009e-18,1.7763568394002505e-15,0.0030137239845533514,0.9823467234621938,1.0098981626475847,0.4911622010589253,3.469446951953614e-18,0.0008944161236286163,not_checked,0.001,not_checked,not_checked,,,
circle_uniform_direct_n800,389,2026591990,True,ok,0.002020758469771027,0.005871861716609741,0.002267395601192083,3.231673887153528,3.1803876092023904,0.19793382830986278,0.19808654548192436,0.20388609384185613,0.1985713543247695,0.1985713543247693,800.0000000000005,800.0000000000005,0.00125,2.914335439641036e-16,1.2249188555630348,6,1.3010426069826053e-18,4.336808689942018e-18,6.217248937900877e-15,0.0007698322400582214,0.9797993766800451,1.016293551401404,0.4870225135223584,5.551115123125783e-17,0.0010104170069098473,not_checked,0.001,not_checked,not_checked,,,
circle_uniform_direct_n800,390,2026591991,True,ok,0.001470440320772341,0.0004534053066986691,0.0019325735766700318,2.35185665802491,2.3182076087163774,0.30782806500780746,0.3079587725708549,0.31376725176011583,0.30840165940466197,0.3084016594046619,800.0000000000005,800.0000000000005,0.00125,7.367023657778304e-13,1.098749713800172,5,-1.3010426069826053e-18,4.336808689942018e-18,8.43769498715119e-15,0.00042392760541853924,0.9738687465073078,1.0232217343337773,0.4867135987377037,3.167756855437798e-14,0.00089787389151752,not_checked,0.001,not_checked,not_checked,,,
circle_uniform_direct_n800,391,2026591992,True,ok,0.0001793659438178253,0.0002315253219901862,0.0006752134401342988,0.28697254312138626,0.28229918879027494,0.8662865302949783,0.8662921486448567,0.8683594002816533,0.8663270766571716,0.8663270766571716,800.0000000000005,800.0000000000005,0.00125,3.347920031482321e-12,1.0478898092091529,4,2.5453516247844754e-14,7.589415207398531e-19,1.3877787807814457e-15,6.483493567188692e-06,0.9820823792826161,1.0175576019035821,0.49092750007903563,5.353551803255474e-14,0.0008240840397775173,not_checked,0.001,not_checked,not_checked,,,
circle_uniform_direct_n800,392,2026591993,True,ok,0.0009101212250120152,0.0006872597133856264,0.0014719751600638588,1.4558490792994556,1.5299045564849436,0.4822481342042474,0.48233140309688916,0.46535613805721343,0.48282694569879814,0.4828269456987979,800.0000000000005,800.0000000000005,0.00125,3.0597087363748443e-12,1.0970113772245926,5,4.119968255444917e-18,5.421010862427522e-19,-2.220446049250313e-16,0.00017244035988472906,0.9515945835606224,1.046549928291903,0.47547029082886294,1.671985033063761e-13,0.0009382080752402544,not_checked,0.001,not_checked,not_checked,,,
circle_uniform_direct_n800,393,2026591994,True,ok,3.777733580927374e-05,0.0014318982826444682,0.0003015274695832195,0.06044332314568108,0.06283269514851796,0.970198639026083,0.9701988401429096,0.9690720182882304,0.9702302459942483,0.9702302459942483,800.0000000000005,800.0000000000005,0.00125,4.124119101778234e-11,1.0848149250457906,4,-7.287580098842145e-15,3.7947076036992655e-19,3.608224830031759e-16,2.070745784704675e-07,0.9539266555969662,1.0460086725713214,0.4762803517234685,3.148876992487004e-12,0.0008059169631451368,not_checked,0.001,not_checked,not_checked,,,
circle_uniform_direct_n800,394,2026591995,True,ok,0.00011557379531581288,0.0001856792647080039,0.0005399051403627122,0.18491257759131813,0.18330984450863114,0.9116718073305001,0.9116743125442773,0.9124199510462949,0.9116865562973084,0.9116865562973083,800.0000000000005,800.0000000000005,0.00125,1.2543438510093097e-12,1.0412367630187047,4,2.267920551878022e-14,4.87890977618477e-19,9.992007221626409e-16,2.747456991289421e-06,0.9888800255279313,1.0108855708184061,0.49434820529443335,4.6554665504572323e-14,0.0007804578635841608,not_checked,0.001,not_checked,not_checked,,,
circle_uniform_direct_n800,395,2026591996,True,ok,0.0011339283632177235,0.0012507284779454666,0.0017107722766253825,1.8138014019111295,1.7584745857636523,0.40315851362652,0.40325619809694413,0.41509939023569886,0.40367600500678835,0.403676005006788,800.0000000000005,800.0000000000005,0.00125,1.9619233321277463e-11,1.1156103203130303,5,1.951563910473908e-18,-6.505213034913027e-19,2.220446049250313e-16,0.0002419896186145465,0.9650479643283963,1.0327541270366785,0.48192047912934416,1.8332540346888138e-12,0.0008910829201340675,not_checked,0.001,not_checked,not_checked,,,
circle_uniform_direct_n800,396,2026591997,True,ok,0.0027773616915076236,0.00017229486337580024,0.0026683161517092146,4.440708300571101,4.340688413100951,0.10774991559935962,0.10791582899426544,0.1141383229901785,0.10840410158351624,0.10840410158351604,800.0000000000005,800.0000000000005,0.00125,2.1505366931684478e-14,1.117349397856556,5,0.0,-7.806255641895632e-18,-1.2434497875801753e-14,0.0015352029205497608,0.9673585127017517,1.0271055548096084,0.4835959208109214,6.586528197849439e-16,0.0008945842273533344,not_checked,0.001,not_checked,not_checked,,,
circle_uniform_direct_n800,397,2026591998,True,ok,0.0018656009409200268,0.0006490630578130099,0.002179428565197961,2.983600429256949,2.935305477052645,0.2241564942740416,0.22430933987484364,0.23046581431871177,0.22481425462126042,0.2248142546212603,800.0000000000005,800.0000000000005,0.00125,2.5842800122077847e-12,1.1142430897216433,5,1.4094628242311558e-17,-2.168404344971009e-19,8.881784197001252e-16,0.0006805381075476458,0.9677540613996191,1.0285607176328158,0.48356295883754374,1.3302249926572252e-13,0.0009018341079354286,not_checked,0.001,not_checked,not_checked,,,
circle_uniform_direct_n800,398,2026591999,True,ok,0.00047284994382644756,0.003553235003868868,0.0010641706692794412,0.7564989483818915,0.7901613561768585,0.68471515899924,0.6847360519333661,0.6736256902235054,0.6850386937690576,0.6850386937690576,800.0000000000005,800.0000000000005,0.00125,7.979727989493313e-16,1.1484277505372342,6,1.1384122811097797e-18,5.421010862427522e-19,7.771561172376096e-16,3.0480870212512556e-05,0.9537921639200734,1.0454161216523246,0.4752013630951575,6.071532165918825e-17,0.0010012502316385508,not_checked,0.001,not_checked,not_checked,,,
circle_uniform_direct_n800,399,2026592000,True,ok,0.0011075059612181883,0.004696561321584792,0.0016611952657204993,1.771561702652365,1.7786678761016343,0.41191042207776185,0.4120027638341606,0.4109293660350495,0.4122996991426279,0.41229969914262754,800.0000000000005,800.0000000000005,0.00125,3.95516952522712e-16,1.1880890406003666,6,4.7704895589362195e-18,2.8189256484623115e-18,6.217248937900877e-15,0.00022391764836870998,0.992177631051251,1.0057178920285454,0.4937593200254499,4.5102810375396984e-17,0.001007875194773078,not_checked,0.001,not_checked,not_checked,,,
circle_uniform_direct_n800,400,2026592001,True,ok,0.0059816145505892015,0.0006406176297050993,0.003882572793010313,9.556295117125227,9.529187300781896,0.008136509655480389,0.008195110752193438,0.008526352218450968,0.008351687702597203,0.008351687702597182,800.0000000000005,800.0000000000005,0.00125,1.880131467180135e-12,1.1850463161094986,5,-6.071532165918825e-18,5.204170427930421e-18,8.881784197001252e-15,0.007144081908750266,0.9664575327139436,1.0216167519547408,0.48291920187043497,1.2626726920983433e-13,0.0009011260699480772,not_checked,0.001,not_checked,not_checked,,,
circle_uniform_direct_n800,401,2026592002,True,ok,8.39557192489071e-07,0.0008134236838171919,4.539721955061184e-05,0.0013432911394947388,0.0013689392988029884,0.999328251105019,0.9993282512892292,0.9993157645465126,0.9993285797495292,0.9993285797495292,800.0000000000005,800.0000000000005,0.00125,5.598060209832667e-12,1.0598645504976514,4,1.7353587506872478e-19,3.5575383784680614e-20,5.551115123125783e-17,1.8424388783296747e-10,0.9687474225922209,1.0312503395605173,0.4839797212301694,3.2810234563973584e-13,0.000779957976192236,not_checked,0.001,not_checked,not_checked,,,
circle_uniform_direct_n800,402,2026592003,True,ok,2.6096411808124035e-05,0.0008770702044778032,0.0002527929073124453,0.04175389922985132,0.042698254861809865,0.9793179219516663,0.9793180982461265,0.9788771520396032,0.9793392891376564,0.9793392891376564,800.0000000000005,800.0000000000005,0.00125,7.439639182482694e-12,1.067498611429409,4,2.8878605778416555e-15,5.21772295508649e-19,6.800116025829084e-16,1.7983157357681634e-07,0.9547135972363544,1.0452262651908082,0.47693812773966265,4.434688293669664e-13,0.0007898760959506035,not_checked,0.001,not_checked,not_checked,,,
circle_uniform_direct_n800,403,2026592004,True,ok,0.00018259720145774767,0.0025697099867271356,0.0006761685547961846,0.2921450192558176,0.2920333019529956,0.8640049272000973,0.8640094674581895,0.864143314234832,0.8640905078864902,0.8640905078864901,800.0000000000005,800.0000000000005,0.00125,4.163484747937707e-11,1.121125527098307,5,-6.218227159311002e-13,1.3010426069826053e-18,1.6653345369377348e-15,5.2515382894247065e-06,0.9664409763205244,1.0332382595089964,0.4819788740835474,4.2691458007615424e-13,0.0008906670846045017,not_checked,0.001,not_checked,not_checked,,,
circle_uniform_direct_n800,404,2026592005,True,ok,4.966112953392644e-05,0.002588721533810159,0.0003554244252686998,0.07945753537424452,0.07820000751994968,0.9610167987817746,0.9610169295336037,0.9616545352682485,0.9610499409933152,0.9610499409933152,800.0000000000005,800.0000000000005,0.00125,3.1451872356536015e-12,1.1130081862810133,5,-4.4204616638128524e-14,-2.710505431213761e-20,-1.3877787807814457e-17,1.359400189152038e-07,0.95865210158421,1.0412873054775027,0.47808522974784456,1.4350499955018137e-14,0.0008793333545327187,not_checked,0.001,not_checked,not_checked,,,
circle_uniform_direct_n800,405,2026592006,True,ok,0.0004871159115836868,0.0033387229971698577,0.0010900721747759284,0.779270671073547,0.8002975866138797,0.6768810306150527,0.6769199283368177,0.6702203143191716,0.6772649462258478,0.6772649462258475,800.0000000000005,800.0000000000005,0.00125,5.672545766444159e-16,1.153920048172958,6,-1.1546753136970622e-17,-7.047314121155779e-19,4.440892098500626e-16,5.739373017615845e-05,0.9517870712106273,1.0471384395180379,0.4743044819445195,3.469446951953614e-17,0.000997625757008791,not_checked,0.001,not_checked,not_checked,,,
circle_uniform_direct_n800,406,2026592007,True,ok,0.0009705128100022066,0.0028752976703029553,0.001551294258107779,1.5524909264545468,1.5683263630367805,0.4595796283151685,0.4596554466867392,0.45650155092884703,0.4600545323208338,0.4600545323208337,800.0000000000005,800.0000000000005,0.00125,6.730727086790012e-16,1.149521331499335,6,-1.5178830414797062e-18,-1.8431436932253575e-18,-2.6645352591003757e-15,0.00016478477449233253,0.9619826118849174,1.0362032219663713,0.479608475102861,5.377642775528102e-17,0.0009992087725549936,not_checked,0.001,not_checked,not_checked,,,
circle_uniform_direct_n800,407,2026592008,True,ok,0.002859656292665349,0.0009405608601299293,0.002674838778522423,4.572086912146817,4.579168807255405,0.10082790487589138,0.10099807288793161,0.10130855657466603,0.10149710184773018,0.10149710184773006,800.0000000000005,800.0000000000005,0.00125,9.531174460786218e-12,1.147971015895523,5,-6.071532165918825e-18,-6.5052130349130266e-18,-1.0658141036401503e-14,0.0016815780588719242,0.9844574018568902,1.0097525348250302,0.491765712167692,5.864976473229921e-13,0.000888915965333581,not_checked,0.001,not_checked,not_checked,,,
circle_uniform_direct_n800,408,2026592009,True,ok,0.0004682008701741669,0.0008673073166925588,0.001096967240218758,0.7490378530837166,0.7294406014740981,0.6873012137325438,0.6873299505282975,0.6943908443261886,0.6875912739535035,0.6875912739535033,800.0000000000005,800.0000000000005,0.00125,7.244102540049369e-11,1.0868492482692085,4,-2.224589111012032e-12,1.6263032587282567e-19,4.440892098500626e-16,4.17695974754273e-05,0.958991016013203,1.0400958258532709,0.4790796458562787,4.01660432344797e-12,0.0007712086662650108,not_checked,0.001,not_checked,not_checked,,,
circle_uniform_direct_n800,409,2026592010,True,ok,0.003018839694846892,6.1277497012981e-05,0.0027001238977579878,4.826502787030481,5.0088226871175685,0.0887413840236512,0.08890340684458631,0.08172369100588209,0.0893609265199943,0.0893609265199942,800.0000000000005,800.0000000000005,0.00125,4.0328255058313944e-16,1.1184368940945806,5,-2.168404344971009e-18,3.0357660829594124e-18,7.105427357601002e-15,0.0018203623622743415,0.9604270470362831,1.0335445342207223,0.48018409726854144,1.0408340855860843e-17,0.000893792137503624,not_checked,0.001,not_checked,not_checked,,,
circle_uniform_direct_n800,410,2026592011,True,ok,0.00028275440378303356,0.001447738847461466,0.0008300759207219235,0.45237790388240434,0.4644080227124846,0.7974223185402181,0.797433945831769,0.7927843697929786,0.7975557641836559,0.7975557641836558,800.0000000000005,800.0000000000005,0.00125,4.706746857497876e-11,1.0981860421194445,4,-9.39545967068578e-13,-1.1926223897340549e-18,-2.0539125955565396e-15,1.4571085224818203e-05,0.9672038706151066,1.0322564476861782,0.48290179629636226,3.290549256684816e-12,0.0007699590642005205,not_checked,0.001,not_checked,not_checked,,,
circle_uniform_direct_n800,411,2026592012,True,ok,0.0009386826650884706,0.0015025096894982107,0.001562421834745217,1.5015520789129686,1.4450650076859737,0.47135705248546267,0.4714373287832029,0.48552111359555694,0.47191984295285605,0.47191984295285594,800.0000000000005,800.0000000000005,0.00125,4.3699023566379225e-11,1.1194573807159953,5,0.0,-1.951563910473908e-18,-3.1086244689504383e-15,0.00017009261429257183,0.9529055047098846,1.0452534172389867,0.47573683457036414,3.817245564780025e-12,0.0008882090914994478,not_checked,0.001,not_checked,not_checked,,,
circle_uniform_direct_n800,412,2026592013,True,ok,0.0016515186718377448,0.00013249291462740024,0.00203373427548429,2.6413453049387523,2.639994419593967,0.2662296296614758,0.26637427892012966,0.2671360473286156,0.26681094635367114,0.266810946353671,800.0000000000005,800.0000000000005,0.00125,1.0430892261048541e-14,1.0906295559279537,5,9.75781955236954e-18,-6.7220534694101275e-18,-1.1102230246251565e-14,0.0005422850008203195,0.9945463039118803,1.0021623393614247,0.49720726712326696,2.4643915380595516e-16,0.0008940829429775476,not_checked,0.001,not_checked,not_checked,,,
circle_uniform_direct_n800,413,2026592014,True,ok,0.0010552806807905797,0.0018623992254330627,0.0016233818476796083,1.6879742256180834,1.6911778500748509,0.4294914900724419,0.4295935885620227,0.4293044556051262,0.4298905899563027,0.42989058995630247,800.0000000000005,800.0000000000005,0.00125,1.0399038574693265e-10,1.1357104130189444,5,5.204170427930421e-18,4.553649124439119e-18,7.327471962526033e-15,0.00023743182342261804,0.992891268068007,1.004931722323742,0.49552099314337944,9.008088112244517e-12,0.000887333182618022,not_checked,0.001,not_checked,not_checked,,,
circle_uniform_direct_n800,414,2026592015,True,ok,0.0012361004204875117,0.0007554671898766074,0.001773119210421147,1.9771340841491558,1.9487452457168373,0.3713257495533272,0.3714422489243481,0.377429069671135,0.3719929649211838,0.3719929649211836,800.0000000000005,800.0000000000005,0.00125,3.858857677840888e-12,1.107316217184925,5,8.890457814381136e-18,-3.686287386450715e-18,-6.661338147750939e-15,0.00031329431543203334,0.9516170805697559,1.0458813032589531,0.475449071234972,2.4413522418942346e-13,0.000889916904270649,not_checked,0.001,not_checked,not_checked,,,
circle_uniform_direct_n800,415,2026592016,True,ok,0.0010557755938367566,0.0007391661667580367,0.0016135513395310161,1.688798455911007,1.7142623962748142,0.4292703559387878,0.42936544598889637,0.4243777934711136,0.42972041687775797,0.42972041687775775,800.0000000000005,800.0000000000005,0.00125,3.413155175158167e-12,1.1002243771438909,5,-1.5178830414797062e-18,1.5178830414797062e-18,1.7763568394002505e-15,0.0002212471139022565,0.9734137116801588,1.0244848284992365,0.4863471002310291,2.2374810337844053e-13,0.0008883329574018717,not_checked,0.001,not_checked,not_checked,,,
circle_uniform_direct_n800,416,2026592017,True,ok,0.00035837454607412305,0.0005202542877152923,0.0009342351521385476,0.5733498397788495,0.5887207833403098,0.7506000317160164,0.7506185954396203,0.7450079483970553,0.7507371887553044,0.7507371887553043,800.0000000000005,800.0000000000005,0.00125,3.0219872611259024e-11,1.0697953187683074,4,-8.11312226168398e-13,-7.047314121155779e-19,-8.881784197001252e-16,2.471696987388361e-05,0.9738399898784031,1.0254570539424035,0.48666667239741723,1.542052076308753e-12,0.0007750419899821281,not_checked,0.001,not_checked,not_checked,,,
circle_uniform_direct_n800,417,2026592018,True,ok,0.00014658648817605913,0.0002678863015582656,0.0006027675142101219,0.23452940660172816,0.23665353527965294,0.8893116553436913,0.8893156471682783,0.8884057029440032,0.8893457574724913,0.8893457574724912,800.0000000000005,800.0000000000005,0.00125,2.710302468567072e-12,1.048762902690787,4,7.164242614952909e-14,-5.149960319306146e-19,-1.0547118733938987e-15,4.487239983294589e-06,0.9804547697160533,1.01924566788926,0.49009605860300437,1.480845611065429e-13,0.0007753339596092701,not_checked,0.001,not_checked,not_checked,,,
circle_uniform_direct_n800,418,2026592019,True,ok,0.0013296234651428039,5.073147129452027e-05,0.0018022548763775405,2.1266917811267394,2.1835966994820906,0.3444485619909129,0.3445702833076529,0.33561240220904076,0.3451767162370371,0.34517671623703683,800.0000000000005,800.0000000000005,0.00125,1.920830413129626e-10,1.0783492566753077,4,1.648707212420497e-13,3.2526065174565133e-18,6.661338147750939e-15,0.00035288155087398465,0.9458080771650244,1.0515364162249725,0.4728800475057265,2.2202049226871523e-12,0.00077420799061656,not_checked,0.001,not_checked,not_checked,,,
circle_uniform_direct_n800,419,2026592020,True,ok,0.0002105118020392252,0.0002518282190686707,0.0007155219095782132,0.3368010333040815,0.34629909569761086,0.844925272079083,0.8449328171700046,0.841011833929141,0.845007782480416,0.8450077824804159,800.0000000000005,800.0000000000005,0.00125,5.0381036148516856e-12,1.0507955769700301,4,3.875637874864446e-14,2.981555974335137e-19,-1.6653345369377348e-16,8.924979339519634e-06,0.9714316780885522,1.0281460080005291,0.48559352336898315,8.123840142260086e-14,0.0007717499975115061,not_checked,0.001,not_checked,not_checked,,,
circle_uniform_direct_n800,420,2026592021,True,ok,0.0005921209306588693,0.00037595625154001895,0.0012067189246447937,0.9472509508789578,0.9634458706149702,0.6224821171979976,0.6225265129274198,0.6177181859566023,0.6226960599259361,0.6226960599259359,800.0000000000005,800.0000000000005,0.00125,8.562431319525388e-11,1.0733524099758778,4,1.948140542114285e-12,3.577867169202165e-18,5.440092820663267e-15,7.126908761678763e-05,0.9810785650365654,1.0177280030897027,0.4903548612699589,3.829587038109428e-12,0.0007677080575376749,not_checked,0.001,not_checked,not_checked,,,
circle_uniform_direct_n800,421,2026592022,True,ok,0.0015415162995897347,0.007110430586836525,0.0019743542917456994,2.465126195878347,2.440375281390434,0.2906908393519959,0.29088017250014697,0.2951747749273025,0.2913549371777228,0.29135493717772254,800.0000000000005,800.0000000000005,0.00125,3.7470027081099033e-16,1.2516420835761326,6,-7.37257477290143e-18,2.168404344971009e-19,-4.440892098500626e-16,0.0006499417326149004,0.9850037186768875,1.0113688524493865,0.4890009990363715,7.28583859910259e-17,0.000994041096419096,not_checked,0.001,not_checked,not_checked,,,
circle_uniform_direct_n800,422,2026592023,True,ok,0.0002373139589192718,0.00020883058023969707,0.000764089852969165,0.3796801565863689,0.3861716750893596,0.8269767344701737,0.8269859104763548,0.8244112056681546,0.8270822217996918,0.8270822217996916,800.0000000000005,800.0000000000005,0.00125,5.653560085361331e-12,1.0489757276387237,4,-9.593725553563859e-14,5.963111948670274e-19,1.0547118733938987e-15,1.108884223310902e-05,0.9687320746022148,1.0307970987340076,0.48426488771898474,1.9026078455774975e-13,0.000771957915276289,not_checked,0.001,not_checked,not_checked,,,
circle_uniform_direct_n800,423,2026592024,True,ok,0.001506470301827511,0.0020247046741270393,0.001937628183200353,2.4093539810357067,2.421767749448941,0.2990185777047776,0.29916812531583425,0.29793382683838826,0.2996391860112009,0.29963918601120076,800.0000000000005,800.0000000000005,0.00125,1.264958832125629e-10,1.1523219061153247,5,-1.5178830414797062e-18,-1.951563910473908e-18,-2.6645352591003757e-15,0.0004992509441561488,0.9718761266745022,1.024968824943894,0.4849541155071578,1.2581289308977173e-11,0.0008856251370161772,not_checked,0.001,not_checked,not_checked,,,
circle_uniform_direct_n800,424,2026592025,True,ok,0.0004184959876269833,0.001729923285687926,0.0010106009619418402,0.6695297707213347,0.6872848078602328,0.7151536094866908,0.7151764535716345,0.7091824835805369,0.7154834649030988,0.7154834649030986,800.0000000000005,800.0000000000005,0.00125,1.2640378826110632e-10,1.1103627756706935,4,-3.017944672379508e-12,-3.2526065174565133e-19,-2.220446049250313e-16,3.1904740919463936e-05,0.9511990883682928,1.0480018535359543,0.47477675786017853,6.7065654245357376e-12,0.000768125057220459,not_checked,0.001,not_checked,not_checked,,,
circle_uniform_direct_n800,425,2026592026,True,ok,0.0005510217099572827,0.0026251530325494803,0.0011894299860332155,0.8815103738868016,0.859340924185743,0.6432023410733398,0.6432423747371399,0.650723497453933,0.6435102214223916,0.6435102214223914,800.0000000000005,800.0000000000005,0.00125,1.700029006457271e-16,1.1379442295764504,6,1.3010426069826053e-18,6.505213034913027e-19,6.661338147750939e-16,6.218102242561141e-05,0.9626843324183746,1.036200750758592,0.48007848499822925,1.1275702593849246e-17,0.0010010830592364073,not_checked,0.001,not_checked,not_checked,,,
circle_uniform_direct_n800,426,2026592027,True,ok,0.0010290961514755762,0.000549540935121742,0.0016247681617145447,1.6461202580046466,1.6054087002501995,0.4385387446199801,0.4386339317031731,0.4481154628825874,0.43899075683224453,0.4389907568322444,800.0000000000005,800.0000000000005,0.00125,1.2344812672093752e-12,1.0944285105593161,5,-4.553649124439119e-18,-4.336808689942018e-19,-1.3322676295501878e-15,0.00021679217813808105,0.9722923063223368,1.0256266736343633,0.4858789958838299,6.837217424171538e-14,0.0008862919639796019,not_checked,0.001,not_checked,not_checked,,,
circle_uniform_direct_n800,427,2026592028,True,ok,0.001117464862796903,5.258790783300094e-05,0.0016639928789031352,1.7874451225750898,1.8049974858391629,0.4086092904073695,0.40871129564205755,0.40555501487826806,0.40902790812715417,0.40902790812715395,800.0000000000005,800.0000000000005,0.00125,1.302716866671827e-10,1.072220724648284,4,1.0471983523385742e-13,1.5178830414797062e-18,2.220446049250313e-15,0.0002493289499779783,0.9888252420974811,1.0089425105266423,0.494386620967109,1.0875909547958251e-12,0.000774832908064127,not_checked,0.001,not_checked,not_checked,,,
circle_uniform_direct_n800,428,2026592029,True,ok,0.0006664940997709811,0.0001322736864246108,0.0013053892875875682,1.0662111419583042,1.0432345731842412,0.5864405558041721,0.5864932105645413,0.5935598149589397,0.586727213674241,0.5867272136742407,800.0000000000005,800.0000000000005,0.00125,5.894553421759152e-11,1.0628697992146896,4,1.666206560745065e-12,0.0,-6.661338147750939e-16,8.970883763304016e-05,0.9734274024268786,1.0252335374402386,0.4866493218967086,3.1365253276571803e-12,0.0007728326600044966,not_checked,0.001,not_checked,not_checked,,,
circle_uniform_direct_n800,429,2026592030,True,ok,0.0006260632574663209,0.0009649616689438299,0.0012416963780517971,1.0015470620502624,1.0172109726621155,0.6057979443504581,0.6058446699088749,0.6013335622589444,0.6060149604701615,0.6060149604701615,800.0000000000005,800.0000000000005,0.00125,1.8397282655624458e-10,1.09587455681481,4,-1.4868202155571275e-12,1.0842021724855044e-18,1.5543122344752192e-15,7.70749479257482e-05,0.9834977365216043,1.015262206927662,0.491274368434331,2.2551049569385917e-12,0.0007736661937087774,not_checked,0.001,not_checked,not_checked,,,
circle_uniform_direct_n800,430,2026592031,True,ok,0.0009052952581658587,0.00039612358383178344,0.0014968364655538724,1.4481529276466283,1.4642127545123633,0.48433651875245354,0.48441396756151023,0.4808949762766609,0.48469463420590964,0.4846946342059092,800.0000000000005,800.0000000000005,0.00125,1.8055804421046595e-10,1.081775315841483,4,-8.39641453153489e-12,1.5178830414797062e-18,3.774758283725532e-15,0.00015974270937324508,0.9792055940497357,1.019008118643652,0.48940885184393906,1.7271061317214453e-11,0.0007690419442951679,not_checked,0.001,not_checked,not_checked,,,
circle_uniform_direct_n800,431,2026592032,True,ok,0.0015243069330745495,0.004277151207683027,0.0019472049089246872,2.438124634602722,2.4553570646405696,0.2948383075013692,0.29495146706387454,0.2929719136761541,0.29539390372331575,0.29539390372331564,800.0000000000005,800.0000000000005,0.00125,1.734723475976807e-16,1.1844567294796633,6,8.023096076392733e-18,4.336808689942018e-18,7.549516567451064e-15,0.0003832291582792635,0.9705820219575,1.026641336393313,0.4832156588074271,1.3877787807814457e-17,0.0009931670501828194,not_checked,0.001,not_checked,not_checked,,,
circle_uniform_direct_n800,432,2026592033,True,ok,0.001027792762778054,0.00010200547452324951,0.0015901867826295494,1.644047465511283,1.6720806520635283,0.439038278962522,0.43913079428619173,0.43342334522049875,0.4394487360333331,0.4394487360333331,800.0000000000005,800.0000000000005,0.00125,1.2021502196479794e-10,1.072150248095745,4,-1.0193202618774544e-12,4.336808689942018e-19,0.0,0.0002104774668022502,0.9796718628219508,1.0182772066908228,0.4897859653768713,3.0457706669262397e-12,0.0007699162233620882,not_checked,0.001,not_checked,not_checked,,,
circle_uniform_direct_n800,433,2026592034,True,ok,0.0008358538230317431,0.0010601336805494506,0.001486350597147574,1.3371049052943207,1.2684308455356301,0.5114633445865313,0.511530265043102,0.5303514267828178,0.5123829120186445,0.5123829120186443,800.0000000000005,800.0000000000005,0.00125,1.2010781258453562e-11,1.1027227820616086,5,-1.1926223897340549e-18,2.8189256484623115e-18,5.329070518200751e-15,0.00013060577823453823,0.9242187637856981,1.0741664563062376,0.4616194854777917,9.464443118112342e-13,0.0008794991299510002,not_checked,0.001,not_checked,not_checked,,,
circle_uniform_direct_n800,434,2026592035,True,ok,7.842108379649878e-05,0.0006341134216913771,0.00044131110214428923,0.12547147648555113,0.12632463830186194,0.9391831760336729,0.9391842363103671,0.9387910775504524,0.939190573175852,0.939190573175852,800.0000000000005,800.0000000000005,0.00125,2.400121767998087e-12,1.0613321468056856,4,-1.925190692628198e-14,6.369687763352339e-19,8.881784197001252e-16,1.1287944235022218e-06,0.9897300403504722,1.010119590097329,0.4945512153797716,1.211830115421808e-13,0.000768082682043314,not_checked,0.001,not_checked,not_checked,,,
circle_uniform_direct_n800,435,2026592036,True,ok,0.0022321499619380393,0.00012013907076090867,0.002369641628123805,3.569453874386071,3.5554097261654087,0.16699941333133095,0.16716566001853844,0.16902563940971727,0.16767629570449827,0.16767629570449813,800.0000000000005,800.0000000000005,0.00125,6.574601973952099e-15,1.1039923633298143,5,-9.974659986866641e-18,-6.071532165918825e-18,-1.1102230246251565e-14,0.0009930323573970057,0.9725569821591851,1.0229897705751239,0.48622007032350517,1.563148482180976e-16,0.0008840421214699745,not_checked,0.001,not_checked,not_checked,,,
circle_uniform_direct_n800,436,2026592037,True,ok,0.0031360124664793886,0.0002463859141932955,0.002779939364986982,5.013688012494163,5.102620701722205,0.08075522969751625,0.08091451432696883,0.07797941862746935,0.08136500819232075,0.08136500819232065,800.0000000000005,800.0000000000005,0.00125,8.741445067794729e-14,1.1277642251420283,5,-4.336808689942018e-19,6.071532165918825e-18,9.769962616701378e-15,0.0019659669364306964,0.9637524519330364,1.0299840993194522,0.4817574986398865,2.761896614189574e-15,0.0008827089332044125,not_checked,0.001,not_checked,not_checked,,,
circle_uniform_direct_n800,437,2026592038,True,ok,0.003906437161493581,0.0005157952190741415,0.003136767157847971,6.2442617737246735,6.216226089406556,0.04340233991952851,0.04353406222657144,0.04468519480224695,0.04393035547419393,0.043930355474193855,800.0000000000005,800.0000000000005,0.00125,1.1680725831020311e-12,1.1482958568255746,5,-1.734723475976807e-18,5.204170427930421e-18,9.769962616701378e-15,0.003018842332529914,0.9868274694797687,1.0054144189988963,0.4931592323476434,5.307278054533793e-14,0.0008837499190121889,not_checked,0.001,not_checked,not_checked,,,
circle_uniform_direct_n800,438,2026592039,True,ok,0.0017201774840314953,8.925675247922596e-06,0.002102169119304467,2.7510999742199855,2.680677445388188,0.2519101993349453,0.25205960891154494,0.2617569905295096,0.2525510210220331,0.2525510210220329,800.0000000000005,800.0000000000005,0.00125,1.705844753646657e-10,1.0870195737817072,4,7.257539621358111e-12,-3.0357660829594124e-18,-4.884981308350689e-15,0.0005920001152042165,0.9701433371122016,1.0264174078105703,0.48506733896329896,7.865181162608481e-12,0.000768790952861309,not_checked,0.001,not_checked,not_checked,,,
circle_uniform_direct_n800,439,2026592040,True,ok,0.0005328380513310569,0.0013417410521236292,0.0011603314573681155,0.8524399714839316,0.8437770068282856,0.6527779979188622,0.6528109533148485,0.6558071555760909,0.6529397365234239,0.6529397365234235,800.0000000000005,800.0000000000005,0.00125,1.5146298451562679e-10,1.102272335555476,4,-8.020850043172212e-12,4.336808689942018e-19,5.551115123125783e-16,5.0455322880005316e-05,0.9853682702749792,1.0136272011978946,0.49202311600346754,1.418928429613997e-11,0.0007728750351816416,not_checked,0.001,not_checked,not_checked,,,
circle_uniform_direct_n800,440,2026592041,True,ok,0.0006243955652571885,0.0007275068690924479,0.0012581083094873134,0.9988741118788238,0.9858509900086606,0.6065717121353189,0.6066199104168364,0.6108367777620327,0.606824017195748,0.6068240171957477,800.0000000000005,800.0000000000005,0.00125,1.2286957649237928e-10,1.0888067734510756,4,2.6930985653345063e-12,-2.168404344971009e-19,4.440892098500626e-16,7.939626633918229e-05,0.9761354902429794,1.0226060488854385,0.4877126623095834,5.649903721954841e-12,0.0007772080134600401,not_checked,0.001,not_checked,not_checked,,,
circle_uniform_direct_n800,441,2026592042,True,ok,0.0029387962020715392,0.00030449889981622646,0.0027931078516285437,4.698655499714704,4.434801772993449,0.09469550357287398,0.09485753791038656,0.10889176339281553,0.09527031930805947,0.09527031930805935,800.0000000000005,800.0000000000005,0.00125,1.680496020117772e-13,1.1245014937155373,5,4.7704895589362195e-18,-2.6020852139652106e-18,-2.6645352591003757e-15,0.0017092117998807055,0.9345441976954393,1.059615450055755,0.4671298168117672,6.454906054109699e-15,0.0008852910250425339,not_checked,0.001,not_checked,not_checked,,,
circle_uniform_direct_n800,442,2026592043,True,ok,0.0005114234263405744,0.0030565852956276514,0.0011244319183068034,0.8181615912669109,0.8278351364483699,0.6640418905329024,0.6640803941061872,0.6610554409939524,0.6642220710465994,0.6642220710465991,800.0000000000005,800.0000000000005,0.00125,4.926614671774132e-16,1.1473650350099245,6,-2.8189256484623115e-18,-6.505213034913027e-19,-4.440892098500626e-16,5.794543900428106e-05,0.9816154487759033,1.0173127329388647,0.4893077183872203,4.7704895589362195e-17,0.0009984176140278578,not_checked,0.001,not_checked,not_checked,,,
circle_uniform_direct_n800,443,2026592044,True,ok,6.919428911837991e-05,0.00023691710597123408,0.00041629891079590593,0.11070885235853532,0.11051131702823702,0.9461448881268291,0.946145839183018,0.9462432018960254,0.9461487972902456,0.9461487972902455,800.0000000000005,800.0000000000005,0.00125,5.620556103869134e-13,1.0414124883181413,4,8.405697470535711e-15,5.421010862427522e-20,2.0816681711721685e-16,1.0051154363047154e-06,0.9971538900370832,1.002704332581364,0.49845882324116847,1.7776145139203336e-14,0.0009596250019967556,not_checked,0.001,not_checked,not_checked,,,
circle_uniform_direct_n800,444,2026592045,True,ok,0.0006004111472141229,0.0003096273371325872,0.0011935493079424197,0.9605138047043279,1.0131293836019708,0.6180424957987551,0.6180870694554672,0.6025620135855665,0.6185798964204506,0.6185798964204504,800.0000000000005,800.0000000000005,0.00125,6.988455647505276e-11,1.0696806174309783,4,1.0233361467243407e-13,1.0842021724855044e-19,-2.220446049250313e-16,7.201541913459675e-05,0.9430696277351951,1.0557307468706691,0.4713888153630754,9.47362847891764e-14,0.0007727921474725008,not_checked,0.001,not_checked,not_checked,,,
circle_uniform_direct_n800,445,2026592046,True,ok,0.0021164941796891707,0.00033139469480097255,0.0023014618443568807,3.384623120083817,3.3883804738649554,0.1832622437598494,0.18342458627264357,0.1837479611133579,0.1839308616750926,0.18393086167509234,800.0000000000005,800.0000000000005,0.00125,1.8998691508897991e-13,1.1087884850460166,5,1.3010426069826053e-18,-4.336808689942018e-19,-2.220446049250313e-15,0.0008837837094288759,0.9732801591905229,1.0225194132317341,0.4864788092612429,9.041704017442864e-15,0.0008682920597493649,not_checked,0.001,not_checked,not_checked,,,
circle_uniform_direct_n800,446,2026592047,True,ok,0.00012628360280410008,0.0016021510893359813,0.000559321682317184,0.2020481971777385,0.2040915836547041,0.9038576818646289,0.9038601992430698,0.902988201242316,0.9039087334647781,0.9039087334647781,800.0000000000005,800.0000000000005,0.00125,6.158829696234491e-11,1.0956259133280997,4,-1.2237362815789576e-13,1.1384122811097797e-18,2.0261570199409107e-15,2.783654410865033e-06,0.9694156622191801,1.0303484336267255,0.4839312247426227,4.934632129999228e-12,0.0007585838902741671,not_checked,0.001,not_checked,not_checked,,,
circle_uniform_direct_n800,447,2026592048,True,ok,0.0003516092961397444,0.00018464112152546426,0.00093170019737536,0.5625260182782317,0.5700613541698495,0.7546758027022864,0.7546942488737953,0.7519911850680887,0.7548113436543635,0.7548113436543634,800.0000000000005,800.0000000000005,0.00125,1.3884445242834387e-11,1.0527288955985847,4,-2.352982717522545e-13,1.6263032587282567e-19,5.551115123125783e-16,2.4427772679858073e-05,0.9737377451838223,1.0255634589494669,0.4867789760485912,4.812816811750054e-13,0.0007572921458631754,not_checked,0.001,not_checked,not_checked,,,
circle_uniform_direct_n800,448,2026592049,True,ok,0.0017529527928361738,0.0036933512061021693,0.002137467996372637,2.803662621831347,2.6945572464143033,0.24531035140743412,0.24544076474488175,0.2599467118990162,0.24601513162544456,0.24601513162544442,800.0000000000005,800.0000000000005,0.00125,2.5847379792054426e-16,1.1789463868311734,6,4.9873299934333204e-18,-1.3010426069826053e-18,-2.6645352591003757e-15,0.0005309233532664326,0.9454863717434284,1.0512629760234669,0.47099739641036653,3.2959746043559335e-17,0.0009759168606251478,not_checked,0.001,not_checked,not_checked,,,
circle_uniform_direct_n800,449,2026592050,True,ok,0.00021141166989886565,0.0004415871425623545,0.0007197421853328874,0.3382399471620909,0.3453239993188036,0.8443109638768219,0.8443188732535523,0.8414219676979041,0.8443996851139082,0.8443996851139081,800.0000000000005,800.0000000000005,0.00125,7.425712822417552e-12,1.0615783140416717,4,2.340508971528099e-13,-3.7947076036992655e-19,-1.1102230246251565e-16,9.362338047186336e-06,0.9700592527936552,1.029508099769462,0.4848154402118278,4.935240584258427e-13,0.000760416965931654,not_checked,0.001,not_checked,not_checked,,,
circle_uniform_direct_n800,450,2026592051,True,ok,0.0012931747943036795,0.0013070058665169467,0.0018462169738136637,2.0683750868272233,1.9654765954415563,0.3545543468231531,0.354679432099109,0.3742847911341682,0.3553898811307993,0.3553898811307991,800.0000000000005,800.0000000000005,0.00125,2.2070702904164463e-11,1.1268901290331212,5,2.168404344971009e-18,4.336808689942018e-19,1.3322676295501878e-15,0.0003522920293326237,0.9360983883228366,1.0612499583770876,0.4674374663772183,2.1861045959581382e-12,0.0008724580984562635,not_checked,0.001,not_checked,not_checked,,,
circle_uniform_direct_n800,451,2026592052,True,ok,0.0005880115860961413,0.000555089178392115,0.0012127018543970176,0.9406830597981763,0.9408066987007888,0.6245592843141292,0.6246016189950583,0.6247502248579868,0.624746526643409,0.6247465266434089,800.0000000000005,800.0000000000005,0.00125,9.188348866484564e-11,1.0795756611051266,4,-1.7719141041580566e-12,3.2526065174565133e-18,5.773159728050814e-15,6.773897782513805e-05,0.9874016997438789,1.0114351557050052,0.4934267964412163,3.4565041800993512e-12,0.000757250003516674,not_checked,0.001,not_checked,not_checked,,,
circle_uniform_direct_n800,452,2026592053,True,ok,0.000839716106083019,0.0005389434264565724,0.001436708730208201,1.3432738974478757,1.3671518694875286,0.5104806647872586,0.5105501233707423,0.5048085983373669,0.5108021810988648,0.5108021810988645,800.0000000000005,800.0000000000005,0.00125,1.8427063347425943e-10,1.0854892143678898,4,-9.727290587596693e-12,5.421010862427522e-19,4.440892098500626e-16,0.00013593614247775498,0.9807897651162069,1.0175620470498397,0.490130582304704,1.9504196868691537e-11,0.0009588340763002634,not_checked,0.001,not_checked,not_checked,,,
circle_uniform_direct_n800,453,2026592054,True,ok,0.000560360506546208,0.0015250452916215915,0.0011601450650433629,0.8964586651811582,0.9334664330395879,0.6383920396120866,0.6384297888986773,0.6270473539751547,0.6387204471438377,0.6387204471438376,800.0000000000005,800.0000000000005,0.00125,5.1513834864458374e-11,1.1096048555815892,5,-2.710505431213761e-18,-1.951563910473908e-18,-3.1086244689504383e-15,5.9072646387492433e-05,0.960023326216231,1.0388919893688955,0.47927965346739515,4.05138336073696e-12,0.0010018327739089727,not_checked,0.001,not_checked,not_checked,,,
circle_uniform_direct_n800,454,2026592055,True,ok,0.00023811615776184305,0.00020490453846538388,0.0007967441493959034,0.3809626701090126,0.357323480551037,0.8261956627771718,0.826205259002303,0.8363887681870652,0.8265516045612858,0.8265516045612857,800.0000000000005,800.0000000000005,0.00125,5.26905082065543e-12,1.049655125170947,4,1.5764188457216555e-13,-5.421010862427522e-19,-8.881784197001252e-16,1.1591154968265682e-05,0.9330509151429953,1.066467619290245,0.46642986473292375,3.171044156424774e-13,0.000789665849879384,not_checked,0.001,not_checked,not_checked,,,
circle_uniform_direct_n800,455,2026592056,True,ok,0.00014470182233530598,0.0003134623798522765,0.0005870107455497567,0.2315145693195666,0.24337051924016673,0.8905046529420818,0.8905083754346725,0.8854270042830777,0.8906876644925936,0.8906876644925935,800.0000000000005,800.0000000000005,0.00125,3.070658744636079e-12,1.0506315695803794,4,-3.0427049768633196e-15,2.710505431213761e-20,-3.0531133177191805e-16,4.173208461549782e-06,0.9411016103814849,1.0586095212613031,0.47040330657335483,7.236615820471748e-15,0.000781708862632513,not_checked,0.001,not_checked,not_checked,,,
circle_uniform_direct_n800,456,2026592057,True,ok,0.002850366270420352,0.002899674742257211,0.00263805045362478,4.557653788686709,4.680425902814511,0.10165120302880665,0.10180059825427182,0.0963071273083666,0.10225424016258541,0.10225424016258529,800.0000000000005,800.0000000000005,0.00125,2.231288070975168e-16,1.1812268611033427,6,-1.214306433183765e-17,7.37257477290143e-18,9.769962616701378e-15,0.001466121992928393,0.9577622389921521,1.0368382601098896,0.4774925248351723,1.5612511283791264e-17,0.001004916150122881,not_checked,0.001,not_checked,not_checked,,,
circle_uniform_direct_n800,457,2026592058,True,ok,0.0004814259286489535,0.0026510859189091424,0.0011146572110781344,0.7701755940666075,0.7464460513367663,0.6800965435726507,0.6801325843019048,0.6885116599460941,0.6803548743347627,0.6803548743347625,800.0000000000005,800.0000000000005,0.00125,5.204170427930421e-16,1.1385290626423348,6,4.553649124439119e-18,-1.8431436932253575e-18,-3.1086244689504383e-15,5.2945885859245756e-05,0.9653865878659967,1.033582522768681,0.4814136248020092,3.9898639947466563e-17,0.0010064998641610146,not_checked,0.001,not_checked,not_checked,,,
circle_uniform_direct_n800,458,2026592059,True,ok,0.0011168045342298844,0.000198328211337631,0.001624350350417043,1.7863825279782874,1.8933394146701001,0.40845567869998767,0.40855890692518637,0.3880311312740857,0.4092440394591603,0.4092440394591602,800.0000000000005,800.0000000000005,0.00125,3.4295483120061476e-14,1.0811752385591653,5,1.5178830414797062e-18,1.5178830414797062e-18,2.220446049250313e-15,0.00025236339476431,0.9378276083156556,1.0599269247654157,0.46882080499400053,1.1627526198820792e-15,0.000890333903953433,not_checked,0.001,not_checked,not_checked,,,
circle_uniform_direct_n800,459,2026592060,True,ok,0.00055915202485801,0.0006476700104656374,0.0011741224159626204,0.8945248456583235,0.9079321286068766,0.6391046083671101,0.6391424705372368,0.6351042855865499,0.6393382513091264,0.6393382513091261,800.0000000000005,800.0000000000005,0.00125,8.998534903326139e-11,1.0812510339622001,4,-4.3800265064203314e-12,2.168404344971009e-19,1.3322676295501878e-15,5.9197057246551665e-05,0.9729694112185657,1.0259425848443422,0.4861696209587121,8.456423061797835e-12,0.0007787919603288174,not_checked,0.001,not_checked,not_checked,,,
circle_uniform_direct_n800,460,2026592061,True,ok,0.0003652616428630063,0.004255208455392911,0.00094699025359811,0.584387505878336,0.5955919072509019,0.7464588683184816,0.7464704916620617,0.7424528190988535,0.7466122430048996,0.7466122430048996,800.0000000000005,800.0000000000005,0.00125,2.7755575615628914e-16,1.1577515477507956,6,-1.1926223897340549e-18,7.589415207398531e-19,1.2212453270876722e-15,1.5561351237203258e-05,0.9686173617814561,1.0308033051782228,0.4822475006615254,4.336808689942018e-17,0.0010634579230099916,not_checked,0.001,not_checked,not_checked,,,
circle_uniform_direct_n800,461,2026592062,True,ok,0.0007687671312079716,0.0018358052362621108,0.0013766978800553657,1.229812781564331,1.2477182337926946,0.5403598869310362,0.5404179236781914,0.5358724477232917,0.5406334858947972,0.540633485894797,800.0000000000005,800.0000000000005,0.00125,9.574693815572743e-11,1.1222036989591746,5,-6.7220534694101275e-18,-2.3852447794681098e-18,-2.886579864025407e-15,0.00010731418421217054,0.9829631902388347,1.0155762365230863,0.4905792898601015,8.504684803622986e-12,0.0008945830632001162,not_checked,0.001,not_checked,not_checked,,,
circle_uniform_direct_n800,462,2026592063,True,ok,0.0005381003968578684,0.00026144229994303056,0.0011680936122096712,0.8608421576030759,0.8494431157668084,0.6499739278030179,0.6500124605370539,0.6539518475183272,0.6501967188559283,0.6501967188559283,800.0000000000005,800.0000000000005,0.00125,4.555753170543131e-11,1.0660389079988655,4,1.932624958504714e-12,4.336808689942018e-19,4.440892098500626e-16,5.9238684756990345e-05,0.9741486811589047,1.0247632028977993,0.48694699923389,3.805678862323081e-12,0.0007800827734172344,not_checked,0.001,not_checked,not_checked,,,
circle_uniform_direct_n800,463,2026592064,True,ok,0.0003234742045764155,0.0038346011303292543,0.0008828474326903472,0.5175340445933311,0.5398026837630976,0.7713801807143659,0.7713897258775264,0.7634548116366991,0.7719933340374677,0.7719933340374676,800.0000000000005,800.0000000000005,0.00125,1.4343048103382383e-10,1.1490938223398766,5,-6.79033592592207e-12,-1.0842021724855044e-18,-8.881784197001252e-16,1.2341364467038929e-05,0.919512183204816,1.0799777376827473,0.45799288850416003,6.8944502884527026e-12,0.0008757088799029589,not_checked,0.001,not_checked,not_checked,,,
circle_uniform_direct_n800,464,2026592065,True,ok,5.7423250109586276e-05,0.0015998381938290979,0.0003754002168502305,0.09187539500540054,0.09366414044292455,0.9550747893808335,0.9550756519139965,0.9542476307293354,0.9551006034837323,0.9551006034837323,800.0000000000005,800.0000000000005,0.00125,6.000547281281854e-11,1.093413976511485,4,3.574601010157552e-14,-1.0842021724855044e-19,-2.7755575615628914e-17,9.02584968778819e-07,0.9673145232401275,1.032549256459187,0.4828835112657925,4.906220395228811e-12,0.0007634998764842749,not_checked,0.001,not_checked,not_checked,,,
circle_uniform_direct_n800,465,2026592066,True,ok,0.00017192678064326594,0.00012876021552216815,0.0006433214260662519,0.27507079936665124,0.28584150482834775,0.8713754222197805,0.8713806771747221,0.8668227597847116,0.8714982478575029,0.8714982478575027,800.0000000000005,800.0000000000005,0.00125,2.1022367874268255e-12,1.0405102119513698,4,5.058220552481285e-14,8.131516293641283e-20,4.440892098500626e-16,6.024831287199106e-06,0.9571076269924055,1.0425452975657432,0.47849219447384,1.0132064458268086e-13,0.0007579168304800987,not_checked,0.001,not_checked,not_checked,,,
circle_uniform_direct_n800,466,2026592067,True,ok,0.00042046792555721713,0.0002585853323636097,0.0010461434741100535,0.6726761482913192,0.6463430240651038,0.714076422655171,0.7141023462699576,0.7238496947883735,0.7143556435481615,0.7143556435481613,800.0000000000005,800.0000000000005,0.00125,2.8404924246050456e-11,1.0613288453282759,4,1.0168862280002244e-12,-1.0842021724855044e-19,3.3306690738754696e-16,3.62663001143293e-05,0.9575434736551786,1.0416051085782805,0.4786479348130159,2.0232322761604138e-12,0.0007597501389682293,not_checked,0.001,not_checked,not_checked,,,
circle_uniform_direct_n800,467,2026592068,True,ok,0.0005413262276150778,0.004597102182789647,0.001140351425596459,0.8659763280122181,0.9035073795257351,0.6479624828976009,0.6480097437463246,0.6365109295765179,0.6485209424352709,0.6485209424352707,800.0000000000005,800.0000000000005,0.00125,5.967448757360216e-16,1.1792547752541698,6,1.951563910473908e-18,7.589415207398531e-19,1.5543122344752192e-15,7.281808595338557e-05,0.9400522793788061,1.0587383597260622,0.4678651708997654,8.847089727481716e-17,0.0009785410948097706,not_checked,0.001,not_checked,not_checked,,,
circle_uniform_direct_n800,468,2026592069,True,ok,0.0016007686881749804,0.0022090855566556196,0.0020135604110144275,2.560312628875738,2.5391003451134226,0.2770803312055471,0.2772075613470796,0.28095797596545874,0.277866373826242,0.2778663738262418,800.0000000000005,800.0000000000005,0.00125,1.4350368809923353e-10,1.1468862102114334,5,-7.37257477290143e-18,-6.505213034913027e-19,-3.1086244689504383e-15,0.0004586361021161611,0.9362059052406145,1.0607707699812088,0.46706886648325097,1.7826183237867887e-11,0.000999875133857131,not_checked,0.001,not_checked,not_checked,,,
circle_uniform_direct_n800,469,2026592070,True,ok,0.0012859869672956126,0.0005166273097051471,0.0017586698885151656,2.056898061277855,2.1413073516597207,0.356783540934974,0.356905216801645,0.3427843743078818,0.3574393527714001,0.35743935277139993,800.0000000000005,800.0000000000005,0.00125,1.1150316781005642e-12,1.1005320384342818,5,-7.806255641895632e-18,1.734723475976807e-18,3.552713678800501e-15,0.000340543197563159,0.9543193402807219,1.0430727563977098,0.4769131512837354,5.340823269750494e-14,0.0009235839825123549,not_checked,0.001,not_checked,not_checked,,,
circle_uniform_direct_n800,470,2026592071,True,ok,0.0015440700084941412,0.0003096713654016311,0.0019609237493173654,2.4695491988125005,2.4839277026255426,0.2901471036430351,0.29028701961637193,0.2888164680334252,0.2907603162221384,0.29076031622213816,800.0000000000005,800.0000000000005,0.00125,1.843629415798631e-13,1.097403811074574,5,-6.7220534694101275e-18,2.3852447794681098e-18,2.6645352591003757e-15,0.00048140738906332636,0.9698783827690873,1.0270209057861601,0.48478902147985387,6.912764631550328e-15,0.0009053749963641167,not_checked,0.001,not_checked,not_checked,,,
circle_uniform_direct_n800,471,2026592072,True,ok,0.0007422106523506163,0.005391898246581069,0.001352970405571933,1.1873348485936634,1.204988269571387,0.5519078335327574,0.5519636825340317,0.547444531481932,0.5522422215038637,0.5522422215038636,800.0000000000005,800.0000000000005,0.00125,1.6653345369377348e-16,1.1919229291050346,6,4.9873299934333204e-18,-1.951563910473908e-18,-2.6645352591003757e-15,0.0001010975836617245,0.9696799342422647,1.0288986907809659,0.48222575638957144,1.734723475976807e-17,0.0010193330235779285,not_checked,0.001,not_checked,not_checked,,,
circle_uniform_direct_n800,472,2026592073,True,ok,0.0004390289074534242,0.0004684912924707123,0.0010501052041872198,0.7023674365429369,0.6993568816847466,0.7037117026277945,0.7037394476028918,0.7049147250636154,0.7038266943254701,0.7038266943254698,800.0000000000005,800.0000000000005,0.00125,4.579725487730002e-11,1.0721899370850907,4,1.050864853035377e-12,7.589415207398531e-19,1.7763568394002505e-15,3.940769127114274e-05,0.9923544554996726,1.0067583229043096,0.4959447685512103,2.1500852313838248e-12,0.000783001072704792,not_checked,0.001,not_checked,not_checked,,,
circle_uniform_direct_n800,473,2026592074,True,ok,0.002159572030505071,0.00027256986018239283,0.002315184119416757,3.4534275031246744,3.4886295393856708,0.1770061254923989,0.17717355738504104,0.1747647020170663,0.1777001633805604,0.17770016338056013,800.0000000000005,800.0000000000005,0.00125,1.2415068972870813e-13,1.1106030710184367,5,-1.734723475976807e-18,-4.7704895589362195e-18,-7.549516567451064e-15,0.0009438728417205944,0.9613315121660388,1.034327384222053,0.4805347400616897,4.143603862805101e-15,0.0008907089941203594,not_checked,0.001,not_checked,not_checked,,,
circle_uniform_direct_n800,474,2026592075,True,ok,0.00035547011346461,0.000544399360565239,0.0009393293046945375,0.5687043706971403,0.5732319174504326,0.7523575240954168,0.752375519605744,0.7508000116708611,0.7524835893484781,0.752483589348478,800.0000000000005,800.0000000000005,0.00125,3.097398379448002e-11,1.0703414181300144,4,-1.1574232241032267e-12,-1.0842021724855044e-18,-1.7763568394002505e-15,2.3905423117975833e-05,0.9758469266023314,1.0234618139516949,0.487657839886598,2.207863883038619e-12,0.0007806262001395226,not_checked,0.001,not_checked,not_checked,,,
circle_uniform_direct_n800,475,2026592076,True,ok,0.0010104813241942154,0.00038448076684644136,0.0016219561463264726,1.6163681240262397,1.554000854564648,0.44498150037413653,0.4450710577828837,0.4597830977733328,0.4455770660099002,0.4455770660098999,800.0000000000005,800.0000000000005,0.00125,3.7246941642088416e-13,1.084747976071005,5,-2.6020852139652106e-18,4.336808689942018e-19,6.661338147750939e-16,0.00020099734225298427,0.9522929650262439,1.0457033285971473,0.47596341185706975,1.6388149517987394e-14,0.0008967083413153887,not_checked,0.001,not_checked,not_checked,,,
circle_uniform_direct_n800,476,2026592077,True,ok,0.0022859836939315512,0.0031827046720621713,0.0023453934186901336,3.6552004072139734,3.812296210469586,0.15984941914743794,0.1600394090162388,0.1486518766145217,0.1606082746984361,0.16060827469843594,800.0000000000005,800.0000000000005,0.00125,2.3592239273284576e-16,1.1954715739535182,6,1.3010426069826053e-17,-1.734723475976807e-18,-3.1086244689504383e-15,0.001186751538255315,0.9375227426690163,1.0576092650438487,0.4672694193356689,3.469446951953614e-17,0.001014624023810029,not_checked,0.001,not_checked,not_checked,,,
circle_uniform_direct_n800,477,2026592078,True,ok,0.0051445773692435255,0.0009198740466910913,0.0035582041155420925,8.220442704712099,8.383979842435913,0.015980338918095603,0.016067925338692626,0.015116174927550349,0.016315137920121216,0.016315137920121184,800.0000000000005,800.0000000000005,0.00125,7.662270123942605e-12,1.185912520508018,5,1.0234868508263162e-16,-4.336808689942018e-18,0.0,0.005440543038773171,0.975921739696812,1.0136704431654229,0.4875119957250677,5.365629815456963e-13,0.0008908330928534269,not_checked,0.001,not_checked,not_checked,,,
circle_uniform_direct_n800,478,2026592079,True,ok,0.0007274113457432828,0.00013121073123038976,0.001344575447745696,1.1636484243230825,1.1718965842239062,0.5585042473813786,0.5585628685577488,0.5565778131296657,0.5588193208466357,0.5588193208466354,800.0000000000005,800.0000000000005,0.00125,7.741807542260837e-11,1.0637593658088786,4,-1.4481540966393425e-12,-1.734723475976807e-18,-2.4424906541753444e-15,0.00010486443308532767,0.9730282851127892,1.025523999964254,0.48645030644086884,3.1621422060673643e-12,0.0007786250207573175,not_checked,0.001,not_checked,not_checked,,,
circle_uniform_direct_n800,479,2026592080,True,ok,0.0006222182709079913,0.0020999339012779967,0.0012460820417652463,0.9954027253094415,1.001708486711699,0.6072414923872378,0.607286048717222,0.6060127561657811,0.6078819258825944,0.6078819258825943,800.0000000000005,800.0000000000005,0.00125,1.2742390476105925e-10,1.1262040075373778,5,-3.2526065174565133e-18,2.168404344971009e-19,0.0,7.325407167252385e-05,0.9360208728055747,1.062771921248602,0.46702770294580565,1.4556984957725394e-11,0.000894125085324049,not_checked,0.001,not_checked,not_checked,,,
circle_uniform_direct_n800,480,2026592081,True,ok,0.0014152707657569454,0.0011203601347112785,0.0019249045985378814,2.26358584556676,2.1709345101853486,0.3213553562470931,0.3214916873115251,0.33774393644528133,0.3223180098392055,0.32231800983920517,800.0000000000005,800.0000000000005,0.00125,1.2846092245499818e-11,1.124962422274467,5,6.5052130349130266e-18,-3.686287386450715e-18,-4.884981308350689e-15,0.000423689822176998,0.9246768450546602,1.072416083210317,0.4618204610665734,1.1804827948491692e-12,0.0008849997539073229,not_checked,0.001,not_checked,not_checked,,,
circle_uniform_direct_n800,481,2026592082,True,ok,0.0013798040644332826,0.0008687441434052142,0.0017943153731589776,2.2069317951244294,2.3671106522500707,0.33073035835166265,0.3308553260551379,0.30618820222907095,0.3315942315943946,0.3315942315943944,800.0000000000005,800.0000000000005,0.00125,6.993284423773005e-12,1.1122304018629523,5,-5.854691731421724e-18,8.673617379884035e-18,1.4654943925052066e-14,0.00037735398441207657,0.9322354434192823,1.0650213950433307,0.46571279738316834,4.2685494895666753e-13,0.0008907909505069256,not_checked,0.001,not_checked,not_checked,,,
circle_uniform_direct_n800,482,2026592083,True,ok,0.000659121554074583,0.000359397659093211,0.0012801033813945098,1.0544178579055508,1.0612410338336433,0.5899409576446932,0.5899931001994632,0.5882398436325041,0.5901979775141507,0.5901979775141505,800.0000000000005,800.0000000000005,0.00125,1.0943763430193432e-10,1.0748793638139755,4,2.6982131806629894e-12,-7.589415207398531e-19,-1.7763568394002505e-15,8.831430689137942e-05,0.9784206188194644,1.0202508982900955,0.48903449098277574,5.256453258772886e-12,0.0007762080058455467,not_checked,0.001,not_checked,not_checked,,,
circle_uniform_direct_n800,483,2026592084,True,ok,0.002903268707720123,0.000434634591215508,0.0026951812772361343,4.641827693262833,4.65046260556529,0.0973633374202511,0.09752953537344863,0.09776082908419766,0.09801693920907033,0.09801693920907023,800.0000000000005,800.0000000000005,0.00125,6.400435736964027e-13,1.131229466179559,5,1.1709383462843448e-17,2.168404344971009e-18,4.440892098500626e-15,0.0017011195446832161,0.974977570139743,1.0191969239384424,0.4872769021371609,2.6764506409759914e-14,0.0008900000248104334,not_checked,0.001,not_checked,not_checked,,,
circle_uniform_direct_n800,484,2026592085,True,ok,0.002210214949866792,0.0005547264344891536,0.002355414967390577,3.5343712013124398,3.527273216510909,0.16996976217994192,0.17013784852777453,0.17142034031291203,0.17064464913743824,0.17064464913743807,800.0000000000005,800.0000000000005,0.00125,1.4690262895022954e-12,1.121461580546916,5,3.903127820947816e-18,1.734723475976807e-18,2.6645352591003757e-15,0.0009863592372145735,0.9799783452784085,1.0155855193420436,0.4897173655059412,7.098141519001899e-14,0.0008898342493921518,not_checked,0.001,not_checked,not_checked,,,
circle_uniform_direct_n800,485,2026592086,True,ok,0.0010188024158800987,0.0010880603705327712,0.0015940186300362684,1.6296959154870396,1.6355425530326184,0.4422089289945802,0.4422948034447117,0.4414143495483457,0.4426207666865756,0.44262076668657546,800.0000000000005,800.0000000000005,0.00125,1.1540279148958277e-11,1.1078180285173997,5,-5.204170427930421e-18,1.3010426069826053e-18,1.3322676295501878e-15,0.0001939749605596175,0.9759798238601686,1.022053022255316,0.4874589418403929,1.0501716683763984e-12,0.0008941669948399067,not_checked,0.001,not_checked,not_checked,,,
circle_uniform_direct_n800,486,2026592087,True,ok,0.001516936751827149,0.0009368119605405554,0.001894139382543059,2.4262140744818987,2.573448892828639,0.296237554577816,0.2963687489862945,0.2761739256287225,0.29714073373203914,0.297140733732039,800.0000000000005,800.0000000000005,0.00125,8.374554522072586e-12,1.11525381920291,5,-2.3852447794681098e-18,5.421010862427522e-18,9.325873406851315e-15,0.00044236422077048587,0.9265030890388167,1.0705258630715788,0.4628175697435437,5.772029989387084e-13,0.0008883760310709476,not_checked,0.001,not_checked,not_checked,,,
circle_uniform_direct_n800,487,2026592088,True,ok,0.0004523828678474938,0.001517072146319208,0.001036410063626787,0.7237381814121246,0.7623983298743655,0.6959584125705036,0.695984338797639,0.6830418380872261,0.6963476165408093,0.6963476165408092,800.0000000000005,800.0000000000005,0.00125,1.364460940067591e-10,1.1055582139819098,4,-3.933691263349748e-12,-9.75781955236954e-19,-1.3322676295501878e-15,3.720357193293111e-05,0.9474808224925584,1.0516581748256468,0.4730217311086045,6.306084127105649e-12,0.0007828758098185062,not_checked,0.001,not_checked,not_checked,,,
circle_uniform_direct_n800,488,2026592089,True,ok,0.0009684808195784354,0.0028361844074358614,0.0015484428514763707,1.5492591622242164,1.5655779331990134,0.4604593154556523,0.46053079157932975,0.4571293134121195,0.4608030016322716,0.4608030016322715,800.0000000000005,800.0000000000005,0.00125,1.0130785099704553e-15,1.1469772745158164,6,7.15573433840433e-18,1.734723475976807e-18,4.884981308350689e-15,0.00015507455064045494,0.9827750666182624,1.0154644887361886,0.48999383566452215,1.0148132334464322e-16,0.0010160407982766628,not_checked,0.001,not_checked,not_checked,,,
circle_uniform_direct_n800,489,2026592090,True,ok,0.0004075373583033049,0.0015126862698961628,0.0010049617524602575,0.6519949091264388,0.6579686803792365,0.7216786888471898,0.7217021050060095,0.7196542863084995,0.7217836154203794,0.7217836154203794,800.0000000000005,800.0000000000005,0.00125,9.004110478050276e-11,1.1054118282386984,4,-5.812119991017994e-13,3.7947076036992655e-19,4.440892098500626e-16,3.243207942471571e-05,0.9894054725050652,1.0097900719393347,0.49395443503599223,3.921730128142453e-12,0.0007737078703939915,not_checked,0.001,not_checked,not_checked,,,
circle_uniform_direct_n800,490,2026592091,True,ok,0.00040346920541558704,0.00016550591688647878,0.0010173731187792482,0.6454857456251668,0.6301313979435901,0.7238338170105718,0.7238573622691238,0.7297409294653692,0.7241365029856224,0.7241365029856222,800.0000000000005,800.0000000000005,0.00125,1.9134110962326645e-11,1.0540750951293707,4,-2.5776744020516995e-14,-2.168404344971009e-19,3.3306690738754696e-16,3.249151988643506e-05,0.9535236444130819,1.0456704941755155,0.47668291487926717,7.733267151643908e-14,0.0007773339748382568,not_checked,0.001,not_checked,not_checked,,,
circle_uniform_direct_n800,491,2026592092,True,ok,0.00040451599222814864,0.0005683711736720247,0.0009928001694780079,0.6471566066857094,0.6644648279056816,0.723333203096179,0.723358170556981,0.71732058816611,0.7235303435954531,0.723530343595453,800.0000000000005,800.0000000000005,0.00125,4.4679756422416617e-11,1.0759592823537212,4,1.8839154411823267e-12,-1.0842021724855044e-19,-5.551115123125783e-16,3.449043966441412e-05,0.9676994208326989,1.0314704382711062,0.4835747030612251,3.8992789032354924e-12,0.000765959033742547,not_checked,0.001,not_checked,not_checked,,,
circle_uniform_direct_n800,492,2026592093,True,ok,0.0031113749361788056,0.0026494381910006316,0.002779788231909226,4.974563925102406,5.018632589038856,0.08236738066632118,0.08251769907721182,0.08132382178033536,0.08298462337064476,0.08298462337064462,800.0000000000005,800.0000000000005,0.00125,7.355227538141662e-16,1.183088890070068,6,5.204170427930421e-18,6.938893903907228e-18,1.2434497875801753e-14,0.0018179863918428296,0.9864380213407887,1.0075533305781978,0.4919121383134729,6.591949208711867e-17,0.001006582984700799,not_checked,0.001,not_checked,not_checked,,,
circle_uniform_direct_n800,493,2026592094,True,ok,0.0003626580987497554,0.0007813754806126308,0.0009604937008358382,0.5801959590328232,0.5716125800988799,0.7478573817559078,0.7478787223694552,0.7514081570870071,0.7481689339356582,0.7481689339356581,800.0000000000005,800.0000000000005,0.00125,4.7328793661982616e-11,1.0830670402615152,4,2.085317541474646e-12,-5.421010862427522e-19,-1.9984014443252818e-15,2.849948339289643e-05,0.9499307505691994,1.0493147811036079,0.47459425136478994,4.438969591208375e-12,0.0007770003285259008,not_checked,0.001,not_checked,not_checked,,,
circle_uniform_direct_n800,494,2026592095,True,ok,0.0017883000139545763,0.00042232904411607835,0.00210285366673757,2.8600191883462416,2.895961596827115,0.23853308317570854,0.2386837627996925,0.23504441130572948,0.2391558108636775,0.2391558108636773,800.0000000000005,800.0000000000005,0.00125,4.3374158431586096e-13,1.1051816883076164,5,-1.496198998029996e-17,6.505213034913027e-19,0.0,0.0006304169905411161,0.9803497944493893,1.016102667823027,0.48996787884901716,2.3852664635115595e-14,0.0009327081497758627,not_checked,0.001,not_checked,not_checked,,,
circle_uniform_direct_n800,495,2026592096,True,ok,4.8243973768545486e-05,7.209772875671675e-05,0.0003397558584770086,0.07718944505694529,0.08071368156888307,0.962091137640788,0.9620915773907404,0.960446651459125,0.9621401248324278,0.9621401248324278,800.0000000000005,800.0000000000005,0.00125,6.432528121269598e-14,1.0254503809239037,4,-1.068162756596297e-15,1.3552527156068805e-19,-2.7755575615628914e-17,4.564863637646077e-07,0.949082822872491,1.0508216416824334,0.4745071980475987,2.103840105599497e-15,0.0007913329172879457,not_checked,0.001,not_checked,not_checked,,,
circle_uniform_direct_n800,496,2026592097,True,ok,0.00010149987345350778,5.93568950092967e-05,0.0005097949654306312,0.16239572208321754,0.15874640687437588,0.9219408304919982,0.9219427108072249,0.923695133911693,0.9220093644905994,0.9220093644905993,800.0000000000005,800.0000000000005,0.00125,3.417327185117891e-13,1.0287037752965704,4,-5.56667342430095e-15,1.3552527156068805e-19,-1.6653345369377348e-16,2.037721197500897e-06,0.9587239398069601,1.0410741957646685,0.4793335165329181,1.117075182355265e-14,0.0007786659989506006,not_checked,0.001,not_checked,not_checked,,,
circle_uniform_direct_n800,497,2026592098,True,ok,0.0008068701391154638,0.00027223993832272255,0.0014555641176151484,1.2907315642773198,1.231312388944918,0.5236832910932647,0.5237516487501959,0.5402862461143756,0.5244023156507488,0.5244023156507487,800.0000000000005,800.0000000000005,0.00125,1.4175405814442765e-10,1.0746854066382834,4,8.366853217200987e-13,6.505213034913027e-19,2.220446049250313e-16,0.00013032915371147258,0.9369104110899866,1.0614758932175237,0.4683276721272149,1.238020970462106e-12,0.0007690421771258116,not_checked,0.001,not_checked,not_checked,,,
circle_uniform_direct_n800,498,2026592099,True,ok,0.00246470484009196,0.0002692800759927569,0.0024305126080148365,3.9410984223000582,4.1189006113168185,0.13853254380770957,0.13870118711244334,0.12752404988040636,0.1392110889756109,0.13921108897561077,800.0000000000005,800.0000000000005,0.00125,9.607939444045144e-14,1.1154050425813873,5,-4.7704895589362195e-18,-4.7704895589362195e-18,-6.661338147750939e-15,0.0012146609235399453,0.9557337514724088,1.039342094995216,0.4777381971481807,3.940424375681317e-15,0.0008939169347286224,not_checked,0.001,not_checked,not_checked,,,
circle_uniform_direct_n800,499,2026592100,True,ok,0.0005989027353509066,0.0006274922273600352,0.001209809296342763,0.9580996212224464,0.9806204050107432,0.6190824178394483,0.6191272609748812,0.6124363854142052,0.6193268055917615,0.6193268055917612,800.0000000000005,800.0000000000005,0.00125,9.096646352846349e-11,1.0839013882702515,4,1.32514355391522e-12,3.2526065174565133e-19,1.5543122344752192e-15,7.23776695023548e-05,0.9752414623766495,1.0235563669347707,0.48731476093607046,2.778735141290012e-12,0.0007775421254336834,not_checked,0.001,not_checked,not_checked,,,
circle_uniform_direct_n800,500,2026592101,True,ok,0.0007103332345169829,0.0008206840613156797,0.0013207782900562922,1.1363200968336082,1.1591282263806497,0.566071466954545,0.5661318455798228,0.5601424720754675,0.5665065776133132,0.5665065776133132,800.0000000000005,800.0000000000005,0.00125,4.7659237667474486e-12,1.0961886641339122,5,9.540979117872439e-18,0.0,4.440892098500626e-16,0.00010653919678249579,0.9576241087030307,1.0409176501178374,0.47841908761399504,3.3997045630063116e-13,0.0008994168601930141,not_checked,0.001,not_checked,not_checked,,,
circle_uniform_direct_n800,501,2026592102,True,ok,0.00012044020259538294,0.00022769372886814884,0.0005390792353387245,0.19269864626575334,0.1997746836752449,0.9080626337844491,0.908065214021949,0.9049393610989772,0.9081441458209489,0.9081441458209489,800.0000000000005,800.0000000000005,0.00125,1.5333637137793232e-12,1.0437622990637347,4,-1.7814322608201982e-14,2.981555974335137e-19,8.326672684688674e-17,2.8389434297421134e-06,0.9585960002220436,1.0411656838085,0.47918886784761305,3.372584329863759e-14,0.0008450408931821585,not_checked,0.001,not_checked,not_checked,,,
circle_uniform_direct_n800,502,2026592103,True,ok,0.00031842453830309685,0.0027086858100106997,0.0008890284362835456,0.5094261604300222,0.5136643986264472,0.7749674561722693,0.7749880466906927,0.7734979963713506,0.7751182887407164,0.7751182887407163,800.0000000000005,800.0000000000005,0.00125,1.3423722203254052e-10,1.135613959046385,5,5.235148469243112e-12,-1.0842021724855044e-19,2.220446049250313e-16,2.65504274665207e-05,0.969521172067756,1.0297436444208101,0.48344746664876725,1.3616656413528716e-11,0.000920790946111083,not_checked,0.001,not_checked,not_checked,,,
circle_uniform_direct_n800,503,2026592104,True,ok,0.00046131421881134035,0.0006625813630619329,0.001068341079328692,0.7380227064730732,0.7460820109245919,0.6912507063928108,0.6912783865305654,0.6886369943866854,0.6913898893483738,0.6913898893483736,800.0000000000005,800.0000000000005,0.00125,6.660776097344723e-11,1.078647238962594,4,-2.777684440964656e-12,3.2526065174565133e-19,1.1102230246251565e-16,4.0021812535873114e-05,0.9840487186571727,1.0150569086352799,0.4916983495397702,5.2930181938803944e-12,0.0007903738878667355,not_checked,0.001,not_checked,not_checked,,,
circle_uniform_direct_n800,504,2026592105,True,ok,0.00070020401545824,0.002227639847677233,0.0013205734734946547,1.1201269866357153,1.1255839071370093,0.5708219927550721,0.570878965002823,0.5696164988828641,0.5711158430732838,0.5711158430732838,800.0000000000005,800.0000000000005,0.00125,1.759802789602638e-10,1.1332106138343812,5,6.396792817664476e-18,1.0842021724855044e-19,-2.220446049250313e-16,9.971904873462556e-05,0.975007330506105,1.0235817039507413,0.4864176828134772,1.8432332916928917e-11,0.0008979171980172396,not_checked,0.001,not_checked,not_checked,,,
circle_uniform_direct_n800,505,2026592106,True,ok,0.0017706667771870167,0.0008769304459824556,0.002070035553699514,2.831814349482995,2.929467942243566,0.2418960198680825,0.24204779045498664,0.231139473073761,0.24255339148910263,0.2425533914891024,800.0000000000005,800.0000000000005,0.00125,7.2092679048729735e-12,1.1215964011684671,5,1.5178830414797062e-17,-1.3010426069826053e-18,-2.220446049250313e-15,0.0006262470081166427,0.9666529814146928,1.0298126170291777,0.48290266224466083,4.431763116208298e-13,0.0008930840995162725,not_checked,0.001,not_checked,not_checked,,,
circle_uniform_direct_n800,506,2026592107,True,ok,0.0008940326687274357,0.0014530209212240235,0.001499619994563545,1.4301026340068295,1.4309302248321973,0.48807312368000705,0.4881586080314616,0.4889646353764322,0.4890815008539342,0.4890815008539341,800.0000000000005,800.0000000000005,0.00125,3.740363574422645e-11,1.122003310612736,5,7.37257477290143e-18,2.2768245622195593e-18,3.9968028886505635e-15,0.0001748179785342474,0.92130400835779,1.0768270151767647,0.45998269721998164,3.338780640849137e-12,0.0008957490790635347,not_checked,0.001,not_checked,not_checked,,,
circle_uniform_direct_n800,507,2026592108,True,ok,0.0013306461665163233,0.001947533977374623,0.0018073079348714485,2.1282492471293653,2.1705522241855286,0.3443330555269921,0.3444683539729617,0.33780850000473467,0.3448944215725984,0.3448944215725982,800.0000000000005,800.0000000000005,0.00125,9.179532134417911e-11,1.1466433092081882,5,7.15573433840433e-18,-4.336808689942018e-19,-1.3322676295501878e-15,0.00039230964837666527,0.9750702939760458,1.022132804168501,0.4865855805372131,1.0770808724080982e-11,0.0008948750328272581,not_checked,0.001,not_checked,not_checked,,,
circle_uniform_direct_n800,508,2026592109,True,ok,0.0005790315194802895,0.0005321454418711388,0.0011953424040270734,0.9263137941407187,0.9390044487602068,0.6290467777821935,0.6290897833890017,0.62531345661879,0.6292508994395685,0.6292508994395682,800.0000000000005,800.0000000000005,0.00125,9.17166637776079e-11,1.0798028209483832,4,2.121975555338662e-12,-4.336808689942018e-19,-8.881784197001252e-16,6.831851387256727e-05,0.9820544104582579,1.0167774899013506,0.4907659073651816,4.295348798866172e-12,0.0007822918705642223,not_checked,0.001,not_checked,not_checked,,,
circle_uniform_direct_n800,509,2026592110,True,ok,0.00016780425377920552,6.322541951121562e-05,0.0006428763362560267,0.26847558576562036,0.2728040412699191,0.8742944967972215,0.8742994049927726,0.8724918022646063,0.8743772126428613,0.8743772126428613,800.0000000000005,800.0000000000005,0.00125,1.3591541087043524e-12,1.0339361021097053,4,-7.85656262269896e-15,2.981555974335137e-19,-1.6653345369377348e-16,5.610140554307419e-06,0.9659166927423061,1.0337483631793583,0.4829278112042878,1.6488112958290557e-14,0.0007803330663591623,not_checked,0.001,not_checked,not_checked,,,
circle_uniform_direct_n800,510,2026592111,True,ok,0.0002045586128472843,0.00027710319318683123,0.0007090646193728232,0.32727686133218187,0.33325268459091906,0.8489348846579021,0.8489420715118055,0.8465158594221307,0.8490417738593035,0.8490417738593035,800.0000000000005,800.0000000000005,0.00125,5.173960218596285e-12,1.052049570570415,4,5.249278659316681e-14,-2.168404344971009e-19,-1.1102230246251565e-16,8.459611736594264e-06,0.9647793033129507,1.034809407038785,0.48225597988767277,1.1035128973796438e-13,0.0007934160530567169,not_checked,0.001,not_checked,not_checked,,,
circle_uniform_direct_n800,511,2026592112,True,ok,9.13296493164704e-05,0.00032849473699315544,0.0004838566657958243,0.14612410898782568,0.1425436401965576,0.9295082429650267,0.9295097912962687,0.9312087364724873,0.9295415982563592,0.9295415982563592,800.0000000000005,800.0000000000005,0.00125,1.327985464649739e-12,1.0481597027479885,4,-1.9766360857126353e-16,5.692061405548898e-19,5.551115123125783e-16,1.6649592635142874e-06,0.9711099522794505,1.0287075533941674,0.48539547188773524,8.72186437655964e-15,0.0007770832162350416,not_checked,0.001,not_checked,not_checked,,,
circle_uniform_direct_n800,512,2026592113,True,ok,0.0009232877186653591,0.0027769038423390274,0.0015199827066924825,1.4769772006459427,1.4765031695525992,0.47747050337427654,0.4775381628348008,0.47794883843764635,0.47776792596035045,0.4777679259603502,800.0000000000005,800.0000000000005,0.00125,4.440892098500626e-16,1.1449824857518376,6,-1.4094628242311558e-18,-2.168404344971009e-19,-4.440892098500626e-16,0.00014157460931629728,0.9978149830415238,1.0005014298368784,0.49752214288931185,5.551115123125783e-17,0.0010023342911154032,not_checked,0.001,not_checked,not_checked,,,
circle_uniform_direct_n800,513,2026592114,True,ok,0.00021285048861352605,0.003202299284353268,0.0007250229831672778,0.34053905897721337,0.3447776931795167,0.8433849495682144,0.8433941126688973,0.8416518360844447,0.8434282938278684,0.8434282938278684,800.0000000000005,800.0000000000005,0.00125,6.62884417496068e-11,1.1394223021693666,5,1.0344970865182324e-12,1.0842021724855044e-18,2.0539125955565396e-15,1.0861402214235039e-05,0.987690968318248,1.0118390012898986,0.492264182676056,3.72119349223432e-12,0.0008911248296499252,not_checked,0.001,not_checked,not_checked,,,
circle_uniform_direct_n800,514,2026592115,True,ok,0.0006576493384606296,4.222121334944656e-05,0.0012598090576669,1.0520658742033737,1.0913874074486454,0.5904485785895983,0.5904997334879094,0.5794396844201097,0.5908935059631438,0.5908935059631437,800.0000000000005,800.0000000000005,0.00125,3.424426020526283e-11,1.055938575554615,4,2.135557355953388e-13,-1.734723475976807e-18,-2.886579864025407e-15,8.653366681710128e-05,0.9535814602862899,1.045103288538329,0.4767705994900561,2.655005122004228e-13,0.0007884581573307514,not_checked,0.001,not_checked,not_checked,,,
circle_uniform_direct_n800,515,2026592116,True,ok,0.0001401758876528338,0.0010637213575364541,0.0005859836810682538,0.2242749084086433,0.22896642300611955,0.8938725511824842,0.8938754628387273,0.8918269107258056,0.8939184652738996,0.8939184652738996,800.0000000000005,800.0000000000005,0.00125,1.311789912805672e-11,1.0798108948246312,4,-2.311386216972966e-13,-1.0842021724855044e-19,-2.7755575615628914e-17,3.255917945463316e-06,0.9734118276482185,1.0263336286191578,0.4861881869293253,9.59327235705576e-13,0.0007819170132279396,not_checked,0.001,not_checked,not_checked,,,
circle_uniform_direct_n800,516,2026592117,True,ok,0.00014948932518757597,0.000204146065843024,0.0006021486318090204,0.23917390041383535,0.24664933220269059,0.8872028814766477,0.887206885582126,0.883976618724159,0.8872828530850055,0.8872828530850054,800.0000000000005,800.0000000000005,0.00125,1.9913879573119075e-12,1.0444100312051552,4,1.6887858299285963e-14,5.421010862427522e-19,3.885780586188048e-16,4.509943143174433e-06,0.964042545131474,1.0356572130731379,0.48192287065470885,3.535073709454162e-14,0.000780126079916954,not_checked,0.001,not_checked,not_checked,,,
circle_uniform_direct_n800,517,2026592118,True,ok,0.00023498718392704968,0.0005597094890462415,0.0007707642903956797,0.3759581802532085,0.37228004290638483,0.828496004509969,0.8285048405244386,0.8301573470054113,0.8286232029454617,0.8286232029454615,800.0000000000005,800.0000000000005,0.00125,1.2991654627092508e-11,1.066667859215927,4,-2.1112934534342487e-13,-4.607859233063394e-19,-3.3306690738754696e-16,1.0657015035608897e-05,0.9638401592922977,1.0356980117428591,0.48165033826178405,3.738493889460237e-13,0.0007779169827699661,not_checked,0.001,not_checked,not_checked,,,
circle_uniform_direct_n800,518,2026592119,True,ok,0.0021492535846743374,0.001763648319262763,0.0023768638741536756,3.4369011524933177,3.275904602042067,0.17843543038144777,0.17860561000174607,0.19437766198921866,0.17917310601606928,0.17917310601606914,800.0000000000005,800.0000000000005,0.00125,7.469138502136374e-11,1.155608912202961,5,-2.6020852139652106e-18,1.3010426069826053e-18,4.440892098500626e-16,0.0009522914928119519,0.9417545536259976,1.053891801872913,0.4700467883202604,7.2447998121505375e-12,0.0009027081541717052,not_checked,0.001,not_checked,not_checked,,,
circle_uniform_direct_n800,519,2026592120,True,ok,4.4925180337291454e-05,0.001300282079045716,0.0003308400887989623,0.07187929625378281,0.07376337290416524,0.9646845301078831,0.9646850089128667,0.9637901580367513,0.9646980344602847,0.9646980344602847,800.0000000000005,800.0000000000005,0.00125,2.963539136313642e-11,1.083183662150295,4,1.068397215316097e-14,5.827586677109586e-19,8.187894806610529e-16,4.961429417790764e-07,0.973652347111628,1.0262482605981502,0.48619318107017234,2.141467125155172e-12,0.0008544167503714561,not_checked,0.001,not_checked,not_checked,,,
circle_uniform_direct_n800,520,2026592121,True,ok,7.19438685557e-05,0.00028628462258991727,0.00042692202799486233,0.1151082357814,0.11361671777941791,0.9440562812864248,0.9440572038121233,0.9447751097695889,0.9440698755705129,0.9440698755705128,800.0000000000005,800.0000000000005,0.00125,7.287859551952103e-13,1.0439069620071497,4,-1.0252717186527704e-14,5.421010862427522e-20,-3.608224830031759e-16,9.769538600323813e-07,0.9806621470640925,1.0191982256304313,0.49019069867592246,1.894784242700842e-14,0.0008078329265117645,not_checked,0.001,not_checked,not_checked,,,
circle_uniform_direct_n800,521,2026592122,True,ok,2.1510830797408925e-05,0.0003737761899614189,0.00023159702163593252,0.034417170318688906,0.03451917386921885,0.9829353028448863,0.9829353809821144,0.9828885065014223,0.982938558715932,0.982938558715932,800.0000000000005,800.0000000000005,0.00125,3.584632590758474e-13,1.0441895569068647,4,-6.966337771398268e-16,-1.2874900798265365e-19,-2.220446049250313e-16,7.947858269782837e-08,0.9813260356734166,1.0186340855354317,0.490479621829899,1.4640307195723512e-14,0.0008048340678215027,not_checked,0.001,not_checked,not_checked,,,
circle_uniform_direct_n800,522,2026592123,True,ok,0.0005311709785325901,0.0005701654490449294,0.0011436105719428886,0.8497639451729685,0.8632721538462991,0.6536272702227095,0.6536631190442155,0.649445681954893,0.6538111159144565,0.6538111159144564,800.0000000000005,800.0000000000005,0.00125,7.391477707674454e-11,1.0781009782170161,4,-1.928075754609182e-12,-4.336808689942018e-19,6.661338147750939e-16,5.481023958808784e-05,0.980745182484237,1.0182085012632414,0.4900929953630304,3.726357764022303e-12,0.0008020419627428055,not_checked,0.001,not_checked,not_checked,,,
circle_uniform_direct_n800,523,2026592124,True,ok,0.0002541134432820823,0.0023336965939554097,0.0007920813584855601,0.40655285626465004,0.41182497194500123,0.8159735722885286,0.8159852669767615,0.813904301209683,0.8160409392511093,0.8160409392511092,800.0000000000005,800.0000000000005,0.00125,6.847302759516172e-11,1.1220003253972233,5,9.856454845011409e-13,-7.589415207398531e-19,-1.1657341758564144e-15,1.4326493340932611e-05,0.9822010304871865,1.0172632774847445,0.48995454714942804,3.1660672347721963e-12,0.0009279169607907534,not_checked,0.001,not_checked,not_checked,,,
circle_uniform_direct_n800,524,2026592125,True,ok,0.0026432924974712914,0.0009594544981451915,0.0025121053452900285,4.226379923317545,4.4417918539787165,0.1200204801032416,0.12019404161359379,0.10851184656951732,0.12067744966202353,0.12067744966202339,800.0000000000005,800.0000000000005,0.00125,8.87028991924943e-12,1.1449562122863237,5,-3.0357660829594124e-18,-4.336808689942018e-19,0.0,0.0014440363182619542,0.9380242649524356,1.0566109124722574,0.4685621203405047,6.350042019986901e-13,0.0009257490746676922,not_checked,0.001,not_checked,not_checked,,,
circle_uniform_direct_n800,525,2026592126,True,ok,0.0004413833549646454,0.000885538168087291,0.0010576460471133204,0.7061363390921338,0.6968286097808284,0.7023700324824964,0.7023970982537558,0.7058063965889061,0.7025022436498531,0.7025022436498529,800.0000000000005,800.0000000000005,0.00125,6.501341826004037e-11,1.0875262699273232,4,-3.186237081467813e-13,4.87890977618477e-19,4.440892098500626e-16,3.851442564961616e-05,0.9844290776385729,1.0146940553071138,0.4917786480615587,4.608659374266688e-13,0.0008222919423133135,not_checked,0.001,not_checked,not_checked,,,
circle_uniform_direct_n800,526,2026592127,True,ok,0.00016277558675885546,0.0019295808760296743,0.0006476577302962552,0.2604273267908704,0.25274966861892434,0.8778156310173135,0.877821609730943,0.8812844492171507,0.8779018590806612,0.8779018590806611,800.0000000000005,800.0000000000005,0.00125,8.355529462766853e-11,1.1093237641304976,4,6.354671834313957e-13,1.5178830414797062e-18,2.220446049250313e-15,6.806011649262977e-06,0.9649794736434223,1.034647973062106,0.48155880559074127,1.0379306789043419e-11,0.0008071251213550568,not_checked,0.001,not_checked,not_checked,,,
circle_uniform_direct_n800,527,2026592128,True,ok,0.00012191278303578211,0.003657099538634782,0.000558287648008618,0.19505753769526699,0.19082016170310456,0.9070315425062017,0.9070328652004263,0.9090000944933783,0.9070749235059954,0.9070749235059954,800.0000000000005,800.0000000000005,0.00125,1.997444917800628e-11,1.1389900847579528,5,-4.554598207915858e-13,1.3688052427629493e-18,2.1094237467877974e-15,1.4575809922506844e-06,0.9709998115672306,1.0288150394170976,0.4837242639874202,1.0007532996736401e-13,0.0009160831104964018,not_checked,0.001,not_checked,not_checked,,,
circle_uniform_direct_n800,528,2026592129,True,ok,0.0006180535234471159,0.002881063848997707,0.001247948325060272,0.9887120545368319,0.981535687698935,0.6096873054609626,0.6097402612145537,0.6121561733268197,0.6099106434102168,0.6099106434102167,800.0000000000005,800.0000000000005,0.00125,4.926614671774132e-16,1.1478953132575989,6,-1.951563910473908e-18,4.336808689942018e-19,1.5543122344752192e-15,8.679148927703828e-05,0.9846712097623577,1.0140104990681393,0.49091698800682027,5.2909066017292616e-17,0.0010568751022219658,not_checked,0.001,not_checked,not_checked,,,
circle_uniform_direct_n800,529,2026592130,True,ok,0.0003183865957737519,0.0015512016960267556,0.0009079585702425021,0.5093780062790276,0.49211689209179965,0.7749395819582303,0.7749553073102997,0.781876525998703,0.7751418170565373,0.7751418170565372,800.0000000000005,800.0000000000005,0.00125,7.094048092015637e-11,1.1037237063316054,4,1.0705574881447744e-13,-2.168404344971009e-19,0.0,2.0273479487853407e-05,0.9594695257107219,1.0398956215422723,0.4789905555815826,4.336463479970298e-12,0.0008006668649613857,not_checked,0.001,not_checked,not_checked,,,
circle_uniform_direct_n800,530,2026592131,True,ok,0.0017588360751807502,0.004000238899555409,0.002062562143278602,2.812968988644231,2.911167409792789,0.24421893381437243,0.24436190215483777,0.23326416671926994,0.24485995107496106,0.24485995107496086,800.0000000000005,800.0000000000005,0.00125,3.0531133177191805e-16,1.189085590053185,6,1.734723475976807e-18,3.0357660829594124e-18,3.552713678800501e-15,0.0005843658224855552,0.9660522967493653,1.0305359465413346,0.4810941548369139,3.469446951953614e-17,0.0010456659365445375,not_checked,0.001,not_checked,not_checked,,,
circle_uniform_direct_n800,531,2026592132,True,ok,0.0036126798284901104,0.0012743655272343408,0.002902264577829099,5.774938076702615,6.210898526163987,0.055150516693978704,0.055298120529271855,0.04480438508086297,0.055568217837452125,0.05556821783745205,800.0000000000005,800.0000000000005,0.00125,2.675093480064561e-11,1.1695094341694472,5,1.8214596497756474e-17,0.0,-8.881784197001252e-16,0.002674824440782597,0.928370090182543,1.064331571424297,0.46359351191136094,1.9758300898176095e-12,0.0009410411585122347,not_checked,0.001,not_checked,not_checked,,,
circle_uniform_direct_n800,532,2026592133,True,ok,0.003014793208823115,0.0020069832333056876,0.0027232285602200174,4.8199671040869205,4.910556883390573,0.08900182443936375,0.08916718809300139,0.0858392908756338,0.08965067344189934,0.08965067344189917,800.0000000000005,800.0000000000005,0.00125,1.2067030707996196e-10,1.17574845278621,5,-1.734723475976807e-18,-5.637851296924623e-18,-9.769962616701378e-15,0.0018510150150330418,0.9797837938137404,1.0141487077783589,0.4889087742125338,1.21467506192241e-11,0.0009391261264681816,not_checked,0.001,not_checked,not_checked,,,
circle_uniform_direct_n800,533,2026592134,True,ok,0.0009618371740972142,0.006505779232254108,0.0015687953012668051,1.5384127443746372,1.5063251167786609,0.46267859963558,0.46280063200937926,0.47087502570064144,0.4632586510609208,0.46325865106092057,800.0000000000005,800.0000000000005,0.00125,2.220446049250313e-16,1.2274563896413115,6,7.37257477290143e-18,-1.4094628242311558e-18,-1.3322676295501878e-15,0.0002633670904531593,0.9595422614916178,1.03815750419251,0.47664997210785115,5.724587470723463e-17,0.001050374936312437,not_checked,0.001,not_checked,not_checked,,,
circle_uniform_direct_n800,534,2026592135,True,ok,0.002186753696884291,0.000805042111534725,0.002344159954582994,3.4969250897260444,3.4845578154627836,0.17321820315534592,0.17338152811471066,0.1751208612486063,0.1738777248566579,0.1738777248566577,800.0000000000005,800.0000000000005,0.00125,5.344599762757696e-12,1.1262671384276066,5,4.336808689942018e-18,1.734723475976807e-18,3.9968028886505635e-15,0.0009404126444116923,0.9920063216044556,1.003662691862749,0.49560385410448954,3.147994018237732e-13,0.0009267500136047602,not_checked,0.001,not_checked,not_checked,,,
circle_uniform_direct_n800,535,2026592136,True,ok,0.00018021515381684236,0.0009002556730427151,0.0006709195526032356,0.2883305698130566,0.28880333151851817,0.8656799784259093,0.8656859007475731,0.865540020439262,0.8657387216418524,0.8657387216418523,800.0000000000005,800.0000000000005,0.00125,1.2454487094415434e-11,1.0784252098401197,4,1.6630669280939814e-13,1.6263032587282567e-19,2.7755575615628914e-16,6.838146945659096e-06,0.9749999088766805,1.0246308075760706,0.4870610917976155,4.92229521031895e-13,0.0008922501001507044,not_checked,0.001,not_checked,not_checked,,,
circle_uniform_direct_n800,536,2026592137,True,ok,0.0004149262678484148,0.00019526395725838258,0.0010131344155835133,0.6638118334067356,0.6719693030998237,0.7172830733315889,0.7173082716436725,0.714634074257303,0.7175296456098894,0.7175296456098894,800.0000000000005,800.0000000000005,0.00125,2.578521424156932e-11,1.0572433658581752,4,7.400237107130225e-13,-4.336808689942018e-19,-4.440892098500626e-16,3.5097575364240186e-05,0.9611725971356213,1.0379897626007613,0.4804924569427027,1.4580830032945302e-12,0.0008270828984677792,not_checked,0.001,not_checked,not_checked,,,
circle_uniform_direct_n800,537,2026592138,True,ok,0.000846998196747056,0.005407267428758147,0.0014282286943389038,1.354980777547994,1.4073032196067694,0.5074263787503035,0.5074813217290164,0.49477527479895644,0.507835065975685,0.5078350659756847,800.0000000000005,800.0000000000005,0.00125,4.85722573273506e-16,1.1904318191663192,6,-6.179952383167375e-18,2.168404344971009e-19,0.0,0.00010816862364815272,0.9622155976490799,1.0363189744844874,0.47850624546019704,2.6020852139652106e-17,0.0010669589973986149,not_checked,0.001,not_checked,not_checked,,,
circle_uniform_direct_n800,538,2026592139,True,ok,0.0005051356510268508,0.003864551212138422,0.0011203997649407978,0.8080799126591165,0.8139748096442179,0.6673071816395904,0.6673529771591364,0.6656525742613089,0.6675716719116351,0.6675716719116349,800.0000000000005,800.0000000000005,0.00125,2.7755575615628914e-16,1.1667679083529896,6,-3.903127820947816e-18,6.505213034913027e-19,1.2212453270876722e-15,6.856449192260694e-05,0.968275394827625,1.0305390901528817,0.48226681073276717,3.642919299551295e-17,0.0010520829819142818,not_checked,0.001,not_checked,not_checked,,,
circle_uniform_direct_n800,539,2026592140,True,ok,0.0001507988995254781,9.275352828282895e-07,0.0006066824582507641,0.24126914265047092,0.24768680880285532,0.8862010558651947,0.8862050920039399,0.8835181851094664,0.8863537695676692,0.8863537695676691,800.0000000000005,800.0000000000005,0.00125,1.3475478328681123e-13,1.025020472403051,4,4.724410966605586e-16,-1.3552527156068805e-19,-2.7755575615628914e-16,4.548295147094317e-06,0.9477656429070376,1.0519327644843686,0.4738823819104957,5.428058176548678e-16,0.0008177498821169138,not_checked,0.001,not_checked,not_checked,,,
circle_uniform_direct_n800,540,2026592141,True,ok,0.00015031375920471733,0.0004621500578768484,0.0006147155297047984,0.2404936072806509,0.23950810775289422,0.8866124230932786,0.8866161530037209,0.8871385981873522,0.8866978410941989,0.8866978410941989,800.0000000000005,800.0000000000005,0.00125,4.28742458202791e-12,1.0577949340621702,4,-1.1517121891596593e-13,5.963111948670274e-19,6.106226635438361e-16,4.203723448489849e-06,0.9625092681424365,1.0372011825773353,0.48103221992722706,2.1255133070274823e-13,0.0008925830479711294,not_checked,0.001,not_checked,not_checked,,,
circle_uniform_direct_n800,541,2026592142,True,ok,0.0011787272343251076,9.735145176799183e-05,0.0017163046758821808,1.885406597187513,1.89354703621507,0.38873518872716895,0.3888435991493435,0.3879908515533704,0.3894648009998386,0.3894648009998383,800.0000000000005,800.0000000000005,0.00125,1.7080583475381772e-10,1.0769724152747395,4,3.5109534637228768e-12,-8.673617379884035e-19,-1.1102230246251565e-15,0.0002784888663300844,0.9436164706707183,1.0540245007234832,0.47176230399955915,5.297837689377527e-12,0.0007892490830272436,not_checked,0.001,not_checked,not_checked,,,
circle_uniform_direct_n800,542,2026592143,True,ok,7.5475445432527e-05,0.0027869996691802165,0.00044654125941541185,0.12075936627391654,0.11428125469746492,0.9413132703992992,0.9413139051071273,0.9444612429466525,0.9414063955817905,0.9414063955817905,800.0000000000005,800.0000000000005,0.00125,6.779434652548488e-12,1.1199160096802092,5,-8.656085830754945e-14,1.111307226797642e-18,1.3877787807814457e-15,6.732090633634891e-07,0.9429447006014604,1.0569369586857558,0.47015834473345697,1.0443035325380379e-15,0.0008736662566661835,not_checked,0.001,not_checked,not_checked,,,
circle_uniform_direct_n800,543,2026592144,True,ok,0.0012498486330897022,0.00019324579330425463,0.001763524805844775,1.9991269256633892,2.0135916422416913,0.36731180348263714,0.3674278334286615,0.3653878740066206,0.3679239916882753,0.36792399168827505,800.0000000000005,800.0000000000005,0.00125,3.4958147487884617e-14,1.084554538216181,5,1.3010426069826053e-18,-1.734723475976807e-18,-1.5543122344752192e-15,0.0003154436400677474,0.9583683962385718,1.039121142046476,0.4790915984293707,1.0486945513366042e-15,0.0009846261236816645,not_checked,0.001,not_checked,not_checked,,,
circle_uniform_direct_n800,544,2026592145,True,ok,1.435437375133311e-05,0.002015478098512224,0.00019065099930580827,0.022966952284926342,0.022675012526442516,0.9885811251853882,0.9885811477850707,0.9887265210624061,0.9885821847069023,0.9885821847069023,800.0000000000005,800.0000000000005,0.00125,1.2582964531437923e-10,1.0977518191845992,4,-6.517664419237665e-16,-2.846030702774449e-19,-4.579669976578771e-16,2.2858603324418802e-08,0.987060582418276,1.0129189872721902,0.49253554324528454,1.23536658333534e-11,0.0007946251425892115,not_checked,0.001,not_checked,not_checked,,,
circle_uniform_direct_n800,545,2026592146,True,ok,0.002626765144948569,7.39197984044276e-05,0.002505209208537846,4.200061175652046,4.4034878349748965,0.12162222703672992,0.12179063058178213,0.11061009518885294,0.1222836276123674,0.12228362761236725,800.0000000000005,800.0000000000005,0.00125,1.0651202142497596e-15,1.1112998101943647,5,1.6046192152785466e-17,1.3010426069826053e-18,8.881784197001252e-16,0.0013815281328333207,0.9535568768258708,1.041190862798544,0.4767431951436041,1.9325903724554117e-17,0.0009250829461961985,not_checked,0.001,not_checked,not_checked,,,
circle_uniform_direct_n800,546,2026592147,True,ok,0.0008865119554027166,0.0021220201099999333,0.001508876380076032,1.4181303174979503,1.3815624385951408,0.4916339880969567,0.4917050576429033,0.5011843811786905,0.4920329642027449,0.4920329642027448,800.0000000000005,800.0000000000005,0.00125,1.29970638418353e-10,1.1323220266819014,5,1.5178830414797062e-18,-1.5178830414797062e-18,-2.220446049250313e-15,0.00014440557319850278,0.9690135711165823,1.029287818489787,0.48347866490768965,1.517887898705439e-11,0.0009001658763736486,not_checked,0.001,not_checked,not_checked,,,
circle_uniform_direct_n800,547,2026592148,True,ok,0.00036896253565993776,0.00039005794483863005,0.0009524577650106314,0.5902857771967595,0.6005613684200036,0.7442690259087861,0.744289237216819,0.7406103138841336,0.7444050066175627,0.7444050066175625,800.0000000000005,800.0000000000005,0.00125,2.5482087794015396e-11,1.0650968712440938,4,-2.765788899988797e-14,-2.168404344971009e-19,-1.1102230246251565e-16,2.7139929570652033e-05,0.9754010723172618,1.0238625283626004,0.4875103071906329,3.5540147214074835e-14,0.0007915000896900892,not_checked,0.001,not_checked,not_checked,,,
circle_uniform_direct_n800,548,2026592149,True,ok,0.0026711580870674347,0.0021381424029942326,0.002543775460336076,4.27114625191503,4.4168469530828505,0.11737282515026823,0.11753209106455142,0.10987373055941965,0.11801701504040406,0.11801701504040392,800.0000000000005,800.0000000000005,0.00125,1.5387131846456015e-10,1.1662866432696026,5,7.806255641895632e-18,-3.469446951953614e-18,-6.217248937900877e-15,0.0013533436964339174,0.9641632920173885,1.030647875837426,0.4810508560673443,1.564518826990824e-11,0.0008975001983344555,not_checked,0.001,not_checked,not_checked,,,
circle_uniform_direct_n800,549,2026592150,True,ok,0.0006920294499539934,0.0001710712666439667,0.001304896689377756,1.1070570784458518,1.128964815427199,0.5742501837335576,0.5743048311888264,0.5686544017308826,0.5748629813053333,0.5748629813053332,800.0000000000005,800.0000000000005,0.00125,7.857545256811926e-11,1.0650005579617163,4,-1.0391697268311018e-12,-1.5178830414797062e-18,-1.5543122344752192e-15,9.502074026912499e-05,0.9409176080994986,1.0577043113243216,0.47037832155073983,2.3053737738254476e-12,0.0007817486766725779,not_checked,0.001,not_checked,not_checked,,,
circle_uniform_direct_n800,550,2026592151,True,ok,0.0004451534484220712,0.0006443812189343039,0.0010578988645662387,0.712168908646977,0.7110525726130793,0.6998919567434361,0.6999188103796067,0.700804522314425,0.700386636378372,0.7003866363783717,800.0000000000005,800.0000000000005,0.00125,5.2056466776084775e-11,1.0781448549603643,4,-1.341099648867472e-12,6.505213034913027e-19,9.992007221626409e-16,3.830441416863284e-05,0.9383203684077874,1.0608050022176791,0.4688578734959481,2.5066645807647614e-12,0.0007804159540683031,not_checked,0.001,not_checked,not_checked,,,
circle_uniform_direct_n800,551,2026592152,True,ok,0.0003080148799201941,0.001698855893554074,0.0008632664295877598,0.4927786381532935,0.5101562287683894,0.7813092753426121,0.781326945043288,0.7748559682001936,0.7816002144065161,0.7816002144065161,800.0000000000005,800.0000000000005,0.00125,8.33592674054362e-11,1.110052589487513,4,2.907288884461401e-12,-1.1384122811097797e-18,-1.5543122344752192e-15,2.2584859508706367e-05,0.9479758660635954,1.0513511485208427,0.47318264240723074,6.912429829919464e-12,0.0007938749622553587,not_checked,0.001,not_checked,not_checked,,,
circle_uniform_direct_n800,552,2026592153,True,ok,0.000319812140887757,0.0003930673447594486,0.000888049833123798,0.5116600475868331,0.518883532622172,0.774174324150569,0.7741895731715283,0.7714821329364288,0.7742583212335817,0.7742583212335816,800.0000000000005,800.0000000000005,0.00125,1.5783167307825696e-11,1.0623918719724594,4,-5.814006502798119e-13,8.673617379884035e-19,1.5543122344752192e-15,1.9688916789162292e-05,0.9837913535155571,1.0155813050732607,0.4917023258169348,1.1279792204443861e-12,0.0007878339383751154,not_checked,0.001,not_checked,not_checked,,,
circle_uniform_direct_n800,553,2026592154,True,ok,0.00032981592467100514,0.0004563630949024264,0.0008990137929340401,0.527659893954525,0.5387391142780091,0.7679383337495878,0.7679558491428504,0.7638609132268941,0.7680866399696701,0.7680866399696699,800.0000000000005,800.0000000000005,0.00125,2.4672826282046145e-11,1.067873621252244,4,8.985497892619043e-13,1.0842021724855044e-19,2.220446049250313e-16,2.2792759541812035e-05,0.969541696620855,1.0297835772949437,0.4845496169669909,1.852690743875396e-12,0.000784875126555562,not_checked,0.001,not_checked,not_checked,,,
circle_uniform_direct_n800,554,2026592155,True,ok,0.00023969435199875126,0.0011948317964945803,0.0007753272485255154,0.3834848329486178,0.38324467961681336,0.8253030530210699,0.8253138485919236,0.8256186129047824,0.8255086958817491,0.825508695881749,800.0000000000005,800.0000000000005,0.00125,3.161599974876861e-11,1.0920105146776675,4,9.839143388923333e-13,-1.1384122811097797e-18,-7.771561172376096e-16,1.3065124692207553e-05,0.9517446867682048,1.0477446723188861,0.47530378116591393,2.279466112392603e-12,0.0007736657280474901,not_checked,0.001,not_checked,not_checked,,,
circle_uniform_direct_n800,555,2026592156,True,ok,0.0019758943079555844,7.29540247744985e-05,0.0022300750482738435,3.159873402960433,3.143479527856276,0.20518272050427083,0.20534287928968586,0.20768354752416718,0.20582778677269986,0.2058277867726997,800.0000000000005,800.0000000000005,0.00125,1.0390993621101074e-15,1.096118652904984,5,5.204170427930421e-18,-2.168404344971009e-18,-4.440892098500626e-16,0.0007787448842517808,0.9883333944585289,1.0077225375964693,0.4941306458869562,1.7726705520137997e-17,0.000901833176612854,not_checked,0.001,not_checked,not_checked,,,
circle_uniform_direct_n800,556,2026592157,True,ok,0.0008902296948036961,0.0008648147833180794,0.0015124001407710978,1.4240555273280036,1.388516836329278,0.4900138221506718,0.4900903582681797,0.4994446897955874,0.49057173799311304,0.4905717379931127,800.0000000000005,800.0000000000005,0.00125,6.351481840471962e-12,1.0998609198877676,5,-2.3852447794681098e-18,2.6020852139652106e-18,3.9968028886505635e-15,0.00015599217895556627,0.9520669226145131,1.0461685875482931,0.47562176644721105,4.191833512245946e-13,0.0008954999502748251,not_checked,0.001,not_checked,not_checked,,,
circle_uniform_direct_n800,557,2026592158,True,ok,0.0003070761163015788,0.00019017268249623645,0.0008691147414833363,0.4912848303448544,0.4995004369403982,0.7820935763022021,0.7821080345434626,0.7789953374194404,0.7821874251562211,0.782187425156221,800.0000000000005,800.0000000000005,0.00125,9.5435742641925e-12,1.0508747450273224,4,-2.756840979459274e-13,3.2526065174565133e-19,4.440892098500626e-16,1.8477868835992117e-05,0.9792005885632404,1.0201916085344718,0.4895071854937413,5.536508751458058e-13,0.0007776671554893255,not_checked,0.001,not_checked,not_checked,,,
circle_uniform_direct_n800,558,2026592159,True,ok,0.0010232495496551837,5.155509498686985e-06,0.0016179011752102464,1.6367803805989816,1.6021021772102473,0.4405346346011983,0.44062701979598445,0.448856927682603,0.4410488495460455,0.4410488495460454,800.0000000000005,800.0000000000005,0.00125,3.842585277746835e-11,1.066439256192442,4,9.083402432996657e-13,0.0,0.0,0.00020944942465661587,0.9621799210236808,1.035773969069075,0.4810874802474461,9.840192896626299e-13,0.0007749591022729874,not_checked,0.001,not_checked,not_checked,,,
circle_uniform_direct_n800,559,2026592160,True,ok,0.0015538218163023486,0.00020441589303290674,0.0019476588605177865,2.485142458590475,2.5478265947258287,0.28790526352023715,0.28804549326861567,0.27973479164441517,0.28850079048880506,0.2885007904888047,800.0000000000005,800.0000000000005,0.00125,4.4929338027799304e-14,1.0928924502142379,5,-7.37257477290143e-18,1.0842021724855044e-18,2.220446049250313e-15,0.00048622374664208934,0.9752885566845849,1.0215949801555506,0.4875445963768655,1.2953505455770564e-15,0.0008927918970584869,not_checked,0.001,not_checked,not_checked,,,
circle_uniform_direct_n800,560,2026592161,True,ok,0.00017070077337938763,0.012108291490065131,0.0006724934335939303,0.27309315251860006,0.25778526239215105,0.8721183902059253,0.8721306596086522,0.8790683449955582,0.8723534377224056,0.8723534377224055,800.0000000000005,800.0000000000005,0.00125,1.568382187360287e-10,1.2739366630202047,5,3.808642257911027e-12,6.1257422745431e-18,9.769962616701378e-15,1.4042444210160543e-05,0.9395594283204146,1.0598771851883073,0.4640920914861837,2.504828289229266e-11,0.0008891259785741568,not_checked,0.001,not_checked,not_checked,,,
circle_uniform_direct_n800,561,2026592162,True,ok,0.0004399944239224013,2.7313648760250343e-05,0.0010520155855656393,0.7039137267580345,0.7008750710495086,0.7030207060658562,0.7030479216819132,0.7043798310875591,0.7032832592189654,0.7032832592189653,800.0000000000005,800.0000000000005,0.00125,1.0210897231910376e-11,1.0453524877363995,4,-1.5929803049569147e-14,5.421010862427522e-19,4.440892098500626e-16,3.8675758903927715e-05,0.9607792779360403,1.0383413558320593,0.48037651776073675,6.399416586921891e-14,0.0007755409460514784,not_checked,0.001,not_checked,not_checked,,,
circle_uniform_direct_n800,562,2026592163,True,ok,0.0030031531568985186,2.5092467208634366e-05,0.002747701852370919,4.801438228679454,4.785656486772014,0.08983908998200668,0.09000173337419026,0.09137089895598857,0.09048940331998159,0.09048940331998148,800.0000000000005,800.0000000000005,0.00125,1.4137996329210978e-16,1.1168649033159277,5,-1.3010426069826053e-18,0.0,8.881784197001252e-16,0.0018034111790892204,0.9886499375679013,1.0053495393328489,0.4943125649522258,6.071532165918825e-18,0.0008911669719964266,not_checked,0.001,not_checked,not_checked,,,
circle_uniform_direct_n800,563,2026592164,True,ok,0.004886792513631177,0.0010367330354415778,0.0034415307988687124,7.809417253721728,8.085582664976165,0.019707796871149263,0.01980147360060197,0.017548420511098017,0.02005184697727381,0.02005184697727376,800.0000000000005,800.0000000000005,0.00125,1.3387804753683952e-11,1.177773804024655,5,8.673617379884035e-18,-5.204170427930421e-18,-6.217248937900877e-15,0.004725384044079739,0.9649356146486231,1.0253654578483051,0.48196762572495805,8.65609667277667e-13,0.0008968331385403872,not_checked,0.001,not_checked,not_checked,,,
circle_uniform_direct_n800,564,2026592165,True,ok,0.0008807595498741879,0.0010339727117358753,0.0014689232852034787,1.4089030421800506,1.4411632520586382,0.4937553775706395,0.4938325603096353,0.4864692304935433,0.4943024807841735,0.4943024807841734,800.0000000000005,800.0000000000005,0.00125,9.68912797216781e-12,1.106082633819368,5,-2.168404344971009e-19,1.3010426069826053e-18,6.661338147750939e-16,0.00015611880932542288,0.9530848869727528,1.0451496372692788,0.47604971842096844,8.564503273245094e-13,0.0008924580179154873,not_checked,0.001,not_checked,not_checked,,,
circle_uniform_direct_n800,565,2026592166,True,ok,4.419108180833361e-05,0.00044587702848019185,0.0003394425351619275,0.07070486471001228,0.0677989034764722,0.9652316387271219,0.9652320571596193,0.9666686966083284,0.9652647475796922,0.9652647475796922,800.0000000000005,800.0000000000005,0.00125,5.508406231147234e-13,1.0511213075976051,4,4.7866238425155194e-15,2.0328790734103208e-20,1.5265566588595902e-16,4.330916607703239e-07,0.9566213675374978,1.0432854215180758,0.47809741667291594,2.962886012924937e-14,0.0007802078034728765,not_checked,0.001,not_checked,not_checked,,,
circle_uniform_direct_n800,566,2026592167,True,ok,0.0031955071133646586,0.0018710665806214075,0.0027993341718031035,5.10844938140174,5.229833887260477,0.07699132014853921,0.07715968831090042,0.07317386599927067,0.07758309754252922,0.07758309754252907,800.0000000000005,800.0000000000005,0.00125,8.718639699090147e-11,1.1811192403724373,5,1.5178830414797062e-17,-5.637851296924623e-18,-7.993605777301127e-15,0.002180999990858634,0.9499918725626922,1.0434164577536043,0.47410713145197636,9.176836807817113e-12,0.0008937499951571226,not_checked,0.001,not_checked,not_checked,,,
circle_uniform_direct_n800,567,2026592168,True,ok,0.0005991703457348366,0.0018096233497219452,0.0012113488561868951,0.9585475435820476,0.9792145212354743,0.618945347164831,0.6189840644585386,0.6128670439492527,0.6191942291564221,0.6191942291564219,800.0000000000005,800.0000000000005,0.00125,9.370056813784444e-11,1.1164202680331088,5,2.6020852139652106e-18,0.0,-4.440892098500626e-16,6.25047968457193e-05,0.9723330536173103,1.0265499218369936,0.48528675309852776,8.030011985210583e-12,0.0008833331521600485,not_checked,0.001,not_checked,not_checked,,,
circle_uniform_direct_n800,568,2026592169,True,ok,0.00016020834056205795,0.0010164731509275976,0.0006361852206170361,0.25632226565736127,0.2536841706637101,0.8796820877553443,0.8796869619223939,0.8808727643448138,0.8797067440469671,0.879706744046967,800.0000000000005,800.0000000000005,0.00125,1.1346593803418514e-11,1.0815815829497415,4,1.722985903257479e-13,-4.336808689942018e-19,-4.996003610813204e-16,5.539620965805403e-06,0.989260398597903,1.010406974190609,0.4941274101779789,7.999269649450191e-13,0.0007772499229758978,not_checked,0.001,not_checked,not_checked,,,
circle_uniform_direct_n800,569,2026592170,True,ok,5.165512883637627e-05,4.11621472438777e-06,0.000361094184784038,0.08264713918062287,0.08193832998984986,0.9594949857123612,0.9594954978753301,0.9598587267401983,0.9595180967870939,0.9595180967870939,800.0000000000005,800.0000000000005,0.00125,1.4753931583399993e-14,1.015554574679595,4,-1.6656055874808562e-17,2.778268066994105e-19,1.942890293094024e-16,5.334787896021931e-07,0.9670268408589849,1.032869867378322,0.48351143018452986,3.7283002206345284e-17,0.000781916780397296,not_checked,0.001,not_checked,not_checked,,,
circle_uniform_direct_n800,570,2026592171,True,ok,0.0014391611139472154,0.0010524482827212107,0.0019060009818136292,2.301845505888641,2.282329951587048,0.3156898724502253,0.31581829393887084,0.3194466573374949,0.3162162730348181,0.31621627303481775,800.0000000000005,800.0000000000005,0.00125,1.4161179173743932e-11,1.1185609695760172,5,4.336808689942018e-19,-4.119968255444917e-18,-4.440892098500626e-15,0.00040613821345258927,0.9883486005494836,1.0088057801604824,0.4936541883413435,9.19315405051302e-13,0.0008878752123564482,not_checked,0.001,not_checked,not_checked,,,
circle_uniform_direct_n800,571,2026592172,True,ok,0.003831211424269629,0.0008837916893203615,0.00313395853579267,6.123887325608621,5.989319579957339,0.046129066164480426,0.04626927948979083,0.05005365294457426,0.046655281651507466,0.04665528165150739,800.0000000000005,800.0000000000005,0.00125,6.6750008298477326e-12,1.164182801836942,5,2.5153490401663703e-17,6.071532165918825e-18,9.769962616701378e-15,0.0030254766113948506,0.9692492605470433,1.0229861679434424,0.48419633849979266,4.572024182858403e-13,0.0008940002880990505,not_checked,0.001,not_checked,not_checked,,,
circle_uniform_direct_n800,572,2026592173,True,ok,0.00028785316078074876,0.0011659704765394395,0.0008537303563783066,0.46053276587370734,0.45481870365441923,0.7942385400325467,0.7942513684448547,0.7965946280722347,0.7943091557252338,0.7943091557252338,800.0000000000005,800.0000000000005,0.00125,4.425917618511299e-11,1.0909203119492952,4,-2.478257941744555e-13,-3.2526065174565133e-19,7.771561172376096e-16,1.6145687745466875e-05,0.9845706085841217,1.0148605616329605,0.491711286558519,1.3846762278446612e-12,0.0007758759893476963,not_checked,0.001,not_checked,not_checked,,,
circle_uniform_direct_n800,573,2026592174,True,ok,0.00019814262994187915,0.001243511079863784,0.0006901368178351034,0.3170152136680895,0.3297575759186997,0.8532918463931707,0.8532973948962588,0.8479964852430737,0.8534109272380157,0.8534109272380155,800.0000000000005,800.0000000000005,0.00125,2.492361178552116e-11,1.0879287716153871,4,-6.544406401347291e-13,-7.047314121155779e-19,-7.216449660063518e-16,6.497119458659384e-06,0.9608615655904587,1.0387774209775136,0.4798333311057208,1.7913886520004585e-12,0.0007751670200377703,not_checked,0.001,not_checked,not_checked,,,
circle_uniform_direct_n800,574,2026592175,True,ok,0.0005377686537468068,0.0028961985393593636,0.001159068681340257,0.8603385782894092,0.8612871494886706,0.6502316462609137,0.6502613340233829,0.6500905781867741,0.6503693003818605,0.6503693003818605,800.0000000000005,800.0000000000005,0.00125,7.077671781985373e-16,1.1385090591160438,6,-5.421010862427522e-18,2.8189256484623115e-18,1.4432899320127035e-15,4.563385274108933e-05,0.9942088678563672,1.0048297025921138,0.49566456147176263,6.158268339717665e-17,0.0010008318349719048,not_checked,0.001,not_checked,not_checked,,,
circle_uniform_direct_n800,575,2026592176,True,ok,0.0003935408320461919,0.0023183105710745475,0.0009802224628783854,0.6296100491836295,0.6449370644024934,0.7297598192713759,0.7297800030636903,0.724358725422878,0.7299110032433931,0.729911003243393,800.0000000000005,800.0000000000005,0.00125,1.752868648841055e-10,1.1238005351020732,4,-3.014223907363972e-12,3.7947076036992655e-19,2.220446049250313e-16,2.76410451389153e-05,0.9735450448385883,1.025713411187971,0.48564412687321656,2.1619767608116458e-11,0.0007723327726125717,not_checked,0.001,not_checked,not_checked,,,
circle_uniform_direct_n800,576,2026592177,True,ok,0.0007781446326967413,7.509454552209288e-05,0.0014047999816702076,1.2447903989814098,1.2277790005531846,0.5363086314204837,0.5363733169110607,0.541241610359235,0.5365928282994314,0.5365928282994312,800.0000000000005,800.0000000000005,0.00125,7.023317517840244e-11,1.0622602270514168,4,-8.246551228344168e-13,1.5178830414797062e-18,2.886579864025407e-15,0.0001205066666885024,0.9845395294847259,1.0139084603102086,0.4922327980660223,1.9766330499465523e-12,0.0007751248776912689,not_checked,0.001,not_checked,not_checked,,,
circle_uniform_direct_n800,577,2026592178,True,ok,0.0013250374098398925,0.0003136388178541568,0.0018231772718032056,2.1193496186721497,2.1142460148991384,0.3459545637061362,0.34607760420356515,0.34745399631374435,0.34644544180009684,0.34644544180009673,800.0000000000005,800.0000000000005,0.00125,1.51012882754209e-13,1.0921261533019497,5,-5.854691731421724e-18,8.673617379884035e-19,2.6645352591003757e-15,0.00035511853583969355,0.9944327171330853,1.0029040729839764,0.49706041269887613,7.248650464586337e-15,0.000892499927431345,not_checked,0.001,not_checked,not_checked,,,
circle_uniform_direct_n800,578,2026592179,True,ok,0.0014277101496512085,0.0012634367607620182,0.0018973602732913328,2.28355880924192,2.2693486588976777,0.3185061423625787,0.318630134241666,0.3215268161008775,0.3191263670385381,0.3191263670385378,800.0000000000005,800.0000000000005,0.00125,2.1237834407772382e-11,1.1227953264690023,5,-1.3660947373317356e-17,2.168404344971009e-19,-1.7763568394002505e-15,0.0003887151000074862,0.9606502693281807,1.0365664469016858,0.47971830578051206,1.908916601178756e-12,0.0008996671531349421,not_checked,0.001,not_checked,not_checked,,,
circle_uniform_direct_n800,579,2026592180,True,ok,0.0011306419001582066,0.006739530308893266,0.0016711512414143068,1.8087085929245124,1.8319787331375639,0.40438822606244584,0.40445267875042235,0.40012056428818354,0.40473873446582687,0.40473873446582664,800.0000000000005,800.0000000000005,0.00125,5.273559366969494e-16,1.2121407204067127,6,1.0191500421363742e-17,-3.0357660829594124e-18,-4.884981308350689e-15,0.00015922366430964896,0.9865485935084146,1.0116236547365165,0.4899489414172973,9.71445146547012e-17,0.0010042921639978886,not_checked,0.001,not_checked,not_checked,,,
circle_uniform_direct_n800,580,2026592181,True,ok,0.0034971109699993967,0.0016930182960860729,0.002976567553730285,5.590201722925684,5.530893032208244,0.060346792435666735,0.060503701304401636,0.06294798578252837,0.06095077084289735,0.06095077084289726,800.0000000000005,800.0000000000005,0.00125,5.342881345682393e-11,1.1814664467468172,5,1.214306433183765e-17,8.673617379884035e-19,8.881784197001252e-16,0.0025879145366767276,0.9819878885165979,1.0108338013600848,0.49016273333331706,6.152533777586955e-12,0.0008883748669177294,not_checked,0.001,not_checked,not_checked,,,
circle_uniform_direct_n800,581,2026592182,True,ok,0.0004583465466291249,0.0015630100066026005,0.0010765832395818783,0.733282445987418,0.7251881687561212,0.6929106120524924,0.6929355789248113,0.695868840211632,0.693033294244594,0.6930332942445938,800.0000000000005,800.0000000000005,0.00125,1.4519905763843433e-10,1.1058870551431201,4,-6.59514521987592e-12,9.75781955236954e-19,6.661338147750939e-16,3.601430959110363e-05,0.9876975453980646,1.0114525387028739,0.4930769322780618,1.1182141150534175e-11,0.0007735409308224916,not_checked,0.001,not_checked,not_checked,,,
circle_uniform_direct_n800,582,2026592183,True,ok,0.0027914634267038156,0.0023877254382692024,0.0025594168595497414,4.4633134020878265,4.773837782892519,0.1066123363185178,0.10677375772358172,0.09191244025813863,0.10718802524777978,0.10718802524777962,800.0000000000005,800.0000000000005,0.00125,3.920475055707584e-16,1.1758830569824332,6,0.0,0.0,3.552713678800501e-15,0.0015140403191407081,0.9226954101961583,1.0718186887575347,0.46024615452051826,1.1275702593849246e-17,0.0009998739697039127,not_checked,0.001,not_checked,not_checked,,,
circle_uniform_direct_n800,583,2026592184,True,ok,0.00033993346493262186,0.00027237681775453657,0.0009322533793605678,0.5438460844625851,0.532560483571323,0.7616710011036192,0.7616890929834801,0.7662243693248404,0.7618948141887845,0.7618948141887844,800.0000000000005,800.0000000000005,0.00125,1.8049872360648145e-11,1.0586521702085883,4,5.578189277676004e-13,-1.0842021724855044e-19,8.881784197001252e-16,2.3729714805076352e-05,0.9584243769057693,1.040886943640926,0.4790816616168806,1.1201142010447418e-12,0.0007879999466240406,not_checked,0.001,not_checked,not_checked,,,
circle_uniform_direct_n800,584,2026592185,True,ok,0.0006278328424263644,0.0015272193703502472,0.0012507767325583975,1.0043814277997223,1.0103011026907387,0.6047325726924544,0.6047783199202148,0.6034147236898194,0.6051576514780923,0.6051576514780921,800.0000000000005,800.0000000000005,0.00125,5.183526524676907e-11,1.1120127832197524,5,-8.456776945386935e-18,8.673617379884035e-19,0.0,7.556004123066007e-05,0.9536869918861794,1.045083719878813,0.4761152851890247,4.0745237045447524e-12,0.0009144593495875597,not_checked,0.001,not_checked,not_checked,,,
circle_uniform_direct_n800,585,2026592186,True,ok,5.348616416231498e-06,0.0011178278316945098,0.00011378267764065534,0.008557771952202043,0.008867736321734515,0.9957211195564981,0.9957211266979948,0.9955759469209489,0.995730248287202,0.995730248287202,800.0000000000005,800.0000000000005,0.00125,1.660149101523345e-11,1.0719700344932552,4,1.9859534481324326e-17,5.285485590866834e-19,8.049116928532385e-16,7.156884179043699e-09,0.9346597565597344,1.0653282137757552,0.46680750479043737,1.1698476388988244e-12,0.0008233333937823772,not_checked,0.001,not_checked,not_checked,,,
circle_uniform_direct_n800,586,2026592187,True,ok,0.001066264296093788,0.0008532296806915867,0.0016223810725831105,1.7055436966472657,1.7287269802817118,0.4257144598388818,0.42581658131491856,0.4213196414032997,0.42612973497775375,0.4261297349777535,800.0000000000005,800.0000000000005,0.00125,6.010032749248495e-12,1.1076669783399578,5,-2.168404344971009e-19,1.734723475976807e-18,1.9984014443252818e-15,0.00023958855139816215,0.9859546824349209,1.0118581302534417,0.49255670339918123,3.9721286156091384e-13,0.0009604997467249632,not_checked,0.001,not_checked,not_checked,,,
circle_uniform_direct_n800,587,2026592188,True,ok,0.006701182344615974,0.001462646997613581,0.004050752898230345,10.703525733694967,10.989057362725758,0.004542384665259742,0.004584513020734005,0.004109192748333859,0.004696461737004487,0.004696461737004471,800.0000000000005,800.0000000000005,0.00125,3.63697960636955e-11,1.2195325452239916,5,5.039371697712625e-16,-8.673617379884035e-18,-1.5987211554602254e-14,0.009183008845298879,0.9674099840960687,1.019082246124207,0.4829974894622062,3.4280568834976766e-12,0.0009261672385036945,not_checked,0.001,not_checked,not_checked,,,
circle_uniform_direct_n800,588,2026592189,True,ok,0.00011903573464525475,1.1530749067489361e-05,0.0005454147455836382,0.19045151337357666,0.19059905216548467,0.9091420533222914,0.9091446277996482,0.9091005943439396,0.9091650867425872,0.9091650867425872,800.0000000000005,800.0000000000005,0.00125,2.280801415788236e-13,1.0240183177269353,4,-6.703079931391631e-16,-1.7618285302889447e-19,-1.1102230246251565e-16,2.8310294155203808e-06,0.9823126099389353,1.017449450041434,0.4911506415717242,1.522165640061024e-15,0.000778124900534749,not_checked,0.001,not_checked,not_checked,,,
circle_uniform_direct_n800,589,2026592190,True,ok,3.378163833862684e-05,0.0019487912628241419,0.0002946116668662872,0.054050324439879775,0.05259712407580971,0.9733247962552978,0.973324940810341,0.9740442335602414,0.973336605410064,0.973336605410064,800.0000000000005,800.0000000000005,0.00125,1.0799847821596487e-10,1.0981310033384903,4,-6.639389830021686e-15,-2.168404344971009e-19,-4.3021142204224816e-16,1.4845096159635252e-07,0.9707145563615355,1.0292326905746745,0.484411363837638,1.0798690934510358e-11,0.0007851237896829844,not_checked,0.001,not_checked,not_checked,,,
circle_uniform_direct_n800,590,2026592191,True,ok,0.0020642002801441388,0.001211737852150167,0.002213899386152152,3.3009908420635354,3.480694441624698,0.19106253370065074,0.19122804365415458,0.1754594668602573,0.19178885528947348,0.1917888552894733,800.0000000000005,800.0000000000005,0.00125,1.882001499087238e-11,1.1386570810410948,5,3.903127820947816e-18,2.168404344971009e-18,3.1086244689504383e-15,0.0008648030835443077,0.9478134116373057,1.04803464964008,0.4733324787540428,1.6151979927159221e-12,0.0008967488538473845,not_checked,0.001,not_checked,not_checked,,,
circle_uniform_direct_n800,591,2026592192,True,ok,0.0008325089350990925,0.0003540340878830124,0.0014797148065430286,1.3317317159045037,1.2668635476139047,0.5131450511716589,0.5132176537809314,0.5307671990157701,0.5137558388494098,0.5137558388494096,800.0000000000005,800.0000000000005,0.00125,2.421292333298908e-13,1.0803968943358573,5,3.577867169202165e-18,-7.589415207398531e-19,-2.6645352591003757e-15,0.00014129012702257526,0.9459980195967769,1.0523220210629962,0.4728315528418065,1.1773242970802844e-14,0.0010539577342569828,not_checked,0.001,not_checked,not_checked,,,
circle_uniform_direct_n800,592,2026592193,True,ok,0.0007128247106602727,0.00013712945492642915,0.0013537218151340213,1.1403179296114132,1.1110984017833447,0.5648884933435443,0.5649455072100422,0.5737570667591578,0.5653785520677443,0.5653785520677441,800.0000000000005,800.0000000000005,0.00125,7.56862732209651e-11,1.0636867863644233,4,-1.1787936078644368e-12,-9.75781955236954e-19,-1.1102230246251565e-15,0.00010080372251186631,0.9517401628248218,1.0468404247453273,0.4758048259632114,2.606762028456444e-12,0.0007826660294085741,not_checked,0.001,not_checked,not_checked,,,
circle_uniform_direct_n800,593,2026592194,True,ok,0.00221247109387614,0.007510495888867801,0.002381478547281999,3.5373940693509383,3.456923199464407,0.16955989805401828,0.16977753189443762,0.17755735424859648,0.17033692780413145,0.1703369278041313,800.0000000000005,800.0000000000005,0.00125,4.163336342344337e-16,1.2713737574914985,6,1.8214596497756474e-17,-4.336808689942018e-19,-3.1086244689504383e-15,0.0012798404254439344,0.9694893873137895,1.025445921205948,0.4811043717181609,2.0816681711721685e-17,0.0009853336960077286,not_checked,0.001,not_checked,not_checked,,,
circle_uniform_direct_n800,594,2026592195,True,ok,0.0026562917768414773,0.0007879125250153855,0.0025737087542305084,4.24730885957751,4.266686160526729,0.11876362619266569,0.11892794401615803,0.11844067457520967,0.11942897670767591,0.11942897670767579,800.0000000000005,800.0000000000005,0.00125,5.058498758758745e-12,1.1336779433020585,5,-4.336808689942018e-18,0.0,8.881784197001252e-16,0.0013789916844282324,0.9953639741105778,0.999391583479115,0.4972898499712296,2.888507575488086e-13,0.0008742501959204674,not_checked,0.001,not_checked,not_checked,,,
circle_uniform_direct_n800,595,2026592196,True,ok,0.0005257744257170824,0.000569584662008404,0.0011397232451021283,0.8411250780003108,0.8520351761387709,0.6564055434457605,0.6564429892739567,0.6531048551661506,0.6566398787226586,0.6566398787226585,800.0000000000005,800.0000000000005,0.00125,7.527979281607422e-11,1.0799039680056735,4,2.4809684471757687e-12,4.336808689942018e-19,2.220446049250313e-16,5.700157351073987e-05,0.9712627516916446,1.027669964897751,0.4853547741663562,5.0790218385221575e-12,0.000983166741207242,not_checked,0.001,not_checked,not_checked,,,
circle_uniform_direct_n800,596,2026592197,True,ok,0.0011830449492893284,0.0003570547219936799,0.0016751555976053441,1.892311377989319,1.9974450306259999,0.3873785160533967,0.387487239498408,0.3683497018356456,0.3881218433390119,0.3881218433390117,800.0000000000005,800.0000000000005,0.00125,3.1446026338421973e-13,1.0894060594215338,5,1.0842021724855044e-17,1.5178830414797062e-18,2.4424906541753444e-15,0.0002802704368037867,0.942383415744284,1.0552507991263846,0.47102346885370966,1.2173313572449995e-14,0.0009252908639609814,not_checked,0.001,not_checked,not_checked,,,
circle_uniform_direct_n800,597,2026592198,True,ok,0.0021767910301301275,0.0006003568350118162,0.0023216262960586496,3.4809189410453127,3.520985877309383,0.17458970343526609,0.1747600778713269,0.17196007715836006,0.17526909084057843,0.1752690908405783,800.0000000000005,800.0000000000005,0.00125,1.6679296832577961e-12,1.1241494719167597,5,-1.0408340855860843e-17,-4.336808689942018e-19,-2.220446049250313e-15,0.0009733535814466787,0.9794349650193367,1.0161575177979723,0.4894234733980397,9.73611382487638e-14,0.0009704171679913998,not_checked,0.001,not_checked,not_checked,,,
circle_uniform_direct_n800,598,2026592199,True,ok,0.00447992812504416,0.0010963359604907086,0.003291657446286115,7.159634886836407,7.431731452400601,0.027387305354176102,0.027500764527922814,0.02433436509587788,0.02776601466973123,0.027766014669731165,800.0000000000005,800.0000000000005,0.00125,1.352135070575855e-11,1.1797785583451357,5,4.85722573273506e-17,-1.1275702593849246e-17,-1.9539925233402755e-14,0.004125056617126699,0.953298707414402,1.0376386172111216,0.47612679844079486,1.0824609437964927e-12,0.0009295421186834574,not_checked,0.001,not_checked,not_checked,,,
circle_uniform_direct_n800,599,2026592200,True,ok,0.00019945536952259782,0.0002351704107164623,0.000711522203094971,0.319112670164082,0.314736965961402,0.8523981560083405,0.8524049470288195,0.8543891729370816,0.8525151526456076,0.8525151526456076,800.0000000000005,800.0000000000005,0.00125,4.649570659043256e-12,1.0490723097310173,4,6.891324533589427e-15,0.0,-5.551115123125783e-17,7.960536037326937e-06,0.9619371417935897,1.037663962635434,0.4808554608704872,1.6574198610785906e-14,0.0007859999313950539,not_checked,0.001,not_checked,not_checked,,,
circle_uniform_direct_n800,600,2026592201,True,ok,0.0033311583039107363,0.0008131597310909572,0.002872210688464308,5.325326226302077,5.392737418772376,0.06900174042507976,0.06915854987908836,0.06744999911925033,0.06960445931136613,0.06960445931136598,800.0000000000005,800.0000000000005,0.00125,4.602564857014713e-12,1.152006345235806,5,2.6020852139652106e-18,-3.0357660829594124e-18,-2.6645352591003757e-15,0.002263529977552192,0.971669545726273,1.0216138496969815,0.4854397247864381,3.2767386894116957e-13,0.0009111659601330757,not_checked,0.001,not_checked,not_checked,,,
circle_uniform_direct_n800,601,2026592202,True,ok,0.0007358044812180754,0.002224397695479984,0.0013925145617856667,1.1770910234484053,1.1195177501265359,0.5542648846178192,0.5543193405441409,0.5713468132049312,0.5550796927660065,0.5550796927660063,800.0000000000005,800.0000000000005,0.00125,1.6832760879603725e-10,1.1309096861389984,5,1.0842021724855044e-19,-8.673617379884035e-19,-1.5543122344752192e-15,9.807325025801283e-05,0.9280890777845456,1.07051321694474,0.4630122396774096,1.8325315223610694e-11,0.0009036669507622719,not_checked,0.001,not_checked,not_checked,,,
circle_uniform_direct_n800,602,2026592203,True,ok,0.0014695880274478643,0.002621664717276838,0.0019431726587976295,2.3503742345859213,2.295682832275726,0.30779326268280516,0.30794224220168553,0.31732099461268964,0.3086120100491473,0.3086120100491471,800.0000000000005,800.0000000000005,0.00125,2.983724378680108e-16,1.1652981756819836,6,1.3010426069826053e-18,-8.673617379884035e-19,-4.440892098500626e-16,0.0004833046653314188,0.9400233523776294,1.0568719665939823,0.46877959707787054,3.9898639947466563e-17,0.0010052088182419538,not_checked,0.001,not_checked,not_checked,,,
circle_uniform_direct_n800,603,2026592204,True,ok,0.0022338297397697625,0.005684676673134818,0.0023759440909737546,3.5725849004817998,3.5414540421932412,0.1668493244849995,0.166978280246714,0.17020919815375038,0.16745111989697253,0.16745111989697245,800.0000000000005,800.0000000000005,0.00125,3.469446951953614e-16,1.215329473716985,6,-6.938893903907228e-18,8.673617379884035e-19,-8.881784197001252e-16,0.0007713415749110997,0.9683233905404054,1.0277478168500074,0.4814094253266594,4.5102810375396984e-17,0.0010089590214192867,not_checked,0.001,not_checked,not_checked,,,
circle_uniform_direct_n800,604,2026592205,True,ok,0.00048523666570666536,0.00021277655395831674,0.0011118046515860567,0.7762836309603567,0.7622172191269684,0.6781041044085461,0.6781363471935893,0.683103693996776,0.6782839098734962,0.6782839098734961,800.0000000000005,800.0000000000005,0.00125,3.529053785311653e-11,1.060736557312331,4,6.06509796812621e-13,1.6263032587282567e-18,2.220446049250313e-15,4.751708515415842e-05,0.9775046795609811,1.0215208147162251,0.48864834389236367,1.161231484234082e-12,0.0007997078355401754,not_checked,0.001,not_checked,not_checked,,,
circle_uniform_direct_n800,605,2026592206,True,ok,0.0030117549550557465,0.0004099040675900436,0.002731413225459754,4.815133189776654,4.870619432082861,0.08921549800535586,0.08938006012249747,0.08757062082153427,0.08986884367416756,0.0898688436741674,800.0000000000005,800.0000000000005,0.00125,4.3728909382423353e-13,1.1330362929579116,5,1.691355389077387e-17,-3.469446951953614e-18,-3.552713678800501e-15,0.0018373691562714178,0.9881994625350092,1.0057460136807927,0.49389719797835435,2.1173709487121162e-14,0.0008948747999966145,not_checked,0.001,not_checked,not_checked,,,
circle_uniform_direct_n800,606,2026592207,True,ok,0.00011308175847354234,0.0008584693721558827,0.0005323101257792494,0.1809261197950085,0.18056702707829142,0.9134878837987017,0.9134900281059781,0.9136721101337463,0.9135059344671946,0.9135059344671945,800.0000000000005,800.0000000000005,0.00125,6.229468330065657e-12,1.0721062456305153,4,-5.716892345804248e-14,1.0842021724855044e-19,-8.326672684688674e-17,2.346881329676198e-06,0.9847187897092279,1.0150642877154616,0.49193670506233594,4.0703443220102553e-13,0.0007783751934766769,not_checked,0.001,not_checked,not_checked,,,
circle_uniform_direct_n800,607,2026592208,True,ok,0.001233291336600093,0.00017695024627123593,0.0017432184548683727,1.9726623873512161,2.0033881305552135,0.3723544212383867,0.3724669813291156,0.3672567569665715,0.372829872501605,0.3728298725016047,800.0000000000005,800.0000000000005,0.00125,2.228078832544611e-14,1.0817311947010364,5,-2.168404344971009e-19,-3.0357660829594124e-18,-4.6629367034256575e-15,0.00030187560446681694,0.9829058135293687,1.0146383740160814,0.4913659441780097,7.351432830537963e-16,0.0008983749430626631,not_checked,0.001,not_checked,not_checked,,,
circle_uniform_direct_n800,608,2026592209,True,ok,0.00047652306695121396,0.00021622464510136924,0.0010901760408297168,0.7623478222660721,0.7645105692564699,0.682895289299964,0.6829257230860604,0.6823208449467517,0.683028663277242,0.6830286632772418,800.0000000000005,800.0000000000005,0.00125,2.5787955104661364e-11,1.0593996749312204,4,-9.572380865394137e-13,-1.951563910473908e-18,-3.1086244689504383e-15,4.454242793533458e-05,0.9895628545093084,1.0094935350217864,0.4946744433323462,1.9502737098886502e-12,0.0007802911568433046,not_checked,0.001,not_checked,not_checked,,,
circle_uniform_direct_n800,609,2026592210,True,ok,0.0007229380823165204,0.0008945223874965858,0.0013771351929457343,1.1564932095776996,1.104070506280012,0.5601577685039676,0.5602160378073642,0.5757767655937478,0.5608227001901287,0.5608227001901285,800.0000000000005,800.0000000000005,0.00125,7.999899354071971e-12,1.0966999779702566,5,-7.37257477290143e-18,-1.734723475976807e-18,-3.774758283725532e-15,0.00010386106436677256,0.9381858626721565,1.0603748989810446,0.46867330715394273,4.798318860299577e-13,0.0009270841255784035,not_checked,0.001,not_checked,not_checked,,,
circle_uniform_direct_n800,610,2026592211,True,ok,7.304857826194704e-05,0.0008266633882980528,0.0004301420470540431,0.11687518931072977,0.11536546128734988,0.9432268089969049,0.9432280051603561,0.9439493861470696,0.9432359056187393,0.9432359056187392,800.0000000000005,800.0000000000005,0.00125,5.983394335551395e-12,1.070007180303191,4,3.7456718499431774e-14,-3.2526065174565133e-19,-4.440892098500626e-16,1.2679541927865245e-06,0.9866816977533072,1.013158452788181,0.4929330347506624,3.4997981075701734e-13,0.0008160008583217859,not_checked,0.001,not_checked,not_checked,,,
circle_uniform_direct_n800,611,2026592212,True,ok,0.0010278797038550647,1.5096258110597639e-05,0.0015691566571288894,1.6441850741475212,1.7199205985779786,0.4386987779003808,0.4387915742701173,0.4231788824867766,0.43941817217912593,0.4394181721791257,800.0000000000005,800.0000000000005,0.00125,4.8421704146317524e-11,1.067185010408218,4,6.286648718961674e-13,3.0357660829594124e-18,3.9968028886505635e-15,0.0002112260102916652,0.9418366181040501,1.056108636924065,0.4709111999519639,3.8987433073622846e-13,0.0007968330755829811,not_checked,0.001,not_checked,not_checked,,,
circle_uniform_direct_n800,612,2026592213,True,ok,3.6966085034951775e-05,0.00027708389454098037,0.00030057259902242816,0.05914523592360275,0.060520795797541944,0.970847708111539,0.9708479509913202,0.9701928644693768,0.9708601304004909,0.9708601304004909,800.0000000000005,800.0000000000005,0.00125,1.84595394525644e-13,1.0403674723131895,4,-2.120401293784213e-15,-9.486769009248164e-20,-1.6653345369377348e-16,2.500661600637888e-07,0.9715742037424087,1.0283551183228912,0.48565249653672343,4.42191856048213e-15,0.0007862921338528395,not_checked,0.001,not_checked,not_checked,,,
circle_uniform_direct_n800,613,2026592214,True,ok,0.0003561413105413677,0.0005778022368064476,0.0009532079712737149,0.5697728240199855,0.5586370119845869,0.7519347583424192,0.7519547999695078,0.7562989790923894,0.7520796459800437,0.7520796459800436,800.0000000000005,800.0000000000005,0.00125,3.730245973221358e-11,1.0742677553345672,4,1.1972583298033856e-12,-1.0842021724855044e-19,-3.3306690738754696e-16,2.66364231015781e-05,0.9727139173169996,1.026556298561981,0.4860759377332286,2.5028635847884617e-12,0.0007832511328160763,not_checked,0.001,not_checked,not_checked,,,
circle_uniform_direct_n800,614,2026592215,True,ok,0.003675605856792126,0.0009756440335615081,0.0030296011504323843,5.875381997531673,5.8993170132566295,0.05226163532988773,0.05240839000562403,0.05235758266330582,0.05284011169829348,0.052840111698293384,800.0000000000005,800.0000000000005,0.00125,7.695552528552696e-12,1.1643635898606484,5,3.426078865054194e-17,-2.6020852139652106e-18,-4.440892098500626e-15,0.0027936866678661687,0.9949143665330143,0.9976254513320636,0.49697183113294185,6.789506023369141e-13,0.0008887080475687981,not_checked,0.001,not_checked,not_checked,,,
circle_uniform_direct_n800,615,2026592216,True,ok,0.003575059445659879,3.736296014934626e-05,0.002983076291536891,5.714974941557035,5.757578412632111,0.05669497270184988,0.0568407729288449,0.056202771614415295,0.05726603682683096,0.05726603682683085,800.0000000000005,800.0000000000005,0.00125,5.594483210025203e-16,1.1287999410765188,5,9.540979117872439e-18,6.071532165918825e-18,7.993605777301127e-15,0.0025600857493874862,0.9770347901772448,1.0158170576479504,0.4884991426212638,2.2551405187698492e-17,0.0008999588899314404,not_checked,0.001,not_checked,not_checked,,,
circle_uniform_direct_n800,616,2026592217,True,ok,0.0015183252415428132,0.0011436763194950408,0.0019750559988974408,2.4284387703770416,2.365735055222589,0.29621303633415663,0.2963438194967979,0.3063988704598321,0.29681085549665925,0.29681085549665903,800.0000000000005,800.0000000000005,0.00125,1.5813406140097186e-11,1.1212770849825184,5,8.673617379884035e-19,3.903127820947816e-18,4.884981308350689e-15,0.00044080804573032317,0.9686802530993356,1.0283546902024727,0.48378621283867823,1.281837917060935e-12,0.000894458033144474,not_checked,0.001,not_checked,not_checked,,,
circle_uniform_direct_n800,617,2026592218,True,ok,0.0002748224215052104,0.0005814232388375777,0.000830084338406403,0.43968507333632917,0.4394153728514186,0.8024216992483635,0.802434070448,0.8027534193905899,0.8026328141251602,0.8026328141251601,800.0000000000005,800.0000000000005,0.00125,1.664501349252223e-11,1.0702995679767031,4,2.3156888732944747e-13,2.168404344971009e-19,-3.3306690738754696e-16,1.5400536003851162e-05,0.9543233716187155,1.0451221548422411,0.47688425592779105,5.254696417572591e-13,0.0007817910518497229,not_checked,0.001,not_checked,not_checked,,,
circle_uniform_direct_n800,618,2026592219,True,ok,0.0011209958710617946,3.5078614131930076e-05,0.001688560548597651,1.793090642092478,1.7640917677067485,0.40742221068329915,0.40752475674703414,0.4139351814943587,0.40787411377800087,0.40787411377800065,800.0000000000005,800.0000000000005,0.00125,1.2333749820070405e-10,1.0714690266950404,4,1.3767123292068861e-12,2.168404344971009e-19,1.5543122344752192e-15,0.0002513758031972291,0.9785598978624344,1.019198665044208,0.48926278564768255,1.476693333585244e-12,0.0007821249309927225,not_checked,0.001,not_checked,not_checked,,,
circle_uniform_direct_n800,619,2026592220,True,ok,0.001295368416151299,0.0046423999021611845,0.0017996802030278115,2.072086086777925,2.0736458134636453,0.35435144670866425,0.35444074531218916,0.354579426212045,0.3547667552456027,0.3547667552456025,800.0000000000005,800.0000000000005,0.00125,4.718447854656915e-16,1.1844880147932597,6,-2.8189256484623115e-18,-5.637851296924623e-18,-8.43769498715119e-15,0.00025168953207743705,0.9984042591091916,0.9993377708529658,0.4968850139472424,4.85722573273506e-17,0.0010112919844686985,not_checked,0.001,not_checked,not_checked,,,
circle_uniform_direct_n800,620,2026592221,True,ok,0.00015280172858311814,6.196304069541346e-05,0.0006226751451942296,0.24447334115902367,0.24091173397832524,0.8849031708736792,0.8849073419803795,0.8865162111115996,0.8849347346369797,0.8849347346369797,800.0000000000005,800.0000000000005,0.00125,1.1550847084373927e-12,1.033127751416404,4,1.7125867781200843e-14,3.7947076036992655e-19,5.828670879282072e-16,4.71228698274706e-06,0.9826890666188964,1.0170039710904912,0.4913140881197858,3.3769645066406007e-14,0.0007805828936398029,not_checked,0.001,not_checked,not_checked,,,
circle_uniform_direct_n800,621,2026592222,True,ok,0.002025728284482625,0.0017516651245403124,0.0022158003536793705,3.2395659152720047,3.349690798594831,0.19709114674493416,0.19724904752751243,0.1873371396966818,0.19778343142459498,0.1977834314245947,800.0000000000005,800.0000000000005,0.00125,8.07789599099884e-11,1.1485995742677433,5,-1.3010426069826053e-17,-5.637851296924623e-18,-6.217248937900877e-15,0.0007996699500987248,0.9564244682552734,1.0395827399355861,0.47737456895684593,7.050007713033102e-12,0.0008969998452812433,not_checked,0.001,not_checked,not_checked,,,
circle_uniform_direct_n800,622,2026592223,True,ok,1.01701743727544e-05,0.0022808356517586897,0.00016215158431611974,0.01627218783448332,0.015739074194124986,0.9918910066423685,0.9918910518864292,0.9921613466433179,0.991896869302697,0.991896869302697,800.0000000000005,800.0000000000005,0.00125,1.9002252549249476e-10,1.1053213942730413,4,6.425693581824793e-16,-2.168404344971009e-19,-2.7755575615628914e-16,4.5580961866020786e-08,0.9623008030584084,1.0376619061369745,0.48005305435053824,2.0256098014204138e-11,0.0007794992998242378,not_checked,0.001,not_checked,not_checked,,,
circle_uniform_direct_n800,623,2026592224,True,ok,0.000511231565474079,0.0003336252815368079,0.0011234795619374488,0.8178641838279501,0.8286951421125879,0.6641310116122054,0.6641663413806311,0.6607712463887656,0.6643240294488072,0.6643240294488071,800.0000000000005,800.0000000000005,0.00125,5.1992949008650147e-11,1.0684525652714199,4,1.2772017601511698e-12,-8.673617379884035e-19,-1.887379141862766e-15,5.316046528841545e-05,0.9773713473973592,1.0215978042586895,0.48852263803165763,2.5221211837761492e-12,0.0007705830503255129,not_checked,0.001,not_checked,not_checked,,,
circle_uniform_direct_n800,624,2026592225,True,ok,0.0025821285227391596,0.0009748152449591064,0.0025523347117546082,4.12869529905452,4.099249348280134,0.12604930651613983,0.12622067717129443,0.12878323019474205,0.12672919168021798,0.12672919168021782,800.0000000000005,800.0000000000005,0.00125,1.0757287421947481e-11,1.1423303954053465,5,-9.974659986866641e-18,2.6020852139652106e-18,5.329070518200751e-15,0.0013551686640687066,0.9875571480075183,1.0072447123294452,0.49329721549938854,6.766672725616596e-13,0.0008957081008702517,not_checked,0.001,not_checked,not_checked,,,
circle_uniform_direct_n800,625,2026592226,True,ok,0.00047041280347555336,0.001507142942015525,0.0010793553966073671,0.7525740772451539,0.760482927170563,0.6861727459407236,0.6862024131774267,0.6836963015192017,0.6863756250151837,0.6863756250151836,800.0000000000005,800.0000000000005,0.00125,1.6302081733143847e-10,1.107290866649881,4,-8.990106836054279e-13,-1.463672932855431e-18,-2.1094237467877974e-15,4.3204157865961434e-05,0.9714402559675679,1.0276310089980532,0.48498810880095194,3.8644898912865155e-12,0.0007775009144097567,not_checked,0.001,not_checked,not_checked,,,
circle_uniform_direct_n800,626,2026592227,True,ok,0.0002553403948174835,0.00015822357165249946,0.0008075402889052957,0.4085180402901995,0.40005326187424994,0.8151456903928387,0.8151565341816889,0.8187089498010965,0.8152403380882272,0.8152403380882272,800.0000000000005,800.0000000000005,0.00125,6.510960173788938e-12,1.0473904166994832,4,1.7191657169027263e-13,-1.0842021724855044e-19,-2.220446049250313e-16,1.329570888716769e-05,0.9734584345997678,1.0260259490406696,0.4866522057669005,3.4245609820127143e-13,0.0007833328563719988,not_checked,0.001,not_checked,not_checked,,,
circle_uniform_direct_n800,627,2026592228,True,ok,0.0005475747145328577,0.0028981826143959447,0.0011684771749751093,0.8760278000546926,0.878870707414756,0.6451240504023315,0.6451536602504113,0.644400176547542,0.6452872118385065,0.6452872118385065,800.0000000000005,800.0000000000005,0.00125,2.719179048593645e-16,1.138269480270566,6,5.854691731421724e-18,1.734723475976807e-18,2.886579864025407e-15,4.587159894009485e-05,0.9839566633026176,1.0150786223046606,0.49055254603148374,2.0816681711721685e-17,0.0009968760423362255,not_checked,0.001,not_checked,not_checked,,,
circle_uniform_direct_n800,628,2026592229,True,ok,0.0005960844850620776,0.0003940830229423193,0.0011953892235187131,0.9535884753659147,0.9952319330121564,0.6203186526702318,0.6203642064343893,0.6079783741346271,0.6207247152222832,0.6207247152222831,800.0000000000005,800.0000000000005,0.00125,7.601486107233768e-11,1.0749791576437158,4,3.675661229378402e-12,-1.951563910473908e-18,-3.1086244689504383e-15,7.335036670497175e-05,0.9545866542225931,1.0442025483878434,0.4771052308324883,7.325700376176192e-12,0.000786749878898263,not_checked,0.001,not_checked,not_checked,,,
circle_uniform_direct_n800,629,2026592230,True,ok,0.0030127805600150253,0.00038241633957881657,0.0028179679040214634,4.816774629839371,4.579619467323494,0.08921093852134954,0.08937511588064229,0.10128573128587219,0.08979513797007116,0.08979513797007103,800.0000000000005,800.0000000000005,0.00125,3.4706959528563175e-13,1.1320324029416629,5,-2.168404344971009e-18,-1.3010426069826053e-18,-8.881784197001252e-16,0.0018371330923359075,0.9412383057735361,1.0527075121297915,0.4704391816313637,1.6028519657373952e-14,0.000904708169400692,not_checked,0.001,not_checked,not_checked,,,
circle_uniform_direct_n800,630,2026592231,True,ok,4.5119634551156126e-05,0.004691969385408142,0.00033992133639980664,0.07218944914496979,0.07064407858938945,0.9644951504815541,0.964496100060175,0.9652945034361214,0.9645479744541814,0.9645479744541814,800.0000000000005,800.0000000000005,0.00125,4.531109862315752e-12,1.1590014055179028,5,6.711554326622321e-14,0.0,-7.216449660063518e-16,9.830684400274903e-07,0.9457855876554744,1.0540649138850073,0.470674206245526,3.3645655705960564e-13,0.0008973339572548866,not_checked,0.001,not_checked,not_checked,,,
circle_uniform_direct_n800,631,2026592232,True,ok,0.0003598479658403382,0.0005578196764601787,0.0009390666130359595,0.5757069509017027,0.5877933407734913,0.7496913734723978,0.7497100516548294,0.7453535045537161,0.7498527892838536,0.7498527892838533,800.0000000000005,800.0000000000005,0.00125,3.496363441823913e-11,1.0714571120866576,4,-8.390807579999882e-13,1.2468324983583301e-18,1.4432899320127035e-15,2.4897221419406534e-05,0.9692958242033616,1.0299985778805307,0.48437757107973,1.5812392627906346e-12,0.0007865000516176224,not_checked,0.001,not_checked,not_checked,,,
circle_uniform_direct_n800,632,2026592233,True,ok,0.0011482325056107606,0.0010708897204733453,0.0016788465201854953,1.8366354408343946,1.8722372806503693,0.3986231537171129,0.3987302377404185,0.3921469486920455,0.3990829438038139,0.3990829438038137,800.0000000000005,800.0000000000005,0.00125,1.2834535517702861e-11,1.1146263028065728,5,2.6020852139652106e-18,-4.336808689942018e-19,-6.661338147750939e-16,0.0002682840714117729,0.9799482283208435,1.0177380813948957,0.48944942183479817,9.854213799120881e-13,0.0009027908090502024,not_checked,0.001,not_checked,not_checked,,,
circle_uniform_direct_n800,633,2026592234,True,ok,8.923754638048582e-05,0.0016782149524220231,0.00047804834078166305,0.14277624690168725,0.13940691781779055,0.9310688012737853,0.931070583795752,0.932670353986475,0.9310986582702842,0.931098658270284,800.0000000000005,800.0000000000005,0.00125,6.984194472758887e-11,1.0974509877508227,4,7.454845389002346e-14,-2.710505431213761e-19,-3.885780586188048e-16,1.9136535450714476e-06,0.9729282937017539,1.0268755410069146,0.4856477133427855,5.9402222724047604e-12,0.0007837500888854265,not_checked,0.001,not_checked,not_checked,,,
circle_uniform_direct_n800,634,2026592235,True,ok,7.420917174557739e-05,0.0016441125672710354,0.0004343048321613731,0.11873330589749627,0.11679550679888422,0.9423476532798589,0.9423482984129943,0.9432746820988016,0.9423605413020033,0.9423605413020032,800.0000000000005,800.0000000000005,0.00125,6.739128005639472e-11,1.0926407540670702,4,-7.652011619826982e-14,7.453889935837843e-19,1.0547118733938987e-15,6.844477138112648e-07,0.9811918499225645,1.0186886338517975,0.48978937611055096,5.472088060454183e-12,0.000779458787292242,not_checked,0.001,not_checked,not_checked,,,
circle_uniform_direct_n800,635,2026592236,True,ok,0.002459067147373659,0.0003752806991121862,0.002493534060288233,3.932077393419814,3.895243253579846,0.1391625880435,0.1393321751892127,0.14261285514403355,0.13984037046126038,0.13984037046126027,800.0000000000005,800.0000000000005,0.00125,3.700581507892764e-13,1.119820740781318,5,-2.168404344971009e-18,-8.239936510889834e-18,-1.199040866595169e-14,0.0012150211890211704,0.982415864557484,1.0126600000605115,0.49102358857389,1.4855304486527388e-14,0.0008934999350458384,not_checked,0.001,not_checked,not_checked,,,
circle_uniform_direct_n800,636,2026592237,True,ok,0.00029460175799576557,0.0007179822314707558,0.0008633368382773051,0.47132934401854704,0.46685551173531564,0.7897880085344182,0.7898012407981342,0.7918147976470032,0.790032333089967,0.7900323330899669,800.0000000000005,800.0000000000005,0.00125,3.0249769703005747e-11,1.075560133391139,4,-4.1882523924702264e-13,-6.505213034913027e-19,-4.440892098500626e-16,1.6734387339067958e-05,0.9516033291850033,1.047818313093051,0.47546005381944484,7.133703350259424e-13,0.0007883340585976839,not_checked,0.001,not_checked,not_checked,,,
circle_uniform_direct_n800,637,2026592238,True,ok,0.0006815575612556897,0.0020246853001637246,0.001324511941921842,1.0902903523728027,1.0595552888378692,0.5793650034753413,0.579423502797148,0.5887358638303894,0.5796991313966622,0.579699131396662,800.0000000000005,800.0000000000005,0.00125,1.3848922009174203e-10,1.1297796472716517,5,6.288372600415926e-18,2.8189256484623115e-18,5.10702591327572e-15,0.00010087281815074345,0.9684458572370237,1.030133905621691,0.4832424746238922,1.258083307670299e-11,0.0008958331309258938,not_checked,0.001,not_checked,not_checked,,,
circle_uniform_direct_n800,638,2026592239,True,ok,0.000457204882834788,2.1371807412059428e-05,0.0010960251811386215,0.731444098629179,0.6962177658965963,0.6932791261984574,0.6933081827135474,0.7060219982723765,0.6936665522038945,0.6936665522038945,800.0000000000005,800.0000000000005,0.00125,1.0083801415400329e-11,1.0457693833150585,4,9.248092742997205e-14,4.336808689942018e-19,4.440892098500626e-16,4.1856953241048434e-05,0.9484406781466811,1.0506445060506402,0.47421020412388576,1.483862945711456e-13,0.0007791672833263874,not_checked,0.001,not_checked,not_checked,,,
circle_uniform_direct_n800,639,2026592240,True,ok,2.842732289655859e-05,0.0022319923872695865,0.00027350210689130273,0.045483338421739655,0.043374997530224654,0.9774425953860939,0.9774427808201473,0.9785459841036703,0.9775147885191146,0.9775147885191146,800.0000000000005,800.0000000000005,0.00125,1.9519217492325325e-10,1.105725548692096,4,2.073861915530273e-15,-5.149960319306146e-19,-8.326672684688674e-16,1.891063770576018e-07,0.9195125715792106,1.0804230475903,0.4587300279322542,1.8576733033792703e-11,0.0007910002022981644,not_checked,0.001,not_checked,not_checked,,,
circle_uniform_direct_n800,640,2026592241,True,ok,0.0007084228038901569,0.0030092222365084506,0.0013502716780925367,1.1332340003073629,1.1014561615617935,0.56701894007015,0.5670877582947653,0.5765298971959161,0.5673730567969353,0.567373056796935,800.0000000000005,800.0000000000005,0.00125,3.95516952522712e-16,1.1551414395190873,6,-4.7704895589362195e-18,2.168404344971009e-19,-4.440892098500626e-16,0.0001212429584444008,0.9693308129979696,1.0291089192506997,0.48320702747066185,1.9081958235744878e-17,0.0010020420886576176,not_checked,0.001,not_checked,not_checked,,,
circle_uniform_direct_n800,641,2026592242,True,ok,0.0006115064137377705,0.0005244540155814274,0.001247530247136082,0.9782643806035276,0.9613773432257264,0.6128924216032445,0.612937159058295,0.618357399950778,0.6131135455048233,0.6131135455048231,800.0000000000005,800.0000000000005,0.00125,7.753313616132296e-11,1.0788628751792817,4,-2.4931478322803846e-12,0.0,6.661338147750939e-16,7.294068845292712e-05,0.9806027009010597,1.0181905904918758,0.4900442071520909,4.924623209223711e-12,0.0007769567891955376,not_checked,0.001,not_checked,not_checked,,,
circle_uniform_direct_n800,642,2026592243,True,ok,0.001726526085847115,0.0023219037972123883,0.0021292353872600185,2.761374881250019,2.6327504669142217,0.25055509849770097,0.25068893321655195,0.26810536212952435,0.25127159609954297,0.2512715960995428,800.0000000000005,800.0000000000005,0.00125,5.2562121322097255e-16,1.1515724658475006,6,-1.734723475976807e-18,5.421010862427522e-18,9.325873406851315e-15,0.0005334280526831936,0.9454189366667995,1.0513189726871934,0.4716119651286981,3.469446951953614e-18,0.0010111250448971987,not_checked,0.001,not_checked,not_checked,,,
circle_uniform_direct_n800,643,2026592244,True,ok,0.00013330295885835786,6.540283513635427e-05,0.0005693178008512733,0.2132776795342301,0.21931120780236563,0.8988001713211773,0.8988033431697758,0.89614271021086,0.8988470728125759,0.8988470728125759,800.0000000000005,800.0000000000005,0.00125,6.230155280562144e-13,1.0317608309908564,4,-8.335508932394431e-15,-6.2341624917916505e-19,-8.604228440844963e-16,3.527319571289267e-06,0.9724361663142974,1.027298244137085,0.48618628311863493,1.6914367042403233e-14,0.0007788338698446751,not_checked,0.001,not_checked,not_checked,,,
circle_uniform_direct_n800,644,2026592245,True,ok,0.0021718310711958274,7.219458593408232e-05,0.0023418081576821737,3.473038938680039,3.4448749344317515,0.1752953238125436,0.17546146617053993,0.17863021155261105,0.17596593444696113,0.17596593444696093,800.0000000000005,800.0000000000005,0.00125,1.1050188541972261e-15,1.101345149420246,5,1.0408340855860843e-17,-4.336808689942018e-19,-2.220446049250313e-15,0.0009453876166434227,0.9802008962020414,1.0154537410591522,0.49006506556702883,1.9000643072808465e-17,0.0009003339800983667,not_checked,0.001,not_checked,not_checked,,,
circle_uniform_direct_n800,645,2026592246,True,ok,0.00016976168928043616,0.001050339309408645,0.000650060229974765,0.27160604827021617,0.27301047172844584,0.8729480431238055,0.8729535692426269,0.8724017524705402,0.8730090545569319,0.8730090545569318,800.0000000000005,800.0000000000005,0.00125,1.513664020513783e-11,1.0834014325939834,4,2.5114217888470847e-13,-2.710505431213761e-19,-2.7755575615628914e-16,6.327289240909417e-06,0.9729356934730528,1.0267096521435872,0.4859569125897189,9.119619122366363e-13,0.0007855829317122698,not_checked,0.001,not_checked,not_checked,,,
circle_uniform_direct_n800,646,2026592247,True,ok,7.844282995488842e-05,0.0029169600166022262,0.00044318220203979687,0.12550490741334044,0.12539915352273373,0.9391516084349913,0.9391533091792832,0.9392255965043954,0.9391742342884057,0.9391742342884057,800.0000000000005,800.0000000000005,0.00125,8.298620905039522e-12,1.1266494931837494,5,1.1791785538457777e-13,-1.7618285302889447e-19,-3.3306690738754696e-16,1.8102572405531703e-06,0.9754892304103706,1.0243208192346827,0.4863217111719688,4.425123462103997e-13,0.0008920410182327032,not_checked,0.001,not_checked,not_checked,,,
circle_uniform_direct_n800,647,2026592248,True,ok,0.0009665537393976913,0.000676615958197437,0.0015565819315426208,1.5461013613788395,1.5429746632878478,0.46116251730307534,0.4612512995215632,0.4623249261978054,0.4615139529808998,0.4615139529808998,800.0000000000005,800.0000000000005,0.00125,2.7094992915976945e-12,1.097653635995976,5,5.637851296924623e-18,-1.3010426069826053e-18,-2.4424906541753444e-15,0.00019231082873372163,0.995257821264406,1.0027824668988534,0.4972922111752571,1.5708875172881775e-13,0.0008939169347286224,not_checked,0.001,not_checked,not_checked,,,
circle_uniform_direct_n800,648,2026592249,True,ok,0.003978439179006413,0.0005483458979788438,0.0031034910414265426,6.3590552691134175,6.593673777633114,0.04102082098999994,0.0411535197334711,0.03700001766829438,0.04147139596667623,0.04147139596667613,800.0000000000005,800.0000000000005,0.00125,1.3137546606145634e-12,1.1555803876872357,5,2.6020852139652106e-18,-5.204170427930421e-18,-7.105427357601002e-15,0.0032237086484236954,0.9517353345828198,1.0402482729218268,0.47560672169281554,6.777130939772391e-14,0.0009177920874208212,not_checked,0.001,not_checked,not_checked,,,
circle_uniform_direct_n800,649,2026592250,True,ok,0.0036275720660992735,0.0005615904061347314,0.003009991183161014,5.798879420241891,5.820220799862803,0.05433894009707667,0.05448188655697336,0.05446971608431609,0.05491011777174977,0.054910117771749666,800.0000000000005,800.0000000000005,0.00125,1.5085641069667588e-12,1.1460247299486062,5,-3.903127820947816e-18,-3.469446951953614e-18,-5.329070518200751e-15,0.0026179427584747117,0.9865929281187883,1.0061827231507565,0.49301942918677805,7.456882333833903e-14,0.0009257078636437654,not_checked,0.001,not_checked,not_checked,,,
circle_uniform_direct_n800,650,2026592251,True,ok,0.0005062878139323727,0.0016475876493205282,0.0011201621012246364,0.8099635702921146,0.8176788879831198,0.6667715038135305,0.6668038409042297,0.6644209005265898,0.6669566343508413,0.6669566343508412,800.0000000000005,800.0000000000005,0.00125,1.8149222402730203e-10,1.1115069584304553,4,-3.0963897895350256e-12,8.673617379884035e-19,2.1094237467877974e-15,4.846599984104083e-05,0.9774887434683383,1.0215282072664051,0.48793917434628126,5.518456785286174e-12,0.0008055421058088541,not_checked,0.001,not_checked,not_checked,,,
circle_uniform_direct_n800,651,2026592252,True,ok,0.00034070376174661515,0.0005530474640618773,0.0009247054667054143,0.5450774943102581,0.5431588459065981,0.7613435252514531,0.7613620045334306,0.7621747468947458,0.761425450704942,0.761425450704942,800.0000000000005,800.0000000000005,0.00125,3.314864702175235e-11,1.0724806466035095,4,9.47410444367136e-13,1.0842021724855044e-19,7.771561172376096e-16,2.426224216323103e-05,0.9892847889469069,1.0100188329799702,0.4943688281251826,1.9824328810480463e-12,0.0007867079693824053,not_checked,0.001,not_checked,not_checked,,,
circle_uniform_direct_n800,652,2026592253,True,ok,0.004836568921596668,0.0007553361365922762,0.0034673586088051237,7.729095579497846,7.806319243340385,0.02050615437733213,0.02060330309369892,0.02017805559703971,0.020873911834817307,0.020873911834817252,800.0000000000005,800.0000000000005,0.00125,4.432398892362244e-12,1.1729173929800325,5,2.42861286636753e-17,2.6020852139652106e-18,4.440892098500626e-15,0.004707347528413841,0.9713679072467847,1.0189495244515945,0.4853171054742282,2.439535119053149e-13,0.000946457963436842,not_checked,0.001,not_checked,not_checked,,,
circle_uniform_direct_n800,653,2026592254,True,ok,0.00042261866659172413,0.0026478752833956013,0.0010254324034279212,0.6761201160433763,0.6797626698151491,0.7129968889957841,0.7130217682354837,0.711854790065307,0.713127585148716,0.713127585148716,800.0000000000005,800.0000000000005,0.00125,1.9954482510797789e-10,1.1335217782024998,5,-4.821363577475757e-13,1.734723475976807e-18,1.5543122344752192e-15,3.4875251691324216e-05,0.9824134050141753,1.0167479259527235,0.48990611757125685,3.028324119247472e-12,0.000917874975129962,not_checked,0.001,not_checked,not_checked,,,
circle_uniform_direct_n800,654,2026592255,True,ok,0.0009113792044001703,0.0006282235948178198,0.001526431453124699,1.4578878843993544,1.4269848676489285,0.48194163304055715,0.4820185475328903,0.4899301574639735,0.48234128104565,0.48234128104564966,800.0000000000005,800.0000000000005,0.00125,2.2461546511642894e-12,1.0906767226272462,5,-3.7947076036992655e-18,-1.8431436932253575e-18,-1.9984014443252818e-15,0.00015942132045954072,0.9714434147284627,1.02677190346156,0.48541657184970044,1.1677703075363421e-13,0.0009187918622046709,not_checked,0.001,not_checked,not_checked,,,
circle_uniform_direct_n800,655,2026592256,True,ok,0.00027528845507327447,0.0011252328745280722,0.0008228827302600395,0.44043485592682824,0.4483056500340997,0.8021638422717561,0.8021745494247492,0.7991929883540481,0.8023336268337845,0.8023336268337844,800.0000000000005,800.0000000000005,0.00125,4.117388374691444e-11,1.0877040125919526,4,-1.2084246363980311e-12,2.710505431213761e-19,2.220446049250313e-16,1.3336095205596088e-05,0.9600320230488907,1.0394518499459906,0.4794758572578076,2.0500380906729454e-12,0.0007972498424351215,not_checked,0.001,not_checked,not_checked,,,
circle_uniform_direct_n800,656,2026592257,True,ok,4.0479119259475074e-05,0.0036636366720867843,0.00031381824284285937,0.06476655658094257,0.06664013123264205,0.9681035962506194,0.9681036128383069,0.9672289333166478,0.9681354290892379,0.9681354290892379,800.0000000000005,800.0000000000005,0.00125,2.4152017191747532e-12,1.1338692940266346,5,-3.1427185615169606e-14,9.0801931945661e-19,1.5265566588595902e-15,1.7117108792874536e-08,0.9549506592009385,1.0450168085504048,0.4757261763938736,2.947902338901187e-14,0.0009131240658462048,not_checked,0.001,not_checked,not_checked,,,
circle_uniform_direct_n800,657,2026592258,True,ok,0.0003005103588643277,0.00042999200628047107,0.0008650063347972385,0.4807818195784267,0.48284228573561894,0.7862489327017443,0.7862625998646633,0.7855107444713344,0.7863067566209561,0.7863067566209561,800.0000000000005,800.0000000000005,0.00125,1.6604402748587876e-11,1.0634225493314804,4,-4.858681274151622e-13,7.589415207398531e-19,-3.885780586188048e-16,1.7377302248960946e-05,0.9946857263346724,1.0047248301261806,0.4971290113462776,9.316525415720145e-13,0.0007999998051673174,not_checked,0.001,not_checked,not_checked,,,
circle_uniform_direct_n800,658,2026592259,True,ok,0.0006956067416724531,0.0036667914629059687,0.0013071400177037857,1.1127444308540189,1.1344287156089536,0.5728114143911736,0.5728763175989686,0.5671029864458828,0.5732201710853034,0.5732201710853031,800.0000000000005,800.0000000000005,0.00125,2.946861504815601e-16,1.1664795873883873,6,-4.0115480381963664e-18,-4.336808689942018e-19,4.440892098500626e-16,0.00011317791095344365,0.961122764407974,1.0373662667721166,0.47879953152469096,1.6479873021779667e-17,0.001034958753734827,not_checked,0.001,not_checked,not_checked,,,
circle_uniform_direct_n800,659,2026592260,True,ok,0.0017552130098625646,0.0017134773201324875,0.0020731336687905564,2.8070478178632854,2.8714868817049615,0.24489828773234257,0.24505691649987066,0.2379384051128641,0.24557069548398858,0.2455706954839884,800.0000000000005,800.0000000000005,0.00125,7.792243239546082e-11,1.147664219607232,5,-4.553649124439119e-18,6.505213034913027e-19,1.3322676295501878e-15,0.0006464989584098468,0.9659563536874538,1.0304547619551296,0.48215057576000336,6.455219605377982e-12,0.0009177920874208212,not_checked,0.001,not_checked,not_checked,,,
circle_uniform_direct_n800,660,2026592261,True,ok,0.0001988231373143,0.0013356021901215387,0.0007133663488224416,0.3181041377692669,0.3107559110777239,0.8528863771706301,0.8528918729091883,0.8560915517856331,0.8529464517389359,0.8529464517389358,800.0000000000005,800.0000000000005,0.00125,3.2591686294214384e-11,1.0906070671803525,4,-7.104439378371324e-13,5.692061405548898e-19,7.771561172376096e-16,6.440966806658954e-06,0.9759572309070058,1.023681793066979,0.48732690454947847,2.3837073807875253e-12,0.0008033341728150845,not_checked,0.001,not_checked,not_checked,,,
circle_uniform_direct_n800,661,2026592262,True,ok,0.0008880059046779702,0.00038092277366833936,0.001489986790301302,1.4204892271234755,1.422084060292668,0.4910868382688153,0.49116554759825354,0.49113215621348083,0.49144525764200075,0.49144525764200053,800.0000000000005,800.0000000000005,0.00125,3.8787029144060625e-13,1.0830456487923266,5,8.239936510889834e-18,1.734723475976807e-18,2.6645352591003757e-15,0.00016011018063888383,0.978887684121619,1.0193241132779711,0.4892573989922645,1.5805390850276435e-14,0.0009216668549925089,not_checked,0.001,not_checked,not_checked,,,
circle_uniform_direct_n800,662,2026592263,True,ok,0.001170333166948681,0.0008766054528231639,0.0017106372137610764,1.8719603748010967,1.8736136130878438,0.39163553056785405,0.39174782473245195,0.39187717924293175,0.3920889571000819,0.39208895710008174,800.0000000000005,800.0000000000005,0.00125,7.454842299026154e-12,1.1107502410631862,5,5.421010862427522e-18,0.0,2.220446049250313e-16,0.0002863461583969551,0.9867122210609695,1.0108968639641946,0.49292361793290146,4.425186345830001e-13,0.0009245830588042736,not_checked,0.001,not_checked,not_checked,,,
circle_uniform_direct_n800,663,2026592264,True,ok,0.0011332217175456548,0.0006746856841215964,0.0016554434899229723,1.8126508405128474,1.8788802653786478,0.40320195809651627,0.4033036867416093,0.39084659634702745,0.40390427424438136,0.40390427424438136,800.0000000000005,800.0000000000005,0.00125,2.625469286421378e-12,1.0991730516907017,5,-1.1058862159352145e-17,8.673617379884035e-19,8.881784197001252e-16,0.0002519537801006777,0.9449536864258986,1.0528038464330611,0.47215806615429157,1.5530675703812058e-13,0.0009058741852641106,not_checked,0.001,not_checked,not_checked,,,
circle_uniform_direct_n800,664,2026592265,True,ok,0.0004135888536602802,0.00016142388987324053,0.0010047655126989873,0.6616743666588731,0.6784790431946154,0.7180592686867413,0.7180836325911168,0.7123118145910718,0.7182977639162992,0.7182977639162991,800.0000000000005,800.0000000000005,0.00125,1.681903249485528e-11,1.0539468957482017,4,-2.7865849818592414e-13,1.6263032587282567e-19,4.440892098500626e-16,3.389959878780102e-05,0.9619631593567067,1.0372136276906985,0.48090393746593757,5.843730447457895e-13,0.0007789172232151031,not_checked,0.001,not_checked,not_checked,,,
circle_uniform_direct_n800,665,2026592266,True,ok,0.0009925244932015229,0.000511938126781724,0.0015970742228513177,1.587645135512302,1.5458870789137855,0.4515586751835057,0.4516477506815715,0.4616521749798188,0.45202418472107797,0.45202418472107764,800.0000000000005,800.0000000000005,0.00125,1.1278061817776575e-12,1.0905638290151487,5,1.3010426069826053e-18,1.734723475976807e-18,3.552713678800501e-15,0.00019702680506772374,0.9672502827178286,1.0307660970900134,0.4833775506838867,5.14818222774327e-14,0.0008952508214861155,not_checked,0.001,not_checked,not_checked,,,
circle_uniform_direct_n800,666,2026592267,True,ok,9.60339146428945e-05,8.453243550075222e-05,0.0004903326671307272,0.15365052732503656,0.153552728687691,0.9260185916777325,0.9260203222681133,0.926096938746381,0.9260499244334071,0.926049924433407,800.0000000000005,800.0000000000005,0.00125,4.2304527936298797e-13,1.0313001255618854,4,5.8681764959420124e-15,-1.0842021724855044e-19,2.220446049250313e-16,1.8680517973601596e-06,0.9731748153646985,1.0266319013930734,0.4865462751198556,1.1780778175901618e-14,0.0007662919815629721,not_checked,0.001,not_checked,not_checked,,,
circle_uniform_direct_n800,667,2026592268,True,ok,0.0012684388049729303,0.0008497525371078077,0.0017821490302508188,2.0288784130972006,2.0279394981103662,0.3620189352849361,0.36213198482489806,0.36277598767434727,0.3624926633312802,0.36249266333128005,800.0000000000005,800.0000000000005,0.00125,6.6982669411075335e-12,1.107642734738761,5,-4.9873299934333204e-18,2.168404344971009e-19,-8.881784197001252e-16,0.00031183742974461026,0.9860475079230594,1.0114579094543987,0.49260479099904875,3.907757364224329e-13,0.0009184170048683882,not_checked,0.001,not_checked,not_checked,,,
circle_uniform_direct_n800,668,2026592269,True,ok,8.223834821919605e-05,8.007836618713265e-06,0.00045569144536964946,0.13157865449666623,0.1306174749489486,0.936242144458769,0.9362434113126441,0.9367782001908388,0.9363268370477175,0.9363268370477175,800.0000000000005,800.0000000000005,0.00125,8.531847103809831e-14,1.0199325335089757,4,-2.244027446501873e-16,-2.0328790734103208e-19,-1.6653345369377348e-16,1.351327023765836e-06,0.9482691212913965,1.051566486950417,0.474130763854657,4.841775851777141e-16,0.0009987489320337772,not_checked,0.001,not_checked,not_checked,,,
circle_uniform_direct_n800,669,2026592270,True,ok,0.000307954994169227,0.0006014119698805767,0.0008713984395593114,0.4926874076835493,0.4998180158812743,0.7815346890004489,0.7815505556660101,0.7788716509826497,0.7816376606761448,0.7816376606761447,800.0000000000005,800.0000000000005,0.00125,2.4514522356522406e-11,1.073572277076453,4,1.0643128631020182e-12,5.963111948670274e-19,1.1102230246251565e-16,2.029149360710525e-05,0.9774839927275237,1.0218792423941934,0.4884480564280502,2.2390288408058456e-12,0.000787415774539113,not_checked,0.001,not_checked,not_checked,,,
circle_uniform_direct_n800,670,2026592271,True,ok,0.001633342627212821,0.004984680385798107,0.002018526123730196,2.612483852425645,2.6251700838759904,0.2700950267156159,0.2702119219004482,0.2691234609753069,0.2707189444090156,0.2707189444090153,800.0000000000005,800.0000000000005,0.00125,5.273559366969494e-16,1.1978555613830761,6,1.951563910473908e-18,8.673617379884035e-19,8.881784197001252e-16,0.0004321755574352437,0.9574807925528389,1.0395766790951642,0.4763535507267438,7.112366251504909e-17,0.001004540827125311,not_checked,0.001,not_checked,not_checked,,,
circle_uniform_direct_n800,671,2026592272,True,ok,0.00043739179632671125,0.0016740952572032856,0.0010263457627511278,0.6997532687592107,0.7277802893226566,0.7043513093617368,0.7043772671486632,0.6949675364436441,0.7047490922308179,0.7047490922308179,800.0000000000005,800.0000000000005,0.00125,1.3159433612242033e-10,1.1104706914142233,4,-1.3022034622486856e-12,-3.2526065174565133e-19,-4.440892098500626e-16,3.6802681763814515e-05,0.9460545591215637,1.0530883627195737,0.4722354397969538,5.882149801961223e-12,0.0007704580202698708,not_checked,0.001,not_checked,not_checked,,,
circle_uniform_direct_n800,672,2026592273,True,ok,0.0017550750737460822,0.0026942005686316876,0.0021111690011621454,2.807018083777377,2.766766390812483,0.2450099941779365,0.24514525192811443,0.25072885181787896,0.24559779543363133,0.2455977954336312,800.0000000000005,800.0000000000005,0.00125,9.367506770274758e-16,1.1603506824735308,6,3.469446951953614e-18,1.734723475976807e-18,2.220446049250313e-15,0.0005510171081781756,0.9808024799032794,1.0158815065446758,0.48908001796792877,3.469446951953614e-17,0.0010043748188763857,not_checked,0.001,not_checked,not_checked,,,
circle_uniform_direct_n800,673,2026592274,True,ok,0.00010174083386755694,0.0009862625378035928,0.0005103966159962255,0.16278044935028207,0.15901720703915234,0.921787402324433,0.9217896550000184,0.9235700739812133,0.9218316474136821,0.9218316474136821,800.0000000000005,800.0000000000005,0.00125,1.0933982885763527e-11,1.0777411478148489,4,9.722404088405301e-14,5.963111948670274e-19,6.661338147750939e-16,2.4424189045552103e-06,0.9682997476944069,1.0314791450288574,0.4836723943342573,7.090044697177778e-13,0.000778124900534749,not_checked,0.001,not_checked,not_checked,,,
circle_uniform_direct_n800,674,2026592275,True,ok,0.00018119026431127113,0.001297332747696136,0.0006884008190949377,0.2898909093285657,0.27721630002816955,0.8648982835674439,0.8649041347060392,0.8705690941178689,0.8650636322604583,0.8650636322604582,800.0000000000005,800.0000000000005,0.00125,2.8615158853551037e-11,1.0909777292003517,4,1.0313099116018853e-13,-7.047314121155779e-19,-4.996003610813204e-16,6.756784734135435e-06,0.9504044086605362,1.0492276322633685,0.47458567576474625,2.122087661843297e-12,0.0007763749454170465,not_checked,0.001,not_checked,not_checked,,,
circle_uniform_direct_n800,675,2026592276,True,ok,0.0018047679628634492,0.0004316665406160266,0.0021530080920666105,2.8863499351793114,2.815771644538435,0.23533828215566227,0.23548901952452123,0.24465999145993475,0.23602574986979824,0.236025749869798,800.0000000000005,800.0000000000005,0.00125,6.260617024800297e-13,1.1054710571151598,5,0.0,1.3010426069826053e-18,2.220446049250313e-15,0.0006394027011045189,0.957479697055788,1.0389474143324358,0.47853319618097373,2.6026706831383528e-14,0.0008899159729480743,not_checked,0.001,not_checked,not_checked,,,
circle_uniform_direct_n800,676,2026592277,True,ok,0.0008027824246326057,0.0012653800772773282,0.0014416434773176592,1.2841769736583648,1.2409520559714233,0.5256937958442034,0.5257661353010692,0.5376884219277671,0.5261200082471809,0.5261200082471806,800.0000000000005,800.0000000000005,0.00125,2.5899504763060577e-11,1.11315377229016,5,1.951563910473908e-18,-1.4094628242311558e-18,-3.1086244689504383e-15,0.00013745287690247743,0.9635071142004537,1.0348361615958552,0.481143956822602,1.920683230516307e-12,0.0011378750205039978,not_checked,0.001,not_checked,not_checked,,,
circle_uniform_direct_n800,677,2026592278,True,ok,0.002262277441303445,0.0016092113847274141,0.0023659453353093267,3.6174610836600536,3.6623054764957548,0.16299006415267336,0.16316845348873404,0.160228759458392,0.16368327751793302,0.16368327751793285,800.0000000000005,800.0000000000005,0.00125,6.253388779020597e-11,1.1570693271730472,5,1.474514954580286e-17,-6.938893903907228e-18,-1.0658141036401503e-14,0.0010914112127304865,0.984280925674814,1.0110566863397141,0.49134850180436557,5.022147194638782e-12,0.0009268331341445446,not_checked,0.001,not_checked,not_checked,,,
circle_uniform_direct_n800,678,2026592279,True,ok,0.001994137803519588,0.00044426796116179895,0.0022445454228069523,3.189010270260166,3.1613145177518507,0.2021825106598615,0.20234566074632476,0.20583976372313528,0.20284558735336244,0.2028455873533622,800.0000000000005,800.0000000000005,0.00125,5.890288257148768e-13,1.1133286123672717,5,-1.691355389077387e-17,-1.3010426069826053e-18,-2.220446049250313e-15,0.000805107685588391,0.9771291032446241,1.0188620254306755,0.48834750047084957,2.9210358090669963e-14,0.0009314580820500851,not_checked,0.001,not_checked,not_checked,,,
circle_uniform_direct_n800,679,2026592280,True,ok,0.001333075456195436,0.0012879637480412978,0.0018185701927621106,2.1322491972863866,2.150768718506365,0.3437448066445493,0.34386039334154794,0.3411665995577298,0.3442247937044194,0.3442247937044194,800.0000000000005,800.0000000000005,0.00125,2.174130320220513e-11,1.1210492429063086,5,6.505213034913027e-19,-2.168404344971009e-18,-3.552713678800501e-15,0.00033576631315601624,0.9913504802119026,1.006061356896849,0.49503682000463456,2.0614846635291784e-12,0.0008968338370323181,not_checked,0.001,not_checked,not_checked,,,
circle_uniform_direct_n800,680,2026592281,True,ok,0.0009714529033458107,0.0004258587612282951,0.0015946927918695137,1.5539488810015105,1.4861977291585424,0.4590384578205673,0.4591248230186601,0.4756376925967569,0.45970866703257474,0.4597086670325744,800.0000000000005,800.0000000000005,0.00125,5.933968594273864e-13,1.086183445490435,5,9.974659986866641e-18,-1.1926223897340549e-18,-1.3322676295501878e-15,0.00018788217589371659,0.9446188536256672,1.0534442417256398,0.47210828615997247,2.465855210992407e-14,0.0009125838987529278,not_checked,0.001,not_checked,not_checked,,,
circle_uniform_direct_n800,681,2026592282,True,ok,0.00031664995052610375,0.00016818162384042772,0.0008834548318531146,0.5065997967551953,0.514153532193306,0.7761062850365361,0.7761218638496239,0.773308847585087,0.7762194825745506,0.7762194825745505,800.0000000000005,800.0000000000005,0.00125,9.199575996821086e-12,1.0505054122844313,4,2.4753365589907927e-14,-4.87890977618477e-19,-2.220446049250313e-16,2.0062043285473674e-05,0.9753452639917987,1.0240214611583291,0.4875906147473038,4.1211934038998255e-14,0.000786792254075408,not_checked,0.001,not_checked,not_checked,,,
circle_uniform_direct_n800,682,2026592283,True,ok,0.0008399960697979061,0.0005527957974294055,0.0014484116654926373,1.343719252245398,1.3461497977690613,0.510376438090298,0.5104465424689475,0.5101375422770151,0.5106877890486379,0.5106877890486377,800.0000000000005,800.0000000000005,0.00125,1.7626757345401423e-10,1.0865037400047932,4,-7.185283834934553e-12,-4.336808689942018e-19,-4.440892098500626e-16,0.00013722971562624142,0.9837417879663299,1.0146029681405593,0.4915989959859393,1.4491573305935868e-11,0.0007871249690651894,not_checked,0.001,not_checked,not_checked,,,
circle_uniform_direct_n800,683,2026592284,True,ok,0.003962641612862736,0.010123133253525034,0.003201287571678064,6.331862416515887,6.145379287110573,0.041454177137791884,0.04162840221810575,0.046296466256554245,0.041998839573191483,0.041998839573191435,800.0000000000005,800.0000000000005,0.00125,1.1560197243909442e-14,1.3435113793442126,6,9.558326352632207e-16,-2.6020852139652106e-18,-7.993605777301127e-15,0.004182082032246903,0.9558245893395841,1.035040588438303,0.47307529145958455,3.344546861683284e-15,0.0010074579622596502,not_checked,0.001,not_checked,not_checked,,,
circle_uniform_direct_n800,684,2026592285,True,ok,0.0036666236823680956,0.00045750078212826407,0.0029557058665215068,5.861283556352415,6.167544949553727,0.052732582849534256,0.05287310802861675,0.04578620313781055,0.053221174447337156,0.053221174447337045,800.0000000000005,800.0000000000005,0.00125,6.836788080111234e-13,1.1423459857412388,5,1.2576745200831851e-17,1.734723475976807e-18,2.6645352591003757e-15,0.0026571677182705145,0.9501699096396745,1.04255046972426,0.4748676015547081,3.285100056565904e-14,0.0009020420257002115,not_checked,0.001,not_checked,not_checked,,,
circle_uniform_direct_n800,685,2026592286,True,ok,7.636020514841056e-05,0.0006912424529069412,0.0004457481343151684,0.12217435253235305,0.11745513805571144,0.9406739221456617,0.9406748524347266,0.9429636266650498,0.9407402965805562,0.9407402965805561,800.0000000000005,800.0000000000005,0.00125,2.556812400689168e-12,1.0631115188716938,4,-3.350439500490743e-14,-2.168404344971009e-19,-3.3306690738754696e-16,9.878525519535497e-07,0.9526689143368909,1.0471903463492536,0.4760051998533635,1.7111312367035225e-13,0.000783249968662858,not_checked,0.001,not_checked,not_checked,,,
circle_uniform_direct_n800,686,2026592287,True,ok,0.00045539060062108885,0.0017119319543096654,0.0010559927387014754,0.7285290450769206,0.7440765606746892,0.6945019542748199,0.6945352832223375,0.6893278543163466,0.6946740887195717,0.6946740887195715,800.0000000000005,800.0000000000005,0.00125,1.667822754902737e-10,1.1159764566371921,4,7.793432349120777e-12,-7.589415207398531e-19,-1.2212453270876722e-15,4.7957958410949075e-05,0.9780160670210724,1.0210023400788149,0.4881708281452041,1.7878899749579347e-11,0.0007799998857080936,not_checked,0.001,not_checked,not_checked,,,
circle_uniform_direct_n800,687,2026592288,True,ok,0.0005891297737668979,0.0007234087859248008,0.001188654168580589,0.9424611979438582,0.982950409297572,0.6238126336211944,0.6238583597011913,0.6117233111596606,0.6241879094454534,0.6241879094454532,800.0000000000005,800.0000000000005,0.00125,1.250512783601554e-10,1.0887532869813858,4,6.010497221459188e-12,-8.673617379884035e-19,-7.771561172376096e-16,7.322004158943907e-05,0.957555642940559,1.041234335741964,0.4784314612353407,1.2397490152527002e-11,0.0007841659244149923,not_checked,0.001,not_checked,not_checked,,,
circle_uniform_direct_n800,688,2026592289,True,ok,0.0006335528187201372,0.0012537439891501865,0.0012644117129872595,1.0135152815367499,1.0046066216637193,0.602183294687145,0.6022342846863453,0.6051352387353086,0.6023947877688043,0.6023947877688042,800.0000000000005,800.0000000000005,0.00125,1.86820628411688e-10,1.1072386048971987,4,7.666058543173704e-12,1.0842021724855044e-19,4.440892098500626e-16,8.461420773508976e-05,0.9887798904717274,1.0099188753993429,0.4937701054867016,1.6921350605436647e-11,0.0007807917427271605,not_checked,0.001,not_checked,not_checked,,,
circle_uniform_direct_n800,689,2026592290,True,ok,0.00317799752664552,0.002459347363012087,0.0027454568845133123,5.0805305123622375,5.371608479791534,0.0781141816057707,0.07828109296290486,0.06816634984725191,0.07867750306253926,0.07867750306253912,800.0000000000005,800.0000000000005,0.00125,4.2327252813834093e-16,1.191912486456375,6,3.209238430557093e-17,8.673617379884035e-19,1.7763568394002505e-15,0.0021327651352986976,0.9406267568109643,1.0528646534957102,0.46915679911002095,4.5102810375396984e-17,0.0010032090358436108,not_checked,0.001,not_checked,not_checked,,,
circle_uniform_direct_n800,690,2026592291,True,ok,0.0013217421574252186,0.0005275802887037577,0.0018194004322588018,2.1140727542189524,2.11310239355708,0.34683588511765584,0.34696001309838864,0.347652731030429,0.3473599468233496,0.34735994682334925,800.0000000000005,800.0000000000005,0.00125,1.2523836134814559e-12,1.1013621890126537,5,5.854691731421724e-18,6.505213034913027e-19,2.220446049250313e-15,0.00035734883069937773,0.9791080408036621,1.0182204593445605,0.48929573580955216,5.808157774178646e-14,0.0008995421230792999,not_checked,0.001,not_checked,not_checked,,,
circle_uniform_direct_n800,691,2026592292,True,ok,0.0001352883110351268,0.0009157527537152882,0.0005928011293514834,0.21645419966978863,0.20838524483992585,0.8973291119490878,0.8973322994213457,0.9010517179416702,0.8974205835518033,0.8974205835518032,800.0000000000005,800.0000000000005,0.00125,7.908573101955696e-12,1.0757811103328705,4,-3.312012664992425e-14,1.0842021724855044e-18,1.8041124150158794e-15,3.548993207189155e-06,0.9585467690078681,1.041187166758337,0.4788344718945579,5.27007690959147e-13,0.0007831251714378595,not_checked,0.001,not_checked,not_checked,,,
circle_uniform_direct_n800,692,2026592293,True,ok,9.690320758475707e-05,0.0004956772854762133,0.0004920964803748207,0.15504101652332375,0.15518198863926225,0.9253845761291362,0.9253864809502972,0.9253428196253197,0.9254061413832798,0.9254061413832797,800.0000000000005,800.0000000000005,0.00125,2.025247157477761e-12,1.0577935827124243,4,4.4612615468161976e-14,-2.574980159653073e-19,-4.996003610813204e-16,2.0578061438319972e-06,0.9795485435338449,1.020248570875253,0.48953149849522143,9.832000665010998e-14,0.0007824162021279335,not_checked,0.001,not_checked,not_checked,,,
circle_uniform_direct_n800,693,2026592294,True,ok,0.001238890358778502,0.0034086406492354155,0.0017494318896350968,1.9815567088178505,2.0108199373302282,0.370501445543712,0.3706253492003643,0.36589459873085844,0.37116362085952376,0.37116362085952354,800.0000000000005,800.0000000000005,0.00125,3.7990444123892075e-16,1.1739818938121933,6,-9.540979117872439e-18,8.673617379884035e-19,1.3322676295501878e-15,0.0003339326138769305,0.953724326852441,1.043699414211083,0.4752369195705315,1.214306433183765e-17,0.000994168221950531,not_checked,0.001,not_checked,not_checked,,,
circle_uniform_direct_n800,694,2026592295,True,ok,0.0017257397642468052,0.002099365882104131,0.0020747246992095076,2.7600840381013834,2.775091647298161,0.25075029997004805,0.2508883753755733,0.24968733005586968,0.2514297100525415,0.2514297100525414,800.0000000000005,800.0000000000005,0.00125,1.5464522717945073e-10,1.14813410332136,5,5.204170427930421e-18,0.0,8.881784197001252e-16,0.0005497923467532306,0.9542107576890467,1.0424783738239634,0.47610384315777404,1.4541298720693874e-11,0.0008861660026013851,not_checked,0.001,not_checked,not_checked,,,
circle_uniform_direct_n800,695,2026592296,True,ok,0.002385256048147849,0.0003546920153473566,0.00244646906160735,3.8141185926275947,3.806923997169481,0.14766944461589454,0.1478391071431956,0.14905170816352573,0.14834645354679585,0.1483464535467957,800.0000000000005,800.0000000000005,0.00125,3.146961857769526e-13,1.1178351833853386,5,1.431146867680866e-17,1.734723475976807e-18,1.7763568394002505e-15,0.001145542204483041,0.9927267165679262,1.0024916014054936,0.4961872997059979,1.1860521245687927e-14,0.0008900831453502178,not_checked,0.001,not_checked,not_checked,,,
circle_uniform_direct_n800,696,2026592297,True,ok,0.0004084695428818227,0.0025263723230340455,0.0010035381967197382,0.6534931619283493,0.6639136368362888,0.7209844055345622,0.72100537308157,0.7175183057609462,0.7212455476324569,0.7212455476324566,800.0000000000005,800.0000000000005,0.00125,1.5895233393403707e-10,1.1286242333393957,5,-4.093037107161246e-12,5.421010862427522e-19,5.551115123125783e-16,2.90533412836691e-05,0.957991416590105,1.0412451228387902,0.4777857138306724,4.479190456041504e-12,0.0008910840842872858,not_checked,0.001,not_checked,not_checked,,,
circle_uniform_direct_n800,697,2026592298,True,ok,0.0007248839562174808,0.0004916552259874726,0.001378120701855058,1.1596086336408225,1.1075191903416948,0.5594018725029439,0.5594594832093125,0.5747847850191444,0.5599503471576007,0.5599503471576004,800.0000000000005,800.0000000000005,0.00125,1.3853901532911994e-10,1.0810323060239506,4,-3.5058827585823793e-12,3.577867169202165e-18,3.9968028886505635e-15,0.00010284815357375354,0.9470160441137753,1.051550722560117,0.4732752200512676,7.087761367402523e-12,0.0007750832010060549,not_checked,0.001,not_checked,not_checked,,,
circle_uniform_direct_n800,698,2026592299,True,ok,0.0029076620693574,0.0007148320241699598,0.002685974446907966,4.648795566477435,4.695451681416781,0.09700879875747537,0.09717742921373707,0.09558629368412849,0.09767304481563667,0.09767304481563654,800.0000000000005,800.0000000000005,0.00125,3.641146412158847e-12,1.1420142903941044,5,4.7704895589362195e-18,-4.336808689942018e-18,-5.329070518200751e-15,0.0017318722472037251,0.9844742005674566,1.00964929210933,0.49188522302563065,1.9572147721969024e-13,0.0008937488310039043,not_checked,0.001,not_checked,not_checked,,,
circle_uniform_direct_n800,699,2026592300,True,ok,0.0074768287571062506,0.0015000921072524172,0.004379085555983299,11.93973829109246,11.715433947975216,0.002436599669655092,0.0024651130719806607,0.0028577605824701108,0.0025251293099997694,0.0025251293099997603,800.0000000000005,800.0000000000005,0.00125,4.154988159088546e-11,1.2339518215744683,5,1.371298907759666e-15,1.214306433183765e-17,2.4868995751603507e-14,0.011593860138773948,0.9519300498779115,1.032895575629006,0.47525104261941314,3.792720477957534e-12,0.0008937488310039043,not_checked,0.001,not_checked,not_checked,,,
circle_uniform_direct_n800,700,2026592301,True,ok,0.00022603336638636964,0.0013666985224393994,0.0007420463838441407,0.3616303008630043,0.37202953169561215,0.8343436218957425,0.8343532663231186,0.8302613353789037,0.8345799846254388,0.8345799846254387,800.0000000000005,800.0000000000005,0.00125,3.4336644638699454e-11,1.0963236211350986,4,7.86483562737611e-13,-7.589415207398531e-19,-4.440892098500626e-16,1.1542677593678885e-05,0.9458325576229322,1.0536868075531687,0.47226991295666654,2.613497526032793e-12,0.0007735411636531353,not_checked,0.001,not_checked,not_checked,,,
circle_uniform_direct_n800,701,2026592302,True,ok,0.0007143049233346773,4.463574381273426e-05,0.0013244692487438343,1.142683798516562,1.1642258570643889,0.5644068856377094,0.5644645291883119,0.5587165902756444,0.5647094439159938,0.5647094439159935,800.0000000000005,800.0000000000005,0.00125,3.6430152297595164e-11,1.0582460043303732,4,2.0803877284064631e-13,-5.421010862427522e-19,2.220446049250313e-16,0.00010203940946107437,0.9743122470209831,1.0242595290738015,0.4871343789660645,1.9205644019582024e-13,0.0007773749530315399,not_checked,0.001,not_checked,not_checked,,,
circle_uniform_direct_n800,702,2026592303,True,ok,0.00016091726092068025,0.000614378906398727,0.0006628766701360211,0.2574573551606469,0.2359001074319234,0.8787004144068706,0.87870494203802,0.8887404407885879,0.8792079718798557,0.8792079718798556,800.0000000000005,800.0000000000005,0.00125,5.611055023391209e-12,1.0658541356102942,4,-1.364883141403983e-14,1.3010426069826053e-18,1.7208456881689926e-15,5.131156220833377e-06,0.9040065781818545,1.0956734358958846,0.45172558153134496,1.0678957718113224e-13,0.0007681252900511026,not_checked,0.001,not_checked,not_checked,,,
circle_uniform_direct_n800,703,2026592304,True,ok,0.0005402561893213583,0.0030004022688157224,0.001154855121151154,0.8642626375581838,0.8756490398342067,0.6488824396707324,0.6489302523483356,0.6454390346155892,0.6490763339115624,0.6490763339115622,800.0000000000005,800.0000000000005,0.00125,6.002143226879753e-16,1.1501965826591154,6,2.168404344971009e-18,-2.6020852139652106e-18,-2.9976021664879227e-15,7.363267799498363e-05,0.9850557070463108,1.0137238580368966,0.4910498905318835,2.949029909160572e-17,0.000997958006337285,not_checked,0.001,not_checked,not_checked,,,
circle_uniform_direct_n800,704,2026592305,True,ok,0.0019876459444123007,0.000347731470323594,0.0022462727396789102,3.178628566184724,3.1349673903018536,0.20324421016346084,0.20340768842767598,0.20856934666022586,0.2039018036812553,0.20390180368125516,800.0000000000005,800.0000000000005,0.00125,2.6456961621512676e-13,1.1100200428413176,5,-1.3010426069826053e-17,8.673617379884035e-19,8.881784197001252e-16,0.0008024724374795511,0.9820342422388854,1.0139629855594032,0.49084638087753535,1.0965078671432149e-14,0.000894209137186408,not_checked,0.001,not_checked,not_checked,,,
circle_uniform_direct_n800,705,2026592306,True,ok,0.004647790443224213,0.0007579863064084078,0.0034036671273463457,7.427765902866822,7.4873698383817535,0.02391615144091858,0.024020674046327482,0.02366673225698485,0.024276842790663486,0.024276842790663434,800.0000000000005,800.0000000000005,0.00125,4.4093236006848e-12,1.1701825651780533,5,3.729655473350135e-17,2.6020852139652106e-18,6.217248937900877e-15,0.004349403145961439,0.9568959352279717,1.0337967890858295,0.4780853160479465,2.47424043059441e-13,0.0008929998148232698,not_checked,0.001,not_checked,not_checked,,,
circle_uniform_direct_n800,706,2026592307,True,ok,0.0009083798608500492,0.0007027799761841584,0.0014996070697936943,1.453085852715342,1.4683475068724545,0.48317437541151353,0.48325222532525125,0.47990181243297503,0.4835000364601314,0.4835000364601313,800.0000000000005,800.0000000000005,0.00125,3.433191231305699e-12,1.0942190295284993,5,2.6020852139652106e-18,-2.3852447794681098e-18,-3.1086244689504383e-15,0.00016096232236872954,0.9893993132106234,1.0088080489496698,0.4943519972856628,1.8282532605884416e-13,0.0008993749506771564,not_checked,0.001,not_checked,not_checked,,,
circle_uniform_direct_n800,707,2026592308,True,ok,0.0017795152312617786,0.0025046581560991396,0.002082214771822777,2.8458336840146137,2.9253080502204796,0.24015817545517987,0.24032550394341734,0.2316207310206641,0.24084247617943758,0.24084247617943738,800.0000000000005,800.0000000000005,0.00125,2.8796409701215e-16,1.1688917683580724,6,3.2526065174565133e-18,3.686287386450715e-18,6.661338147750939e-15,0.0006953430021168217,0.9676016329961706,1.028676856465345,0.4825891100558076,3.2959746043559335e-17,0.0010017920285463333,not_checked,0.001,not_checked,not_checked,,,
circle_uniform_direct_n800,708,2026592309,True,ok,0.001685574513183783,0.00020844384151633822,0.0020730671659830516,2.6957923147229894,2.6467180366665732,0.25902734035946073,0.25917356534698477,0.26623949494746063,0.25963989932976156,0.2596398993297613,800.0000000000005,800.0000000000005,0.00125,4.812469867054858e-14,1.094660450939194,5,6.505213034913027e-19,8.673617379884035e-19,8.881784197001252e-16,0.0005634531855325253,0.9773884339354678,1.019256833364106,0.48859235194242034,1.4228527210613517e-15,0.0008926659356802702,not_checked,0.001,not_checked,not_checked,,,
circle_uniform_direct_n800,709,2026592310,True,ok,0.00114972711038189,0.0008862050538736791,0.001718136511331786,1.8390167405083653,1.792795297120595,0.3980690366638481,0.39817798293876905,0.40803690772445045,0.3986060519490583,0.39860605194905807,800.0000000000005,800.0000000000005,0.00125,6.552754866495647e-12,1.109866164452008,5,-1.734723475976807e-18,-3.2526065174565133e-18,-5.10702591327572e-15,0.00027331805132979614,0.9657385382079479,1.0319258529640778,0.48244133598965616,4.622101312801163e-13,0.0008969579357653856,not_checked,0.001,not_checked,not_checked,,,
circle_uniform_direct_n800,710,2026592311,True,ok,7.461067524856207e-05,3.277546374956662e-05,0.00043226558971529383,0.119374837223158,0.11917622569048825,0.9420528641914547,0.9420539208807166,0.9421525141950665,0.9420579010623259,0.9420579010623259,800.0000000000005,800.0000000000005,0.00125,1.1941229255407748e-13,1.0233668122826087,4,1.588342630164108e-15,2.574980159653073e-19,2.498001805406602e-16,1.121587270683233e-06,0.9944228133553649,1.005427424124375,0.49719511033885205,3.1439423547191536e-15,0.0007777910213917494,not_checked,0.001,not_checked,not_checked,,,
circle_uniform_direct_n800,711,2026592312,True,ok,7.854366993762036e-05,2.4595463048568792e-05,0.00044018492269885096,0.12566740111391947,0.12775708244197984,0.9389996090990453,0.9390007710167869,0.938118935391793,0.9390984722935278,0.9390984722935277,800.0000000000005,800.0000000000005,0.00125,1.3592588426342145e-13,1.022435377125308,4,3.610799810191412e-16,1.8973538018496328e-19,2.7755575615628914e-16,1.2353931365949311e-06,0.9425728712550795,1.0572699516033555,0.47127484411694087,6.793068711707928e-16,0.0007762077730149031,not_checked,0.001,not_checked,not_checked,,,
circle_uniform_direct_n800,712,2026592313,True,ok,0.0023047338369366808,0.0004190316512552285,0.0023552739348612337,3.6854842778389236,3.835648352489659,0.15753400813625773,0.15769897639613353,0.1469263003270594,0.15821711090379015,0.15821711090378995,800.0000000000005,800.0000000000005,0.00125,5.59319951465298e-13,1.1155755110802228,5,-1.1709383462843448e-17,3.0357660829594124e-18,6.217248937900877e-15,0.0010449306298838668,0.9587116604077561,1.036721200842984,0.4791549614603367,2.311692504086693e-14,0.0008942917920649052,not_checked,0.001,not_checked,not_checked,,,
circle_uniform_direct_n800,713,2026592314,True,ok,0.0004726336051178591,0.0015417719615446594,0.001103359619891801,0.7561366347717263,0.7341845961952905,0.6849374162176841,0.6849638524080195,0.6927457029830346,0.6851572643383976,0.6851572643383974,800.0000000000005,800.0000000000005,0.00125,1.4522322927534859e-10,1.1058119839548919,4,-6.910269665511004e-12,1.6263032587282567e-19,-1.2212453270876722e-15,3.856670842433685e-05,0.9678290475559341,1.0312917737636307,0.4831684762977463,1.1774425184851722e-11,0.0007767078932374716,not_checked,0.001,not_checked,not_checked,,,
circle_uniform_direct_n800,714,2026592315,True,ok,0.0005902913261625401,0.0002608737465536366,0.0012043448420561696,0.9443249681248345,0.964123643720489,0.6230619026209065,0.6231059423233223,0.6175088850366236,0.6236081572829383,0.6236081572829382,800.0000000000005,800.0000000000005,0.00125,6.622476698969759e-11,1.067479066603971,4,1.5083580001337693e-12,3.2526065174565133e-19,8.881784197001252e-16,7.057686761507975e-05,0.9420245490129483,1.0567879092739594,0.47088940110298905,2.9058632670247997e-12,0.0008122918661683798,not_checked,0.001,not_checked,not_checked,,,
circle_uniform_direct_n800,715,2026592316,True,ok,0.00024957178258961906,0.001145853595851004,0.0007990822623543736,0.39928657212629526,0.3907289935082622,0.8188332756667802,0.8188448656049425,0.8225347921473655,0.8190112769356241,0.8190112769356241,800.0000000000005,800.0000000000005,0.00125,3.6193933267147926e-11,1.0909676700407338,4,1.0939215570708594e-12,-1.6263032587282567e-19,0.0,1.4140008547741667e-05,0.9570266964270087,1.042441139143029,0.4779650678749968,2.5013480869917615e-12,0.0008039581589400768,not_checked,0.001,not_checked,not_checked,,,
circle_uniform_direct_n800,716,2026592317,True,ok,0.0001320792547779348,0.00010412856802680852,0.0005713493867517153,0.21131979460782013,0.21383319327553404,0.8996961342527698,0.8996992900636682,0.898600616177699,0.8997274419313209,0.8997274419313208,800.0000000000005,800.0000000000005,0.00125,1.0209762722757088e-12,1.0356251151807092,4,6.494289698025235e-15,-4.87890977618477e-19,-7.771561172376096e-16,3.5065184378485492e-06,0.9794832110728263,1.0202520151248324,0.4896906096441654,1.2957842264460506e-14,0.0008117081597447395,not_checked,0.001,not_checked,not_checked,,,
circle_uniform_direct_n800,717,2026592318,True,ok,0.00011986381799760281,0.001039248004333373,0.0005572968541200287,0.19177744099954508,0.1852300936027022,0.9084570307396584,0.9084591534487728,0.9115443346717428,0.9085629946192983,0.9085629946192983,800.0000000000005,800.0000000000005,0.00125,1.1227553609050034e-11,1.0779225641085879,4,-1.5869033517801334e-13,-3.2526065174565133e-19,-5.551115123125783e-16,2.3338983097670463e-06,0.9516912452745528,1.0480923435212155,0.4753511157672665,8.740391223283073e-13,0.0009599998593330383,not_checked,0.001,not_checked,not_checked,,,
circle_uniform_direct_n800,718,2026592319,True,ok,0.002180843796605488,0.0024531095371266593,0.002297080370002262,3.4872378375310524,3.609880364040298,0.17398325072342324,0.1741674477966787,0.1644842954011508,0.17470175129901439,0.1747017512990142,800.0000000000005,800.0000000000005,0.00125,4.371503159461554e-16,1.1772938408193898,6,1.3010426069826053e-17,4.336808689942018e-19,-2.6645352591003757e-15,0.0010561185188653344,0.9659907711235434,1.0294224810370212,0.4818104243491097,1.734723475976807e-17,0.0011015830095857382,not_checked,0.001,not_checked,not_checked,,,
circle_uniform_direct_n800,719,2026592320,True,ok,0.0005843870158698363,0.00022504371375889912,0.0011952569585782814,0.9348842275960073,0.9568802070041749,0.6262858449896843,0.6263281550817974,0.6197493830793106,0.6265607057476676,0.6265607057476674,800.0000000000005,800.0000000000005,0.00125,5.2287675491452523e-11,1.0641526293148431,4,-1.0013097122285597e-12,-2.168404344971009e-19,-1.5543122344752192e-15,6.749889786561436e-05,0.968904978246274,1.0299335175242188,0.48434346693975655,2.1091327469247023e-12,0.0008336659520864487,not_checked,0.001,not_checked,not_checked,,,
circle_uniform_direct_n800,720,2026592321,True,ok,0.0008642371050986523,0.00510494613099775,0.0014809435357386806,1.3824165764354481,1.363417813909032,0.5004882951938536,0.5005791838384548,0.505751970395605,0.5008795208915595,0.5008795208915593,800.0000000000005,800.0000000000005,0.00125,4.85722573273506e-16,1.1976111944721275,6,-7.806255641895632e-18,-1.951563910473908e-18,-3.774758283725532e-15,0.00018139586119825246,0.9755347273952962,1.022569536859871,0.48527761333835867,7.28583859910259e-17,0.0010297917760908604,not_checked,0.001,not_checked,not_checked,,,
circle_uniform_direct_n800,721,2026592322,True,ok,0.00015381814637199678,0.0002527359141703728,0.0006255220369479314,0.24609918746153747,0.2420683987239835,0.884145097009249,0.8841494526656362,0.8860036583148996,0.8842154563864695,0.8842154563864695,800.0000000000005,800.0000000000005,0.00125,2.8967314658068233e-12,1.0482462534900177,4,7.593028311138339e-14,-2.981555974335137e-19,-3.885780586188048e-16,4.923366828765707e-06,0.9675561193963428,1.0321300481330458,0.4836557918222423,1.5626475807772877e-13,0.000797332962974906,not_checked,0.001,not_checked,not_checked,,,
circle_uniform_direct_n800,722,2026592323,True,ok,0.00017039663791829085,0.0014574001253549731,0.0006472098266692477,0.27262230471762633,0.2776418361004202,0.8724594723463704,0.8724648494640068,0.8703838845454392,0.8725657144377259,0.8725657144377258,800.0000000000005,800.0000000000005,0.00125,3.3140924032837304e-11,1.0953759846468607,4,1.6549161672117785e-13,5.963111948670274e-19,1.2212453270876722e-15,6.157975819598427e-06,0.9606188005993884,1.0390292819556302,0.47960939392387525,3.3792231166063225e-12,0.0007850001566112041,not_checked,0.001,not_checked,not_checked,,,
circle_uniform_direct_n800,723,2026592324,True,ok,0.00045135818252836667,0.0002625573588664437,0.0010361436409211872,0.7220895663762615,0.7592168397158816,0.6965611232086342,0.6965902493313683,0.6841292481969155,0.6969186803168401,0.6969186803168401,800.0000000000005,800.0000000000005,0.00125,2.981210764363418e-11,1.0627863794470265,4,1.2291920411210133e-12,-1.1384122811097797e-18,-2.1094237467877974e-15,4.176283456275298e-05,0.951094153129026,1.0479922726403994,0.47542221688442005,2.4395780534591793e-12,0.00078354193829,not_checked,0.001,not_checked,not_checked,,,
circle_uniform_direct_n800,724,2026592325,True,ok,4.617678096773426e-05,0.0010280424809365968,0.00033612805954654423,0.07388206534398464,0.07557006260522321,0.9637050675340124,0.9637054456918368,0.9629199162838801,0.9637325845495379,0.9637325845495379,800.0000000000005,800.0000000000005,0.00125,1.0218877827261608e-11,1.0736389825661192,4,-3.777665300800509e-15,-4.0657581468206416e-20,-2.220446049250313e-16,3.921021951083792e-07,0.9614505900613389,1.0384605863974008,0.48023110824489695,8.36962877476255e-13,0.0007855829317122698,not_checked,0.001,not_checked,not_checked,,,
circle_uniform_direct_n800,725,2026592326,True,ok,0.001575804826839626,0.00019108243783617007,0.0019921537493559054,2.5202906442081874,2.50562135924822,0.282880355658926,0.2830216332142138,0.2857006542884046,0.28347145138366314,0.2834714513836629,800.0000000000005,800.0000000000005,0.00125,2.6527391394637334e-14,1.0925281560008866,5,-6.7220534694101275e-18,-1.951563910473908e-18,-1.7763568394002505e-15,0.0004985393676077976,0.9782393077916229,1.0186049476834884,0.48902619195339003,9.925870889104793e-16,0.0010929580312222242,not_checked,0.001,not_checked,not_checked,,,
circle_uniform_direct_n800,726,2026592327,True,ok,0.0026103257787003795,0.0006913475424434473,0.002529764454959454,4.173722380561712,4.26436917870239,0.12322146457967462,0.12339444485717463,0.11857796653072267,0.12390246159366929,0.12390246159366919,800.0000000000005,800.0000000000005,0.00125,3.2550490081106886e-12,1.1358815391685766,5,-7.806255641895632e-18,-3.469446951953614e-18,-4.440892098500626e-15,0.0013994326794488643,0.9773826920443645,1.0173339454907417,0.48835348128565575,1.7121894180238684e-13,0.0009823751170188189,not_checked,0.001,not_checked,not_checked,,,
circle_uniform_direct_n800,727,2026592328,True,ok,0.0010378626911818325,7.750204858902594e-05,0.0016165636531980112,1.6601494642203427,1.6497159446617355,0.43553596286444135,0.4356298947834245,0.43829723837967793,0.435922783690184,0.43592278369018367,800.0000000000005,800.0000000000005,0.00125,1.401255266333945e-10,1.0713774163457277,4,9.81510228995064e-13,-8.673617379884035e-19,2.220446049250313e-16,0.00021542083529513256,0.9887316638891005,1.0091934346830551,0.49432751750005316,9.435000523916326e-13,0.0008331669960170984,not_checked,0.001,not_checked,not_checked,,,
circle_uniform_direct_n800,728,2026592329,True,ok,0.0015519298651630702,0.0009679963614821286,0.0019204370641252363,2.4821228937467055,2.6148018613541044,0.2881980149730615,0.28833725837931623,0.2705222495450176,0.28893778463340664,0.2889377846334064,800.0000000000005,800.0000000000005,0.00125,7.738903268217356e-12,1.119914278353818,5,-3.469446951953614e-18,-8.673617379884035e-19,-8.881784197001252e-16,0.0004824452571041693,0.9465724687895721,1.0503247588754787,0.4728281125939301,6.579372463511035e-13,0.0009535420686006546,not_checked,0.001,not_checked,not_checked,,,
circle_uniform_direct_n800,729,2026592330,True,ok,0.004451615381736559,0.0008525924364448476,0.0032813307487432808,7.114602952749363,7.381475248777548,0.028004119561047536,0.028116416476442335,0.02495358887636824,0.02840209680469167,0.028402096804691596,800.0000000000005,800.0000000000005,0.00125,5.542795389334998e-12,1.1696665025876434,5,2.0816681711721685e-17,-2.6020852139652106e-18,-1.7763568394002505e-15,0.0039908290145680425,0.9596232263848627,1.0314617502128716,0.4794025385120626,3.960133002772759e-13,0.0009580000769346952,not_checked,0.001,not_checked,not_checked,,,
circle_uniform_direct_n800,730,2026592331,True,ok,0.00014706286315877958,0.0002211281761787901,0.0006054579691156514,0.23529200346060586,0.23605216284363034,0.8889819180724339,0.8889857316317198,0.8886728744602646,0.8890068923914527,0.8890068923914527,800.0000000000005,800.0000000000005,0.00125,2.3640282439951754e-12,1.0451155369421867,4,-1.176825564080941e-14,-2.168404344971009e-19,-7.216449660063518e-16,4.28879672080551e-06,0.9858455937114704,1.0138616717152893,0.49281379838571754,2.1512305825588385e-14,0.0008260419126600027,not_checked,0.001,not_checked,not_checked,,,
circle_uniform_direct_n800,731,2026592332,True,ok,8.012072272017227e-05,0.0017673502331687764,0.00045435051072820865,0.1281899166397179,0.12450736129964164,0.9378541029852541,0.937855623653457,0.9396444869296067,0.9379144130930736,0.9379144130930734,800.0000000000005,800.0000000000005,0.00125,8.593900591158388e-11,1.0993899675335002,4,6.964777875522604e-14,-5.421010862427522e-20,1.6653345369377348e-16,1.6198562789032644e-06,0.9565164415777014,1.043302661781006,0.4774130081267427,7.305726770073795e-12,0.0008257918525487185,not_checked,0.001,not_checked,not_checked,,,
circle_uniform_direct_n800,732,2026592333,True,ok,0.000141606482260811,0.0036290052485840225,0.0005924600920534797,0.22655742379491706,0.22926121492840162,0.8927204419872342,0.8927262308898891,0.8916954687283754,0.8928959825397065,0.8928959825397064,800.0000000000005,800.0000000000005,0.00125,3.718539365316076e-11,1.1464208565655916,5,9.065940272806605e-13,2.710505431213761e-19,1.4432899320127035e-15,6.473911190338355e-06,0.942575798344247,1.0570524688429057,0.4695774873370222,2.9777942264774815e-12,0.0009298338554799557,not_checked,0.001,not_checked,not_checked,,,
circle_uniform_direct_n800,733,2026592334,True,ok,0.0005106411396453282,0.0004539993281236131,0.0011338751927258814,0.8169172303310747,0.8114858354158772,0.664489176243706,0.6645252762111349,0.6664814859904931,0.6646378908202331,0.6646378908202328,800.0000000000005,800.0000000000005,0.00125,6.853949699459072e-11,1.0748653533516377,4,2.9170284894172727e-12,1.1926223897340549e-18,1.7763568394002505e-15,5.429655072547446e-05,0.9912960061454882,1.0076623282146704,0.4954229830277395,5.897111791941523e-12,0.0008195419795811176,not_checked,0.001,not_checked,not_checked,,,
circle_uniform_direct_n800,734,2026592335,True,ok,0.0005897236787769013,0.006321366672334957,0.0012189114564125187,0.9434865204558629,0.9365092533484283,0.6237438432487914,0.623766111307618,0.6260940831053823,0.6238914132259845,0.6238914132259843,800.0000000000005,800.0000000000005,0.00125,5.134781488891349e-16,1.1952864916503252,6,2.168404344971009e-19,-2.0599841277224584e-18,-1.7763568394002505e-15,3.5682793589897344e-05,0.9869002064688526,1.0122199608579978,0.49033087858298535,4.683753385137379e-17,0.0010497078765183687,not_checked,0.001,not_checked,not_checked,,,
circle_uniform_direct_n800,735,2026592336,True,ok,0.003107974954631326,0.0010800329917685443,0.0028234308516351374,4.969020827372498,4.854108680781455,0.08259881371421127,0.0827537676475601,0.08829654144340057,0.08321064757308964,0.0832106475730895,800.0000000000005,800.0000000000005,0.00125,1.4812977233713553e-11,1.1486148975402317,5,3.0357660829594124e-18,4.336808689942018e-18,6.217248937900877e-15,0.0018695500188132819,0.969673323966617,1.0242234837703752,0.4843130397306407,1.0195191045558882e-12,0.0009395407978445292,not_checked,0.001,not_checked,not_checked,,,
circle_uniform_direct_n800,736,2026592337,True,ok,3.9038497615113965e-05,0.001351137381855339,0.00031056802836237175,0.06246073936780136,0.06336591664410991,0.9692103340760094,0.9692107498544178,0.9688136877111508,0.9692518457823404,0.9692518457823404,800.0000000000005,800.0000000000005,0.00125,3.3940350530059504e-11,1.0845925197012405,4,1.2295035595102227e-14,-4.87890977618477e-19,-7.216449660063518e-16,4.2840819050940504e-07,0.9481256699177134,1.051781333514124,0.47342232909233956,2.4965619849215415e-12,0.0008132508955895901,not_checked,0.001,not_checked,not_checked,,,
circle_uniform_direct_n800,737,2026592338,True,ok,2.999510707943874e-06,0.00304287822488111,8.83062156477519e-05,0.0047992261374763655,0.004615141005338887,0.9976013433702698,0.9976013388750792,0.9976950898914005,0.9976032681927888,0.9976032681927888,800.0000000000005,800.0000000000005,0.00125,1.0370176939389353e-14,1.1168686299409283,5,-4.8547269855406597e-17,-9.131015171401358e-19,-1.4710455076283324e-15,-4.502383082246458e-09,0.9597801753675496,1.040229715913008,0.4784300256531635,3.434752482434078e-16,0.0009335000067949295,not_checked,0.001,not_checked,not_checked,,,
circle_uniform_direct_n800,738,2026592339,True,ok,0.001504049988886631,0.0023360489116026617,0.0019512055443944192,2.4056672904020453,2.378916968151336,0.2996804012922021,0.29980236917185354,0.30438604933861424,0.30021992453695107,0.30021992453695096,800.0000000000005,800.0000000000005,0.00125,2.671474153004283e-16,1.1483969463780537,6,-1.6479873021779667e-17,4.336808689942018e-19,8.881784197001252e-16,0.0004063459082828125,0.979880701799092,1.0172731163751192,0.4887959363628173,6.938893903907228e-18,0.001055750995874405,not_checked,0.001,not_checked,not_checked,,,
circle_uniform_direct_n800,739,2026592340,True,ok,0.001968793758055386,0.00020572204103985265,0.0021892231868634797,3.1485316126970484,3.2384041343953704,0.2063367595227314,0.20649581405583312,0.19805667196463903,0.20700030620962545,0.2070003062096253,800.0000000000005,800.0000000000005,0.00125,4.17808149189014e-14,1.101187449650257,5,-5.637851296924623e-18,-8.673617379884035e-19,-2.220446049250313e-15,0.0007692000957857381,0.9714494757471345,1.0246311803976702,0.4856248132632134,1.3435975422526614e-15,0.0009473320096731186,not_checked,0.001,not_checked,not_checked,,,
circle_uniform_direct_n800,740,2026592341,True,ok,0.0005555296020999028,0.0007369614463463626,0.0011596732396560632,0.8887227879299988,0.9198465348555769,0.640721085071629,0.6407610489870517,0.6313320873833519,0.6411937012455806,0.6411937012455806,800.0000000000005,800.0000000000005,0.00125,1.1455209740843242e-10,1.086619693264408,4,1.109214716604745e-12,-1.734723475976807e-18,-3.1086244689504383e-15,6.228771492311491e-05,0.9463083563179002,1.0525762935076792,0.4728054858451162,2.481106899793195e-12,0.0009634988382458687,not_checked,0.001,not_checked,not_checked,,,
circle_uniform_direct_n800,741,2026592342,True,ok,0.0020182844489155874,0.004187014735558853,0.0022083418992505125,3.2273102761708117,3.344911888428643,0.1982227614382719,0.19841597118773818,0.18778530860388423,0.19896475925065613,0.19896475925065601,800.0000000000005,800.0000000000005,0.00125,1.6653345369377348e-16,1.210976548834933,6,-5.204170427930421e-18,-8.673617379884035e-19,-8.881784197001252e-16,0.0009724210470649641,0.9646229047101184,1.0309700371132415,0.4802916626787877,1.0408340855860843e-17,0.0011017080396413803,not_checked,0.001,not_checked,not_checked,,,
circle_uniform_direct_n800,742,2026592343,True,ok,1.0448335186453387e-05,0.0015052109655447,0.00016381490281690918,0.016717271982048303,0.016327373036439857,0.9916590900152504,0.991659121970591,0.9918695458761254,0.9916761683875297,0.9916761683875297,800.0000000000005,800.0000000000005,0.00125,4.267692449433369e-11,1.0849385470522523,4,2.7498247006253057e-16,3.7608262858090935e-19,5.585809592645319e-16,3.215813856351224e-08,0.9359569853979188,1.0640177292557111,0.46727411184175466,3.844763916960314e-12,0.0008305832743644714,not_checked,0.001,not_checked,not_checked,,,
circle_uniform_direct_n800,743,2026592344,True,ok,0.002624621929050379,0.0016814944690209024,0.002573826483021538,4.196448547882389,4.168562618956068,0.12180178580495479,0.12198178480126667,0.12439649062585989,0.12249347162920274,0.12249347162920259,800.0000000000005,800.0000000000005,0.00125,5.717038648045403e-11,1.1662798090688755,5,8.673617379884035e-18,8.673617379884035e-19,-1.7763568394002505e-15,0.0014732692991095142,0.9712236866773374,1.0233609529950933,0.4847953106532584,5.986824751225139e-12,0.0009474570397287607,not_checked,0.001,not_checked,not_checked,,,
circle_uniform_direct_n800,744,2026592345,True,ok,4.0326266728803466e-05,0.00026936243151065467,0.00031564246564084184,0.06452132188557753,0.06541882042281515,0.9682204443953628,0.9682207859941581,0.9678197572691265,0.9682538218880412,0.9682538218880412,800.0000000000005,800.0000000000005,0.00125,2.131142484707027e-13,1.0409802449106635,4,2.7839126945546078e-15,5.421010862427522e-20,-8.326672684688674e-17,3.524402540228122e-07,0.9543140133446513,1.0456020615263777,0.4770284776042928,6.060148043107727e-15,0.0008320838678628206,not_checked,0.001,not_checked,not_checked,,,
circle_uniform_direct_n800,745,2026592346,True,ok,0.001744265931323879,0.0002463003008432599,0.0020860774955478003,2.7895934362355583,2.8030665330597517,0.24704920494284383,0.24720166447034353,0.24621915478550885,0.24773076561331175,0.24773076561331148,800.0000000000005,800.0000000000005,0.00125,8.771802728624323e-14,1.099989344852604,5,7.37257477290143e-18,-3.469446951953614e-18,-5.773159728050814e-15,0.0006160269413248987,0.9603232787549368,1.0361691881367874,0.4800433752585782,2.7571261246306378e-15,0.0009385840967297554,not_checked,0.001,not_checked,not_checked,,,
circle_uniform_direct_n800,746,2026592347,True,ok,0.0007189356109493471,0.008071178782819474,0.001354640907348766,1.1499646013109426,1.127668554800044,0.5622446139279873,0.5623381597156296,0.5690230833505543,0.5626213196622425,0.5626213196622425,800.0000000000005,800.0000000000005,0.00125,4.579669976578771e-16,1.2446234495490256,6,-3.7947076036992655e-18,-2.168404344971009e-19,6.661338147750939e-16,0.0001661881040067037,0.9730078129045765,1.0251503602614478,0.48257855951470596,6.591949208711867e-17,0.0010549998842179775,not_checked,0.001,not_checked,not_checked,,,
circle_uniform_direct_n800,747,2026592348,True,ok,0.0005919384887583636,0.0007331705779526998,0.001200598510856646,0.9469613145392709,0.9729534686007446,0.6224964026091988,0.6225400998230597,0.6147886466038825,0.6227869512408167,0.6227869512408165,800.0000000000005,800.0000000000005,0.00125,1.2034018399831314e-10,1.0873744756376373,4,4.748543138560768e-13,-9.75781955236954e-19,-2.3314683517128287e-15,7.013373705572201e-05,0.9673269816235601,1.031490082914185,0.483308891524574,1.2126133430712116e-12,0.0008239583112299442,not_checked,0.001,not_checked,not_checked,,,
circle_uniform_direct_n800,748,2026592349,True,ok,0.0054190238810308405,0.00032097221542709705,0.0035894575452459347,8.658783197710521,9.144117214885306,0.012879399981501727,0.012954758174426827,0.010336658677410846,0.013099003703637369,0.013099003703637337,800.0000000000005,800.0000000000005,0.00125,1.8412528446365428e-13,1.1666394993091325,5,-3.9898639947466563e-17,-5.204170427930421e-18,-8.881784197001252e-15,0.005827505969413949,0.944189440569602,1.0450342319266344,0.4719431890165931,7.969102808202955e-15,0.0009452910162508488,not_checked,0.001,not_checked,not_checked,,,
circle_uniform_direct_n800,749,2026592350,True,ok,0.0003195331760549691,0.00096043068540983,0.0008983423405621139,0.5112157932244634,0.5062476552242259,0.7743437345675759,0.7743581778318587,0.7763717396127023,0.7744311331907421,0.7744311331907421,800.0000000000005,800.0000000000005,0.00125,4.536559149170838e-11,1.08432967836934,4,-1.355122069245096e-12,-1.6263032587282567e-18,-2.55351295663786e-15,1.8644231743691897e-05,0.9820248010715488,1.0173649796879791,0.490540806950903,2.3823660058597262e-12,0.0008163752499967813,not_checked,0.001,not_checked,not_checked,,,
circle_uniform_direct_n800,750,2026592351,True,ok,0.00026652148338576645,0.00042849029493634164,0.000806848579018183,0.4264073132723898,0.4367738055207969,0.8078493515206728,0.8078602895294267,0.8038143834919858,0.8079806355040103,0.8079806355040102,800.0000000000005,800.0000000000005,0.00125,1.3547305638406115e-11,1.061756156558681,4,-4.3204209741048993e-13,-7.589415207398531e-19,-1.4988010832439613e-15,1.3530072418388439e-05,0.9662398723399318,1.0332401065594783,0.4829129202724151,8.265532355777871e-13,0.0008215419948101044,not_checked,0.001,not_checked,not_checked,,,
circle_uniform_direct_n800,751,2026592352,True,ok,0.0009595490871799747,0.001456052865877592,0.0015361278989073522,1.5349429651399102,1.5634328077033417,0.4636114045278603,0.46368928429288325,0.45761987631734957,0.46410740848326615,0.4641074084832659,800.0000000000005,800.0000000000005,0.00125,3.989270719317872e-11,1.1163816064680216,5,6.179952383167375e-18,1.951563910473908e-18,3.1086244689504383e-15,0.00016778717402510246,0.9597863995497588,1.0383834194863732,0.47919441746567876,3.3667122908975777e-12,0.0009344581048935652,not_checked,0.001,not_checked,not_checked,,,
circle_uniform_direct_n800,752,2026592353,True,ok,0.002016682354666932,0.005722625896940002,0.002221394525313965,3.2251627949381163,3.305207335171566,0.19853884556768303,0.19869088880423436,0.1915505248955485,0.19921993097657167,0.19921993097657156,800.0000000000005,800.0000000000005,0.00125,1.5265566588595902e-16,1.222352524890311,6,6.938893903907228e-18,0.0,-8.881784197001252e-16,0.0007644862644882178,0.9544587890112867,1.041669353605704,0.474498962274805,1.5612511283791264e-17,0.001055374974384904,not_checked,0.001,not_checked,not_checked,,,
circle_uniform_direct_n800,753,2026592354,True,ok,0.0011899223413134152,0.00011106336514683167,0.0016874207887700957,1.903310152141762,1.9962531479203791,0.38509316269377847,0.3852022226518861,0.36856928207723927,0.38599229415301584,0.3859922941530156,800.0000000000005,800.0000000000005,0.00125,4.387115670745345e-15,1.0776975266630775,5,2.3852447794681098e-18,-1.5178830414797062e-18,-1.3322676295501878e-15,0.00028279697985178487,0.9295734286642057,1.0680493710132108,0.464735093589455,1.1145598333150986e-16,0.0009369589388370514,not_checked,0.001,not_checked,not_checked,,,
circle_uniform_direct_n800,754,2026592355,True,ok,0.001037895130283223,0.0011418019187960544,0.0016547070751697516,1.6601865891238912,1.5747309189541192,0.4351812054087918,0.43527830795049893,0.4550420441945512,0.43591147108227024,0.43591147108227,800.0000000000005,800.0000000000005,0.00125,1.752131079113539e-11,1.1147684253308114,5,8.239936510889834e-18,1.3010426069826053e-18,1.1102230246251565e-15,0.00022280966463339436,0.9416214730934215,1.0562699857349624,0.47027314406142345,1.2734566005867531e-12,0.0009392919018864632,not_checked,0.001,not_checked,not_checked,,,
circle_uniform_direct_n800,755,2026592356,True,ok,0.0002872760764724637,0.000614289459884797,0.0008372909419002195,0.45960931647146946,0.47142618369531275,0.7944959906028817,0.7945088753926315,0.7900073009557331,0.794675947066287,0.7946759470662867,800.0000000000005,800.0000000000005,0.00125,2.4032669951323804e-11,1.0714705271781453,4,-1.8394389744019746e-13,1.5178830414797062e-18,3.4416913763379853e-15,1.6202942236365203e-05,0.9599587891239953,1.0394719572207312,0.47968454899833857,2.904143939219672e-13,0.0008156250696629286,not_checked,0.001,not_checked,not_checked,,,
circle_uniform_direct_n800,756,2026592357,True,ok,0.0004014884028281144,7.846458027020687e-05,0.001005416446986472,0.6423170229024227,0.6382000879033102,0.7251506183204446,0.7251739890697908,0.7268028334414762,0.7252849098192382,0.7252849098192382,800.0000000000005,800.0000000000005,0.00125,1.2029387035095152e-11,1.0478620003787362,4,9.934544506484677e-16,8.673617379884035e-19,1.4432899320127035e-15,3.221081128035319e-05,0.9791856848391907,1.0200118432520286,0.489554426648924,2.4107885826518682e-14,0.0008149170316755772,not_checked,0.001,not_checked,not_checked,,,
circle_uniform_direct_n800,757,2026592358,True,ok,0.0040772561962348925,0.0005972830358845493,0.0031689790005282564,6.517065566717233,6.643869493785271,0.03787510727624627,0.0379995354024497,0.03608295279599662,0.0383191711048897,0.03831917110488962,800.0000000000005,800.0000000000005,0.00125,1.686567552283691e-12,1.1526027710809945,5,8.673617379884035e-18,4.336808689942018e-18,6.217248937900877e-15,0.003272173629299324,0.9573392365411677,1.0345845385228478,0.4783837200558945,9.54160795513248e-14,0.0009335840586572886,not_checked,0.001,not_checked,not_checked,,,
circle_uniform_direct_n800,758,2026592359,True,ok,0.0001669472838245889,0.00015666724131912092,0.0006513953865728603,0.2671047719906906,0.2627720183938275,0.8749403168788044,0.8749450789370417,0.876879225608108,0.8749768701749583,0.8749768701749583,800.0000000000005,800.0000000000005,0.00125,2.103327928493215e-12,1.0414915273048606,4,-5.36368096205192e-14,2.168404344971009e-19,4.440892098500626e-16,5.441064325900635e-06,0.9820396330822174,1.0176305545947262,0.4909428903081682,1.0620779429537652e-13,0.0008175000548362732,not_checked,0.001,not_checked,not_checked,,,
circle_uniform_direct_n800,759,2026592360,True,ok,0.00014633136237176842,0.0019038890563081506,0.0006055692572610627,0.23412376521326198,0.23358293765762744,0.8895130563750424,0.8895159096950556,0.8897707187488731,0.8895272920388562,0.8895272920388562,800.0000000000005,800.0000000000005,0.00125,9.459066863115595e-11,1.1035521051033161,4,-3.843014231494357e-13,-1.463672932855431e-18,-1.942890293094024e-15,3.2072907838187614e-06,0.9954830035878391,1.004261758572315,0.4967939295035887,9.837684486480036e-12,0.0008140418212860823,not_checked,0.001,not_checked,not_checked,,,
circle_uniform_direct_n800,760,2026592361,True,ok,0.0008007878895563239,0.001193532099804081,0.0014222136283826854,1.2810126945452167,1.2699106157350846,0.526567256475172,0.5266326004680171,0.5299591727938573,0.5269601702105529,0.5269601702105526,800.0000000000005,800.0000000000005,0.00125,2.130479820339204e-11,1.1072664290783694,5,6.288372600415926e-18,2.168404344971009e-19,0.0,0.00012396437245110192,0.9659166210137935,1.0325113503937557,0.48238189938915954,1.5203467824964623e-12,0.0009347088634967804,not_checked,0.001,not_checked,not_checked,,,
circle_uniform_direct_n800,761,2026592362,True,ok,0.0004246567089633184,0.000978035317368832,0.0010235413612002748,0.6793791534800949,0.6894272302131293,0.7117399624615226,0.7117654575215515,0.7084232061238382,0.7119658251046459,0.7119658251046459,800.0000000000005,800.0000000000005,0.00125,8.332578984443506e-11,1.0901848132692755,4,-1.2156503017765607e-13,-1.2468324983583301e-18,-1.4432899320127035e-15,3.579043060747411e-05,0.9645256280286307,1.034628647805552,0.48179115460386185,6.856650663911168e-13,0.0008193748071789742,not_checked,0.001,not_checked,not_checked,,,
circle_uniform_direct_n800,762,2026592363,True,ok,0.002205285091741738,0.0011079740510499475,0.00234325655496788,3.526479390046613,3.5494244582997814,0.17063557203736485,0.17080463737166685,0.1695322289141222,0.17131898113584854,0.17131898113584837,800.0000000000005,800.0000000000005,0.00125,1.472520369527608e-11,1.1387368718712387,5,1.5612511283791264e-17,-2.6020852139652106e-18,-5.329070518200751e-15,0.0009883783700848081,0.9712069085533883,1.0243540038216397,0.485065434790097,1.1291675060254303e-12,0.0009334168862551451,not_checked,0.001,not_checked,not_checked,,,
circle_uniform_direct_n800,763,2026592364,True,ok,0.00107608930908785,0.00022813070257472182,0.0016118672020038812,1.7212847342941402,1.7842502875353607,0.4222507777564949,0.4223476315583432,0.40978397689133605,0.4227934795085099,0.42279347950850965,800.0000000000005,800.0000000000005,0.00125,6.247606598730471e-14,1.079649288389494,5,-4.7704895589362195e-18,1.0842021724855044e-18,1.3322676295501878e-15,0.00022908012321043447,0.960523075242567,1.0373376154695604,0.48015197537273085,2.0397637572056038e-15,0.0009392078500241041,not_checked,0.001,not_checked,not_checked,,,
circle_uniform_direct_n800,764,2026592365,True,ok,0.0022591426604416935,0.0018721343160961325,0.0022915462655968507,3.6126818829411076,3.892359712968216,0.16337309365107017,0.1635321927264642,0.14281861841985494,0.16409428163025805,0.16409428163025794,800.0000000000005,800.0000000000005,0.00125,1.0232210218008575e-10,1.1538971123359774,5,3.469446951953614e-18,2.168404344971009e-18,3.1086244689504383e-15,0.0009731868828020129,0.9274994621819422,1.0680994601415679,0.46288155139820353,9.197796604215602e-12,0.0009390001650899649,not_checked,0.001,not_checked,not_checked,,,
circle_uniform_direct_n800,765,2026592366,True,ok,0.002457138044622599,0.0006153694643708046,0.002469969671293706,3.928964963156438,3.9641757339314165,0.1393745368403509,0.13954619159763132,0.13778126783691622,0.14005635023195429,0.14005635023195412,800.0000000000005,800.0000000000005,0.00125,2.0027660085908394e-12,1.1293126450842195,5,-2.168404344971009e-18,-1.3010426069826053e-18,0.0,0.0012279541198612076,0.9816926911056354,1.0133581340130569,0.4905442873991518,1.0748563497586794e-13,0.0009393328800797462,not_checked,0.001,not_checked,not_checked,,,
circle_uniform_direct_n800,766,2026592367,True,ok,0.002374335832447263,0.00012074692710972279,0.0024392215726613178,3.7966926860054615,3.799372871245739,0.14896649510662457,0.1491340770971713,0.14961552596731764,0.14964811123820818,0.14964811123820798,800.0000000000005,800.0000000000005,0.00125,5.988265439071938e-15,1.1069652306238653,5,-8.239936510889834e-18,-1.734723475976807e-18,-2.6645352591003757e-15,0.0011223229550807456,0.9618567690582256,1.033409129392191,0.4808703139335096,1.659642475532186e-16,0.0009395831730216742,not_checked,0.001,not_checked,not_checked,,,
circle_uniform_direct_n800,767,2026592368,True,ok,0.0011821935023268466,0.0006067571778043479,0.0017038948140606699,1.8909420548972629,1.9282283391231883,0.38783839948248766,0.3879486082048669,0.38132083577624853,0.3883863055306656,0.38838630553066544,800.0000000000005,800.0000000000005,0.00125,1.7332905943856503e-12,1.1001362536517356,5,2.168404344971009e-18,1.3010426069826053e-18,2.4424906541753444e-15,0.0002837744128463271,0.9650487590841635,1.0325711003758538,0.4822316116388812,1.0160795815838952e-13,0.000937500037252903,not_checked,0.001,not_checked,not_checked,,,
circle_uniform_direct_n800,768,2026592369,True,ok,0.0027686754416622076,0.00041481807761446017,0.0026009028117949208,4.426763403656825,4.539539436595237,0.10849448639368711,0.10866413126670163,0.10333597372732177,0.10916002508630625,0.10916002508630611,800.0000000000005,800.0000000000005,0.00125,4.74877082101699e-13,1.1290150931490475,5,2.6020852139652106e-18,2.6020852139652106e-18,0.0,0.001558651501355257,0.972107703334059,1.022315422064132,0.4858522251957938,2.219849738055446e-14,0.00093495799228549,not_checked,0.001,not_checked,not_checked,,,
circle_uniform_direct_n800,769,2026592370,True,ok,0.00027093562234829403,8.595534272046494e-05,0.0008262758977393315,0.43346787221017147,0.4301602874207749,0.8050749349541222,0.8050866621363635,0.8064768035438743,0.8051324363592114,0.8051324363592113,800.0000000000005,800.0000000000005,0.00125,4.27828345667125e-12,1.0418411650994845,4,-7.367077867886929e-14,-7.047314121155779e-19,-7.216449660063518e-16,1.4561773549609525e-05,0.988167764097291,1.0112926629704464,0.49404141303312654,1.524812177564061e-13,0.0008127500768750906,not_checked,0.001,not_checked,not_checked,,,
circle_uniform_direct_n800,770,2026592371,True,ok,0.0018854296584227233,0.00029628706644888405,0.0021766516712846797,3.0152551150905795,3.0040590490452126,0.22064238973532727,0.22080076078020616,0.22267777123914942,0.22127616842116474,0.22127616842116452,800.0000000000005,800.0000000000005,0.00125,1.522844350621e-13,1.1047851092198704,5,-2.3852447794681098e-18,-1.5178830414797062e-18,-2.6645352591003757e-15,0.0007161691928898595,0.990431826171627,1.005786570200453,0.49506918734965694,5.779231260216733e-15,0.0009351661428809166,not_checked,0.001,not_checked,not_checked,,,
circle_uniform_direct_n800,771,2026592372,True,ok,0.0009763939325014648,0.0005095465819980466,0.0015567678612923828,1.5618373666036687,1.5746876948671737,0.45750082612089205,0.4575908095192832,0.4550518786892638,0.4578951065944208,0.45789510659442056,800.0000000000005,800.0000000000005,0.00125,9.69498786806966e-13,1.0918033943794865,5,8.456776945386935e-18,-2.8189256484623115e-18,-4.440892098500626e-15,0.00019646269933792926,0.9799213347046619,1.0180975505789622,0.4897110044938492,5.053119381259741e-14,0.0009370842017233372,not_checked,0.001,not_checked,not_checked,,,
circle_uniform_direct_n800,772,2026592373,True,ok,8.692816610041555e-05,0.0002789191790590136,0.0004726393315834213,0.13908204866860388,0.1353133453377699,0.9327902122312888,0.9327916200261467,0.9345812858008241,0.9328204569999173,0.9328204569999172,800.0000000000005,800.0000000000005,0.00125,9.664868731718013e-13,1.0449752738801816,4,-1.9000643072808465e-16,-2.574980159653073e-19,-3.885780586188048e-16,1.5085460305375165e-06,0.9718869376268212,1.0279393775931849,0.4858079282850058,4.540313437717547e-15,0.000816958025097847,not_checked,0.001,not_checked,not_checked,,,
circle_uniform_direct_n800,773,2026592374,True,ok,0.0010959043055711222,0.0033901405860917878,0.0016597586604316275,1.7528881824835707,1.7472256103803265,0.41559547776221584,0.4157117369978549,0.41744068977991,0.41614419988035434,0.4161441998803541,800.0000000000005,800.0000000000005,0.00125,6.314393452555578e-16,1.1727558126742492,6,-1.3010426069826053e-18,1.951563910473908e-18,4.440892098500626e-15,0.00027935321511285416,0.9647681196544043,1.0328778719619662,0.48074849078258414,7.632783294297951e-17,0.0010540829971432686,not_checked,0.001,not_checked,not_checked,,,
circle_uniform_direct_n800,774,2026592375,True,ok,0.004955876945837607,0.0009298618043228875,0.003575674735909468,7.919304467944729,7.703669169849498,0.01863890907081115,0.01873358193176955,0.021240732743439628,0.01897369834124908,0.01897369834124904,800.0000000000005,800.0000000000005,0.00125,6.880312292123492e-12,1.1832565259573056,5,5.984795992119984e-17,-6.071532165918825e-18,-6.217248937900877e-15,0.005049322697723291,0.9619750995821599,1.0279985829667209,0.4805403132188067,5.602113824915156e-13,0.0009344990830868483,not_checked,0.001,not_checked,not_checked,,,
circle_uniform_direct_n800,775,2026592376,True,ok,0.0008988153713006372,0.0013367373074145883,0.00147939901295982,1.4377854984087215,1.4786777395982291,0.48671602050648133,0.48679376846594935,0.47742945423444116,0.48721377116860576,0.48721377116860554,800.0000000000005,800.0000000000005,0.00125,3.269230719471494e-11,1.1147719295045846,5,-4.119968255444917e-18,-7.589415207398531e-19,-4.440892098500626e-16,0.0001595478361494651,0.9585183988665124,1.0396981876584084,0.47861858646129307,2.391818080399455e-12,0.0009432919323444366,not_checked,0.001,not_checked,not_checked,,,
circle_uniform_direct_n800,776,2026592377,True,ok,0.0008592710508653796,0.00044591471282367547,0.0014614306522182595,1.3745339087601864,1.383768651198988,0.5025401240869694,0.5026155223780198,0.5006318263487752,0.5028733948355596,0.5028733948355593,800.0000000000005,800.0000000000005,0.00125,6.575053002055853e-13,1.0849398001067783,5,6.505213034913027e-19,-1.951563910473908e-18,-3.3306690738754696e-15,0.00014988631221091175,0.9818230109571492,1.0164467975950708,0.490692604721501,2.96526041568268e-14,0.0009424579329788685,not_checked,0.001,not_checked,not_checked,,,
circle_uniform_direct_n800,777,2026592378,True,ok,0.00018592351524823834,0.0023045409434679087,0.000678780628103574,0.2974684206734399,0.3001217929586254,0.861769861933458,0.8617738284293288,0.8606555639354614,0.8617941756321206,0.8617941756321204,800.0000000000005,800.0000000000005,0.00125,3.391266260865944e-11,1.1140926595677847,5,-1.0546366297631282e-12,7.318364664277155e-19,7.216449660063518e-16,4.601861870789925e-06,0.9910711007787064,1.00862088805087,0.4943934603252769,1.3049214486748895e-12,0.0009232920128852129,not_checked,0.001,not_checked,not_checked,,,
circle_uniform_direct_n800,778,2026592379,True,ok,0.000875788025091098,0.0007097050185482384,0.0014569802523588954,1.400958258239471,1.4459193580831087,0.4958653253433113,0.49594042661054094,0.48531375530975984,0.49627234510608675,0.4962723451060863,800.0000000000005,800.0000000000005,0.00125,3.4692596018182087e-12,1.094155523044637,5,2.3852447794681098e-18,-9.75781955236954e-19,-1.7763568394002505e-15,0.00015129095314325713,0.9687148943220631,1.0295469812796216,0.48401370502742447,1.9013154765878948e-13,0.0009379170369356871,not_checked,0.001,not_checked,not_checked,,,
circle_uniform_direct_n800,779,2026592380,True,ok,0.0027406167450820937,0.0007045855586256793,0.002530979854515262,4.382045092463866,4.696545244189229,0.1110265698520966,0.11119002641327122,0.0955340431640715,0.1116380434422299,0.11163804344222976,800.0000000000005,800.0000000000005,0.00125,2.902428297701931e-12,1.1328224401533713,5,1.5178830414797062e-17,5.637851296924623e-18,7.993605777301127e-15,0.0014708498337432374,0.932761657065249,1.0618221895837818,0.46605221877738795,1.847302692759012e-13,0.001070791156962514,not_checked,0.001,not_checked,not_checked,,,
circle_uniform_direct_n800,780,2026592381,True,ok,0.0010683203153570965,0.0006336574364033103,0.0016447218976352786,1.7088692210853016,1.6893209749652334,0.4249875350049235,0.42508184350484063,0.4297032230708576,0.4254294063362887,0.42542940633628834,800.0000000000005,800.0000000000005,0.00125,2.2230169094417107e-12,1.0954561768684377,5,1.951563910473908e-18,-4.336808689942018e-19,-1.5543122344752192e-15,0.00022164174302696793,0.9751269566985977,1.02276920099256,0.4872545244537087,1.208243574635226e-13,0.001216708216816187,not_checked,0.001,not_checked,not_checked,,,
circle_uniform_direct_n800,781,2026592382,True,ok,2.6692014358221678e-05,0.0002726206966587358,0.0002607087831903799,0.042706924003672,0.04193745798621297,0.9788666009299691,0.978866747298313,0.9792495862112331,0.9788727627097981,0.9788727627097981,800.0000000000005,800.0000000000005,0.00125,1.0766387781302456e-13,1.0395133522092859,4,4.79427424409512e-16,1.3552527156068805e-19,1.942890293094024e-16,1.494847413525957e-07,0.9767234029488844,1.0232220393953773,0.4882285640121492,4.1277745110868125e-15,0.0007792080286890268,not_checked,0.001,not_checked,not_checked,,,
circle_uniform_direct_n800,782,2026592383,True,ok,0.0007824514627113137,7.736782140385602e-05,0.0014276533542148077,1.2516768873287025,1.2030783763252402,0.5341773981047588,0.5342430439604526,0.5479675614817097,0.5347471983721819,0.5347471983721819,800.0000000000005,800.0000000000005,0.00125,6.309134204657285e-11,1.0631055741723243,4,8.94104235094062e-13,2.3852447794681098e-18,4.6629367034256575e-15,0.00012272650470002144,0.9475582144410613,1.0508755719348857,0.47374245194229964,1.4451313409824529e-12,0.0007633748464286327,not_checked,0.001,not_checked,not_checked,,,
circle_uniform_direct_n800,783,2026592384,True,ok,0.0013183707913908523,2.5217555405852507e-05,0.0018167381499509493,2.1086971635687584,2.109750023486731,0.34773397562584857,0.34785518269551596,0.34823594999051544,0.3482980733830078,0.34829807338300756,800.0000000000005,800.0000000000005,0.00125,1.6072143615986079e-10,1.076946452489466,4,3.718603116403818e-12,1.734723475976807e-18,2.220446049250313e-15,0.0003480513283031783,0.9684570657926994,1.028905589424756,0.484216321824449,5.057531216740019e-12,0.0008413339965045452,not_checked,0.001,not_checked,not_checked,,,
circle_uniform_direct_n800,784,2026592385,True,ok,0.0004744052898576854,0.0020471131560831253,0.001087031409807814,0.7589704613671616,0.7622165757152899,0.6840506093555441,0.6840773021596749,0.6831039137552586,0.6841868460752554,0.6841868460752552,800.0000000000005,800.0000000000005,0.00125,1.0541701539468207e-10,1.119147182408448,5,7.101524229780054e-18,3.7947076036992655e-19,9.992007221626409e-16,3.9001202567723325e-05,0.9853522347261285,1.013762440035969,0.49166763529119967,1.3147321772932763e-11,0.0010030828416347504,not_checked,0.001,not_checked,not_checked,,,
circle_uniform_direct_n800,785,2026592386,True,ok,0.0039051970584730415,0.0020260823539923634,0.003129774743697609,6.241793063059829,6.24075339005532,0.043423764072069646,0.04356617245919382,0.044140537766452465,0.04397395963329086,0.04397395963329079,800.0000000000005,800.0000000000005,0.00125,1.3977801555098424e-10,1.1969794904260498,5,5.551115123125783e-17,4.7704895589362195e-18,7.993605777301127e-15,0.003261115248520685,0.9891513789871484,1.0027941466604409,0.4935736803066951,1.2615557036521619e-11,0.0009562082123011351,not_checked,0.001,not_checked,not_checked,,,
circle_uniform_direct_n800,786,2026592387,True,ok,0.000851371752921781,0.0012340660949675792,0.001437687822997539,1.36188080232927,1.4043209252928557,0.5055811300916375,0.5056606029314485,0.4955136078881408,0.5060613346397965,0.5060613346397962,800.0000000000005,800.0000000000005,0.00125,2.2144730493778297e-11,1.114326371080256,5,-1.0842021724855044e-18,-1.0842021724855044e-19,-2.220446049250313e-16,0.00015700117279027204,0.9599184508646228,1.0383113018079555,0.47936689378813085,1.7375393658591864e-12,0.001052376115694642,not_checked,0.001,not_checked,not_checked,,,
circle_uniform_direct_n800,787,2026592388,True,ok,0.0012256286619070833,0.0013626382736061388,0.0017502298336107914,1.9604491954880479,1.9632174957514885,0.3746540467812701,0.3747584627848949,0.3747078033236927,0.37512239127576014,0.37512239127575997,800.0000000000005,800.0000000000005,0.00125,3.4959798944633746e-11,1.119982615914446,5,-1.5178830414797062e-18,2.3852447794681098e-18,2.6645352591003757e-15,0.00027833178164327066,0.9795532536827545,1.0180909830026967,0.4891092539003123,2.582614677670847e-12,0.0011416252236813307,not_checked,0.001,not_checked,not_checked,,,
circle_uniform_direct_n800,788,2026592389,True,ok,0.00026138835518606197,0.0010298443227979102,0.0008148059379488413,0.4181974678960307,0.4118482176374322,0.8112196270458301,0.8112293259494028,0.8138948413801312,0.811305432022384,0.8113054320223839,800.0000000000005,800.0000000000005,0.00125,3.187419946037995e-11,1.0840046545933695,4,-1.0856097921660424e-12,5.421010862427522e-19,8.881784197001252e-16,1.1950200834359714e-05,0.9756438694229749,1.0238657782635587,0.4873195689474779,1.8818909104656445e-12,0.0013617498334497213,not_checked,0.001,not_checked,not_checked,,,
circle_uniform_direct_n800,789,2026592390,True,ok,0.0005116649906852784,0.0004846178133673467,0.001140727784265769,0.8185616560773723,0.8062313605386578,0.6637521274363481,0.6637861249653991,0.6682347932713935,0.6640937215533991,0.6640937215533989,800.0000000000005,800.0000000000005,0.00125,6.018829531995173e-11,1.0740189201726478,4,-1.354917480295148e-12,-8.673617379884035e-19,-1.1102230246251565e-15,5.116450953679408e-05,0.9560840322314492,1.0429049231913579,0.4778103516843931,2.6528987340235233e-12,0.0008846679702401161,not_checked,0.001,not_checked,not_checked,,,
circle_uniform_direct_n800,790,2026592391,True,ok,0.00045190000717879736,0.004614430316335476,0.0010310099250659755,0.7229543209208215,0.7690714442251373,0.6960940754531506,0.6961239516663071,0.6807666277367304,0.6966166596022034,0.6966166596022032,800.0000000000005,800.0000000000005,0.00125,3.5648567431323386e-16,1.1732949635154746,6,5.204170427930421e-18,-3.2526065174565133e-19,-1.4432899320127035e-15,4.284528262737952e-05,0.9368239552912428,1.0622583595186852,0.4662508848103559,3.9898639947466563e-17,0.0011623338796198368,not_checked,0.001,not_checked,not_checked,,,
circle_uniform_direct_n800,791,2026592392,True,ok,3.638878265735e-05,0.0012574587178300167,0.0003080375029417174,0.05822161233238295,0.055827528331188946,0.9712800685991082,0.9712802824542188,0.9724722251391691,0.971308617846946,0.971308617846946,800.0000000000005,800.0000000000005,0.00125,2.216910335861577e-11,1.0798440531005504,4,-3.9808244591335584e-15,2.168404344971009e-19,5.967448757360216e-16,2.1995968854313097e-07,0.9554935064680691,1.044439205379177,0.4771459803632461,1.873025172460796e-12,0.001008333871141076,not_checked,0.001,not_checked,not_checked,,,
circle_uniform_direct_n800,792,2026592393,True,ok,0.004642864433750468,7.650149479539382e-05,0.0034024757532225593,7.419965249099112,7.466362234555773,0.023959639931389727,0.02406356781579473,0.02391663308129563,0.024372701913849257,0.0243727019138492,800.0000000000005,800.0000000000005,0.00125,1.394717674685353e-15,1.14853560537574,5,1.734723475976807e-17,1.3877787807814457e-17,2.1316282072803006e-14,0.004308922450820152,0.9841783753331315,1.0065510476552173,0.492051542027197,2.5451645999097217e-17,0.0011870840098708868,not_checked,0.001,not_checked,not_checked,,,
circle_uniform_direct_n800,793,2026592394,True,ok,0.0050686483727454025,0.0005308356054804302,0.003623681360322842,8.09967347181801,7.875937160854816,0.017170725169991945,0.017257960207039687,0.019487762384795524,0.01733688964656786,0.01733688964656782,800.0000000000005,800.0000000000005,0.00125,1.2508258318000287e-12,1.166784830154195,5,-4.85722573273506e-17,1.0408340855860843e-17,1.5987211554602254e-14,0.005081962287319719,0.9233761708075027,1.066561479916057,0.461443010259049,5.953440865291704e-14,0.0010588329751044512,not_checked,0.001,not_checked,not_checked,,,
circle_uniform_direct_n800,794,2026592395,True,ok,0.00021584656664024515,0.000451329749504801,0.0007267507585267531,0.34533472410523575,0.35289336731806675,0.8413449543116278,0.8413532798176953,0.8382434700384582,0.8414091330372433,0.8414091330372433,800.0000000000005,800.0000000000005,0.00125,8.95730191408095e-12,1.0624954279059418,4,3.207288764000421e-13,7.047314121155779e-19,6.661338147750939e-16,9.891259578342915e-06,0.9778768996949142,1.0216783748951939,0.48871777324230936,6.727055978233976e-13,0.0008742089848965406,not_checked,0.001,not_checked,not_checked,,,
circle_uniform_direct_n800,795,2026592396,True,ok,0.0014697165624072968,0.00025340200376797965,0.0018842670926857376,2.350689152398584,2.43652851296327,0.30793032812039767,0.30806253277491935,0.29574305576565013,0.30858027773490637,0.30858027773490604,800.0000000000005,800.0000000000005,0.00125,8.660780426161807e-14,1.0914739026058244,5,3.0357660829594124e-18,-2.168404344971009e-18,-3.1086244689504383e-15,0.00042867372654598057,0.9586779600805845,1.038395891584965,0.4792175141174334,3.0842299200695145e-15,0.0010353738907724619,not_checked,0.001,not_checked,not_checked,,,
circle_uniform_direct_n800,796,2026592397,True,ok,0.0038242180372981115,0.00021085153269019395,0.0030941834886520827,6.112904153471957,6.132762541800377,0.046439450777521735,0.04657562710189933,0.04658944475548725,0.04691703593944258,0.0469170359394425,800.0000000000005,800.0000000000005,0.00125,5.0688619968042303e-14,1.1389829658184294,5,-4.7704895589362195e-18,4.7704895589362195e-18,1.0658141036401503e-14,0.0029223531025124316,0.9537245866910538,1.0386399743625843,0.4767617457737407,1.4797191250082165e-15,0.0009704579133540392,not_checked,0.001,not_checked,not_checked,,,
circle_uniform_direct_n800,797,2026592398,True,ok,0.00017385260961420498,0.0033889910548851217,0.0006658716170732675,0.27814864818548535,0.27279600259402326,0.8700900496392019,0.870096808232149,0.872495309111064,0.8701565963803226,0.8701565963803225,800.0000000000005,800.0000000000005,0.00125,5.184525551926722e-11,1.141700678560895,5,7.94132419329116e-13,-3.7947076036992655e-19,-1.2212453270876722e-15,7.763598621396417e-06,0.9723215503646555,1.0272821708214028,0.4845132523509556,2.8686454253690208e-12,0.0010114158503711224,not_checked,0.001,not_checked,not_checked,,,
circle_uniform_direct_n800,798,2026592399,True,ok,0.00031176641974479783,0.00013561541245142594,0.0008878575258729716,0.49878682048117384,0.4932958155043494,0.779185249249412,0.7792006248820331,0.781415775538309,0.7792579675126327,0.7792579675126327,800.0000000000005,800.0000000000005,0.00125,1.0403908637379722e-11,1.0485054417707032,4,2.3813188834015397e-13,1.5178830414797062e-18,1.7208456881689926e-15,1.9725555251481897e-05,0.9879746085330078,1.0113974293390762,0.4939203123077046,4.685026238487877e-13,0.0009350839536637068,not_checked,0.001,not_checked,not_checked,,,
circle_uniform_direct_n800,799,2026592400,True,ok,0.005232675100773005,0.00037262190876138066,0.0035362259362083986,8.36142950302943,8.80720914440574,0.015037321720610314,0.015118944381480592,0.012233165008557204,0.015204861288981839,0.0152048612889818,800.0000000000005,800.0000000000005,0.00125,3.252016711474681e-13,1.1650232979078834,5,-2.0816681711721685e-17,1.0408340855860843e-17,1.5987211554602254e-14,0.005425329103691645,0.9267450100306318,1.062856932395591,0.46319984060762054,1.4448620251628075e-14,0.0009662082884460688,not_checked,0.001,not_checked,not_checked,,,
circle_uniform_direct_n800,800,2026592401,True,ok,0.0011689556955715558,0.00040987040303495134,0.0017056778587918268,1.869791517374,1.880099133772767,0.3920784780505405,0.3921840049008408,0.3906084736328419,0.3925212683074132,0.39252126830741296,800.0000000000005,800.0000000000005,0.00125,4.663595898346529e-13,1.089943755911953,5,-6.505213034913027e-19,-2.6020852139652106e-18,-4.218847493575595e-15,0.00026879777024513274,0.9855541713585224,1.0121288349245345,0.49257511416395117,2.1181082061894063e-14,0.0013257081154733896,not_checked,0.001,not_checked,not_checked,,,
circle_uniform_direct_n800,801,2026592402,True,ok,0.0002982698161147347,0.0005162024552634423,0.0008731012555515386,0.47719399682054503,0.46713911805586894,0.7875731613938688,0.7875880212882409,0.7917025237669266,0.7877174236291686,0.7877174236291685,800.0000000000005,800.0000000000005,0.00125,1.8024534989558028e-11,1.069369519435831,4,8.268185398493944e-13,-5.421010862427522e-20,1.1102230246251565e-16,1.885448151536795e-05,0.9673821497814861,1.0320037218131597,0.483441394273962,1.7245412996941267e-12,0.0009386658202856779,not_checked,0.001,not_checked,not_checked,,,
circle_uniform_direct_n800,802,2026592403,True,ok,0.0041134328347098344,0.000137312547922458,0.0031571224686066652,6.574734718902607,6.8082546733935745,0.03678270681178425,0.036907504936226465,0.033235811103153,0.037226058420227005,0.03722605842022691,800.0000000000005,800.0000000000005,0.00125,1.0448239495808309e-14,1.1413989905694917,5,3.469446951953614e-18,1.1275702593849246e-17,1.3322676295501878e-14,0.003378908316566065,0.9577051525998889,1.0340847454351685,0.4787868241917889,2.625395560673649e-16,0.0011373749002814293,not_checked,0.001,not_checked,not_checked,,,
circle_uniform_direct_n800,803,2026592404,True,ok,0.001499793832589441,0.00433349699427776,0.0019330596692405447,2.3986210817585145,2.4115893328510736,0.3006226162067932,0.30078058805431673,0.29945393894512934,0.30124389315374683,0.3012438931537468,800.0000000000005,800.0000000000005,0.00125,3.885780586188048e-16,1.200047818445876,6,-1.0842021724855044e-17,-1.951563910473908e-18,-2.220446049250313e-15,0.0005245251922962879,0.9754263346127793,1.0213489882315443,0.4856000443968399,6.938893903907228e-17,0.0011922507546842098,not_checked,0.001,not_checked,not_checked,,,
circle_uniform_direct_n800,804,2026592405,True,ok,0.0017095206136739731,0.0013554212880904529,0.0021067936252475434,2.7340947916994978,2.637669938849863,0.254008782042353,0.25415356471333816,0.267446704121615,0.25471334817261676,0.2547133481726166,800.0000000000005,800.0000000000005,0.00125,2.4638423246070573e-11,1.1323322481796885,5,1.0842021724855044e-17,-6.505213034913027e-19,2.6645352591003757e-15,0.0005690950894303715,0.9520762988015857,1.0445549920694648,0.4753928829233267,2.528372910343135e-12,0.0011009168811142445,not_checked,0.001,not_checked,not_checked,,,
circle_uniform_direct_n800,805,2026592406,True,ok,0.0001636672045133488,0.0004537730666566306,0.000643167701331899,0.261857058645326,0.25907863738877795,0.8772432812082636,0.8772478742281533,0.8785000462623349,0.8772758800534008,0.8772758800534007,800.0000000000005,800.0000000000005,0.00125,5.999544611112739e-12,1.058663742051143,4,-4.598551357412606e-14,5.421010862427522e-19,5.551115123125783e-16,5.234288016103816e-06,0.9836777001117338,1.0159989665494005,0.49161566656276906,7.647420023626506e-14,0.0009251248557120562,not_checked,0.001,not_checked,not_checked,,,
circle_uniform_direct_n800,806,2026592407,True,ok,7.181178844774261e-06,0.006553025267213481,0.00013354050177297603,0.011489811533305298,0.011574669745248897,0.9942694768016764,0.9942695139103244,0.9942293794904229,0.9942715275536157,0.9942715275536157,800.0000000000005,800.0000000000005,0.00125,1.357234637178184e-13,1.1827161927608008,5,5.024226748615718e-16,-2.710505431213761e-20,-1.8041124150158794e-16,3.7309166762977686e-08,0.97378692252941,1.0261796958161729,0.4837021812674332,9.405670686746248e-15,0.0012277918867766857,not_checked,0.001,not_checked,not_checked,,,
circle_uniform_direct_n800,807,2026592408,True,ok,0.0004551348921833071,0.0012111314884519745,0.0010810966363720906,0.7281372356123212,0.7092525918291795,0.6946042279189744,0.6946315440544346,0.701435523556079,0.6948162104765641,0.694816210476564,800.0000000000005,800.0000000000005,0.00125,1.2246671905746798e-10,1.097590881809118,4,-2.1828958454185587e-12,5.421010862427522e-19,1.1102230246251565e-15,3.929594048523999e-05,0.9685098495441996,1.0306042889401044,0.4836684258810989,3.484336083547923e-12,0.0012357078958302736,not_checked,0.001,not_checked,not_checked,,,
circle_uniform_direct_n800,808,2026592409,True,ok,0.002208595697068348,0.002313244355797486,0.002341313047217034,3.5316464034017314,3.5720457561832326,0.17012711953692936,0.17030664191195177,0.16762551281404908,0.17086584583638004,0.17086584583637984,800.0000000000005,800.0000000000005,0.00125,1.7480875080799763e-10,1.1727726874678193,5,-9.540979117872439e-18,-8.673617379884035e-19,0.0,0.0010533559538139503,0.9456969413468189,1.0497193470208972,0.4717545513352158,2.1431570927654686e-11,0.0009709990117698908,not_checked,0.001,not_checked,not_checked,,,
circle_uniform_direct_n800,809,2026592410,True,ok,0.00023376220900305725,0.0015312426655636757,0.0007631121464186456,0.3739985514084152,0.37555930149357036,0.8293691652769242,0.8293778701963148,0.8287973119822934,0.8294356350800768,0.8294356350800768,800.0000000000005,800.0000000000005,0.00125,4.732435970877802e-11,1.0992973562506305,4,-2.1613602834563705e-13,8.131516293641283e-20,2.7755575615628914e-16,1.049149823831308e-05,0.9787351298636048,1.0208094480610705,0.48861821192204474,4.117614235688016e-12,0.0009102921467274427,not_checked,0.001,not_checked,not_checked,,,
circle_uniform_direct_n800,810,2026592411,True,ok,0.0002743669379000756,0.0004421818487386803,0.0008105583045805671,0.4389554866185148,0.4586061854919138,0.8026954695723427,0.8027081728358585,0.7950875117237579,0.802925336287765,0.8029253362877649,800.0000000000005,800.0000000000005,0.00125,1.6806670638525034e-11,1.0647538386785338,4,5.390904736501945e-13,6.505213034913027e-19,6.106226635438361e-16,1.580701080319824e-05,0.9518266844174793,1.0476110593465262,0.4757028982867463,1.1187075571461591e-12,0.0009293761104345322,not_checked,0.001,not_checked,not_checked,,,
circle_uniform_direct_n800,811,2026592412,True,ok,0.0008258161072389881,0.0015108576413260413,0.0014356658168716602,1.3210591569483368,1.3242218263155916,0.5162322376450892,0.5162959481037823,0.5157614569322404,0.5165139997317705,0.5165139997317703,800.0000000000005,800.0000000000005,0.00125,4.102804207484212e-11,1.114702416281364,5,1.734723475976807e-18,-3.3610267347050637e-18,-5.995204332975845e-15,0.00012330731702248077,0.9882861346017063,1.0101433738857457,0.4933965125581717,3.902730135590948e-12,0.001053416170179844,not_checked,0.001,not_checked,not_checked,,,
circle_uniform_direct_n800,812,2026592413,True,ok,0.0012162071923374344,2.3698899257519837e-05,0.0017541074993078403,1.9453393357886632,1.92418153671208,0.3774954581513783,0.37760738223058665,0.38209318193462655,0.3779604366187992,0.37796043661879897,800.0000000000005,800.0000000000005,0.00125,1.227593244071401e-10,1.073778630287961,4,2.4374484635519833e-12,4.119968255444917e-18,3.9968028886505635e-15,0.00029608597561636696,0.9852106024186111,1.0123568200784692,0.49259362699716713,3.150920930422574e-12,0.0009089161176234484,not_checked,0.001,not_checked,not_checked,,,
circle_uniform_direct_n800,813,2026592414,True,ok,0.000198477305423864,0.003490349366992225,0.0007116834756395246,0.3175556623096051,0.3113229916842971,0.8530987142607642,0.8531021398885288,0.855848849736931,0.8531824652529068,0.8531824652529068,800.0000000000005,800.0000000000005,0.00125,6.670001703734663e-11,1.138371775042531,5,-1.8908293984362667e-12,-4.87890977618477e-19,-9.43689570931383e-16,4.013184288748084e-06,0.9680012285573445,1.0316971138098683,0.4823114491543908,1.649613605436695e-12,0.0013519588392227888,not_checked,0.001,not_checked,not_checked,,,
circle_uniform_direct_n800,814,2026592415,True,ok,0.0008203929735813532,0.0013166754418512863,0.0014259864918392152,1.3123624822040563,1.3244172250332682,0.5184743845167703,0.5185434747343429,0.5157110698300185,0.518759767413754,0.5187597674137538,800.0000000000005,800.0000000000005,0.00125,3.0912064574728504e-11,1.1122473719301385,5,5.637851296924623e-18,0.0,4.440892098500626e-16,0.00013313776305479141,0.9908942255170763,1.0074765137804378,0.4947948042892691,2.2514672418094683e-12,0.0010317082051187754,not_checked,0.001,not_checked,not_checked,,,
circle_uniform_direct_n800,815,2026592416,True,ok,0.0009408640326581041,0.003372776542524232,0.0015413880704427015,1.5049758689122537,1.4911669784108739,0.4707189226408859,0.47081472434988797,0.47445737839866853,0.47109701660365066,0.47109701660365044,800.0000000000005,800.0000000000005,0.00125,3.608224830031759e-16,1.1676681092624424,6,-4.336808689942018e-19,-1.8431436932253575e-18,-8.881784197001252e-16,0.00020329167035693096,0.9853764687694502,1.0126080466906342,0.4910263261080672,4.597017211338539e-17,0.0011522499844431877,not_checked,0.001,not_checked,not_checked,,,
circle_uniform_direct_n800,816,2026592417,True,ok,0.0002904207172605873,0.0027209098741116187,0.0008376894027975714,0.4646285492529509,0.4813134128982881,0.7924498329146745,0.7924675239965775,0.7861114470618775,0.7926792833182456,0.7926792833182454,800.0000000000005,800.0000000000005,0.00125,1.1290288669252302e-10,1.1346718065794588,5,4.1286875177362625e-12,-1.0842021724855044e-19,-4.440892098500626e-16,2.2299181994533956e-05,0.9543461433628642,1.0449811767498594,0.475874654726699,1.090283332366715e-11,0.0009540829341858625,not_checked,0.001,not_checked,not_checked,,,
circle_uniform_direct_n800,817,2026592418,True,ok,0.0009659262549560712,0.0010894294818689873,0.0015395125758254397,1.5451027631199508,1.5755961469339546,0.461347231861948,0.46143481174006773,0.4548452292157582,0.46174568539949745,0.46174568539949723,800.0000000000005,800.0000000000005,0.00125,1.5886167381573557e-11,1.1104826822831197,5,-1.9949319973733282e-17,-3.2526065174565133e-19,-4.440892098500626e-16,0.00018962240488207271,0.977399084385828,1.0206561722359744,0.4881671522583594,1.055440890934678e-12,0.0009465841576457024,not_checked,0.001,not_checked,not_checked,,,
circle_uniform_direct_n800,818,2026592419,True,ok,0.0006983762117838844,0.004287449676428632,0.001304860796036593,1.117162251491186,1.1479157058336376,0.5714678943557954,0.5715364692983147,0.5632915957194429,0.5719515640470838,0.5719515640470837,800.0000000000005,800.0000000000005,0.00125,3.608224830031759e-16,1.179048937230286,6,-3.7947076036992655e-18,-4.336808689942018e-19,-4.440892098500626e-16,0.0001198436815147419,0.9539842118149375,1.0444678246808803,0.4749467398143453,2.949029909160572e-17,0.0012143761850893497,not_checked,0.001,not_checked,not_checked,,,
circle_uniform_direct_n800,819,2026592420,True,ok,0.003984343289659441,0.0013941670463588933,0.0031363629104059526,6.3685206863488055,6.480117285225073,0.0408290874549258,0.04096077517136183,0.039161598493201506,0.04127597647273279,0.041275976472732706,800.0000000000005,800.0000000000005,0.00125,3.416806421130403e-11,1.176742356513914,5,2.862293735361732e-17,-8.673617379884035e-18,-1.1546319456101628e-14,0.0032142885531518672,0.9515676980405616,1.0404357721469673,0.47512052050867265,2.8299823422173187e-12,0.001023625023663044,not_checked,0.001,not_checked,not_checked,,,
circle_uniform_direct_n800,820,2026592421,True,ok,0.0018080939674780514,0.0006601696249800529,0.0021298007467797663,2.8916358518333425,2.886123282807402,0.23476897489260434,0.23492359763482884,0.23620348015278203,0.23539856645921153,0.2353985664592114,800.0000000000005,800.0000000000005,0.00125,2.340939941891662e-12,1.1159993332974638,5,-2.168404344971009e-18,4.336808689942018e-19,0.0,0.0006572480657707214,0.9816885709594,1.01469037796146,0.4905202450031024,1.4236138309864366e-13,0.0015939590521156788,not_checked,0.001,not_checked,not_checked,,,
circle_uniform_direct_n800,821,2026592422,True,ok,0.00015705627966950547,0.0009462683067438084,0.0006384642093306348,0.25128090432123523,0.24209113346591596,0.8818284441974089,0.8818324789663898,0.8859935868398814,0.8819278546802631,0.881927854680263,800.0000000000005,800.0000000000005,0.00125,9.515131738080385e-12,1.0775392713221377,4,-1.348804423186023e-13,-1.6263032587282567e-19,-1.6653345369377348e-16,4.571574986844684e-06,0.9599796657804306,1.0397180023789894,0.4795356206899627,6.008060802337178e-13,0.0008747091051191092,not_checked,0.001,not_checked,not_checked,,,
circle_uniform_direct_n800,822,2026592423,True,ok,0.00013519940231994506,0.00020360323509405686,0.0005907304381626616,0.21631198148400385,0.2097718532348679,0.8973713018080389,0.8973744740391565,0.9004272315080298,0.8974844166307523,0.8974844166307522,800.0000000000005,800.0000000000005,0.00125,1.4291606093008724e-12,1.0428623677898698,4,-4.09344595980049e-14,-2.439454888092385e-19,-5.551115123125783e-17,3.531113954180487e-06,0.9531888403056616,1.0465454652179,0.47649738472572334,7.969081124159505e-14,0.0008746660314500332,not_checked,0.001,not_checked,not_checked,,,
circle_uniform_direct_n800,823,2026592424,True,ok,0.0007647168804376311,0.003072121800284883,0.0013697285657794163,1.2233631861538128,1.2472757162982708,0.5421223857610689,0.5421722525073551,0.5359910273076417,0.5423880879451776,0.5423880879451775,800.0000000000005,800.0000000000005,0.00125,4.0592529337857286e-16,1.1468990255395688,6,8.023096076392733e-18,-1.6263032587282567e-18,-2.4424906541753444e-15,9.19112731988525e-05,0.9808246984198183,1.0178121943354272,0.488905560696811,4.336808689942018e-17,0.001136750215664506,not_checked,0.001,not_checked,not_checked,,,
circle_uniform_direct_n800,824,2026592425,True,ok,0.00038846893378958114,0.00042241366271694855,0.0009981625229335052,0.6214890164983029,0.6060417146366408,0.7327141737910945,0.7327366384508609,0.7385836913346728,0.7328786472832385,0.7328786472832385,800.0000000000005,800.0000000000005,0.00125,3.161474727841895e-11,1.067926720020205,4,5.110291530219246e-13,-1.3010426069826053e-18,-1.2212453270876722e-15,3.063878251363672e-05,0.9716392925574774,1.027578349539828,0.4856144276491951,1.05177932335776e-12,0.0008596249390393496,not_checked,0.001,not_checked,not_checked,,,
circle_uniform_direct_n800,825,2026592426,True,ok,0.0013523410074249903,0.00025364216077171636,0.0018485143668167633,2.163018278651637,2.1427028608945653,0.3384373114128204,0.33856057656577054,0.34254527835278226,0.33896012430473604,0.3389601243047358,800.0000000000005,800.0000000000005,0.00125,8.220507607958893e-14,1.0887049119984484,5,-1.951563910473908e-17,-1.3010426069826053e-18,0.0,0.00036366661417441826,0.9803215966583864,1.016983113906307,0.490036471571861,3.0984329685290746e-15,0.0010640418622642756,not_checked,0.001,not_checked,not_checked,,,
circle_uniform_direct_n800,826,2026592427,True,ok,0.0016904062762171071,0.0016244862901870715,0.002043960144991666,2.703592175872202,2.739136120595818,0.25803438490751496,0.2581711104949138,0.2542167421452321,0.25863822175040013,0.25863822175039985,800.0000000000005,800.0000000000005,0.00125,6.168660721117547e-11,1.1358151277804147,5,-3.0357660829594124e-18,8.673617379884035e-19,2.220446049250313e-15,0.0005289330375854995,0.9732021361309122,1.0235517586261433,0.4858105876715992,5.2155263614850345e-12,0.001053792191669345,not_checked,0.001,not_checked,not_checked,,,
circle_uniform_direct_n800,827,2026592428,True,ok,0.0018188804113233223,0.0005381164466457867,0.002130667801389136,2.9088510706997726,2.923436748275404,0.23266626261653128,0.2328244731873268,0.23183754859987526,0.23337601473108022,0.23337601473108002,800.0000000000005,800.0000000000005,0.00125,1.2447542996341099e-12,1.114031337034808,5,1.734723475976807e-18,1.734723475976807e-18,1.7763568394002505e-15,0.0006787937087724405,0.955342218532284,1.0409773317459163,0.4774140640735746,6.286746297157197e-14,0.0009668329730629921,not_checked,0.001,not_checked,not_checked,,,
circle_uniform_direct_n800,828,2026592429,True,ok,0.00037741647382278634,0.0011422140027059387,0.0009701150830092863,0.6038026685567749,0.6062886011938581,0.7391773396643067,0.7392008988673764,0.7384925237694149,0.739387469805938,0.739387469805938,800.0000000000005,800.0000000000005,0.00125,8.277483559693266e-11,1.09627586117434,4,3.321632845078998e-12,-7.589415207398531e-19,-1.1102230246251565e-15,3.184477984180534e-05,0.9639104682682031,1.0352905942022108,0.48140472645755145,7.324898066568553e-12,0.0009938748553395271,not_checked,0.001,not_checked,not_checked,,,
circle_uniform_direct_n800,829,2026592430,True,ok,0.0010954363779625423,0.0009643325502200701,0.0016788381790994549,1.7522346523372123,1.7039239485276538,0.4158165960088942,0.41591309257222775,0.42657717694787733,0.4163000093297715,0.4163000093297712,800.0000000000005,800.0000000000005,0.00125,7.47307424275867e-12,1.107256062656518,5,2.168404344971009e-18,2.168404344971009e-18,2.220446049250313e-15,0.0002317762014282243,0.9691603252657212,1.0286893363515823,0.4841128593086756,6.480235185263306e-13,0.0010706670582294464,not_checked,0.001,not_checked,not_checked,,,
circle_uniform_direct_n800,830,2026592431,True,ok,0.0004518890021735075,0.0002539594650643479,0.0010579243988364379,0.7229417103923031,0.7305404982218636,0.6964210939451431,0.6964492130196585,0.6940090701981649,0.69662279264522,0.69662279264522,800.0000000000005,800.0000000000005,0.00125,2.603734762518517e-11,1.0609302585489464,4,-4.824524026808552e-13,7.589415207398531e-19,4.440892098500626e-16,4.034654265461235e-05,0.9702696150074615,1.0288323659805414,0.4850116019973953,9.921596964140855e-13,0.0009461657609790564,not_checked,0.001,not_checked,not_checked,,,
circle_uniform_direct_n800,831,2026592432,True,ok,0.002904797769222125,0.0019142018557476081,0.0027003296094218047,4.644106843010688,4.6347320388488145,0.09721975444607928,0.09739394328846407,0.09853277752332429,0.09789711336981219,0.09789711336981205,800.0000000000005,800.0000000000005,0.00125,9.075599299857018e-11,1.1757031975680727,5,1.5612511283791264e-17,1.734723475976807e-18,2.6645352591003757e-15,0.0017847938723574153,0.9918976858171047,1.0021401862727966,0.4949994906652166,1.0052483585126781e-11,0.0009939589072018862,not_checked,0.001,not_checked,not_checked,,,
circle_uniform_direct_n800,832,2026592433,True,ok,0.00044713998844656233,0.00020230557731855495,0.001064341133342894,0.7153448253803472,0.7061288051311294,0.6991437935304037,0.699171478825547,0.7025319470604858,0.6992744435100885,0.6992744435100884,800.0000000000005,800.0000000000005,0.00125,2.225267539679443e-11,1.0578203385870517,4,-3.9272263826356513e-13,2.710505431213761e-19,2.220446049250313e-16,3.957806707649558e-05,0.9858309555757797,1.013279598824637,0.4928157580621414,8.195809482469674e-13,0.000879374798387289,not_checked,0.001,not_checked,not_checked,,,
circle_uniform_direct_n800,833,2026592434,True,ok,0.0007956829678118309,2.3306595396048982e-05,0.0014232425554550183,1.272839063206569,1.250708132339307,0.5288086275018584,0.5288757649094586,0.5350719441022217,0.5291166430083805,0.5291166430083801,800.0000000000005,800.0000000000005,0.00125,4.434474055320381e-11,1.0598961244600966,4,7.517829674758003e-13,2.8189256484623115e-18,2.6645352591003757e-15,0.00012684264618068042,0.9806204666633582,1.0177871721712917,0.4902988058805453,1.1801132987487861e-12,0.0008684990461915731,not_checked,0.001,not_checked,not_checked,,,
circle_uniform_direct_n800,834,2026592435,True,ok,0.0009224364501429787,0.0002381370728054474,0.001499874062021792,1.4755631151805042,1.5142097441156026,0.47766154794600824,0.47774169550307655,0.46902234297839707,0.47809340381248977,0.47809340381248955,800.0000000000005,800.0000000000005,0.00125,1.7340359183271037e-10,1.075428731926006,4,-5.059750795427531e-12,1.1926223897340549e-18,1.1102230246251565e-15,0.00016760252413128285,0.9678407029120597,1.030329315120791,0.48380511128910164,1.0798139726125866e-11,0.0009292499162256718,not_checked,0.001,not_checked,not_checked,,,
circle_uniform_direct_n800,835,2026592436,True,ok,0.002676502658254774,0.0001410605541171243,0.0026127800045929795,4.279553031708884,4.203239419790541,0.11684644273869965,0.11701354345565496,0.12225824490749113,0.11751349198285901,0.11751349198285894,800.0000000000005,800.0000000000005,0.00125,8.940764795184464e-15,1.1140751436414784,5,-4.336808689942018e-19,-5.637851296924623e-18,-8.881784197001252e-15,0.0014256107493779702,0.9765076563735409,1.018157311531764,0.48818495522081745,2.940356291780688e-16,0.0017926667351275682,not_checked,0.001,not_checked,not_checked,,,
circle_uniform_direct_n800,836,2026592437,True,ok,0.001298318915384841,0.001031601389620915,0.0017929759873577332,2.076657747248005,2.0996496658015835,0.3534127015131988,0.3535281702558193,0.3499990520605437,0.35393035152579994,0.35393035152579977,800.0000000000005,800.0000000000005,0.00125,1.3106807306151325e-11,1.1140578760980597,5,-3.2526065174565133e-18,4.336808689942018e-19,2.220446049250313e-15,0.00032625868387103907,0.9752678135249732,1.0221822290116207,0.48713084626864206,8.48629760213937e-13,0.0010537090711295605,not_checked,0.001,not_checked,not_checked,,,
circle_uniform_direct_n800,837,2026592438,True,ok,0.0004984440885718623,0.001364003239359294,0.001101097638145984,0.7974001332956199,0.8198877682449067,0.6709365535145733,0.6709736206063737,0.6636874924974241,0.6711549324276658,0.6711549324276656,800.0000000000005,800.0000000000005,0.00125,1.4456813177132766e-10,1.1073065884819073,4,7.300485628351783e-12,1.1926223897340549e-18,1.887379141862766e-15,5.5204209680137506e-05,0.9725645347749148,1.0263846168422541,0.48561895637110236,1.617017587537961e-11,0.0009225409012287855,not_checked,0.001,not_checked,not_checked,,,
circle_uniform_direct_n800,838,2026592439,True,ok,0.0018552743114904169,0.0004737616835655289,0.002188306102694585,2.9670487479053835,2.8777679941857466,0.22600548401474416,0.2261628810756557,0.2371923183468092,0.22667920627873672,0.22667920627873656,800.0000000000005,800.0000000000005,0.00125,8.578034116357713e-13,1.1110239026633992,5,-9.540979117872439e-18,-1.3010426069826053e-18,-2.220446049250313e-15,0.0006950752396426285,0.9652366993512974,1.0310383123644489,0.4823897005614703,3.773945132096168e-14,0.0010388342197984457,not_checked,0.001,not_checked,not_checked,,,
circle_uniform_direct_n800,839,2026592440,True,ok,0.0013993060164859917,0.002102635657945053,0.0018357944244774126,2.238135015359409,2.325618847446253,0.3258497953948698,0.32597292202584416,0.31260670136294205,0.3264609911560859,0.3264609911560856,800.0000000000005,800.0000000000005,0.00125,1.3653776026467668e-10,1.1445163050138882,5,1.734723475976807e-18,-2.168404344971009e-18,-3.552713678800501e-15,0.0003773055090894317,0.9616497714286117,1.035609461393973,0.47981396258332865,1.4632031697381365e-11,0.001045500161126256,not_checked,0.001,not_checked,not_checked,,,
circle_uniform_direct_n800,840,2026592441,True,ok,0.0011678300095649158,0.0002774680613463604,0.0016921713438807168,1.8679747309422392,1.9067348105953383,0.39238206037121787,0.39249075479099815,0.3854408999332645,0.39287491207948505,0.39287491207948483,800.0000000000005,800.0000000000005,0.00125,9.6037761077028e-14,1.0865210894539077,5,-7.589415207398531e-18,-3.469446951953614e-18,-6.217248937900877e-15,0.00027664218081357994,0.9738407175706332,1.023808349450738,0.486785252528626,4.437964752634915e-15,0.0010560841765254736,not_checked,0.001,not_checked,not_checked,,,
circle_uniform_direct_n800,841,2026592442,True,ok,0.002534886574495362,0.0021272072950471376,0.002532487300376044,4.053137369949935,4.01316039138601,0.13092127672210546,0.13109733940036322,0.13444767411232736,0.13161039687576717,0.13161039687576698,800.0000000000005,800.0000000000005,0.00125,1.6138259478770678e-10,1.172223475576603,5,-3.469446951953614e-18,3.469446951953614e-18,7.105427357601002e-15,0.0013405746213233094,0.9826092515491784,1.0122228937371158,0.49025951266587686,1.532772173074015e-11,0.0010644998401403427,not_checked,0.001,not_checked,not_checked,,,
circle_uniform_direct_n800,842,2026592443,True,ok,0.005672388607131082,0.0002684052622309286,0.0037017281535208354,9.06299220398318,9.418734917724231,0.010455119024421582,0.01052266004063453,0.00901047527651792,0.010695727827459658,0.010695727827459636,800.0000000000005,800.0000000000005,0.00125,9.202361095361766e-14,1.169986917286548,5,0.0,2.6020852139652106e-18,3.552713678800501e-15,0.00641478371327775,0.9622289045267276,1.0264650909983803,0.480985319152442,3.901501517689088e-15,0.0013459171168506145,not_checked,0.001,not_checked,not_checked,,,
circle_uniform_direct_n800,843,2026592444,True,ok,0.00023674283918288666,0.0002662271247455986,0.0007726120942468766,0.37876590626921985,0.37562051776668826,0.8274162676291685,0.8274256351382405,0.8287719444292173,0.82746019852549,0.8274601985254899,800.0000000000005,800.0000000000005,0.00125,6.936768867649157e-12,1.0530324572359677,4,7.381026128835955e-14,-2.710505431213761e-19,0.0,1.1318211699501424e-05,0.9900723082192843,1.0094522146708877,0.49490436127699744,1.5234103041550373e-13,0.0015058328863233328,not_checked,0.001,not_checked,not_checked,,,
circle_uniform_direct_n800,844,2026592445,True,ok,0.001385224687705893,0.0008899005468594179,0.0018670395523672418,2.215580874680648,2.2050065991477554,0.32958826917699835,0.32971678096306156,0.3320388497561382,0.33015938701663033,0.3301593870166304,800.0000000000005,800.0000000000005,0.00125,7.746192576263411e-12,1.114606824073088,5,2.6020852139652106e-18,2.168404344971009e-19,1.3322676295501878e-15,0.00038931282439103043,0.9712987809244061,1.0259138019963967,0.4852171994613187,4.699764882820645e-13,0.0010149169247597456,not_checked,0.001,not_checked,not_checked,,,
circle_uniform_direct_n800,845,2026592446,True,ok,0.005014234578994237,0.0027131805974377476,0.003493677712702746,8.012173923807882,8.267113110121368,0.017791919454631336,0.017886753063469336,0.016025780774883334,0.018108249642466445,0.01810824964246641,800.0000000000005,800.0000000000005,0.00125,2.3869795029440866e-15,1.2260789222695554,6,2.1076890233118206e-16,-6.938893903907228e-18,-1.0658141036401503e-14,0.005300701291450771,0.9563687077993207,1.0333710041463802,0.4768868639512108,4.839878497975292e-16,0.0011761670466512442,not_checked,0.001,not_checked,not_checked,,,
circle_uniform_direct_n800,846,2026592447,True,ok,0.0008337430580483006,0.0009782297436744065,0.0014526534813798235,1.333727092314975,1.3182540434385928,0.5129538410459913,0.5130210473471284,0.5173027314822805,0.5132488588640345,0.5132488588640343,800.0000000000005,800.0000000000005,0.00125,1.0214287748944173e-11,1.100304326755108,5,3.903127820947816e-18,1.3010426069826053e-18,1.1102230246251565e-15,0.00013090028115336771,0.9865862486404587,1.011797122593529,0.4928105802990573,6.861937233704207e-13,0.0010216250084340572,not_checked,0.001,not_checked,not_checked,,,
circle_uniform_direct_n800,847,2026592448,True,ok,9.656654855598815e-06,0.0028285228676696427,0.00015732891958657568,0.015450574171596705,0.015078835489100972,0.9922995164362018,0.992299552974878,0.9924889323728787,0.9923044397362278,0.9923044397362278,800.0000000000005,800.0000000000005,0.00125,1.292129380922602e-13,1.1171399722301512,5,4.487631376530118e-16,1.260385025514399e-18,2.0539125955565396e-15,3.679868070330383e-08,0.964484114279184,1.0354881705314372,0.48087787300375484,3.7452679846339265e-15,0.0009730830788612366,not_checked,0.001,not_checked,not_checked,,,
circle_uniform_direct_n800,848,2026592449,True,ok,0.0004152600584205221,0.0008451765938003084,0.0010368518048594793,0.6643414727560933,0.6418138930971005,0.7170997894502862,0.7171265689241211,0.725490757268205,0.717338067485087,0.7173380674850869,800.0000000000005,800.0000000000005,0.00125,6.212686268214362e-11,1.087416983112618,4,3.0850826450781743e-12,-1.6263032587282567e-19,-2.220446049250313e-16,3.731035837117869e-05,0.9626926870054292,1.03644377227636,0.48093953089075675,6.564372743295133e-12,0.0009039998985826969,not_checked,0.001,not_checked,not_checked,,,
circle_uniform_direct_n800,849,2026592450,True,ok,0.0010638700381561117,0.0020079132773204687,0.0016890853051225528,1.7016943685218417,1.5880872486935567,0.4259580984197715,0.4260642712444914,0.4520133228073564,0.4269467287658779,0.4269467287658777,800.0000000000005,800.0000000000005,0.00125,1.0462072180805748e-10,1.14073885037903,5,1.5178830414797062e-18,-1.3010426069826053e-18,-1.7763568394002505e-15,0.00024884626396892706,0.924188498461601,1.0735831827051272,0.4611664350378855,1.2169291616070943e-11,0.0009831672068685293,not_checked,0.001,not_checked,not_checked,,,
circle_uniform_direct_n800,850,2026592451,True,ok,3.6639620419719003e-05,0.00022669658120760616,0.0003089002896247997,0.058622884375552006,0.056307632046994335,0.971080838339986,0.9710810854192875,0.9722388093918285,0.9711137246980082,0.9711137246980082,800.0000000000005,800.0000000000005,0.00125,1.1353504941746806e-13,1.0372128026759861,4,-1.2902141377849063e-15,2.981555974335137e-19,4.440892098500626e-16,2.5414799921519293e-07,0.9523345872995115,1.047594039980087,0.47605934867524236,2.3190000267292454e-15,0.0009446241892874241,not_checked,0.001,not_checked,not_checked,,,
circle_uniform_direct_n800,851,2026592452,True,ok,0.0012703153293407235,0.00010095822061080635,0.0017886399932689053,2.031862426013148,2.0201587951978275,0.3614190860259877,0.36153528487356246,0.36419006260705045,0.3619488905418496,0.36194889054184937,800.0000000000005,800.0000000000005,0.00125,3.6290415117434804e-15,1.0790640475930027,5,5.637851296924623e-18,-1.951563910473908e-18,-8.881784197001252e-16,0.00032105046600539033,0.9722152781516096,1.0252519003103575,0.48605856265742936,7.548757625930325e-17,0.0009627919644117355,not_checked,0.001,not_checked,not_checked,,,
circle_uniform_direct_n800,852,2026592453,True,ok,0.001175263296861388,0.001573313752017527,0.0017217180285877779,1.8799020554400125,1.8652245919253814,0.3901019343224149,0.39020333791185546,0.39352436437049665,0.3905455631572136,0.3905455631572134,800.0000000000005,800.0000000000005,0.00125,4.7275107439848085e-11,1.1254770829706269,5,9.324138683375338e-18,0.0,-2.220446049250313e-16,0.00025960976910477385,0.982649945947809,1.0150745778605212,0.4905520050177431,4.588968961771744e-12,0.0009687510319054127,not_checked,0.001,not_checked,not_checked,,,
circle_uniform_direct_n800,853,2026592454,True,ok,0.0006353251897708058,0.004335955176913774,0.001237111101214032,1.0163626667971781,1.0561939647654792,0.6011102691803107,0.6011577037752813,0.5897261617910674,0.6015412593530909,0.6015412593530907,800.0000000000005,800.0000000000005,0.00125,2.220446049250313e-16,1.172620120561946,6,-4.9873299934333204e-18,4.336808689942018e-19,6.661338147750939e-16,7.881841805590373e-05,0.9536574594841916,1.0450858030464412,0.47476147262246005,2.7755575615628914e-17,0.001127040944993496,not_checked,0.001,not_checked,not_checked,,,
circle_uniform_direct_n800,854,2026592455,True,ok,0.0012699534474737663,0.002150846217968629,0.0018101765057369102,2.031200031294063,1.9733328967051058,0.36132250501665003,0.3614537691761718,0.3728174279939628,0.3620536919036045,0.3620536919036043,800.0000000000005,800.0000000000005,0.00125,1.7101992044743497e-10,1.1505000140338824,5,-4.119968255444917e-18,-2.168404344971009e-18,-2.6645352591003757e-15,0.00036274233198207995,0.9476007128644574,1.0497092576649576,0.47278135791413034,1.6020208597200547e-11,0.0009532091207802296,not_checked,0.001,not_checked,not_checked,,,
circle_uniform_direct_n800,855,2026592456,True,ok,0.001606352344219328,0.001073169062776639,0.0020389869216955094,2.569174078000691,2.486173366746726,0.27594391970855736,0.27608067642340717,0.28849235763831366,0.27662793368881555,0.27662793368881533,800.0000000000005,800.0000000000005,0.00125,1.2593877329880598e-11,1.1211098515880429,5,9.107298248878237e-18,3.0357660829594124e-18,5.773159728050814e-15,0.0004948363751176021,0.9539828627735353,1.042876107377329,0.47647955760835825,9.938399929410036e-13,0.0010690409690141678,not_checked,0.001,not_checked,not_checked,,,
circle_uniform_direct_n800,856,2026592457,True,ok,0.0011802450061189,0.0014450831229507626,0.001709739757357504,1.8877958842201787,1.9096981545019411,0.38841255990306733,0.38852849415920676,0.3848702258424781,0.3889921930306154,0.3889921930306152,800.0000000000005,800.0000000000005,0.00125,3.8360863097164355e-11,1.128594449907352,5,7.37257477290143e-18,-4.336808689942018e-19,-1.5543122344752192e-15,0.00029806278503119454,0.9619903567096307,1.035570422652638,0.48030005851770835,3.2664270593896205e-12,0.0013292082585394382,not_checked,0.001,not_checked,not_checked,,,
circle_uniform_direct_n800,857,2026592458,True,ok,0.003371626961775711,0.0017511399084561693,0.002901254182061351,5.3897640421991495,5.413072965436769,0.06676140455428575,0.06692367816425951,0.06676765764225277,0.06738710705006273,0.06738710705006261,800.0000000000005,800.0000000000005,0.00125,6.577038219601761e-11,1.1812497559580029,5,4.7271214720367993e-17,2.168404344971009e-18,8.881784197001252e-16,0.00241954832099589,0.9851111214815838,1.0079495132995426,0.4916930220657149,7.041541395108597e-12,0.0010144577827304602,not_checked,0.001,not_checked,not_checked,,,
circle_uniform_direct_n800,858,2026592459,True,ok,0.00027978481110909736,0.0007740474931259033,0.0008379358850652281,0.4476214525295166,0.4471421234491061,0.7992008327814237,0.7992145346524624,0.799658064767369,0.7994527492040959,0.7994527492040959,800.0000000000005,800.0000000000005,0.00125,3.142279492163169e-11,1.079344905294883,4,1.068131585783838e-12,1.0842021724855044e-19,5.551115123125783e-17,1.7122622519738506e-05,0.9496473095450813,1.0497677321223824,0.4744561171025429,2.3060693979393143e-12,0.000916333170607686,not_checked,0.001,not_checked,not_checked,,,
circle_uniform_direct_n800,859,2026592460,True,ok,0.001988640480505713,0.0017498716580013566,0.002226708871365584,3.180357502795437,3.1929524635386883,0.20311985972899643,0.2032692151618919,0.20260920947298589,0.2037396380390253,0.20373963803902517,800.0000000000005,800.0000000000005,0.00125,6.202872937510762e-11,1.1442877514904923,5,1.3010426069826053e-18,4.336808689942018e-18,6.661338147750939e-15,0.0007336330068528074,0.996026411784118,1.0001517107515216,0.497141697595071,7.0211653331597734e-12,0.0010132081806659698,not_checked,0.001,not_checked,not_checked,,,
circle_uniform_direct_n800,860,2026592461,True,ok,0.0035014793695953292,0.0012725474023915348,0.002951360039985934,5.597585442200348,5.648138782147015,0.06020809258958129,0.06035249444179541,0.059363875684497094,0.06073813674940454,0.06073813674940446,800.0000000000005,800.0000000000005,0.00125,2.3079368277612033e-11,1.1609367538690019,5,1.8648277366750676e-17,-8.673617379884035e-19,1.7763568394002505e-15,0.002390774576090937,0.9562654362897313,1.036835456085651,0.4775242405191133,1.96457607126721e-12,0.0010414167772978544,not_checked,0.001,not_checked,not_checked,,,
circle_uniform_direct_n800,861,2026592462,True,ok,3.337925291215047e-05,0.0027141163198480733,0.0002965367996836764,0.053406248757795774,0.050828572028888144,0.9735746672971641,0.9735749386764525,0.9749059384581088,0.9736499810185273,0.9736499810185273,800.0000000000005,800.0000000000005,0.00125,1.4598821283795527e-12,1.117303674451005,5,4.854135756543476e-15,5.55653613398821e-19,7.216449660063518e-16,2.779508225039806e-07,0.9240181310509398,1.0759034766524622,0.4607550818403408,3.886908156447433e-14,0.0009912920650094748,not_checked,0.001,not_checked,not_checked,,,
circle_uniform_direct_n800,862,2026592463,True,ok,0.0009141673864385032,0.003153403152635275,0.0015140131471839493,1.4623545711022754,1.4588662414528633,0.4809540735014196,0.48102947489035186,0.48218225175429985,0.48126659582151565,0.48126659582151554,800.0000000000005,800.0000000000005,0.00125,4.2847669856627135e-16,1.1561465360968797,6,1.1058862159352145e-17,-1.3010426069826053e-18,-1.5543122344752192e-15,0.00015662359966528427,0.9954308250522376,1.0028029328647206,0.49614571326495255,4.683753385137379e-17,0.0012328741140663624,not_checked,0.001,not_checked,not_checked,,,
circle_uniform_direct_n800,863,2026592464,True,ok,0.0037932918141570056,0.0010022493716637893,0.0030504217291298,6.063627887134721,6.199612537168923,0.04757158844679632,0.04770632061250844,0.045057930684751196,0.048092287809545005,0.048092287809544915,800.0000000000005,800.0000000000005,0.00125,1.0918339149457168e-11,1.1589435016613445,5,-2.2551405187698492e-17,-6.938893903907228e-18,-7.993605777301127e-15,0.0028195077582457984,0.9705914255647746,1.0219139189401683,0.4848093116083505,7.561160898783559e-13,0.0010119590442627668,not_checked,0.001,not_checked,not_checked,,,
circle_uniform_direct_n800,864,2026592465,True,ok,0.0006249754322760039,0.0003215015340301648,0.0012429514259740342,0.9998042615615754,1.0129708324984463,0.606190439667718,0.6062379013179884,0.6026097839151491,0.6065425806920561,0.6065425806920557,800.0000000000005,800.0000000000005,0.00125,8.00644602699796e-11,1.0712144353029005,4,4.1753764074697886e-13,2.168404344971009e-19,0.0,7.821504001570556e-05,0.9616119349748927,1.037137835758734,0.48065138815392977,7.047129806786456e-13,0.0009825830347836018,not_checked,0.001,not_checked,not_checked,,,
circle_uniform_direct_n800,865,2026592466,True,ok,0.00022104105337263238,0.0001829910818470821,0.0007312338697430155,0.3536464948019369,0.36575144264020576,0.8377793673098792,0.8377874131425603,0.832871657495544,0.8379198372364469,0.8379198372364468,800.0000000000005,800.0000000000005,0.00125,3.953960422964364e-12,1.046386605238289,4,-9.199748168126076e-14,-2.710505431213761e-19,2.220446049250313e-16,9.595297137565684e-06,0.959820537833281,1.039741466572695,0.4798224499415663,1.829790659269026e-13,0.000846790848299861,not_checked,0.001,not_checked,not_checked,,,
circle_uniform_direct_n800,866,2026592467,True,ok,0.002937174570753762,0.0006831242776601139,0.002691921514588521,4.696080644177095,4.768634271206722,0.09474512786720077,0.09490672141235837,0.09215188534036658,0.09539399417948764,0.09539399417948749,800.0000000000005,800.0000000000005,0.00125,3.0103940173997756e-12,1.1363916058094783,5,-2.6020852139652106e-18,6.5052130349130266e-18,1.1546319456101628e-14,0.0016993345144631355,0.9843859995290398,1.0097926378732072,0.49185676961343267,1.6322511918465121e-13,0.0009907509665936232,not_checked,0.001,not_checked,not_checked,,,
circle_uniform_direct_n800,867,2026592468,True,ok,0.0010919773514745663,0.0007300597786393155,0.0016505399247752177,1.7466936597105633,1.751860687442567,0.4170547105402048,0.41715285785204437,0.4164743750651849,0.4174535989197885,0.4174535989197885,800.0000000000005,800.0000000000005,0.00125,3.7101224870106364e-12,1.10041627024249,5,-5.854691731421724e-18,-2.168404344971009e-19,-1.1102230246251565e-15,0.00023505132437184884,0.9929197689008057,1.0049142311602008,0.4960974486093835,2.128984922383781e-13,0.001032958971336484,not_checked,0.001,not_checked,not_checked,,,
circle_uniform_direct_n800,868,2026592469,True,ok,0.0004376701430948306,0.00023479999808543835,0.0010382425667524629,0.7001946438832085,0.7109893583733973,0.7044600375581598,0.7044873799650682,0.7008266730770061,0.7045921779963684,0.7045921779963683,800.0000000000005,800.0000000000005,0.00125,3.142977544889902e-11,1.0602367682981717,4,5.936449248844511e-13,-9.75781955236954e-19,-1.9984014443252818e-15,3.8792534260423395e-05,0.9843750511205837,1.0147444527389373,0.4920719606423114,1.1594458032559984e-12,0.0008836248889565468,not_checked,0.001,not_checked,not_checked,,,
circle_uniform_direct_n800,869,2026592470,True,ok,0.0001861931819437195,0.0013432190367329805,0.0006662657826469542,0.29789588499728775,0.31252079245850056,0.8614367296979739,0.8614424249056588,0.855336434987535,0.8616082779349865,0.8616082779349864,800.0000000000005,800.0000000000005,0.00125,2.5389794433561264e-11,1.0917888927433654,4,-1.3656697300801213e-13,4.336808689942018e-19,3.885780586188048e-16,6.60305633182201e-06,0.9499062323152668,1.0497310390388834,0.47431517231834397,2.438547627714449e-12,0.0012004582677036524,not_checked,0.001,not_checked,not_checked,,,
circle_uniform_direct_n800,870,2026592471,True,ok,0.0020990545618599565,0.0002008301141992984,0.00227950747188759,3.3567394006726836,3.405409087928481,0.18578465427835722,0.18594726054575691,0.18219011595309567,0.18651499341417654,0.1865149934141764,800.0000000000005,800.0000000000005,0.00125,3.9164851917128374e-14,1.1038224068299463,5,-1.7780915628762273e-17,3.469446951953614e-18,5.329070518200751e-15,0.0008739491516243092,0.9425833279664918,1.0532391380173474,0.4711970144006345,1.21766745991847e-15,0.0010827919468283653,not_checked,0.001,not_checked,not_checked,,,
circle_uniform_direct_n800,871,2026592472,True,ok,0.001437147970740878,0.002945736232846963,0.001929364585470282,2.2984899658704423,2.2212823457295676,0.31605951768830887,0.316209388248055,0.32934772453880556,0.31672595426260736,0.3167259542626072,800.0000000000005,800.0000000000005,0.00125,2.5673907444456745e-16,1.1723161251068013,6,2.8189256484623115e-18,2.168404344971009e-19,0.0,0.0004733936574818909,0.9613519137969688,1.0355756228352202,0.4792601443658232,3.122502256758253e-17,0.001148291165009141,not_checked,0.001,not_checked,not_checked,,,
circle_uniform_direct_n800,872,2026592473,True,ok,3.64890012696052e-05,9.05381152498222e-05,0.0003036449828224679,0.058381853980266796,0.05777846734984837,0.9712246730195635,0.9712249392162893,0.9715240706579531,0.971230746407253,0.971230746407253,800.0000000000005,800.0000000000005,0.00125,5.564472493890804e-14,1.0265287891385955,4,7.157699454841959e-16,0.0,7.632783294297951e-17,2.740255507782674e-07,0.9810019150677749,1.018924057305545,0.4904565486544512,1.4693107841523556e-15,0.000931082759052515,not_checked,0.001,not_checked,not_checked,,,
circle_uniform_direct_n800,873,2026592474,True,ok,0.0010028937902500411,0.0010693901196054947,0.0016052345973874317,1.604217459930113,1.5677815156858528,0.4474476185628298,0.44754007127576645,0.4566259297002979,0.44828995622927703,0.4482899562292768,800.0000000000005,800.0000000000005,0.00125,1.1057096210853601e-11,1.1112837387372918,5,-1.951563910473908e-18,-4.336808689942018e-19,0.0,0.00020630223497675182,0.9324736428171139,1.065498373066017,0.46573821218162087,9.799348832384425e-13,0.000952376052737236,not_checked,0.001,not_checked,not_checked,,,
circle_uniform_direct_n800,874,2026592475,True,ok,0.0006409498413387812,0.0015047690524056224,0.0012751340192880857,1.0253642380426242,1.01092110450289,0.5986207320713441,0.5986673108944118,0.6032276935699873,0.5988405720897767,0.5988405720897765,800.0000000000005,800.0000000000005,0.00125,4.921320295725451e-11,1.111399977647895,5,1.3118846287074604e-17,-2.168404344971009e-19,-6.661338147750939e-16,7.775404971321898e-05,0.9835164088725511,1.0152396249731257,0.49101821113220173,3.840275753647093e-12,0.0010458752512931824,not_checked,0.001,not_checked,not_checked,,,
circle_uniform_direct_n800,875,2026592476,True,ok,2.6391380868509e-06,0.00028061666099688843,8.136718663787312e-05,0.004222617288677474,0.004208225665547901,0.9978908666714932,0.9978908684928292,0.9978980992608624,0.997890916778722,0.997890916778722,800.0000000000005,800.0000000000005,0.00125,1.3456250003152093e-13,1.0359863317709583,4,3.0776942138485003e-18,-4.0657581468206416e-20,-6.245004513516506e-17,1.8251419841609773e-09,0.9935584635246313,1.0064353823152579,0.4966398288573138,4.651227319962814e-15,0.0009220410138368607,not_checked,0.001,not_checked,not_checked,,,
circle_uniform_direct_n800,876,2026592477,True,ok,0.0016692769621502875,1.371834197534698e-05,0.00204613364756984,2.669728129238802,2.6644725076520244,0.26245980425942095,0.2626064120701359,0.2638864838227439,0.2630472593187106,0.2630472593187105,800.0000000000005,800.0000000000005,0.00125,1.8487044398584826e-10,1.0859391279990516,4,6.596266718603139e-12,4.553649124439119e-18,7.105427357601002e-15,0.0005575051008297471,0.9943622908142088,1.0023001269541998,0.4971743249046414,7.248863835573882e-12,0.0008336671162396669,not_checked,0.001,not_checked,not_checked,,,
circle_uniform_direct_n800,877,2026592478,True,ok,0.0009904469208181443,0.0014118917986929874,0.0015488191542858772,1.5843313490906519,1.6367183376432242,0.4523087455978909,0.45239562944294903,0.44115492171408177,0.452776099781407,0.45277609978140687,800.0000000000005,800.0000000000005,0.00125,3.8461414608725875e-11,1.1187297202162927,5,7.37257477290143e-18,0.0,2.220446049250313e-16,0.00019186210918986646,0.9662847978685861,1.031759177593083,0.482460293290725,2.9766124461094723e-12,0.0010097511112689972,not_checked,0.001,not_checked,not_checked,,,
circle_uniform_direct_n800,878,2026592479,True,ok,0.0006425818078905038,0.0018472952148887432,0.0012689958437412724,1.027944353952198,1.0264240489049974,0.5977908982174511,0.597846701403822,0.5985698667023434,0.5980592520092815,0.5980592520092812,800.0000000000005,800.0000000000005,0.00125,9.94833937451034e-11,1.1254196292792573,5,-3.2526065174565133e-19,8.673617379884035e-19,1.7763568394002505e-15,9.326933630438017e-05,0.9767652347294863,1.0218682099142082,0.4874803739798762,8.719573674209613e-12,0.000982541125267744,not_checked,0.001,not_checked,not_checked,,,
circle_uniform_direct_n800,879,2026592480,True,ok,0.0007239633762097003,0.0010116008903837959,0.0013643963111729502,1.1581205196968523,1.1268534730291093,0.5600041742166468,0.5600660843413909,0.569255030782615,0.5603628823235596,0.5603628823235594,800.0000000000005,800.0000000000005,0.00125,1.0775415282271439e-11,1.1027454850305118,5,4.553649124439119e-18,1.0842021724855044e-19,-6.661338147750939e-16,0.00011044111933444789,0.9673344130042939,1.0311811402503095,0.4831779361777863,7.846891539320389e-13,0.001078207977116108,not_checked,0.001,not_checked,not_checked,,,
circle_uniform_direct_n800,880,2026592481,True,ok,0.0007546550302969003,0.0021374584040318965,0.0013920318004835995,1.2071842928527543,1.1763126243604518,0.546417668821112,0.5464898030696781,0.5553502339072394,0.5467716490974937,0.5467716490974937,800.0000000000005,800.0000000000005,0.00125,1.6664993690573837e-10,1.1367164497268871,5,-1.0842021724855044e-19,-2.168404344971009e-19,-2.220446049250313e-16,0.00013187781114343267,0.9718258870033513,1.0265540450407815,0.4848744057211532,1.5625208592273676e-11,0.000999291194602847,not_checked,0.001,not_checked,not_checked,,,
circle_uniform_direct_n800,881,2026592482,True,ok,0.0004603899140943711,0.00024156741828973438,0.0010484218351080085,0.7365400815703511,0.7716853943244328,0.6915514053650071,0.6915804091848772,0.6798774639236763,0.6919013223618409,0.6919013223618407,800.0000000000005,800.0000000000005,0.00125,2.7383881837442225e-11,1.060564697028123,4,-4.985249409464321e-13,-1.3010426069826053e-18,-7.771561172376096e-16,4.189049032155001e-05,0.9522218441889216,1.0468630991614492,0.4759959099849391,1.029745082606337e-12,0.0008483331184834242,not_checked,0.001,not_checked,not_checked,,,
circle_uniform_direct_n800,882,2026592483,True,ok,0.002133738726094541,0.0012789763530831931,0.00236641400912635,3.41222125885545,3.256215902975167,0.1806990643953702,0.180858387082924,0.19630063330646425,0.18141084086510406,0.18141084086510384,800.0000000000005,800.0000000000005,0.00125,2.7280573633436944e-11,1.1376066666495839,5,8.673617379884035e-18,-8.673617379884035e-19,0.0,0.000880351447908545,0.9448817934884624,1.0509285382062417,0.47183666105188643,2.0045536411328335e-12,0.001004416262730956,not_checked,0.001,not_checked,not_checked,,,
circle_uniform_direct_n800,883,2026592484,True,ok,0.0008732941281438464,0.0021852934997806366,0.0014492669074347162,1.3969766179120588,1.4531026238202043,0.4967885757308813,0.49686168557634647,0.4835738129621062,0.4972634551370121,0.49726345513701187,800.0000000000005,800.0000000000005,0.00125,1.7101923349693848e-10,1.135061491094256,5,-5.421010862427522e-19,2.168404344971009e-19,4.440892098500626e-16,0.00014699355904812528,0.9595300898912905,1.0387600251666531,0.47871667891137537,1.7070879432257158e-11,0.0013367077335715294,not_checked,0.001,not_checked,not_checked,,,
circle_uniform_direct_n800,884,2026592485,True,ok,0.00016277666877233298,0.0013493740804622996,0.000638192068565843,0.2604335321266263,0.26032145643889787,0.8778683713770965,0.8778723834376849,0.8779543075470013,0.8779010991596754,0.8779010991596753,800.0000000000005,800.0000000000005,0.00125,3.3077492134214737e-11,1.090045337297813,4,-2.8679828152113063e-13,5.421010862427522e-19,-4.440892098500626e-16,4.568954553307858e-06,0.982901437487775,1.016794702451211,0.49078753070679926,2.4835463546812875e-12,0.001288499915972352,not_checked,0.001,not_checked,not_checked,,,
circle_uniform_direct_n800,885,2026592486,True,ok,0.001613664741815176,0.0002604923129810076,0.0020121038522962742,2.5808078957721357,2.5755954692159917,0.27441982183521685,0.2745649409439942,0.27587767042698835,0.27501440703981556,0.27501440703981533,800.0000000000005,800.0000000000005,0.00125,8.899478376456216e-14,1.097489813547442,5,-3.0357660829594124e-18,-1.734723475976807e-18,8.881784197001252e-16,0.0005278455660737702,0.9815056206725418,1.0152475865721002,0.4906249735005808,3.4544849619733142e-15,0.0009556671138852835,not_checked,0.001,not_checked,not_checked,,,
circle_uniform_direct_n800,886,2026592487,True,ok,0.002265867095798121,9.253135050288502e-05,0.0023554127889365804,3.623336515245666,3.7115044087560016,0.16251918335658405,0.16268616978163652,0.15633530233685905,0.1632138986733808,0.16321389867338065,800.0000000000005,800.0000000000005,0.00125,2.9160701631170127e-15,1.1038564325024431,5,1.1709383462843448e-17,-2.6020852139652106e-18,-4.884981308350689e-15,0.0010254190156651077,0.9546106800301848,1.0408639507207436,0.4772611742391175,5.613456748043699e-17,0.0010010001715272665,not_checked,0.001,not_checked,not_checked,,,
circle_uniform_direct_n800,887,2026592488,True,ok,0.005041685678605924,0.0002957540303774064,0.0035906977021224785,8.056443972289554,7.908451165769441,0.01738924558477904,0.017478949095168637,0.019173511096893827,0.017714911385893675,0.017714911385893633,800.0000000000005,800.0000000000005,0.00125,1.1930907650725686e-13,1.1638229809295784,5,2.42861286636753e-17,3.469446951953614e-18,8.881784197001252e-15,0.0051265567399649825,0.964595109029072,1.0252962741957752,0.4821549147825383,5.7310926837583764e-15,0.0010514170862734318,not_checked,0.001,not_checked,not_checked,,,
circle_uniform_direct_n800,888,2026592489,True,ok,0.0008734572486514395,0.0009110335443714688,0.0014829894500334763,1.3972224990465807,1.389206706433686,0.4968110855459136,0.49688794923961754,0.499272443524036,0.49719856827708775,0.4971985682770874,800.0000000000005,800.0000000000005,0.00125,6.714080680314538e-12,1.1022516703195726,5,4.336808689942018e-18,1.1926223897340549e-18,1.5543122344752192e-15,0.00015454939786163635,0.9721849578986166,1.0260583330168105,0.4856496337956782,5.162428644289729e-13,0.0010310427751392126,not_checked,0.001,not_checked,not_checked,,,
circle_uniform_direct_n800,889,2026592490,True,ok,2.7153570099339077e-05,0.0010142097673676992,0.0002580105501006859,0.04344541103220334,0.044361969779266895,0.9784932986528623,0.978493446102151,0.9780632043706566,0.9785113859573481,0.9785113859573481,800.0000000000005,800.0000000000005,0.00125,9.270629403035358e-12,1.071666739709842,4,2.523548319095792e-16,3.2526065174565133e-19,5.828670879282072e-16,1.5056336960528327e-07,0.959195551492291,1.0407494440828087,0.47911137449370533,7.928753140151734e-13,0.0008852910250425339,not_checked,0.001,not_checked,not_checked,,,
circle_uniform_direct_n800,890,2026592491,True,ok,0.0015272932026539501,0.0007823996543143764,0.0019823909487323333,2.4426995434198777,2.3800454666342286,0.2939420928650165,0.2940848069295363,0.3042143481868459,0.2946890453544963,0.2946890453544961,800.0000000000005,800.0000000000005,0.00125,4.413896331767475e-12,1.1163325422862196,5,-1.3227266504323154e-17,1.0842021724855044e-18,3.552713678800501e-15,0.00048479041322191385,0.946837295819236,1.0500512468582142,0.473048257080001,2.808627896228044e-13,0.0014865000266581774,not_checked,0.001,not_checked,not_checked,,,
circle_uniform_direct_n800,891,2026592492,True,ok,0.0027426890882139604,0.0008946030811074752,0.0026567048796725555,4.385276947272571,4.273520136340944,0.11080698346582275,0.11097499392682694,0.11803665488078612,0.11145311491266816,0.11145311491266802,800.0000000000005,800.0000000000005,0.00125,8.006838247975878e-12,1.1418307051969185,5,2.168404344971009e-18,-2.168404344971009e-18,-2.6645352591003757e-15,0.001512796934884264,0.9520856700096302,1.042422808034531,0.4756169577614327,4.799901795471406e-13,0.0009699587244540453,not_checked,0.001,not_checked,not_checked,,,
circle_uniform_direct_n800,892,2026592493,True,ok,0.0006498470103461058,0.00053567744185659,0.001264674517797868,1.0395799826781507,1.0567530318365774,0.5943342589841687,0.5943863754390206,0.5895613365902148,0.5945933168175495,0.5945933168175492,800.0000000000005,800.0000000000005,0.00125,9.946727816401157e-11,1.0830480314143522,4,5.56890688077627e-12,8.673617379884035e-19,1.1102230246251565e-15,8.761693780956481e-05,0.9775327239022011,1.0211442502965546,0.48850453521004605,1.1208283866998014e-11,0.0008985002059489489,not_checked,0.001,not_checked,not_checked,,,
circle_uniform_direct_n800,893,2026592494,True,ok,0.0005106529574333343,0.001268711796435171,0.0011281644338739624,0.8169284825174982,0.8202340231339293,0.6644257992795604,0.6644644470489887,0.6635725999237096,0.6646316072101809,0.6646316072101806,800.0000000000005,800.0000000000005,0.00125,1.6206109371141864e-10,1.1051241672853076,4,8.058432176757946e-12,1.3010426069826053e-18,2.220446049250313e-15,5.81246879186037e-05,0.9760138692301863,1.022908746657678,0.48738778402915406,1.758444865412878e-11,0.0008730832487344742,not_checked,0.001,not_checked,not_checked,,,
circle_uniform_direct_n800,894,2026592495,True,ok,0.0021133296114774405,0.0021168596813785218,0.0022712835215029092,3.379600226600374,3.4671327186553205,0.18373689229691442,0.18389592939132554,0.17665327615466225,0.18439710101095425,0.18439710101095408,800.0000000000005,800.0000000000005,0.00125,1.519784645354072e-10,1.15827332098424,5,-2.6020852139652106e-18,3.0357660829594124e-18,5.329070518200751e-15,0.0008635758817663319,0.9738877172070219,1.02196668410124,0.48591310712098845,1.503182040646367e-11,0.0010324579197913408,not_checked,0.001,not_checked,not_checked,,,
circle_uniform_direct_n800,895,2026592496,True,ok,0.00047835949148957845,0.0010710733885887468,0.001112762270121845,0.7652904674624533,0.7394329182670882,0.6817722053571602,0.6818011100509618,0.6909302098165182,0.682025935552997,0.682025935552997,800.0000000000005,800.0000000000005,0.00125,8.452511260359508e-11,1.0933334199025986,4,-3.823061171023129e-12,5.421010862427522e-19,1.1102230246251565e-16,4.235946043629202e-05,0.9640045500651222,1.035074351428898,0.4814860219531585,6.825551408795594e-12,0.000893500167876482,not_checked,0.001,not_checked,not_checked,,,
circle_uniform_direct_n800,896,2026592497,True,ok,0.0004623129424248131,0.0002643933418845255,0.0010844879085901093,0.7396164765302096,0.727085489736979,0.6906866910844138,0.6907157967550341,0.695209009963331,0.690837704043063,0.6908377040430628,800.0000000000005,800.0000000000005,0.00125,3.2942106941574734e-11,1.0617997408295254,4,-6.455526759853447e-13,-1.1926223897340549e-18,-1.5543122344752192e-15,4.211567474587952e-05,0.9815456145129599,1.0175369501529121,0.4906430496277701,1.3180626295267173e-12,0.0009135408326983452,not_checked,0.001,not_checked,not_checked,,,
circle_uniform_direct_n800,897,2026592498,True,ok,0.0021511070446702265,9.607658240278069e-05,0.002319333805931692,3.4399142917136696,3.447710852882738,0.1782251698406055,0.1783910292677819,0.17837710068903917,0.17890763073636112,0.17890763073636098,800.0000000000005,800.0000000000005,0.00125,2.501471252358556e-15,1.1020827513873108,5,-8.673617379884035e-19,-2.168404344971009e-18,-3.1086244689504383e-15,0.0009284898793473495,0.9676462704933643,1.0280474637953665,0.48377665135946224,5.589062199162775e-17,0.0013121247757226229,not_checked,0.001,not_checked,not_checked,,,
circle_uniform_direct_n800,898,2026592499,True,ok,7.496835318133131e-05,0.0003565441612286902,0.0004281717292491435,0.11994721315991354,0.12267632786393345,0.941760626460755,0.9417616402476149,0.940505141077746,0.9417883769672126,0.9417883769672126,800.0000000000005,800.0000000000005,0.00125,7.686438291409914e-13,1.0482446619100583,4,-8.704652667071433e-15,2.168404344971009e-19,2.220446049250313e-16,1.0759651083158683e-06,0.9705820021172306,1.0292713758429526,0.48511797577503807,1.504742511149182e-14,0.0009786251466721296,not_checked,0.001,not_checked,not_checked,,,
circle_uniform_direct_n800,899,2026592500,True,ok,0.0013116311126969674,0.0014190320545450336,0.0017840551605462446,2.0978709451301127,2.171972058072036,0.34926506362550824,0.34939427119746824,0.33756876913157874,0.35018107884544786,0.3501810788454477,800.0000000000005,800.0000000000005,0.00125,3.739512866030026e-11,1.131441797083735,5,4.336808689942018e-19,8.673617379884035e-19,1.3322676295501878e-15,0.0003694175925181842,0.9295796294389488,1.067704869551093,0.46413022521494485,3.0372679198087393e-12,0.0010572089813649654,not_checked,0.001,not_checked,not_checked,,,
circle_uniform_direct_n800,900,2026592501,True,ok,0.0026675633268936324,0.0014875946079146779,0.0026067404925821953,4.265121289679795,4.1949254735696195,0.11767295160965902,0.11784885091087903,0.1227675269465908,0.1183568978173873,0.11835689781738715,800.0000000000005,800.0000000000005,0.00125,4.354362009850732e-11,1.1604038587212178,5,2.992397996059992e-17,-2.6020852139652106e-18,-4.440892098500626e-15,0.0014900166750093646,0.9759805376060665,1.018570921588559,0.4872643257004736,3.667946155139212e-12,0.001049125799909234,not_checked,0.001,not_checked,not_checked,,,
circle_uniform_direct_n800,901,2026592502,True,ok,0.0014990346295087852,0.0010735666989365386,0.001922798479706977,2.3975956718012834,2.433679531541295,0.30086833353097764,0.30099787947115964,0.2961646392009823,0.3014269129611703,0.30142691296116997,800.0000000000005,800.0000000000005,0.00125,1.1965317625595162e-11,1.1188096075095095,5,1.1492543028346347e-17,-4.336808689942018e-18,-6.217248937900877e-15,0.0004298677063871992,0.978561186940782,1.018509808063781,0.4887553291801992,9.953123394912389e-13,0.0010662081185728312,not_checked,0.001,not_checked,not_checked,,,
circle_uniform_direct_n800,902,2026592503,True,ok,0.0002729021896326596,0.0019205800789422528,0.00083343787814764,0.4366133138776668,0.42899665934244935,0.8037818756103547,0.8037940141600246,0.8069461595961654,0.8038667545525047,0.8038667545525044,800.0000000000005,800.0000000000005,0.00125,1.1068226890564858e-10,1.1117924025210824,4,2.193929716717835e-13,0.0,1.6653345369377348e-16,1.5094767294415723e-05,0.9780883946702524,1.021361932995033,0.48810488261020385,1.0187037411540922e-11,0.0008662082254886627,not_checked,0.001,not_checked,not_checked,,,
circle_uniform_direct_n800,903,2026592504,True,ok,0.0006318687595980918,1.7134455793054004e-05,0.0012565424990753319,1.0108304238417585,1.0138176173801026,0.6027881928207388,0.602836348659118,0.6023546974925125,0.6032069094602748,0.6032069094602746,800.0000000000005,800.0000000000005,0.00125,1.929139530412738e-11,1.0529105671634311,4,3.531788576871531e-14,-1.6263032587282567e-18,-3.3306690738754696e-15,7.979575759453628e-05,0.9548694428870438,1.0438675053639577,0.47742654086484937,5.684645462689097e-14,0.0008697910234332085,not_checked,0.001,not_checked,not_checked,,,
circle_uniform_direct_n800,904,2026592505,True,ok,0.00239565237550115,0.00028698349843918347,0.002471512258911434,3.830739310823359,3.7630872974073095,0.14643834428312102,0.1466075349391664,0.1523547419442003,0.14711776354071057,0.14711776354071035,800.0000000000005,800.0000000000005,0.00125,1.4958867478043203e-13,1.115192812646906,5,-9.107298248878237e-18,2.168404344971009e-18,4.884981308350689e-15,0.001152244989241602,0.9735002717237988,1.0217037274003655,0.4866104458357948,5.069404097890473e-15,0.0013916250318288803,not_checked,0.001,not_checked,not_checked,,,
circle_uniform_direct_n800,905,2026592506,True,ok,0.0002782348450918619,2.3171668608371636e-05,0.0008303140879443414,0.4451446984486319,0.4501528246235646,0.8002243336508976,0.8002367725829374,0.7984552046202513,0.8004446637254458,0.8004446637254456,800.0000000000005,800.0000000000005,0.00125,2.8911803506836975e-12,1.0367236332550271,4,3.589386817284823e-14,7.047314121155779e-19,2.7755575615628914e-16,1.5526849173691515e-05,0.9533364443151691,1.0461063516922788,0.47665717695643556,6.645725636467148e-14,0.0009287921711802483,not_checked,0.001,not_checked,not_checked,,,
circle_uniform_direct_n800,906,2026592507,True,ok,0.0004502837924755797,0.00011513255964208435,0.001086741656145591,0.7203736457120821,0.6872695649183507,0.6970958798498659,0.6971239509129035,0.7091878886148245,0.6975179478169509,0.6975179478169506,800.0000000000005,800.0000000000005,0.00125,2.1805602462565687e-11,1.0523546481200592,4,-3.325504476826835e-13,1.6263032587282567e-19,1.1102230246251565e-16,4.0211124422928624e-05,0.9448149801229221,1.054288470070545,0.47235310075061426,7.051817896980284e-13,0.0009724178817123175,not_checked,0.001,not_checked,not_checked,,,
circle_uniform_direct_n800,907,2026592508,True,ok,0.0008784922982390895,0.0011081743772182037,0.0014323897497108345,1.4053008634544923,1.505096286875579,0.49441979775535105,0.494490811155591,0.4711644272539557,0.49519986085896084,0.4951998608589606,800.0000000000005,800.0000000000005,0.00125,1.4192161335024878e-11,1.105015168611489,5,-4.336808689942018e-18,1.0842021724855044e-18,2.220446049250313e-16,0.00014340686402580793,0.9336410431741257,1.0646674551412278,0.4663031818113171,1.1299685145904625e-12,0.0010769169311970472,not_checked,0.001,not_checked,not_checked,,,
circle_uniform_direct_n800,908,2026592509,True,ok,0.0016229749105789015,0.00044868446024773714,0.001976485220801284,2.5957278353065427,2.700272782101798,0.2722943016540593,0.27243503289466475,0.25920490500545795,0.2729736718758213,0.27297367187582106,800.0000000000005,800.0000000000005,0.00125,6.258500662159605e-13,1.101944964653567,5,-8.673617379884035e-18,2.168404344971009e-18,4.440892098500626e-15,0.0005160108098505312,0.9562582047975026,1.0405321882311802,0.477914571322985,3.040232995910053e-14,0.001009833998978138,not_checked,0.001,not_checked,not_checked,,,
circle_uniform_direct_n800,909,2026592510,True,ok,0.0013552916136095165,0.00030556319061938726,0.001829840916613285,2.1677294981664215,2.1965308727348662,0.3376227654672267,0.33774738300728746,0.3334489708202969,0.33816095761501413,0.3381609576150138,800.0000000000005,800.0000000000005,0.00125,1.651925124468434e-13,1.0918717848798396,5,3.903127820947816e-18,1.0842021724855044e-18,2.220446049250313e-15,0.0003685418044030442,0.9766890451464716,1.0205977761570821,0.4881953038920616,6.532209669007916e-15,0.0010415010619908571,not_checked,0.001,not_checked,not_checked,,,
circle_uniform_direct_n800,910,2026592511,True,ok,0.0006003316180764311,0.0009232389666970087,0.0012329420820545594,0.9603756681968056,0.9489256279480921,0.6183866766464146,0.6184346140273453,0.6222192141714922,0.6186192537730644,0.6186192537730641,800.0000000000005,800.0000000000005,0.00125,1.5984344056696465e-10,1.0966201952640255,4,8.609386315840128e-12,-3.2526065174565133e-19,1.1102230246251565e-16,7.746036274236534e-05,0.9788202243867223,1.0199363603378686,0.48895828602910674,1.805368181340139e-11,0.0010705001186579466,not_checked,0.001,not_checked,not_checked,,,
circle_uniform_direct_n800,911,2026592512,True,ok,0.0015397444052971587,0.00025339856249502674,0.001990946780416797,2.462652621417565,2.394780595031106,0.29113986156361094,0.2912766917435168,0.30198126573680223,0.29176823015334363,0.29176823015334347,800.0000000000005,800.0000000000005,0.00125,8.941285212227257e-14,1.0929233496359194,5,4.336808689942018e-19,2.6020852139652106e-18,3.9968028886505635e-15,0.0004692135289452448,0.9648650331742523,1.0320736833603381,0.482310269919434,3.0913856544079188e-15,0.0010995829943567514,not_checked,0.001,not_checked,not_checked,,,
circle_uniform_direct_n800,912,2026592513,True,ok,0.006449685776914548,0.0011699875220251175,0.0040057988337431506,10.302495098627013,10.428575404639409,0.005613775432546167,0.005661749733094478,0.005438305789796081,0.005743143206754436,0.0057431432067544235,800.0000000000005,800.0000000000005,0.00125,1.4978161072543017e-11,1.20956444315197,5,3.3393426912553537e-16,-2.6020852139652106e-18,-5.329070518200751e-15,0.008501072218134453,0.9422116282748729,1.0447872123054591,0.47055459991729115,1.4038887240219733e-12,0.001038165995851159,not_checked,0.001,not_checked,not_checked,,,
circle_uniform_direct_n800,913,2026592514,True,ok,0.0025558267881048073,0.0011531146934732647,0.002558686235305032,4.086745024467818,3.9964958391937087,0.1287561633090748,0.1289225799294606,0.13557260938075716,0.12942400158191,0.12942400158190986,800.0000000000005,800.0000000000005,0.00125,1.948376182614453e-11,1.1435876612522633,5,-9.974659986866641e-18,-8.673617379884035e-19,-8.881784197001252e-16,0.0012889182499380425,0.9695149320755229,1.0254177246881273,0.4841984591872235,1.3246361472984969e-12,0.001046417048200965,not_checked,0.001,not_checked,not_checked,,,
circle_uniform_direct_n800,914,2026592515,True,ok,0.0008435953761099317,0.0003032372603634241,0.0014850962580396712,1.3494689614033395,1.291265103687218,0.5086845358772647,0.5087567687328538,0.5243307707906518,0.5092194067002567,0.5092194067002567,800.0000000000005,800.0000000000005,0.00125,1.7515641628079726e-10,1.077047286531665,4,-3.5073755965536746e-13,2.168404344971009e-19,-1.1102230246251565e-15,0.00014182018627595383,0.952771767841135,1.0455449099820915,0.47624142440941575,1.2095663012856583e-12,0.0008947502356022596,not_checked,0.001,not_checked,not_checked,,,
circle_uniform_direct_n800,915,2026592516,True,ok,0.0007696589282002596,0.0017675189866297601,0.0013979082390794095,1.2312230502048778,1.2133527501796213,0.5399350835391481,0.5399975667354548,0.5451597679434355,0.5402479151981459,0.5402479151981456,800.0000000000005,800.0000000000005,0.00125,8.424008712815123e-11,1.1226716288497782,5,1.0191500421363742e-17,2.168404344971009e-19,6.661338147750939e-16,0.0001156174577691127,0.9763241810669483,1.0221598593666497,0.4872991956837011,7.308569981850921e-12,0.0010995827615261078,not_checked,0.001,not_checked,not_checked,,,
circle_uniform_direct_n800,916,2026592517,True,ok,0.0024860284632591276,0.001250223605501013,0.002480287753148339,3.975240846577958,4.023598421220066,0.13619017614697004,0.1363544133421583,0.1337478175650193,0.13685644207636527,0.13685644207636513,800.0000000000005,800.0000000000005,0.00125,2.4613387716865276e-11,1.1435752342627488,5,-4.336808689942018e-19,5.204170427930421e-18,8.43769498715119e-15,0.0012023473183242483,0.9857432205757748,1.0093615553638866,0.492255399964473,1.8303609496117534e-12,0.00105291698127985,not_checked,0.001,not_checked,not_checked,,,
circle_uniform_direct_n800,917,2026592518,True,ok,0.003078133288407757,0.0007519179821643086,0.0027594917461796335,4.921145881211463,4.985202561011556,0.08457326136636256,0.08473745256042828,0.08269457476410254,0.0852210652723526,0.0852210652723525,800.0000000000005,800.0000000000005,0.00125,3.2802649485574875e-12,1.1457749282690326,5,-1.3010426069826053e-18,-4.7704895589362195e-18,-6.217248937900877e-15,0.0019336901204756174,0.9855059495207628,1.0082852631429653,0.4923824593414696,2.3959501917192316e-13,0.0013290841598063707,not_checked,0.001,not_checked,not_checked,,,
circle_uniform_direct_n800,918,2026592519,True,ok,0.00029698577327192353,0.0023714923053285283,0.0008564409989356868,0.4751333345984049,0.4820653037822506,0.7882863694306759,0.7883036935472065,0.7858159675920253,0.788527009711239,0.7885270097112389,800.0000000000005,800.0000000000005,0.00125,1.078630310069606e-10,1.1264341438272525,5,3.364603842932745e-12,2.168404344971009e-19,5.551115123125783e-17,2.195131833651609e-05,0.9532120608193545,1.0461250107153193,0.47547584139043003,8.699717161941845e-12,0.0010579170193523169,not_checked,0.001,not_checked,not_checked,,,
circle_uniform_direct_n800,919,2026592520,True,ok,0.00012770861836383,0.0004774972584731202,0.0005740979982572162,0.20432772420128323,0.19813442900774453,0.9027808594935892,0.9027836000321867,0.9056818310227244,0.902878853406549,0.902878853406549,800.0000000000005,800.0000000000005,0.00125,3.719892449627338e-12,1.057350110389497,4,-7.119294303387091e-14,2.168404344971009e-19,8.326672684688674e-16,3.032590422447079e-06,0.9554226701707248,1.044331082416244,0.477483227796749,1.2880777174040237e-13,0.0009374578949064016,not_checked,0.001,not_checked,not_checked,,,
circle_uniform_direct_n800,920,2026592521,True,ok,0.0018523455784886901,0.0012661347091824813,0.002151818672454397,2.962430872199614,2.966648968607274,0.2265991316898568,0.2267492414216044,0.22688216701717417,0.2272109352501507,0.22721093525015054,800.0000000000005,800.0000000000005,0.00125,2.1134972244540862e-11,1.1317983348684193,5,-3.903127820947816e-18,-1.734723475976807e-18,-8.881784197001252e-16,0.0006610266911457607,0.9949567854344478,1.0014134805170407,0.49684855042638526,1.9252607320885406e-12,0.0010033331345766783,not_checked,0.001,not_checked,not_checked,,,
circle_uniform_direct_n800,921,2026592522,True,ok,0.0014054417010272832,0.00040701477656790463,0.0018710480875587755,2.2479120861119366,2.260296300629807,0.32428331368552776,0.3244123580154601,0.32298540248846486,0.3248624682531198,0.32486246825311954,800.0000000000005,800.0000000000005,0.00125,5.09359915357166e-13,1.097537808055398,5,3.903127820947816e-18,-3.469446951953614e-18,-5.329070518200751e-15,0.00039731776585893996,0.9702164835108373,1.0269668148473576,0.4849107973263983,2.058292772333381e-14,0.001056541921570897,not_checked,0.001,not_checked,not_checked,,,
circle_uniform_direct_n800,922,2026592523,True,ok,0.0002364086943560244,6.656124208074957e-05,0.0007720653190572094,0.3782317416097186,0.3751111016878765,0.8276349173366584,0.8276440941221523,0.8289830661923613,0.8276814213281721,0.827681421328172,800.0000000000005,800.0000000000005,0.00125,3.385155003532425e-12,1.0382460098896429,4,-5.106863282949847e-14,-1.0842021724855044e-18,-1.3877787807814457e-15,1.1084679960332577e-05,0.9881010582024935,1.0114281446169269,0.4940176445217079,1.0508434400424704e-13,0.0009022909216582775,not_checked,0.001,not_checked,not_checked,,,
circle_uniform_direct_n800,923,2026592524,True,ok,0.0007902311639294531,0.0009129411034462429,0.001410746233683568,1.2641345502510268,1.2554917881517378,0.5311635742045449,0.5312261212231655,0.5337936734056453,0.5314293949451108,0.5314293949451103,800.0000000000005,800.0000000000005,0.00125,8.378724797308834e-12,1.097061617563142,5,5.312590645178972e-18,1.5178830414797062e-18,1.5543122344752192e-15,0.00011765601804936132,0.990742304388979,1.0077254392681032,0.4949189129073464,5.205339197872361e-13,0.0012936657294631004,not_checked,0.001,not_checked,not_checked,,,
circle_uniform_direct_n800,924,2026592525,True,ok,0.0005648171815644566,0.004977555807460813,0.001187353138305685,0.9035271265352331,0.90592743263969,0.6362055987818738,0.636263021116023,0.6357412002383118,0.636447246350379,0.6364472463503787,800.0000000000005,800.0000000000005,0.00125,3.668940151690947e-16,1.1894556533444811,6,-6.396792817664476e-18,-2.168404344971009e-19,0.0,9.018198394900034e-05,0.9787223818871931,1.019926887567445,0.4869250577227284,5.551115123125783e-17,0.0012371661141514778,not_checked,0.001,not_checked,not_checked,,,
circle_uniform_direct_n800,925,2026592526,True,ok,0.001025905813692947,0.0004889844179697079,0.0016112609019595368,1.641015182200478,1.6263809386810477,0.43945939003927315,0.43955491087931786,0.4434410219219892,0.4401126108988207,0.44011261089882037,800.0000000000005,800.0000000000005,0.00125,8.231713921613704e-13,1.0924761866333288,5,5.854691731421724e-18,4.553649124439119e-18,5.773159728050814e-15,0.00021705985411901718,0.9480112964464704,1.04990642226453,0.4737738664596097,4.287217282572531e-14,0.0010512499138712883,not_checked,0.001,not_checked,not_checked,,,
circle_uniform_direct_n800,926,2026592527,True,ok,0.0004971564086440408,0.004101147072239544,0.0011306538176381036,0.7953140746606021,0.7740620359135066,0.6715297296331619,0.6715755028468957,0.6790700312351008,0.671846674851583,0.671846674851583,800.0000000000005,800.0000000000005,0.00125,2.42861286636753e-16,1.171242233411853,6,4.553649124439119e-18,-1.0842021724855044e-18,-5.551115123125783e-16,6.80895849318186e-05,0.9608946943105716,1.0379244632837277,0.4784772394765868,1.9081958235744878e-17,0.0011984182056039572,not_checked,0.001,not_checked,not_checked,,,
circle_uniform_direct_n800,927,2026592528,True,ok,0.0025141674920409586,0.0003988782067821117,0.0025337734061409273,4.020161885022167,3.9435391217825795,0.1331376956511135,0.1333050043397896,0.13921029703135349,0.133810053795976,0.13381005379597583,800.0000000000005,800.0000000000005,0.00125,4.5413325877596833e-13,1.119973811438078,5,4.336808689942018e-19,-8.673617379884035e-19,-1.7763568394002505e-15,0.0012530511216843898,0.9750941065654548,1.0199052219699472,0.48735257997404935,1.8982862157179703e-14,0.0010704160667955875,not_checked,0.001,not_checked,not_checked,,,
circle_uniform_direct_n800,928,2026592529,True,ok,0.0018639441809872735,0.00031068388653126547,0.0021168493110277115,2.9809031666241195,3.107000269032121,0.22438536149688726,0.22454353730446558,0.2115063759708203,0.2251124227743253,0.22511242277432508,800.0000000000005,800.0000000000005,0.00125,1.6340227781963534e-13,1.1054595977548718,5,6.5052130349130266e-18,-1.734723475976807e-18,-1.3322676295501878e-15,0.0007037614777598566,0.9502127457230418,1.0460385813296011,0.47495876328238995,6.976515719292475e-15,0.0009934590198099613,not_checked,0.001,not_checked,not_checked,,,
circle_uniform_direct_n800,929,2026592530,True,ok,6.144243465750279e-05,0.0027716425913984714,0.00039200849192322975,0.09830736773673608,0.09835246175572421,0.9520130166238994,0.9520132679327933,0.952013340767364,0.9520345548615664,0.9520345548615664,800.0000000000005,800.0000000000005,0.00125,4.9479795261042625e-12,1.1178522851739694,5,-7.503162858819162e-14,1.3552527156068805e-20,3.3306690738754696e-16,2.63857634220932e-07,0.9706425193266329,1.0292759332354378,0.4839762340835684,2.4022450695326825e-14,0.001062624854966998,not_checked,0.001,not_checked,not_checked,,,
circle_uniform_direct_n800,930,2026592531,True,ok,0.0007284078844662948,0.0009242364832846542,0.0013574647437626112,1.1652311653198226,1.152695035382341,0.5580729054415787,0.5581347540005399,0.5619471246927896,0.5583739903119589,0.5583739903119587,800.0000000000005,800.0000000000005,0.00125,8.83780895688524e-12,1.099724466875908,5,-9.324138683375338e-18,2.8189256484623115e-18,5.551115123125783e-15,0.0001107249131249155,0.9766028446467797,1.0219115528973453,0.4878501281132276,5.468136794056777e-13,0.0010434570722281933,not_checked,0.001,not_checked,not_checked,,,
circle_uniform_direct_n800,931,2026592532,True,ok,0.000539035986643704,0.0013711983759034695,0.0011840150396288645,0.86235406747055,0.8300238894413319,0.6492899932937002,0.6493236397825228,0.6603323931718927,0.6497102470067199,0.6497102470067196,800.0000000000005,800.0000000000005,0.00125,1.6335358066221772e-10,1.103356184973601,4,-8.1329759550261e-12,-3.2526065174565133e-19,-6.661338147750939e-16,5.175557968845057e-05,0.9492824572135866,1.0496997905105696,0.4739904385562331,1.4315734361836085e-11,0.000952540896832943,not_checked,0.001,not_checked,not_checked,,,
circle_uniform_direct_n800,932,2026592533,True,ok,0.0013308856770372999,0.0003027728451278143,0.0018558603733428963,2.128697782913987,2.058698491423814,0.3442156631243182,0.3443396429930219,0.357239359988875,0.34482834322930983,0.3448283432293096,800.0000000000005,800.0000000000005,0.00125,1.781179370663466e-13,1.0921531455807263,5,1.235990476633475e-17,8.673617379884035e-19,4.440892098500626e-16,0.00035965017284711465,0.9612351480624938,1.0360845303564679,0.4804720565235609,6.318513420811023e-15,0.0010287079494446516,not_checked,0.001,not_checked,not_checked,,,
circle_uniform_direct_n800,933,2026592534,True,ok,0.0004314255974361206,0.005149353139641221,0.00104004108546308,0.6902359628921095,0.6884116812194156,0.7080359621113266,0.7080518961449898,0.7087830167044769,0.7081208711128802,0.7081208711128801,800.0000000000005,800.0000000000005,0.00125,6.192962809237201e-16,1.1750504177492307,6,1.1275702593849246e-17,1.1926223897340549e-18,9.992007221626409e-16,2.249650284191773e-05,0.9966115707533922,1.002701469714868,0.49573991505551945,3.469446951953614e-18,0.001174457836896181,not_checked,0.001,not_checked,not_checked,,,
circle_uniform_direct_n800,934,2026592535,True,ok,0.003160786623627572,0.0007431413485663833,0.002852001686922732,5.0533371397668905,4.923211008350932,0.07917461663435318,0.07933033516972601,0.08529789484833825,0.07976828385920764,0.07976828385920752,800.0000000000005,800.0000000000005,0.00125,3.076861682105303e-12,1.1415738904341712,5,9.107298248878237e-18,5.204170427930421e-18,6.217248937900877e-15,0.0019607290186138826,0.9602600357498521,1.0334877243995741,0.47977322129648914,2.2858537979120186e-13,0.0010255419183522463,not_checked,0.001,not_checked,not_checked,,,
circle_uniform_direct_n800,935,2026592536,True,ok,0.0011742900848587465,0.0027473775043244837,0.0017352489352384117,1.8783455660738095,1.8331082606321492,0.3903656226243455,0.39046696884034726,0.3998946544977618,0.39084974846027765,0.3908497484602774,800.0000000000005,800.0000000000005,0.00125,2.914335439641036e-16,1.1533498499108914,6,-4.336808689942018e-18,-3.469446951953614e-18,-4.440892098500626e-15,0.00025928485009296676,0.9726911118850525,1.025036979648241,0.4850092619393507,1.474514954580286e-17,0.00106225092895329,not_checked,0.001,not_checked,not_checked,,,
circle_uniform_direct_n800,936,2026592537,True,ok,0.00011511102958349558,0.0025946349980301214,0.0005275468329462721,0.1841741516575947,0.19087747081384188,0.9118851260352665,0.9118867223819427,0.9089740478730194,0.9120241366191897,0.9120241366191897,800.0000000000005,800.0000000000005,0.00125,1.6554637868870792e-11,1.1179632217613096,5,-2.544695275894307e-13,-4.0657581468206416e-20,-2.220446049250313e-16,1.7478379991664461e-06,0.9427911981335786,1.0570180708702586,0.47017260677530853,1.566446625189677e-13,0.0010636250954121351,not_checked,0.001,not_checked,not_checked,,,
circle_uniform_direct_n800,937,2026592538,True,ok,0.00239547743803236,0.00020001650851806491,0.0024732893714970736,3.8304859977423162,3.7590827642911857,0.14645964767874003,0.1466268638736266,0.15266010235340743,0.14713835410883594,0.14713835410883583,800.0000000000005,800.0000000000005,0.00125,3.6002451020422654e-14,1.1102326641895748,5,-1.431146867680866e-17,1.734723475976807e-18,2.6645352591003757e-15,0.0011389515547308715,0.9638267683491024,1.031404630222815,0.48181699390861593,1.2125717097077882e-15,0.001035124994814396,not_checked,0.001,not_checked,not_checked,,,
circle_uniform_direct_n800,938,2026592539,True,ok,0.0011267302518378065,0.0004561022774797332,0.0016725585556918033,1.8022481613970958,1.8164450691656766,0.4055768488035346,0.4056824825630234,0.40324033316249275,0.4060072747366985,0.4060072747366984,800.0000000000005,800.0000000000005,0.00125,6.852886313968298e-13,1.0935926020978395,5,2.6020852139652106e-18,-4.9873299934333204e-18,-5.551115123125783e-15,0.0002601207716977916,0.9874600908662812,1.010260575700818,0.4935048558510334,3.243141432490715e-14,0.000995791982859373,not_checked,0.001,not_checked,not_checked,,,
circle_uniform_direct_n800,939,2026592540,True,ok,0.00019546827686299072,0.0010154280493614104,0.0006958643322845002,0.31273307252433025,0.3156437756136116,0.8552068399186332,0.8552137561163604,0.854001876570356,0.8552387395396344,0.8552387395396343,800.0000000000005,800.0000000000005,0.00125,1.9538104641114717e-11,1.0831705009624195,4,2.3401926555442765e-13,8.131516293641283e-19,8.326672684688674e-16,8.085228227538988e-06,0.99077432886697,1.0088238212926366,0.49488414985915136,7.966214493615453e-13,0.0008758748881518841,not_checked,0.001,not_checked,not_checked,,,
circle_uniform_direct_n800,940,2026592541,True,ok,0.0006142675387848508,3.420201992370457e-05,0.0012332973093371997,0.982676700912286,0.9926121505690984,0.6115647392829129,0.6116110542320154,0.6087752814868126,0.6117607336342192,0.611760733634219,800.0000000000005,800.0000000000005,0.00125,2.8156098980103295e-11,1.0537866732532883,4,4.5020877217222255e-13,-7.589415207398531e-19,-1.4432899320127035e-15,7.568057173790166e-05,0.989534310940663,1.0092356539816358,0.49475023341235097,7.791608070545353e-13,0.00093616615049541,not_checked,0.001,not_checked,not_checked,,,
circle_uniform_direct_n800,941,2026592542,True,ok,0.00040283811189383966,0.002142297653669763,0.0009887642452667236,0.6444892803344177,0.6645715237728103,0.7242606859335987,0.7242794247834756,0.717282321615758,0.7245021935765557,0.7245021935765554,800.0000000000005,800.0000000000005,0.00125,1.6040439115849736e-10,1.1182395142976276,4,-6.418041499731825e-12,-4.336808689942018e-19,-6.661338147750939e-16,2.5849347863093897e-05,0.959603635521008,1.0396747405237439,0.47877385118814414,1.5767122850396387e-11,0.0009223746601492167,not_checked,0.001,not_checked,not_checked,,,
circle_uniform_direct_n800,942,2026592543,True,ok,0.00042368544780641405,0.00025480891586193786,0.001053689867206116,0.6778262603507106,0.6471379873481673,0.7121387650239566,0.7121638863376456,0.7235620349969971,0.7125192438832416,0.7125192438832415,800.0000000000005,800.0000000000005,0.00125,2.427107646807425e-11,1.0596500389508756,4,-6.530547587077495e-13,-3.2526065174565133e-19,-1.1102230246251565e-15,3.522806977612758e-05,0.9468876582025538,1.052273300726724,0.47332319114473725,1.3198136160352814e-12,0.0011034579947590828,not_checked,0.001,not_checked,not_checked,,,
circle_uniform_direct_n800,943,2026592544,True,ok,0.001174404191453245,0.0004230477314669473,0.001698258538207618,1.8785059413407974,1.914011853879367,0.390356651598621,0.3904623352675587,0.38404101318066874,0.3908140712616979,0.39081407126169776,800.0000000000005,800.0000000000005,0.00125,4.760497551714593e-13,1.0903844686553754,5,6.938893903907228e-18,-2.168404344971009e-19,-2.886579864025407e-15,0.000270382492197796,0.9811404266181636,1.0165357714082228,0.49036267787085314,2.4018764407940374e-14,0.0010807078797370195,not_checked,0.001,not_checked,not_checked,,,
circle_uniform_direct_n800,944,2026592545,True,ok,0.0012460162270327084,4.525959319581104e-05,0.0017670472494642421,1.9930058932045949,1.9932271077917503,0.3684521348110885,0.36856652809866564,0.36912735687883474,0.3690537499877355,0.3690537499877352,800.0000000000005,800.0000000000005,0.00125,1.7501652037343884e-10,1.0756685102847026,4,4.258769985970856e-13,-1.0842021724855044e-18,-2.220446049250313e-15,0.00031003502386983683,0.959343648196561,1.038167193909338,0.4796501143057887,1.1098452885882626e-12,0.0009712078608572483,not_checked,0.001,not_checked,not_checked,,,
circle_uniform_direct_n800,945,2026592546,True,ok,0.0005233734746234345,0.001722871076001505,0.0011264825484132406,0.8372826001231016,0.8640870704246255,0.6575956470226184,0.6576334827762875,0.6491811138323169,0.6579023389646044,0.6579023389646044,800.0000000000005,800.0000000000005,0.00125,7.696864673389925e-11,1.1163894923291708,5,6.505213034913027e-19,-2.3852447794681098e-18,-3.3306690738754696e-15,5.7479637196988786e-05,0.9612985615937281,1.0376289625870962,0.4798212009310884,6.597939208874415e-12,0.0010686670430004597,not_checked,0.001,not_checked,not_checked,,,
circle_uniform_direct_n800,946,2026592547,True,ok,0.0006309911980688825,0.0015846648687756152,0.0012567934924503673,1.009412511963092,1.008977269493018,0.6033848707052949,0.6034372275033221,0.6038142661287248,0.6036305390896177,0.6036305390896173,800.0000000000005,800.0000000000005,0.00125,5.6032609108136455e-11,1.1172841970540828,5,-1.3010426069826053e-18,1.3010426069826053e-18,2.4424906541753444e-15,8.670247356035166e-05,0.9794468173746519,1.0192377347857233,0.4889473099996685,4.722817189412032e-12,0.001086000120267272,not_checked,0.001,not_checked,not_checked,,,
circle_uniform_direct_n800,947,2026592548,True,ok,0.0014032631589080326,0.0022647846203057275,0.0018830528710633754,2.2445065344879724,2.2230227460912597,0.3249258384989332,0.32504209602816336,0.3290612507521987,0.32542914317579896,0.3254291431757985,800.0000000000005,800.0000000000005,0.00125,6.036837696399289e-16,1.1454552412616401,6,5.204170427930421e-18,2.168404344971009e-19,4.440892098500626e-16,0.00035725988244061924,0.9848186566306644,1.0125117389263143,0.4912942124523645,1.9949319973733282e-17,0.001164125045761466,not_checked,0.001,not_checked,not_checked,,,
circle_uniform_direct_n800,948,2026592549,True,ok,0.0004165502384125865,0.00021279016120167004,0.000993148464974127,0.6664120288346406,0.704000258561264,0.7161943002683755,0.7162188126896349,0.7032800310558481,0.7165980532736225,0.7165980532736225,800.0000000000005,800.0000000000005,0.00125,1.9388569309081172e-11,1.0570508070051154,4,-4.967439762477988e-13,1.7889335846010823e-18,2.886579864025407e-15,3.417631274910127e-05,0.9442900068667305,1.0548834999981096,0.4720445357859954,1.0139428359423608e-12,0.0009286659769713879,not_checked,0.001,not_checked,not_checked,,,
circle_uniform_direct_n800,949,2026592550,True,ok,0.0029877440393954804,0.004158122651041242,0.0027741123396940134,4.777059616685685,4.646270318926983,0.09100363181310062,0.09115565233474117,0.09796596471468735,0.09161179662151052,0.09161179662151038,800.0000000000005,800.0000000000005,0.00125,3.400058012914542e-16,1.2100578561471802,6,-1.734723475976807e-18,4.7704895589362195e-18,5.329070518200751e-15,0.0016654231735433456,0.9660761230117965,1.0281739103590923,0.481029364601461,5.0306980803327406e-17,0.0012894580140709877,not_checked,0.001,not_checked,not_checked,,,
circle_uniform_direct_n800,950,2026592551,True,ok,0.001840644550751973,0.0018733279627722687,0.0021458252041943048,2.9435672775995227,2.948422145302735,0.2286706253256442,0.2288383655054157,0.22895928805516796,0.22934780222685788,0.2293478022268577,800.0000000000005,800.0000000000005,0.00125,9.461013222855641e-11,1.15534640180026,5,-8.023096076392733e-18,-4.7704895589362195e-18,-7.549516567451064e-15,0.000732001801817761,0.971242206114667,1.0249389586170434,0.4847114374244588,9.221319020868979e-12,0.0010571670718491077,not_checked,0.001,not_checked,not_checked,,,
circle_uniform_direct_n800,951,2026592552,True,ok,0.0010011063347474137,0.0030177541572414934,0.001591629067611556,1.6013980550870304,1.5831325639124592,0.4485679502570675,0.44865149133210147,0.45313450277295664,0.44893145345829444,0.4489314534582942,800.0000000000005,800.0000000000005,0.00125,4.2327252813834093e-16,1.1549747205501715,6,-6.5052130349130266e-18,3.0357660829594124e-18,5.773159728050814e-15,0.00018604025441626426,0.9861098576893218,1.0119696011616162,0.49156685428755365,5.551115123125783e-17,0.0011804590467363596,not_checked,0.001,not_checked,not_checked,,,
circle_uniform_direct_n800,952,2026592553,True,ok,0.0010320623955545239,0.0001596563127830203,0.0016212837443743595,1.6508753787272146,1.6223220731357628,0.43749805194239855,0.4375910125003617,0.4443418694601845,0.43795026887047184,0.43795026887047184,800.0000000000005,800.0000000000005,0.00125,1.717896658259832e-14,1.075451370500786,5,-6.938893903907228e-18,1.0842021724855044e-18,2.4424906541753444e-15,0.00021222708001222834,0.9715963292172426,1.0263443642466237,0.4857206033498487,4.933119884809045e-16,0.0009500829037278891,not_checked,0.001,not_checked,not_checked,,,
circle_uniform_direct_n800,953,2026592554,True,ok,0.0001477088668672957,0.0010890430950892412,0.0006176990303928849,0.23632540408580763,0.22891008480786162,0.8884408717234913,0.888444777028535,0.8918520330402945,0.8885475696918379,0.8885475696918378,800.0000000000005,800.0000000000005,0.00125,1.4557605121368056e-11,1.0825979558625523,4,1.7702744652126068e-14,-2.710505431213761e-19,-5.828670879282072e-16,4.391450932811347e-06,0.9569397933005446,1.0427633104428726,0.47794880469382195,1.053942957213172e-12,0.0009039998985826969,not_checked,0.001,not_checked,not_checked,,,
circle_uniform_direct_n800,954,2026592555,True,ok,0.0006777398029087124,0.0003456036580948943,0.0012787275572613455,1.084199925066061,1.126832573658708,0.5808299698139259,0.5808834204811864,0.5692609793495659,0.5814723588779543,0.581472358877954,800.0000000000005,800.0000000000005,0.00125,9.307077851461454e-11,1.074072159014446,4,3.9016218641302336e-13,1.8431436932253575e-18,2.4424906541753444e-15,9.18797939397642e-05,0.9383223792897186,1.060322621072474,0.46899904706595724,5.990624662999267e-13,0.0009140002075582743,not_checked,0.001,not_checked,not_checked,,,
circle_uniform_direct_n800,955,2026592556,True,ok,0.00036532795271443895,0.0006910597431247093,0.0009443590021490663,0.5844685755578497,0.6007710235305876,0.7461272618763428,0.746148246008074,0.7405326815845782,0.7465726378578643,0.7465726378578641,800.0000000000005,800.0000000000005,0.00125,4.378403195559599e-11,1.0791490650766629,4,1.3465045051175295e-12,1.0842021724855044e-19,1.1102230246251565e-16,2.807439262647593e-05,0.9372375807408564,1.0620138257896627,0.46829495554241635,2.86316543390841e-12,0.0008217501454055309,not_checked,0.001,not_checked,not_checked,,,
circle_uniform_direct_n800,956,2026592557,True,ok,0.0016809861938704112,0.001180944628271501,0.002057966744414593,2.6884899490744,2.671733379321237,0.2600028155073866,0.2601445178832541,0.26293019779346577,0.26059469924014456,0.26059469924014433,800.0000000000005,800.0000000000005,0.00125,1.8993730199756698e-11,1.1260427560229413,5,-5.421010862427522e-18,1.0842021724855044e-18,1.7763568394002505e-15,0.000543980559129631,0.9826150640121619,1.0140898877008222,0.4907272999314154,1.4571911385874436e-12,0.0011789568234235048,not_checked,0.001,not_checked,not_checked,,,
circle_uniform_direct_n800,957,2026592558,True,ok,0.00020270485375050926,0.003994686387788927,0.0007110292516836456,0.32432045906486245,0.3255602055280726,0.8501960699444673,0.8501991783265981,0.8497780317110311,0.85030184310376,0.8503018431037599,800.0000000000005,800.0000000000005,0.00125,7.981068236850852e-11,1.1475127141075239,5,-2.2845573902693234e-12,1.599198204416119e-18,2.220446049250313e-15,3.6534679762612043e-06,0.9631061068889659,1.036602222781873,0.47962940850637603,1.6458986951128907e-12,0.0014067490119487047,not_checked,0.001,not_checked,not_checked,,,
circle_uniform_direct_n800,958,2026592559,True,ok,0.00021250147755719683,0.0019479769236594694,0.0007226570301317428,0.3399793953976032,0.34591524154596676,0.8436081832295446,0.8436178752010371,0.8411732623619067,0.8436638193465559,0.8436638193465559,800.0000000000005,800.0000000000005,0.00125,1.1323923743145059e-10,1.1125364358537349,4,1.353182214718085e-12,8.131516293641283e-19,5.551115123125783e-16,1.1484346955970004e-05,0.981893541061762,1.0176230101824877,0.48999034673788394,1.0780651978764544e-11,0.0009265418630093336,not_checked,0.001,not_checked,not_checked,,,
circle_uniform_direct_n800,959,2026592560,True,ok,5.6855644819311414e-05,0.0001121969563153706,0.0003819060130924103,0.09096771739422427,0.08868382211642775,0.9555105122817498,0.9555111405415517,0.9566268202618871,0.9555343980901495,0.9555343980901495,800.0000000000005,800.0000000000005,0.00125,1.664579932225685e-13,1.0306231673005217,4,1.5624166457145483e-15,0.0,2.7755575615628914e-17,6.571583370251766e-07,0.9682167432244636,1.0316686246678248,0.4840540561733175,3.2289709100963293e-15,0.0008469999302178621,not_checked,0.001,not_checked,not_checked,,,
circle_uniform_direct_n800,960,2026592561,True,ok,0.0005638171209564266,0.0021520508064712483,0.001182099929647691,0.902001014697264,0.910126847927316,0.6367999125297834,0.6368338026334481,0.6344077300194042,0.6369566387486478,0.6369566387486477,800.0000000000005,800.0000000000005,0.00125,1.527534904122163e-10,1.1233106850466898,5,-6.288372600415926e-18,-2.168404344971009e-18,-2.4424906541753444e-15,5.318941650955811e-05,0.9907321602716042,1.0082366264449418,0.4942999437969023,1.6056126914132385e-11,0.0009457089472562075,not_checked,0.001,not_checked,not_checked,,,
circle_uniform_direct_n800,961,2026592562,True,ok,0.003383386994464831,0.0001952582448088028,0.002877262473838227,5.40883617938054,5.5443461553332565,0.06618043167281379,0.06633263387691465,0.06252598318533299,0.06675610030290902,0.06675610030290888,800.0000000000005,800.0000000000005,0.00125,3.089889455409889e-14,1.1308236441694572,5,7.806255641895632e-18,-6.938893903907228e-18,-1.2434497875801753e-14,0.002291505881596656,0.9639729112478511,1.0292650094290876,0.4818923442158447,1.0863705768304754e-15,0.0009552089031785727,not_checked,0.001,not_checked,not_checked,,,
circle_uniform_direct_n800,962,2026592563,True,ok,0.0026986889714182695,0.0005628652121999196,0.002521277289111999,4.315032283821375,4.592019526140856,0.11482073004971674,0.11498567935759846,0.10065969948641001,0.11544614011465411,0.11544614011465394,800.0000000000005,800.0000000000005,0.00125,1.5227714922350089e-12,1.1282987595753178,5,-1.0842021724855044e-17,-4.336808689942018e-19,-1.7763568394002505e-15,0.001435035223929404,0.9343965834361884,1.060252988601663,0.4669353189058643,7.52661821756817e-14,0.001005541067570448,not_checked,0.001,not_checked,not_checked,,,
circle_uniform_direct_n800,963,2026592564,True,ok,0.0016974413843325984,0.0012299255250472455,0.002032220720256646,2.714685312012975,2.793735540913508,0.25652735499979296,0.25668424897364805,0.24737057316569142,0.25718667202338363,0.2571866720233834,800.0000000000005,800.0000000000005,0.00125,2.2339241567692625e-11,1.134767958553453,5,-6.5052130349130266e-18,-4.336808689942018e-18,-7.549516567451064e-15,0.000610451459592154,0.9684740128408365,1.028036651830803,0.4836414178454872,1.7143283320697478e-12,0.001061582937836647,not_checked,0.001,not_checked,not_checked,,,
circle_uniform_direct_n800,964,2026592565,True,ok,0.006597382781256554,5.174133110899956e-05,0.0041061863327573386,10.538410176608998,10.369314973929951,0.004959513349026893,0.005003005903180254,0.005601854995110849,0.005103104367087735,0.005103104367087723,800.0000000000005,800.0000000000005,0.00125,3.688455790795686e-16,1.1779311537819521,5,2.168404344971009e-17,-8.673617379884035e-19,0.0,0.008701136700747014,0.9553519454496228,1.0314811236134003,0.4776512571773519,3.8163916471489756e-17,0.0010081669315695763,not_checked,0.001,not_checked,not_checked,,,
circle_uniform_direct_n800,965,2026592566,True,ok,0.00028220277435261117,0.002750518773988953,0.000842017139387488,0.4515023592701773,0.45089582660703154,0.7975909369435028,0.7975997560554284,0.7981586328116516,0.797907806042144,0.7979078060421438,800.0000000000005,800.0000000000005,0.00125,1.0224025098759526e-10,1.127405247725867,5,-3.361365493673857e-12,0.0,1.4988010832439613e-15,1.1039847000432479e-05,0.9412817460898987,1.0582421115912801,0.46934628975980497,4.164323400002168e-12,0.0009493748657405376,not_checked,0.001,not_checked,not_checked,,,
circle_uniform_direct_n800,966,2026592567,True,ok,0.0004414609327360267,0.002710933287721335,0.0010631501703723604,0.7062792864521272,0.6901628274925543,0.7022678046530255,0.7022882570740471,0.7081626969426831,0.7024586461559834,0.7024586461559832,800.0000000000005,800.0000000000005,0.00125,2.5673907444456745e-16,1.1314344423013376,6,4.662069341687669e-18,-3.2526065174565133e-19,-1.2212453270876722e-15,2.9102962757987516e-05,0.9691919600627248,1.0300328309129614,0.4832823965014282,1.214306433183765e-17,0.0027199999894946814,not_checked,0.001,not_checked,not_checked,,,
circle_uniform_direct_n800,967,2026592568,True,ok,0.000462885230294776,0.00397077293603673,0.001076852868561749,0.7405486918664874,0.7400277766816173,0.6903064226512325,0.6903297992270367,0.6907247375501786,0.6905214900042604,0.6905214900042603,800.0000000000005,800.0000000000005,0.00125,3.191891195797325e-16,1.158006163450315,6,4.9873299934333204e-18,5.421010862427522e-20,-1.1102230246251565e-16,3.38383025773048e-05,0.9672580574553146,1.0319129084018757,0.4817083399354455,3.642919299551295e-17,0.0022976251784712076,not_checked,0.001,not_checked,not_checked,,,
circle_uniform_direct_n800,968,2026592569,True,ok,0.0012761137463907892,0.0015948957719222083,0.0018152592826939664,2.041150016909242,1.9806376601246256,0.3595866242465946,0.3597004069050804,0.37145824008635603,0.3602737942138616,0.36027379421386135,800.0000000000005,800.0000000000005,0.00125,5.630577254445157e-11,1.1297286241069702,5,4.9873299934333204e-18,1.734723475976807e-18,2.220446049250313e-15,0.0003159886580108573,0.9487138103352287,1.048777708464113,0.4736003568963505,4.845907529416049e-12,0.0010002499911934137,not_checked,0.001,not_checked,not_checked,,,
circle_uniform_direct_n800,969,2026592570,True,ok,0.0007981813885105061,0.0001971906464047053,0.001448785058819512,1.2768346941803028,1.214853984261366,0.5274556448883616,0.5275231282362636,0.544750715271778,0.5280601344229481,0.5280601344229476,800.0000000000005,800.0000000000005,0.00125,1.1604189874628301e-10,1.0706613282210884,4,1.1832156348451361e-12,-2.168404344971009e-19,-2.220446049250313e-16,0.00012776371825384825,0.9452395886501367,1.053162495248246,0.472526597488015,1.947163784377093e-12,0.0009395419619977474,not_checked,0.001,not_checked,not_checked,,,
circle_uniform_direct_n800,970,2026592571,True,ok,0.0027751281619918197,0.0011207069401367778,0.0026321660657704087,4.437171294615136,4.4523177730018535,0.10793649756276735,0.10810079333497474,0.1079422533023987,0.1085979737480318,0.10859797374803164,800.0000000000005,800.0000000000005,0.00125,1.627945001025921e-11,1.1463247920144397,5,7.37257477290143e-18,-3.0357660829594124e-18,-7.105427357601002e-15,0.0015168822858888653,0.9887234487602615,1.0057794436749943,0.4938077103457618,1.1819460341011556e-12,0.0010917081963270903,not_checked,0.001,not_checked,not_checked,,,
circle_uniform_direct_n800,971,2026592572,True,ok,0.0010783189046789908,4.839661640845874e-05,0.001601164714659212,1.7248446309390542,1.8155521707245759,0.4213791959421591,0.4214774311000943,0.40342039968721666,0.42204002488561176,0.42204002488561165,800.0000000000005,800.0000000000005,0.00125,9.508474996949845e-11,1.0710267763999959,4,1.7826627760758607e-12,-1.3010426069826053e-18,-4.440892098500626e-16,0.00023280827366600754,0.9480900026109079,1.0497529373353633,0.4740220591587437,2.438569311757899e-12,0.0009108339436352253,not_checked,0.001,not_checked,not_checked,,,
circle_uniform_direct_n800,972,2026592573,True,ok,0.0017948017032778556,0.001350915619408137,0.0021289632486015467,2.870451117622097,2.847114718053706,0.2372842037143702,0.2374306044552869,0.2408556809668181,0.23791510690385076,0.2379151069038505,800.0000000000005,800.0000000000005,0.00125,2.7242458289222782e-11,1.1325106503818474,5,1.5178830414797062e-17,-1.3010426069826053e-18,-4.440892098500626e-15,0.0006158038112367148,0.9724534506661989,1.0240418289283415,0.485569908971413,2.4948610885533462e-12,0.0009747082367539406,not_checked,0.001,not_checked,not_checked,,,
circle_uniform_direct_n800,973,2026592574,True,ok,0.0018126107731468873,0.0011174965083360412,0.002137753211180637,2.898793386846079,2.8800204761768016,0.23388639863865612,0.23404856347669084,0.23692533300720092,0.23454950174365632,0.23454950174365616,800.0000000000005,800.0000000000005,0.00125,1.7012148634254487e-11,1.1338520321636916,5,3.903127820947816e-18,-2.6020852139652106e-18,-4.440892098500626e-16,0.0006919250944710242,0.9723943941497617,1.023890071332971,0.48565389329379416,1.1684360076702482e-12,0.0010337922722101212,not_checked,0.001,not_checked,not_checked,,,
circle_uniform_direct_n800,974,2026592575,True,ok,0.0007786434734815721,0.00030803718137059003,0.001392848446579522,1.2455837384087454,1.2523126026777154,0.5359553771526184,0.5360213243208185,0.5346428627057143,0.5363787315122741,0.5363787315122739,800.0000000000005,800.0000000000005,0.00125,1.4027885797407436e-10,1.0762573892577771,4,3.781363134940097e-12,1.951563910473908e-18,2.6645352591003757e-15,0.0001229095808853442,0.961789092583725,1.0366439365929467,0.48074641114162897,7.2076307595925204e-12,0.0009150421246886253,not_checked,0.001,not_checked,not_checked,,,
circle_uniform_direct_n800,975,2026592576,True,ok,0.00301799793252199,0.003067306245644299,0.002666362845237142,4.825021489660211,5.135221022514386,0.08885059921757793,0.08901851569998712,0.07671864491809702,0.0894211233152875,0.08942112331528741,800.0000000000005,800.0000000000005,0.00125,3.469446951953614e-16,1.199295182070113,6,1.474514954580286e-17,1.3010426069826053e-18,3.552713678800501e-15,0.001887601187487764,0.9342839845562331,1.0595941670851368,0.465709227249364,5.724587470723463e-17,0.0011565410532057285,not_checked,0.001,not_checked,not_checked,,,
circle_uniform_direct_n800,976,2026592577,True,ok,0.0009504861036111582,0.0003741165401767886,0.0015529030827330058,1.5204158087645019,1.4992681485819823,0.46711773218087516,0.46720236119459424,0.4725394354359207,0.4674845948967098,0.4674845948967097,800.0000000000005,800.0000000000005,0.00125,3.4123398551244577e-13,1.083754957264817,5,6.505213034913027e-19,-6.505213034913027e-19,-1.3322676295501878e-15,0.00018097850667608828,0.982908539593803,1.0151902145555294,0.4912704060221029,1.4684217383709175e-14,0.0010266241151839495,not_checked,0.001,not_checked,not_checked,,,
circle_uniform_direct_n800,977,2026592578,True,ok,0.0002369515858025341,0.0024312941844770192,0.0007645972705356047,0.37909629732203026,0.38473405050643006,0.8271756715059353,0.8271865334641366,0.8250040156100217,0.8273220264475248,0.8273220264475247,800.0000000000005,800.0000000000005,0.00125,1.9912919230202775e-10,1.1240520003249461,4,1.1988360608047866e-12,-7.047314121155779e-19,-1.5543122344752192e-15,1.3119981012249537e-05,0.9610945365973322,1.0383935138045615,0.4793790339922274,2.615001964967334e-11,0.0008798749186098576,not_checked,0.001,not_checked,not_checked,,,
circle_uniform_direct_n800,978,2026592579,True,ok,0.0009240346107770503,0.0021616994177727665,0.0015400124023694985,1.4780646508602373,1.4414635983120105,0.4770074156570623,0.4771007203474532,0.4863961813733083,0.4774825383542468,0.4774825383542467,800.0000000000005,800.0000000000005,0.00125,1.7561522375197924e-10,1.142006537050051,5,8.673617379884035e-19,-2.168404344971009e-19,-8.881784197001252e-16,0.00019536319152202442,0.9653398666906624,1.032685297687463,0.481626637559608,1.634584741866396e-11,0.0011127088218927383,not_checked,0.001,not_checked,not_checked,,,
circle_uniform_direct_n800,979,2026592580,True,ok,0.001432183107332034,0.004874816316856273,0.001891324379332943,2.2908101612062586,2.295550052739381,0.3174999422333169,0.3176084979985021,0.317342062179286,0.3179864567753566,0.3179864567753564,800.0000000000005,800.0000000000005,0.00125,4.579669976578771e-16,1.1939251295062354,6,-4.119968255444917e-18,4.336808689942018e-18,3.552713678800501e-15,0.00034140526249859526,0.9876584231023325,1.00972434410388,0.491422376131534,6.938893903907228e-17,0.0011422489769756794,not_checked,0.001,not_checked,not_checked,,,
circle_uniform_direct_n800,980,2026592581,True,ok,0.0002720534104294403,5.84174094201156e-05,0.0008121110015714667,0.43525599929745773,0.44903999327656824,0.8042784215864118,0.8042902760186701,0.7988996012338434,0.8044127842217146,0.8044127842217145,800.0000000000005,800.0000000000005,0.00125,3.487538274664359e-12,1.0395667525170638,4,-4.400337516238806e-14,-1.6263032587282567e-19,1.6653345369377348e-16,1.4728694823495925e-05,0.966386210985049,1.0330711041511427,0.4831648785711986,9.339978877115351e-14,0.001055584056302905,not_checked,0.001,not_checked,not_checked,,,
circle_uniform_direct_n800,981,2026592582,True,ok,0.00018632915003929246,0.0018112401402396285,0.0006869366485226966,0.2981096336654703,0.2943408999617096,0.8614763394435343,0.8614836669055974,0.8631468415144088,0.8615145620426828,0.8615145620426827,800.0000000000005,800.0000000000005,0.00125,7.592509260190283e-11,1.1072185053673902,4,7.56506782131211e-13,2.710505431213761e-19,3.3306690738754696e-16,8.503198698911474e-06,0.9857475736003738,1.0138399493180474,0.4919811210635074,8.058750715356222e-12,0.0009355000220239162,not_checked,0.001,not_checked,not_checked,,,
circle_uniform_direct_n800,982,2026592583,True,ok,0.00048035009733359826,3.70010664685538e-05,0.0011019247028917325,0.7684679824171834,0.7604902559084332,0.6807732074406774,0.6808046016153204,0.6836937962083036,0.6809406840550694,0.6809406840550691,800.0000000000005,800.0000000000005,0.00125,1.4382857752015532e-11,1.0480325443255607,4,-2.6208364905383474e-14,9.75781955236954e-19,1.3322676295501878e-15,4.608665828714775e-05,0.9796378272051017,1.0194022669493075,0.4898007897876299,9.923767536890171e-14,0.0009259579237550497,not_checked,0.001,not_checked,not_checked,,,
circle_uniform_direct_n800,983,2026592584,True,ok,0.0002709753267672267,0.0021600213606131078,0.0008302461004366141,0.4335251443054141,0.42616634493588484,0.8050260990093344,0.8050403457594075,0.8080889236712703,0.8051068629129254,0.8051068629129254,800.0000000000005,800.0000000000005,0.00125,1.3106822571717913e-10,1.1198636749428186,4,2.1441294920099274e-12,6.505213034913027e-19,7.216449660063518e-16,1.7689261074399498e-05,0.9805735039783863,1.0188276827648661,0.48922777270055595,1.629514492090811e-11,0.0009455408435314894,not_checked,0.001,not_checked,not_checked,,,
circle_uniform_direct_n800,984,2026592585,True,ok,0.0008452465552283182,0.0004986709604703626,0.0014434950555547842,1.3521066921245208,1.3729187727155499,0.5081663944977304,0.5082395952603755,0.5033551037174931,0.5085472008101158,0.5085472008101157,800.0000000000005,800.0000000000005,0.00125,9.853923232938655e-13,1.0862692906769484,5,-9.974659986866641e-18,0.0,2.220446049250313e-16,0.00014389812039450334,0.9711914686059598,1.0271130762291416,0.48535358564569875,4.6353329161141765e-14,0.0010433748830109835,not_checked,0.001,not_checked,not_checked,,,
circle_uniform_direct_n800,985,2026592586,True,ok,0.00035938922303674597,4.477601621943818e-05,0.0009407606305933792,0.5749710733516155,0.5848471233901673,0.7498738182772602,0.7498932167558883,0.74645230040379,0.7501280314435784,0.7501280314435782,800.0000000000005,800.0000000000005,0.00125,6.557540968565867e-12,1.0430881024654137,4,2.4856310586185426e-14,-8.673617379884035e-19,-8.881784197001252e-16,2.5841753589217475e-05,0.9559397530163568,1.043341435651147,0.47794847493055304,3.3949405786604103e-14,0.0011654160916805267,not_checked,0.001,not_checked,not_checked,,,
circle_uniform_direct_n800,986,2026592587,True,ok,0.003972758869458683,0.00041099518372624216,0.003176635146372601,6.350012101801907,6.270952760531926,0.041160716585102924,0.04129311075142343,0.04347903634009753,0.0416602811052297,0.04166028110522962,800.0000000000005,800.0000000000005,0.00125,5.228074917429382e-13,1.150707277181149,5,-4.336808689942018e-18,6.071532165918825e-18,9.769962616701378e-15,0.00320104466599469,0.9692954004115968,1.022715198772325,0.484448514754107,2.1390441501401014e-14,0.0010695001110434532,not_checked,0.001,not_checked,not_checked,,,
circle_uniform_direct_n800,987,2026592588,True,ok,0.001766100371037538,0.0008484344638750403,0.0021036101851943877,2.8244739620020702,2.822825061304827,0.24281073767199157,0.24296726341223385,0.24379866673033196,0.24344108977703116,0.24344108977703097,800.0000000000005,800.0000000000005,0.00125,5.2242689341230886e-12,1.1233124455527281,5,-6.5052130349130266e-18,1.734723475976807e-18,1.3322676295501878e-15,0.0006433158289960161,0.9816017366547726,1.014815636278569,0.49038444159701744,3.883243553104432e-13,0.0016037500463426113,not_checked,0.001,not_checked,not_checked,,,
circle_uniform_direct_n800,988,2026592589,True,ok,0.0009311708520077016,0.002505184607268389,0.00152325244456602,1.489546704607268,1.4994981045550086,0.4741340658055523,0.4742116095069851,0.4724851069264373,0.4747643603049617,0.4747643603049616,800.0000000000005,800.0000000000005,0.00125,3.3306690738754696e-16,1.1429563826755005,6,8.673617379884035e-19,-6.505213034913027e-19,-1.1102230246251565e-15,0.00016332930252782596,0.9461436438437112,1.052056368075571,0.47188660711431796,2.7755575615628914e-17,0.0012233750894665718,not_checked,0.001,not_checked,not_checked,,,
circle_uniform_direct_n800,989,2026592590,True,ok,0.0007576405010667302,0.003126488009349013,0.0014018051517852225,1.2119942673633455,1.1688400432383186,0.5450531987582437,0.5451160942677173,0.557429064884202,0.5454673107222419,0.5454673107222416,800.0000000000005,800.0000000000005,0.00125,2.8449465006019636e-16,1.153754238475289,6,1.3010426069826053e-18,0.0,-1.1102230246251565e-15,0.0001152671717117304,0.9615607154632265,1.0369265080060708,0.4792770081183853,2.949029909160572e-17,0.0012020841240882874,not_checked,0.001,not_checked,not_checked,,,
circle_uniform_direct_n800,990,2026592591,True,ok,0.0016634871845105405,0.00025935221380105425,0.0020380294290119963,2.660485823728648,2.672100162703283,0.26357479293476516,0.2637191569164866,0.26288198300110255,0.26426847347092375,0.2642684734709234,800.0000000000005,800.0000000000005,0.00125,1.035317664932478e-13,1.0959823309338732,5,6.5052130349130266e-18,-8.673617379884035e-19,-2.220446049250313e-15,0.0005468357441091865,0.9546366014346833,1.0420587300404138,0.47719450668664976,3.398106449004068e-15,0.001074708066880703,not_checked,0.001,not_checked,not_checked,,,
circle_uniform_direct_n800,991,2026592592,True,ok,0.0008110323937385788,0.0016676059438642775,0.0014150204682224846,1.2974152011247946,1.3153423185946467,0.522311772067424,0.522373628471406,0.5180564015766949,0.5226590628361382,0.5226590628361379,800.0000000000005,800.0000000000005,0.00125,7.027788767599574e-11,1.1184788310822935,5,-1.8431436932253575e-18,2.168404344971009e-19,0.0,0.00011831442846610418,0.971776509854885,1.0266861334381705,0.4850780118652115,5.791483178446688e-12,0.0010484580416232347,not_checked,0.001,not_checked,not_checked,,,
circle_uniform_direct_n800,992,2026592593,True,ok,0.00048605340113567824,9.736167843771724e-05,0.0011011295579842525,0.7775915277322191,0.7796340640255642,0.677706243066466,0.677738082950488,0.6771807655654276,0.677840871827107,0.6778408718271067,800.0000000000005,800.0000000000005,0.00125,2.2310348013476755e-11,1.052678504626215,4,-2.933223867788992e-13,-3.2526065174565133e-19,-5.551115123125783e-16,4.695704243329324e-05,0.9914624853539146,1.0075686325882014,0.4956829772594923,6.411999837335758e-13,0.0009413750376552343,not_checked,0.001,not_checked,not_checked,,,
circle_uniform_direct_n800,993,2026592594,True,ok,0.0023413418524870465,0.00017893754931154297,0.0024188534915244183,3.743964745383459,3.7531521325169805,0.15297600342491535,0.1531433743727562,0.15311345962179676,0.15365069271968085,0.15365069271968074,800.0000000000005,800.0000000000005,0.00125,2.8749572167363624e-14,1.1086367198147917,5,5.204170427930421e-18,-1.3010426069826053e-18,-1.3322676295501878e-15,0.0010911092979086767,0.9794229091405648,1.015909579590033,0.48962382614982886,7.692956514870897e-16,0.0014359171036630869,not_checked,0.001,not_checked,not_checked,,,
circle_uniform_direct_n800,994,2026592595,True,ok,0.0016909969126733012,0.0008245956867871823,0.0020212529006942512,2.7044661782580213,2.8031401490697876,0.25784783683062273,0.25799362520958613,0.24621009211641434,0.25851604168808817,0.25851604168808795,800.0000000000005,800.0000000000005,0.00125,6.030627386355292e-12,1.117291887473714,5,4.336808689942018e-19,-2.168404344971009e-18,-3.9968028886505635e-15,0.0005644410096310448,0.9604404514580305,1.036203681447479,0.47982424242454275,3.4649236604900047e-13,0.0011019171215593815,not_checked,0.001,not_checked,not_checked,,,
circle_uniform_direct_n800,995,2026592596,True,ok,0.0012424741060860483,0.0020077323980464733,0.0017736265832501861,1.9873731296399928,1.9641693846834025,0.3696398964905274,0.36974824409136164,0.37452950565161064,0.37010101952371605,0.3701010195237158,800.0000000000005,800.0000000000005,0.00125,1.296606016998325e-10,1.1383166147066275,5,-5.204170427930421e-18,1.0842021724855044e-18,1.5543122344752192e-15,0.00029272004884284275,0.9851936759373935,1.0123939699280982,0.4916077740664459,1.2164927051805385e-11,0.0010900830384343863,not_checked,0.001,not_checked,not_checked,,,
circle_uniform_direct_n800,996,2026592597,True,ok,0.0011113391868345698,0.0055894723780992445,0.0016874914179078973,1.777806560908477,1.7367610681022725,0.41056343764620773,0.41063251535316303,0.4196305766983811,0.41103728556365404,0.41103728556365393,800.0000000000005,800.0000000000005,0.00125,3.677613769070831e-16,1.1955416866968738,6,-1.0191500421363742e-17,2.3852447794681098e-18,3.9968028886505635e-15,0.00016806901341781533,0.9625021647794004,1.0356494432474002,0.4785617222078277,6.591949208711867e-17,0.00116258324123919,not_checked,0.001,not_checked,not_checked,,,
circle_uniform_direct_n800,997,2026592598,True,ok,0.00018845827831367144,0.0032864010111125566,0.0006894841469892183,0.30152522854934577,0.29901442470163947,0.8599944770401682,0.859997925586369,0.861132227209579,0.860048391053335,0.8600483910533349,800.0000000000005,800.0000000000005,0.00125,4.131528105744131e-11,1.1345139530396462,5,-1.433688074942846e-12,-3.7947076036992655e-19,-6.661338147750939e-16,4.008376264352798e-06,0.9757639595913071,1.023941443712677,0.48627880852230976,1.225145852823406e-12,0.0010787919163703918,not_checked,0.001,not_checked,not_checked,,,
circle_uniform_direct_n800,998,2026592599,True,ok,0.0028515924611351644,0.0010794745385373076,0.002608040806460509,4.559157452610012,4.789971964872523,0.10151420842470477,0.10168670105729999,0.09117395695039328,0.10215398278462128,0.10215398278462112,800.0000000000005,800.0000000000005,0.00125,1.5430143274208774e-11,1.1531786149954084,5,-1.3010426069826053e-18,-6.5052130349130266e-18,-9.769962616701378e-15,0.001695242603127145,0.950104892453943,1.0440823802586772,0.4745396161548493,1.0174127165751834e-12,0.0010375829879194498,not_checked,0.001,not_checked,not_checked,,,
circle_uniform_direct_n800,999,2026592600,True,ok,0.002914982397058929,0.0006401471028948519,0.0027320055377283983,4.660494015339651,4.560800898027565,0.09644954350169674,0.096617824532542,0.10224325530585579,0.09710271748228773,0.09710271748228759,800.0000000000005,800.0000000000005,0.00125,1.92956414735157e-12,1.1398185745240743,5,-2.211772431870429e-17,1.3010426069826053e-18,4.440892098500626e-15,0.0017389099773188477,0.9708075703926314,1.0233034431431343,0.48509306267258007,1.2588606372598843e-13,0.0010980828665196896,not_checked,0.001,not_checked,not_checked,,,
