cell,replicate,seed,valid,status,gap,I1,se,score,wald,p_gap,p_score,p_wald,naive_p,kish_p,ess,a2,max_weight,moment_error,condition,iterations,gap_kl_error,gap_score_error,lr_identity_error,score_discrepancy,eig_min,eig_max,min_sampling_eigenvalue,dual_entropy_discrepancy,fit_seconds,refinement_status,refinement_tolerance,refined_full_status,refined_reduced_status,scaled_refinement,reference_refinement,scaled_rotation
circle_uniform_direct_n200,0,2026091601,True,ok,0.000521803973251498,0.005894726952150556,0.0022048498026453127,0.20870654633159522,0.22455879493852696,0.9005634355745278,0.9005702322477771,0.8937944986900166,0.9009001988056278,0.9009001988056278,200.0,200.0,0.005,2.7755575615628914e-16,1.1881411194801577,6,9.974659986866641e-18,-6.505213034913027e-19,-4.440892098500626e-16,7.5214845019905274e-06,0.9179612844970841,1.0812272434740813,0.4562744650916373,4.336808689942018e-17,0.0015165000222623348,ok,0.001,ok,ok,4.85722573273506e-15,0.0,4.5102810375396984e-15
circle_uniform_direct_n200,1,2026091602,True,ok,0.0006494448628073168,0.0024150303674751886,0.002556452858956115,0.259742273683566,0.25833112910615635,0.878086961943731,0.878102637581573,0.8788284506601961,0.878192929019429,0.878192929019429,200.0,200.0,0.005,5.759281940243e-16,1.1317186746574444,6,-4.119968255444917e-18,-2.168404344971009e-18,-7.771561172376096e-16,1.783571968036468e-05,0.9726626961632,1.026150197089374,0.4851569600920155,5.898059818321144e-17,0.0018259580247104168,ok,0.001,ok,ok,6.938893903907228e-15,0.0,4.163336342344337e-15
circle_uniform_direct_n200,2,2026091603,True,ok,0.0015445988800828342,0.008635915181144638,0.003946422853407079,0.6176556314824408,0.6143199312204517,0.7337154056003645,0.7337830252796897,0.7355329315217446,0.7342396712948105,0.7342396712948105,200.0,200.0,0.005,4.579669976578771e-16,1.2504065280642307,6,-6.505213034913027e-19,0.0,5.551115123125783e-16,9.196027534641438e-05,0.9506572259273618,1.0466809995403765,0.4712222742262993,1.0408340855860843e-17,0.0011784988455474377,ok,0.001,ok,ok,1.1102230246251565e-14,0.0,4.85722573273506e-15
circle_uniform_direct_n200,3,2026091604,True,ok,0.016297219337922223,0.009371630932766554,0.013002783014306149,6.488289612488239,6.34122676917268,0.036346993188733086,0.0369160122810475,0.0419778414440359,0.038409752987616015,0.038409752987616015,200.0,200.0,0.005,5.867112351509718e-12,1.483506571392975,6,1.3279065347315822e-12,-1.734723475976807e-17,-4.440892098500626e-15,0.015299061340325437,0.9399645881430274,1.0255037790781838,0.4655791752562795,2.586417191530188e-12,0.001402042107656598,ok,0.001,ok,ok,8.951173136040325e-14,0.0,1.3877787807814457e-14
circle_uniform_direct_n200,4,2026091605,True,ok,0.005405286291317526,0.007183581505477708,0.006937657724317868,2.158572488552638,2.4384889355655517,0.3360596380879608,0.33665854042904453,0.2954533071108072,0.33923667520142686,0.33923667520142686,200.0,200.0,0.005,2.170486013142181e-14,1.3211114469922656,6,2.550910871423895e-15,-4.336808689942018e-18,-1.7763568394002505e-15,0.0017710139871862651,0.8850824825512734,1.1030966029100082,0.4393612630108067,6.945832797811136e-15,0.0012897488195449114,ok,0.001,ok,ok,2.914335439641036e-14,0.0,3.2959746043559335e-14
circle_uniform_direct_n200,5,2026091606,True,ok,0.015521283729636735,0.0002040408325506648,0.01229790439399221,6.184377173150467,6.420950363343459,0.04274142275811493,0.04326828846574372,0.04033744110456326,0.04485784694943734,0.04485784694943734,200.0,200.0,0.005,4.386595253702552e-14,1.288829884600252,5,5.8321403262340255e-15,-1.214306433183765e-17,-5.329070518200751e-15,0.012068159352113472,0.963032132791466,1.0060366103367682,0.4814178181978414,7.08461067588928e-15,0.001184249995276332,ok,0.001,ok,ok,1.8006429680639258e-13,0.0,2.0816681711721685e-14
circle_uniform_direct_n200,6,2026091607,True,ok,0.0005273192732388795,0.0008249367310415611,0.0022805313226171853,0.2109000491779806,0.2139507549800724,0.8998457911950326,0.8998582441451819,0.8985477972200174,0.8999069997144059,0.8999069997144059,200.0,200.0,0.005,9.019097274576282e-11,1.0884207116482005,4,-9.037768363556742e-14,-1.3010426069826053e-18,-5.273559366969494e-16,1.3830058785593846e-05,0.9836323198765855,1.0153164821638951,0.49141045589812826,3.4706916160476275e-13,0.0008357919286936522,ok,0.001,ok,ok,2.946427823946607e-13,0.0,2.168404344971009e-15
circle_uniform_direct_n200,7,2026091608,True,ok,0.0013991946106766927,0.009343063309641415,0.003932247630520566,0.5594085240042953,0.5070768423496963,0.7545064464437158,0.7546086444642114,0.7760499276023728,0.7559054912922836,0.7559054912922836,200.0,200.0,0.005,2.3592239273284576e-16,1.2778082993260358,6,-4.7704895589362195e-18,1.734723475976807e-18,2.220446049250313e-16,0.0001346601331909114,0.8913358348522326,1.1053966425730941,0.44150372163491597,5.551115123125783e-17,0.0012324987910687923,ok,0.001,ok,ok,2.8449465006019636e-14,0.0,3.0531133177191805e-14
circle_uniform_direct_n200,8,2026091609,True,ok,0.003955496687445781,0.0028847382915377596,0.006107679249698063,1.5805500758967579,1.6829540693342937,0.45145621298631344,0.4518301670509355,0.4310733427046539,0.453346140829631,0.453346140829631,200.0,200.0,0.005,8.534839501805891e-16,1.2129332405190316,6,5.0306980803327406e-17,3.469446951953614e-18,1.3322676295501878e-15,0.0008242995407772291,0.9326487311665637,1.059271016786819,0.4649791417169296,1.734723475976807e-16,0.0013117501512169838,ok,0.001,ok,ok,9.194034422677078e-15,0.0,1.4224732503009818e-14
circle_uniform_direct_n200,9,2026091610,True,ok,0.0007004080918363749,0.00862538317766218,0.0026078957718043937,0.28013219549978935,0.28918927260684013,0.8690921617394887,0.8691056712617378,0.8653730128248182,0.8692872826946169,0.8692872826946169,200.0,200.0,0.005,6.938893903907228e-16,1.2328948164604574,6,2.8189256484623115e-18,-1.0842021724855044e-18,-4.996003610813204e-16,1.5520617380304635e-05,0.9525057756644548,1.0463435211163272,0.47214642093141246,1.249000902703301e-16,0.0011498751118779182,ok,0.001,ok,ok,1.457167719820518e-14,0.0,1.6653345369377348e-14
circle_uniform_direct_n200,10,2026091611,True,ok,0.00419193411489476,0.00479027281380588,0.006652869149619671,1.674810310664276,1.590787461031207,0.4304534006686597,0.43087815721079054,0.45140346860843705,0.43240751095620156,0.43240751095620156,200.0,200.0,0.005,2.9976021664879227e-15,1.2563065658996393,6,2.5760643618255585e-16,1.734723475976807e-18,8.881784197001252e-16,0.0009816676468139551,0.9381749397359939,1.052994199095955,0.4668404648116581,6.83481049534862e-16,0.0010380838066339493,ok,0.001,ok,ok,1.734723475976807e-15,0.0,
circle_uniform_direct_n200,11,2026091612,True,ok,2.803590982001033e-05,7.936436360443053e-05,0.0005386570755775292,0.011214284428909059,0.010842683532353091,0.9944032556703375,0.9944032952345565,0.9945933271866558,0.9944085089398371,0.9944085089398371,200.0,200.0,0.005,2.278407497391388e-14,1.024229911782685,4,1.2987725586839638e-16,-1.3552527156068805e-19,-5.204170427930421e-17,3.974954753717397e-08,0.9571884544355883,1.042755180690192,0.4785562437674267,2.7620050344068225e-16,0.0011310831177979708,ok,0.001,ok,ok,1.919037845299343e-15,0.0,
circle_uniform_direct_n200,12,2026091613,True,ok,0.0033222805804191506,0.004007986204454488,0.005879690510809014,1.32776105003607,1.2804085075883873,0.5130712787938758,0.5133678247562377,0.5271847335632572,0.514553308884208,0.514553308884208,200.0,200.0,0.005,4.3021142204224816e-16,1.2220387764010578,6,5.204170427930421e-18,-4.336808689942018e-18,-6.661338147750939e-16,0.000575591065795189,0.9434657562465243,1.0497800194683897,0.4698420585836077,6.591949208711867e-17,0.0011137910187244415,ok,0.001,ok,ok,1.491862189340054e-14,0.0,
circle_uniform_direct_n200,13,2026091614,True,ok,0.004023634948466824,0.010517540031089602,0.0059949524766830945,1.6080655595899955,1.8050927287667649,0.4446654443395148,0.44497572077259734,0.4055357022146602,0.4472100028345616,0.4472100028345616,200.0,200.0,0.005,4.093947403305265e-15,1.3109635293796977,6,1.3530843112619095e-16,-8.673617379884035e-19,1.3322676295501878e-15,0.0006942098983671041,0.8907116344552816,1.101872058945018,0.44067276395850524,6.140921104957897e-16,0.001138209132477641,ok,0.001,ok,ok,3.2612801348363973e-14,0.0,
circle_uniform_direct_n200,14,2026091615,True,ok,0.0013258618341048557,0.0052785066619626606,0.0036566893721293775,0.530214461944444,0.5292267898532429,0.7662688918606628,0.766318980965478,0.7675026130304685,0.7670737205215409,0.7670737205215409,200.0,200.0,0.005,4.0245584642661925e-16,1.1955461257792406,6,-1.1275702593849246e-17,-1.734723475976807e-18,-7.771561172376096e-16,6.513584874912048e-05,0.9184794159136505,1.0792510150005945,0.4568160298812852,7.632783294297951e-17,0.0014107499737292528,ok,0.001,ok,ok,1.0755285551056204e-14,0.0,
circle_uniform_direct_n200,15,2026091616,True,ok,0.00014938236617699973,0.000801647795317282,0.0012242229416413526,0.05975047112157217,0.059564919859264404,0.9705606964713167,0.9705618979058461,0.9706566673023577,0.9705654169497399,0.9705654169497399,200.0,200.0,0.005,7.981993538352938e-12,1.0737865582151633,4,1.884976007747452e-13,2.168404344971009e-19,4.163336342344337e-17,1.237674613862455e-06,0.9964799707017261,1.0032056398686675,0.49784057972145423,4.3081163636493613e-13,0.0009295009076595306,ok,0.001,ok,ok,2.4849913793367762e-14,0.0,
circle_uniform_direct_n200,16,2026091617,True,ok,0.003242296800147093,0.006085625776984141,0.0059008712450011915,1.2960769653287312,1.2100488889207037,0.5210611924637856,0.5212814460790562,0.5460610783081854,0.5228506812259548,0.5228506812259548,200.0,200.0,0.005,2.1510571102112408e-16,1.2347556667476884,6,-1.1709383462843448e-17,-4.336808689942018e-18,-1.1102230246251565e-15,0.00042087736505302953,0.9132501852718553,1.0809928126877049,0.4538469500785089,3.469446951953614e-17,0.0012279998045414686,ok,0.001,ok,ok,1.1796119636642288e-13,0.0,
circle_uniform_direct_n200,17,2026091618,True,ok,0.002480463677335524,0.001714570097173909,0.004881496580162687,0.9916010526698642,1.0351134421629242,0.6078697771312618,0.6080479780287069,0.5959749034662545,0.6089051713490767,0.6089051713490767,200.0,200.0,0.005,7.744366953277293e-11,1.153319555622819,5,1.3010426069826053e-18,-2.6020852139652106e-18,-1.4432899320127035e-15,0.00029220913217270494,0.9458813319778929,1.0492952078881053,0.47212980491431455,6.471748484337958e-12,0.0010631238110363483,ok,0.001,ok,ok,1.7208456881689926e-13,0.0,
circle_uniform_direct_n200,18,2026091619,True,ok,0.0174798804419692,0.011927157666576232,0.013324362368637507,6.958791342605334,6.9445704102636725,0.02854882722188853,0.029033310106077903,0.031046003050146997,0.03031913982816599,0.03031913982816599,200.0,200.0,0.005,6.778064221002467e-12,1.5062359986805267,6,1.5851660262189426e-12,1.3877787807814457e-17,6.217248937900877e-15,0.016580417091172972,0.9325679917433588,1.0316489760138527,0.4607231387252917,3.4506494883679295e-12,0.001207415945827961,ok,0.001,ok,ok,1.3322676295501878e-13,0.0,
circle_uniform_direct_n200,19,2026091620,True,ok,0.005324610821208466,0.0005366582912665098,0.007273908149786759,2.1269641636116337,2.1566369342945473,0.3424832422642339,0.3429793985086831,0.34016704705929984,0.3447546879654831,0.3447546879654831,200.0,200.0,0.005,9.626015262664822e-13,1.1765555600439954,5,5.724587470723463e-17,0.0,-4.440892098500626e-16,0.0014400824358764552,0.9356190286598239,1.0536689905374375,0.4675584580791228,6.218376508160262e-14,0.0010106239933520555,ok,0.001,ok,ok,3.989863994746656e-15,0.0,
circle_uniform_direct_n200,20,2026091621,True,ok,0.003976654186320569,0.0026012819835155307,0.006367817871748736,1.5890085632744932,1.5646399131865505,0.4498633492806836,0.45023689252865573,0.4573437619195684,0.4514318597331072,0.4514318597331072,200.0,200.0,0.005,5.412337245047638e-16,1.2068395583974247,6,4.9439619065339e-17,8.673617379884035e-18,3.3306690738754696e-15,0.0008265556268671759,0.9641304164504619,1.0277657868494385,0.480811263137481,5.898059818321144e-17,0.001795915886759758,ok,0.001,ok,ok,1.6878859421254333e-13,0.0,
circle_uniform_direct_n200,21,2026091622,True,ok,0.000303743982940286,0.002383431648670189,0.0017627595318880297,0.12148667923903753,0.1201867999763028,0.9406994596290249,0.9407046243832837,0.9416765768956114,0.9410596074708193,0.9410596074708193,200.0,200.0,0.005,1.7922277550930232e-10,1.1262295991368312,4,2.730154860866585e-12,3.2526065174565133e-19,2.0816681711721685e-16,5.456968538437856e-06,0.8892189585433665,1.110125079897328,0.4435498814057597,2.415186280135817e-11,0.0008779570925980806,ok,0.001,ok,ok,1.5751289161869408e-13,0.0,
circle_uniform_direct_n200,22,2026091623,True,ok,0.0005504159108361962,0.0015432950822130312,0.0023972895309729426,0.22013961512909117,0.21278663555867539,0.89520122413616,0.8952132613682582,0.8990709579315319,0.8957596209708419,0.8957596209708419,200.0,200.0,0.005,1.8497660347893685e-10,1.1083643722273526,4,-9.252318746225119e-12,3.2526065174565133e-19,2.7755575615628914e-16,1.3374602693669302e-05,0.8955709017593658,1.1033968209886929,0.44709436826338383,1.5912273235163532e-11,0.0009360010735690594,ok,0.001,ok,ok,1.7780915628762273e-14,0.0,
circle_uniform_direct_n200,23,2026091624,True,ok,0.0004414752938496065,0.0006548591113985527,0.0021303979154164683,0.17657146024333686,0.17548415766802508,0.9146070777329425,0.9146156989026288,0.9159971012987652,0.9154907133045006,0.9154907133045006,200.0,200.0,0.005,4.6365692752195486e-11,1.0781809141823535,4,-1.7047245234359798e-12,-4.336808689942018e-19,-5.551115123125783e-17,9.328648252870941e-06,0.8525432193085155,1.1465926697021414,0.42599245432828303,3.2114545397976535e-12,0.0009768749587237835,ok,0.001,ok,ok,3.3089850304257595e-14,0.0,
circle_uniform_direct_n200,24,2026091625,True,ok,0.006685930652306738,0.0005308636323724781,0.00836751996112823,2.669845693100339,2.5663994171895252,0.2599944909069344,0.26058717409998544,0.2771490838881646,0.2625835057328753,0.2625835057328753,200.0,200.0,0.005,9.16326042821325e-13,1.195610236056765,5,1.8735013540549517e-16,1.734723475976807e-18,0.0,0.0022632839111780267,0.9306805077867714,1.055895424192453,0.46509322067191167,5.955565901549775e-14,0.0010059168562293053,ok,0.001,ok,ok,3.1225022567582528e-15,0.0,
circle_uniform_direct_n200,25,2026091626,True,ok,0.016962370377507842,0.005967555400694652,0.013059612396805986,6.758465929216225,6.815098314714745,0.03187368033822077,0.032304655194799775,0.0331222784729768,0.033625382169078545,0.033625382169078545,200.0,200.0,0.005,2.885469641000782e-13,1.3684045139438596,6,-7.685518887967646e-14,0.0,-1.7763568394002505e-15,0.013241110893456032,0.9437178227774049,1.0240446951332858,0.4690431457305279,1.0586670429191258e-13,0.001458750106394291,not_checked,0.001,not_checked,not_checked,,,
circle_uniform_direct_n200,26,2026091627,True,ok,0.011816836564908652,0.004027042372723978,0.010792507290878125,4.712717390919309,4.835008027030265,0.09155962378706461,0.09220989670345303,0.08914384183392471,0.09410281545851197,0.09410281545851197,200.0,200.0,0.005,1.6505546929224124e-13,1.3208670833469596,6,1.7938775465076162e-14,-3.469446951953614e-18,0.0,0.007008617522076044,0.9338517248096988,1.0426407467781709,0.46504563541440164,3.4312830354821244e-14,0.001413583755493164,not_checked,0.001,not_checked,not_checked,,,
circle_uniform_direct_n200,27,2026091628,True,ok,0.0007325874395056418,0.006862898098984549,0.0027666772794555637,0.2929869735927493,0.2824116154062864,0.8631346821150481,0.8631554864879263,0.8683105882991798,0.8637106277166277,0.8637106277166277,200.0,200.0,0.005,5.2562121322097255e-16,1.2139303483293202,6,-8.565197162635485e-18,-1.734723475976807e-18,-5.551115123125783e-16,2.400110475370143e-05,0.908380280619983,1.0902360788554863,0.45107304567913487,2.0816681711721685e-17,0.001187250018119812,not_checked,0.001,not_checked,not_checked,,,
circle_uniform_direct_n200,28,2026091629,True,ok,0.025755845080601476,0.003796419477384087,0.01641266354946372,10.232832839418979,9.974783752400363,0.005143244640857213,0.005328324641178394,0.006823437675021939,0.005792629090414082,0.005792629090414082,200.0,200.0,0.005,1.4841718132263537e-11,1.4687621001724007,6,4.2908315789347284e-12,2.0816681711721685e-17,1.4210854715202004e-14,0.03475259641080619,0.9091111582329554,1.0387275825602797,0.45282981704346337,6.120000339837617e-12,0.001153708202764392,not_checked,0.001,not_checked,not_checked,,,
circle_uniform_direct_n200,29,2026091630,True,ok,0.001334717489430512,1.664381294380133e-05,0.003701401117294356,0.5337087259898166,0.5231360319208904,0.7649250702941728,0.7649934921130315,0.7698435119977259,0.7657163348346907,0.7657163348346907,200.0,200.0,0.005,1.0186469569631632e-10,1.0768683710285032,4,3.1889874855389744e-12,2.6020852139652106e-18,8.881784197001252e-16,8.913489119410922e-05,0.9224293594727023,1.0749013198459398,0.46120700336024956,3.920311991700842e-12,0.0008852919563651085,not_checked,0.001,not_checked,not_checked,,,
circle_uniform_direct_n200,30,2026091631,True,ok,0.0035879587724140225,0.0013442417205924077,0.005687100539909577,1.4339349210092949,1.5952103020051966,0.485603446941006,0.48590818231708305,0.45040632868425057,0.4879258875276322,0.4879258875276322,200.0,200.0,0.005,3.280377358638731e-11,1.1633960971294632,5,1.3010426069826053e-18,-3.469446951953614e-18,-1.3322676295501878e-15,0.0006242939781571089,0.8985453125276861,1.094402602129024,0.44866871954385434,2.4459956629585555e-12,0.0010001249611377716,not_checked,0.001,not_checked,not_checked,,,
circle_uniform_direct_n200,31,2026091632,True,ok,0.004816889063042028,0.009380571239911983,0.006877917916320812,1.9244541270382534,1.9681404854701614,0.37974045299386416,0.3801797791969599,0.3737865962304499,0.3816017274306372,0.3816017274306372,200.0,200.0,0.005,1.083855227790309e-14,1.3179827611711972,6,5.577135975265435e-16,-8.673617379884035e-19,8.881784197001252e-16,0.001150749089278924,0.9602485775605506,1.03028772191982,0.4756215851648228,2.1371793224034263e-15,0.0011765421368181705,not_checked,0.001,not_checked,not_checked,,,
circle_uniform_direct_n200,32,2026091633,True,ok,0.0126965010402786,0.0026783701436994944,0.011361128657656991,5.062753004794938,5.027239142151027,0.07644434242350609,0.07705985947311242,0.08097461479063271,0.07892160917721178,0.07892160917721178,200.0,200.0,0.005,9.165584957671058e-14,1.3005349823973005,6,2.2603446891977796e-15,5.204170427930421e-18,3.552713678800501e-15,0.00792370565825129,0.9612408089536357,1.01375235662704,0.47933314605277416,7.598088824778415e-15,0.0013751252554357052,not_checked,0.001,not_checked,not_checked,,,
circle_uniform_direct_n200,33,2026091634,True,ok,0.0009956645401728945,0.006996747437818666,0.0031240469038986076,0.39815399899225434,0.4100359328655817,0.8186072585955039,0.8186532402633528,0.8146326802366363,0.8194409758055311,0.8194409758055311,200.0,200.0,0.005,1.8041124150158794e-16,1.2279272425853585,6,-1.2793585635328952e-17,-3.469446951953614e-18,-1.4432899320127035e-15,5.590853845172106e-05,0.9044807609964292,1.0934036801570859,0.44907589483670635,2.7755575615628914e-17,0.0012440001592040062,not_checked,0.001,not_checked,not_checked,,,
circle_uniform_direct_n200,34,2026091635,True,ok,0.011631899568016503,0.005305777489602474,0.010420437125259434,4.640109971586343,5.030156583019134,0.09530167156142377,0.09590947472585154,0.08085658157505962,0.0976486044016558,0.0976486044016558,200.0,200.0,0.005,1.0502709812953981e-13,1.3201797298238531,6,-2.0088097851811426e-15,-3.469446951953614e-18,8.881784197001252e-16,0.006324927810129388,0.8950142943085989,1.0826991790629976,0.445133102584544,1.7763568394002505e-15,0.001264417078346014,not_checked,0.001,not_checked,not_checked,,,
circle_uniform_direct_n200,35,2026091636,True,ok,9.11092073849042e-05,0.0026819447058091857,0.0009204674575956595,0.036442898361256124,0.03922457614397491,0.981890636140152,0.9818910224532216,0.980578781705737,0.9819431724703225,0.9819431724703225,200.0,200.0,0.005,9.9467283368182e-12,1.1202167906588638,5,-1.6857053405060218e-14,2.710505431213761e-19,1.5265566588595902e-16,3.922963527774881e-07,0.9242789824506726,1.0755422235166485,0.46090019548234495,1.726422824144258e-13,0.0012062080204486847,not_checked,0.001,not_checked,not_checked,,,
circle_uniform_direct_n200,36,2026091637,True,ok,0.004860847943787673,0.0015691254741225119,0.0069613852757556185,1.9420730876929526,1.9548905916379848,0.37649860600169405,0.3769274754170639,0.37627113346489444,0.37826147535467525,0.37826147535467525,200.0,200.0,0.005,5.657303098205446e-11,1.1850656421594998,5,-4.85722573273506e-17,3.469446951953614e-18,6.661338147750939e-16,0.0011330449110582563,0.98361936147078,1.0068860150335002,0.49103798158588835,4.540285682141931e-12,0.0010387501679360867,not_checked,0.001,not_checked,not_checked,,,
circle_uniform_direct_n200,37,2026091638,True,ok,0.0046960803897890015,0.014052171920268749,0.006782447126228846,1.8754572749349723,1.922163488980218,0.3887585358824275,0.38934044139781876,0.38247891764975184,0.3909341771873233,0.3909341771873233,200.0,200.0,0.005,3.9565573040079016e-14,1.4040156360198583,6,3.6593991725730746e-15,3.469446951953614e-18,1.7763568394002505e-15,0.0014874404903141292,0.9546419351849834,1.0343879057168608,0.4706167971041959,1.4127587988355117e-14,0.0011325001250952482,not_checked,0.001,not_checked,not_checked,,,
circle_uniform_direct_n200,38,2026091639,True,ok,0.006426860406161141,0.0014585781932190452,0.008084155342804013,2.5664745848843973,2.5640754602055527,0.2735001431066395,0.2740874390533051,0.2774713123377245,0.27654766628991206,0.27654766628991206,200.0,200.0,0.005,3.331783113291742e-11,1.2180185016720884,5,5.134781488891349e-16,-2.6020852139652106e-18,4.440892098500626e-16,0.002134788790029596,0.886230930073426,1.1007403994429383,0.44246911349801565,3.3901388640789065e-12,0.001015041721984744,not_checked,0.001,not_checked,not_checked,,,
circle_uniform_direct_n200,39,2026091640,True,ok,0.0038651407934622503,0.018849372450165554,0.006079751226355251,1.543801842238687,1.620429860215785,0.4596842716420542,0.4602053564834502,0.44476246310513334,0.4616131119784427,0.4616131119784427,200.0,200.0,0.005,3.5638159090467525e-14,1.4492429361421364,6,2.6324428747948048e-15,-1.734723475976807e-18,-8.881784197001252e-16,0.0011272375731066209,0.9520154584660916,1.038354822032073,0.467035674781033,1.2524703496552547e-14,0.0011405420955270529,not_checked,0.001,not_checked,not_checked,,,
circle_uniform_direct_n200,40,2026091641,True,ok,0.004995724703628519,0.0036152540634952603,0.007026558921415817,1.995665722225556,2.044515027874718,0.36560087166538136,0.36608333213240185,0.3597818102413076,0.36819413442095617,0.36819413442095617,200.0,200.0,0.005,3.1155633628543455e-15,1.241680469554937,6,3.0964814046186007e-16,8.673617379884035e-19,8.881784197001252e-16,0.0013120796129257872,0.9071382446008146,1.0826613091036579,0.4519295647413205,6.106226635438361e-16,0.0011540001723915339,not_checked,0.001,not_checked,not_checked,,,
circle_uniform_direct_n200,41,2026091642,True,ok,0.007593943461359425,0.009853121963129517,0.008505560270889962,3.032986280610289,3.2010854886931743,0.21660771992312017,0.21710845828164083,0.20178696953201178,0.21897697487021958,0.21897697487021958,200.0,200.0,0.005,1.8117451983101773e-14,1.326323696890641,6,9.6710833785707e-16,5.204170427930421e-18,2.6645352591003757e-15,0.0022955519667404722,0.9360509331773349,1.0504995229569478,0.4634121287259224,1.7139067942650854e-15,0.0011844169348478317,not_checked,0.001,not_checked,not_checked,,,
circle_uniform_direct_n200,42,2026091643,True,ok,0.00037093525760975056,0.005458200679327433,0.001997455002807197,0.14835689052486686,0.13807965627407887,0.9282469534895781,0.9282549703799388,0.9332895081555344,0.9284980006328581,0.9284980006328581,200.0,200.0,0.005,3.5041414214731503e-16,1.1870095912364653,6,-9.053088140253962e-18,-5.421010862427522e-19,-8.326672684688674e-17,8.606259516680259e-06,0.9180410943581709,1.0811089261298934,0.4565149399061177,6.418476861114186e-17,0.0014995408710092306,not_checked,0.001,not_checked,not_checked,,,
circle_uniform_direct_n200,43,2026091644,True,ok,0.005401778096573393,0.0018691680776134426,0.007140363485668807,2.1578620246025637,2.2969232292723545,0.3372334103694247,0.3377166794052302,0.3171242536238865,0.3394747803877868,0.3394747803877868,200.0,200.0,0.005,1.0545425643826434e-10,1.202058211551498,5,-6.938893903907228e-18,0.0,0.0,0.0014246070133967503,0.9366175303112119,1.0527411981629553,0.46743342400423094,9.139690306664283e-12,0.0013294168747961521,not_checked,0.001,not_checked,not_checked,,,
circle_uniform_direct_n200,44,2026091645,True,ok,0.0047048172178373385,0.00043792705054097045,0.006940111509155601,1.8797266611158463,1.843390347415278,0.3884352922412275,0.38886487395843505,0.3978440543555897,0.3902516687200324,0.3902516687200324,200.0,200.0,0.005,6.013731179699278e-13,1.1596161722823815,5,-1.734723475976807e-17,-2.6020852139652106e-18,-8.881784197001252e-16,0.00110011300954449,0.9645410139018179,1.0260937659363754,0.4820593086130074,2.757928434238277e-14,0.0012945830821990967,not_checked,0.001,not_checked,not_checked,,,
circle_uniform_direct_n200,45,2026091646,True,ok,0.0007386078100049369,0.006178696846793513,0.0027420994203519095,0.29539817452886385,0.29073975535213825,0.8624718161230118,0.862491229133783,0.8647023998395544,0.8626712819702379,0.8626712819702379,200.0,200.0,0.005,6.800116025829084e-16,1.20222117064218,6,-1.6263032587282567e-18,-2.168404344971009e-19,5.551115123125783e-17,2.247473655545007e-05,0.9555713117381074,1.043077509192918,0.47483387413364375,6.765421556309548e-17,0.0013583330437541008,not_checked,0.001,not_checked,not_checked,,,
circle_uniform_direct_n200,46,2026091647,True,ok,0.00362388306403653,0.0013624454236708097,0.00606356145390579,1.4482955256377796,1.4454509491523013,0.4820692565548974,0.4823739889556692,0.4854274312695642,0.48443277294641707,0.48443277294641707,200.0,200.0,0.005,2.6381914014494967e-11,1.1626885038935724,5,-5.204170427930421e-18,1.734723475976807e-18,1.1102230246251565e-15,0.0006288499884161691,0.8969102649757301,1.0960114045971214,0.44784414781316745,2.5811336575032318e-12,0.001086998963728547,not_checked,0.001,not_checked,not_checked,,,
circle_uniform_direct_n200,47,2026091648,True,ok,0.00577489034403606,0.006045711755179208,0.007471682299278614,2.3064174167210676,2.399563785250749,0.31280989354290456,0.31336709307497557,0.3012599117555644,0.31506444656676275,0.31506444656676275,200.0,200.0,0.005,1.44953493652622e-14,1.2924137369723456,6,1.2091022627558345e-15,2.6020852139652106e-18,-4.440892098500626e-16,0.001769360446678192,0.9581738624837468,1.030010774576076,0.4761908816439999,3.230055112268815e-15,0.0017215001862496138,not_checked,0.001,not_checked,not_checked,,,
circle_uniform_direct_n200,48,2026091649,True,ok,0.00020851705600706712,0.002887403298584814,0.0014677469395283436,0.08340419069630609,0.0808416067687903,0.9591020423122789,0.9591033059661416,0.9603852207588356,0.9591542127863248,0.9591542127863248,200.0,200.0,0.005,5.7749291459963104e-11,1.1272512774804628,5,-1.7577381607528086e-12,-1.4094628242311558e-18,-4.163336342344337e-16,1.3158532603807505e-06,0.9517253811341664,1.0479369668845082,0.47448878072433404,1.919918217463401e-12,0.0013821241445839405,not_checked,0.001,not_checked,not_checked,,,
circle_uniform_direct_n200,49,2026091650,True,ok,0.0008108370069189394,0.008764836221228152,0.002849666379092487,0.32426944577413347,0.32548240243552023,0.849904164041017,0.849932012522221,0.849811090033462,0.8502988514211498,0.8502988514211498,200.0,200.0,0.005,5.759281940243e-16,1.2446272737206752,6,0.0,3.2526065174565133e-19,-2.7755575615628914e-16,3.2678496721144645e-05,0.9323768317104092,1.0660236292687681,0.4621022113018607,6.938893903907228e-17,0.0012287499848753214,not_checked,0.001,not_checked,not_checked,,,
circle_uniform_direct_n200,50,2026091651,True,ok,0.0012574268544715626,6.722511286282981e-05,0.0037735669250189754,0.502813102491514,0.4444759428686857,0.7758679616051087,0.7759296036866707,0.8007247920329026,0.7776448337750165,0.7776448337750165,200.0,200.0,0.005,6.574601973952099e-16,1.0770878394370909,5,-2.168404344971009e-19,2.8189256484623115e-18,5.551115123125783e-16,7.881964855549484e-05,0.865797752168278,1.1316921806716493,0.43286977444771363,1.1031757105040008e-17,0.0010374169796705246,not_checked,0.001,not_checked,not_checked,,,
circle_uniform_direct_n200,51,2026091652,True,ok,0.0006645806650729625,0.0007721956026702057,0.002690819567334687,0.2657867408050949,0.24439320101914488,0.8749619159464828,0.8749819251760806,0.8849743649874826,0.8755385178058287,0.8755385178058287,200.0,200.0,0.005,1.6671181362476473e-10,1.0921337423032351,4,5.1280453407936966e-12,1.3010426069826053e-18,4.996003610813204e-16,2.2762612045063024e-05,0.903930144346485,1.0947236808580763,0.4516160578666247,1.062449303881885e-11,0.0009061661548912525,not_checked,0.001,not_checked,not_checked,,,
circle_uniform_direct_n200,52,2026091653,True,ok,0.0030328787940798393,0.011599452262621879,0.005416858330010222,1.212529219524018,1.2571223916522865,0.5442459840701688,0.5444158200779061,0.5333586478520773,0.5452146226475267,0.5452146226475267,200.0,200.0,0.005,9.731798700229888e-16,1.301439014348751,6,-2.6020852139652106e-18,2.6020852139652106e-18,1.1102230246251565e-15,0.00031114905395890347,0.9643086739080348,1.0306122397827016,0.47656047225739334,1.5265566588595902e-16,0.0011211661621928215,not_checked,0.001,not_checked,not_checked,,,
circle_uniform_direct_n200,53,2026091654,True,ok,0.008362800176679555,0.00016163792874251091,0.009165631170171993,3.3381288800580062,3.3581917256750256,0.18503940338182653,0.18569186046198116,0.18654255987723975,0.18776576283778168,0.18776576283778168,200.0,200.0,0.005,1.8849505289963986e-14,1.2050788211310985,5,2.0816681711721685e-17,-1.734723475976807e-18,-2.220446049250313e-15,0.003495595306907795,0.9269688098869472,1.0563499603659743,0.46340948854939884,5.104965929147998e-16,0.001323416829109192,not_checked,0.001,not_checked,not_checked,,,
circle_uniform_direct_n200,54,2026091655,True,ok,0.0015189624521398243,0.038616300976286155,0.003911141283755175,0.606862679662516,0.6088551218429646,0.7364093268057765,0.7366770490496146,0.7375454534125555,0.7380139955305351,0.7380139955305351,200.0,200.0,0.005,4.6105064210877345e-12,1.614824088951203,6,2.632442874794805e-16,-1.2576745200831851e-17,-4.6629367034256575e-15,0.0003611505967068829,0.9018488539558772,1.0915880351582046,0.43350481419406045,2.005631771773153e-12,0.0014475840143859386,not_checked,0.001,not_checked,not_checked,,,
circle_uniform_direct_n200,55,2026091656,True,ok,0.0009837776442820374,0.005639766217031538,0.00309830162726452,0.39339207816493643,0.40471621847844064,0.8209152308052043,0.8209642023984203,0.8168023710860036,0.8213914152675885,0.8213914152675885,200.0,200.0,0.005,2.914335439641036e-16,1.2099919688940635,6,4.7704895589362195e-18,1.3010426069826053e-18,2.220446049250313e-16,5.948977393924193e-05,0.9351636071494158,1.062627843011647,0.4649453716796686,1.214306433183765e-17,0.0014390000142157078,not_checked,0.001,not_checked,not_checked,,,
circle_uniform_direct_n200,56,2026091657,True,ok,0.0021973054063764152,0.014456633941872833,0.004910632605730037,0.8783669321334093,0.8017123319626971,0.6426358626875026,0.6428152025265104,0.6697463864245714,0.6443835979115069,0.6443835979115069,200.0,200.0,0.005,3.58046925441613e-15,1.3485768020774773,6,4.7271214720367993e-17,4.336808689942018e-18,1.1102230246251565e-15,0.0002776152085783856,0.8994862483149321,1.0957654059997581,0.44323782536122724,9.332812300755222e-16,0.0011841249652206898,not_checked,0.001,not_checked,not_checked,,,
circle_uniform_direct_n200,57,2026091658,True,ok,0.0018115401953461524,0.0017280182627911066,0.004308563288826026,0.724306092882633,0.7114203840978487,0.6950370796430727,0.6951451984086374,0.7006756521888236,0.6960679187003121,0.6960679187003121,200.0,200.0,0.005,7.908519672472636e-11,1.1419662176718282,5,-1.734723475976807e-18,1.3010426069826053e-18,-1.1102230246251565e-16,0.0001549926279139635,0.9231150160264198,1.0733688306024243,0.46075987511262456,6.677056043485896e-12,0.0009927907958626747,not_checked,0.001,not_checked,not_checked,,,
circle_uniform_direct_n200,58,2026091659,True,ok,0.000380574499253326,0.006582953057956285,0.001983885234750333,0.15221889113932466,0.14722742844481576,0.9266381548687008,0.9266432140169372,0.9290304958042566,0.9267097216333227,0.9267097216333227,200.0,200.0,0.005,5.48172618408671e-16,1.1985308884514252,6,-1.3552527156068805e-18,-1.1926223897340549e-18,-5.828670879282072e-16,5.454281002875705e-06,0.961780989267549,1.0375741548916613,0.47772451356907575,6.071532165918825e-17,0.0010885840747505426,not_checked,0.001,not_checked,not_checked,,,
circle_uniform_direct_n200,59,2026091660,True,ok,0.008389985152335376,0.007023144017868611,0.009347328051589374,3.348218782150951,3.2365175249452074,0.18395573798368042,0.1846781444618566,0.19824358790462163,0.1867476515405403,0.1867476515405403,200.0,200.0,0.005,1.3156142841808105e-13,1.3473741485505724,6,1.6356707654985314e-14,0.0,1.3322676295501878e-15,0.003887639391599862,0.947947943172188,1.034547823734696,0.47064490453727126,3.835820550079916e-14,0.0016040001064538956,not_checked,0.001,not_checked,not_checked,,,
circle_uniform_direct_n200,60,2026091661,True,ok,0.001175192276639577,0.0026096080987203576,0.003434260161040041,0.46992168208744767,0.4688228820821153,0.7903032783630908,0.7903646976053362,0.791036284139353,0.7905404485520181,0.7905404485520181,200.0,200.0,0.005,5.204170427930421e-16,1.1579168959391093,6,-9.974659986866641e-18,-8.673617379884035e-19,-1.1102230246251565e-16,7.76142841915628e-05,0.9900604442443715,1.007456404475708,0.4937385245214494,4.7704895589362195e-17,0.0011296248994767666,not_checked,0.001,not_checked,not_checked,,,
circle_uniform_direct_n200,61,2026091662,True,ok,0.014702831093326402,0.0008155063997948857,0.012107908942938738,5.85972532953838,5.944489694418955,0.050614022542252696,0.051166409096858045,0.05118827140959544,0.052835803648856705,0.052835803648856705,200.0,200.0,0.005,5.644675699079116e-12,1.2877500568349347,5,-7.480127628411992e-15,-2.2551405187698492e-17,-7.105427357601002e-15,0.010703553896090234,0.9600677609931695,1.0108124105249592,0.4796424205159687,3.3145383139532303e-13,0.0014739588368684053,not_checked,0.001,not_checked,not_checked,,,
circle_uniform_direct_n200,62,2026091663,True,ok,0.005745782066770478,0.002385074162170894,0.007648776162985663,2.2951676124189415,2.273089188827546,0.31451363134331023,0.3150112314397425,0.320926037743915,0.31690399262643804,0.31690399262643804,200.0,200.0,0.005,1.3322676295501878e-15,1.2131014702139362,6,-9.194034422677078e-17,-3.469446951953614e-18,-2.220446049250313e-15,0.0015726071446247047,0.927200381794882,1.06162358649069,0.46249438467442056,1.5265566588595902e-16,0.0011908740270882845,not_checked,0.001,not_checked,not_checked,,,
circle_uniform_direct_n200,63,2026091664,True,ok,0.011097368473626513,0.0010579891453145153,0.010828591665006933,4.426547056311791,4.2266478553457265,0.10604636465980005,0.10671187508344115,0.12083564920884662,0.10866628541666386,0.10866628541666386,200.0,200.0,0.005,1.2295903878412062e-11,1.260905478799776,5,3.802513859341161e-15,-5.204170427930421e-18,-2.6645352591003757e-15,0.0062001665694069175,0.9303261017916366,1.047494280708285,0.46467089298702585,9.387950486439145e-13,0.001132790930569172,not_checked,0.001,not_checked,not_checked,,,
circle_uniform_direct_n200,64,2026091665,True,ok,0.0010987978824943331,0.0021614351538065523,0.003360152748380132,0.43940632786748934,0.4349659396721064,0.8011751107355172,0.8012206589510371,0.8045413062735072,0.8027117655376504,0.8027117655376504,200.0,200.0,0.005,1.301084517901785e-10,1.1384209508508432,5,-2.3852447794681098e-18,-2.168404344971009e-18,-5.551115123125783e-16,5.6412565121954916e-05,0.8686698710512106,1.1292106245121767,0.43339621573553244,1.633783733301364e-11,0.0012254170142114162,not_checked,0.001,not_checked,not_checked,,,
circle_uniform_direct_n200,65,2026091666,True,ok,0.002021994844872985,0.0038957803999795267,0.0044288935815087966,0.8084357661872519,0.8349340252055987,0.666728901753292,0.666849922932184,0.6587132207242976,0.6673778051079459,0.6673778051079459,200.0,200.0,0.005,3.191891195797325e-16,1.188071131752008,6,3.903127820947816e-18,-2.6020852139652106e-18,-2.220446049250313e-16,0.0001810858809710436,0.9627127450427302,1.0334884162207658,0.47948095028441007,5.377642775528102e-17,0.0015887909103184938,not_checked,0.001,not_checked,not_checked,,,
circle_uniform_direct_n200,66,2026091667,True,ok,0.0013870781856316636,0.0038260384106728043,0.003678924760558273,0.5546533086868468,0.5688368796671415,0.7573913643947348,0.7574588702720765,0.7524517230491456,0.7577394869872119,0.7577394869872119,200.0,200.0,0.005,2.0816681711721685e-16,1.1783061525497072,6,-4.553649124439119e-18,1.3010426069826053e-18,-1.1102230246251565e-16,8.898278290930817e-05,0.9711638431170179,1.0261812905505794,0.48372412396584064,3.469446951953614e-17,0.001235082745552063,not_checked,0.001,not_checked,not_checked,,,
circle_uniform_direct_n200,67,2026091668,True,ok,0.0025686975746325603,0.004728624415961282,0.005010952320509613,1.0269136226236586,1.053931280493368,0.5973275028093465,0.5974968656859962,0.5903937213945872,0.5982542100598816,0.5982542100598816,200.0,200.0,0.005,2.42861286636753e-16,1.2086917428979427,6,9.974659986866641e-18,-3.903127820947816e-18,-1.1102230246251565e-15,0.0002827036146827444,0.9563729714824066,1.038876889544543,0.47592488910283925,3.642919299551295e-17,0.0011827510315924883,not_checked,0.001,not_checked,not_checked,,,
circle_uniform_direct_n200,68,2026091669,True,ok,0.0006536201051118174,0.0049777201960822335,0.002485698833213514,0.26141780342709603,0.27737951018378554,0.8770931049425323,0.8771064060318452,0.8704980541578562,0.877459901465039,0.877459901465039,200.0,200.0,0.005,3.3306690738754696e-16,1.1785313042910672,6,4.336808689942018e-18,1.0842021724855044e-19,1.6653345369377348e-16,1.5119308815453314e-05,0.924430845931253,1.074461317592359,0.45991425706377204,6.591949208711867e-17,0.0012180411722511053,not_checked,0.001,not_checked,not_checked,,,
circle_uniform_direct_n200,69,2026091670,True,ok,0.000963480974259892,0.0013333780309996248,0.003106876311621844,0.3852995151671656,0.3855112588889543,0.8244547036125802,0.8244930536524726,0.8246834778769345,0.8247324940599967,0.8247324940599967,200.0,200.0,0.005,2.7284077774858417e-11,1.1168480687196507,5,6.288372600415926e-18,-2.168404344971009e-19,2.7755575615628914e-16,4.643726839559381e-05,0.9574596240774425,1.0406139590784393,0.4780914805870343,2.367859814472739e-12,0.0010395832359790802,not_checked,0.001,not_checked,not_checked,,,
circle_uniform_direct_n200,70,2026091671,True,ok,0.003877829343069371,0.009378172679742627,0.0062299493173173,1.5495217229520266,1.5529272547504962,0.45897169746427346,0.459342819195202,0.4600299755535491,0.46044315693544857,0.46044315693544857,200.0,200.0,0.005,5.093148125467906e-15,1.3119848982224431,6,2.8536201179818477e-16,-8.673617379884035e-19,-4.440892098500626e-16,0.0008050071378609136,0.976183806806514,1.0158368573463996,0.4835149105444973,1.1553258350005535e-15,0.00115837506018579,not_checked,0.001,not_checked,not_checked,,,
circle_uniform_direct_n200,71,2026091672,True,ok,0.0007348704702534728,0.001446066704552081,0.002712975406705741,0.29389508435677053,0.2936562167282044,0.8632074644084629,0.8632304039187773,0.863442383184848,0.8633163421560226,0.8633163421560226,200.0,200.0,0.005,4.173324186229621e-11,1.1134337962360956,5,-7.589415207398531e-19,4.336808689942018e-19,4.440892098500626e-16,2.65518723092939e-05,0.9825195175245971,1.0160259171797668,0.4905493447446546,3.2753348644387614e-12,0.0013313752133399248,not_checked,0.001,not_checked,not_checked,,,
circle_uniform_direct_n200,72,2026091673,True,ok,0.0003623710249888723,0.010216294060642308,0.0019683787951435246,0.14494926561534066,0.13570885396747806,0.9298793072035315,0.9298789081950436,0.9343964865919978,0.9300897380177107,0.9300897380177107,200.0,200.0,0.005,3.3306690738754696e-16,1.2379458318033165,6,-3.144186300207963e-18,-2.5478751053409354e-18,-1.1102230246251565e-15,-4.278098958698795e-07,0.9212815679273167,1.0784549741771472,0.4559366231803151,6.245004513516506e-17,0.0013102921657264233,not_checked,0.001,not_checked,not_checked,,,
circle_uniform_direct_n200,73,2026091674,True,ok,0.005208057043891902,0.00015892305928125926,0.007263246016477767,2.0804985835983687,2.069898042860934,0.350613236106458,0.3510935959607113,0.35524449031930294,0.3528855806320949,0.3528855806320949,200.0,200.0,0.005,1.917389857997165e-14,1.1614450968256174,5,6.071532165918825e-18,8.673617379884035e-19,1.3322676295501878e-15,0.0013621169791959709,0.9316845404930332,1.0578933577782554,0.46576823679183516,4.850720519700147e-16,0.0013654581271111965,not_checked,0.001,not_checked,not_checked,,,
circle_uniform_direct_n200,74,2026091675,True,ok,0.000489173194881988,0.004435073952292852,0.002201210964876716,0.19565089897510785,0.19808216393895992,0.9066533200164839,0.906661664881864,0.9057054990935741,0.9067988405412023,0.9067988405412023,200.0,200.0,0.005,5.863365348801608e-16,1.166703820483243,6,-1.951563910473908e-18,-2.168404344971009e-19,0.0,9.189488843680538e-06,0.9491558892350122,1.0499884676552902,0.47247281177645967,8.153200337090993e-17,0.0011615001130849123,not_checked,0.001,not_checked,not_checked,,,
circle_uniform_direct_n200,75,2026091676,True,ok,0.007679572322230453,0.00042296867347538626,0.00846642963364838,3.065956372840165,3.3043265698736866,0.2125676249858392,0.21319677738913761,0.19163489900018996,0.2152587546599016,0.2152587546599016,200.0,200.0,0.005,5.443735739962818e-13,1.2017313797661409,5,-5.204170427930421e-17,3.469446951953614e-18,4.440892098500626e-16,0.0029362780260082655,0.9272801571740373,1.057432033057912,0.4634439750171071,2.3987430965155543e-14,0.0010427080560475588,not_checked,0.001,not_checked,not_checked,,,
circle_uniform_direct_n200,76,2026091677,True,ok,0.005381592219570713,0.001936903008961835,0.007005913663048081,2.1495794631017495,2.368553679614387,0.3381382837489991,0.33865828311725255,0.30596736293071536,0.3408480698602632,0.3408480698602632,200.0,200.0,0.005,8.894540659554195e-11,1.2167552411029967,5,2.983724378680108e-16,-4.336808689942018e-18,-1.7763568394002505e-15,0.0015287123632679034,0.9048698532781931,1.0841054613694818,0.451558534982805,1.0537654950015796e-11,0.0009870829526335,not_checked,0.001,not_checked,not_checked,,,
circle_uniform_direct_n200,77,2026091678,True,ok,0.0040635655782616025,0.0006153983882683572,0.006316318947354415,1.6237518084682434,1.6606343468988451,0.44206093010043723,0.4424327395857358,0.43591100499601654,0.44365275066003085,0.44365275066003085,200.0,200.0,0.005,1.6571050087677008e-12,1.1581827609277158,5,1.6479873021779667e-17,8.673617379884035e-19,-6.661338147750939e-16,0.0008372114181988133,0.9631462422619657,1.0286854289368461,0.48127676880525644,1.0750081380628274e-13,0.0010010411497205496,not_checked,0.001,not_checked,not_checked,,,
circle_uniform_direct_n200,78,2026091679,True,ok,0.002840443753787658,8.008266577778315e-05,0.005436305927313714,1.1353713468538003,1.1043738475427158,0.5643683788001346,0.5645971169688964,0.5756894437904361,0.5666073323206952,0.5666073323206952,200.0,200.0,0.005,1.878705524482882e-15,1.115668006614279,5,-3.0357660829594124e-18,0.0,4.440892098500626e-16,0.0004030773306314961,0.8904725939821533,1.1038537854456292,0.4452006413253684,3.35831622927385e-17,0.0009774581994861364,not_checked,0.001,not_checked,not_checked,,,
circle_uniform_direct_n200,79,2026091680,True,ok,0.005814609247223164,0.002337053615483392,0.007500870470987503,2.3223595443349625,2.415515246130694,0.3102263553234459,0.310770340921826,0.2988667003978247,0.31257155830452255,0.31257155830452255,200.0,200.0,0.005,3.670674875166924e-15,1.226711354267734,6,3.365363543395006e-16,-1.734723475976807e-18,0.0,0.001742077277151477,0.9425046484115039,1.0457379336593826,0.4701509601412442,6.036837696399289e-16,0.001156124984845519,not_checked,0.001,not_checked,not_checked,,,
circle_uniform_direct_n200,80,2026091681,True,ok,0.0107568788923446,0.001176787176042885,0.010536288872228938,4.291312231791045,4.196652777142322,0.11368884272872448,0.11434700491406394,0.1226615443252652,0.11632401156537434,0.11632401156537434,200.0,200.0,0.005,1.555620562920801e-11,1.2533735525230372,5,-7.754213937616328e-16,5.204170427930421e-18,3.552713678800501e-15,0.0057196625733979545,0.938974342229681,1.039722760566553,0.46893470003585486,1.4367903568290874e-12,0.0010110840667039156,not_checked,0.001,not_checked,not_checked,,,
circle_uniform_direct_n200,81,2026091682,True,ok,0.0009178693297877015,0.003276327626703269,0.003098099176787333,0.36706904544143654,0.3513862349895108,0.8319825255131912,0.8320153212696388,0.8388753800179927,0.8322903955402576,0.8322903955402576,200.0,200.0,0.005,2.220446049250313e-16,1.1585985971129842,6,4.9873299934333204e-18,-8.673617379884035e-19,-2.7755575615628914e-16,3.9343236822031447e-05,0.9493666411648758,1.048861203666655,0.47312800237454594,2.6020852139652106e-17,0.0010556248016655445,not_checked,0.001,not_checked,not_checked,,,
circle_uniform_direct_n200,82,2026091683,True,ok,0.0012039965218570616,0.0028497079111468315,0.0034633765107752166,0.48143338059810914,0.48777117466814607,0.785060253381618,0.7851254021035161,0.7835772803000426,0.7859993571949361,0.7859993571949361,200.0,200.0,0.005,3.2612801348363973e-16,1.164226654656091,6,0.0,-4.336808689942018e-19,2.7755575615628914e-16,8.26140723577673e-05,0.907617064301652,1.0898220886554322,0.45251545425284306,6.071532165918825e-18,0.0011167919728904963,not_checked,0.001,not_checked,not_checked,,,
circle_uniform_direct_n200,83,2026091684,True,ok,0.010309160078553075,0.0044875877852805675,0.010047076637817539,4.113498701629486,4.23988890477684,0.12460946999695358,0.12524999249816415,0.12003829616691909,0.1272206859747437,0.1272206859747437,200.0,200.0,0.005,5.50046119762726e-14,1.3005881412348956,6,8.222589276130066e-16,8.673617379884035e-18,4.440892098500626e-15,0.005082664895871947,0.940304306183572,1.0396746449275103,0.46804269930152737,3.0461744238152733e-15,0.0010367501527071,not_checked,0.001,not_checked,not_checked,,,
circle_uniform_direct_n200,84,2026091685,True,ok,0.0067999893325899445,0.009560992429189497,0.008314583246967273,2.715915542818914,2.685603854908471,0.2544235870124655,0.25494642862669015,0.26111302290209915,0.2566613245352906,0.2566613245352906,200.0,200.0,0.005,3.066991105526995e-14,1.328878122620004,6,1.2698175844150228e-15,0.0,0.0,0.0020400951085317587,0.9719591386182188,1.0153952819624645,0.481331639678134,3.5388358909926865e-15,0.0010189998429268599,not_checked,0.001,not_checked,not_checked,,,
circle_uniform_direct_n200,85,2026091686,True,ok,0.00227513893361532,0.00040843539378847596,0.00487538560382983,0.909528652912691,0.8736995216231257,0.633326766275773,0.6334942077092833,0.6460684889249717,0.6344303389631712,0.6344303389631712,200.0,200.0,0.005,4.099394435019832e-13,1.1188075938099158,5,-8.673617379884035e-19,8.673617379884035e-19,2.220446049250313e-16,0.0002634602667184738,0.9350732489935905,1.0603403141397707,0.4673456677138878,2.0868506575566492e-14,0.0009889169596135616,not_checked,0.001,not_checked,not_checked,,,
circle_uniform_direct_n200,86,2026091687,True,ok,0.009340311565245901,0.007314132936875226,0.009676825388196609,3.7285707216046355,3.7458294354102035,0.1519273123001519,0.15250710012765265,0.15367508889854858,0.15442259474913395,0.15442259474913395,200.0,200.0,0.005,2.6673108166619386e-14,1.315631512953792,6,-6.678685382510707e-16,1.734723475976807e-18,-4.440892098500626e-16,0.003776952246862475,0.9687251279087663,1.0140141525985908,0.4808205257843601,5.620504062164855e-15,0.0011783342342823744,not_checked,0.001,not_checked,not_checked,,,
circle_uniform_direct_n200,87,2026091688,True,ok,0.002203944809454064,0.0020939403536203768,0.004550363776250255,0.8810523509301837,0.9446999080180227,0.6418804501787121,0.6420499613042707,0.6235352660656794,0.6435285012816415,0.6435285012816415,200.0,200.0,0.005,1.2573693475292913e-10,1.1681377446092012,5,1.0408340855860843e-17,0.0,1.1102230246251565e-16,0.0002627864257209178,0.903129845651623,1.0922953883124102,0.450619291387517,1.4391566931226674e-11,0.0010707078035920858,not_checked,0.001,not_checked,not_checked,,,
circle_uniform_direct_n200,88,2026091689,True,ok,0.005085849756030894,0.006332339531365701,0.007038001016736033,2.031357639641121,2.093284256694074,0.3595467001557392,0.3600861726663248,0.3511147701961267,0.3616168868459685,0.3616168868459685,200.0,200.0,0.005,1.3072876114961218e-14,1.2975330898908701,6,1.177877240188252e-15,-6.938893903907228e-18,-2.6645352591003757e-15,0.001491131385618294,0.9692226746210753,1.0198669881585605,0.4815422028385425,3.184952301893418e-15,0.001176333986222744,not_checked,0.001,not_checked,not_checked,,,
circle_uniform_direct_n200,89,2026091690,True,ok,0.0006098163729178398,0.0010073214541243985,0.0025157057671181455,0.24389124894686956,0.23525930781883495,0.8850166419342864,0.8850322855361241,0.8890252386760422,0.8851808765419964,0.8851808765419964,200.0,200.0,0.005,1.3804525231253528e-10,1.0957014466318262,4,-5.229392982010472e-12,-8.673617379884035e-19,-3.0531133177191805e-16,1.765011013318829e-05,0.9550361665897171,1.0437761138067052,0.47703705586477846,9.518015715859196e-12,0.0009184158407151699,not_checked,0.001,not_checked,not_checked,,,
circle_uniform_direct_n200,90,2026091691,True,ok,0.0020742050697703943,0.0006641862590954617,0.0044432809937894335,0.8292410243993287,0.8732826768960575,0.6595139663973271,0.6596598514759902,0.6462031580799827,0.660445273941183,0.660445273941183,200.0,200.0,0.005,2.822551220527103e-12,1.1237787339101164,5,8.239936510889834e-18,-1.3010426069826053e-18,0.0,0.00022050175441451492,0.9408565668014814,1.0549475621878752,0.47011582462571727,1.4587506549923468e-13,0.0010069170966744423,not_checked,0.001,not_checked,not_checked,,,
circle_uniform_direct_n200,91,2026091692,True,ok,0.002759366808119265,0.0018446500053205112,0.005251601722668744,1.1029955435059409,1.1129506307005914,0.5742895956945193,0.5745062222629584,0.573225948020228,0.5758699865129298,0.5758699865129298,200.0,200.0,0.005,9.350772239846705e-11,1.1645697878511792,5,-1.3010426069826053e-18,8.673617379884035e-19,6.661338147750939e-16,0.00037558987088259776,0.9190140481817815,1.0755191146503802,0.4586593635779469,8.669712083658743e-12,0.0010549169965088367,not_checked,0.001,not_checked,not_checked,,,
circle_uniform_direct_n200,92,2026091693,True,ok,0.003787065896490048,0.004715153128996279,0.00632428166634351,1.5132257825715052,1.440288385178093,0.4668123943798329,0.4671878865395874,0.48668207495187266,0.46887776228302014,0.46887776228302014,200.0,200.0,0.005,1.5959455978986625e-15,1.2482330569385105,6,1.2967057982926633e-16,-8.673617379884035e-18,-1.7763568394002505e-15,0.0008002880122570666,0.9197601194701078,1.0722677193354335,0.45771192088035295,3.712308238590367e-16,0.0011446252465248108,not_checked,0.001,not_checked,not_checked,,,
circle_uniform_direct_n200,93,2026091694,True,ok,0.005705185263655576,0.0018676099766835332,0.007706737306812336,2.278772271776995,2.214103088599233,0.31668832629686505,0.31721423492763756,0.3305320849739582,0.3194875245460513,0.3194875245460513,200.0,200.0,0.005,1.0504918462883595e-10,1.212904704600275,5,1.5785983631388945e-16,3.469446951953614e-18,8.881784197001252e-16,0.0016509168426177556,0.8993110475791118,1.0892366363931179,0.4488156921647019,9.109278002045196e-12,0.001477208686992526,not_checked,0.001,not_checked,not_checked,,,
circle_uniform_direct_n200,94,2026091695,True,ok,0.006812836058918244,3.831375949336281e-05,0.007901466485673586,2.720495147505037,2.98895779189107,0.2531690663834614,0.25376010102112023,0.224365492040249,0.25600271943048886,0.25600271943048886,200.0,200.0,0.005,3.0878077872387166e-16,1.1806241712247991,5,-6.071532165918825e-18,1.734723475976807e-18,8.881784197001252e-16,0.0023196380311301112,0.9021397695501109,1.0842640669742982,0.4510526025662703,5.204170427930421e-18,0.0011613750830292702,not_checked,0.001,not_checked,not_checked,,,
circle_uniform_direct_n200,95,2026091696,True,ok,0.0024999362634118985,0.0004550938245151471,0.004909175566491009,0.9993445593643971,1.0533450592169453,0.6040143799892308,0.6042058690210481,0.5905667974390371,0.6065383914008782,0.6065383914008782,200.0,200.0,0.005,7.374899302359239e-13,1.123842394245574,5,-1.6046192152785466e-17,-3.0357660829594124e-18,-8.881784197001252e-16,0.00031497300018112906,0.8736972396374498,1.1212891625677717,0.43664981093415983,3.2151256483536894e-14,0.0010864580981433392,not_checked,0.001,not_checked,not_checked,,,
circle_uniform_direct_n200,96,2026091697,True,ok,0.01667913492161587,0.0019450652352929294,0.01294180018623542,6.643519161501974,6.702017296836986,0.03363601757018986,0.03412056880416618,0.03504898416348177,0.03558514568200473,0.03558514568200473,200.0,200.0,0.005,9.969319814118194e-11,1.3375463986130114,5,8.314182675661641e-14,3.469446951953614e-18,-8.881784197001252e-16,0.01406740357218661,0.9706649004522844,0.996009018345752,0.4843884277512031,1.0716357055212677e-11,0.0010030418634414673,not_checked,0.001,not_checked,not_checked,,,
circle_uniform_direct_n200,97,2026091698,True,ok,0.0064319168918951265,0.0005075873129808065,0.00797166435400355,2.5685767144083136,2.6274608519088356,0.27360197245902673,0.2741790052730664,0.26881538772942754,0.2762681357920606,0.2762681357920606,200.0,200.0,0.005,9.744878515238753e-13,1.191477509544139,5,1.942890293094024e-16,1.734723475976807e-18,8.881784197001252e-16,0.0020950211748684833,0.9174757122492123,1.0696077643686246,0.45850500997868543,4.977268597272655e-14,0.001036082860082388,not_checked,0.001,not_checked,not_checked,,,
circle_uniform_direct_n200,98,2026091699,True,ok,0.005273635998222831,0.00042792515698355886,0.007116534419102905,2.106680330932506,2.22092259997922,0.3454947915517793,0.34597671733626234,0.32940697058916923,0.34828742728155043,0.34828742728155043,200.0,200.0,0.005,5.656933255160368e-13,1.1687709822987096,5,1.734723475976807e-18,-1.734723475976807e-18,-4.440892098500626e-16,0.0013870341783130957,0.8955524189874637,1.0939338509645298,0.44758459771731024,2.51499125344945e-14,0.0010940830688923597,not_checked,0.001,not_checked,not_checked,,,
circle_uniform_direct_n200,99,2026091700,True,ok,0.006287290874108582,0.010297722895370846,0.008025405364973126,2.511407392642267,2.4785984685300813,0.28189239602055793,0.282389961345451,0.2895870795541531,0.2843759425497612,0.2843759425497612,200.0,200.0,0.005,2.7283730830163222e-14,1.3344727738867226,6,1.1986939218999737e-15,3.469446951953614e-18,0.0,0.0017544785005829677,0.9191481256551958,1.0690693837218745,0.4548428723909483,3.982925100842749e-15,0.0011587499175220728,not_checked,0.001,not_checked,not_checked,,,
circle_uniform_direct_n200,100,2026091701,True,ok,0.0018638041959961812,0.01004521092789807,0.004459490139016199,0.7453098514828492,0.7000818788264016,0.6878362169694769,0.6879093141583323,0.7046592407923638,0.6888299542691698,0.6888299542691698,200.0,200.0,0.005,3.885780586188048e-16,1.266686060219251,6,-3.903127820947816e-18,-1.3010426069826053e-18,-6.661338147750939e-16,0.00010591345781163497,0.9223495605877796,1.0746624577393655,0.4565438592678435,9.020562075079397e-17,0.0017254587728530169,not_checked,0.001,not_checked,not_checked,,,
circle_uniform_direct_n200,101,2026091702,True,ok,0.002254011846332414,0.003346101364762058,0.004734624395175763,0.9011648575385767,0.9078886958143513,0.6364430637898855,0.6365833771264099,0.6351180779126432,0.6371167435859499,0.6371167435859499,200.0,200.0,0.005,4.475586568020162e-16,1.179400836221842,6,3.903127820947816e-18,-7.37257477290143e-18,-3.4416913763379853e-15,0.00021994049719448183,0.9725460518876438,1.0232703426850764,0.4846458252847709,3.2959746043559335e-17,0.0013875423464924097,not_checked,0.001,not_checked,not_checked,,,
circle_uniform_direct_n200,102,2026091703,True,ok,0.006248304921346481,0.005473739578547257,0.007516120882310354,2.4957563929454,2.771857539887001,0.283865057050538,0.28437399686712306,0.2500914145032472,0.2866019429593452,0.2866019429593452,200.0,200.0,0.005,7.435024818036595e-15,1.2682359393858362,6,8.066464163292153e-17,4.336808689942018e-18,1.7763568394002505e-15,0.0017827877965963523,0.898979375839875,1.08914576093836,0.447029414158515,2.42861286636753e-17,0.001362751005217433,not_checked,0.001,not_checked,not_checked,,,
circle_uniform_direct_n200,103,2026091704,True,ok,0.009121893215921434,0.00505251521020403,0.009426340965791175,3.6397179178699215,3.7592909239774404,0.15853037739679798,0.1592552123943145,0.152644214340728,0.16131784894001697,0.16131784894001697,200.0,200.0,0.005,1.1287498713485888e-13,1.3256539960204958,6,1.7401011187523352e-14,-5.204170427930421e-18,-1.3322676295501878e-15,0.004519684249326028,0.9681573596999872,1.0129551638648093,0.48163283485018027,3.484365573847015e-14,0.0012866260949522257,not_checked,0.001,not_checked,not_checked,,,
circle_uniform_direct_n200,104,2026091705,True,ok,0.0010456655658488967,0.01868988367413847,0.0032010808512835352,0.4180262732522429,0.4273146482303951,0.8109802804443969,0.8110777587669313,0.8076250912524313,0.8112872354399353,0.8112872354399353,200.0,200.0,0.005,1.827704654289164e-14,1.3908355025887953,6,4.7704895589362195e-18,0.0,8.326672684688674e-16,0.00011997654365789034,0.9776194721480637,1.0191548380554207,0.4796685032246628,6.127043317150083e-15,0.001170499948784709,not_checked,0.001,not_checked,not_checked,,,
circle_uniform_direct_n200,105,2026091706,True,ok,0.010170754484764205,0.015585944790164612,0.010132988710408878,4.0593320401296475,4.070043922934962,0.12832479800324548,0.12890553162160723,0.1306776126003719,0.13079149082200445,0.13079149082200445,200.0,200.0,0.005,4.658773367083313e-13,1.4297210933583446,6,3.217565103241782e-14,5.204170427930421e-18,2.6645352591003757e-15,0.004484876888017464,0.9206776368664856,1.0606377888505971,0.4531678161099676,1.096206458939264e-13,0.0011824180837720633,not_checked,0.001,not_checked,not_checked,,,
circle_uniform_direct_n200,106,2026091707,True,ok,0.008050341922094922,0.0020885939118057122,0.008864228284556328,3.213336845854847,3.313290220770083,0.1972039595988141,0.1978809959804122,0.1907779466230232,0.19987394534416322,0.19987394534416322,200.0,200.0,0.005,1.4040789364511141e-10,1.2557377564079018,5,3.1346453210900904e-15,0.0,-8.881784197001252e-16,0.0033999614915609655,0.9643658456988733,1.0192098252954,0.4811758129615906,1.4245249944921934e-11,0.0009364157449454069,not_checked,0.001,not_checked,not_checked,,,
circle_uniform_direct_n200,107,2026091708,True,ok,0.003386189992392475,0.005757259734384578,0.006025267754174935,1.3532232671266278,1.2667621284175727,0.5061393072515059,0.5064578512703677,0.5307941146895877,0.5080182034521208,0.5080182034521208,200.0,200.0,0.005,1.2490009027033011e-15,1.2556020899842966,6,7.936359902593892e-17,-4.7704895589362195e-18,-1.5543122344752192e-15,0.0006263649151810879,0.920240375489131,1.0727281117395107,0.4574709002917544,2.5673907444456745e-16,0.0010496668983250856,not_checked,0.001,not_checked,not_checked,,,
circle_uniform_direct_n200,108,2026091709,True,ok,0.011606736945920095,0.0014354781593262983,0.01099119936494248,4.629536172918916,4.49570926838776,0.0956093308909585,0.09624633572211591,0.10562558718272297,0.09814126200375656,0.09814126200375656,200.0,200.0,0.005,4.1035300157865606e-11,1.263654330020607,5,-4.463443503688325e-15,-1.3877787807814457e-17,-5.329070518200751e-15,0.006579302724560865,0.9316506492356209,1.0455077121102863,0.4651566703291369,3.1804754142827907e-12,0.0009764181450009346,not_checked,0.001,not_checked,not_checked,,,
circle_uniform_direct_n200,109,2026091710,True,ok,0.015435149020522027,0.0010982849715094238,0.012347955993006863,6.150062855602361,6.400889958521676,0.044118408404771714,0.04465006375827224,0.040744069677962805,0.04563730503226907,0.04563730503226907,200.0,200.0,0.005,1.641718705425177e-11,1.3081446344560619,5,2.8706204080464204e-14,-2.2551405187698492e-17,-8.881784197001252e-15,0.0119983763032252,0.8587388160121235,1.110447949732716,0.42889784907737183,1.0901687538811267e-12,0.001182332867756486,not_checked,0.001,not_checked,not_checked,,,
circle_uniform_direct_n200,110,2026091711,True,ok,0.017781586091411408,0.008858202679998747,0.012755911784122697,7.07724855320263,7.848179112133968,0.026955852823639825,0.027441798864933923,0.019760119164925042,0.028543751791082792,0.028543751791082792,200.0,200.0,0.005,6.693895437948072e-12,1.4840476318119329,6,1.6959350590539657e-12,-6.938893903907228e-18,-8.881784197001252e-16,0.017692941680966356,0.899666200580487,1.0631452125132006,0.445847893433409,3.2025007645763992e-12,0.0011387080885469913,not_checked,0.001,not_checked,not_checked,,,
circle_uniform_direct_n200,111,2026091712,True,ok,0.0005083619586032098,0.00042400084968267525,0.002248363689527913,0.20331796339745797,0.20541725670077662,0.9030911490786915,0.9031032892049573,0.902389866003793,0.9033254400916106,0.9033254400916106,200.0,200.0,0.005,6.578859332306841e-11,1.0733404066472512,4,2.6494035914800818e-12,2.168404344971009e-19,0.0,1.3410021912962922e-05,0.9341730589947356,1.064791611778472,0.46688848546694667,5.338542108379585e-12,0.000888375099748373,not_checked,0.001,not_checked,not_checked,,,
circle_uniform_direct_n200,112,2026091713,True,ok,0.0037739904814139487,0.0014509666744942288,0.006043596222118242,1.5081804446449958,1.563681944763697,0.46862956346937124,0.4689627140608682,0.45756287483234614,0.47010552120144256,0.47010552120144256,200.0,200.0,0.005,3.9284832331620834e-11,1.1722309460304694,5,7.37257477290143e-18,-2.6020852139652106e-18,-1.5543122344752192e-15,0.000707873960291816,0.9606740247557307,1.0318172609121803,0.47964010137762053,3.319935906048732e-12,0.001031374093145132,not_checked,0.001,not_checked,not_checked,,,
circle_uniform_direct_n200,113,2026091714,True,ok,0.005031761551745565,0.003971303663027354,0.00689441470019259,2.00994160266584,2.1446369562858365,0.36298770968884797,0.36349214415488473,0.34221418085004196,0.36554996340614354,0.36554996340614354,200.0,200.0,0.005,5.370703881624195e-15,1.2534337138830152,6,4.996003610813204e-16,7.806255641895632e-18,3.1086244689504383e-15,0.0013815090161930499,0.9118255608747889,1.0777049028858927,0.45410242402914786,1.1553258350005535e-15,0.001165791880339384,not_checked,0.001,not_checked,not_checked,,,
circle_uniform_direct_n200,114,2026091715,True,ok,0.0010986218123460833,0.0016090526439542408,0.0032544764562336278,0.439319427995737,0.4568862048772591,0.8022988658455945,0.8023508559226122,0.7957715733783536,0.8027400327512608,0.8027400327512608,200.0,200.0,0.005,5.859117357953636e-11,1.1307802777221647,5,-4.336808689942018e-19,1.3010426069826053e-18,1.6653345369377348e-16,6.464847134818319e-05,0.9436404260700633,1.0540871256437063,0.47106106926077573,5.020148793194457e-12,0.0009686248376965523,not_checked,0.001,not_checked,not_checked,,,
circle_uniform_direct_n200,115,2026091716,True,ok,0.002856513121591929,0.008122894779686484,0.005048356650439835,1.1420134983707342,1.2821355723991283,0.5626352477701144,0.56280256871477,0.5267296889633644,0.5647892511024535,0.5647892511024535,200.0,200.0,0.005,2.7755575615628914e-16,1.2562638841973326,6,-6.071532165918825e-18,-1.3010426069826053e-18,-2.220446049250313e-16,0.00029587513301876367,0.8890878038176271,1.1060486454850846,0.4409321080230312,3.8163916471489756e-17,0.0012167501263320446,not_checked,0.001,not_checked,not_checked,,,
circle_uniform_direct_n200,116,2026091717,True,ok,0.0025345746463727066,0.00048724552628818586,0.0049003008650063355,1.013185479557791,1.0760672367961195,0.600807966538649,0.6010023844306485,0.5838952851985437,0.602351010740976,0.602351010740976,200.0,200.0,0.005,9.43318340107524e-13,1.124992186732406,5,1.3010426069826053e-17,-5.204170427930421e-18,-1.5543122344752192e-15,0.0003221894956457749,0.9157329312739123,1.0791961768752514,0.45764337438199504,4.2252984965018836e-14,0.0010949589777737856,not_checked,0.001,not_checked,not_checked,,,
circle_uniform_direct_n200,117,2026091718,True,ok,0.011207372318626474,0.007452400126866937,0.010683608796963963,4.469507753993156,4.4272105416359855,0.10360439604293417,0.10431020594088905,0.10930586005598063,0.106301650842139,0.106301650842139,200.0,200.0,0.005,3.8778702471375937e-13,1.380352319097278,6,6.84001466577655e-14,3.469446951953614e-18,1.7763568394002505e-15,0.006720586728716782,0.942843222945679,1.0342010845236482,0.4679073402770273,1.4940826353893044e-13,0.0015975839924067259,not_checked,0.001,not_checked,not_checked,,,
circle_uniform_direct_n200,118,2026091719,True,ok,0.0026544795545035164,0.0029411450414333845,0.005091685409533939,1.0610140584395178,1.0927177248649649,0.5867451033263695,0.5869741742644805,0.5790543932222676,0.5880778682230388,0.5880778682230388,200.0,200.0,0.005,3.400058012914542e-16,1.1960240066603458,6,1.474514954580286e-17,1.734723475976807e-18,1.3322676295501878e-15,0.00038888168094441955,0.933917316593204,1.0605212747538468,0.46558537809875056,2.0816681711721685e-17,0.0013573337346315384,not_checked,0.001,not_checked,not_checked,,,
circle_uniform_direct_n200,119,2026091720,True,ok,0.00038370243690501876,0.007796306883795852,0.0019206800765061657,0.15345470406143044,0.1598726180863838,0.9259999305525308,0.9260121156203788,0.9231751424223503,0.9261301648878631,0.9261301648878631,200.0,200.0,0.005,4.915772650049277e-16,1.2282982214266451,6,2.927345865710862e-18,7.589415207398531e-19,3.885780586188048e-16,1.3135350288531744e-05,0.9474442029860642,1.0515035263381671,0.4700276348776838,1.214306433183765e-17,0.0013804170303046703,not_checked,0.001,not_checked,not_checked,,,
circle_uniform_direct_n200,120,2026091721,True,ok,0.0020982878087915267,0.0007546559204520225,0.004653856850778275,0.8388614381641143,0.8141603402949817,0.6565545230811698,0.6567038435304606,0.665590827647683,0.6572718563010955,0.6572718563010955,200.0,200.0,0.005,3.2692806795076024e-12,1.1276458674424241,5,8.673617379884035e-19,-1.3010426069826053e-18,-3.3306690738754696e-16,0.00022684267624817345,0.9634921841103882,1.0322527750261574,0.48138254830968386,2.430928722207959e-13,0.0011400419753044844,not_checked,0.001,not_checked,not_checked,,,
circle_uniform_direct_n200,121,2026091722,True,ok,0.002547936021389209,0.00023004836362106154,0.005092673929468581,1.0185231984539547,1.0025164395798456,0.5999211795743238,0.600117065150126,0.6057679907366036,0.6007435119877308,0.6007435119877308,200.0,200.0,0.005,5.879324804780595e-14,1.116117326564576,5,-4.336808689942018e-19,4.7704895589362195e-18,2.4424906541753444e-15,0.0003256050508645414,0.9786976212361322,1.0162032054734944,0.4892362357305166,2.0948412275678674e-15,0.0011567908804863691,not_checked,0.001,not_checked,not_checked,,,
circle_uniform_direct_n200,122,2026091723,True,ok,0.008029183106733877,0.011415254628288341,0.009058837820141623,3.2066906018399712,3.1541139813262102,0.19843684744939072,0.19893524786940986,0.20658217772424015,0.20072155670549113,0.20072155670549113,200.0,200.0,0.005,2.4999100012301767e-14,1.3465981882397922,6,2.0539125955565396e-15,1.0408340855860843e-17,3.552713678800501e-15,0.0024913204267897893,0.9688701634346871,1.0170850189447411,0.47890765192150503,1.096345236817342e-15,0.001172918127849698,not_checked,0.001,not_checked,not_checked,,,
circle_uniform_direct_n200,123,2026091724,True,ok,0.002798552094173265,0.0019299924473587847,0.005317561780099154,1.1185772040413027,1.1306549992428307,0.5682562107435623,0.5684976514546647,0.5681740395013413,0.5713744991875038,0.5713744991875038,200.0,200.0,0.005,1.1245683551042163e-10,1.1759381799255,5,1.474514954580286e-17,3.469446951953614e-18,1.3322676295501878e-15,0.00042181681400166315,0.8600451149249249,1.1341567793437808,0.4291926176521671,1.0388142603068307e-11,0.001097958069294691,not_checked,0.001,not_checked,not_checked,,,
circle_uniform_direct_n200,124,2026091725,True,ok,0.006708431108564995,0.006498019434742996,0.007649589758076219,2.6791129438121977,3.084883866725444,0.25823875553823883,0.25879133090758866,0.21385823572449025,0.26140451077797394,0.26140451077797394,200.0,200.0,0.005,1.9408086249228518e-14,1.2940826596991,6,7.945033519973776e-16,1.214306433183765e-17,5.773159728050814e-15,0.002129749806900172,0.8684161756010746,1.1186567291945237,0.4313871146315917,2.067790383364354e-15,0.0011931669432669878,not_checked,0.001,not_checked,not_checked,,,
circle_uniform_direct_n200,125,2026091726,True,ok,0.01468000293319093,0.004631868001672328,0.011542977667887621,5.851337090571565,6.536939704608382,0.051295845850475266,0.05183028234839237,0.03806462703790321,0.053077584006252405,0.053077584006252405,200.0,200.0,0.005,2.5547446103058036e-13,1.3433557699064822,6,-4.371503159461554e-16,6.938893903907228e-18,6.217248937900877e-15,0.010332041352403287,0.8804165844716854,1.0910799812936596,0.43816956377648203,1.4210854715202004e-14,0.0011633341200649738,not_checked,0.001,not_checked,not_checked,,,
circle_uniform_direct_n200,126,2026091727,True,ok,0.005981252262880439,0.00828267967182459,0.007710874363340213,2.388891163305077,2.4360543020491066,0.29950174874083724,0.3000455299741498,0.2958131863719123,0.302325673802972,0.302325673802972,200.0,200.0,0.005,1.8943180357666733e-14,1.3198288876709185,6,1.5161483180037294e-15,1.0408340855860843e-17,2.6645352591003757e-15,0.0018048709235491955,0.8987042970381602,1.0893563676705889,0.4456304695588177,4.829470157119431e-15,0.0012247080449014902,not_checked,0.001,not_checked,not_checked,,,
circle_uniform_direct_n200,127,2026091728,True,ok,0.0064066875213152725,0.0024461541121232376,0.008286869610374718,2.5586782637128525,2.400382827355135,0.27506148584432,0.2756147414200455,0.3011365647378427,0.27766567296062855,0.27766567296062855,200.0,200.0,0.005,2.8275992658421956e-15,1.2261685257860864,6,2.3418766925686896e-17,3.469446951953614e-18,8.881784197001252e-16,0.001998372406628368,0.9187401895629224,1.0686625338602933,0.4582463774727657,8.673617379884035e-17,0.001196832861751318,not_checked,0.001,not_checked,not_checked,,,
circle_uniform_direct_n200,128,2026091729,True,ok,0.007479733301016112,0.004598596348701385,0.008278122053397808,2.986827751061659,3.2860243537675133,0.22126338851442573,0.22182710592413862,0.19339661921946433,0.22403641795104492,0.22403641795104492,200.0,200.0,0.005,7.223388553967425e-15,1.2641967305164923,6,-5.126107871511465e-16,3.469446951953614e-18,8.881784197001252e-16,0.0025327846723928182,0.8949490702187557,1.0909023235868172,0.44541658999253947,1.3426759704060487e-15,0.0011722079943865538,not_checked,0.001,not_checked,not_checked,,,
circle_uniform_direct_n200,129,2026091730,True,ok,0.01861302225890677,0.01776399933764674,0.013395800733661384,7.412804730853935,7.777128295078951,0.022647449011850826,0.023023578718656408,0.020474723624245048,0.024170933765208624,0.024170933765208624,200.0,200.0,0.005,9.539036227579345e-12,1.5362092044578881,6,1.3629514183932656e-12,0.0,1.7763568394002505e-15,0.01620208635438658,0.9531150647723203,1.0117270193003418,0.4680962625266125,3.741174037230621e-12,0.0012480420991778374,not_checked,0.001,not_checked,not_checked,,,
circle_uniform_direct_n200,130,2026091731,True,ok,0.0019628335167820934,0.009114458797202303,0.004388245131919882,0.7845850744149816,0.8014329884346295,0.6746538570232399,0.6748393079356725,0.6698399376168969,0.6753212986529037,0.6753212986529037,200.0,200.0,0.005,5.134781488891349e-16,1.2917281086282002,6,2.5587171270657905e-17,-4.336808689942018e-19,-3.3306690738754696e-16,0.00027416614892789015,0.9771203513229462,1.0181941848195266,0.48410618824671237,1.249000902703301e-16,0.001301625045016408,not_checked,0.001,not_checked,not_checked,,,
circle_uniform_direct_n200,131,2026091732,True,ok,0.007069189799467884,0.0008754676436563173,0.008806950226385198,2.822595675503567,2.616751955807086,0.23971945809822343,0.24033065808426657,0.2702586061291729,0.24320806683374413,0.24320806683374413,200.0,200.0,0.005,7.1518312105833814e-12,1.2101681388798138,5,4.2500725161431774e-16,0.0,1.3322676295501878e-15,0.002540122141793333,0.8478265771051537,1.1379578397969463,0.4235421558500448,4.402528688829399e-13,0.0010511251166462898,not_checked,0.001,not_checked,not_checked,,,
circle_uniform_direct_n200,132,2026091733,True,ok,0.001910643863133733,0.006198537692423194,0.004394645585093181,0.7639104151970981,0.756764911049213,0.6818974912074351,0.6820160834369045,0.6849684805839695,0.6824071721831039,0.6824071721831039,200.0,200.0,0.005,4.0939474033052647e-16,1.2285867665727854,6,4.336808689942018e-18,6.505213034913027e-19,0.0,0.00017356502819754205,0.9817860825019169,1.0145281197791554,0.4878499648002396,6.938893903907228e-18,0.001142582157626748,not_checked,0.001,not_checked,not_checked,,,
circle_uniform_direct_n200,133,2026091734,True,ok,0.003755665508081544,0.0011230895761919091,0.006163306780611925,1.5009038288164231,1.4993106264250982,0.4696938037932501,0.47001534009270785,0.4725293993144972,0.4718316165623727,0.4718316165623727,200.0,200.0,0.005,1.5319041174466363e-11,1.159513218224591,5,-3.0357660829594124e-17,4.336808689942018e-19,0.0,0.0006811872080971781,0.9100708954106235,1.082560568995394,0.45452440990722853,1.1919931187931443e-12,0.001038040965795517,not_checked,0.001,not_checked,not_checked,,,
circle_uniform_direct_n200,134,2026091735,True,ok,4.475688766969119e-06,0.006278518589432925,0.0002109463023583994,0.001790277317318727,0.0018111481200280913,0.9991026543658617,0.9991026534587717,0.9990948358484315,0.9991052627628902,0.9991052627628902,200.0,200.0,0.005,4.994897724597269e-14,1.1757697666479108,5,-8.588067052211351e-17,5.421010862427522e-19,2.0816681711721685e-16,-9.052655397219847e-10,0.9236412631130522,1.0763807291578784,0.4589206710018946,2.680147770384167e-15,0.0009772498160600662,not_checked,0.001,not_checked,not_checked,,,
circle_uniform_direct_n200,135,2026091736,True,ok,0.00033804910620118585,0.00044407299813273206,0.001846881175435012,0.135207846296589,0.13419000747968768,0.9345639911998216,0.9345695085685868,0.9351063585154326,0.9346250732949967,0.9346250732949967,200.0,200.0,0.005,2.1535702908470622e-11,1.0672999862372459,4,6.680839692227436e-13,6.505213034913027e-19,8.326672684688674e-17,5.898091942679873e-06,0.963782146020078,1.0355306093122065,0.4816770818169731,1.3792200888318451e-12,0.0008350829593837261,not_checked,0.001,not_checked,not_checked,,,
circle_uniform_direct_n200,136,2026091737,True,ok,0.007900574075346195,0.006367108833553833,0.009290168649343468,3.1541868518901244,2.9100682678564382,0.20310851908014532,0.20372604244509046,0.23339239716585233,0.205951450517303,0.205951450517303,200.0,200.0,0.005,4.055089597443384e-14,1.3083180546622843,6,2.3852447794681098e-15,-6.938893903907228e-18,-4.440892098500626e-16,0.003021389124176821,0.8928025192344765,1.0917675639838202,0.4435585681331659,6.016021014687567e-15,0.001498333178460598,not_checked,0.001,not_checked,not_checked,,,
circle_uniform_direct_n200,137,2026091738,True,ok,0.008585441290402647,5.344213571816482e-05,0.00920871649071177,3.426793068312882,3.5043894868470566,0.17686754143466465,0.17752647907437707,0.1733929724505998,0.17958830214099203,0.17958830214099203,200.0,200.0,0.005,7.875644580934704e-16,1.2058218683356954,5,1.3530843112619095e-16,5.204170427930421e-18,1.3322676295501878e-15,0.0036917239240885635,0.9315831782070944,1.0512733964723886,0.4657666962288972,1.4224732503009818e-16,0.0015902500599622726,not_checked,0.001,not_checked,not_checked,,,
circle_uniform_direct_n200,138,2026091739,True,ok,0.006354235866297266,0.00959857765037091,0.007770474330954748,2.538321481729199,2.6957805001807595,0.27810320600511285,0.27857488136540987,0.2597877701133014,0.2805938094863308,0.2805938094863308,200.0,200.0,0.005,1.6311604844609917e-14,1.3189140388723948,6,6.539907504432563e-16,-1.0408340855860843e-17,-3.1086244689504383e-15,0.0016864323948537763,0.9127445945851288,1.0757249141538643,0.4519902388539918,1.1796119636642288e-15,0.0014316660817712545,not_checked,0.001,not_checked,not_checked,,,
circle_uniform_direct_n200,139,2026091740,True,ok,0.0007792435683414657,0.0014313256078301887,0.002760293909557738,0.31163517848270017,0.3241432462370569,0.8545478882138895,0.8545746958385072,0.8503802954703135,0.8556886345738102,0.8556886345738102,200.0,200.0,0.005,3.656035890697851e-11,1.1156545640582314,5,3.469446951953614e-18,-4.336808689942018e-19,-1.6653345369377348e-16,3.1124426943057726e-05,0.8702551496589991,1.1281692911503554,0.43450475589974313,3.1438302482145186e-12,0.0010766249615699053,not_checked,0.001,not_checked,not_checked,,,
circle_uniform_direct_n200,140,2026091741,True,ok,0.00029322709528453424,8.355903885921733e-05,0.0017432823516565115,0.11728227278940731,0.11320961822316122,0.9429841473656286,0.9429881899252901,0.9449674381070949,0.9430410942815239,0.9430410942815239,200.0,200.0,0.005,6.405171532053444e-12,1.042939598557138,4,-3.871290224152779e-14,1.6263032587282567e-19,-1.1102230246251565e-16,4.282662203189402e-06,0.9607768058483896,1.0386379661912253,0.48034826208091724,8.493347084664871e-14,0.000887374859303236,not_checked,0.001,not_checked,not_checked,,,
circle_uniform_direct_n200,141,2026091742,True,ok,0.0008946142790598686,0.0004276554887970111,0.002965028890203438,0.35776706577989675,0.36430638143985494,0.836017388101528,0.8360502965820356,0.8334736502069917,0.8361704025957399,0.8361704025957399,200.0,200.0,0.005,5.853616202866618e-13,1.0833509098521767,5,5.5294310796760726e-18,-3.2526065174565133e-19,-5.551115123125783e-17,3.932292202535326e-05,0.9818578903707319,1.016369864450339,0.49071899686474063,2.5088221430880076e-14,0.0011154168751090765,not_checked,0.001,not_checked,not_checked,,,
circle_uniform_direct_n200,142,2026091743,True,ok,0.001203337062057436,0.007226942377137316,0.0033352320720666804,0.4811974469678075,0.522717073439526,0.7850882627028413,0.7851424493624457,0.7700047951242068,0.7861030310273787,0.7861030310273787,200.0,200.0,0.005,2.7582103268031233e-16,1.2308532145478253,6,-1.734723475976807e-18,-2.168404344971009e-18,-4.440892098500626e-16,6.868892758346568e-05,0.9012705392509361,1.096453148497078,0.4473790775096271,3.469446951953614e-17,0.001777250086888671,not_checked,0.001,not_checked,not_checked,,,
circle_uniform_direct_n200,143,2026091744,True,ok,0.010546809050673208,0.005059047134770634,0.010403068976503959,4.2069916565310495,4.174534382108648,0.11865973997962842,0.11936107827033396,0.12402561141259741,0.12131536396939077,0.12131536396939077,200.0,200.0,0.005,2.0905499553691698e-13,1.3359859078235812,6,2.8841512511590395e-14,8.673617379884035e-18,2.6645352591003757e-15,0.005865981869116688,0.8857549048138272,1.0927317739426132,0.44063719569140025,5.623279619726418e-14,0.001232834067195654,not_checked,0.001,not_checked,not_checked,,,
circle_uniform_direct_n200,144,2026091745,True,ok,0.005253185474764886,0.006094420044340144,0.007166556952235691,2.098510048126464,2.153204995100916,0.34775317001961303,0.3482366451943806,0.3407512644762,0.3497148765403739,0.3497148765403739,200.0,200.0,0.005,7.931155732165962e-15,1.2787109705365942,6,4.3368086899420177e-16,-5.204170427930421e-18,-2.6645352591003757e-15,0.0013820708897451794,0.974406163080759,1.0151393858996964,0.4842345925431219,1.2802259252708836e-15,0.0011866241693496704,not_checked,0.001,not_checked,not_checked,,,
circle_uniform_direct_n200,145,2026091746,True,ok,0.003511733724026208,0.0019407343326706115,0.005879460914629809,1.4035223744332692,1.4355167448953372,0.4937463188955078,0.49403669502026215,0.4878445970816603,0.4954213111404274,0.4954213111404274,200.0,200.0,0.005,9.527077043935961e-11,1.1741888785097883,5,-1.7780915628762273e-17,4.336808689942018e-18,1.3322676295501878e-15,0.0005855575886070108,0.931323758597108,1.0618462748890856,0.4647580811236277,1.0621223952428371e-11,0.0010610839817672968,not_checked,0.001,not_checked,not_checked,,,
circle_uniform_direct_n200,146,2026091747,True,ok,0.002244160514305215,0.011507443756341402,0.004591235219176393,0.8969063551625396,0.9571472624419767,0.637162580612386,0.6374049835992646,0.6196666348826096,0.6383732707423211,0.6383732707423211,200.0,200.0,0.005,9.298117831235686e-16,1.3317621874532526,6,7.025630077706069e-17,-1.734723475976807e-18,-1.2212453270876722e-15,0.00037892527977323454,0.9365590006180339,1.0578783050263607,0.46288864849080796,2.8796409701215e-16,0.001185665838420391,not_checked,0.001,not_checked,not_checked,,,
circle_uniform_direct_n200,147,2026091748,True,ok,0.0032909424755975273,0.003665362839177581,0.005589404234432957,1.3152816968203578,1.3889257048897075,0.516333191319106,0.516617111182798,0.4993425966159504,0.517788461755658,0.517788461755658,200.0,200.0,0.005,6.036837696399289e-16,1.2125667694136921,6,1.9949319973733282e-17,-5.204170427930421e-18,-1.5543122344752192e-15,0.0005476467093266102,0.9431768374938008,1.0502329286502885,0.4698601137420132,9.71445146547012e-17,0.0011674999259412289,not_checked,0.001,not_checked,not_checked,,,
circle_uniform_direct_n200,148,2026091749,True,ok,0.002468744783119825,0.0030546335275979377,0.004959613081837936,0.9868827423649861,1.0005825689205472,0.6086842397187691,0.608872331030155,0.6063540124853248,0.6103339841637112,0.6103339841637112,200.0,200.0,0.005,2.0122792321330962e-16,1.1874912957812946,6,-1.474514954580286e-17,-4.336808689942018e-18,-1.4432899320127035e-15,0.0003075854414720247,0.9086328840181689,1.0864291328162836,0.45292866994899006,2.42861286636753e-17,0.0011342500802129507,not_checked,0.001,not_checked,not_checked,,,
circle_uniform_direct_n200,149,2026091750,True,ok,0.0015322665925220913,0.0026291252452142113,0.003916439976012398,0.6126389380379254,0.6162239567948556,0.7351889401245482,0.7352876891073543,0.7348330279769518,0.7360528774265288,0.7360528774265288,200.0,200.0,0.005,4.198030811863873e-16,1.1680198260840553,6,2.8189256484623115e-18,-3.469446951953614e-18,-1.3322676295501878e-15,0.00013384948545558384,0.9265652380308927,1.0701747099721857,0.46206459096252894,2.2551405187698492e-17,0.001178000122308731,not_checked,0.001,not_checked,not_checked,,,
circle_uniform_direct_n200,150,2026091751,True,ok,0.014127643554404982,0.0015615421834241855,0.011419030516648717,5.630562754268553,6.170224354608342,0.05712421878596791,0.057717732117062756,0.04572490431601251,0.059277307985203496,0.059277307985203496,200.0,200.0,0.005,5.589887580592645e-11,1.3109504994507757,5,4.8785628314895746e-14,1.214306433183765e-17,5.329070518200751e-15,0.010247333746720155,0.9085064803745291,1.0630174122060594,0.45354386914494055,4.453189119540957e-12,0.0012014999520033598,not_checked,0.001,not_checked,not_checked,,,
circle_uniform_direct_n200,151,2026091752,True,ok,0.005168850733306588,0.006778229016236387,0.00716672280892719,2.065273590182517,2.0908715181632314,0.35366388203066906,0.3540668204035748,0.35153859985966573,0.3556635260326053,0.3556635260326053,200.0,200.0,0.005,3.3029134982598407e-15,1.2693302159763575,6,8.586881206085195e-17,8.673617379884035e-19,8.881784197001252e-16,0.0011333515700591157,0.9417792437672616,1.0487527232933267,0.467698561258058,1.3877787807814457e-16,0.0012174579314887524,not_checked,0.001,not_checked,not_checked,,,
circle_uniform_direct_n200,152,2026091753,True,ok,0.00025369424918172175,0.0007229319308185091,0.001617563446119889,0.10147135600331039,0.09854485332419388,0.9504584108457497,0.9504614297349547,0.9519217655020946,0.9505268683697973,0.9505268683697973,200.0,200.0,0.005,2.2274529876825655e-11,1.074464444845085,4,-9.104528112327537e-14,4.336808689942018e-19,3.191891195797325e-16,3.171834689154329e-06,0.9508568055150183,1.0486398750877428,0.475084696863701,2.0470864586785709e-13,0.0009073761757463217,not_checked,0.001,not_checked,not_checked,,,
circle_uniform_direct_n200,153,2026091754,True,ok,0.0004478153498233585,0.01500806141625256,0.0021531172806716144,0.17913419889811963,0.17308056885631054,0.9142620270712845,0.9142583401114133,0.9170986032477519,0.914330596507325,0.914330596507325,200.0,200.0,0.005,4.551914400963142e-15,1.2909107232559158,6,4.933119884809045e-18,8.673617379884035e-19,2.220446049250313e-16,-4.029484388115567e-06,0.961451972553057,1.0382850898031868,0.47351575893580927,1.1206313654810174e-15,0.0012144159991294146,not_checked,0.001,not_checked,not_checked,,,
circle_uniform_direct_n200,154,2026091755,True,ok,0.00022206230058676747,0.0003390486609760047,0.0015431936219722888,0.0888200814055523,0.08285782026980568,0.9564341240149837,0.9564364447047613,0.9594175377805252,0.9565593335203609,0.9565593335203609,200.0,200.0,0.005,8.172621433766292e-12,1.0558076259577909,4,-9.353379615967272e-14,-1.0842021724855044e-19,-6.938893903907228e-17,2.419414577348178e-06,0.9252616558462338,1.0742988274633964,0.46247397179369626,1.752985777370153e-13,0.000947458203881979,not_checked,0.001,not_checked,not_checked,,,
circle_uniform_direct_n200,155,2026091756,True,ok,0.0022502645132389497,0.005279807004879946,0.004682955970107643,0.8996634912648496,0.9299359627432325,0.636301892808981,0.6364431667032124,0.6281552175361318,0.6375944202964932,0.6375944202964932,200.0,200.0,0.005,5.134781488891349e-16,1.2149283313477544,6,1.3010426069826053e-18,0.0,4.440892098500626e-16,0.00022115701536518095,0.9195276157919428,1.0762649321102153,0.45733589785537127,7.112366251504909e-17,0.0011687909718602896,not_checked,0.001,not_checked,not_checked,,,
circle_uniform_direct_n200,156,2026091757,True,ok,0.005579455148148037,0.00012706207892392084,0.007308974906447299,2.2286678696152875,2.337517111009338,0.3254451982360783,0.3259551323570766,0.3107524838616025,0.3276232268029465,0.3276232268029465,200.0,200.0,0.005,7.631048570821974e-15,1.1652749256916164,5,2.688821387764051e-17,5.204170427930421e-18,2.220446049250313e-15,0.001557094821963645,0.9534296906593601,1.0354280571791228,0.4766542732695492,1.831217469328017e-16,0.0010233328212052584,not_checked,0.001,not_checked,not_checked,,,
circle_uniform_direct_n200,157,2026091758,True,ok,0.0036270044067799488,0.00022224631577474446,0.0058670065411103155,1.4494879505306415,1.535386085189159,0.48230508808152095,0.48262338551197453,0.46408245277590343,0.48413045117711917,0.48413045117711917,200.0,200.0,0.005,6.108308303609533e-14,1.1357972390605275,5,3.903127820947816e-18,4.336808689942018e-19,8.881784197001252e-16,0.0006569060906690405,0.9264555811093437,1.0663039748431444,0.46312484081076655,1.8260132989000866e-15,0.0010668339673429728,not_checked,0.001,not_checked,not_checked,,,
circle_uniform_direct_n200,158,2026091759,True,ok,0.0017002681135822924,0.006468276515339365,0.0042206727764590645,0.6799057088249885,0.6498217310508427,0.7111402286247694,0.7112120531319397,0.7225917586084165,0.711732156727701,0.711732156727701,200.0,200.0,0.005,3.2959746043559335e-16,1.2177552930927489,6,-1.1492543028346347e-17,4.336808689942018e-19,3.3306690738754696e-16,0.0001007683039642715,0.9494218824268191,1.0477038729012005,0.4716411665700173,8.673617379884035e-18,0.0010867489036172628,not_checked,0.001,not_checked,not_checked,,,
circle_uniform_direct_n200,159,2026091760,True,ok,0.0015543737637326287,0.005923372418096574,0.00392098370195698,0.6215511364468123,0.6307835160206972,0.7321952002279377,0.7322680039249712,0.7295030296263187,0.7328056520171028,0.7328056520171028,200.0,200.0,0.005,6.453171330633722e-16,1.212651809182327,6,8.673617379884035e-19,-8.673617379884035e-19,2.220446049250313e-16,9.91845231196331e-05,0.9439240357506972,1.0532567893753384,0.46916710493903846,7.112366251504909e-17,0.0011698331218212843,not_checked,0.001,not_checked,not_checked,,,
circle_uniform_direct_n200,160,2026091761,True,ok,2.011594322663332e-05,0.0008958038241303657,0.0004461456079055008,0.008046352711254144,0.008136389587405177,0.9959834882489773,0.9959835004935998,0.9959400691005619,0.9959848935357654,0.9959848935357654,200.0,200.0,0.005,6.275764630192526e-12,1.0658681426920946,4,-1.5892438732199865e-15,-1.4907779871675686e-19,0.0,1.2289699592195336e-08,0.9740895470101258,1.0258785884090018,0.48660847558645687,4.825647260259247e-13,0.0009235006291419268,not_checked,0.001,not_checked,not_checked,,,
circle_uniform_direct_n200,161,2026091762,True,ok,0.0011998776784823454,0.00016006330696043364,0.0033965776738161787,0.4798061143482917,0.5000182727096059,0.7862067119501043,0.786263821296151,0.7787936677036342,0.7866471056047135,0.7866471056047135,200.0,200.0,0.005,1.8433171655729552e-14,1.0812768150632832,5,-6.505213034913027e-19,2.8189256484623115e-18,1.0547118733938987e-15,7.247852232325491e-05,0.9482764153322706,1.0493167969329285,0.4740623158769188,4.964561747811125e-16,0.0012240831274539232,not_checked,0.001,not_checked,not_checked,,,
circle_uniform_direct_n200,162,2026091763,True,ok,0.006582329586125505,0.001028016350674303,0.008231067660704534,2.6286054586748575,2.5676569555303734,0.2656754094938004,0.26625440462978045,0.27697487586266173,0.2680810504274231,0.2680810504274231,200.0,200.0,0.005,1.0839395353512415e-11,1.2028870281565414,5,6.938893903907228e-17,-1.734723475976807e-18,-8.881784197001252e-16,0.0021631878876722244,0.9557441610099522,1.0311369204859033,0.4773808001488203,8.369164736232726e-13,0.0010792501270771027,not_checked,0.001,not_checked,not_checked,,,
circle_uniform_direct_n200,163,2026091764,True,ok,0.020486865913766125,0.0014209572001908214,0.013711114807109084,8.152932231992718,9.016930235610582,0.015473558999292715,0.01580414349225201,0.011015354478565467,0.016616266018558572,0.016616266018558572,200.0,200.0,0.005,4.0351909313951495e-11,1.3568150497286229,5,5.036943084846257e-14,-2.42861286636753e-17,-1.0658141036401503e-14,0.020907066756866044,0.9035736144766552,1.0558228940166223,0.45114486764494727,3.0537729463209207e-12,0.0010357089340686798,not_checked,0.001,not_checked,not_checked,,,
circle_uniform_direct_n200,164,2026091765,True,ok,0.004053034384657839,0.0021457940960327264,0.0063531638652243455,1.6194820849931217,1.660589704605676,0.4411372522291881,0.44152159140816283,0.4359207351380504,0.44458817402868545,0.44458817402868545,200.0,200.0,0.005,1.523469475572803e-10,1.2000215858836598,5,5.0306980803327406e-17,-1.734723475976807e-18,-1.3322676295501878e-15,0.0008658344350069846,0.8614671904535485,1.1302300825220093,0.42980924718947766,1.5870254763128422e-11,0.001055415952578187,not_checked,0.001,not_checked,not_checked,,,
circle_uniform_direct_n200,165,2026091766,True,ok,0.004743120380355639,0.014606447819386609,0.0069218320032780715,1.8948904561344573,1.883236366130102,0.3854869996467023,0.3859438942248917,0.3899962391675569,0.38727351593351256,0.38727351593351256,200.0,200.0,0.005,2.8227420401094605e-14,1.385147218547578,6,1.5421691701433815e-15,-1.734723475976807e-18,-8.881784197001252e-16,0.0011788480038992244,0.9811999731257118,1.0092021095250656,0.4834308800317187,7.605027718682322e-15,0.0011960831470787525,not_checked,0.001,not_checked,not_checked,,,
circle_uniform_direct_n200,166,2026091767,True,ok,0.0009754291301946189,0.0010888293445185755,0.003169192215314309,0.39007437956739544,0.3865393946864262,0.8211351177619639,0.8211754209509137,0.8242596435234917,0.8227640404470865,0.8227640404470865,200.0,200.0,0.005,1.5429060806759765e-11,1.1109974053409428,5,1.5178830414797062e-18,6.505213034913027e-19,3.3306690738754696e-16,4.8636255226053304e-05,0.8575687900363428,1.140461500945492,0.42831750684879155,1.0531501885846506e-12,0.0010587498545646667,not_checked,0.001,not_checked,not_checked,,,
circle_uniform_direct_n200,167,2026091768,True,ok,0.016976307992597132,0.0005889992408178231,0.012818364877251832,6.761381834257157,7.079042022445198,0.03166772826918386,0.032139942224163595,0.029027227469063385,0.03353178116038993,0.03353178116038993,200.0,200.0,0.005,1.847237640628663e-12,1.3158317535808048,5,5.392214452726307e-14,-1.3877787807814457e-17,-6.217248937900877e-15,0.014570681390848161,0.9495928715434819,1.0164478750168504,0.4745167763549708,9.022838899641616e-14,0.0010617082007229328,not_checked,0.001,not_checked,not_checked,,,
circle_uniform_direct_n200,168,2026091769,True,ok,0.000845822097225243,0.004795377587190281,0.002926104069832017,0.3382787412118762,0.3370487692505972,0.8437340791935044,0.8437553007890211,0.8449106603378751,0.8443700611152983,0.8443700611152983,200.0,200.0,0.005,3.469446951953614e-16,1.178669215271136,6,1.4094628242311558e-17,-1.3010426069826053e-18,-1.6653345369377348e-16,2.5048839110530796e-05,0.9092305926650107,1.0893417790094846,0.4524355812405079,3.8163916471489756e-17,0.0012156669981777668,not_checked,0.001,not_checked,not_checked,,,
circle_uniform_direct_n200,169,2026091770,True,ok,0.0066302768204518775,0.013100250120715369,0.008034656286323973,2.648947631729642,2.7324795114522527,0.26349962913964364,0.26391900929031376,0.25506426251091674,0.26552258816351487,0.26552258816351487,200.0,200.0,0.005,1.6291655524636184e-14,1.3512624846704173,6,1.2732870313669764e-15,7.806255641895632e-18,2.6645352591003757e-15,0.0015815482255543412,0.9685606055427297,1.0201939148236583,0.47793418446213387,1.3114509478384662e-15,0.00117658288218081,not_checked,0.001,not_checked,not_checked,,,
circle_uniform_direct_n200,170,2026091771,True,ok,0.0002889697244308131,0.0013223908575427934,0.001646256197175175,0.11557920338507549,0.12336562398747457,0.9437047062992315,0.9437088152205522,0.9401810536550473,0.943844411368596,0.943844411368596,200.0,200.0,0.005,4.640568485037022e-11,1.0966944933910294,4,5.572863676604756e-13,-4.336808689942018e-19,-5.551115123125783e-17,4.343193624876951e-06,0.9315152573721609,1.0678970863125326,0.4651417489757959,2.29082464803243e-12,0.0009278750512748957,not_checked,0.001,not_checked,not_checked,,,
circle_uniform_direct_n200,171,2026091772,True,ok,0.0028322144978587156,0.0016845523282138508,0.005251915574967348,1.1320720711184604,1.165000182103474,0.5665370954780171,0.5667683416989165,0.5585003180218,0.5675406515120371,0.5675406515120371,200.0,200.0,0.005,6.736200486301414e-11,1.1648423291681378,5,2.6020852139652106e-18,-3.469446951953614e-18,-1.1102230246251565e-15,0.0004068640125128864,0.969800054485767,1.0245077870155694,0.4840832304335381,6.030428326836423e-12,0.001031000865623355,not_checked,0.001,not_checked,not_checked,,,
circle_uniform_direct_n200,172,2026091773,True,ok,0.0030378212665330487,0.001634971848821505,0.005478092928458901,1.2141607621823194,1.232057718950381,0.5436291469190309,0.5438930846832907,0.5400849378515937,0.5446759472795015,0.5446759472795015,200.0,200.0,0.005,6.593628421036613e-11,1.1709189719702502,5,1.3010426069826053e-18,-1.3010426069826053e-18,-4.440892098500626e-16,0.0004838722154499875,0.9845028220638574,1.0092917217481385,0.49144656480822513,5.351434139572175e-12,0.001075749984011054,not_checked,0.001,not_checked,not_checked,,,
circle_uniform_direct_n200,173,2026091774,True,ok,0.0030065506653224063,0.0014050165366752449,0.005463527367722209,1.2017296346020694,1.213031826030635,0.5471015840055675,0.5473460025676165,0.5452472524295131,0.5480930906212776,0.5480930906212776,200.0,200.0,0.005,3.3421251877108205e-11,1.1577729505871697,5,8.673617379884035e-18,-2.168404344971009e-18,-4.440892098500626e-16,0.0004453157634465299,0.9886446821104852,1.0054002177835815,0.4936278507034568,2.919056489580907e-12,0.0011002500541508198,not_checked,0.001,not_checked,not_checked,,,
circle_uniform_direct_n200,174,2026091775,True,ok,0.014755006409509677,0.0050707782585959,0.01206593398778842,5.881808668292061,6.031658199851391,0.05019203913246676,0.05070782366813466,0.04900518844101861,0.05228732537634927,0.05228732537634927,200.0,200.0,0.005,1.5011603071712898e-13,1.3399809778357132,6,-3.293545991489566e-14,6.938893903907228e-18,3.552713678800501e-15,0.01009694775590475,0.9450281326920998,1.0267910915167706,0.4701180866113659,4.5505266221823604e-14,0.0013334171380847692,not_checked,0.001,not_checked,not_checked,,,
circle_uniform_direct_n200,175,2026091776,True,ok,0.012572339372075029,0.000967854444317947,0.01129819200315582,5.013289918563048,5.002139776099156,0.07848016360495974,0.07910256282281208,0.08199722382779684,0.08090595288167256,0.08090595288167256,200.0,200.0,0.005,1.0249686516194956e-11,1.2688793811703185,5,-2.4147350785597155e-15,0.0,2.6645352591003757e-15,0.007822915133481878,0.927963427047113,1.0471289368313546,0.4635326644572732,6.575577755907336e-13,0.0010489169508218765,not_checked,0.001,not_checked,not_checked,,,
circle_uniform_direct_n200,176,2026091777,True,ok,0.0016665671743746995,0.009283105660328746,0.004075630802777033,0.666377324364454,0.6702203501426219,0.7160532394688741,0.7161427640813216,0.7152592782693075,0.716545568584116,0.716545568584116,200.0,200.0,0.005,5.32993787993874e-16,1.2659721024627244,6,1.691355389077387e-17,1.734723475976807e-18,4.440892098500626e-16,0.00012477269271293778,0.963603661512131,1.0332939154849299,0.47732847953858176,2.42861286636753e-17,0.0011634172406047583,not_checked,0.001,not_checked,not_checked,,,
circle_uniform_direct_n200,177,2026091778,True,ok,0.002723494774587231,0.010475150467983498,0.005207112234631194,1.0885508320515598,1.099048603199188,0.5788591783357167,0.5791052252574109,0.5772243297714401,0.5800163681350086,0.5800163681350086,200.0,200.0,0.005,1.3808398868775384e-15,1.3114698773053144,6,6.938893903907228e-17,-3.903127820947816e-18,-1.9984014443252818e-15,0.00042353889166635295,0.9505030361587233,1.0437766329169,0.4702746050905015,3.712308238590367e-16,0.0011845000553876162,not_checked,0.001,not_checked,not_checked,,,
circle_uniform_direct_n200,178,2026091779,True,ok,0.010495446354037987,0.0004930503760713267,0.010220690935094779,4.187058745836618,4.239500354473078,0.11986768890852861,0.1205430191505332,0.1200616188905779,0.12256800369678415,0.12256800369678415,200.0,200.0,0.005,9.967443537206577e-13,1.2427530035172982,5,2.3887142264200634e-15,-8.673617379884035e-18,-2.6645352591003757e-15,0.0055598978892885675,0.9737504121613718,1.0052314381626053,0.4866351565266131,4.4315896438607005e-14,0.0010594581253826618,not_checked,0.001,not_checked,not_checked,,,
circle_uniform_direct_n200,179,2026091780,True,ok,0.0014920597297198388,0.004160316115655703,0.0039040805829047135,0.5966307809861704,0.5849652897562037,0.7416381829241363,0.7417099084633796,0.7464081989287513,0.7419956146970841,0.7419956146970841,200.0,200.0,0.005,2.931682674400804e-16,1.1837690246766284,6,1.4094628242311558e-17,1.3010426069826053e-18,4.440892098500626e-16,9.655545088255169e-05,0.9759364741494503,1.0212772197240576,0.4859382004763557,3.8163916471489756e-17,0.0011678740847855806,not_checked,0.001,not_checked,not_checked,,,
circle_uniform_direct_n200,180,2026091781,True,ok,0.00046181680029613474,5.228775167914698e-05,0.0020534209858106113,0.18470539498620045,0.20263856725984722,0.9113767449321084,0.9113865064043343,0.9036444679354002,0.9117737871695025,0.9117737871695025,200.0,200.0,0.005,1.585034599231594e-11,1.0485354661919997,4,3.771283415762716e-14,3.7947076036992655e-19,2.7755575615628914e-17,1.066256612672345e-05,0.9054543800446367,1.0936221918542526,0.4527035179847524,3.3078791442098243e-14,0.0009200421627610922,not_checked,0.001,not_checked,not_checked,,,
circle_uniform_direct_n200,181,2026091782,True,ok,0.006903448017073741,0.007116910555833373,0.008331161397166413,2.7568812799721556,2.756257429716778,0.2490294680180065,0.24959378872799748,0.2520497690202529,0.25140512343619226,0.25140512343619226,200.0,200.0,0.005,2.548655730905125e-14,1.304852560395515,6,1.1423154089307275e-15,3.469446951953614e-18,1.7763568394002505e-15,0.002248963428670425,0.9595058836927487,1.0271862569036083,0.47633916602012377,3.1155633628543455e-15,0.0011026670690625906,not_checked,0.001,not_checked,not_checked,,,
circle_uniform_direct_n200,182,2026091783,True,ok,0.007976471345939113,0.0029825829552604264,0.00910189636018834,3.1841953719990235,3.0857518789025824,0.20020557422870544,0.200851316192439,0.21376544008648765,0.20284882755916422,0.20284882755916422,200.0,200.0,0.005,1.702110674628443e-14,1.2613633834372557,6,1.3912482277333993e-15,0.0,8.881784197001252e-16,0.003196583188310953,0.9470584564124138,1.0370307124307565,0.4721167349695278,2.6922908347160046e-15,0.0011985008604824543,not_checked,0.001,not_checked,not_checked,,,
circle_uniform_direct_n200,183,2026091784,True,ok,0.0007424252283406516,0.00029887891145736513,0.0027219263493601454,0.2969137296006037,0.29834065056255205,0.8617906353280875,0.861814961931791,0.861422380393777,0.8620128979010635,0.8620128979010635,200.0,200.0,0.005,1.3975726131931765e-10,1.0751273644409198,4,5.0872819411934556e-12,2.168404344971009e-19,1.1102230246251565e-16,2.8180867828464518e-05,0.9531847761342267,1.045314503151127,0.4764499443331524,9.909775257332942e-12,0.0009299998637288809,not_checked,0.001,not_checked,not_checked,,,
circle_uniform_direct_n200,184,2026091785,True,ok,0.0023000916263152954,0.005707290389827188,0.0046712061363527735,0.9195065027690164,0.9722874733222816,0.6302426243850217,0.6304102373310245,0.6149934038617777,0.6312720771740541,0.6312720771740541,200.0,200.0,0.005,4.579669976578771e-16,1.2302845654143435,6,-2.168404344971009e-18,-1.734723475976807e-18,0.0,0.00026507387855090325,0.9408718920399772,1.0545498583117525,0.46775158927587096,6.765421556309548e-17,0.0011685008648782969,not_checked,0.001,not_checked,not_checked,,,
circle_uniform_direct_n200,185,2026091786,True,ok,0.000300106966572641,0.0039943564371463305,0.0017366360175578288,0.12003698088993982,0.12037809892505026,0.9415140572055705,0.9415168011132806,0.9415865103334795,0.9417443863348792,0.9417443863348792,200.0,200.0,0.005,1.612075264945112e-10,1.152174404059117,5,-4.6634457363456394e-12,-2.168404344971009e-19,-1.1102230246251565e-16,2.902869558292498e-06,0.9111055080317785,1.0884167321561429,0.45373282431159095,3.556668848325728e-12,0.0009983747731894255,not_checked,0.001,not_checked,not_checked,,,
circle_uniform_direct_n200,186,2026091787,True,ok,0.0029893428905080482,0.009776069896149965,0.005111402961274308,1.194612836982846,1.3700933950255743,0.5470268078581888,0.547336429622574,0.5040666903644997,0.5499826327339135,0.5499826327339135,200.0,200.0,0.005,2.3314683517128287e-15,1.3147944185357192,6,1.682681771697503e-16,3.469446951953614e-18,2.220446049250313e-16,0.0005621596101866855,0.8707589426236212,1.1225128000096967,0.4311236804458295,6.591949208711867e-16,0.0011970421764999628,not_checked,0.001,not_checked,not_checked,,,
circle_uniform_direct_n200,187,2026091788,True,ok,0.003386122550041332,0.002014963300503941,0.005676907491385648,1.3532889819214193,1.4263782482706528,0.5065361027187876,0.5068311221667159,0.4900787805660075,0.5080250558867481,0.5080250558867481,200.0,200.0,0.005,1.3624109479470903e-10,1.18134710204613,5,1.7780915628762273e-17,1.3010426069826053e-18,-1.1102230246251565e-15,0.000580019047556779,0.9439144733374982,1.0492939328468958,0.4710063378990745,1.2341024903383957e-11,0.001063457690179348,not_checked,0.001,not_checked,not_checked,,,
circle_uniform_direct_n200,188,2026091789,True,ok,0.0006431213419339516,0.006343175465823237,0.0024774176409861,0.25722588999985196,0.2697915567412653,0.8790924617926845,0.8791024338478466,0.8738069765293354,0.8793042859036414,0.8793042859036414,200.0,200.0,0.005,1.5612511283791264e-16,1.1971567603288273,6,-1.3010426069826053e-18,-6.505213034913027e-19,-2.220446049250313e-16,1.132338686432588e-05,0.9451903215768118,1.0538345739006765,0.46959663294728593,1.734723475976807e-17,0.0011691658291965723,not_checked,0.001,not_checked,not_checked,,,
circle_uniform_direct_n200,189,2026091790,True,ok,0.002334377397966471,0.0034852456558511023,0.004848132491191653,0.9331920786347977,0.9288319845247875,0.6262516435313172,0.6264270878535856,0.6285020480896509,0.6269581546363844,0.6269581546363844,200.0,200.0,0.005,4.579669976578771e-16,1.19455561860679,6,-6.5052130349130266e-18,-8.673617379884035e-19,-7.771561172376096e-16,0.0002794402758953263,0.9859623373412439,1.0093239850921192,0.49126291105211084,3.122502256758253e-17,0.00114062475040555,not_checked,0.001,not_checked,not_checked,,,
circle_uniform_direct_n200,190,2026091791,True,ok,0.0024846214688707784,0.007188383948406422,0.004898579571432677,0.9932419703783761,1.0305123159909333,0.6075253316117011,0.6077101334361268,0.5973475596650304,0.608399041662973,0.608399041662973,200.0,200.0,0.005,6.661338147750939e-16,1.2544085245959349,6,1.1275702593849246e-17,6.5052130349130266e-18,1.6653345369377348e-15,0.000303308584967632,0.9635031259163541,1.0316023575635918,0.4782895239684855,1.1449174941446927e-16,0.0011839158833026886,not_checked,0.001,not_checked,not_checked,,,
circle_uniform_direct_n200,191,2026091792,True,ok,0.0011192278421649753,0.0048000116994098025,0.003365150024849441,0.447533863975897,0.4432742002876724,0.7991101476737397,0.7991731000867579,0.8012060691503531,0.799438583390064,0.799438583390064,200.0,200.0,0.005,2.3592239273284576e-16,1.201211371217252,6,-1.3010426069826053e-18,1.5178830414797062e-18,5.551115123125783e-16,7.863644504657596e-05,0.9626900432601599,1.0348013049993405,0.4790342408453136,3.469446951953614e-17,0.0011737497989088297,not_checked,0.001,not_checked,not_checked,,,
circle_uniform_direct_n200,192,2026091793,True,ok,0.01134687316844769,0.0014084088857371875,0.01065303697812758,4.5260296009237795,4.572136285051277,0.10077970126647876,0.10142920668722727,0.10166541094033668,0.1033768082460162,0.1033768082460162,200.0,200.0,0.005,2.994056738647721e-11,1.2642960877606928,5,-7.806255641895632e-16,-3.469446951953614e-18,-1.7763568394002505e-15,0.006359833227648437,0.9455942017493203,1.0319518019248966,0.4721312453983336,2.9473589367723374e-12,0.001039415830746293,not_checked,0.001,not_checked,not_checked,,,
circle_uniform_direct_n200,193,2026091794,True,ok,0.0015185524085419835,0.0027725964600137905,0.0039226689681932155,0.6072128697721803,0.6035415783572873,0.7371597437709307,0.7372367235539594,0.7395075485976532,0.7380745215951307,0.7380745215951307,200.0,200.0,0.005,4.718447854656915e-16,1.1585708064279177,6,4.336808689942018e-18,8.673617379884035e-19,5.551115123125783e-16,0.00010404682230658047,0.919928826832499,1.0771930823809313,0.4586889740473601,5.204170427930421e-17,0.0011684161145240068,not_checked,0.001,not_checked,not_checked,,,
circle_uniform_direct_n200,194,2026091795,True,ok,0.003674629276211018,0.000343711431235044,0.006271559354910367,1.4685108313347186,1.376849557417227,0.47760101722484083,0.47792274736676843,0.5023667849820699,0.47954101310907193,0.47954101310907193,200.0,200.0,0.005,2.820105260425976e-13,1.139661526566923,5,1.734723475976807e-18,-1.3010426069826053e-18,-4.440892098500626e-16,0.0006704395748442504,0.9203546615894934,1.0723317090472892,0.4600191616931861,1.047285088512373e-14,0.0018398752436041832,not_checked,0.001,not_checked,not_checked,,,
circle_uniform_direct_n200,195,2026091796,True,ok,0.008603468323774382,0.002864755839372071,0.009476857393897238,3.434186488980364,3.3123158004059103,0.17628605468881253,0.17692668839940878,0.19087091822765262,0.17894197910663623,0.17894197910663623,200.0,200.0,0.005,1.3595027881230237e-14,1.2589684817506175,6,4.5102810375396984e-17,-6.938893903907228e-18,-3.552713678800501e-15,0.003600420264694204,0.9400917625008229,1.0430288722634193,0.46869932089574473,5.065392549852277e-16,0.0017848759889602661,not_checked,0.001,not_checked,not_checked,,,
circle_uniform_direct_n200,196,2026091797,True,ok,0.015382099929944486,0.00031916989001930956,0.012546931557195955,6.129242266151596,6.060830661914118,0.04400064090499847,0.04453061816137119,0.04829557531248614,0.046124086301976217,0.046124086301976217,200.0,200.0,0.005,1.5778350848094647e-13,1.2876185750012261,5,-2.1961599205866378e-15,-1.0408340855860843e-17,-2.6645352591003757e-15,0.011798852913099012,0.9580760930299029,1.011341150230163,0.4788851527222497,7.788257885832373e-15,0.0010603328701108694,not_checked,0.001,not_checked,not_checked,,,
circle_uniform_direct_n200,197,2026091798,True,ok,0.002424658685180884,0.007886056120581776,0.004838406387203728,0.9693839551099188,1.0061744242877262,0.6149423628781263,0.6150901900536134,0.6046610583073364,0.6157392275143094,0.6157392275143094,200.0,200.0,0.005,2.255140518769849e-16,1.2537903432095736,6,4.336808689942018e-18,8.673617379884035e-19,8.881784197001252e-16,0.0002397594812173498,0.962446513605528,1.033175701367869,0.4774282973582303,1.734723475976807e-17,0.0011258330196142197,not_checked,0.001,not_checked,not_checked,,,
circle_uniform_direct_n200,198,2026091799,True,ok,0.00090608892575713,0.013813694715757482,0.00310680701800137,0.3622999025918307,0.34262768724612325,0.8333458647718158,0.8334027079789648,0.8425571007991088,0.834253650852194,0.834253650852194,200.0,200.0,0.005,2.1649348980190553e-15,1.32252589467459,6,2.4936649967166602e-18,1.3010426069826053e-18,9.992007221626409e-16,6.783385551065169e-05,0.8964672172435126,1.101143295566552,0.4420443768059097,5.204170427930421e-16,0.0011477491352707148,not_checked,0.001,not_checked,not_checked,,,
circle_uniform_direct_n200,199,2026091800,True,ok,0.0004986951162774321,0.0016862731137139817,0.0022123323381344558,0.19944948493745268,0.20328742094620034,0.9050098821238797,0.9050228154759884,0.9033513489637164,0.9050735903760365,0.9050735903760365,200.0,200.0,0.005,5.426312871259498e-11,1.1167968028534827,5,-5.204170427930421e-18,-5.421010862427522e-19,-1.6653345369377348e-16,1.4280786760079156e-05,0.9806003145112823,1.0183274323675653,0.48947332256371234,6.055137728028237e-12,0.0013071252033114433,not_checked,0.001,not_checked,not_checked,,,
circle_uniform_direct_n200,200,2026091801,True,ok,0.0011435624987726923,0.002030770814872053,0.0034221942329138674,0.45728129652624544,0.4512420726930899,0.7945018751042885,0.7945592603196532,0.7980204651206698,0.7955572235263427,0.7955572235263427,200.0,200.0,0.005,1.3028256945490924e-10,1.1433581392947718,5,-1.5178830414797062e-17,3.0357660829594124e-18,9.992007221626409e-16,7.185149141572533e-05,0.8973405647167249,1.1002627523981674,0.44775906765479384,1.2732623115574437e-11,0.0010453751310706139,not_checked,0.001,not_checked,not_checked,,,
circle_uniform_direct_n200,201,2026091802,True,ok,0.0016838176531802584,0.00040225588490733243,0.00422511753098667,0.6732378958404254,0.6360970315264775,0.7132652974267251,0.7133687441014656,0.7275674890662751,0.7140776774336739,0.7140776774336739,200.0,200.0,0.005,4.896152927535979e-13,1.1054260224751173,5,2.168404344971009e-19,1.3010426069826053e-18,2.220446049250313e-16,0.0001445827158390034,0.934993199763962,1.06160883838185,0.4673085497099396,1.964281601957163e-14,0.001046834047883749,not_checked,0.001,not_checked,not_checked,,,
circle_uniform_direct_n200,202,2026091803,True,ok,0.017924564427023976,0.0022420715930929194,0.01370317831725819,7.138486742406343,6.898468683299099,0.02612807849380326,0.026546564896731344,0.031769951997191695,0.027739084004002584,0.027739084004002584,200.0,200.0,0.005,1.4449296620311358e-10,1.3380881642128666,5,-4.949513021657026e-14,6.938893903907228e-18,8.881784197001252e-16,0.015669514201623436,0.9298281648112101,1.0350214416466104,0.46387176215767334,1.8914429050775894e-11,0.0011127078905701637,not_checked,0.001,not_checked,not_checked,,,
circle_uniform_direct_n200,203,2026091804,True,ok,0.004986266994387575,0.01472842002160843,0.007164675553938329,1.9927150077480396,1.9430107622588708,0.3670218706793088,0.36735221449514077,0.37851280296964135,0.36889124813650215,0.36889124813650215,200.0,200.0,0.005,9.688430613330468e-15,1.3593294774612128,6,4.9439619065339e-16,-8.673617379884035e-19,8.881784197001252e-16,0.000895895003495295,0.9366158757584511,1.0550024705242094,0.4614071248832867,2.588207426157396e-15,0.001097249099984765,not_checked,0.001,not_checked,not_checked,,,
circle_uniform_direct_n200,204,2026091805,True,ok,0.00154521888732503,0.001055781757156172,0.003864797009534714,0.6178505213989051,0.6412367630333147,0.7335091919058878,0.7335963548910083,0.7257001387403468,0.7341486301568015,0.7341486301568015,200.0,200.0,0.005,1.3923195929521626e-11,1.1217818482447262,5,6.5052130349130266e-18,-2.6020852139652106e-18,-8.881784197001252e-16,0.00011851676555346691,0.9435817989682828,1.053345950734561,0.4712927976032642,9.309935634915778e-13,0.001013333909213543,not_checked,0.001,not_checked,not_checked,,,
circle_uniform_direct_n200,205,2026091806,True,ok,0.0033927965296548087,0.003519314522740094,0.005533991151807518,1.3558205612542933,1.5056950223552197,0.5050186156599279,0.5053481743933268,0.4710233969353018,0.5073473984813082,0.5073473984813082,200.0,200.0,0.005,8.257283745649602e-16,1.222474844944175,6,5.984795992119984e-17,-8.673617379884035e-19,-6.661338147750939e-16,0.000649025303815054,0.8990502531398966,1.0937541424695991,0.4479428984770457,1.8214596497756474e-16,0.0011707921512424946,not_checked,0.001,not_checked,not_checked,,,
circle_uniform_direct_n200,206,2026091807,True,ok,0.005244862802872632,0.008381063989237818,0.007187334187861886,2.095652480886372,2.1356993152034667,0.3485213940375099,0.34892304986124434,0.34374689677637776,0.35029747371702996,0.35029747371702996,200.0,200.0,0.005,4.912736883966318e-15,1.291928754156253,6,1.9081958235744878e-16,1.734723475976807e-18,-8.881784197001252e-16,0.001146320131340417,0.9788948978004044,1.011587240617304,0.4853443509675364,1.8735013540549517e-16,0.0012672091834247112,not_checked,0.001,not_checked,not_checked,,,
circle_uniform_direct_n200,207,2026091808,True,ok,0.0015420771289660906,0.02365988420080406,0.004026625907789371,0.6168757548193458,0.5869234975906332,0.7342134299875593,0.7341969204427834,0.7456777453906531,0.7346100786366807,0.7346100786366807,200.0,200.0,0.005,1.0220990720455347e-13,1.3868934961291528,6,-2.42861286636753e-17,-4.7704895589362195e-18,-1.887379141862766e-15,-2.245161645475502e-05,0.947722932219601,1.0510400276112386,0.46266108093208447,4.047456814149086e-14,0.0015532083343714476,not_checked,0.001,not_checked,not_checked,,,
circle_uniform_direct_n200,208,2026091809,True,ok,0.012862570170709648,0.015369669319593254,0.011526749732459363,5.132405727989498,4.9982689057236955,0.07422036774627849,0.07469496811847076,0.08215607781630117,0.07634337411347845,0.07634337411347845,200.0,200.0,0.005,2.8427087073179536e-13,1.4233716648675823,6,3.501018919216392e-14,6.938893903907228e-18,4.440892098500626e-15,0.006311170147180523,0.9505092646515786,1.027353177845846,0.4679539316433793,5.88418203051333e-15,0.0014107499737292528,not_checked,0.001,not_checked,not_checked,,,
circle_uniform_direct_n200,209,2026091810,True,ok,0.001482710833075565,0.002969509133151426,0.003947972735128497,0.5928751032910466,0.5645948320705592,0.7427903972572965,0.7428683007602068,0.7540493848011411,0.7433842806043764,0.7433842806043764,200.0,200.0,0.005,3.712308238590367e-16,1.1645545582305934,6,1.3010426069826053e-18,-1.734723475976807e-18,-8.881784197001252e-16,0.00010461496958968919,0.9445008750331442,1.0526165407748898,0.4708479931715987,4.5102810375396984e-17,0.001150165917351842,not_checked,0.001,not_checked,not_checked,,,
circle_uniform_direct_n200,210,2026091811,True,ok,0.009979535742961072,0.0014979743327413163,0.010004372352755118,3.9815462770950787,4.001494245221529,0.1331537106288201,0.1338460748200737,0.1352342089486169,0.13589032551911182,0.13589032551911182,200.0,200.0,0.005,4.018171906317036e-11,1.2641255776317761,5,6.66654231817887e-15,1.734723475976807e-18,-4.440892098500626e-16,0.005134010044675064,0.9845747089917009,0.9952450800711486,0.4915499398253471,3.771381644479543e-12,0.0010702081490308046,not_checked,0.001,not_checked,not_checked,,,
circle_uniform_direct_n200,211,2026091812,True,ok,0.00526295309417673,0.00898365925957064,0.007384835629365386,2.1018748284937874,2.044869328363121,0.3464903201730042,0.34706681592389177,0.3597180804508047,0.34903236704338647,0.34903236704338647,200.0,200.0,0.005,2.7200464103316335e-14,1.34009808490944,6,2.4581031654591357e-15,4.336808689942018e-18,1.7763568394002505e-15,0.0016532045884523061,0.9232760613298581,1.065315408354757,0.457492144412355,7.670947210769441e-15,0.0012464586179703474,not_checked,0.001,not_checked,not_checked,,,
circle_uniform_direct_n200,212,2026091813,True,ok,0.0002997222893305219,0.002089223825007586,0.0016963518877564792,0.11988204362856211,0.12531373905474522,0.941664246751565,0.9416674908652598,0.9392657090882613,0.9418168426487363,0.9418168426487363,200.0,200.0,0.005,1.460099749439614e-10,1.113595460703348,4,-3.074643187619963e-12,-5.421010862427522e-19,-2.498001805406602e-16,3.436051823318964e-06,0.928964033369208,1.0705099889892145,0.46351154363720465,1.4262437585121912e-11,0.000918583944439888,not_checked,0.001,not_checked,not_checked,,,
circle_uniform_direct_n200,213,2026091814,True,ok,0.006783980281256784,0.0033663648789019895,0.008415464958725128,2.709261715717979,2.6165418372593856,0.2549203240439008,0.25547601885866245,0.2702870007936199,0.2574844223976565,0.2574844223976565,200.0,200.0,0.005,4.7531423241764514e-15,1.2419477626996056,6,-1.8735013540549517e-16,-1.0408340855860843e-17,-3.552713678800501e-15,0.0021651983923673956,0.9237917794682584,1.0631081165601104,0.4603408626108113,3.920475055707584e-16,0.0012274589389562607,not_checked,0.001,not_checked,not_checked,,,
circle_uniform_direct_n200,214,2026091815,True,ok,0.017866007075013488,0.0036914967567200745,0.0136499205193683,7.115151106324282,6.930535807487413,0.02650380347814929,0.02692626199102252,0.03126462839327076,0.02806585923955378,0.02806585923955378,200.0,200.0,0.005,6.699155119527234e-13,1.3637334152694438,6,2.9466012962942045e-14,-1.0408340855860843e-17,-2.6645352591003757e-15,0.0156258618405567,0.9174047887913261,1.0475287886912235,0.4570091772783236,8.586187316694804e-14,0.0011753339786082506,not_checked,0.001,not_checked,not_checked,,,
circle_uniform_direct_n200,215,2026091816,True,ok,0.00020429382488439032,0.002183158210589037,0.0014504724889110709,0.08171451111350748,0.07978124697442136,0.9598364377810662,0.9598378912224426,0.9608945326979805,0.9599647010106259,0.9599647010106259,200.0,200.0,0.005,1.7738035346104297e-10,1.1123875782072759,4,-1.1521152684223351e-12,-2.168404344971009e-19,-2.3592239273284576e-16,1.5094201243209815e-06,0.9205077781513864,1.0791462724574548,0.4592491675948394,1.7004249570906627e-11,0.0008802921511232853,not_checked,0.001,not_checked,not_checked,,,
circle_uniform_direct_n200,216,2026091817,True,ok,0.006035378650363781,0.004447017942488956,0.007518464837946946,2.4105755301485177,2.5852223363265834,0.29663290035161993,0.2971666860002875,0.27455294239391465,0.2990705650055692,0.2990705650055692,200.0,200.0,0.005,5.738465258531278e-15,1.2595518852135141,6,3.226585665316861e-16,8.673617379884035e-19,0.0,0.0017879649984973156,0.9307007022018464,1.0574141584037469,0.4632813045050084,7.840950111415168e-16,0.0011427500285208225,not_checked,0.001,not_checked,not_checked,,,
circle_uniform_direct_n200,217,2026091818,True,ok,0.006751482453855729,0.0024291786701139077,0.0079308951141816,2.696217650232768,2.909598723624632,0.25658426763432873,0.25714943999446904,0.23344719762532895,0.2591634096944625,0.2591634096944625,200.0,200.0,0.005,2.708879127955033e-15,1.2270859710879265,6,-1.4137996329210978e-16,-5.204170427930421e-18,-1.7763568394002505e-15,0.0021876656547616946,0.9244342286326066,1.0623909446759825,0.46109425806646087,2.1510571102112408e-16,0.0011982088908553123,not_checked,0.001,not_checked,not_checked,,,
circle_uniform_direct_n200,218,2026091819,True,ok,0.006339688291176395,0.002038624449831647,0.007708057319130061,2.531735661521202,2.720035577708165,0.2787303364990258,0.27931110118792424,0.25665621129305505,0.2814113901956462,0.2814113901956462,200.0,200.0,0.005,1.3598162873496022e-10,1.2279656520356905,5,5.082739784612045e-16,3.469446951953614e-18,4.440892098500626e-16,0.0020698274746779877,0.9164887521410967,1.0706838777309122,0.45731017744328356,1.293069384206147e-11,0.001068709185346961,not_checked,0.001,not_checked,not_checked,,,
circle_uniform_direct_n200,219,2026091820,True,ok,0.0031818719332215722,0.01679152423135858,0.005365343962170588,1.271380198011621,1.409714782767611,0.526958860461531,0.5273214618843555,0.49417904342080166,0.5292076523386706,0.5292076523386706,200.0,200.0,0.005,1.0574874309554616e-14,1.4039018710094062,6,5.35162192338845e-16,-4.336808689942018e-18,-2.4424906541753444e-15,0.000684287638503922,0.9017270197431951,1.0911048866624016,0.4432955966109731,2.976785484776201e-15,0.0013387498911470175,not_checked,0.001,not_checked,not_checked,,,
circle_uniform_direct_n200,220,2026091821,True,ok,0.005164719906977599,0.0016660144928234114,0.007134005775278368,2.0632089098611184,2.102230893159664,0.3540342259112573,0.35451124280129875,0.3495476298647943,0.35595748429645807,0.35595748429645807,200.0,200.0,0.005,6.162172161428003e-11,1.199272084862775,5,7.979727989493313e-17,0.0,-8.881784197001252e-16,0.0013395264649604943,0.979409550045569,1.0102704238346336,0.4888889696977088,5.769434843067023e-12,0.001120166853070259,not_checked,0.001,not_checked,not_checked,,,
circle_uniform_direct_n200,221,2026091822,True,ok,0.00038529069926328784,0.007172864445568266,0.002007638051211863,0.15409362504956178,0.14783173141605063,0.9256111999911412,0.9256217166720344,0.9287498302636557,0.9258360240716653,0.9258360240716653,200.0,200.0,0.005,2.9869769851975647e-16,1.2167133784296564,6,-3.7947076036992655e-19,6.505213034913027e-19,3.3306690738754696e-16,1.1327327876675675e-05,0.9253020668967356,1.0737182549668642,0.4593317062133703,2.7755575615628914e-17,0.0011388331186026335,not_checked,0.001,not_checked,not_checked,,,
circle_uniform_direct_n200,222,2026091823,True,ok,0.004216049387248365,0.012417656265131138,0.006519461010706773,1.685287544070876,1.6790767197179108,0.4288876214546766,0.42913135220694465,0.43190986434434975,0.4303270072018076,0.4303270072018076,200.0,200.0,0.005,1.0269562977782698e-15,1.3179778276159975,6,1.1449174941446927e-16,-5.204170427930421e-18,-4.440892098500626e-16,0.0005661054142349631,0.9529858049425544,1.0401993823098947,0.4705763406341269,2.5673907444456745e-16,0.0014722500927746296,not_checked,0.001,not_checked,not_checked,,,
circle_uniform_direct_n200,223,2026091824,True,ok,0.005115353045144235,0.005410936987387632,0.006757497691634942,2.0436365311336164,2.3226368701093856,0.35571437772309167,0.3561621650254533,0.3130731420548338,0.3594893923152941,0.3594893923152941,200.0,200.0,0.005,4.1772141301521515e-15,1.2609047020508883,6,1.7433970933566911e-16,0.0,-8.881784197001252e-16,0.0012523434620388407,0.8479965989333575,1.142086649984275,0.42170459080856587,4.2674197509029455e-16,0.0011842490639537573,not_checked,0.001,not_checked,not_checked,,,
circle_uniform_direct_n200,224,2026091825,True,ok,0.00044631454014398397,0.0006620047022384799,0.0019993292251745238,0.1785047697475981,0.20003253947719113,0.9140115128149837,0.9140211979976289,0.9048226966874532,0.9146050849426314,0.9146050849426314,200.0,200.0,0.005,6.183486361832635e-11,1.0813564506135211,4,2.6696452665696258e-12,8.673617379884035e-19,1.6653345369377348e-16,1.052315499774914e-05,0.8807832477366008,1.1182992055508678,0.440100075447784,5.558371471425794e-12,0.0009233751334249973,not_checked,0.001,not_checked,not_checked,,,
circle_uniform_direct_n200,225,2026091826,True,ok,0.0006414933491764446,0.0050733392705077165,0.002523634787996311,0.25657066273444934,0.25902108260953094,0.8794278198546548,0.87943956634065,0.8785253275642138,0.8795906327199852,0.8795906327199852,200.0,200.0,0.005,4.85722573273506e-16,1.1786713010400527,6,-4.87890977618477e-18,-1.4094628242311558e-18,-3.885780586188048e-16,1.3338468064255649e-05,0.9553160897487977,1.0436287039432586,0.4752350759054465,6.591949208711867e-17,0.0015274588949978352,not_checked,0.001,not_checked,not_checked,,,
circle_uniform_direct_n200,226,2026091827,True,ok,0.00017921754291694292,0.010633939980235388,0.001341095743590623,0.07167913422731263,0.0714568857907005,0.9647793499211117,0.9647831538832023,0.9649022839793301,0.9647912632215967,0.9647912632215967,200.0,200.0,0.005,1.7454464869975927e-10,1.2571084990508177,5,4.500017844249679e-12,1.6263032587282567e-18,7.216449660063518e-16,3.941469732267333e-06,0.9888426805281035,1.0105846503880278,0.48916594604057934,2.4696425460213334e-11,0.001311291940510273,not_checked,0.001,not_checked,not_checked,,,
circle_uniform_direct_n200,227,2026091828,True,ok,0.001749387180275605,0.002204959094414009,0.004158338790471176,0.6994301616548337,0.7117626506320477,0.7038392762926382,0.7039539426814387,0.7005557535349043,0.7047744643639993,0.7047744643639993,200.0,200.0,0.005,1.7086444065173012e-10,1.159616843143958,5,-1.3010426069826053e-18,2.6020852139652106e-18,1.3322676295501878e-15,0.00016235522770413624,0.9289593288740136,1.067443308301252,0.46345559625833727,1.769342138080443e-11,0.0011178741697221994,not_checked,0.001,not_checked,not_checked,,,
circle_uniform_direct_n200,228,2026091829,True,ok,0.0023765444009369117,0.00015833744376577037,0.0049464076377554395,0.9500520606321069,0.9293809633038194,0.6202821653937041,0.6204583434616704,0.6283295546210578,0.6216929981552792,0.6216929981552792,200.0,200.0,0.005,1.3362574935449345e-14,1.1094753502220784,5,-5.204170427930421e-18,2.6020852139652106e-18,1.1102230246251565e-15,0.00028284987132887185,0.918683559110109,1.0765634254898246,0.4592690482257755,4.6523115221353e-16,0.001102958805859089,not_checked,0.001,not_checked,not_checked,,,
circle_uniform_direct_n200,229,2026091830,True,ok,0.009767156959775307,0.008520328901171513,0.01028574958058134,3.8983236026938455,3.627207938828221,0.13923563681916623,0.13983478421606615,0.16306539384223082,0.14178671012415942,0.14178671012415942,200.0,200.0,0.005,1.0065559497007825e-13,1.342740655858157,6,3.805983306293115e-15,1.5612511283791264e-17,7.105427357601002e-15,0.004269590608138696,0.9064136006964533,1.0752580378412122,0.4493454561119677,7.202571872255703e-15,0.0011892500333487988,not_checked,0.001,not_checked,not_checked,,,
circle_uniform_direct_n200,230,2026091831,True,ok,0.005292370618527737,0.00030975560295111947,0.007260904918571012,2.114168278101392,2.131160459094489,0.34502143203661806,0.3455038764135129,0.34452789149803476,0.3469848625696015,0.3469848625696015,200.0,200.0,0.005,1.848278474714249e-13,1.1644812561871534,5,-3.469446951953614e-18,0.0,-8.881784197001252e-16,0.0013899846548515171,0.9775675773315269,1.0119060047756576,0.48863238557325006,6.917751961543761e-15,0.0010475830640643835,not_checked,0.001,not_checked,not_checked,,,
circle_uniform_direct_n200,231,2026091832,True,ok,0.005340533610129181,0.0028345005477234154,0.007152380457913315,2.13348906315165,2.2355576415011065,0.34159502614245274,0.3420630640868455,0.327005326001699,0.34365854303510907,0.34365854303510907,200.0,200.0,0.005,1.7277845820728999e-15,1.2178368856299562,6,-3.122502256758253e-17,5.204170427930421e-18,1.7763568394002505e-15,0.0013621904500111803,0.9528282421964855,1.0367776628936232,0.47506379231481843,7.979727989493313e-17,0.0011653329711407423,not_checked,0.001,not_checked,not_checked,,,
circle_uniform_direct_n200,232,2026091833,True,ok,0.002661486031488529,0.002015037713276405,0.0051510622561803075,1.0638366947484914,1.07260073616339,0.5860792653120219,0.5863021027607282,0.5849081994497316,0.5872543745269346,0.5872543745269346,200.0,200.0,0.005,1.349567124719897e-10,1.1744847262957296,5,6.071532165918825e-18,0.0,2.220446049250313e-16,0.0003788589234601236,0.9450111037745393,1.0494980136516199,0.47155336053298413,1.2342816005372903e-11,0.0011353320442140102,not_checked,0.001,not_checked,not_checked,,,
circle_uniform_direct_n200,233,2026091834,True,ok,0.0014065414093622412,0.0001982228669321114,0.003772567794864538,0.5624187194329593,0.5570108199333288,0.7543864816835808,0.754461248394608,0.7569141728583865,0.7547956098055912,0.7547956098055912,200.0,200.0,0.005,3.914576995889263e-14,1.0881175067814328,5,-7.15573433840433e-18,0.0,0.0,9.892215596862819e-05,0.9639022196150496,1.0332861334488592,0.48185557586102845,1.1478990501190278e-15,0.001017834059894085,not_checked,0.001,not_checked,not_checked,,,
circle_uniform_direct_n200,234,2026091835,True,ok,0.001533037400904878,0.0010830445792499865,0.004095254788404445,0.6129893623161391,0.5613915259724269,0.7346449198555961,0.7347282032780433,0.7552580779926346,0.7359394150269115,0.7359394150269115,200.0,200.0,0.005,1.4292216715672268e-11,1.1200231477921803,5,5.421010862427522e-18,4.336808689942018e-18,1.6653345369377348e-15,0.0001127990229060627,0.8989238046529586,1.0980770819780887,0.44897511173232973,1.0309422586451955e-12,0.0010832089465111494,not_checked,0.001,not_checked,not_checked,,,
circle_uniform_direct_n200,235,2026091836,True,ok,0.0007258394238144226,0.0007459858012811224,0.0026888216609030923,0.29028251485851014,0.29207365052916623,0.8646932851897788,0.8647163423557793,0.8641258809345165,0.864877081237944,0.864877081237944,200.0,200.0,0.005,1.9773804512193682e-10,1.092316987247367,4,2.849383706413078e-12,-1.0842021724855044e-18,-2.7755575615628914e-16,2.6627333629458683e-05,0.9595263236787932,1.0390163280458666,0.479405270013901,5.94690139146814e-12,0.0017598760314285755,not_checked,0.001,not_checked,not_checked,,,
circle_uniform_direct_n200,236,2026091837,True,ok,7.768910225101205e-05,0.004394866526582374,0.0008726512487726915,0.03107444633444536,0.03170781473298122,0.9845772003947217,0.9845777886599238,0.984271104309835,0.9845822687028939,0.9845822687028939,200.0,200.0,0.005,1.1413544588612101e-11,1.1565109026847378,5,2.380135747780815e-13,-5.421010862427522e-19,-2.0816681711721685e-16,5.972829797314116e-07,0.9789145074373647,1.0208596386492077,0.48730589332238294,9.91635593083906e-13,0.0010858748573809862,not_checked,0.001,not_checked,not_checked,,,
circle_uniform_direct_n200,237,2026091838,True,ok,0.0034684959081691443,0.005113250972758136,0.005729548058014241,1.3863784230775735,1.4867353961931218,0.4968818982190534,0.4971367516766121,0.47550984242887573,0.49972407562534005,0.49972407562534005,200.0,200.0,0.005,5.655198531684391e-16,1.225180084818722,6,2.6020852139652106e-18,-2.6020852139652106e-18,-4.440892098500626e-16,0.000509970095042056,0.8734898956350903,1.1201488128747819,0.4345113202091383,3.122502256758253e-17,0.0012655830942094326,not_checked,0.001,not_checked,not_checked,,,
circle_uniform_direct_n200,238,2026091839,True,ok,0.006309971931135777,0.01811724482541128,0.0076936766489411655,2.519934028626581,2.7207101688136754,0.2800904509600539,0.28066149935078,0.2565696568924267,0.2830888745689834,0.2830888745689834,200.0,200.0,0.005,1.410260797030105e-13,1.4406834845907404,6,9.059593353288875e-15,8.673617379884035e-19,4.440892098500626e-16,0.0020273719138650392,0.885475897721884,1.1020754328039124,0.43472059695539944,4.3874626154405405e-14,0.0012019569985568523,not_checked,0.001,not_checked,not_checked,,,
circle_uniform_direct_n200,239,2026091840,True,ok,0.0034165228445036874,0.0042216583902831804,0.00597077431342346,1.3652620788103205,1.3123470795293144,0.5034469269776074,0.5037874835689566,0.5188328342179438,0.5049456047368095,0.5049456047368095,200.0,200.0,0.005,8.187894806610529e-16,1.2371725213405493,6,7.719519468096792e-17,-2.6020852139652106e-18,-1.1102230246251565e-15,0.0006735294955773075,0.9512077598594808,1.0414732161424491,0.4735963869064859,2.255140518769849e-16,0.001340166898444295,not_checked,0.001,not_checked,not_checked,,,
circle_uniform_direct_n200,240,2026091841,True,ok,0.0034485704034136915,0.0004566054769490844,0.005726629083038742,1.378254119167859,1.4574861258428022,0.499916248707908,0.500211050223087,0.48251510020969934,0.5017194998571175,0.5017194998571175,200.0,200.0,0.005,7.551528846683198e-13,1.1384374167110287,5,4.336808689942018e-18,-2.168404344971009e-18,-4.440892098500626e-16,0.0005870210988088154,0.9230951130460505,1.0700615905688244,0.4613368122701563,3.2581901586448136e-14,0.0010985410772264004,not_checked,0.001,not_checked,not_checked,,,
circle_uniform_direct_n200,241,2026091842,True,ok,0.0023470307601234086,0.00017463984536775397,0.004945202096051301,0.9382583540217492,0.9031060851340579,0.6243435689856063,0.624517066342096,0.6366386565232562,0.6253735348413261,0.6253735348413261,200.0,200.0,0.005,2.6308816236664256e-14,1.110063564616612,5,9.974659986866641e-18,-1.3010426069826053e-18,-8.881784197001252e-16,0.00027697501380713474,0.9429399210021183,1.0523566267115458,0.47138762268958495,6.978467283202949e-16,0.0010732922237366438,not_checked,0.001,not_checked,not_checked,,,
circle_uniform_direct_n200,242,2026091843,True,ok,0.015090094800552529,0.0064010007813993484,0.012187347868952453,6.012024779985183,6.208405174862236,0.04680459097819108,0.047376453085157214,0.04486027644876062,0.04889799134616598,0.04889799134616598,200.0,200.0,0.005,1.5177858969650515e-12,1.4041888383454648,6,2.7936333801825697e-13,1.0408340855860843e-17,6.217248937900877e-15,0.012006570117914173,0.9227310703473677,1.0466126372399078,0.4584130008036536,5.245665013475787e-13,0.0011790408752858639,not_checked,0.001,not_checked,not_checked,,,
circle_uniform_direct_n200,243,2026091844,True,ok,0.007626169971623822,0.0010548414658704676,0.008307732369942446,3.044496418972638,3.3833916614060193,0.21467939496470123,0.2153248082990727,0.1842068752934565,0.2175701407302528,0.2175701407302528,200.0,200.0,0.005,1.4270327974852393e-11,1.224176147982793,5,1.0217521273503394e-15,1.734723475976807e-18,8.881784197001252e-16,0.00298578483844536,0.8998020573303391,1.0847909577205965,0.4494264335598685,9.276689659498683e-13,0.0010247081518173218,not_checked,0.001,not_checked,not_checked,,,
circle_uniform_direct_n200,244,2026091845,True,ok,0.002016762153040457,0.0001131428621851257,0.004372245498988109,0.8062965006619246,0.8551088499696294,0.6668394510460351,0.6669761569922207,0.6521019103937622,0.6680766071837574,0.6680766071837574,200.0,200.0,0.005,5.2197829392142125e-15,1.0998081581233252,5,-9.107298248878237e-18,2.168404344971009e-18,1.1102230246251565e-15,0.0002041802771291512,0.9180696910851354,1.077891426754759,0.4589829088306504,1.1888276821303556e-16,0.0010612502228468657,not_checked,0.001,not_checked,not_checked,,,
circle_uniform_direct_n200,245,2026091846,True,ok,0.0016109804798153955,0.006396422072100208,0.003917638583456214,0.6441692871921654,0.6823701599475405,0.7232633319524997,0.7233443291827084,0.7109273176200965,0.7245560938730546,0.7245560938730546,200.0,200.0,0.005,3.7470027081099033e-16,1.2225165635757576,6,2.6020852139652106e-18,0.0,0.0,0.00011145236699638961,0.9006426602759037,1.096391021920828,0.44744165571528016,6.591949208711867e-17,0.0012244591489434242,not_checked,0.001,not_checked,not_checked,,,
circle_uniform_direct_n200,246,2026091847,True,ok,0.004174710407919621,0.0031990381560108054,0.006436244647573361,1.6679802008623712,1.6861017536462433,0.43228311970698785,0.43269665313867955,0.4303954349054544,0.43389961148347045,0.43389961148347045,200.0,200.0,0.005,1.4432899320127035e-15,1.2267258758822925,6,1.5265566588595902e-16,-8.673617379884035e-19,-2.220446049250313e-16,0.0009519811527385347,0.9773411812697529,1.0139534258371294,0.4871071095713777,3.122502256758253e-16,0.0012178737670183182,not_checked,0.001,not_checked,not_checked,,,
circle_uniform_direct_n200,247,2026091848,True,ok,0.017274387116190046,0.003451459120336008,0.01297633031261759,6.879092198752537,7.145988422610265,0.02973641396974617,0.03020376262627493,0.028071675191886167,0.03159117646288908,0.03159117646288908,200.0,200.0,0.005,1.2384884784388817e-12,1.3744600373918523,6,2.497203832607653e-13,0.0,1.7763568394002505e-15,0.015331323861740742,0.9625995635639102,1.0026676115691677,0.47963875685140467,3.900421652325292e-13,0.0012044589966535568,not_checked,0.001,not_checked,not_checked,,,
circle_uniform_direct_n200,248,2026091849,True,ok,0.011555547865561663,0.0036963910497483723,0.010490118868861711,4.608866903264782,4.883203134727038,0.09658422207481086,0.09723742617322176,0.0870213692118276,0.0991511750240941,0.0991511750240941,200.0,200.0,0.005,9.538116824137077e-14,1.311702067898184,6,1.2503886814840826e-14,0.0,8.881784197001252e-16,0.006676121479941788,0.9348106449966944,1.042249565775911,0.4656778574070815,2.4012042354470964e-14,0.0011792092118412256,not_checked,0.001,not_checked,not_checked,,,
circle_uniform_direct_n200,249,2026091850,True,ok,0.0005897484224881488,0.000733141636100252,0.002415001690046508,0.23586539032990184,0.23862877503661833,0.8886697236611341,0.8886848318380614,0.8875287289413801,0.8887407689279117,0.8887407689279117,200.0,200.0,0.005,1.2401243573711973e-10,1.0864887468580762,4,-1.9860753666667286e-12,5.421010862427522e-19,3.3306690738754696e-16,1.698933267885172e-05,0.9852219531300851,1.0136131733173293,0.49224982340320156,3.67053436256537e-12,0.0009772919584065676,not_checked,0.001,not_checked,not_checked,,,
circle_uniform_direct_n200,250,2026091851,True,ok,0.002494732142092745,0.0071958218691905735,0.005108438922929812,0.9971265109816891,0.9561092398813733,0.6059797009192485,0.6062127640287223,0.6199883323312214,0.6071700199257193,0.6071700199257193,200.0,200.0,0.005,8.326672684688674e-16,1.269200430687762,6,2.862293735361732e-17,-1.734723475976807e-18,-3.3306690738754696e-16,0.000383172927704456,0.9419183909511061,1.052547669438415,0.4675698101536772,1.8041124150158794e-16,0.001766707981005311,not_checked,0.001,not_checked,not_checked,,,
circle_uniform_direct_n200,251,2026091852,True,ok,8.267607384821601e-05,0.02003651840423721,0.0008819577272341833,0.03306953123057077,0.03519599847244939,0.9835616432499334,0.9835620860745284,0.9825559412149718,0.9836007415072604,0.9836007415072604,200.0,200.0,0.005,6.712754137272459e-11,1.349470324556548,5,1.1902160030122233e-13,3.0357660829594124e-18,1.27675647831893e-15,4.4915435781778257e-07,0.9318542881939716,1.06794692374549,0.45659800603472905,1.008762517962225e-11,0.0011653739493340254,not_checked,0.001,not_checked,not_checked,,,
circle_uniform_direct_n200,252,2026091853,True,ok,0.0007092089830788816,0.003657951700859332,0.002616581708312792,0.283628487837709,0.2950210661678508,0.8673854574181386,0.867409424817555,0.8628533497667619,0.8677585279630343,0.8677585279630343,200.0,200.0,0.005,3.3306690738754696e-16,1.1650079231045272,6,-2.927345865710862e-18,-6.505213034913027e-19,-5.551115123125783e-16,2.755269692181206e-05,0.9292970497674704,1.0692128247904962,0.4629488278629557,2.7755575615628914e-17,0.0012539168819785118,not_checked,0.001,not_checked,not_checked,,,
circle_uniform_direct_n200,253,2026091854,True,ok,0.005686761130563353,0.002365281383629768,0.007321069705100551,2.271627092665472,2.4256591051725587,0.3182054700190027,0.3186979835607434,0.2973547071600895,0.32066695233970677,0.32066695233970677,200.0,200.0,0.005,1.1709383462843448e-15,1.2117880870886204,6,-7.19910242530375e-17,2.6020852139652106e-18,1.3322676295501878e-15,0.0015386797799346041,0.9196159725264519,1.0693333358628214,0.4587204406186099,6.245004513516506e-17,0.001211708877235651,not_checked,0.001,not_checked,not_checked,,,
circle_uniform_direct_n200,254,2026091855,True,ok,0.0030921444768819764,0.011688003001965479,0.005426173829091914,1.2356750362372095,1.306117517858074,0.5369896146628044,0.5373087079638907,0.5204514042236796,0.5387902688585413,0.5387902688585413,200.0,200.0,0.005,3.2890357104520263e-15,1.338690047995469,6,2.0686577451023425e-16,-1.3010426069826053e-18,-2.220446049250313e-16,0.0005913772577904597,0.9213101826342789,1.0718434104877437,0.45527002957871554,1.0477729794899915e-15,0.0011739579495042562,not_checked,0.001,not_checked,not_checked,,,
circle_uniform_direct_n200,255,2026091856,True,ok,0.0034177189679038687,0.001119299598016888,0.005771677680192981,1.3658740498698354,1.4083406341758185,0.5033133487604866,0.5036200331592265,0.4945186978096452,0.5048248237335553,0.5048248237335553,200.0,200.0,0.005,1.616616562838402e-11,1.1641688804605343,5,8.239936510889834e-18,2.168404344971009e-18,6.661338147750939e-16,0.0006067686458560706,0.9445286025013122,1.0485186789035315,0.4717356737714722,1.1760544794958694e-12,0.0009617921896278858,not_checked,0.001,not_checked,not_checked,,,
circle_uniform_direct_n200,256,2026091857,True,ok,0.004604152398419178,0.0015585899082922478,0.006702096348223111,1.839436504980813,1.8940734922004876,0.3963068011880949,0.3967499408248705,0.38788873494089166,0.39818821650783087,0.39818821650783087,200.0,200.0,0.005,5.590353874262988e-11,1.1957983634227223,5,1.1362438767648086e-16,4.336808689942018e-18,1.9984014443252818e-15,0.0011122271934290717,0.9561884709662537,1.0344031171139922,0.4773490488152285,4.419613980344295e-12,0.0019320410210639238,not_checked,0.001,not_checked,not_checked,,,
circle_uniform_direct_n200,257,2026091858,True,ok,0.0008451201679512202,0.004594226481404683,0.002987969178337028,0.3379583536589537,0.3211353531232589,0.8439537645728821,0.8439917544801498,0.8516601841886129,0.8444886070489908,0.8444886070489908,200.0,200.0,0.005,3.2612801348363973e-16,1.1896451657411118,6,-2.211772431870429e-17,-1.734723475976807e-18,-5.551115123125783e-16,4.485676076718126e-05,0.9210243763551034,1.0770937521026893,0.4583968264772721,2.42861286636753e-17,0.0012290829326957464,not_checked,0.001,not_checked,not_checked,,,
circle_uniform_direct_n200,258,2026091859,True,ok,0.00046870792977481406,0.0032036136813354222,0.002139181195090823,0.18746749820771666,0.19250689235271848,0.910365057645796,0.9103722043653786,0.9082337985125856,0.9105180224874521,0.9105180224874521,200.0,200.0,0.005,6.847820921418446e-16,1.1419055775530158,6,-3.3610267347050637e-18,-1.1926223897340549e-18,-2.220446049250313e-16,7.836851104489617e-06,0.9456001893527284,1.0536040598369247,0.4712854032536661,1.474514954580286e-17,0.0013368339277803898,not_checked,0.001,not_checked,not_checked,,,
circle_uniform_direct_n200,259,2026091860,True,ok,3.8136284229265804e-05,0.0006218149122018857,0.0006156308456134017,0.01525437897521147,0.015369446055462494,0.9923965189889692,0.9923965858811508,0.9923447289645188,0.9924017568657714,0.9924017568657714,200.0,200.0,0.005,1.8511303601087548e-12,1.0578122279650932,4,-1.979122974445774e-15,-2.846030702774449e-19,-1.457167719820518e-16,6.735824742594432e-08,0.9637111156475019,1.0362155452540796,0.48155592853035284,1.1208178482546849e-13,0.0009365829173475504,not_checked,0.001,not_checked,not_checked,,,
circle_uniform_direct_n200,260,2026091861,True,ok,0.0027362836548388667,0.001756006077341082,0.005199997286067868,1.09375529310178,1.1092071559287273,0.5776486982985911,0.577868327036906,0.5742998812046345,0.5785347118400646,0.5785347118400646,200.0,200.0,0.005,8.201851003919458e-11,1.1646665608312337,5,8.239936510889834e-18,-4.336808689942018e-19,-4.440892098500626e-16,0.0003790844168833907,0.9859120276808223,1.0085959976862164,0.49209043762909954,7.120106153973849e-12,0.0010536240879446268,not_checked,0.001,not_checked,not_checked,,,
circle_uniform_direct_n200,261,2026091862,True,ok,0.005241025833461536,0.010024364347448116,0.007027561391713866,2.0929212311927556,2.225295179090135,0.3481172228159908,0.3487286427217817,0.32868757825639666,0.35056639302563647,0.35056639302563647,200.0,200.0,0.005,3.7386760354252146e-14,1.3604576136395534,6,3.6698075134289354e-15,1.734723475976807e-18,8.881784197001252e-16,0.0017445510959293031,0.939460564283061,1.048668491232887,0.46502076091335476,1.1407541578023483e-14,0.0011872502509504557,not_checked,0.001,not_checked,not_checked,,,
circle_uniform_direct_n200,262,2026091863,True,ok,0.0027165551452353392,0.0017987102694228272,0.005151806532074534,1.0859239213860923,1.11356865912328,0.5799316541048605,0.5801346832985095,0.57304884042177,0.580821946769982,0.580821946769982,200.0,200.0,0.005,8.858423022894968e-11,1.1587249023622224,5,-1.6046192152785466e-17,1.734723475976807e-18,-2.220446049250313e-16,0.00034906835402170877,0.9751729871151896,1.019555364779895,0.48670944186824405,7.838104297552828e-12,0.0010231668129563332,not_checked,0.001,not_checked,not_checked,,,
circle_uniform_direct_n200,263,2026091864,True,ok,0.0037836688808586816,0.008947144130611838,0.006293557358796612,1.5124284296538466,1.448742066742045,0.4677954612395665,0.4680394296748269,0.4846292887660798,0.4691964275393833,0.4691964275393833,200.0,200.0,0.005,5.030698080332741e-16,1.2763394391273726,6,2.688821387764051e-17,1.734723475976807e-18,2.220446049250313e-16,0.0005195613448130132,0.9495476586268201,1.043967261800466,0.47052751918712593,3.469446951953614e-17,0.0018955410923808813,not_checked,0.001,not_checked,not_checked,,,
circle_uniform_direct_n200,264,2026091865,True,ok,0.003037946626694277,0.00016952910613483076,0.0056294782248469235,1.2142574809108182,1.1696420022538423,0.5431424987566269,0.5433936991240593,0.5572055920591585,0.5446622913177799,0.5446622913177799,200.0,200.0,0.005,2.1274648709379562e-14,1.122862444702354,5,-4.336808689942018e-18,-1.734723475976807e-18,-4.440892098500626e-16,0.0004605848834462467,0.9303923081776598,1.063543651420606,0.4651172892444014,6.26560435479373e-16,0.0011436671484261751,not_checked,0.001,not_checked,not_checked,,,
circle_uniform_direct_n200,265,2026091866,True,ok,0.014757879630815398,0.007966587870446035,0.012289758337177306,5.880798511176425,5.872852860576158,0.050353337404482,0.050922358626197595,0.053054986066087835,0.052257287396294184,0.052257287396294184,200.0,200.0,0.005,1.2736617316377874e-12,1.4132349967593882,6,2.2388688125651868e-13,6.938893903907228e-18,2.6645352591003757e-15,0.011176670574867043,0.8887781920701565,1.0816808964520126,0.4408483731191209,4.713313073168024e-13,0.0012050410732626915,not_checked,0.001,not_checked,not_checked,,,
circle_uniform_direct_n200,266,2026091867,True,ok,0.0022422693135991994,0.00022271689080453655,0.004811570023269243,0.8964046089848976,0.8707838431620646,0.6377156411329408,0.6378765463371426,0.6470110397906172,0.6386147748087738,0.6386147748087738,200.0,200.0,0.005,5.83179338153883e-14,1.1090257849153764,5,1.0408340855860843e-17,-1.734723475976807e-18,-4.440892098500626e-16,0.000251558227391091,0.9498816904881705,1.0456359893314646,0.47483506723693014,1.8433605336598546e-15,0.0010202920529991388,not_checked,0.001,not_checked,not_checked,,,
circle_uniform_direct_n200,267,2026091868,True,ok,0.005543830922722041,0.00372331818408134,0.007279378640241313,2.214199746377222,2.3382665929731274,0.3272884893480221,0.3278372385876528,0.3106360539875593,0.329965826961988,0.329965826961988,200.0,200.0,0.005,7.022160630754115e-15,1.2560757231193658,6,7.73686670285656e-16,-2.6020852139652106e-18,-4.440892098500626e-16,0.0016663113557970899,0.9108349819027547,1.077666437167191,0.45372203054061444,1.6237011735142914e-15,0.0015853741206228733,not_checked,0.001,not_checked,not_checked,,,
circle_uniform_direct_n200,268,2026091869,True,ok,0.005187098168611756,0.0007155400857162997,0.007072135874285468,2.072099674091617,2.1588826118246196,0.35226985209855466,0.35275523703130973,0.33978530866771284,0.35436790221545383,0.35436790221545383,200.0,200.0,0.005,3.401022519167185e-12,1.1796019901242665,5,7.19910242530375e-17,-1.734723475976807e-18,-1.3322676295501878e-15,0.0013697966765426894,0.9506292298724692,1.038925262503646,0.47497451132176344,1.9647825033608513e-13,0.0010525421239435673,not_checked,0.001,not_checked,not_checked,,,
circle_uniform_direct_n200,269,2026091870,True,ok,0.007930309142694898,0.00317808893486941,0.008709619729336803,3.165364626723199,3.346606449081129,0.20183892465484232,0.20252636307302546,0.18762626919134365,0.2047302891974354,0.2047302891974354,200.0,200.0,0.005,3.506916979034713e-14,1.2787166425524106,6,5.0862092315639984e-15,3.469446951953614e-18,1.3322676295501878e-15,0.00337951517738011,0.9080331603836382,1.0755979137450797,0.45257349928553176,9.055256544598933e-15,0.0018209158442914486,not_checked,0.001,not_checked,not_checked,,,
circle_uniform_direct_n200,270,2026091871,True,ok,0.005622808806617873,0.0010670022922092842,0.007305381553064534,2.2460361262205994,2.37765559668683,0.32253783547026216,0.3230388057513537,0.30457808182673884,0.32479477380576016,0.32479477380576016,200.0,200.0,0.005,1.2239747410047741e-11,1.1861801067732578,5,-6.938893903907228e-17,-3.469446951953614e-18,-4.440892098500626e-16,0.0015436982132748245,0.9411810546809953,1.0477332897430183,0.4700883863991781,9.71218331452528e-13,0.001038833986967802,not_checked,0.001,not_checked,not_checked,,,
circle_uniform_direct_n200,271,2026091872,True,ok,0.0006670501852045459,0.0030897534948450987,0.00262062022806146,0.2667699741539154,0.2598845594808724,0.8748503767295042,0.8748723376638676,0.8781461162795279,0.8751061925790626,0.8751061925790626,200.0,200.0,0.005,2.7755575615628914e-16,1.1534582295700477,6,6.505213034913027e-19,1.951563910473908e-18,8.326672684688674e-16,2.504996395147341e-05,0.9429600186167758,1.055632592386705,0.4700230650320992,3.0357660829594124e-17,0.001158498926088214,not_checked,0.001,not_checked,not_checked,,,
circle_uniform_direct_n200,272,2026091873,True,ok,5.458563162440144e-05,0.004031694517311781,0.0007345115221719246,0.02183402264340884,0.0221758454075371,0.9891202702840504,0.9891203842663128,0.9889733217442733,0.9891422492321353,0.9891422492321353,200.0,200.0,0.005,4.487226562543967e-12,1.1438745555402634,5,-1.7541998127527936e-14,8.673617379884035e-19,3.608224830031759e-16,1.1500317586773945e-07,0.9368597902090006,1.063040492315972,0.46654125122624845,1.3642385832124404e-13,0.0010077077895402908,not_checked,0.001,not_checked,not_checked,,,
circle_uniform_direct_n200,273,2026091874,True,ok,0.008394697138556808,0.005791614419914621,0.009182759021196037,3.3515944030154112,3.3598345325050873,0.18407496717287009,0.184658681108127,0.18638939609474678,0.18657174396877582,0.18657174396877582,200.0,200.0,0.005,1.947747518826759e-14,1.2895892388642525,6,-6.990935608186533e-16,6.938893903907228e-18,2.220446049250313e-15,0.0031422262036560067,0.9601169761854369,1.0241202417142294,0.47727786867038235,2.55351295663786e-15,0.0013278329279273748,not_checked,0.001,not_checked,not_checked,,,
circle_uniform_direct_n200,274,2026091875,True,ok,0.005638348404607673,0.0004720092165325562,0.007769794415182094,2.252116243604192,2.1140365651472277,0.3212587157431367,0.32177961004975664,0.34749038529579074,0.32378690476217475,0.32378690476217475,200.0,200.0,0.005,8.007379481700383e-13,1.1791574255150348,5,7.45931094670027e-17,-5.204170427930421e-18,-1.7763568394002505e-15,0.0016115591194387768,0.9188640978356043,1.06980491993794,0.45921519690765383,3.720830067666103e-14,0.0016089999116957188,not_checked,0.001,not_checked,not_checked,,,
circle_uniform_direct_n200,275,2026091876,True,ok,0.0046493197312748365,0.0006801508776975945,0.007002809341573442,1.8576059875340751,1.7691606682178418,0.39250095393236273,0.39291958250770687,0.41288741168892307,0.39460739453339644,0.39460739453339644,200.0,200.0,0.005,2.3278150240724216e-12,1.1632722138132758,5,-1.214306433183765e-17,8.673617379884035e-19,-4.440892098500626e-16,0.0010609524879297005,0.9305399356236034,1.0602648794628398,0.46495352164823694,1.603910147057741e-13,0.0011381248477846384,not_checked,0.001,not_checked,not_checked,,,
circle_uniform_direct_n200,276,2026091877,True,ok,0.009355013286215335,0.009137725786946816,0.00993481459622441,3.732734679265781,3.559143812734118,0.15118708164478478,0.15189513528631793,0.16871035564058154,0.15396920605531747,0.15396920605531747,200.0,200.0,0.005,2.713801405818117e-13,1.3787778716704913,6,2.883457361768649e-14,8.673617379884035e-18,1.7763568394002505e-15,0.004635317610176326,0.9303146726273954,1.0505808636143017,0.4609055790600682,7.489842079877462e-14,0.00115116685628891,not_checked,0.001,not_checked,not_checked,,,
circle_uniform_direct_n200,277,2026091878,True,ok,0.005197817533356774,0.0019930169786618965,0.006777941759270589,2.076454689232281,2.3627508589797106,0.3503981020789618,0.35086884758652825,0.30685638888516453,0.3536089962455618,0.3536089962455618,200.0,200.0,0.005,1.2168786811539434e-10,1.2042493711643207,5,2.42861286636753e-17,-1.734723475976807e-18,-1.3322676295501878e-15,0.0013361620552143627,0.8730986162834046,1.1165954728326317,0.4356793029251731,1.1812321953907912e-11,0.0010328746866434813,not_checked,0.001,not_checked,not_checked,,,
circle_uniform_direct_n200,278,2026091879,True,ok,0.00474933829193845,0.004821439821121211,0.0070867558037500476,1.8977720443111932,1.8076551184515228,0.38449446328646775,0.38487381599690207,0.4050164646578476,0.38679220877199066,0.38679220877199066,200.0,200.0,0.005,9.471590178833367e-16,1.2360683855887347,6,-3.2959746043559335e-17,3.469446951953614e-18,1.7763568394002505e-15,0.0009816362320933525,0.9123955088457044,1.078768270122421,0.45399843494580955,1.942890293094024e-16,0.001101542031392455,not_checked,0.001,not_checked,not_checked,,,
circle_uniform_direct_n200,279,2026091880,True,ok,0.015486256398637096,0.0011381636713375482,0.01219082117818711,6.170627008454577,6.505237407496253,0.04310246269806353,0.043627332573278,0.03867280250155139,0.04517320038927103,0.04517320038927103,200.0,200.0,0.005,1.8462960327259026e-11,1.3042780714320796,5,4.562322741819003e-15,-6.938893903907228e-18,-2.6645352591003757e-15,0.011937775500130421,0.9455527075665279,1.0237108606243681,0.4722382800121907,1.2573254069836448e-12,0.0010176249779760838,not_checked,0.001,not_checked,not_checked,,,
circle_uniform_direct_n200,280,2026091881,True,ok,0.0005974341424101054,0.014460567185035914,0.002490930327248606,0.23890540230761265,0.23038863496009326,0.8871710333752573,0.8872013670687128,0.8911929527115318,0.8873756958270076,0.8873756958270076,200.0,200.0,0.005,3.1363800445660672e-15,1.3215020454429722,6,8.890457814381136e-18,-2.8189256484623115e-18,-9.992007221626409e-16,3.4127328214755837e-05,0.9516870262284498,1.0465788841566799,0.46896042257295395,8.36136715420821e-16,0.0011905832216143608,not_checked,0.001,not_checked,not_checked,,,
circle_uniform_direct_n200,281,2026091882,True,ok,0.001242027900323414,0.00033376279156094,0.0035311896079205673,0.49665394721133127,0.4972914204850433,0.7794279281378149,0.7794893765453257,0.7798562195171039,0.7800435090158157,0.7800435090158157,200.0,200.0,0.005,2.3868407250660084e-13,1.0913914225674444,5,-3.903127820947816e-18,-8.673617379884035e-19,-4.996003610813204e-16,7.860645901716645e-05,0.9326800982224449,1.0648135252527127,0.46618440330214217,9.302996741011871e-15,0.0009917931165546179,not_checked,0.001,not_checked,not_checked,,,
circle_uniform_direct_n200,282,2026091883,True,ok,0.006567700637368504,0.0023242325281577284,0.008014139071958123,2.6229918392725358,2.7016308741362343,0.26643288714608027,0.26698132084339643,0.25902895269368986,0.2688665477569891,0.2688665477569891,200.0,200.0,0.005,1.7715615779900773e-10,1.2203556267793811,5,-2.654126918244515e-16,6.938893903907228e-18,3.1086244689504383e-15,0.0020442078374329764,0.9391800413201854,1.0480804786790618,0.4684985225811716,2.1841395012045517e-11,0.001029167091473937,not_checked,0.001,not_checked,not_checked,,,
circle_uniform_direct_n200,283,2026091884,True,ok,0.004175575571730943,0.00037098290731131175,0.006401753302300985,1.668466433738993,1.7059582728994522,0.43221841816287165,0.4326013896292863,0.426143499371725,0.4338245391303258,0.4338245391303258,200.0,200.0,0.005,3.147621052690397e-13,1.1525194224252904,5,1.0408340855860843e-17,-1.734723475976807e-18,-8.881784197001252e-16,0.0008818974766920951,0.9678192623027597,1.023793883391585,0.48373010926114385,1.4211396816288246e-14,0.001003375044092536,not_checked,0.001,not_checked,not_checked,,,
circle_uniform_direct_n200,284,2026091885,True,ok,0.0036162214421476438,0.0012068438463374025,0.006100246861422377,1.445226514880196,1.4100589536723929,0.48368871003411096,0.48399520565533016,0.4940940097132943,0.4851756501128356,0.4851756501128356,200.0,200.0,0.005,1.949129399547722e-11,1.15955721452276,5,9.974659986866641e-18,1.3010426069826053e-18,-2.220446049250313e-16,0.0006310309894307364,0.9503180757195901,1.0425906491147323,0.4745856237247726,1.5892816576656976e-12,0.0010235002264380455,not_checked,0.001,not_checked,not_checked,,,
circle_uniform_direct_n200,285,2026091886,True,ok,0.008836644036156024,0.0051102893675251185,0.009190850327598591,3.5272855583782365,3.715659914729013,0.16817292582847365,0.168798711256894,0.15601081341618078,0.17078858930089222,0.17078858930089222,200.0,200.0,0.005,2.8879676428061885e-14,1.2936384944917312,6,6.609296443471635e-16,6.938893903907228e-18,2.220446049250313e-15,0.003686028042086509,0.9424758167361504,1.040471687418113,0.46882959814412606,1.672273430841642e-15,0.0011333329603075981,not_checked,0.001,not_checked,not_checked,,,
circle_uniform_direct_n200,286,2026091887,True,ok,0.0024978994134857244,0.0029739883112862766,0.004934389231087586,0.9986017124915583,1.0258317471156495,0.6059991303350845,0.6061686693880031,0.598747159955374,0.6067855272708778,0.6067855272708778,200.0,200.0,0.005,2.498001805406602e-16,1.1773036316510421,6,-9.540979117872439e-18,3.0357660829594124e-18,8.881784197001252e-16,0.0002790264513657381,0.9725979352817856,1.0226952374158889,0.48485262306891685,2.0816681711721685e-17,0.0011378328781574965,not_checked,0.001,not_checked,not_checked,,,
circle_uniform_direct_n200,287,2026091888,True,ok,0.002340521740436176,0.0055235482647729775,0.004916729010975918,0.935715539436617,0.9082912328042393,0.6253074988102441,0.6254621311253092,0.6349902615161283,0.6261881787096075,0.6261881787096075,200.0,200.0,0.005,1.9255430583342559e-16,1.2218423371334255,6,-5.637851296924623e-18,-1.734723475976807e-18,-9.992007221626409e-16,0.0002465783689266643,0.952353583060376,1.0432355863318656,0.4735467178957118,1.734723475976807e-17,0.001180750085040927,not_checked,0.001,not_checked,not_checked,,,
circle_uniform_direct_n200,288,2026091889,True,ok,0.006187645153287645,0.0073353077851962475,0.007646813274451177,2.47178584692899,2.6338858793659945,0.287704689319466,0.28817818746624113,0.26795320024196206,0.29010016164296715,0.29010016164296715,200.0,200.0,0.005,9.367506770274758e-15,1.2879116674844695,6,1.5352302762394743e-16,-1.1275702593849246e-17,-3.9968028886505635e-15,0.0016361071930339754,0.9229642906843308,1.0656538728514031,0.4580972950904275,2.463307335887066e-16,0.0011705008801072836,not_checked,0.001,not_checked,not_checked,,,
circle_uniform_direct_n200,289,2026091890,True,ok,0.0063247016070636305,0.013194895300814288,0.007875208497224201,2.5271216169261526,2.5981827367972854,0.2799746421981293,0.28036281720666556,0.272779536570296,0.28225614028560253,0.28225614028560253,200.0,200.0,0.005,6.1201044232461754e-15,1.346714129518894,6,1.0044048925905713e-15,-8.673617379884035e-18,-3.9968028886505635e-15,0.001379512949649886,0.9148394247101543,1.0747439019890546,0.45138382547720973,5.967448757360216e-16,0.0011681260075420141,not_checked,0.001,not_checked,not_checked,,,
circle_uniform_direct_n200,290,2026091891,True,ok,0.006188500107663241,0.0029824426394387833,0.0076310242562726465,2.4713233964703143,2.6392772137893257,0.2875043559839283,0.28809446322951016,0.2672318602688745,0.2900505614031707,0.2900505614031707,200.0,200.0,0.005,6.904199434387692e-15,1.2496189251915881,6,1.0148132334464322e-15,-1.1275702593849246e-17,-4.884981308350689e-15,0.002038323297490985,0.9323782805856025,1.0548969909036991,0.4647987963498673,1.970645868709653e-15,0.0011627499479800463,not_checked,0.001,not_checked,not_checked,,,
circle_uniform_direct_n200,291,2026091892,True,ok,0.0023887540738650797,0.002733595715600479,0.004968981903284626,0.9549299878437882,0.9367747621910804,0.6179755600069696,0.6181532459346553,0.6260109718644984,0.6201767166050881,0.6201767166050881,200.0,200.0,0.005,5.620504062164855e-16,1.1790907428335986,6,8.239936510889834e-18,0.0,-1.1102230246251565e-16,0.00028582085112183186,0.8831331795963071,1.1120966565287493,0.44035949347930725,5.811323644522304e-17,0.0011275818105787039,not_checked,0.001,not_checked,not_checked,,,
circle_uniform_direct_n200,292,2026091893,True,ok,0.003958343418605275,0.010453053428326559,0.006601201896144042,1.5822178089527315,1.4444824283969404,0.45046735684261185,0.450720768638602,0.4856625614682918,0.4530881033759001,0.4530881033759001,200.0,200.0,0.005,1.5334955527634975e-15,1.2973662599932687,6,5.2909066017292616e-17,5.204170427930421e-18,2.886579864025407e-15,0.0005597792446893068,0.8825060403069285,1.1108223409009352,0.43664246357420083,1.7694179454963432e-16,0.0011739591136574745,not_checked,0.001,not_checked,not_checked,,,
circle_uniform_direct_n200,293,2026091894,True,ok,0.0007877499561297768,0.007814333154561186,0.002824085976845086,0.31504719096356976,0.3112931031235475,0.8541263510413912,0.8541489145176173,0.8558616398776694,0.8542341083307154,0.8542341083307154,200.0,200.0,0.005,4.996003610813204e-16,1.2279532892566507,6,2.4936649967166602e-18,6.288372600415926e-18,2.3314683517128287e-15,2.6395744170487623e-05,0.9852795050592962,1.0133013095029764,0.4887894442425252,8.673617379884035e-17,0.001168874092400074,not_checked,0.001,not_checked,not_checked,,,
circle_uniform_direct_n200,294,2026091895,True,ok,0.017551925011829703,0.0020669686276446365,0.01361072628506891,6.988856269841888,6.748964084048273,0.028400461669642274,0.028860329787321004,0.03423584644978352,0.02988540626961174,0.02988540626961174,200.0,200.0,0.005,1.2735425908294573e-10,1.3587883805495227,5,2.5651356039269047e-13,3.469446951953614e-18,-8.881784197001252e-16,0.015956867444996803,0.8895587715703618,1.074961942254528,0.4438600626142985,1.3664664018364636e-11,0.0013285840395838022,not_checked,0.001,not_checked,not_checked,,,
circle_uniform_direct_n200,295,2026091896,True,ok,0.0015340670506156732,0.0017613871012903135,0.0039174571296748725,0.6133838702459247,0.6165646354090258,0.7350070748535642,0.7350966433087383,0.7347078676883041,0.7357878786692145,0.7357878786692145,200.0,200.0,0.005,7.69747668383225e-11,1.1429717806008146,5,2.8189256484623115e-18,4.336808689942018e-19,5.551115123125783e-16,0.00012147500017228863,0.9316387284001509,1.0652499050203734,0.46499891182140624,7.20773440932021e-12,0.0014557919930666685,not_checked,0.001,not_checked,not_checked,,,
circle_uniform_direct_n200,296,2026091897,True,ok,0.0026922084953298203,0.002872040518303448,0.005302371844136682,1.0761280383905332,1.034571153297549,0.5823706966931597,0.5825914792411411,0.5961365206531611,0.5836570574319528,0.5836570574319528,200.0,200.0,0.005,6.800116025829084e-16,1.1904012834669824,6,-4.336808689942018e-18,-3.0357660829594124e-18,-6.661338147750939e-16,0.0003776798706974782,0.9367031457938582,1.0578201623867771,0.467006422013223,6.852157730108388e-17,0.001230916939675808,not_checked,0.001,not_checked,not_checked,,,
circle_uniform_direct_n200,297,2026091898,True,ok,0.003940005119573611,0.0038794182260278517,0.006289725512481869,1.57454485410405,1.57426140956269,0.4532387733716773,0.45357043031640387,0.45514887999078535,0.4547529275394844,0.4547529275394844,200.0,200.0,0.005,9.43689570931383e-16,1.2182086708674376,6,-6.938893903907228e-18,3.469446951953614e-18,6.661338147750939e-16,0.0007285968626972172,0.959227379269446,1.0331728260609898,0.4777533277033434,3.903127820947816e-17,0.0013782500755041838,not_checked,0.001,not_checked,not_checked,,,
circle_uniform_direct_n200,298,2026091899,True,ok,0.006425371720696956,0.0007777167359283399,0.008409767541847992,2.5659811005547972,2.3431856097521453,0.2736816880659936,0.27425538163910845,0.3098729807838301,0.27663001704693324,0.27663001704693324,200.0,200.0,0.005,3.7359178250984115e-12,1.1973065016676623,5,1.7867651802561113e-16,-5.204170427930421e-18,-1.3322676295501878e-15,0.0020837938619926444,0.8918404992833936,1.0952818614610869,0.4455734426091448,2.7418822420854916e-13,0.0011124580632895231,not_checked,0.001,not_checked,not_checked,,,
circle_uniform_direct_n200,299,2026091900,True,ok,0.002852739699207155,0.000793153114136408,0.005511812337172338,1.1402588753727385,1.0741942458851272,0.5636444553370898,0.5638813542070178,0.5844423566045777,0.5652156496609603,0.5652156496609603,200.0,200.0,0.005,4.197014263906951e-12,1.1437633877148545,5,7.37257477290143e-18,-2.6020852139652106e-18,-8.881784197001252e-16,0.000418502155061673,0.923012995390631,1.071208713003867,0.4611404545813618,2.9660453780555596e-13,0.0011973329819738865,not_checked,0.001,not_checked,not_checked,,,
circle_uniform_direct_n200,300,2026091901,True,ok,0.004000915451680378,0.00480559084544124,0.006239533333290581,1.598633871369494,1.6476422157485457,0.44767281592122976,0.44806238153012645,0.43875192889305725,0.449246703856932,0.449246703856932,200.0,200.0,0.005,2.2898349882893854e-15,1.2498983440239622,6,1.3964523981613297e-16,-1.734723475976807e-18,-6.661338147750939e-16,0.0008661546513285545,0.9686542179058809,1.0230567001887858,0.48200000967669665,4.510281037539698e-16,0.0014764999505132437,not_checked,0.001,not_checked,not_checked,,,
circle_uniform_direct_n200,301,2026091902,True,ok,0.0002141300366448346,0.0029688953834706468,0.0015550967305217568,0.08564866899593737,0.0758539896853886,0.9577288808310394,0.9577304962913411,0.9627832264664631,0.9580780741288835,0.9580780741288835,200.0,200.0,0.005,6.612353373181001e-11,1.1303556653640126,5,-1.2841974662489153e-12,-6.505213034913027e-19,-6.938893903907228e-17,1.672830998236674e-06,0.8701870507766379,1.1294460055395306,0.4338017559898284,1.012204209338563e-12,0.0010421238839626312,not_checked,0.001,not_checked,not_checked,,,
circle_uniform_direct_n200,302,2026091903,True,ok,0.01590737739569789,0.016631589283742504,0.012199109757122356,6.330378067237005,6.926683448318161,0.03980868961061128,0.04046281370412927,0.03132490771796789,0.04152434159907107,0.04152434159907107,200.0,200.0,0.005,1.712632813344328e-11,1.5928878308967949,6,3.511781143661352e-12,0.0,1.7763568394002505e-15,0.016286445521076054,0.8589341170398054,1.1053353807024686,0.4223256809503913,8.119574457232659e-12,0.0011580840218812227,not_checked,0.001,not_checked,not_checked,,,
circle_uniform_direct_n200,303,2026091904,True,ok,0.0025207365388454517,0.002808000736107501,0.005070038652965261,1.007648627300406,0.9929906955576125,0.602816886233807,0.6030123011158801,0.6086600679745618,0.6040203994045275,0.6040203994045275,200.0,200.0,0.005,5.442694905877232e-16,1.1840519717891878,6,-1.1709383462843448e-17,0.0,-2.220446049250313e-16,0.0003229941188873653,0.936236726584917,1.0586915709876845,0.4668038079157602,1.8214596497756474e-17,0.0014325408264994621,not_checked,0.001,not_checked,not_checked,,,
circle_uniform_direct_n200,304,2026091905,True,ok,0.0037211983445700134,0.003952469566888075,0.005815482935445044,1.487249461398727,1.650107658165549,0.4723565249769778,0.47264859543244353,0.4382114033121619,0.4750953924432779,0.4750953924432779,200.0,200.0,0.005,5.342948306008566e-16,1.2113837316152802,6,-2.6020852139652106e-17,-2.6020852139652106e-18,-4.440892098500626e-16,0.0006149382146392046,0.8807572280037447,1.1122459597940961,0.43863774708334236,9.194034422677078e-17,0.0012520421296358109,not_checked,0.001,not_checked,not_checked,,,
circle_uniform_direct_n200,305,2026091906,True,ok,0.0004351403713459684,0.004304685822091663,0.002126759411255718,0.17403515557517896,0.16747183515678907,0.9165486823227329,0.9165583149291154,0.9196740937909061,0.9166513609548487,0.9166513609548487,200.0,200.0,0.005,1.6631661325927638e-16,1.1682359584190423,6,1.1926223897340549e-18,-4.336808689942018e-19,-1.1102230246251565e-16,1.0496481604199692e-05,0.9579372869540422,1.0411487406578352,0.4769065724144097,2.2551405187698492e-17,0.0018957499414682388,not_checked,0.001,not_checked,not_checked,,,
circle_uniform_direct_n200,306,2026091907,True,ok,0.001609010725607896,0.0038150475925934155,0.003921760250476692,0.6433635658093055,0.6738112148188202,0.7242655704425622,0.7243529498200068,0.7139762307881137,0.7248415895878959,0.7248415895878959,200.0,200.0,0.005,4.787836793695988e-16,1.1823140333536861,6,6.7220534694101275e-18,6.505213034913027e-19,-3.3306690738754696e-16,0.00012036221692640625,0.9517147077170696,1.0451925026188267,0.47404203466084016,8.326672684688674e-17,0.0011562919244170189,not_checked,0.001,not_checked,not_checked,,,
circle_uniform_direct_n200,307,2026091908,True,ok,0.001971258166733364,0.0018148682973969897,0.004313154178898235,0.7880918158952458,0.8365305820753803,0.673287269473881,0.673426217777163,0.6581875939915716,0.6741843876204667,0.6741843876204667,200.0,200.0,0.005,8.786087829504297e-11,1.155319544730502,5,5.637851296924623e-18,-3.469446951953614e-18,-3.3306690738754696e-16,0.0002057253990499497,0.9402087188909767,1.0557436712450048,0.46925120527923575,8.123447227392777e-12,0.0010317498818039894,not_checked,0.001,not_checked,not_checked,,,
circle_uniform_direct_n200,308,2026091909,True,ok,0.0022902051540897475,0.000621051168681996,0.004641909354067019,0.915547668062736,0.9766252656505912,0.6312744746563932,0.6314437979279877,0.6136609924804458,0.6325215227994712,0.6325215227994712,200.0,200.0,0.005,2.2227532314733622e-12,1.126308829856635,5,1.3444106938820255e-17,2.168404344971009e-18,4.440892098500626e-16,0.0002671967865814917,0.9260768141832637,1.069305668330026,0.46275084138465755,1.1153361220705982e-13,0.001047499943524599,not_checked,0.001,not_checked,not_checked,,,
circle_uniform_direct_n200,309,2026091910,True,ok,0.004710004922513656,0.003179173954653069,0.006692843181126086,1.881625800503038,1.9858775347803477,0.38783474076560764,0.3882980762052587,0.3704863165227703,0.38984697661729584,0.38984697661729584,200.0,200.0,0.005,2.1094237467877974e-15,1.2323005806470497,6,2.2724877535296173e-16,-1.734723475976807e-18,-2.220446049250313e-16,0.0011880842512121959,0.9473729073229987,1.042907155015008,0.47218051537793815,5.30825383648903e-16,0.0012112089898437262,not_checked,0.001,not_checked,not_checked,,,
circle_uniform_direct_n200,310,2026091911,True,ok,0.005452759897443878,0.0024696382750153227,0.007174199260004579,2.1782837502089776,2.345161659917429,0.3328576066682829,0.33332943581743024,0.30956696970458736,0.336030960308445,0.336030960308445,200.0,200.0,0.005,1.1830814106161824e-15,1.21065305968015,6,-9.194034422677078e-17,1.734723475976807e-18,0.0,0.0014101043842866812,0.873290861222252,1.1161274468562061,0.4355671429715842,1.4224732503009818e-16,0.001185583183541894,not_checked,0.001,not_checked,not_checked,,,
circle_uniform_direct_n200,311,2026091912,True,ok,0.001915090122078909,0.004163052462012868,0.004443124845589977,0.7657319775422431,0.7440098184057815,0.6812275587847132,0.6813313539725545,0.689350858352689,0.6818006101175613,0.6818006101175613,200.0,200.0,0.005,4.2327252813834093e-16,1.1881749200387717,6,8.239936510889834e-18,8.673617379884035e-19,1.1102230246251565e-15,0.00015203564466026442,0.9651442930655234,1.0313622524840853,0.4805633439919624,2.0816681711721685e-17,0.001199832884594798,not_checked,0.001,not_checked,not_checked,,,
circle_uniform_direct_n200,312,2026091913,True,ok,0.000946058283558677,0.0026851233858212692,0.0031566510826085826,0.37834557891208775,0.3594374559140613,0.8272691201810094,0.8273013403788865,0.835505182613933,0.8276113186652228,0.8276113186652228,200.0,200.0,0.005,2.636779683484747e-16,1.1447185514578382,6,1.6263032587282567e-18,1.0842021724855044e-18,-1.1102230246251565e-16,3.8867255691521496e-05,0.9456156956472875,1.0526174843191882,0.47153832923407396,1.474514954580286e-17,0.0011831680312752724,not_checked,0.001,not_checked,not_checked,,,
circle_uniform_direct_n200,313,2026091914,True,ok,0.0007836824486004319,0.0076591124572231994,0.0028146607741202636,0.3133995817143833,0.3104941668343276,0.8547665214659215,0.8547979281026286,0.8562035976350623,0.8549293118004023,0.8549293118004023,200.0,200.0,0.005,7.632783294297951e-16,1.2330419405953676,6,2.168404344971009e-19,1.951563910473908e-18,3.885780586188048e-16,3.669886289472957e-05,0.9705303459671986,1.0277990159357902,0.4815487972258251,1.1796119636642288e-16,0.0012199159245938063,not_checked,0.001,not_checked,not_checked,,,
circle_uniform_direct_n200,314,2026091915,True,ok,4.217134196927812e-06,0.00383082344025841,0.00020515064808129593,0.0016868563601406567,0.0016904903686508696,0.999156872645939,0.9991568713062954,0.9991551119347606,0.9991569287450542,0.9991569287450542,200.0,200.0,0.005,2.955101441326491e-14,1.1336132962307293,5,-9.606878281168824e-17,-1.111307226797642e-18,-4.119968255444917e-16,-1.3406847660041646e-09,0.9883582907896029,1.0116440834895093,0.492285741873562,8.144526719711109e-16,0.0010582080576568842,not_checked,0.001,not_checked,not_checked,,,
circle_uniform_direct_n200,315,2026091916,True,ok,0.010713137399148975,0.00018934699286953698,0.010555882408020795,4.273738819234209,4.141953130586489,0.11467800450891717,0.11534668580749569,0.12606261320095644,0.11734611306334473,0.11734611306334473,200.0,200.0,0.005,2.943131849342251e-14,1.2361870366900842,5,9.332812300755222e-16,3.469446951953614e-18,8.881784197001252e-16,0.00575807021269048,0.9465520418025505,1.032053416352855,0.4731864073487784,1.0894063429134349e-15,0.0010656258091330528,not_checked,0.001,not_checked,not_checked,,,
circle_uniform_direct_n200,316,2026091917,True,ok,0.008266256442571259,0.007113694389525941,0.008782212216319309,3.3005569647131705,3.5722275405825563,0.18877911762221056,0.18934386786431473,0.16761027765485906,0.1914265129274742,0.1914265129274742,200.0,200.0,0.005,2.3925306180672123e-14,1.3048718445266498,6,-5.204170427930421e-18,6.938893903907228e-18,2.220446049250313e-15,0.0029728061576665965,0.9004348729772692,1.0842634988778668,0.44701378113598983,2.1337098754514727e-15,0.0012305837590247393,not_checked,0.001,not_checked,not_checked,,,
circle_uniform_direct_n200,317,2026091918,True,ok,0.0038214331315616946,0.011016659246012188,0.006241043767894965,1.5266154769329328,1.5027540780950215,0.4640104488381285,0.46446694398765653,0.4717165332070081,0.4656660063894954,0.4656660063894954,200.0,200.0,0.005,8.451572774959004e-15,1.3520568012749126,6,8.621575675604731e-16,-3.469446951953614e-18,-8.881784197001252e-16,0.0009788878458725225,0.9694872555557891,1.0216570590648146,0.47940571628756673,3.1676050671336498e-15,0.0013577078934758902,not_checked,0.001,not_checked,not_checked,,,
circle_uniform_direct_n200,318,2026091919,True,ok,0.010262723241537921,0.002966835750632722,0.010264497563389846,4.0950841285674615,4.028852107490152,0.12580344037446323,0.12643952160866379,0.13339694407519176,0.12840773497433292,0.12840773497433292,200.0,200.0,0.005,1.6806001035263307e-14,1.2717486325518803,6,-3.2942398808799567e-15,-5.204170427930421e-18,-3.552713678800501e-15,0.005002584023853451,0.9315731312367168,1.0485294386016213,0.46440480530016337,4.336808689942018e-15,0.0011825838591903448,not_checked,0.001,not_checked,not_checked,,,
circle_uniform_direct_n200,319,2026091920,True,ok,0.01646829073473501,0.015117359283183248,0.012830038454952732,6.560322656671533,6.639554784922728,0.035244244953325704,0.03573003080588329,0.03616088054276518,0.03711781830334426,0.03711781830334426,200.0,200.0,0.005,5.753772458483297e-12,1.506633777516351,6,8.336387136154144e-13,-3.8163916471489756e-17,-1.4210854715202004e-14,0.013496818611235195,0.9429402915586925,1.0249447551046746,0.4643435320079853,2.1853907572477738e-12,0.0018415418453514576,not_checked,0.001,not_checked,not_checked,,,
circle_uniform_direct_n200,320,2026091921,True,ok,0.0019916955523725547,0.003706678496798289,0.0044548812179608455,0.7962447290353161,0.8016607860983007,0.6706886659322739,0.6708344305328839,0.6697636479752183,0.6714342986479278,0.6714342986479278,200.0,200.0,0.005,2.949029909160572e-16,1.196319066431923,6,1.214306433183765e-17,-3.903127820947816e-18,-2.3314683517128287e-15,0.00021674595685289288,0.955941616746763,1.0399092132401362,0.4761988942143602,2.7755575615628914e-17,0.0011934579815715551,not_checked,0.001,not_checked,not_checked,,,
circle_uniform_direct_n200,321,2026091922,True,ok,0.0033585008260426062,0.0003045501380445784,0.00586309234945382,1.3422825716698505,1.3172378447571031,0.5094020213627986,0.5096878676541425,0.5175656394451372,0.5108393278093575,0.5108393278093575,200.0,200.0,0.005,1.794189796733292e-13,1.1324288729441288,5,-9.540979117872439e-18,4.7704895589362195e-18,2.220446049250313e-15,0.0005588793735959996,0.9464689602533786,1.0468526205117743,0.4730903582275108,6.4608691660583695e-15,0.0010528331622481346,not_checked,0.001,not_checked,not_checked,,,
circle_uniform_direct_n200,322,2026091923,True,ok,0.0019299193025726076,0.0014712107794671828,0.004163297448594692,0.7716132772712774,0.8635857841494318,0.6778040354608699,0.6779249092642796,0.6493438470166828,0.6797814969153837,0.6797814969153837,200.0,200.0,0.005,3.4907993162747175e-11,1.1379098479370113,5,1.474514954580286e-17,2.3852447794681098e-18,6.661338147750939e-16,0.00017722187888280505,0.8803902539210342,1.1158499201106187,0.4395475211583679,3.5090580614849376e-12,0.0010457509197294712,not_checked,0.001,not_checked,not_checked,,,
circle_uniform_direct_n200,323,2026091924,True,ok,0.0018158988559329177,0.0003014652670147188,0.0041771099283068255,0.7260263194434836,0.7566902649534507,0.6948438782698132,0.694959924138318,0.6849940461724573,0.6954613983397698,0.6954613983397698,200.0,200.0,0.005,1.4979510687407327e-13,1.103727317327684,5,-6.288372600415926e-18,-4.336808689942018e-19,2.220446049250313e-16,0.00016661146484170386,0.9594081656586586,1.036943887859725,0.47955946866402605,6.191770186847467e-15,0.0010665829759091139,not_checked,0.001,not_checked,not_checked,,,
circle_uniform_direct_n200,324,2026091925,True,ok,0.026214149666577986,0.015192398934785738,0.01683096703334855,10.422723868550838,9.834902424658623,0.004788881123383094,0.004943370497245032,0.007317758510393016,0.005285278666076285,0.005285278666076285,200.0,200.0,0.005,2.585939101740209e-11,1.5530421702164225,6,3.4739815191198176e-12,-1.3877787807814457e-17,-7.105427357601002e-15,0.03146799904017872,0.8908201524354741,1.0600337542104417,0.43864182645329775,8.21900880687565e-12,0.0011420000810176134,not_checked,0.001,not_checked,not_checked,,,
circle_uniform_direct_n200,325,2026091926,True,ok,0.015541961117196492,0.012264016923685495,0.012550985351402892,6.1939419846119,6.178466203485798,0.04263647914908157,0.04313349675442098,0.04553686315816938,0.044672721387280366,0.044672721387280366,200.0,200.0,0.005,1.988201270286538e-12,1.4512756036586878,6,2.493907858003297e-13,-1.5612511283791264e-17,-6.217248937900877e-15,0.011421231133348364,0.9673258568627419,1.0029149755794282,0.4777288104170102,6.32320584781354e-13,0.001081791939213872,not_checked,0.001,not_checked,not_checked,,,
circle_uniform_direct_n200,326,2026091927,True,ok,0.0019470304139228845,0.0045161780291832505,0.004523034632362747,0.7785073013904289,0.7417920855952831,0.6767111553915646,0.6768145811186603,0.690115680325274,0.6774591096671219,0.6774591096671219,200.0,200.0,0.005,4.714111045966973e-16,1.1936084884903626,6,-1.3010426069826053e-18,-4.119968255444917e-18,-2.1094237467877974e-15,0.00015243208936244201,0.9463999446897641,1.050111599842401,0.471063320461467,1.214306433183765e-17,0.0011404170654714108,not_checked,0.001,not_checked,not_checked,,,
circle_uniform_direct_n200,327,2026091928,True,ok,0.00019646795784641208,0.0108309521839038,0.0014167445478870573,0.07857849596102015,0.07717184817195086,0.9613855579984512,0.9613897428707039,0.962149029412043,0.9614683886918906,0.9614683886918906,200.0,200.0,0.005,1.429412144204889e-15,1.2597135209016999,6,1.3552527156068805e-18,-3.686287386450715e-18,-1.457167719820518e-15,4.343588772340312e-06,0.9381912959399062,1.0611427535589408,0.464017192270805,2.983724378680108e-16,0.0010595421772450209,not_checked,0.001,not_checked,not_checked,,,
circle_uniform_direct_n200,328,2026091929,True,ok,0.00205763737850954,0.0013021177975287178,0.004479860953700918,0.8226286721121795,0.8454062536685938,0.6619298564599007,0.6620713018308819,0.6552731372495035,0.662637314319042,0.662637314319042,200.0,200.0,0.005,2.438474769328458e-11,1.1402838804996909,5,-6.071532165918825e-18,2.6020852139652106e-18,1.1102230246251565e-15,0.00021313964581820555,0.9615129863072012,1.034364624002163,0.4801305175205502,2.1535642193148963e-12,0.0009432090446352959,not_checked,0.001,not_checked,not_checked,,,
circle_uniform_direct_n200,329,2026091930,True,ok,0.010657568566650752,0.0029370453835882732,0.01054344263533425,4.251669409985168,4.111632457516445,0.1160027995139809,0.11666964003767391,0.1279883251794099,0.11865754433552823,0.11865754433552823,200.0,200.0,0.005,5.1241996756878905e-14,1.289402694842604,6,5.712444406391626e-15,-5.204170427930421e-18,0.0,0.005679008337566405,0.9413584844726076,1.0374519792140096,0.4692966954836076,1.0602629885170245e-14,0.0011423749383538961,not_checked,0.001,not_checked,not_checked,,,
circle_uniform_direct_n200,330,2026091931,True,ok,0.0018047220002776927,0.009612814721841566,0.004228356986097551,0.7214865625578266,0.7316478908472823,0.696149171085225,0.6962896319450507,0.6936249062998909,0.6970177515378027,0.6970177515378027,200.0,200.0,0.005,3.37403716077489e-16,1.2863728921383544,6,8.890457814381136e-18,3.0357660829594124e-18,6.661338147750939e-16,0.00020111877662520872,0.9382970747020116,1.0577468344640246,0.4646373657398147,5.898059818321144e-17,0.0010997920762747526,not_checked,0.001,not_checked,not_checked,,,
circle_uniform_direct_n200,331,2026091932,True,ok,0.0035873684646526797,0.005832095124943442,0.0060852166702604635,1.4338253062777515,1.4351828656698837,0.4833856862022064,0.4836589956507129,0.4879260444679764,0.48798349621592463,0.48798349621592463,200.0,200.0,0.005,6.349087922075114e-16,1.2406165355385783,6,1.734723475976807e-18,8.673617379884035e-19,8.881784197001252e-16,0.0005610397916602228,0.8230348542541,1.1702679896474293,0.40911799628249895,7.28583859910259e-17,0.0011790830176323652,not_checked,0.001,not_checked,not_checked,,,
circle_uniform_direct_n200,332,2026091933,True,ok,0.002650154644964046,0.00011769188643113274,0.004925839606701913,1.0593567601867993,1.1653677494486294,0.5863562829104285,0.5865641790685714,0.5583976842137159,0.5885867650010081,0.5885867650010081,200.0,200.0,0.005,6.413272690686256e-15,1.114015636571442,5,1.7780915628762273e-17,4.336808689942018e-19,8.881784197001252e-16,0.00035254889940961043,0.8873351763057125,1.107358624379851,0.4436153722001173,1.4417178388625995e-16,0.0010701671708375216,not_checked,0.001,not_checked,not_checked,,,
circle_uniform_direct_n200,333,2026091934,True,ok,0.00036258589716016296,9.652183025356045e-07,0.0018993497918787668,0.14502121041936356,0.14592445746655636,0.9299962064620455,0.9300023252403349,0.9296359428898129,0.9300497687962436,0.9300497687962436,200.0,200.0,0.005,1.0095117016634125e-12,1.0389319417060685,4,1.545080252976505e-14,3.2526065174565133e-19,-5.551115123125783e-17,6.574222350813619e-06,0.9697390615979306,1.0295357964637581,0.4848690627940088,1.7860712908657206e-14,0.000885083107277751,not_checked,0.001,not_checked,not_checked,,,
circle_uniform_direct_n200,334,2026091935,True,ok,0.000692894729806927,0.001836666888077947,0.0025923170018896263,0.2771163541006947,0.28588370257001183,0.8704646260548929,0.8704827237303543,0.8668044709962056,0.8705945186348196,0.8705945186348196,200.0,200.0,0.005,8.908362242321388e-11,1.1191666016432262,5,1.1926223897340549e-18,1.6263032587282567e-18,4.440892098500626e-16,2.0768911038054894e-05,0.9689665732172349,1.029742424473475,0.48359338463684576,8.520633851261117e-12,0.0009653749875724316,not_checked,0.001,not_checked,not_checked,,,
circle_uniform_direct_n200,335,2026091936,True,ok,0.005156112510771095,0.0061847272509638635,0.007267072465838047,2.0600817447552493,2.048012333759453,0.3534690526198404,0.35388886122266283,0.35915322646782427,0.35657078545760945,0.35657078545760945,200.0,200.0,0.005,4.466912950640278e-15,1.2650215448791675,6,9.107298248878237e-17,2.6020852139652106e-18,8.881784197001252e-16,0.0011816297765943062,0.8734955112444144,1.1168477259339837,0.43404591285788935,7.632783294297951e-17,0.001074459170922637,not_checked,0.001,not_checked,not_checked,,,
circle_uniform_direct_n200,336,2026091937,True,ok,6.581086483012713e-05,0.0046651770759329365,0.0008390742610076491,0.026323410044940272,0.024862193786720985,0.986823934437431,0.986824399751677,0.9876458500167685,0.9869240696378845,0.9869240696378845,200.0,200.0,0.005,1.0269493588843659e-11,1.1604850848201937,5,1.7139275296316342e-13,-1.0842021724855044e-19,1.1102230246251565e-16,4.679435552899791e-07,0.8769205825615628,1.1228594722066823,0.4364149566298753,7.659428646888955e-13,0.0010047908872365952,not_checked,0.001,not_checked,not_checked,,,
circle_uniform_direct_n200,337,2026091938,True,ok,0.00031081900827175605,0.0011998067658199538,0.0018061247945805414,0.12431700793734987,0.11939947957153735,0.9394218436322475,0.9394268457788653,0.9420473504620616,0.9397289450276382,0.9397289450276382,200.0,200.0,0.005,5.465294449641389e-11,1.0948472235831477,4,1.5392902881147807e-12,-1.0842021724855044e-18,-3.7470027081099033e-16,5.297685676274033e-06,0.8991888860363108,1.1001601544436894,0.44905503946335873,3.548880373599461e-12,0.0008747919928282499,not_checked,0.001,not_checked,not_checked,,,
circle_uniform_direct_n200,338,2026091939,True,ok,0.00497673160477452,0.005814540360144567,0.007210548639723382,1.9880716363823683,1.9108436809201066,0.3675150310574153,0.36799943984260197,0.38464984945461234,0.36959542373711773,0.36959542373711773,200.0,200.0,0.005,6.0923488476305465e-15,1.2775404793170386,6,5.091413401991929e-16,-8.673617379884035e-19,-1.1102230246251565e-15,0.0013105027637199118,0.9478694248325203,1.0419636963160388,0.4711785408455751,1.3565537582138631e-15,0.0011697500012814999,not_checked,0.001,not_checked,not_checked,,,
circle_uniform_direct_n200,339,2026091940,True,ok,0.010991240647791585,0.0008361122730835362,0.010016859868445584,4.384512358590384,4.8464026057240055,0.10844433888467422,0.10910019146138775,0.08863740759456974,0.11099744126986683,0.11099744126986683,200.0,200.0,0.005,4.822559018791139e-12,1.249823194796872,5,-7.025630077706069e-16,3.469446951953614e-18,1.7763568394002505e-15,0.005991950263124934,0.9023395947536825,1.075850114263529,0.45079256770747506,3.6626344318557713e-13,0.0014141250867396593,not_checked,0.001,not_checked,not_checked,,,
circle_uniform_direct_n200,340,2026091941,True,ok,0.0020676719099258153,0.004067681228517509,0.004514796111991859,0.826647672379457,0.841355639915465,0.6605549353837767,0.66069438493248,0.6566016112700854,0.6613087968803164,0.6613087968803164,200.0,200.0,0.005,5.022024462952857e-16,1.1979129723737587,6,-3.0357660829594124e-18,-8.673617379884035e-19,5.551115123125783e-16,0.00021054579543455798,0.9557878223031674,1.0401239067798502,0.4759500166524175,2.949029909160572e-17,0.0012599159963428974,not_checked,0.001,not_checked,not_checked,,,
circle_uniform_direct_n200,341,2026091942,True,ok,0.0013926582130073806,0.019050708325539373,0.0037609297632766603,0.556666296934292,0.550066296465898,0.756286216697001,0.756436763737977,0.7595469451685927,0.7568943172657394,0.7568943172657394,200.0,200.0,0.005,2.2815083156046967e-14,1.4049760091391683,6,1.5178830414797062e-17,-1.3010426069826053e-18,-4.440892098500626e-16,0.0001984941343300961,0.9549508047958398,1.0408869608681026,0.4683780213855721,7.16093850883226e-15,0.001114624785259366,not_checked,0.001,not_checked,not_checked,,,
circle_uniform_direct_n200,342,2026091943,True,ok,0.00109072965449733,0.0005479850091655398,0.0033159561420381045,0.43617670139097625,0.4357089853178,0.8033322405533014,0.8033786603848493,0.8042424563345276,0.8040081034794155,0.8040081034794155,200.0,200.0,0.005,1.1668270516462798e-12,1.0925239231629351,5,1.5178830414797062e-18,1.0842021724855044e-18,2.220446049250313e-16,5.75802039778639e-05,0.9201857649428766,1.077669382942454,0.45984075968104865,6.759089815622232e-14,0.0010064579546451569,not_checked,0.001,not_checked,not_checked,,,
circle_uniform_direct_n200,343,2026091944,True,ok,0.0012602302249909267,0.00021667129976102534,0.003524785684187288,0.5039351143734947,0.5146993520637783,0.7764364922444129,0.7764976520573048,0.7730978327129123,0.7772089506603141,0.7772089506603141,200.0,200.0,0.005,3.987435381880289e-14,1.084038720326239,5,3.469446951953614e-18,-2.168404344971009e-19,-4.440892098500626e-16,7.848781143798833e-05,0.9205560696297236,1.0769394973936675,0.46017830585728464,1.6488004538073309e-15,0.0010353331454098225,not_checked,0.001,not_checked,not_checked,,,
circle_uniform_direct_n200,344,2026091945,True,ok,0.0028252788679226145,0.0006857959785391459,0.005351889509364315,1.1292922718195422,1.1215082966818655,0.5668510041944032,0.5670841649216498,0.5707784498748034,0.5683284481588362,0.5683284481588362,200.0,200.0,0.005,2.5600042918849653e-12,1.1398576004344656,5,4.336808689942018e-19,4.336808689942018e-19,0.0,0.0004096376747517727,0.9278196304716841,1.0664641616480832,0.4635916646540226,1.6578773943953795e-13,0.00102937500923872,not_checked,0.001,not_checked,not_checked,,,
circle_uniform_direct_n200,345,2026091946,True,ok,0.005002698776076888,0.00460977609094824,0.007145251679706254,1.9987980051275236,1.9677169762617346,0.36579895652951633,0.36621847598540835,0.3738657556440842,0.3676809299030055,0.3676809299030055,200.0,200.0,0.005,1.8943180357666733e-15,1.240422980603444,6,-5.204170427930421e-18,-6.938893903907228e-18,-1.7763568394002505e-15,0.0011407526516158395,0.9580444197193079,1.0324414653077483,0.4768143981419699,7.806255641895632e-17,0.001169832656159997,not_checked,0.001,not_checked,not_checked,,,
circle_uniform_direct_n200,346,2026091947,True,ok,0.0039074940094690445,0.00440226648878763,0.005957724808626896,1.561240452017933,1.7288982755075926,0.4550650140567336,0.4554671295542889,0.42128355792698235,0.4577194661334696,0.4577194661334696,200.0,200.0,0.005,1.8041124150158794e-15,1.2486702096258848,6,1.7867651802561113e-16,-3.469446951953614e-18,-2.220446049250313e-16,0.0008785758848424141,0.8931998487959804,1.098448077963671,0.4446335473064864,5.134781488891349e-16,0.0017809998244047165,not_checked,0.001,not_checked,not_checked,,,
circle_uniform_direct_n200,347,2026091948,True,ok,0.0026549281864896163,0.002440703144674849,0.005112406967711661,1.061203066161302,1.0810117651497595,0.5870299331863993,0.5872561427723817,0.5824535247426439,0.5880251044818239,0.5880251044818239,200.0,200.0,0.005,3.122502256758253e-16,1.1850515474659573,6,9.974659986866641e-18,8.673617379884035e-19,8.881784197001252e-16,0.00038410421727219646,0.9637610127434013,1.0307037469462774,0.4807042615143087,4.336808689942018e-17,0.0012905830517411232,not_checked,0.001,not_checked,not_checked,,,
circle_uniform_direct_n200,348,2026091949,True,ok,0.0006105848998681322,0.009391398816294107,0.0024138954371779584,0.24419229317974483,0.25778548037824434,0.884530192373189,0.8845487031218531,0.8790682491832263,0.8850448299259122,0.8850448299259122,200.0,200.0,0.005,3.7470027081099033e-16,1.2496800028079433,6,3.144186300207963e-18,2.8189256484623115e-18,8.881784197001252e-16,2.0833383754026435e-05,0.906120210193731,1.09258043990763,0.44880641000713734,8.326672684688674e-17,0.0012016238179057837,not_checked,0.001,not_checked,not_checked,,,
circle_uniform_direct_n200,349,2026091950,True,ok,0.016146354438890446,0.0003791711768841435,0.012152474789612334,6.4323227293343574,7.120869352009386,0.03782338124500935,0.038326700744135286,0.028426465725752033,0.03958635116126422,0.03958635116126422,200.0,200.0,0.005,3.5933755970773973e-13,1.300673978868819,5,2.0559942637277118e-14,-6.938893903907228e-18,-1.7763568394002505e-15,0.013109523110910626,0.9016168941430277,1.066156538712394,0.4506375143391363,2.458450110154331e-14,0.001082083210349083,not_checked,0.001,not_checked,not_checked,,,
circle_uniform_direct_n200,350,2026091951,True,ok,0.003302842782381653,0.0173212528067719,0.00547618459020269,1.320028246274867,1.4593934393509287,0.5142285526038646,0.5145151869132025,0.482055165770097,0.5165575588401123,0.5165575588401123,200.0,200.0,0.005,1.2878587085651816e-14,1.3918468149076353,6,2.927345865710862e-16,-8.673617379884035e-19,0.0,0.0005544333388971534,0.8948456658667753,1.0985239555752093,0.43967810184184497,3.4763858458575214e-15,0.00116958306171,not_checked,0.001,not_checked,not_checked,,,
circle_uniform_direct_n200,351,2026091952,True,ok,0.013975581761550962,0.0012167925040526897,0.011273504678185007,5.570386039898017,6.193056747364956,0.05900071900210907,0.059593251203756054,0.045205868175349107,0.061107763889438914,0.061107763889438914,200.0,200.0,0.005,2.1269645766874845e-11,1.2988968749829286,5,2.7897822940659012e-14,-8.673617379884035e-18,-2.6645352591003757e-15,0.00992333236118359,0.8986890208537607,1.0732823744558444,0.4487977614384631,1.6423173584967365e-12,0.0010439581237733364,not_checked,0.001,not_checked,not_checked,,,
circle_uniform_direct_n200,352,2026091953,True,ok,0.00263844164846214,0.004812544704565529,0.005623407720803013,1.0548034746131516,0.8859023869606358,0.584021958158661,0.5841915145436947,0.6421385468706227,0.5899672042215949,0.5899672042215949,200.0,200.0,0.005,2.636779683484747e-16,1.2085773161524058,6,4.7704895589362195e-18,1.734723475976807e-18,1.1102230246251565e-15,0.00028659238585215796,0.7867546960598059,1.2084702668580127,0.39148450771668697,4.5102810375396984e-17,0.0011688750237226486,not_checked,0.001,not_checked,not_checked,,,
circle_uniform_direct_n200,353,2026091954,True,ok,0.0072037617947250075,0.0038856517828590315,0.00846580506910184,2.876634983364713,2.906855562607814,0.23436578828781696,0.2349410982848472,0.23376760893605794,0.23674957100251057,0.23674957100251057,200.0,200.0,0.005,7.44890260584441e-15,1.2553703786848103,6,-1.5265566588595902e-16,-1.0408340855860843e-17,-4.440892098500626e-15,0.0024348672626450796,0.977242724970972,1.0088764456734034,0.48672244357289346,3.365363543395006e-16,0.0011575000826269388,not_checked,0.001,not_checked,not_checked,,,
circle_uniform_direct_n200,354,2026091955,True,ok,0.015468298137493723,0.007972366479765368,0.012640357194937833,6.163379686269564,6.109438775404737,0.043701738019484265,0.04422901499415545,0.047135945840745846,0.04533573853063634,0.04533573853063634,200.0,200.0,0.005,1.5286313881368585e-12,1.4123044587238565,6,2.0679985501814713e-13,5.204170427930421e-18,2.6645352591003757e-15,0.011969784363962788,0.8735332770194632,1.0958570103597165,0.4332844952196418,4.4275694222051243e-13,0.0011969171464443207,not_checked,0.001,not_checked,not_checked,,,
circle_uniform_direct_n200,355,2026091956,True,ok,0.022321461560566025,0.003667073246773055,0.014645584582233712,8.880704881324725,9.396340485937737,0.01049008079850251,0.010749008744092087,0.009111934483756287,0.01151284037540404,0.01151284037540404,200.0,200.0,0.005,1.059097254341168e-12,1.3911943479771842,6,-2.752104100167685e-13,-1.734723475976807e-17,-7.105427357601002e-15,0.02393987145084253,0.9344555608118761,1.0222010814863787,0.465514353884087,2.278177646530821e-13,0.0011775409802794456,not_checked,0.001,not_checked,not_checked,,,
circle_uniform_direct_n200,356,2026091957,True,ok,0.0031505995800286003,0.000492670919766185,0.005797635527508725,1.2592309795376635,1.1922090249061426,0.5300571557831537,0.5303260473986593,0.5509536944601061,0.5325279385545827,0.5325279385545827,200.0,200.0,0.005,7.421840919619171e-13,1.1388155086183458,5,8.239936510889834e-18,8.673617379884035e-19,2.220446049250313e-16,0.000504426236888289,0.8868032322539392,1.1068528718867043,0.4431831694833035,4.415565135751365e-14,0.0010635408107191324,not_checked,0.001,not_checked,not_checked,,,
circle_uniform_direct_n200,357,2026091958,True,ok,0.0011371731719632306,0.0017144534786539185,0.0033580879963804066,0.45473060498759965,0.4606159512619954,0.7960651554017328,0.7961204936200112,0.7942889431922409,0.796574488371017,0.796574488371017,200.0,200.0,0.005,7.192024059632374e-11,1.134471148272498,5,8.673617379884035e-19,4.336808689942018e-19,5.551115123125783e-17,6.933189884628099e-05,0.9382602919139138,1.0593873310621298,0.46832578814419284,6.469946974008156e-12,0.0010407909285277128,not_checked,0.001,not_checked,not_checked,,,
circle_uniform_direct_n200,358,2026091959,True,ok,0.00620959466914287,0.002204613164723134,0.007776266214652247,2.4797737798832546,2.557863697501551,0.2864915066690453,0.2870779332457868,0.2783344450124181,0.28882944123392346,0.28882944123392346,200.0,200.0,0.005,1.85964285637219e-10,1.2338227268263262,5,7.667477763817487e-16,5.204170427930421e-18,1.7763568394002505e-15,0.002032043886946777,0.9655780866977239,1.0217157608253395,0.4817245927867159,1.768230180332342e-11,0.0013215001672506332,not_checked,0.001,not_checked,not_checked,,,
circle_uniform_direct_n200,359,2026091960,True,ok,0.012083818699482593,0.003141407795725193,0.011196167247398726,4.819168339474002,4.682869991162691,0.08669549735402257,0.08732685089198527,0.09618950762737671,0.08920985709996147,0.08920985709996147,200.0,200.0,0.005,8.577166754619725e-14,1.3027268393816132,6,4.430483757644765e-15,0.0,-1.7763568394002505e-15,0.007179570159517645,0.9448785930300412,1.0313164232933643,0.47095500540716523,1.054017984003508e-14,0.0012396262027323246,not_checked,0.001,not_checked,not_checked,,,
circle_uniform_direct_n200,360,2026091961,True,ok,0.010799944193403454,0.003947473291717551,0.010282473289506775,4.308605240193353,4.477155900790011,0.11280406160716902,0.11345044151065828,0.10661000134592433,0.11532640822574615,0.11532640822574615,200.0,200.0,0.005,6.380312944642696e-14,1.3012837562249897,6,3.1346453210900904e-15,5.204170427930421e-18,8.881784197001252e-16,0.005686218584014302,0.8913167629926029,1.0875009897711925,0.4438994144380176,7.632783294297951e-15,0.0012035409454256296,not_checked,0.001,not_checked,not_checked,,,
circle_uniform_direct_n200,361,2026091962,True,ok,0.0017222940187176386,0.0016831280518542395,0.004120546021289952,0.6886227043544707,0.6994232488081615,0.7081541247660896,0.7082587406343888,0.7048913338704414,0.7086037434070965,0.7086037434070965,200.0,200.0,0.005,7.24991178202572e-11,1.1425766240768693,5,-1.734723475976807e-17,1.3010426069826053e-18,9.992007221626409e-16,0.000147451566292367,0.981018130229039,1.0155504825783224,0.48968352818743865,6.010098668740582e-12,0.001266665756702423,not_checked,0.001,not_checked,not_checked,,,
circle_uniform_direct_n200,362,2026091963,True,ok,0.0008951657698974764,0.00016880446792038798,0.0031456234103145616,0.35798704901726697,0.3246440712329708,0.8350624083778266,0.8350957073718586,0.8501673762762377,0.836078179618704,0.836078179618704,200.0,200.0,0.005,1.1494874323225712e-10,1.0712477091857542,4,-3.212905635985308e-12,-7.589415207398531e-19,2.220446049250313e-16,3.962947086177948e-05,0.8859004068181214,1.1123196745776949,0.4428754319143412,7.033526972649584e-12,0.00090637500397861,not_checked,0.001,not_checked,not_checked,,,
circle_uniform_direct_n200,363,2026091964,True,ok,0.00041722540927162204,0.0006544881721012932,0.00207982134377656,0.16687185731387771,0.16221561424218883,0.9195826423695257,0.9195910973258588,0.92209427775649,0.9199416067711623,0.9199416067711623,200.0,200.0,0.005,4.97008545430333e-11,1.0798134007900748,4,1.998343710559597e-12,-2.168404344971009e-19,-8.326672684688674e-17,9.153197385550205e-06,0.9057542876784266,1.0933901486391202,0.45258074907371443,4.180988021074139e-12,0.0009062918834388256,not_checked,0.001,not_checked,not_checked,,,
circle_uniform_direct_n200,364,2026091965,True,ok,0.002012246099814513,0.013882017465574624,0.00460027448039744,0.8046882335666544,0.7659000498683468,0.6679763428293548,0.6680467170282481,0.6818469737819444,0.6686802936741595,0.6686802936741595,200.0,200.0,0.005,2.2343238370581275e-15,1.3117333063848597,6,-4.336808689942018e-18,-8.673617379884035e-19,1.1102230246251565e-16,0.00010510317957540538,0.9459570921552215,1.051030062529313,0.46641342704744376,5.447031714567174e-16,0.0011979590635746717,not_checked,0.001,not_checked,not_checked,,,
circle_uniform_direct_n200,365,2026091966,True,ok,0.002673746580146052,0.0034217747958092837,0.005227764992317741,1.0688633824080978,1.0514558581838696,0.5845863087293182,0.5847726514750636,0.5911249106964847,0.5858161264520022,0.5858161264520022,200.0,200.0,0.005,3.3306690738754696e-16,1.1882844713135436,6,1.734723475976807e-18,-3.0357660829594124e-18,-2.220446049250313e-16,0.000317624825161511,0.9358268445578921,1.0591341282154711,0.466312549712406,8.673617379884035e-18,0.0013200407847762108,not_checked,0.001,not_checked,not_checked,,,
circle_uniform_direct_n200,366,2026091967,True,ok,0.0015819165826255373,0.003121523962138082,0.0039014448256590156,0.6324829823370438,0.661468043907637,0.727791667266503,0.7278952857828944,0.7183962212549102,0.7287800431866664,0.7287800431866664,200.0,200.0,0.005,2.498001805406602e-16,1.1786276238134399,6,-4.7704895589362195e-18,-2.6020852139652106e-18,-5.551115123125783e-16,0.0001418253565855232,0.9199647854903481,1.0766731091482455,0.4585463636865056,3.122502256758253e-17,0.0011484171263873577,not_checked,0.001,not_checked,not_checked,,,
circle_uniform_direct_n200,367,2026091968,True,ok,0.002698774623797336,0.00036986287119851143,0.005344872921647647,1.0787835987020045,1.0218165643963837,0.5815608041448492,0.5817727956379541,0.5999504069903479,0.5828910870440158,0.5828910870440158,200.0,200.0,0.005,3.571101747645855e-13,1.123378228092966,5,8.673617379884035e-19,-2.6020852139652106e-18,-6.661338147750939e-16,0.00036312540846494823,0.9327797708692619,1.0618359758654297,0.46621738357456044,1.4022311957406774e-14,0.0010259998962283134,not_checked,0.001,not_checked,not_checked,,,
circle_uniform_direct_n200,368,2026091969,True,ok,0.004829754856244636,0.0015965193572321495,0.006738346426205215,1.9294729325943254,2.059899272675066,0.3784778780825746,0.3789401168207669,0.35702494119998934,0.3806210678858424,0.3806210678858424,200.0,200.0,0.005,5.468063501989917e-11,1.1989127543789095,5,1.1015494072452725e-16,2.6020852139652106e-18,1.5543122344752192e-15,0.0012145049517645612,0.9361950530136433,1.053973966027653,0.46735017633858933,4.8657011579578135e-12,0.001026791986078024,not_checked,0.001,not_checked,not_checked,,,
circle_uniform_direct_n200,369,2026091970,True,ok,0.007835389915215707,0.011772724034848359,0.0089368348563401,3.128533188469188,3.0843111800999163,0.20620825665444026,0.20679298670660384,0.21391948136839126,0.20865398293729903,0.20865398293729903,200.0,200.0,0.005,9.972578318695469e-14,1.3719851070242737,6,6.201636426617085e-15,-8.673617379884035e-18,-3.552713678800501e-15,0.002811388808547477,0.9640334143087432,1.0212042209272452,0.47634192189282926,2.0712598303163077e-14,0.0011929578613489866,not_checked,0.001,not_checked,not_checked,,,
circle_uniform_direct_n200,370,2026091971,True,ok,0.0019512422953023795,0.0033508511573607158,0.00405344303754427,0.7801689321505426,0.9321091266248214,0.6732594506924017,0.6733710604052912,0.6274730461054376,0.6768886744795126,0.6768886744795126,200.0,200.0,0.005,3.400058012914542e-16,1.1749913775500975,6,-5.637851296924623e-18,-2.6020852139652106e-18,-2.220446049250313e-16,0.00016399298520458627,0.8275495245737836,1.1688316839174542,0.4123880757686669,4.5102810375396984e-17,0.001597873866558075,not_checked,0.001,not_checked,not_checked,,,
circle_uniform_direct_n200,371,2026091972,True,ok,0.006190505169721254,0.003669516517416686,0.0077306209149224925,2.472691807400402,2.5833705052895,0.2875277649922796,0.2880355990109037,0.2748072729500726,0.28993427084659235,0.28993427084659235,200.0,200.0,0.005,2.213507155346406e-15,1.2368114848337153,6,-1.691355389077387e-16,-6.071532165918825e-18,-1.3322676295501878e-15,0.0017551302440499406,0.9299292187599101,1.0582566791476298,0.4632583802171351,4.510281037539698e-16,0.0015457079280167818,not_checked,0.001,not_checked,not_checked,,,
circle_uniform_direct_n200,372,2026091973,True,ok,0.001595138274752425,0.006896906869691185,0.003967577516898674,0.6377784905103149,0.6471366701675614,0.7264563039142374,0.726557031241895,0.7235625115280939,0.7268554478769665,0.7268554478769665,200.0,200.0,0.005,2.498001805406602e-16,1.239109388550733,6,-4.119968255444917e-18,6.505213034913027e-19,2.220446049250313e-16,0.0001384096953275793,0.9853190832438471,1.0113862887701732,0.48926266932859214,3.122502256758253e-17,0.0012268340215086937,not_checked,0.001,not_checked,not_checked,,,
circle_uniform_direct_n200,373,2026091974,True,ok,0.008230739132098631,0.007995056464901645,0.009185404092063311,3.2865899911373218,3.223755521371805,0.19036446811301927,0.19091212500895913,0.19951262515174814,0.19279114497376965,0.19279114497376965,200.0,200.0,0.005,1.6528445279107018e-14,1.3125219900094236,6,2.0122792321330962e-16,-1.3877787807814457e-17,-5.773159728050814e-15,0.0028528308510653577,0.9515520296935028,1.0334635130718208,0.4719725690484954,3.1086244689504383e-15,0.0012077908031642437,not_checked,0.001,not_checked,not_checked,,,
circle_uniform_direct_n200,374,2026091975,True,ok,0.0003348914339265513,0.005721380722617936,0.00180541492978148,0.13394040157918752,0.1380414599362712,0.9350870588080342,0.9350946350238136,0.9333073324464024,0.9352155076514169,0.9352155076514169,200.0,200.0,0.005,2.671474153004283e-16,1.191774850503551,6,-2.3852447794681098e-18,-2.168404344971009e-19,2.7755575615628914e-17,8.08599571650026e-06,0.9414649270103042,1.0577109752372071,0.4680398158473215,1.9081958235744878e-17,0.0011779998894780874,not_checked,0.001,not_checked,not_checked,,,
circle_uniform_direct_n200,375,2026091976,True,ok,0.00047443630468977423,0.0028445045641175932,0.002150795412578927,0.18975099184328342,0.19533360372647318,0.9092678986205631,0.9092786209389949,0.9069510478134738,0.9094754620992385,0.9094754620992385,200.0,200.0,0.005,2.7755575615628914e-16,1.1406156664420157,6,-2.222614453595284e-18,8.673617379884035e-19,5.551115123125783e-16,1.1765016313142196e-05,0.936109044801926,1.0629266983569163,0.466723241800576,2.688821387764051e-17,0.0011846672277897596,not_checked,0.001,not_checked,not_checked,,,
circle_uniform_direct_n200,376,2026091977,True,ok,0.00016097395789336968,0.0022609183143230734,0.001255470775690501,0.06438704272933476,0.0657766456841939,0.9683023299924846,0.9683035605535266,0.9676466175792209,0.9683179435263155,0.9683179435263155,200.0,200.0,0.005,2.8843901930548227e-11,1.1147505182005664,5,-2.1979976432690007e-14,8.673617379884035e-19,3.191891195797325e-16,1.2702140065531942e-06,0.9734021927210136,1.0262847325944047,0.48560079428145325,4.0231186437811317e-13,0.0012175838928669691,not_checked,0.001,not_checked,not_checked,,,
circle_uniform_direct_n200,377,2026091978,True,ok,0.0010672905511775388,0.0019714940204298183,0.003261112538417342,0.4267957662953339,0.43173911670688014,0.8070541866554388,0.8071029826077896,0.805840410168048,0.807785997407032,0.807785997407032,200.0,200.0,0.005,9.028660458154647e-11,1.1382800064390959,5,-2.6020852139652106e-18,-2.168404344971009e-19,1.6653345369377348e-16,6.0227087840813986e-05,0.9152604462974406,1.0825472648077432,0.45672795113397974,1.1310513289841673e-11,0.0015583329368382692,not_checked,0.001,not_checked,not_checked,,,
circle_uniform_direct_n200,378,2026091979,True,ok,0.0005050176459637998,0.00681619838537996,0.0023295102747826193,0.20196890937411457,0.18812146544511818,0.903627945096289,0.903645236044301,0.910227479969056,0.9039298427375783,0.9039298427375783,200.0,200.0,0.005,2.7755575615628914e-16,1.2165130014045018,6,4.336808689942018e-19,-1.0842021724855044e-19,3.3306690738754696e-16,1.907450570266811e-05,0.9243763985064141,1.0743822220719086,0.4590381666598275,2.7755575615628914e-17,0.0011952091008424759,not_checked,0.001,not_checked,not_checked,,,
circle_uniform_direct_n200,379,2026091980,True,ok,0.000720843259942934,0.005900489432705854,0.002667290242963841,0.2882675036735391,0.2957658399123665,0.8649386442773783,0.8649690123185917,0.8625320943259918,0.8657417266823458,0.8657417266823458,200.0,200.0,0.005,2.0816681711721685e-16,1.2084639512175495,6,-3.0357660829594124e-18,-4.336808689942018e-19,-3.3306690738754696e-16,3.4900151817257585e-05,0.8898738690689163,1.1084539548374563,0.44231221977060414,3.642919299551295e-17,0.0012359591200947762,not_checked,0.001,not_checked,not_checked,,,
circle_uniform_direct_n200,380,2026091981,True,ok,0.0013403020936204948,0.009418794281681846,0.003769419735322824,0.535966453541467,0.5066364650812469,0.7642336805397836,0.7642928394612241,0.7762208237900303,0.7648615677467665,0.7648615677467665,200.0,200.0,0.005,4.579669976578771e-16,1.2607614464528292,6,1.0842021724855044e-17,1.0842021724855044e-18,6.661338147750939e-16,7.719195336547413e-05,0.9339614124824832,1.0635732872759058,0.462581415106792,7.632783294297951e-17,0.0011524166911840439,not_checked,0.001,not_checked,not_checked,,,
circle_uniform_direct_n200,381,2026091982,True,ok,0.0003177683241137805,0.017444455549305155,0.0017803480007995349,0.12711454048139076,0.12880679611150464,0.9381029268036678,0.9380995269578003,0.9376266864481441,0.9384237576047284,0.9384237576047284,200.0,200.0,0.005,9.575673587391975e-15,1.3139488930555632,6,1.463672932855431e-18,-2.710505431213761e-18,-1.2490009027033011e-15,-3.60541793928415e-06,0.895398408127931,1.1045107160927048,0.4398845000192502,3.4555691641457997e-15,0.0011749998666346073,not_checked,0.001,not_checked,not_checked,,,
circle_uniform_direct_n200,382,2026091983,True,ok,0.006752717850817234,0.0013961902602413834,0.007905395168319342,2.6966403389039866,2.927725967156265,0.25647158751442545,0.2570457308264473,0.23134088037454675,0.2590993836667702,0.2590993836667702,200.0,200.0,0.005,2.714387395408302e-11,1.2081993006464775,5,-1.6046192152785466e-16,2.6020852139652106e-18,1.7763568394002505e-15,0.002223400711453438,0.9208545606795728,1.065851822866862,0.45978442628912874,2.8464340259826137e-12,0.001092457678169012,not_checked,0.001,not_checked,not_checked,,,
circle_uniform_direct_n200,383,2026091984,True,ok,0.015531697729054567,0.006950371061378687,0.012655677946115154,6.189517007365078,6.096525398571062,0.0429014102038831,0.043405828666612675,0.04744127259540713,0.044764514261430056,0.044764514261430056,200.0,200.0,0.005,7.97098498317439e-13,1.3859125921902142,6,6.377190442385938e-14,1.0408340855860843e-17,4.440892098500626e-15,0.01158104212837463,0.9117681666332443,1.0580967411758515,0.4527146064833272,1.4845069618019124e-13,0.0013107499107718468,not_checked,0.001,not_checked,not_checked,,,
circle_uniform_direct_n200,384,2026091985,True,ok,0.0037227745076999913,0.01748506735378884,0.006090252587458874,1.4877433038365722,1.4981407607951036,0.47361778533309884,0.4739426900722955,0.47280587811908703,0.4749456504781361,0.4749456504781361,200.0,200.0,0.005,1.1823875212257917e-14,1.3977259930418195,6,5.039371697712625e-16,7.37257477290143e-18,2.6645352591003757e-15,0.0006832496217121786,0.9771142004919677,1.0156264963623047,0.4800167114734806,3.677613769070831e-15,0.001203250838443637,not_checked,0.001,not_checked,not_checked,,,
circle_uniform_direct_n200,385,2026091986,True,ok,0.0055733131918731475,0.004265926738435509,0.007050624653185432,2.226173710772471,2.510740762146865,0.32501612858187023,0.32553117632329676,0.28497028107702205,0.3280259235936495,0.3280259235936495,200.0,200.0,0.005,5.72111802377151e-15,1.2556294816544682,6,3.8510861166685117e-16,3.469446951953614e-18,8.881784197001252e-16,0.0015757829883940033,0.8854573953592035,1.1033678755333636,0.440840385836345,8.847089727481716e-16,0.0011964170262217522,not_checked,0.001,not_checked,not_checked,,,
circle_uniform_direct_n200,386,2026091987,True,ok,0.0052750992380939735,0.004045799821589306,0.007349815102669317,2.1075452426246657,2.0674557789380694,0.34623153926518957,0.3466657812286272,0.35567855569216617,0.3481855165842142,0.3481855165842142,200.0,200.0,0.005,1.8735013540549517e-15,1.2311644797338648,6,-4.423544863740858e-17,-2.6020852139652106e-18,-2.220446049250313e-15,0.0012472263064617906,0.9576124004060268,1.0324364991807178,0.4768692419087982,2.983724378680108e-16,0.001190083334222436,not_checked,0.001,not_checked,not_checked,,,
circle_uniform_direct_n200,387,2026091988,True,ok,0.00019303915178722243,0.004130017284386072,0.0013727188333278082,0.07720972975901161,0.08001628132768476,0.9619003270035513,0.9619031966498526,0.9607816177203116,0.9621279525450697,0.9621279525450697,200.0,200.0,0.005,6.273128891343127e-11,1.1589438934859566,5,2.226194218118288e-12,-2.439454888092385e-19,-8.326672684688674e-17,2.9654779386822927e-06,0.8907763090726493,1.1087233483433838,0.4435485005732951,7.226759121681248e-12,0.0010531661100685596,not_checked,0.001,not_checked,not_checked,,,
circle_uniform_direct_n200,388,2026091989,True,ok,0.0027392321721388894,0.006338928971146381,0.005148020889545616,1.0947528936578883,1.1340850958408086,0.577096756772765,0.5773689494342389,0.5672004287147738,0.5781936484917618,0.5781936484917618,200.0,200.0,0.005,1.4432899320127035e-15,1.2635564663354104,6,4.2500725161431774e-17,-1.734723475976807e-18,-2.220446049250313e-16,0.0004699875988337654,0.9643542934013595,1.029509522939735,0.47912001429870466,2.255140518769849e-16,0.0011682501062750816,not_checked,0.001,not_checked,not_checked,,,
circle_uniform_direct_n200,389,2026091990,True,ok,0.003789790640279945,0.00420840828431782,0.006321345392967116,1.5144746979200279,1.4403261363729354,0.46693510337420385,0.46727318504768034,0.4866728886236531,0.4686223175372899,0.4686223175372899,200.0,200.0,0.005,1.0547118733938987e-15,1.2288908062977222,6,4.163336342344337e-17,-4.336808689942018e-19,-2.220446049250313e-16,0.0007207790959750104,0.9408215526505421,1.0516145627280111,0.4684307524361387,1.249000902703301e-16,0.0011373332235962152,not_checked,0.001,not_checked,not_checked,,,
circle_uniform_direct_n200,390,2026091991,True,ok,0.002875872780733993,0.0024284103274482896,0.005294331031745086,1.1495716133843117,1.1837456179219024,0.5614287438529804,0.5616477612087925,0.5532901071492453,0.5626066537855392,0.5626066537855392,200.0,200.0,0.005,3.95516952522712e-16,1.1750622540554607,6,3.469446951953614e-18,2.6020852139652106e-18,8.881784197001252e-16,0.0003887494546427339,0.9484235870933722,1.046014428605731,0.4730601106480885,3.8163916471489756e-17,0.0012246670667082071,not_checked,0.001,not_checked,not_checked,,,
circle_uniform_direct_n200,391,2026091992,True,ok,0.0013536303469443983,0.011463436920477538,0.0036921667044884617,0.5413366944583347,0.539739432111515,0.7622662408312495,0.762310350018387,0.7634789569073765,0.7628254290231895,0.7628254290231895,200.0,200.0,0.005,5.689893001203927e-16,1.2796350478637935,6,-1.951563910473908e-18,-2.6020852139652106e-18,-1.4432899320127035e-15,5.772215971233674e-05,0.9386086477927936,1.0591335216305335,0.46392193781638064,1.700029006457271e-16,0.0015625411178916693,not_checked,0.001,not_checked,not_checked,,,
circle_uniform_direct_n200,392,2026091993,True,ok,0.005468855326221527,0.0007351053412542768,0.00726207934543846,2.1845014942302274,2.274978303031397,0.33281418727606,0.3333233235384693,0.32062304789390544,0.33495098702660603,0.33495098702660603,200.0,200.0,0.005,3.665772546623813e-12,1.1840482151336662,5,7.37257477290143e-17,1.734723475976807e-18,0.0,0.0015203181291916223,0.9571934524927774,1.031801788872517,0.4782449105026382,2.18850979005758e-13,0.001035958994179964,not_checked,0.001,not_checked,not_checked,,,
circle_uniform_direct_n200,393,2026091994,True,ok,0.01526634513010068,0.009375539481830439,0.012074919540821315,6.085340089179404,6.471511172798002,0.04538093253540949,0.04586844722349613,0.039330476137345395,0.047204359610811715,0.047204359610811715,200.0,200.0,0.005,8.838485499040871e-13,1.401303796531701,6,3.833044992518353e-14,2.949029909160572e-17,1.3322676295501878e-14,0.01059898143043414,0.9084990273506146,1.0627143599184947,0.44999207996136326,8.822803598818041e-14,0.0011862078681588173,not_checked,0.001,not_checked,not_checked,,,
circle_uniform_direct_n200,394,2026091995,True,ok,0.01625436733866436,0.0009255997455030257,0.013183810688016264,6.47489859584333,6.242591715645203,0.037624708082586805,0.03812832220026298,0.04409998406696991,0.03874035459931877,0.03874035459931877,200.0,200.0,0.005,8.929593175999173e-12,1.3172114895248475,5,6.362965709882928e-14,-2.42861286636753e-17,-9.769962616701378e-15,0.013424169811206976,0.8340707087999643,1.1333380163275508,0.41664936098852084,5.50048288167071e-13,0.0010228750761598349,not_checked,0.001,not_checked,not_checked,,,
circle_uniform_direct_n200,395,2026091996,True,ok,0.00027807771311939844,0.017197147946356087,0.0016899940385649056,0.11123587886563593,0.10841084724432665,0.9458532166493643,0.945850947547018,0.9472375015556377,0.9459027252734314,0.9459027252734314,200.0,200.0,0.005,1.1657341758564144e-14,1.3126786801444683,6,-3.5236570605778894e-18,-4.9873299934333204e-18,-1.7763568394002505e-15,-2.3968089382792046e-06,0.9571478330310604,1.0427536758471296,0.4703492052904214,3.316791286067655e-15,0.0011049567256122828,not_checked,0.001,not_checked,not_checked,,,
circle_uniform_direct_n200,396,2026091997,True,ok,0.0013007617470755413,0.004812989942386207,0.0035696266386109265,0.5201026350351827,0.5402629387207306,0.7691818229604421,0.7692601319752645,0.7632791399199269,0.770934125493183,0.770934125493183,200.0,200.0,0.005,2.914335439641036e-16,1.2042446695315603,6,3.0357660829594124e-18,6.505213034913027e-19,-2.220446049250313e-16,0.00010103189751686781,0.8697609746064535,1.127391728160423,0.43278783153207473,4.336808689942018e-17,0.0011971257627010345,not_checked,0.001,not_checked,not_checked,,,
circle_uniform_direct_n200,397,2026091998,True,ok,0.0016797366331967496,0.0009282638777734992,0.004190022398558909,0.6716247521898824,0.6433590628597025,0.7140457885953349,0.7141423849678268,0.7249304705400128,0.7146607484080112,0.7146607484080112,200.0,200.0,0.005,9.121023381020166e-12,1.117886851045315,5,2.3852447794681098e-18,-1.734723475976807e-18,-8.881784197001252e-16,0.00013495054440870735,0.9514867415485134,1.0452323894281508,0.4753017719692393,5.563923887591526e-13,0.001035124994814396,not_checked,0.001,not_checked,not_checked,,,
circle_uniform_direct_n200,398,2026091999,True,ok,0.003480652884769035,0.0037613884205907975,0.005847774865782248,1.390926171808398,1.4194922558272336,0.4972107378340584,0.4975439613861393,0.4917690280439627,0.49851052475538105,0.49851052475538105,200.0,200.0,0.005,7.563394355258879e-16,1.2258496183200887,6,7.45931094670027e-17,-2.168404344971009e-18,0.0,0.0006674910496079489,0.9795907975930049,1.0131200300870506,0.4879530126890463,1.457167719820518e-16,0.0011662489268928766,not_checked,0.001,not_checked,not_checked,,,
circle_uniform_direct_n200,399,2026092000,True,ok,0.006667586101755364,0.006773963127844743,0.00819597864066869,2.66304290138084,2.659092706431622,0.2612719160787904,0.2617970694713505,0.26459726777712195,0.2635486704805351,0.2635486704805351,200.0,200.0,0.005,1.3880389893028422e-14,1.290312782488294,6,3.5822039778921066e-16,4.336808689942018e-18,2.220446049250313e-15,0.0019957696606527353,0.9598111316936729,1.0276408348435917,0.47665381110201993,4.718447854656915e-16,0.0010343343019485474,not_checked,0.001,not_checked,not_checked,,,
circle_uniform_direct_n200,400,2026092001,True,ok,0.0035323627392193323,0.006573016301198626,0.006142815794712116,1.411679076547962,1.3285584779832391,0.4914166478896401,0.4917292142883096,0.5146443296267758,0.4933815111894406,0.4933815111894406,200.0,200.0,0.005,1.4155343563970746e-15,1.2636709647886613,6,4.9873299934333204e-17,-3.469446951953614e-18,-8.881784197001252e-16,0.0006330095698854343,0.9162346162552271,1.0767021283132407,0.4551053938667936,2.42861286636753e-16,0.000995582900941372,not_checked,0.001,not_checked,not_checked,,,
circle_uniform_direct_n200,401,2026092002,True,ok,0.006919305091474898,0.006240177182275736,0.008138319550441295,2.7625053260931813,2.9034361728606406,0.24798132161953843,0.2486333450648814,0.23416762207143169,0.25060907645159797,0.25060907645159797,200.0,200.0,0.005,3.740757703596387e-14,1.3147276084438622,6,4.352421201225809e-15,-8.673617379884035e-19,0.0,0.0026083552483888717,0.9425341900370025,1.043117873806,0.4683262131292774,1.07032438467769e-14,0.0009874578099697828,not_checked,0.001,not_checked,not_checked,,,
circle_uniform_direct_n200,402,2026092003,True,ok,0.008526053236651204,0.00526437362187978,0.00949936856499513,3.403826516483728,3.2368367246596312,0.17915150216468362,0.17974725285073717,0.19821195078100629,0.18173410034005422,0.18173410034005422,200.0,200.0,0.005,2.0920765120280294e-14,1.285367832910134,6,-7.181755190543981e-16,-1.3877787807814457e-17,-6.661338147750939e-15,0.0032973890883769563,0.9321703011482393,1.0516848468909386,0.46363182322849766,2.168404344971009e-15,0.00098408292979002,not_checked,0.001,not_checked,not_checked,,,
circle_uniform_direct_n200,403,2026092004,True,ok,0.0010318794526248294,0.011142262099033379,0.003222159769755312,0.4126662434820707,0.4104904417391833,0.8133482582813651,0.8133830816201029,0.8144475723797772,0.8135272216281768,0.8135272216281768,200.0,200.0,0.005,3.0531133177191805e-16,1.275510694220703,6,-1.734723475976807e-18,-6.505213034913027e-19,3.885780586188048e-16,4.2768783930530185e-05,0.9840179072431113,1.014054706897897,0.48652736182067124,4.5102810375396984e-17,0.0012821247801184654,not_checked,0.001,not_checked,not_checked,,,
circle_uniform_direct_n200,404,2026092005,True,ok,0.002864985127498912,0.001956453327832294,0.005236415378655788,1.1452205241747302,1.200246713489573,0.5625673917594114,0.5627857675225338,0.5487439406525274,0.563833081824086,0.563833081824086,200.0,200.0,0.005,1.1959876144995718e-10,1.1643889379378414,5,1.3877787807814457e-17,6.5052130349130266e-18,1.7763568394002505e-15,0.0003867634124172792,0.9408784506147452,1.0535778528898794,0.469518855917874,1.0969417214845567e-11,0.0009532917756587267,not_checked,0.001,not_checked,not_checked,,,
circle_uniform_direct_n200,405,2026092006,True,ok,0.0008774139052941509,0.003660009436290716,0.0029511050151705934,0.3509053789115685,0.3552051633869893,0.8386760744444162,0.8387013720515837,0.8372751058320016,0.8390518446334297,0.8390518446334297,200.0,200.0,0.005,2.671474153004283e-16,1.1607017011174725,6,-2.6020852139652106e-18,8.673617379884035e-19,2.220446049250313e-16,3.0091603045956372e-05,0.9371549228145423,1.0612712677494636,0.4668626404965644,3.469446951953614e-17,0.0010543330572545528,not_checked,0.001,not_checked,not_checked,,,
circle_uniform_direct_n200,406,2026092007,True,ok,0.014070490508102914,0.005730507297185333,0.011931458950268344,5.609570797601733,5.611344314998278,0.05769727400943788,0.05824440411554585,0.06046611475787577,0.059958771080058294,0.059958771080058294,200.0,200.0,0.005,2.7701625715526035e-13,1.3493035127029187,6,-2.0972806824559598e-15,-5.204170427930421e-18,-1.7763568394002505e-15,0.00931270281971619,0.9701111545695006,1.002816809125601,0.48227638990645205,6.765421556309548e-15,0.0010626669973134995,not_checked,0.001,not_checked,not_checked,,,
circle_uniform_direct_n200,407,2026092008,True,ok,0.004026371588792616,0.002167763301697762,0.0061833375499491154,1.6088947405989953,1.7176332567382244,0.4440938841042298,0.44446322667974575,0.4236631367295476,0.44696529922167716,0.44696529922167716,200.0,200.0,0.005,1.4442098211775445e-10,1.1957189396929016,5,3.642919299551295e-17,-6.938893903907228e-18,-2.4424906541753444e-15,0.0008269474590255621,0.8818864961344719,1.1100091200177367,0.43998745552074014,1.6529912855167694e-11,0.0009542920161038637,not_checked,0.001,not_checked,not_checked,,,
circle_uniform_direct_n200,408,2026092009,True,ok,0.0012968027749203108,0.0023748343429860486,0.003576510683216328,0.5185484303159674,0.5279844955031715,0.7709900744554598,0.7710568145290431,0.7679794932014378,0.7715447885683587,0.7715447885683587,200.0,200.0,0.005,3.2612801348363973e-16,1.1516472387515806,6,7.806255641895632e-18,-1.5178830414797062e-18,-5.551115123125783e-16,8.633982607841872e-05,0.9409099386439844,1.0564698040602472,0.4693377059488638,3.382710778154774e-17,0.0010429578833281994,not_checked,0.001,not_checked,not_checked,,,
circle_uniform_direct_n200,409,2026092010,True,ok,0.008590635323591726,0.005273906674010818,0.009553560269635082,3.4280013389423325,3.2494602164077397,0.17650801102077956,0.17724309484573997,0.1969648272222181,0.17940184148570495,0.17940184148570495,200.0,200.0,0.005,1.1871059690804486e-13,1.3282012626739446,6,1.6688039838896884e-14,-3.469446951953614e-18,-1.3322676295501878e-15,0.004126395247178838,0.9190194546421746,1.0629169545166095,0.45708652169432845,3.385486335716337e-14,0.0010577088687568903,not_checked,0.001,not_checked,not_checked,,,
circle_uniform_direct_n200,410,2026092011,True,ok,0.002020152219764558,0.014876349353497666,0.004228189924008908,0.8073651106631167,0.9170209668427791,0.6650446198206763,0.6652778312353829,0.6322246536123196,0.6676237958521339,0.6676237958521339,200.0,200.0,0.005,3.4139358007223564e-15,1.3716528358038602,6,8.370040771588094e-17,3.0357660829594124e-18,1.4432899320127035e-15,0.00034788862135326504,0.8675651115495863,1.1269329150315273,0.4273261336646267,9.957312752106873e-16,0.0010516659822314978,not_checked,0.001,not_checked,not_checked,,,
circle_uniform_direct_n200,411,2026092012,True,ok,0.0031172585120886674,0.00023246573195050005,0.00554880372286551,1.245932036562821,1.2705449375911746,0.5344730640016271,0.5347337664958778,0.5297911171025463,0.5360908143970362,0.5360908143970362,200.0,200.0,0.005,5.846365058737035e-14,1.1269326674795788,5,3.903127820947816e-18,-4.336808689942018e-19,-8.881784197001252e-16,0.0004856841363229947,0.9264440062704161,1.067329292031801,0.46311432030592337,2.1854805291876556e-15,0.0009164579678326845,not_checked,0.001,not_checked,not_checked,,,
circle_uniform_direct_n200,412,2026092013,True,ok,0.002549433043600946,0.009190597807271331,0.005002145920358204,1.0191298545001528,1.045290068565312,0.5991902013978225,0.5993837175247714,0.5929500986008793,0.6005636736350748,0.6005636736350748,200.0,200.0,0.005,9.71445146547012e-16,1.283437959889993,6,1.691355389077387e-17,-7.37257477290143e-18,-3.1086244689504383e-15,0.00032168147011280013,0.9256088740902971,1.0693046772520254,0.45855164261195097,1.734723475976807e-16,0.001056208973750472,not_checked,0.001,not_checked,not_checked,,,
circle_uniform_direct_n200,413,2026092014,True,ok,6.009710810808331e-05,0.000841275110204102,0.0007482632966961102,0.024038479500135518,0.025896689006810327,0.9880025022898298,0.9880026827317123,0.9871351246583991,0.988052523093342,0.988052523093342,200.0,200.0,0.005,6.43258363242083e-12,1.0685907985234397,4,1.1545601172162356e-15,1.3552527156068805e-19,-5.898059818321144e-17,1.818715489026318e-07,0.9088304259733363,1.091049240577729,0.45403293437520337,3.7542560206438313e-13,0.0008165831677615643,not_checked,0.001,not_checked,not_checked,,,
circle_uniform_direct_n200,414,2026092015,True,ok,0.006696789529412925,0.016831324674759743,0.008198947787881206,2.67361794304071,2.6828500914746765,0.25941446240843935,0.2600810332940826,0.26147279227247333,0.26201385213284856,0.26201385213284856,200.0,200.0,0.005,1.9462209621678994e-13,1.4452030097668866,6,1.6720132223202455e-14,-3.469446951953614e-18,-1.7763568394002505e-15,0.0025489343622300265,0.9491264609875232,1.0367235787037068,0.46657251238527486,6.707134847516727e-14,0.001187206944450736,not_checked,0.001,not_checked,not_checked,,,
circle_uniform_direct_n200,415,2026092016,True,ok,0.0027035478906709265,0.033483553777578515,0.005202572021876379,1.0814303757944597,1.0809372061848301,0.5819253832832223,0.5819221147675073,0.5824752387133465,0.5823348936288778,0.5823348936288778,200.0,200.0,0.005,1.7130186158453853e-12,1.4886375719291085,6,-3.387047586844716e-16,7.806255641895632e-18,3.1086244689504383e-15,-5.6097630445339774e-06,0.9783919769297752,1.019315097478811,0.4727952930300408,6.442069100387471e-13,0.0010424158535897732,not_checked,0.001,not_checked,not_checked,,,
circle_uniform_direct_n200,416,2026092017,True,ok,0.005535232451346697,6.619596852110659e-05,0.007301193215717092,2.21102522979527,2.308397314703394,0.3282999752789274,0.3288066642489531,0.3153101071285342,0.3305337554973446,0.3305337554973446,200.0,200.0,0.005,7.268491364342822e-16,1.1629578878326348,5,0.0,-6.938893903907228e-18,-3.1086244689504383e-15,0.0015338753717042408,0.9444130936816096,1.044527213857875,0.4721752886562435,1.1980434005964824e-17,0.0009270829614251852,not_checked,0.001,not_checked,not_checked,,,
circle_uniform_direct_n200,417,2026092018,True,ok,0.0047898590332484305,0.002309489171624662,0.006829774851734154,1.9137248446853565,1.9781070774034832,0.38159315339511435,0.3820187488131682,0.3719285404591052,0.38367025484103157,0.38367025484103157,200.0,200.0,0.005,1.0395330429791017e-15,1.20205150783526,6,-3.469446951953614e-18,0.0,-6.661338147750939e-16,0.0011093843070077991,0.935217651754078,1.0553936726311435,0.4665288160412569,2.0816681711721685e-17,0.0010354581754654646,not_checked,0.001,not_checked,not_checked,,,
circle_uniform_direct_n200,418,2026092019,True,ok,0.0032042997442302892,0.011290805256367414,0.005780403319586605,1.2807525705265692,1.241659976482859,0.5245823943208825,0.5248374383933736,0.5374981352753878,0.5268391744451241,0.5268391744451241,200.0,200.0,0.005,1.880440247958859e-15,1.3169488642315608,6,7.849623728795052e-17,-2.6020852139652106e-18,-6.661338147750939e-16,0.0004836635827731861,0.8943589088655706,1.0994959142139573,0.4421303693089862,4.544975507059235e-16,0.0010591247119009495,not_checked,0.001,not_checked,not_checked,,,
circle_uniform_direct_n200,419,2026092020,True,ok,0.007657872123057772,0.0028977720911927025,0.008721211683699617,3.057349953887501,3.1194384169030935,0.21339159378192035,0.21401460828156738,0.21019508391833153,0.21619501646701317,0.21619501646701317,200.0,200.0,0.005,1.1657341758564144e-14,1.2526590086257603,6,5.429684479807406e-16,-7.806255641895632e-18,-8.881784197001252e-16,0.0028994476678039227,0.9047044072226912,1.0801536817648922,0.45104147733165995,1.1275702593849246e-15,0.0010348749347031116,not_checked,0.001,not_checked,not_checked,,,
circle_uniform_direct_n200,420,2026092021,True,ok,0.008019002619271598,0.0006514387306572591,0.0090495412994919,3.2012527284696013,3.1525909492636464,0.1985446757545818,0.19918082981806778,0.20673955327875287,0.2011306617112839,0.2011306617112839,200.0,200.0,0.005,2.6436908218130384e-12,1.2092607281199177,5,-2.8449465006019636e-16,5.204170427930421e-18,1.7763568394002505e-15,0.003174159619518946,0.9672373034409925,1.0168733468030986,0.48330361116940174,1.35005721879633e-13,0.0009176658932119608,not_checked,0.001,not_checked,not_checked,,,
circle_uniform_direct_n200,421,2026092022,True,ok,0.005223392696955521,0.0012931275198205983,0.007139059630487907,2.086616127795607,2.1498157374062017,0.3497234757328519,0.35020558891133413,0.3413292009543604,0.35180489261779035,0.35180489261779035,200.0,200.0,0.005,2.1586361170777835e-11,1.1916713266309538,5,5.377642775528102e-17,-5.204170427930421e-18,-2.220446049250313e-15,0.0013704754933008267,0.9524892565812191,1.0370679876167137,0.47562880388020434,2.094709822264562e-12,0.0010078330524265766,not_checked,0.001,not_checked,not_checked,,,
circle_uniform_direct_n200,422,2026092023,True,ok,0.007549074085985385,0.00013758290341561047,0.008836025092964354,3.0139404395197023,2.9311592579216104,0.21837551834124896,0.219002069446545,0.23094409079137182,0.22095089047632077,0.22095089047632077,200.0,200.0,0.005,9.516692989208764e-15,1.19324668525871,5,-3.2959746043559335e-17,0.0,0.0,0.00284459743722576,0.953844551213266,1.0311037424457137,0.47685665943801114,2.704000218178848e-16,0.0009639158379286528,not_checked,0.001,not_checked,not_checked,,,
circle_uniform_direct_n200,423,2026092024,True,ok,0.002505658677143186,0.005469553583659022,0.004805238338825062,1.0017304974268093,1.0896830506595552,0.6043542499041286,0.604515973560628,0.5799336808567643,0.6058446157598307,0.6058446157598307,200.0,200.0,0.005,1.5959455978986625e-16,1.2199024107140317,6,-3.469446951953614e-18,-8.673617379884035e-19,-6.661338147750939e-16,0.0002664867152325501,0.9146191714214029,1.0807832369734875,0.4548084660462152,3.122502256758253e-17,0.0010433739516884089,not_checked,0.001,not_checked,not_checked,,,
circle_uniform_direct_n200,424,2026092025,True,ok,0.007324675606364368,0.0030225304601715457,0.008708199043993402,2.9242377943413453,2.8397961270925824,0.22848229530422987,0.22913125589282762,0.24173865762260338,0.23109298400962713,0.23109298400962713,200.0,200.0,0.005,1.5688839116734243e-14,1.2631591897862287,6,2.1978946440626146e-15,6.938893903907228e-18,2.6645352591003757e-15,0.002816224102200948,0.9515659629235295,1.0334845347888761,0.4743449414205738,4.062722380737682e-15,0.0010642919223755598,not_checked,0.001,not_checked,not_checked,,,
circle_uniform_direct_n200,425,2026092026,True,ok,0.0012203005128967681,0.0017489713281535332,0.003667456843325171,0.4879745788838096,0.4442479715489027,0.782130679022562,0.7821879756261878,0.8008160683787123,0.7834405460502274,0.7834405460502274,200.0,200.0,0.005,6.97397070648087e-11,1.1328906419056415,5,-4.119968255444917e-18,2.168404344971009e-19,0.0,7.2813137448835e-05,0.8859941357346018,1.1115955069745798,0.4422222224521291,7.006738939052681e-12,0.0010326658375561237,not_checked,0.001,not_checked,not_checked,,,
circle_uniform_direct_n200,426,2026092027,True,ok,0.015113115273586573,0.0013604117821506144,0.01164622745416473,6.022789717469673,6.792743813067553,0.046898752245259315,0.04743057966292025,0.033494571216104475,0.048673377835625344,0.048673377835625344,200.0,200.0,0.005,2.6688557613896435e-11,1.2994891579125976,5,-1.4497084088738177e-14,-6.938893903907228e-18,-1.7763568394002505e-15,0.011228195982477818,0.8841085958627666,1.086084443877176,0.44145289349929245,2.5657605380591253e-12,0.0011642500758171082,not_checked,0.001,not_checked,not_checked,,,
circle_uniform_direct_n200,427,2026092028,True,ok,0.0036911917371309612,0.003000543771137271,0.006097343937569862,1.4750164073702923,1.4783173755312797,0.47584480180212974,0.47619400063738326,0.4775154861948201,0.4779551652556292,0.4779551652556292,200.0,200.0,0.005,6.522560269672795e-16,1.212792074778142,6,6.852157730108388e-17,2.6020852139652106e-18,8.881784197001252e-16,0.0007301437410460743,0.9136618857835995,1.0787242911593662,0.45546003052640066,1.6306400674181987e-16,0.0012760830577462912,not_checked,0.001,not_checked,not_checked,,,
circle_uniform_direct_n200,428,2026092029,True,ok,0.006751291214718603,0.0037096133234093597,0.008013450596797896,2.695753950650407,2.849040598625536,0.25661978073738545,0.2572355364258986,0.2406238629598854,0.25917332232139845,0.25917332232139845,200.0,200.0,0.005,1.4627188349436437e-14,1.2664791461828544,6,1.487525380650112e-15,8.673617379884035e-19,-4.440892098500626e-16,0.002381267618516869,0.9425159650644458,1.0437495506526566,0.4695098854838077,3.0427049768633196e-15,0.0011227489449083805,not_checked,0.001,not_checked,not_checked,,,
circle_uniform_direct_n200,429,2026092030,True,ok,0.008349085559426064,0.014388669124766853,0.008843418435651524,3.3346130630358846,3.5804907264083323,0.18594471589058298,0.1864146791186697,0.16691920881019212,0.18828149693813737,0.18828149693813737,200.0,200.0,0.005,4.1341929879479267e-14,1.3778980611546907,6,4.503342143635791e-15,5.204170427930421e-18,8.881784197001252e-16,0.0025105803672704763,0.9241141451401812,1.0617929462304434,0.4554067033307681,3.3861802251067274e-15,0.0010276250541210175,not_checked,0.001,not_checked,not_checked,,,
circle_uniform_direct_n200,430,2026092031,True,ok,0.0031043911987153547,0.007878568038244032,0.0054943414380871115,1.2409074153580684,1.2842233806935779,0.5359210645037356,0.5361495082536185,0.5261801205548666,0.537472200808925,0.537472200808925,200.0,200.0,0.005,1.2073675392798577e-15,1.266404962836312,6,2.42861286636753e-17,-6.071532165918825e-18,-2.220446049250313e-15,0.0004245320640368089,0.9263974742823328,1.0677881842540196,0.45954872473618885,2.0122792321330962e-16,0.001039999770000577,not_checked,0.001,not_checked,not_checked,,,
circle_uniform_direct_n200,431,2026092032,True,ok,0.015128510881239522,0.006365891042505645,0.012599187762313085,6.027357964234796,5.842165528899695,0.04661717212543033,0.04718480682726047,0.053875321425047674,0.04852373708921572,0.04852373708921572,200.0,200.0,0.005,1.5820539323030403e-12,1.402912759531822,6,2.695014350573288e-13,-1.0408340855860843e-17,-3.552713678800501e-15,0.01202319413050601,0.8932131236098237,1.0760832301537167,0.4437627810002124,5.068653829987113e-13,0.0010319999419152737,not_checked,0.001,not_checked,not_checked,,,
circle_uniform_direct_n200,432,2026092033,True,ok,0.0015525526081083228,0.007090780615421666,0.0038972729544549684,0.6207002887501823,0.6359933488299445,0.7325992053205044,0.7327169451050894,0.7276052081235582,0.7330726112585227,0.7330726112585227,200.0,200.0,0.005,3.400058012914542e-16,1.250281333466159,6,9.974659986866641e-18,4.336808689942018e-18,2.220446049250313e-15,0.00016037724657341768,0.9719275478440232,1.0245049695807578,0.4825179496273825,3.122502256758253e-17,0.001028125872835517,not_checked,0.001,not_checked,not_checked,,,
circle_uniform_direct_n200,433,2026092034,True,ok,0.00048297484295925855,0.005818768680959013,0.002284544041896029,0.19315974426463273,0.17884370452812695,0.9076014988962455,0.9076152487264886,0.9144597252891796,0.9079236692729435,0.9079236692729435,200.0,200.0,0.005,2.7755575615628914e-16,1.1977175904204151,6,4.4994390158148434e-18,-2.168404344971009e-19,-4.996003610813204e-16,1.509645953534644e-05,0.9187164867082409,1.080177068701917,0.45668503165109336,3.8163916471489756e-17,0.0010438330937176943,not_checked,0.001,not_checked,not_checked,,,
circle_uniform_direct_n200,434,2026092035,True,ok,0.01341347821974321,0.0029771584392635705,0.011385735785702525,5.346902817558107,5.605650572188429,0.06600015652314639,0.06662008911609496,0.06063849927279322,0.06837858118595126,0.06837858118595126,200.0,200.0,0.005,2.5347779430973105e-13,1.3277837221202542,6,5.056025043082002e-14,6.938893903907228e-18,2.6645352591003757e-15,0.0092442351695885,0.9351213895829702,1.0378657922353,0.46616886492459686,8.058831379997855e-14,0.0010442091152071953,not_checked,0.001,not_checked,not_checked,,,
circle_uniform_direct_n200,435,2026092036,True,ok,0.006723490813151286,0.0041317047548325,0.008140677231011507,2.6851395329623684,2.7391441689041764,0.25827445436047325,0.2588282314294209,0.25421571913992513,0.2606183603496428,0.2606183603496428,200.0,200.0,0.005,6.99787450209044e-15,1.255290176210359,6,-2.7755575615628914e-17,-8.673617379884035e-19,-8.881784197001252e-16,0.0021283961490730086,0.9594958605119247,1.0275331607454032,0.4777660862934903,3.8163916471489756e-17,0.0010539989452809095,not_checked,0.001,not_checked,not_checked,,,
circle_uniform_direct_n200,436,2026092037,True,ok,0.004734118081728616,0.014985174396110693,0.006862027932127387,1.8907428990027146,1.9085257775535323,0.38596347582910506,0.38652737819800786,0.3850958984698159,0.38797141438216254,0.38797141438216254,200.0,200.0,0.005,3.920475055707584e-14,1.4103914847870163,6,3.5752650839881994e-15,1.734723475976807e-18,0.0,0.0014521668443658875,0.972903785037035,1.016444957527928,0.47916690555090385,1.4807599590938025e-14,0.0010190829634666443,not_checked,0.001,not_checked,not_checked,,,
circle_uniform_direct_n200,437,2026092038,True,ok,0.013355213252557204,0.0015094723272948713,0.011503495100967506,5.324304872997622,5.484858335579686,0.06705564242990411,0.06765745871845447,0.0644136850423142,0.06918005707087213,0.06918005707087213,200.0,200.0,0.005,4.470300518644166e-11,1.2905168961560551,5,5.670811042968182e-15,3.469446951953614e-18,1.7763568394002505e-15,0.00889021401262946,0.8888914863595143,1.0845807819454987,0.44377484570779774,3.888436881510637e-12,0.000915665877982974,not_checked,0.001,not_checked,not_checked,,,
circle_uniform_direct_n200,438,2026092039,True,ok,0.0007270700713033415,0.013037308229966179,0.0027865441985506583,0.2907641559077221,0.2750021511997098,0.8637541056020719,0.8637818768206116,0.8715334125754417,0.864664235671155,0.864664235671155,200.0,200.0,0.005,1.27675647831893e-15,1.2993014268988996,6,6.288372600415926e-18,1.0842021724855044e-18,6.661338147750939e-16,3.1936306807256454e-05,0.882056207490115,1.1163336708691067,0.43527754665769375,3.469446951953614e-16,0.0010370421223342419,not_checked,0.001,not_checked,not_checked,,,
circle_uniform_direct_n200,439,2026092040,True,ok,0.001955693306795861,0.009379480033378493,0.004504520474854355,0.7820504818969423,0.7559415644013439,0.6755370312949105,0.6756138483220286,0.6852505218856189,0.6762863747496065,0.6762863747496065,200.0,200.0,0.005,5.828670879282072e-16,1.2579077489524058,6,-3.469446951953614e-18,-8.673617379884035e-19,-8.881784197001252e-16,0.00011342041070105946,0.9419350349513186,1.0549865593646497,0.46655090004860483,8.673617379884035e-17,0.0010257081594318151,not_checked,0.001,not_checked,not_checked,,,
circle_uniform_direct_n200,440,2026092041,True,ok,5.9820678790570986e-05,0.004042433217942979,0.0007828029456651195,0.023928031070489415,0.023370915919331246,0.9881005651906152,0.9881006840487095,0.9883825518378909,0.9881071499402994,0.9881071499402994,200.0,200.0,0.005,7.1558666110693725e-12,1.1440752885394805,5,-3.3973813888012183e-14,6.505213034913027e-19,3.3306690738754696e-16,1.2022286948951133e-07,0.9679121211266779,1.0319953272910352,0.48199963236663707,1.4241906265421989e-13,0.000923708314076066,not_checked,0.001,not_checked,not_checked,,,
circle_uniform_direct_n200,441,2026092042,True,ok,0.0003208122428654675,0.00459718065181439,0.0018484417305755332,0.12831038394467859,0.12115662374684985,0.937546618326149,0.9375534552848007,0.9412200574261947,0.9378526343330906,0.9378526343330906,200.0,200.0,0.005,4.787836793695988e-16,1.172461568633626,6,5.095750210681871e-18,-4.336808689942018e-19,5.551115123125783e-17,7.256600754207421e-06,0.901411811058695,1.0978270165265578,0.44863369363064404,5.0306980803327406e-17,0.0010214580688625574,not_checked,0.001,not_checked,not_checked,,,
circle_uniform_direct_n200,442,2026092043,True,ok,0.0076797600431353676,0.004028395907525132,0.008768011871959386,3.066501477860033,3.120070165770589,0.2123606780877365,0.2129372977613877,0.21012869915039972,0.21525067309796725,0.21525067309796725,200.0,200.0,0.005,5.766220834146907e-15,1.2581625292474474,6,-6.886852199627924e-16,8.673617379884035e-18,3.552713678800501e-15,0.002701269697056974,0.880799860006797,1.104572780660344,0.4386258587480155,1.5265566588595902e-15,0.001025166129693389,not_checked,0.001,not_checked,not_checked,,,
circle_uniform_direct_n200,443,2026092044,True,ok,0.0008853116918501672,0.008541040656861728,0.0029254717976844214,0.3540018792261327,0.3674623119900754,0.8373299170911749,0.8373814597120048,0.8321594948476917,0.8377275603245824,0.8377275603245824,200.0,200.0,0.005,5.759281940243e-16,1.2563443612674197,6,-4.336808689942018e-19,-2.0599841277224584e-18,-9.43689570931383e-16,6.13987569670904e-05,0.9404859548358259,1.0572790487976338,0.46622669343250384,5.898059818321144e-17,0.001005999045446515,not_checked,0.001,not_checked,not_checked,,,
circle_uniform_direct_n200,444,2026092045,True,ok,0.0009258243071400812,0.0035450751161167516,0.0029316808431955155,0.3702616352526131,0.403489654024622,0.8297197647068664,0.829748219854241,0.8173034551003426,0.8309672781068511,0.8309672781068511,200.0,200.0,0.005,3.434752482434078e-16,1.1597133015619414,6,-1.0191500421363742e-17,6.505213034913027e-19,4.440892098500626e-16,3.404380170971e-05,0.873271712690695,1.1250708248298555,0.4350877224092587,3.382710778154774e-17,0.0009867080952972174,not_checked,0.001,not_checked,not_checked,,,
circle_uniform_direct_n200,445,2026092046,True,ok,0.014565670778291302,0.014776880118511235,0.01288584813341041,5.8049249713987185,5.139549681185783,0.05284307377191964,0.05340649622673123,0.07655278006213952,0.0543052617285676,0.0543052617285676,200.0,200.0,0.005,3.671160597740197e-12,1.4883217552874317,6,4.5232220746704854e-13,1.3877787807814457e-17,5.329070518200751e-15,0.01067166995890112,0.8413536161123243,1.1299660354591774,0.4144567424363798,1.231202639839779e-12,0.0009946657810360193,not_checked,0.001,not_checked,not_checked,,,
circle_uniform_direct_n200,446,2026092047,True,ok,0.003175783736648035,0.0021463324802009675,0.005542802243529871,1.26928226011447,1.3152283968849918,0.5286259888702347,0.5288995671783163,0.5180859113526204,0.529852428854755,0.529852428854755,200.0,200.0,0.005,1.6314492812252723e-10,1.1819349151127363,5,2.168404344971009e-18,-2.168404344971009e-18,-1.3322676295501878e-15,0.0005156172723719266,0.9611969020216397,1.0323990762424426,0.4795670193882559,1.5886193402425697e-11,0.0009115827269852161,not_checked,0.001,not_checked,not_checked,,,
circle_uniform_direct_n200,447,2026092048,True,ok,0.004905414787837847,0.010154343491647067,0.006676194662915278,1.9602138991294895,2.166873165169912,0.3724777648518478,0.37284310675270493,0.33843048060892744,0.37490487285916363,0.37490487285916363,200.0,200.0,0.005,4.794775687599895e-15,1.3107261556998573,6,2.411265631607762e-16,8.673617379884035e-18,3.1086244689504383e-15,0.0009760080028247131,0.902977021433683,1.0882347155675405,0.4469043241657293,6.418476861114186e-16,0.0010308749042451382,not_checked,0.001,not_checked,not_checked,,,
circle_uniform_direct_n200,448,2026092049,True,ok,0.0022577191437841183,0.014514242755400492,0.004647808742391113,0.9022830854263455,0.9452741372011515,0.6356165731242391,0.6358731855946542,0.6233562656904764,0.6366445224180304,0.6366445224180304,200.0,200.0,0.005,2.761679773755077e-15,1.3692400501034152,6,1.1579279202145187e-16,4.7704895589362195e-18,1.6653345369377348e-15,0.00040228604365089016,0.954158932789944,1.040143394142273,0.47015228055549935,8.153200337090993e-16,0.0010271670762449503,not_checked,0.001,not_checked,not_checked,,,
circle_uniform_direct_n200,449,2026092050,True,ok,0.01285127125579287,0.00018232370531497425,0.01134984477460365,5.12396227783177,5.173118380911193,0.07406975109596858,0.0746919939255126,0.07527861435256873,0.07651608864637428,0.07651608864637428,200.0,200.0,0.005,3.054501096499962e-14,1.2598726813771275,5,1.7069679003611782e-15,0.0,0.0,0.00827311224268934,0.9407192901647006,1.0336509389093853,0.47027388760353017,2.0643209364124004e-15,0.000912833958864212,not_checked,0.001,not_checked,not_checked,,,
circle_uniform_direct_n200,450,2026092051,True,ok,0.009583158655470839,0.0090313277832876,0.009906919792689522,3.822211409769109,3.7939884670349744,0.14411435766698746,0.14491764081615482,0.15001886389131433,0.147101606382044,0.147101606382044,200.0,200.0,0.005,4.364009154045334e-13,1.4064229857620076,6,7.865583184774039e-14,-1.734723475976807e-18,-8.881784197001252e-16,0.005526026209613066,0.8910654593625194,1.0880376219605759,0.4415089108765328,1.811328864675943e-13,0.0010375410784035921,not_checked,0.001,not_checked,not_checked,,,
circle_uniform_direct_n200,451,2026092052,True,ok,0.0043147945932905255,0.0006520422519965582,0.006578048228067787,1.724018635975128,1.7299923354243583,0.4200323180872633,0.4204331899004354,0.4210531662211503,0.42191183074551175,0.42191183074551175,200.0,200.0,0.005,2.4586617464184e-12,1.1644305176171197,5,2.5153490401663703e-17,1.734723475976807e-18,4.440892098500626e-16,0.000949600670541173,0.9427128761462789,1.0485873634757197,0.47104909977305276,1.3550814116636278e-13,0.0009078329894691706,not_checked,0.001,not_checked,not_checked,,,
circle_uniform_direct_n200,452,2026092053,True,ok,0.0002540256386013022,0.0009474411518962237,0.0015630490824172774,0.10160351375118704,0.10574909326522447,0.9503971242553002,0.9504003322362294,0.9484989974118013,0.9504638715480275,0.9504638715480275,200.0,200.0,0.005,3.0641161483102586e-11,1.0834851167534585,4,4.0247861467224144e-13,3.7947076036992655e-19,2.220446049250313e-16,3.370844666922279e-06,0.9517977181887848,1.0476833922582693,0.4754479906829595,9.802410619319524e-13,0.0007962503004819155,not_checked,0.001,not_checked,not_checked,,,
circle_uniform_direct_n200,453,2026092054,True,ok,0.014893021978517038,0.0005711592942494949,0.012007598718421263,5.935180306697343,6.201343972151278,0.0486789155950237,0.049225626575651285,0.045018940125880716,0.0508637700499852,0.0508637700499852,200.0,200.0,0.005,1.406971761319653e-12,1.2859443956147194,5,-6.0212251851154974e-15,1.734723475976807e-18,8.881784197001252e-16,0.011014242354736137,0.9543967704674275,1.0160576548126459,0.47692582270730677,7.976366962758608e-14,0.0009110411629080772,not_checked,0.001,not_checked,not_checked,,,
circle_uniform_direct_n200,454,2026092055,True,ok,0.000656467392575447,0.006141667897011762,0.0024480583103526515,0.26256009326147767,0.288153954008032,0.8764114574245954,0.8764232819540352,0.8658210971798707,0.876960367594735,0.876960367594735,200.0,200.0,0.005,1.1102230246251565e-16,1.1957832793172773,6,2.168404344971009e-19,4.336808689942018e-19,1.1102230246251565e-16,1.3431884350545431e-05,0.9045027270496435,1.094453520601752,0.44947332192500367,1.214306433183765e-17,0.0010224997531622648,not_checked,0.001,not_checked,not_checked,,,
circle_uniform_direct_n200,455,2026092056,True,ok,0.011606472959822957,0.002928051741160745,0.010757941181263973,4.629368052490099,4.7015913080627225,0.09562301877528612,0.09626293329106256,0.09529331153661606,0.09814644372629053,0.09814644372629053,200.0,200.0,0.005,5.287437154777308e-14,1.2936315591847365,6,2.105954299835844e-15,-8.673617379884035e-18,-2.6645352591003757e-15,0.006610565719542105,0.9273633298734467,1.0497808569408151,0.4623238465327865,5.863365348801608e-15,0.0010191670153290033,not_checked,0.001,not_checked,not_checked,,,
circle_uniform_direct_n200,456,2026092057,True,ok,0.015346894771872817,0.0016277277201400871,0.012134946638310308,6.115339183456628,6.466685926854209,0.044479234899192935,0.04500863542186237,0.039425480306107014,0.04644999346670235,0.04644999346670235,200.0,200.0,0.005,6.509242450603026e-11,1.3116191665832764,5,8.928621730852626e-15,1.5612511283791264e-17,7.105427357601002e-15,0.011709362646249222,0.9174449848321918,1.0521283918378963,0.4579758662790028,5.257279854509189e-12,0.0009118739981204271,not_checked,0.001,not_checked,not_checked,,,
circle_uniform_direct_n200,457,2026092058,True,ok,0.007640889952408256,0.004606127117194018,0.00861268959637144,3.0510231234457326,3.1632119475268397,0.21445712773551306,0.21503365898910726,0.20564457307962777,0.21693055700005678,0.21693055700005678,200.0,200.0,0.005,9.614704865601453e-15,1.2674188537184883,6,-4.779163176316104e-16,9.540979117872439e-18,4.884981308350689e-15,0.0026664287587849778,0.9522750326421148,1.033208095409628,0.4739439465996578,1.1345091532888318e-15,0.0010294991079717875,not_checked,0.001,not_checked,not_checked,,,
circle_uniform_direct_n200,458,2026092059,True,ok,0.011863854098946792,0.0008636566394066257,0.011044169930877385,4.731225408048212,4.642422447562426,0.09061530979592933,0.09127366734531883,0.09815462635808989,0.09322206654700148,0.09322206654700148,200.0,200.0,0.005,6.292699000765012e-12,1.2692096333632994,5,9.573938863915998e-15,0.0,-1.7763568394002505e-15,0.007158115765252049,0.9561406786584973,1.0200285722504332,0.47765746339784076,4.169678925053377e-13,0.0009103738702833652,not_checked,0.001,not_checked,not_checked,,,
circle_uniform_direct_n200,459,2026092060,True,ok,0.010832141306643985,0.015402814996102167,0.010121604339276797,4.323767181135323,4.619947102976163,0.11230533194285086,0.11282004715896338,0.0992638769067587,0.11458615868845098,0.11458615868845098,200.0,200.0,0.005,2.7833291227352674e-13,1.4146957676936611,6,2.104219576359867e-14,-1.734723475976807e-18,0.0,0.004544670761135627,0.9160394479649444,1.0650381558337252,0.4509664838042923,3.855249453010856e-14,0.0010394160635769367,not_checked,0.001,not_checked,not_checked,,,
circle_uniform_direct_n200,460,2026092061,True,ok,0.0025293649095441094,0.0077857965910525136,0.005125209075508619,1.0110067785887435,0.9810861994240062,0.6013005655923271,0.6015238562745597,0.6122937672991278,0.6029789558759346,0.6029789558759346,200.0,200.0,0.005,3.469446951953614e-16,1.273668530278447,6,3.903127820947816e-17,-4.336808689942018e-18,-1.9984014443252818e-15,0.0003695926144501316,0.9114263321632717,1.0831339013218917,0.45216558283714414,9.71445146547012e-17,0.001031000167131424,not_checked,0.001,not_checked,not_checked,,,
circle_uniform_direct_n200,461,2026092062,True,ok,0.0036783445333707226,0.020372646241856696,0.005960377216179011,1.469036519777618,1.5395234448220634,0.4763807912190693,0.47693264153558257,0.46312340709391364,0.47918482182321775,0.47918482182321775,200.0,200.0,0.005,4.2243986086987206e-14,1.4721003199104656,6,3.1754113227755454e-15,6.5052130349130266e-18,2.220446049250313e-15,0.0011506467853354962,0.8975937561381246,1.0925980444631502,0.4396558325319289,1.4759027333610675e-14,0.0010281680151820183,not_checked,0.001,not_checked,not_checked,,,
circle_uniform_direct_n200,462,2026092063,True,ok,0.0025376569444497303,0.0002537533741093389,0.00505039330479381,1.0144175182280233,1.0113558624255365,0.6011720672048164,0.6013665610836063,0.603096578811829,0.6019798000984967,0.6019798000984967,200.0,200.0,0.005,8.91040713435487e-14,1.1166406029663634,5,-4.7704895589362195e-18,-1.734723475976807e-18,-6.661338147750939e-16,0.00032262977593444653,0.9810388787606074,1.013885622148145,0.4903949676420116,3.1201170119787847e-15,0.0009001248981803656,not_checked,0.001,not_checked,not_checked,,,
circle_uniform_direct_n200,463,2026092064,True,ok,0.0003715650305656029,0.011182539068382874,0.0019942420204006523,0.14860265273330708,0.13996292027277427,0.9279355465801542,0.9279464521740168,0.932411106520448,0.9283810594115822,0.9283810594115822,200.0,200.0,0.005,4.85722573273506e-16,1.270218656788913,6,7.589415207398531e-18,3.577867169202165e-18,1.4155343563970746e-15,1.1679746467041507e-05,0.888769065714359,1.110241763339934,0.4394163655859997,1.0061396160665481e-16,0.0010081250220537186,not_checked,0.001,not_checked,not_checked,,,
circle_uniform_direct_n200,464,2026092065,True,ok,0.00013224809913087686,0.0018290238302725668,0.0010818420950006406,0.05289800728238571,0.060413586346111325,0.9735885628357046,0.9735891698357049,0.9702448727857009,0.973897107705175,0.973897107705175,200.0,200.0,0.005,9.776269377370639e-11,1.1007068482300955,4,-3.3556306604926034e-13,3.7947076036992655e-19,1.6653345369377348e-16,6.161849825173094e-07,0.846180642191404,1.1535947262934747,0.42231641989404034,8.379742212627495e-12,0.0007751251105219126,not_checked,0.001,not_checked,not_checked,,,
circle_uniform_direct_n200,465,2026092066,True,ok,0.00019566581267257618,0.005132298098528519,0.001361116709095995,0.07826332065729272,0.08265687485795055,0.9615642204417605,0.9615656671130608,0.9595139378993697,0.9616226485109935,0.9616226485109935,200.0,200.0,0.005,9.250699034915599e-11,1.1700416194065824,5,-7.459281944292157e-13,1.0842021724855044e-19,0.0,1.5022058688779483e-06,0.9467652131618735,1.0528974582415755,0.47095347266542353,2.0870666306294083e-12,0.0008911250624805689,not_checked,0.001,not_checked,not_checked,,,
circle_uniform_direct_n200,466,2026092067,True,ok,0.0008782276111772925,0.0025232324169810966,0.0029406768268437126,0.3512068451150845,0.35746231666465544,0.8386690166529793,0.8387043815460467,0.836330709719217,0.8389153074593934,0.8389153074593934,200.0,200.0,0.005,4.926614671774132e-16,1.1469620762715533,6,7.589415207398531e-19,-4.336808689942018e-19,-3.3306690738754696e-16,4.209967791624081e-05,0.9584818951864911,1.0396857858148219,0.4780318377502485,6.071532165918825e-17,0.0010372078977525234,not_checked,0.001,not_checked,not_checked,,,
circle_uniform_direct_n200,467,2026092068,True,ok,0.004946716910213238,0.004592412851408108,0.007244651538669505,1.9765318340477198,1.888567909526175,0.3687670383287803,0.36916642924282705,0.38895798272301596,0.3718207550695536,0.3718207550695536,200.0,200.0,0.005,1.1518563880486e-15,1.2353994025091897,6,-4.5102810375396984e-17,-2.6020852139652106e-18,-6.661338147750939e-16,0.0010774650187878043,0.8750496724924396,1.1157146653494108,0.4355155980130731,1.8388068845354155e-16,0.00103620789013803,not_checked,0.001,not_checked,not_checked,,,
circle_uniform_direct_n200,468,2026092069,True,ok,0.0015559639016284321,0.002933899928858199,0.004015982424623504,0.6221234927829796,0.601321844937601,0.7320412166135506,0.7321373562334075,0.7403287590402878,0.7325726366642149,0.7325726366642149,200.0,200.0,0.005,5.689893001203927e-16,1.1718297708272645,6,4.336808689942018e-19,6.505213034913027e-19,2.220446049250313e-16,0.00013103393419661158,0.9574425665389581,1.0393219442878698,0.47731662227705124,6.591949208711867e-17,0.001051875064149499,not_checked,0.001,not_checked,not_checked,,,
circle_uniform_direct_n200,469,2026092070,True,ok,0.008333328331389984,0.00729487900828805,0.009266739224198373,3.3251703961734607,3.301899637788662,0.18562148240712995,0.18638273222268736,0.19186758259095282,0.18887579178666947,0.18887579178666947,200.0,200.0,0.005,1.8897383657900946e-13,1.3622110743983675,6,2.5651356039269047e-14,3.469446951953614e-18,8.881784197001252e-16,0.004080468191266506,0.8601315250705662,1.121907818734743,0.4269284521364504,5.808548086960741e-14,0.0010217500384896994,not_checked,0.001,not_checked,not_checked,,,
circle_uniform_direct_n200,470,2026092071,True,ok,0.010056036808828696,0.0003317155401368312,0.010122540984923396,4.012287674052825,3.9705311698745844,0.1311298764040696,0.13180186254570214,0.1373441327398354,0.1338269994858248,0.1338269994858248,200.0,200.0,0.005,2.4448151836331533e-13,1.2309901340359137,5,4.579669976578771e-16,-3.469446951953614e-18,-8.881784197001252e-16,0.005063524739326919,0.9547208746816446,1.0252155986437441,0.4772020882605871,9.046366086784552e-15,0.0009159997571259737,not_checked,0.001,not_checked,not_checked,,,
circle_uniform_direct_n200,471,2026092072,True,ok,0.001610183905661134,0.011549841263276722,0.0039624364453828545,0.6436625799149929,0.6691707543077327,0.722965860404529,0.7231153742009586,0.715634743362008,0.7246715356001385,0.7246715356001385,200.0,200.0,0.005,5.828670879282072e-16,1.3178012925113138,6,2.927345865710862e-17,5.204170427930421e-18,1.6653345369377348e-15,0.0002054911747303434,0.8867755435084749,1.1091005311233921,0.4382649888107548,1.491862189340054e-16,0.0010250839404761791,not_checked,0.001,not_checked,not_checked,,,
circle_uniform_direct_n200,472,2026092073,True,ok,0.015426907425407673,0.00028024733232137426,0.012252362019013715,6.146823874184095,6.4122724597190555,0.04370615052945791,0.04423855156783996,0.04051284357399026,0.0457125919016499,0.0457125919016499,200.0,200.0,0.005,1.3363962714230126e-13,1.2913540388687672,5,1.472953703451907e-14,6.938893903907228e-18,2.6645352591003757e-15,0.011969547989486795,0.9238427238450365,1.0453547301245862,0.4617919086818822,1.7104373473131318e-14,0.0009376683738082647,not_checked,0.001,not_checked,not_checked,,,
circle_uniform_direct_n200,473,2026092074,True,ok,0.011224147392006171,0.0016101197469608163,0.010307134640922668,4.4770167321341425,4.769730216413889,0.10332915085947794,0.10399072134020382,0.0921014024647111,0.10594560484723092,0.10594560484723092,200.0,200.0,0.005,5.689491239246891e-11,1.272187200823527,5,4.4027281820291364e-15,0.0,0.0,0.006321112334163104,0.9384344579361259,1.0391836688706595,0.46846178368604574,5.033502694512526e-12,0.0009409172926098108,not_checked,0.001,not_checked,not_checked,,,
circle_uniform_direct_n200,474,2026092075,True,ok,0.020479690021063132,0.0036481838451243717,0.013708840170264774,8.148098116259172,9.040980406418537,0.015574749015698486,0.015921784277301086,0.01088368714230433,0.016640130447735418,0.016640130447735418,200.0,200.0,0.005,3.952886629132735e-12,1.415290123078776,6,9.839108694453813e-13,-3.469446951953614e-18,0.0,0.02188894608304004,0.8857486281926354,1.07278803227446,0.44125849378709864,1.4616918786458655e-12,0.0011080000549554825,not_checked,0.001,not_checked,not_checked,,,
circle_uniform_direct_n200,475,2026092076,True,ok,0.0022443756450167274,0.008633715925109371,0.004701366893506818,0.8970571579866682,0.9142687485623503,0.6375115780245219,0.6377331707109739,0.6330952626259473,0.6383458045940176,0.6383458045940176,200.0,200.0,0.005,9.228728892196614e-16,1.2904463918400693,6,4.163336342344337e-17,-1.734723475976807e-18,-4.440892098500626e-16,0.00034655001001138164,0.9697876568485878,1.0249947431177606,0.4807060698910293,2.220446049250313e-16,0.0010735418181866407,not_checked,0.001,not_checked,not_checked,,,
circle_uniform_direct_n200,476,2026092077,True,ok,0.0024742737404772775,0.00016478418111716083,0.0050761283376748005,0.989093045326696,0.9516642376444697,0.6087091276414955,0.6088973265829827,0.6213677894479268,0.6096594550622592,0.6096594550622592,200.0,200.0,0.005,1.655446613124667e-14,1.1126079938446656,5,1.1275702593849246e-17,8.673617379884035e-19,4.440892098500626e-16,0.00030822543210751174,0.9556179030622362,1.0394207563432567,0.47773021664776694,5.565751852454337e-16,0.0009443329181522131,not_checked,0.001,not_checked,not_checked,,,
circle_uniform_direct_n200,477,2026092078,True,ok,0.014725924693867675,0.000960693000556003,0.01254536540807753,5.868952163357099,5.548646229450019,0.050553524988103025,0.05110293753532509,0.062391694419015785,0.05259233255534756,0.05259233255534756,200.0,200.0,0.005,9.374983428456218e-12,1.2897639467767366,5,-9.938230793871128e-15,-1.3877787807814457e-17,-5.329070518200751e-15,0.010708857094985813,0.9130596899279885,1.0578178839162824,0.45609127441380215,6.38301911326522e-13,0.0009506260976195335,not_checked,0.001,not_checked,not_checked,,,
circle_uniform_direct_n200,478,2026092079,True,ok,0.013731663070694775,0.0001498957426821908,0.011366044434313665,5.4738343649085195,5.884728575281106,0.06190523484786438,0.06249683667308457,0.052740886588815164,0.06416273977293614,0.06416273977293614,200.0,200.0,0.005,1.2639195245967016e-14,1.2673419564497939,5,-6.713379852030243e-16,-3.469446951953614e-18,-2.6645352591003757e-15,0.009415431684695275,0.9231728054726207,1.0494906867280758,0.46151721276486124,3.885780586188048e-16,0.000955583993345499,not_checked,0.001,not_checked,not_checked,,,
circle_uniform_direct_n200,479,2026092080,True,ok,0.0037739364546628754,0.004350606721384757,0.005987586785304013,1.5082105521991631,1.5926267608000901,0.46853434977230357,0.4688552795776726,0.450988526290767,0.47011060088368073,0.47011060088368073,200.0,200.0,0.005,8.951173136040325e-16,1.2264524790530382,6,1.474514954580286e-17,-8.673617379884035e-19,0.0,0.0006820148329934606,0.9469845434401742,1.045673532624122,0.47143256576737447,1.214306433183765e-17,0.0010370418895035982,not_checked,0.001,not_checked,not_checked,,,
circle_uniform_direct_n200,480,2026092081,True,ok,0.0010231921250804157,0.005991468748849737,0.0030906220648932695,0.4091801797855733,0.43905434287607453,0.8144159125327178,0.8144553927590279,0.8028983414941071,0.8149419257602195,0.8149419257602195,200.0,200.0,0.005,3.3306690738754696e-16,1.2078617216754808,6,-8.456776945386935e-18,4.336808689942018e-19,1.6653345369377348e-16,4.8335123296494586e-05,0.929573288212266,1.0684738392958808,0.4620023989151999,1.734723475976807e-17,0.0010073338635265827,not_checked,0.001,not_checked,not_checked,,,
circle_uniform_direct_n200,481,2026092082,True,ok,0.009784694908750079,0.004935990242538442,0.010023016868521516,3.9049265702549874,3.845576378267617,0.13868197392740467,0.13930865343531934,0.1461987635235022,0.14129025170191706,0.14129025170191706,200.0,200.0,0.005,4.0495384823202585e-14,1.2976908473188058,6,-5.48172618408671e-16,0.0,-1.3322676295501878e-15,0.004475696622522118,0.9253235745025454,1.0558610459730062,0.46037770024101193,6.002143226879753e-16,0.0010097089689224958,not_checked,0.001,not_checked,not_checked,,,
circle_uniform_direct_n200,482,2026092083,True,ok,0.02322468389074251,0.006375630111540548,0.01553557955018689,9.230813056404488,9.119562108651508,0.008820549053653703,0.009087108205435498,0.010464349816755425,0.009610137211131811,0.009610137211131811,200.0,200.0,0.005,1.4558403094167005e-11,1.501246994891028,6,5.433063721138609e-12,-2.0816681711721685e-17,-8.881784197001252e-15,0.029530249946258635,0.8843067419119045,1.067699285496293,0.43933504305895815,8.664437223249166e-12,0.0010265829041600227,not_checked,0.001,not_checked,not_checked,,,
circle_uniform_direct_n200,483,2026092084,True,ok,0.007592267679753137,0.00547935367826728,0.008835059003298472,3.0317522984457956,2.964108674586794,0.21662876748045357,0.21719166878073545,0.2271705238122818,0.21905037868774674,0.21905037868774674,200.0,200.0,0.005,1.0519363158323358e-14,1.2779211280106029,6,-3.3480163086352377e-16,4.336808689942018e-18,1.3322676295501878e-15,0.002577386727729669,0.9588289675690722,1.0269097861354022,0.47678817687377095,1.3600232051658168e-15,0.0010377911385148764,not_checked,0.001,not_checked,not_checked,,,
circle_uniform_direct_n200,484,2026092085,True,ok,0.0035495265926349592,0.007093586235316751,0.005771817272494105,1.4183008197476017,1.5319786774965614,0.4887072747727844,0.48907853469101437,0.4648737857427967,0.49169074926153833,0.49169074926153833,200.0,200.0,0.005,2.8033131371785203e-15,1.286242473929576,6,2.0729945537922845e-16,-1.734723475976807e-18,0.0,0.0007549086531910554,0.8762311707300326,1.1160577507283937,0.4350084861598497,7.4593109467002705e-16,0.0010330418590456247,not_checked,0.001,not_checked,not_checked,,,
circle_uniform_direct_n200,485,2026092086,True,ok,0.000764868827497019,0.003250826742309516,0.0028149058146352693,0.3058853740627111,0.2955345031776567,0.8579587749556521,0.8579854772005083,0.8626318677753384,0.8581522347113983,0.8581522347113983,200.0,200.0,0.005,4.996003610813204e-16,1.1579603200620456,6,3.7947076036992655e-18,-1.0842021724855044e-18,-2.220446049250313e-16,3.1078468048229e-05,0.9607796856738404,1.0376423256607918,0.47882796894936697,5.637851296924623e-17,0.0010417078156024218,not_checked,0.001,not_checked,not_checked,,,
circle_uniform_direct_n200,486,2026092087,True,ok,0.006493297617075157,0.008033726548667103,0.007902453979024044,2.593454703748868,2.708952561315904,0.2706178779278873,0.2711443909937946,0.25808242182047875,0.27289736048379754,0.27289736048379754,200.0,200.0,0.005,2.0486216889548103e-14,1.3097408788135365,6,8.708311849403572e-16,-1.9081958235744878e-17,-8.43769498715119e-15,0.0019321715405973272,0.9554855318723056,1.0321921645882528,0.4739056936135717,2.3869795029440866e-15,0.0010282490402460098,not_checked,0.001,not_checked,not_checked,,,
circle_uniform_direct_n200,487,2026092088,True,ok,0.0075472184310045425,0.0031675301036646654,0.00866476421941805,3.0133618422744255,3.0768333956366893,0.21817463099114104,0.21878116492282618,0.21472080034462723,0.22103290741898096,0.22103290741898096,200.0,200.0,0.005,9.783840404509192e-15,1.252413537327832,6,1.5439038936193583e-16,-1.3877787807814457e-17,-5.773159728050814e-15,0.0027627650636956602,0.8943462044293591,1.0908663929242421,0.4457568337814295,4.510281037539698e-16,0.0010315829422324896,not_checked,0.001,not_checked,not_checked,,,
circle_uniform_direct_n200,488,2026092089,True,ok,0.007708392558520004,0.0009168352984718826,0.008993329865094074,3.0772829812143416,2.957356267684236,0.2112661716965354,0.21191288296833583,0.22793879390710214,0.21402156206904027,0.21402156206904027,200.0,200.0,0.005,7.341703633922947e-12,1.2210898563990313,5,9.324138683375338e-16,-1.734723475976807e-18,-1.3322676295501878e-15,0.003037021096830017,0.921168347363201,1.0632914860668654,0.4601619098072559,5.29476636146331e-13,0.000914708012714982,not_checked,0.001,not_checked,not_checked,,,
circle_uniform_direct_n200,489,2026092090,True,ok,2.3981999826965645e-05,0.0004806250746303332,0.0004879983750512364,0.009592732125063945,0.009663452285718946,0.9952141193707909,0.9952141531182044,0.9951799278686811,0.9952150843923931,0.9952150843923931,200.0,200.0,0.005,6.775344174592135e-13,1.0507172916268446,4,1.2481504816242578e-15,5.421010862427522e-20,5.204170427930421e-18,3.390286115647484e-08,0.9811898467325413,1.0187579402908276,0.4903591266577909,3.998700242452413e-14,0.0007995001506060362,not_checked,0.001,not_checked,not_checked,,,
circle_uniform_direct_n200,490,2026092091,True,ok,0.007665549138710929,0.00028693464233731764,0.0089360692748753,3.0603490100080544,2.960108853351259,0.21318182176034373,0.21381265138990418,0.2276252991583413,0.2158633246673792,0.2158633246673792,200.0,200.0,0.005,1.1506420816154161e-13,1.1990183650144473,5,5.204170427930421e-18,8.673617379884035e-18,3.1086244689504383e-15,0.0029353227381585523,0.9300141681221483,1.0546987998048833,0.46487365585717716,5.075909310925386e-15,0.0009186260867863894,not_checked,0.001,not_checked,not_checked,,,
circle_uniform_direct_n200,491,2026092092,True,ok,0.02192568702678075,0.0034396598592538125,0.015263660950737029,8.719889087352282,8.369193928370219,0.011553775301908653,0.011850807777562158,0.015228342272589243,0.012461175784395628,0.012461175784395628,200.0,200.0,0.005,5.8117122225809226e-12,1.4281092759713108,6,1.5552351073644388e-12,-2.42861286636753e-17,-8.881784197001252e-15,0.025192861680008782,0.8860745944563202,1.069448544444204,0.4415136034046487,2.236696938773264e-12,0.001199875259771943,not_checked,0.001,not_checked,not_checked,,,
circle_uniform_direct_n200,492,2026092093,True,ok,0.0010215756669435458,0.003918530152933794,0.003186387781652992,0.4085402772467487,0.4113777933165042,0.8150439742635014,0.8150806832737756,0.8140863018601967,0.8152054322540404,0.8152054322540404,200.0,200.0,0.005,1.4137996329210978e-16,1.1708168805422918,6,-1.734723475976807e-18,-8.673617379884035e-19,-4.440892098500626e-16,4.4994765334815945e-05,0.9924517698210196,1.0056503000696237,0.4942813639441333,1.0408340855860843e-17,0.0010448340326547623,not_checked,0.001,not_checked,not_checked,,,
circle_uniform_direct_n200,493,2026092094,True,ok,0.0031567218984947763,0.0007631029684913235,0.005582502229862496,1.2616684820859068,1.2810781428789466,0.5307786437956219,0.5310503609029165,0.5270082523582975,0.5318762764778862,0.5318762764778862,200.0,200.0,0.005,4.4687586964187176e-12,1.1479975050116833,5,1.3877787807814457e-17,0.0,4.440892098500626e-16,0.0005101386560019128,0.982296009431146,1.01132552520481,0.4907731985706877,2.5415889011448645e-13,0.000902458094060421,not_checked,0.001,not_checked,not_checked,,,
circle_uniform_direct_n200,494,2026092095,True,ok,0.0073285375363325595,0.0041127325477194315,0.008510693854560285,2.92602380942885,2.9805126948606784,0.22835315146338847,0.22897377694743914,0.2253148892427597,0.2309145599405463,0.2309145599405463,200.0,200.0,0.005,1.4922633441438737e-14,1.2730691428256034,6,1.3105835861004778e-15,-7.806255641895632e-18,-3.1086244689504383e-15,0.0026956025520870064,0.9486613021560039,1.0367437797283299,0.4723799588754242,2.9282132274488504e-15,0.0010041657369583845,not_checked,0.001,not_checked,not_checked,,,
circle_uniform_direct_n200,495,2026092096,True,ok,0.0022864104754844166,0.005156700046637527,0.004494421732958043,0.9141125363061477,1.0373719116157614,0.6307764077699434,0.6309197279446632,0.5953022877511731,0.6330017481845162,0.6330017481845162,200.0,200.0,0.005,3.191891195797325e-16,1.2127840303875415,6,9.107298248878237e-18,-1.734723475976807e-18,-4.440892098500626e-16,0.00022582694380945956,0.8783852909519523,1.1173770510690817,0.43692778754234496,3.469446951953614e-18,0.000997206661850214,not_checked,0.001,not_checked,not_checked,,,
circle_uniform_direct_n200,496,2026092097,True,ok,0.002791325783201945,0.006897286996637553,0.005001488310959649,1.1155359871715946,1.2480580463798243,0.5699302822396821,0.5702152795172806,0.53578140735626,0.5722008821761473,0.5722008821761473,200.0,200.0,0.005,1.124100812432971e-15,1.2740398093142762,6,7.41594285980085e-17,-4.7704895589362195e-18,-1.3322676295501878e-15,0.0004971630545916872,0.892751217115507,1.1009363548921547,0.4432960060036685,3.0878077872387166e-16,0.000991832697764039,not_checked,0.001,not_checked,not_checked,,,
circle_uniform_direct_n200,497,2026092098,True,ok,0.00980923401190436,0.0032976564322896515,0.010085237536193115,3.9137106329533338,3.811087838569502,0.13785431923365377,0.1385497693121297,0.14874171712727438,0.14059852331754755,0.14059852331754755,200.0,200.0,0.005,7.61196661258623e-14,1.2958693986485033,6,1.0609568779074152e-14,-3.469446951953614e-18,-3.1086244689504383e-15,0.004991485904205062,0.9289315991770848,1.0512052163430134,0.4629339411817406,1.861358289723114e-14,0.001002958044409752,not_checked,0.001,not_checked,not_checked,,,
circle_uniform_direct_n200,498,2026092099,True,ok,0.0016495240310284076,0.0015563484807969135,0.004111922177326966,0.6595198479124635,0.6443256239240153,0.7185198748175663,0.7186241845401458,0.7245802104002045,0.7189921737674332,0.7189921737674332,200.0,200.0,0.005,5.445256745506555e-11,1.1424895107941055,5,8.673617379884035e-19,8.673617379884035e-19,4.440892098500626e-16,0.00014488224944975148,0.9720245149502408,1.024577196967491,0.4852558543972754,4.39422370018816e-12,0.0009496661368757486,not_checked,0.001,not_checked,not_checked,,,
circle_uniform_direct_n200,499,2026092100,True,ok,0.0039362750435319345,0.0004345856892386885,0.006211791400009121,1.5729503328825265,1.6101121917143195,0.4535960553735805,0.4539513557600854,0.4470628474823134,0.4550923067147371,0.4550923067147371,200.0,200.0,0.005,6.222314330450729e-13,1.1494553461689938,5,6.071532165918825e-18,0.0,-2.220446049250313e-16,0.0007798422651236203,0.9689950495846954,1.0231181395483526,0.48428696889710515,2.6707477375487176e-14,0.0009002489969134331,not_checked,0.001,not_checked,not_checked,,,
circle_uniform_direct_n200,500,2026092101,True,ok,0.002939185344064408,0.0012829949776321284,0.005388711405998155,1.1748288755707788,1.1925592974573551,0.5544999278856112,0.5547350412730954,0.5508572109311566,0.5555275540886073,0.5555275540886073,200.0,200.0,0.005,2.5555169091973085e-11,1.1527092314858747,5,-8.239936510889834e-18,3.903127820947816e-18,1.5543122344752192e-15,0.00042263102749218184,0.9711550675291986,1.0230412797768897,0.4849545735474096,2.02987409866906e-12,0.0009094157721847296,not_checked,0.001,not_checked,not_checked,,,
circle_uniform_direct_n200,501,2026092102,True,ok,0.007087355298202921,0.0015447231896228118,0.008636500696595991,2.8298896587042215,2.739228343411251,0.2391018858500275,0.23970883728101766,0.2542050201236482,0.24232607082754615,0.24232607082754615,200.0,200.0,0.005,4.381808804687637e-11,1.2227016217719626,5,3.365363543395006e-16,-5.204170427930421e-18,-2.220446049250313e-15,0.00252623028847343,0.8664735295672576,1.1193615888978783,0.4325675206473981,4.2644945734415796e-12,0.0008752078283578157,not_checked,0.001,not_checked,not_checked,,,
circle_uniform_direct_n200,502,2026092103,True,ok,0.004965485773335871,0.0033969606166816702,0.007126189973932254,1.9838030842192653,1.9493130647290167,0.36847787349133426,0.36892085211724596,0.37732192918020235,0.37042764085079316,0.37042764085079316,200.0,200.0,0.005,1.5543122344752192e-15,1.2262013483526397,6,2.168404344971009e-17,-2.6020852139652106e-18,4.440892098500626e-16,0.0011956125575416365,0.95437456881095,1.0358894210703953,0.4755660718309242,9.020562075079397e-17,0.0009876249823719263,not_checked,0.001,not_checked,not_checked,,,
circle_uniform_direct_n200,503,2026092104,True,ok,0.004651318306833461,0.0009765494688832783,0.006994425898998983,1.8584058754615707,1.7759089147095977,0.392334081895116,0.39275244259224196,0.4114966263352826,0.3944496955140434,0.3944496955140434,200.0,200.0,0.005,1.0280592349642959e-11,1.1711908003565512,5,-3.642919299551295e-17,-1.734723475976807e-18,6.661338147750939e-16,0.0010607236359069239,0.9297855823282819,1.0610217198343697,0.4644387914749523,6.814830817714057e-13,0.0008739992044866085,not_checked,0.001,not_checked,not_checked,,,
circle_uniform_direct_n200,504,2026092105,True,ok,0.004920170359077981,0.001940661569132598,0.006777997307556726,1.9656680258136114,2.114371384686143,0.37157666745649787,0.3720250492468864,0.34743221687961623,0.3738001166798486,0.3738001166798486,200.0,200.0,0.005,1.1888749013033717e-10,1.199730378139233,5,1.5612511283791264e-17,-1.734723475976807e-18,-2.6645352591003757e-15,0.0012000589087903801,0.9279925028682169,1.0622422557897817,0.4630958629017237,1.0619668772832158e-11,0.0008808330167084932,not_checked,0.001,not_checked,not_checked,,,
circle_uniform_direct_n200,505,2026092106,True,ok,0.010851746016308164,0.004477447340512192,0.010405185024138537,4.329827512109826,4.387460716796765,0.1116056930953496,0.1122193588705192,0.11150003675972535,0.11413775267537138,0.11413775267537138,200.0,200.0,0.005,2.2426505097428162e-14,1.2964959126376523,6,-5.4366233737113134e-15,-3.469446951953614e-18,-2.6645352591003757e-15,0.0054354472067195125,0.9379889322487084,1.0412873842418906,0.46689462556879247,9.194034422677078e-15,0.0009857909753918648,not_checked,0.001,not_checked,not_checked,,,
circle_uniform_direct_n200,506,2026092107,True,ok,0.029277123476921827,0.0009866372532941043,0.0169937834977893,11.625638030913095,12.043184406521924,0.0024068866437582555,0.0025148199485179575,0.0024258041452797944,0.002864318879757033,0.002864318879757033,200.0,200.0,0.005,1.1298177671204002e-11,1.422593494276819,5,-5.861630625325631e-14,1.0408340855860843e-17,1.7763568394002505e-15,0.04260567992781805,0.9629613784279714,0.9791862604877856,0.4810056509882927,7.100739267407175e-13,0.0008809592109173536,not_checked,0.001,not_checked,not_checked,,,
circle_uniform_direct_n200,507,2026092108,True,ok,0.005884095466396309,0.013789646682414412,0.007674007618936793,2.3499882101191063,2.3614016985929283,0.30607493518284434,0.30663737601130925,0.3070634579618185,0.3082577198043741,0.3082577198043741,200.0,200.0,0.005,6.115941086903831e-14,1.3917501471785028,6,4.374105244675519e-15,-4.336808689942018e-18,-1.7763568394002505e-15,0.0018249882197087786,0.9803540127654705,1.0077183099718918,0.48341784769513085,1.802724636235098e-14,0.0011803749948740005,not_checked,0.001,not_checked,not_checked,,,
circle_uniform_direct_n200,508,2026092109,True,ok,0.004114552254963051,0.0001716326670332166,0.006058716598150452,1.6441274231955558,1.8561716056853494,0.4360180883080763,0.4363894464283465,0.3953096872759928,0.4391516633392837,0.4391516633392837,200.0,200.0,0.005,2.3746629662646512e-14,1.1429514096733886,5,-1.6479873021779667e-17,0.0,0.0,0.0008467393948322632,0.8719969606000758,1.1197834563013196,0.4359236491491435,6.516597157724124e-16,0.0009256249759346247,not_checked,0.001,not_checked,not_checked,,,
circle_uniform_direct_n200,509,2026092110,True,ok,0.00041516998466139404,0.010135962315430132,0.002027152544306961,0.16605310268698,0.1680924722875258,0.920221739634324,0.9202285997842625,0.9193887461221439,0.9203198586363609,0.9203198586363609,200.0,200.0,0.005,6.800116025829084e-16,1.2496852507819745,6,-1.8431436932253575e-18,7.589415207398531e-19,3.3306690738754696e-16,7.445588788804192e-06,0.9564586222992238,1.042762792319514,0.473383076873703,1.1449174941446927e-16,0.001042041927576065,not_checked,0.001,not_checked,not_checked,,,
circle_uniform_direct_n200,510,2026092111,True,ok,0.0005994562707803562,0.0003953570024019025,0.0024219878872198384,0.23974571628834462,0.24518072969194377,0.8869153982380185,0.8869317293043626,0.8846259622427123,0.8870168908729452,0.8870168908729452,200.0,200.0,0.005,9.305609754983735e-11,1.0748098377027304,4,2.84000882706803e-12,8.673617379884035e-19,2.7755575615628914e-16,1.8396011898930142e-05,0.9722236169905883,1.0265638291750374,0.48591962271779937,5.631077635431803e-12,0.0008127081673592329,not_checked,0.001,not_checked,not_checked,,,
circle_uniform_direct_n200,511,2026092112,True,ok,0.0015269238426164544,0.0009365515268992455,0.003956136986049,0.6105333084351967,0.596408931222111,0.7364195224830625,0.736506666632157,0.742149580166092,0.7368398070767668,0.7368398070767668,200.0,200.0,0.005,8.534690315586957e-12,1.1192354867068615,5,2.5153490401663703e-17,-2.3852447794681098e-18,-5.551115123125783e-16,0.00011811430569252934,0.9705923427561002,1.0263371842824978,0.48484165550613967,5.765379493261058e-13,0.0009210009593516588,not_checked,0.001,not_checked,not_checked,,,
circle_uniform_direct_n200,512,2026092113,True,ok,0.0039604910984779446,0.005945417964033403,0.006223123346440214,1.5825504309731666,1.6242901751095429,0.451372447660744,0.4517456125138899,0.44390482947510757,0.45289352752752177,0.45289352752752177,200.0,200.0,0.005,2.1892210266827306e-15,1.2637595105253177,6,1.3010426069826053e-16,-3.469446951953614e-18,-6.661338147750939e-16,0.0008230042090056067,0.9704905674305342,1.0214433916122694,0.482361005556481,4.510281037539698e-16,0.0010485840030014515,not_checked,0.001,not_checked,not_checked,,,
circle_uniform_direct_n200,513,2026092114,True,ok,0.004955199838934052,0.0005966863287004155,0.007269346343013974,1.9795889537767424,1.8670475382510412,0.3687555234620428,0.3692173952570127,0.3931658408905396,0.3711904640996418,0.3711904640996418,200.0,200.0,0.005,1.875204852508361e-12,1.172155260296072,5,3.642919299551295e-17,8.673617379884035e-19,2.220446049250313e-16,0.0012454908984391722,0.9149256164306568,1.0751126847468806,0.45718985103438575,9.502554992879553e-14,0.0009220419451594353,not_checked,0.001,not_checked,not_checked,,,
circle_uniform_direct_n200,514,2026092115,True,ok,0.003230509842590233,0.0019065314795768673,0.005666189967869092,1.2912263731565519,1.3053156676201352,0.5227420497072077,0.5229985306452243,0.5206601080993529,0.5240846989435546,0.5240846989435546,200.0,200.0,0.005,8.294367970229644e-11,1.1678624788891985,5,-8.239936510889834e-18,8.673617379884035e-19,6.661338147750939e-16,0.0004887819397707549,0.9472369964990587,1.0465250987868426,0.47271552488970153,9.892379883996716e-12,0.0009313749615103006,not_checked,0.001,not_checked,not_checked,,,
circle_uniform_direct_n200,515,2026092116,True,ok,0.001612406839902953,0.0038695006717045424,0.003988726598021089,0.6446520845655284,0.6564012210773857,0.7235731028581203,0.723685841088153,0.7202185217862511,0.7243494277737843,0.7243494277737843,200.0,200.0,0.005,2.1510571102112408e-16,1.1960318561405074,6,9.107298248878237e-18,-1.5178830414797062e-18,-2.220446049250313e-16,0.00015532569782639172,0.9375593882213189,1.0589060330243554,0.46696555423373104,2.688821387764051e-17,0.0010318339336663485,not_checked,0.001,not_checked,not_checked,,,
circle_uniform_direct_n200,516,2026092117,True,ok,0.003135129385058232,0.006994673006871167,0.005424681545584968,1.252819439014842,1.3382105115587786,0.5325735037248562,0.5329031364354411,0.5121666309688142,0.5341781523583645,0.5341781523583645,200.0,200.0,0.005,2.3175905639050143e-15,1.2810197838604154,6,1.3097162243624894e-16,-4.336808689942018e-18,-1.5543122344752192e-15,0.0006161575042255008,0.9358089154532316,1.0571738925370138,0.4646309304557987,5.551115123125783e-16,0.0010411259718239307,not_checked,0.001,not_checked,not_checked,,,
circle_uniform_direct_n200,517,2026092118,True,ok,0.010296513935946782,0.0022869980211943676,0.01018750448955051,4.108334597074601,4.167509526097523,0.12497053541331597,0.12561577207034752,0.12446200840137465,0.1275428634206503,0.1275428634206503,200.0,200.0,0.005,1.8718298439024394e-10,1.2646535443381937,5,-1.9810542095655137e-15,1.0408340855860843e-17,3.552713678800501e-15,0.005135488652056264,0.8745892950928581,1.1052320854019766,0.4362944668833967,2.047578773201053e-11,0.0009470002260059118,not_checked,0.001,not_checked,not_checked,,,
circle_uniform_direct_n200,518,2026092119,True,ok,0.008269434076148843,0.0014881397794742,0.009489743332060744,3.300692241276015,3.0585008296009932,0.18835357754660642,0.18902472212817234,0.21669804009590526,0.19130489491429228,0.19130489491429228,200.0,200.0,0.005,3.7589494017442604e-11,1.2437967232210394,5,2.4216739724636227e-15,-1.3877787807814457e-17,-5.329070518200751e-15,0.0035406945917610955,0.8854796290384934,1.0977506134033668,0.4420809964694141,3.673341578830369e-12,0.0009428339544683695,not_checked,0.001,not_checked,not_checked,,,
circle_uniform_direct_n200,519,2026092120,True,ok,0.0027728200546868207,0.0015062192141569652,0.005080857037097253,1.1083127633559602,1.1941472367939023,0.5727472178312912,0.5729817014552527,0.5504200205950269,0.5743226049930934,0.5743226049930934,200.0,200.0,0.005,4.61230983961336e-11,1.1641882717604612,5,1.9081958235744878e-17,-2.6020852139652106e-18,-8.881784197001252e-16,0.0004076292593840902,0.9213975371349947,1.0729011528298722,0.4600048196977107,3.85510980777104e-12,0.00091758300550282,not_checked,0.001,not_checked,not_checked,,,
circle_uniform_direct_n200,520,2026092121,True,ok,0.0033339247347021466,0.000427326326462072,0.005872560342430188,1.3324701907907877,1.2973427260087735,0.5115494571427449,0.5118320195834403,0.5227398470750706,0.5133563955064671,0.5133563955064671,200.0,200.0,0.005,4.2831189983605356e-13,1.1358551812823319,5,7.806255641895632e-18,1.3010426069826053e-18,2.220446049250313e-16,0.0005498515450355068,0.9202920775890553,1.0730845489468563,0.45994940364185305,2.500549680511943e-14,0.0009450418874621391,not_checked,0.001,not_checked,not_checked,,,
circle_uniform_direct_n200,521,2026092122,True,ok,0.004821097095066982,0.01360457196374235,0.00711367363952169,1.9257108240994667,1.8467188758155968,0.37911503316388057,0.37963516999133673,0.39718248740247686,0.3812807040792789,0.3812807040792789,200.0,200.0,0.005,3.1655233989624776e-14,1.3860839358752826,6,2.34708086299662e-15,-8.673617379884035e-19,-8.881784197001252e-16,0.0013640069636630114,0.9395994326519204,1.0502394480640245,0.46340716359649525,9.950373858202965e-15,0.0010611249599605799,not_checked,0.001,not_checked,not_checked,,,
circle_uniform_direct_n200,522,2026092123,True,ok,0.002631039021043393,0.0011262543646807818,0.005273576499701825,1.051699347708634,0.9976105480209555,0.5895500028583136,0.5897619422614611,0.607255730699565,0.5908413126122278,0.5908413126122278,200.0,200.0,0.005,1.788903053467905e-11,1.149354116357279,5,-9.974659986866641e-18,4.336808689942018e-19,4.440892098500626e-16,0.00035813035436160767,0.9342360102266863,1.0604218849956697,0.4665919031339993,1.2054888337553749e-12,0.0009379996918141842,not_checked,0.001,not_checked,not_checked,,,
circle_uniform_direct_n200,523,2026092124,True,ok,0.005558759799088725,0.0034231407542953474,0.007488114401452698,2.2206664465423263,2.209341949973429,0.3270288823130899,0.3274956535869019,0.33131987683690167,0.3289820924906493,0.3289820924906493,200.0,200.0,0.005,1.4918621893400541e-15,1.2258660987536234,6,-9.107298248878237e-17,2.6020852139652106e-18,1.3322676295501878e-15,0.0014187365465818669,0.9842060031721065,1.0051873689207464,0.4904186817168475,2.6020852139652106e-16,0.001041540876030922,not_checked,0.001,not_checked,not_checked,,,
circle_uniform_direct_n200,524,2026092125,True,ok,0.00016569940908466897,0.0012522149200399025,0.0013408791418277413,0.0662775458074559,0.06161285633695441,0.967146865558647,0.9671479464742165,0.9696632544026459,0.967403228002798,0.967403228002798,200.0,200.0,0.005,1.9978400878084557e-11,1.086716715224092,4,-4.277434526370194e-13,0.0,6.938893903907228e-17,1.1089132058439422e-06,0.8742703218783073,1.1254327684597851,0.43658779461653857,1.8420178576894486e-12,0.0008015420753508806,not_checked,0.001,not_checked,not_checked,,,
circle_uniform_direct_n200,525,2026092126,True,ok,0.0013771357957865077,0.0017723379508530201,0.0036109025053456846,0.5506517246267838,0.5823610346057951,0.7586794785071731,0.7587565271918106,0.7473807506827472,0.7592477343246791,0.7592477343246791,200.0,200.0,0.005,7.575327171105428e-11,1.141637057231356,5,-1.1275702593849246e-17,-8.673617379884035e-19,-5.551115123125783e-16,0.00010129684390963734,0.943905262813726,1.0532546968861303,0.47111616146502755,7.388573260158626e-12,0.0009151243139058352,not_checked,0.001,not_checked,not_checked,,,
circle_uniform_direct_n200,526,2026092127,True,ok,0.002989089262083095,0.0034099835330392413,0.005553105810551622,1.1947922337420978,1.1611830221270008,0.5488038088192226,0.5490360814357025,0.5595672784179475,0.5500105316872825,0.5500105316872825,200.0,200.0,0.005,3.0531133177191805e-16,1.1971639049822422,6,8.673617379884035e-19,1.3010426069826053e-18,2.220446049250313e-16,0.00042173554557012327,0.9502706135983036,1.0439490323037626,0.4735151654752793,3.9898639947466563e-17,0.001028998987749219,not_checked,0.001,not_checked,not_checked,,,
circle_uniform_direct_n200,527,2026092128,True,ok,0.014182512462954357,0.0021474072624552915,0.01245159001412972,5.652906732179246,5.239978390734748,0.05671292175088735,0.05728768569609961,0.07280364943987208,0.058630367928744216,0.058630367928744216,200.0,200.0,0.005,1.7112632144655748e-10,1.3115436994982055,5,1.7470400126562424e-14,6.938893903907228e-18,2.6645352591003757e-15,0.010049126501248562,0.8798608464598643,1.0919529815632034,0.4389856296683676,1.5918031649742037e-11,0.0009284168481826782,not_checked,0.001,not_checked,not_checked,,,
circle_uniform_direct_n200,528,2026092129,True,ok,0.00017946074299060154,0.002672794423325688,0.0013910460608362724,0.07178226244289239,0.06660436893685996,0.9646291912753666,0.9646301758733915,0.9672462286348786,0.9647443369015982,0.9647443369015982,200.0,200.0,0.005,3.2489242199340573e-11,1.1219316227124518,5,-1.0446062688896501e-12,-2.168404344971009e-19,1.3877787807814457e-17,1.0173766741145007e-06,0.9196118980924618,1.0800928168481145,0.4585771019307805,1.1045513462204504e-12,0.0009871663060039282,not_checked,0.001,not_checked,not_checked,,,
circle_uniform_direct_n200,529,2026092130,True,ok,0.0049714024738241255,0.007985809233632978,0.006890356184014141,1.985875007664231,2.0894965991093795,0.36780881325279147,0.3683056686855768,0.3517803515069371,0.3699895582215871,0.3699895582215871,200.0,200.0,0.005,1.3308798507694064e-14,1.3113584445375348,6,9.046582927219049e-16,0.0,4.440892098500626e-16,0.0013429909327096201,0.939798430596017,1.0499040652831997,0.46614704448575534,3.00454106039183e-15,0.0010394169948995113,not_checked,0.001,not_checked,not_checked,,,
circle_uniform_direct_n200,530,2026092131,True,ok,0.002081558860235618,0.004842196822562287,0.004546493254910809,0.8322542589525829,0.84174154557039,0.658655262430579,0.6587772187219849,0.6564749303547881,0.6594746326737393,0.6594746326737393,200.0,200.0,0.005,7.008282842946301e-16,1.2039165700755987,6,1.3877787807814457e-17,-4.336808689942018e-18,-9.992007221626409e-16,0.00018464257083211644,0.9465541078301106,1.0495966448553753,0.4709858067385069,7.45931094670027e-17,0.0010279170237481594,not_checked,0.001,not_checked,not_checked,,,
circle_uniform_direct_n200,531,2026092132,True,ok,0.004749133654468107,0.004567345852448071,0.007188966524994588,1.897183206087621,1.7517015942604042,0.3841327137406023,0.38460990734899214,0.4165075054996835,0.3868080395317754,0.3868080395317754,200.0,200.0,0.005,4.6629367034256575e-15,1.259239303286528,6,4.111294638065033e-16,-1.734723475976807e-18,0.0,0.0012351278498109464,0.9011366318577332,1.0889829700886196,0.44851022760357495,1.0408340855860843e-15,0.001099291956052184,not_checked,0.001,not_checked,not_checked,,,
circle_uniform_direct_n200,532,2026092133,True,ok,0.0037210313742934353,0.00045024265071104343,0.006344798799231698,1.487034043190395,1.3813550171834714,0.47280814459857246,0.4731357205275876,0.5012363620600561,0.47511125807000043,0.47511125807000043,200.0,200.0,0.005,5.403559544259195e-13,1.144323892116717,5,-3.469446951953614e-18,1.734723475976807e-18,1.3322676295501878e-15,0.0006892532634895643,0.9022528254587044,1.0903326184789113,0.4509232926983451,3.0826469848976856e-14,0.00090833380818367,not_checked,0.001,not_checked,not_checked,,,
circle_uniform_direct_n200,533,2026092134,True,ok,0.0009548872407864053,0.003558909073761712,0.0031076739610456615,0.3818747207092868,0.3780282668707685,0.8259766753534845,0.8260098235245474,0.8277748073103057,0.826151219173468,0.826151219173468,200.0,200.0,0.005,4.3021142204224816e-16,1.163214577984805,6,-9.974659986866641e-18,6.505213034913027e-19,3.885780586188048e-16,4.0087802637672754e-05,0.9778266201167645,1.0203727397918845,0.487173459650752,4.336808689942018e-17,0.0009858328849077225,not_checked,0.001,not_checked,not_checked,,,
circle_uniform_direct_n200,534,2026092135,True,ok,0.007871774929604072,0.003832775790573991,0.009129959104741977,3.1421233316314137,3.0130040338395214,0.20410348967491349,0.20477980869570406,0.22168407041638596,0.2071411185384282,0.2071411185384282,200.0,200.0,0.005,3.779615509458267e-14,1.2863812127524523,6,4.739264536368637e-15,-5.204170427930421e-18,-8.881784197001252e-16,0.0032933201051075223,0.8825047825128639,1.1013618379505705,0.4395613613071882,9.152401059253634e-15,0.0009815008379518986,not_checked,0.001,not_checked,not_checked,,,
circle_uniform_direct_n200,535,2026092136,True,ok,0.008284894597212412,0.006849990883546833,0.009092194547935705,3.3074199667059014,3.3414884687343323,0.18813211389414303,0.18875273650249574,0.18810701782364295,0.1907142738443468,0.1907142738443468,200.0,200.0,0.005,4.98060793996391e-14,1.316545517511634,6,2.7599450502791e-15,-3.469446951953614e-18,-1.3322676295501878e-15,0.0032689360895317154,0.9505892912293163,1.033375012634986,0.4720395837714289,6.95971058561895e-15,0.0009871248621493578,not_checked,0.001,not_checked,not_checked,,,
circle_uniform_direct_n200,536,2026092137,True,ok,0.0022756530051829356,0.0006995659981431151,0.004870209126489765,0.9097519873323646,0.8812226472625517,0.6326354481955685,0.6327973292052731,0.6436428267185568,0.6343651137964904,0.6343651137964904,200.0,200.0,0.005,3.0952150564811376e-12,1.1246069266422716,5,0.0,-1.734723475976807e-18,-5.551115123125783e-16,0.0002546073704047802,0.899867431341065,1.095625602367013,0.4496189644553543,1.7954583132751e-13,0.0011658319272100925,not_checked,0.001,not_checked,not_checked,,,
circle_uniform_direct_n200,537,2026092138,True,ok,0.002727202561457422,0.0010925209452407204,0.005080209450518609,1.0901600204179336,1.154628170274103,0.5783826214133565,0.5785918737085709,0.5614042273114899,0.5795864121583707,0.5795864121583707,200.0,200.0,0.005,1.1615288592059514e-11,1.1429391214898674,5,-7.806255641895632e-18,-1.734723475976807e-18,-6.661338147750939e-16,0.00036050208251758864,0.9419335283574896,1.0527069870387507,0.4704522111481211,1.0674508152397344e-12,0.0009715000633150339,not_checked,0.001,not_checked,not_checked,,,
circle_uniform_direct_n200,538,2026092139,True,ok,0.003585723844347605,0.0013368770204324316,0.00606287927522542,1.432998846961706,1.4010605078890723,0.4868047380068563,0.4871201597210949,0.4963220572751954,0.48814403212982294,0.48814403212982294,200.0,200.0,0.005,2.862714926221699e-11,1.167807114840018,5,-4.7704895589362195e-18,1.3010426069826053e-18,-2.220446049250313e-16,0.0006453453886680061,0.9695718532443939,1.023258202574699,0.4841377917161938,2.3928146790364035e-12,0.0009428749326616526,not_checked,0.001,not_checked,not_checked,,,
circle_uniform_direct_n200,539,2026092140,True,ok,0.0038149957658889016,0.0019526021528733064,0.0065280894875213115,1.5245306121944409,1.368296904636974,0.46334707198502456,0.46368908291035627,0.504519669259327,0.46626592496905794,0.46626592496905794,200.0,200.0,0.005,1.221019535480039e-10,1.186339950126521,5,4.336808689942018e-19,4.336808689942018e-18,1.3322676295501878e-15,0.0007338470805599018,0.8777356326927077,1.114622771766525,0.4380108125613225,1.088333936860586e-11,0.0009503338951617479,not_checked,0.001,not_checked,not_checked,,,
circle_uniform_direct_n200,540,2026092141,True,ok,0.003342144766393636,0.00107675562697062,0.005524805970472128,1.3357734455206436,1.4679491218926182,0.5104101080987551,0.510688244821283,0.4799974147912296,0.512513127697189,0.512513127697189,200.0,200.0,0.005,1.5262929808912418e-11,1.1526592830865339,5,-9.540979117872439e-18,0.0,-8.881784197001252e-16,0.0005422305184054066,0.9046454507797007,1.0887801586330879,0.45183566856535573,1.0072116751747018e-12,0.0009403340518474579,not_checked,0.001,not_checked,not_checked,,,
circle_uniform_direct_n200,541,2026092142,True,ok,0.002532707209787163,0.0013591094230109768,0.005100209795191359,1.0124683406358068,1.0059334822100119,0.5996560798046298,0.5998416788959764,0.6047339068411682,0.6025760232209736,0.6025760232209736,200.0,200.0,0.005,3.4641407797852963e-11,1.1457927415904459,5,-5.204170427930421e-18,-1.3010426069826053e-18,-8.881784197001252e-16,0.0003072716395291497,0.8605927133249633,1.1344569967594882,0.4297115091902437,2.5559632535476773e-12,0.0009265420958399773,not_checked,0.001,not_checked,not_checked,,,
circle_uniform_direct_n200,542,2026092143,True,ok,0.005007133421664964,0.008751548998636983,0.0073533916208225174,1.9998912739558599,1.8597779200360316,0.36475506980441574,0.3652986105295182,0.39459752404098203,0.3673549675543998,0.3673549675543998,200.0,200.0,0.005,1.7263968032921184e-14,1.3317530189318336,6,1.7191109646930158e-15,8.673617379884035e-19,0.0,0.0014810473550629366,0.9134660602268255,1.075731213355648,0.4527355710317391,5.4817261840867104e-15,0.0011697500012814999,not_checked,0.001,not_checked,not_checked,,,
circle_uniform_direct_n200,543,2026092144,True,ok,0.01578833197907524,0.007740288824973421,0.0124761463605149,6.287340266380001,6.466968268831901,0.04034447690739833,0.04092244533334917,0.039419914964908084,0.04252486157646686,0.04252486157646686,200.0,200.0,0.005,3.346337096310492e-12,1.4495688163424836,6,7.885150865583057e-13,1.3877787807814457e-17,9.769962616701378e-15,0.013996262625047606,0.9620836593066908,1.0048440463830095,0.47731908173114673,1.4746953658217876e-12,0.0010932907462120056,not_checked,0.001,not_checked,not_checked,,,
circle_uniform_direct_n200,544,2026092145,True,ok,3.4038789178041616e-05,0.001116246134747311,0.000603726369821921,0.013615359378129636,0.012719994030093653,0.9931969521311903,0.9931970299567181,0.9936601849575403,0.9932153624522412,0.9932153624522412,200.0,200.0,0.005,1.7277110297975184e-11,1.076660153789437,4,7.002868608347451e-15,-9.486769009248164e-20,-6.245004513516506e-17,7.814654350533912e-08,0.9267354670812822,1.0731846282308468,0.4628505206699048,1.1632435466257807e-12,0.0007965001277625561,not_checked,0.001,not_checked,not_checked,,,
circle_uniform_direct_n200,545,2026092146,True,ok,0.0013115710864066068,0.006378047681023303,0.003648265136635685,0.5245123191836301,0.5173919817226289,0.7690202024402305,0.7690649054355643,0.7720576999663139,0.7692692680296547,0.7692692680296547,200.0,200.0,0.005,3.400058012914542e-16,1.2106792440269178,6,9.107298248878237e-18,-8.673617379884035e-19,-9.992007221626409e-16,5.805768950634116e-05,0.9808762127508794,1.016940664828613,0.48731035953633745,3.642919299551295e-17,0.0010159171652048826,not_checked,0.001,not_checked,not_checked,,,
circle_uniform_direct_n200,546,2026092147,True,ok,0.019379067085425597,0.0010872807119717501,0.013951015834767079,7.714170338687377,7.805648361727203,0.01926467379569418,0.01963541317335217,0.020184825275634373,0.020737462804848047,0.020737462804848047,200.0,200.0,0.005,1.5469590886052487e-11,1.3413167546616689,5,2.8102520310824275e-14,1.734723475976807e-17,6.217248937900877e-15,0.01872824774143078,0.9467263903708689,1.014815758614088,0.47284849662027423,1.0471497800812468e-12,0.0008950419723987579,not_checked,0.001,not_checked,not_checked,,,
circle_uniform_direct_n200,547,2026092148,True,ok,0.0023680226762692845,0.009111426309464755,0.004943186674471053,0.9464253616935059,0.9185171862550094,0.6217823360393331,0.6220268011129539,0.6317518570863928,0.622753480924404,0.622753480924404,200.0,200.0,0.005,8.326672684688674e-16,1.300623383590834,6,6.895525817007808e-17,8.673617379884035e-19,3.3306690738754696e-16,0.00039185440710398645,0.9630369892678246,1.0312846601099301,0.477132804667216,2.2898349882893854e-16,0.000995958223938942,not_checked,0.001,not_checked,not_checked,,,
circle_uniform_direct_n200,548,2026092149,True,ok,0.0072122345436329074,0.0018016524896550673,0.008635712152248051,2.8798199202055796,2.8019161368744303,0.23380393639214941,0.23440173442023582,0.2463608203126827,0.23634872678983432,0.23634872678983432,200.0,200.0,0.005,9.074078294313281e-11,1.2227596706292259,5,-1.717376241217039e-16,3.469446951953614e-18,2.220446049250313e-15,0.002536948623791613,0.9422312433013088,1.0435769449130188,0.47026678613868445,7.889520634019043e-12,0.0008894589263945818,not_checked,0.001,not_checked,not_checked,,,
circle_uniform_direct_n200,549,2026092150,True,ok,0.0011181035769068856,0.0069589066575492416,0.003400072682561909,0.44708386675090384,0.4335590380520678,0.7991889784901933,0.7992520847772315,0.8051074606146178,0.7996183598060009,0.7996183598060009,200.0,200.0,0.005,4.85722573273506e-16,1.234328892714908,6,6.938893903907228e-18,0.0,-1.1102230246251565e-16,7.878200592520423e-05,0.9479992886142815,1.0494995219432055,0.47070160643954123,7.979727989493313e-17,0.0010729171335697174,not_checked,0.001,not_checked,not_checked,,,
circle_uniform_direct_n200,550,2026092151,True,ok,0.0033998692841586894,0.007257147120873192,0.005906989678075462,1.3584867959302784,1.3285259398752123,0.5051116057739593,0.5054822240083716,0.5146527024712808,0.5066302371119944,0.5066302371119944,200.0,200.0,0.005,2.42861286636753e-15,1.2906427791678774,6,2.2985086056692694e-16,5.204170427930421e-18,1.3322676295501878e-15,0.0007304588665987266,0.9546686679428941,1.0376794694919365,0.4738707026744313,7.840950111415168e-16,0.001038209069520235,not_checked,0.001,not_checked,not_checked,,,
circle_uniform_direct_n200,551,2026092152,True,ok,0.012248873538392806,0.001929840841965274,0.010867852095029983,4.884990884663043,5.1436257247796195,0.08395879620184,0.08457642593378797,0.0763969227020533,0.08631302997194855,0.08631302997194855,200.0,200.0,0.005,8.837237192027558e-11,1.2777352466594305,5,-7.17134684968812e-15,1.3877787807814457e-17,6.217248937900877e-15,0.0072792653470394875,0.9049575281203904,1.0710340023896678,0.4516054994474243,1.038491601740299e-11,0.0009377503301948309,not_checked,0.001,not_checked,not_checked,,,
circle_uniform_direct_n200,552,2026092153,True,ok,0.005101286983259012,0.008156517851583736,0.00695355256569154,2.0384640726230514,2.156364319847957,0.3586001721247496,0.35896970664515593,0.34021341744517847,0.36050213618705096,0.36050213618705096,200.0,200.0,0.005,1.908195823574488e-15,1.2821472202544837,6,1.1449174941446927e-16,1.734723475976807e-18,8.881784197001252e-16,0.001025360340276782,0.9437111261898876,1.0472855228475872,0.4680057531987213,2.740863092043355e-16,0.0010452510323375463,not_checked,0.001,not_checked,not_checked,,,
circle_uniform_direct_n200,553,2026092154,True,ok,0.0023525550163692806,0.0019133199482965365,0.004945381582478358,0.9405094947315997,0.907095678463675,0.6237278822100041,0.6238882077515524,0.6353699576733547,0.6246829716651973,0.6246829716651973,200.0,200.0,0.005,1.1092565060932813e-10,1.1540356025584662,5,-8.673617379884035e-19,-4.7704895589362195e-18,-1.1102230246251565e-15,0.00025625590805627985,0.9471104732228303,1.0483705888834995,0.47264921274962035,1.0033945029019886e-11,0.0009197501931339502,not_checked,0.001,not_checked,not_checked,,,
circle_uniform_direct_n200,554,2026092155,True,ok,0.005478452993530275,0.0052162735995709125,0.0074942290904292256,2.188710548463252,2.157420588554745,0.33181954966317284,0.3322650553082652,0.3400337864907545,0.3343086540859777,0.3343086540859777,200.0,200.0,0.005,2.914335439641036e-15,1.2527578476370715,6,-1.3010426069826053e-17,-1.734723475976807e-18,-1.3322676295501878e-15,0.0013353244744289672,0.9097803862345012,1.0799331187364283,0.4525169968897259,1.8388068845354155e-16,0.0010354169644415379,not_checked,0.001,not_checked,not_checked,,,
circle_uniform_direct_n200,555,2026092156,True,ok,0.009089805608605173,0.0033701937455155664,0.009914142974269213,3.6281863904219502,3.3791131526609544,0.15967126471499077,0.16029326118164922,0.18460136246063266,0.1623564387196082,0.1623564387196082,200.0,200.0,0.005,9.381384558082573e-15,1.2642945532244267,6,-1.915134717478395e-15,3.469446951953614e-18,4.440892098500626e-16,0.003867926510059405,0.8989880506989479,1.083526350970115,0.44797932413339464,2.9802549317281546e-15,0.0010292090009897947,not_checked,0.001,not_checked,not_checked,,,
circle_uniform_direct_n200,556,2026092157,True,ok,0.0034668255384812906,0.004038518834755594,0.006032538170142009,1.3853535760744033,1.337621479261459,0.497162838790132,0.4975070931349522,0.5123174945272257,0.4998910483040404,0.4998910483040404,200.0,200.0,0.005,1.1449174941446927e-15,1.2343025362439861,6,1.0234868508263162e-16,-3.0357660829594124e-18,-4.440892098500626e-16,0.0006883196590564689,0.8839015387951774,1.1087047815830344,0.44016613616702505,2.7929047963226594e-16,0.0010353338439017534,not_checked,0.001,not_checked,not_checked,,,
circle_uniform_direct_n200,557,2026092158,True,ok,0.002809874670550461,0.0058810445460817495,0.0051530060200945995,1.123281151554675,1.198609793393394,0.5681519438319109,0.5683428287547687,0.5491932494901672,0.5700820768134998,0.5700820768134998,200.0,200.0,0.005,5.689893001203927e-16,1.2302326472354057,6,-1.0842021724855044e-17,-4.336808689942018e-19,-6.661338147750939e-16,0.00033435833275474725,0.8998866382098878,1.0949718088744458,0.44729661432497103,5.377642775528102e-17,0.0010379999876022339,not_checked,0.001,not_checked,not_checked,,,
circle_uniform_direct_n200,558,2026092159,True,ok,3.3119260860154515e-05,0.015405617452833541,0.0005858941311073004,0.013247003847102161,0.0127822872720432,0.9933926240503617,0.9933929722701167,0.9936292362823574,0.9933980371794919,0.9933980371794919,200.0,200.0,0.005,8.589613829240728e-12,1.3032646217478745,5,1.0541430060665227e-13,1.3552527156068805e-18,4.579669976578771e-16,3.502484798223113e-07,0.9628605212466977,1.0368606539908345,0.47401823501041873,1.4059031716584514e-12,0.0009078339207917452,not_checked,0.001,not_checked,not_checked,,,
circle_uniform_direct_n200,559,2026092160,True,ok,0.002186797917138803,0.005092678863881548,0.004812513796135286,0.8743365413694281,0.8267095429417283,0.6447918198242909,0.6449155541935798,0.6614275855609633,0.6457391925462084,0.6457391925462084,200.0,200.0,0.005,4.9439619065339e-16,1.206482486881316,6,-8.673617379884035e-18,2.6020852139652106e-18,1.1102230246251565e-15,0.00019131274304656776,0.9384618560435292,1.0576254322211411,0.4668417185523916,1.5612511283791264e-17,0.0010386260692030191,not_checked,0.001,not_checked,not_checked,,,
circle_uniform_direct_n200,560,2026092161,True,ok,0.0009501341538183834,0.006782368301089572,0.0032036506805408677,0.38000123037608574,0.3549445363627233,0.8257683829210687,0.8257901768580229,0.8373842212011131,0.8269369462959263,0.8269369462959263,200.0,200.0,0.005,2.671474153004283e-16,1.2091710725876577,6,-2.168404344971009e-18,-3.2526065174565133e-19,-2.7755575615628914e-16,2.6215575633814492e-05,0.8783646578093145,1.1201339320766408,0.4362038693124415,3.469446951953614e-18,0.0010319591965526342,not_checked,0.001,not_checked,not_checked,,,
circle_uniform_direct_n200,561,2026092162,True,ok,0.004053476145327783,0.00014188928510905526,0.006394286949471843,1.6197499062916094,1.6130926743458123,0.44292785890497666,0.4432928585798366,0.446397112132628,0.44454889544996257,0.44454889544996257,200.0,200.0,0.005,1.0946105133413653e-14,1.1405163745815532,5,1.734723475976807e-18,1.734723475976807e-18,4.440892098500626e-16,0.0008202759197518672,0.9574774183179094,1.034432076560089,0.47867078089132337,3.0661237437890065e-16,0.0010026658419519663,not_checked,0.001,not_checked,not_checked,,,
circle_uniform_direct_n200,562,2026092163,True,ok,0.00019268462924258104,0.003267786523267354,0.0013868124428099422,0.07707035931523937,0.07838741864207821,0.9619182315898935,0.9619199236316421,0.9615644271123548,0.962196174173653,0.962196174173653,200.0,200.0,0.005,4.5194716025154236e-11,1.137533889660282,5,-1.675487006080889e-13,-5.421010862427522e-19,-3.7470027081099033e-16,1.7461908965246686e-06,0.8783959023858369,1.1212348508830836,0.43776269541132834,1.0194813743202857e-12,0.001015417743474245,not_checked,0.001,not_checked,not_checked,,,
circle_uniform_direct_n200,563,2026092164,True,ok,0.002612818945197071,0.004064378310996611,0.005012463587406016,1.0444444531438088,1.0958436079683092,0.5912351475787012,0.5914380536361534,0.5781500719351687,0.5929982749328926,0.5929982749328926,200.0,200.0,0.005,3.400058012914542e-16,1.2080593506299724,6,5.204170427930421e-18,0.0,-2.220446049250313e-16,0.0003415624675098261,0.9064134188920919,1.0883844198592907,0.45136480828119646,3.642919299551295e-17,0.0010799579322338104,not_checked,0.001,not_checked,not_checked,,,
circle_uniform_direct_n200,564,2026092165,True,ok,0.0008669235979053739,4.894619430723731e-05,0.0029695482181588467,0.34669449595591845,0.3416046852207587,0.8405604730141435,0.8405920229355563,0.8429881798486967,0.8408140749738663,0.8408140749738663,200.0,200.0,0.005,7.206675881055169e-11,1.0637810666932637,4,-4.5136930217765103e-13,6.505213034913027e-19,5.551115123125783e-16,3.7471603115540875e-05,0.9554777067751884,1.0427914035236432,0.47771546986515934,1.3792523980565852e-12,0.000816041836515069,not_checked,0.001,not_checked,not_checked,,,
circle_uniform_direct_n200,565,2026092166,True,ok,0.003549229312087558,0.0038851026630955365,0.006075729471378029,1.4184423636407688,1.3730091169575798,0.4898697715534732,0.4901772024199622,0.5033323666133801,0.4917199841496448,0.4917199841496448,200.0,200.0,0.005,6.522560269672795e-16,1.2185336982580353,6,2.7755575615628914e-17,1.3010426069826053e-18,0.0,0.0006246805971272806,0.9225594968622596,1.0704055414629743,0.4594875349086651,8.153200337090993e-17,0.00102004106156528,not_checked,0.001,not_checked,not_checked,,,
circle_uniform_direct_n200,566,2026092167,True,ok,0.0029970307785552285,0.004701833315305593,0.005529610546322599,1.1977719951954506,1.176694985790574,0.5480202059172101,0.5483062858675507,0.5552440718008088,0.5491376415384875,0.5491376415384875,200.0,200.0,0.005,5.967448757360216e-16,1.2374048421541965,6,4.90059381963448e-17,1.734723475976807e-18,8.881784197001252e-16,0.0005201581133204014,0.9749790054125788,1.018580861621838,0.4851977126597031,1.2836953722228372e-16,0.0010199998505413532,not_checked,0.001,not_checked,not_checked,,,
circle_uniform_direct_n200,567,2026092168,True,ok,0.0030676136259654187,0.007877821013250848,0.005240918609238946,1.2258880475582536,1.3742035167381934,0.5389924998244215,0.5393062519222529,0.5030318663175539,0.5414401607055068,0.5414401607055068,200.0,200.0,0.005,1.6237011735142914e-15,1.2900404120881186,6,1.2836953722228372e-16,4.336808689942018e-18,6.661338147750939e-16,0.0005787014139568836,0.8900933670434018,1.103128522144971,0.44154081630033437,4.3021142204224816e-16,0.0010186240542680025,not_checked,0.001,not_checked,not_checked,,,
circle_uniform_direct_n200,568,2026092169,True,ok,0.0003415536485641829,0.009249517685593314,0.001888766094626095,0.13660364317302282,0.1312110422210782,0.9337876855720473,0.9337960269906016,0.9365002210022775,0.9339702161866775,0.9339702161866775,200.0,200.0,0.005,4.3021142204224816e-16,1.2428518926961347,6,-4.87890977618477e-19,-2.168404344971009e-18,-8.326672684688674e-16,8.908126325174459e-06,0.9288296805957423,1.0703046858606087,0.460117599737193,7.979727989493313e-17,0.0010549579747021198,not_checked,0.001,not_checked,not_checked,,,
circle_uniform_direct_n200,569,2026092170,True,ok,0.0017880449306272228,0.0009258632000984819,0.0041007635920513935,0.7148868057877283,0.7625651148933359,0.6983558346375534,0.6984718843269531,0.6829848798892412,0.6993464757264354,0.6993464757264354,200.0,200.0,0.005,6.723240020267696e-12,1.1264969770246902,5,-4.119968255444917e-18,-4.336808689942018e-19,6.661338147750939e-16,0.00016558323158039068,0.9262207800886049,1.0701444909674833,0.4626816013054561,5.506515382558419e-13,0.0009180828928947449,not_checked,0.001,not_checked,not_checked,,,
circle_uniform_direct_n200,570,2026092171,True,ok,8.163159935127757e-05,0.0006859515647146296,0.0008819309693306146,0.0326520714444078,0.034278883149186555,0.9837857705218278,0.9837860504160318,0.9830066030891281,0.9838062321474212,0.9838062321474212,200.0,200.0,0.005,2.6945529141286784e-12,1.0632508069994382,4,-3.937250373821366e-14,0.0,-1.1102230246251565e-16,2.8414805161233736e-07,0.9508314489754631,1.0490158979793984,0.4750896052201787,1.6596901804277753e-13,0.0008134169038385153,not_checked,0.001,not_checked,not_checked,,,
circle_uniform_direct_n200,571,2026092172,True,ok,0.0012097504358865412,0.002591984071295423,0.003561045576706808,0.48377494421838796,0.4619118305388884,0.7846725660658782,0.7847218018096487,0.7937744585970476,0.7850953628995402,0.7850953628995402,200.0,200.0,0.005,3.95516952522712e-16,1.1470456531367665,6,-3.0357660829594124e-18,8.673617379884035e-19,-1.1102230246251565e-16,6.261506811425233e-05,0.9488055254040041,1.0489590432790485,0.47317324790274634,3.9898639947466563e-17,0.0010272928047925234,not_checked,0.001,not_checked,not_checked,,,
circle_uniform_direct_n200,572,2026092173,True,ok,0.008787074644289412,0.0002910791096547979,0.009235769189647261,3.5071379773426687,3.6373969019254186,0.16982305848819437,0.17048303675345788,0.16223677269181822,0.1724901873842195,0.1724901873842195,200.0,200.0,0.005,1.4458573227571492e-13,1.2126620373322778,5,-1.3877787807814457e-16,-3.469446951953614e-18,-2.6645352591003757e-15,0.003845940186548047,0.963922365752075,1.0185845990138334,0.48182089342485673,5.385882712038992e-15,0.0009125000797212124,not_checked,0.001,not_checked,not_checked,,,
circle_uniform_direct_n200,573,2026092174,True,ok,0.001726761127824713,5.383164964235125e-06,0.004121044765798001,0.6904063255293399,0.7033960155153894,0.7074505315309297,0.7075562096833128,0.7034925391899062,0.7079709440804556,0.7079709440804556,200.0,200.0,0.005,1.2693645440320367e-10,1.0869411440021226,4,6.076930842216499e-12,1.3010426069826053e-18,0.0,0.00014906280027265906,0.9672424041645514,1.029306006887573,0.4836185986691433,5.444893667883033e-12,0.0008053332567214966,not_checked,0.001,not_checked,not_checked,,,
circle_uniform_direct_n200,574,2026092175,True,ok,0.004996440701391953,0.0017265545162235447,0.007154151242338245,1.9961761961850508,1.9872528464086312,0.36482799866293325,0.3652681788447368,0.37023163702910683,0.3681414129605402,0.3681414129605402,200.0,200.0,0.005,7.463523549189333e-11,1.1909348078339914,5,-4.163336342344337e-17,0.0,1.9984014443252818e-15,0.0012000421858651134,0.8671912756029185,1.1230373519455785,0.4328469706761911,6.654558414725953e-12,0.0010730423964560032,not_checked,0.001,not_checked,not_checked,,,
circle_uniform_direct_n200,575,2026092176,True,ok,0.005766780553631617,0.0018589164565220146,0.007723037538449388,2.3032109746853893,2.255402376062302,0.31269707437707694,0.3132477886487507,0.32377670333338376,0.3155758825436086,0.3155758825436086,200.0,200.0,0.005,8.594658318372694e-11,1.2204327885797888,5,4.484260185400046e-16,-1.734723475976807e-18,-8.881784197001252e-16,0.0017506233836288576,0.8970124375435077,1.0911905205954766,0.4476724913900389,8.940946073787703e-12,0.0009256249759346247,not_checked,0.001,not_checked,not_checked,,,
circle_uniform_direct_n200,576,2026092177,True,ok,0.0029767672178014288,0.0021534408079475513,0.005565904339996523,1.1898667945100987,1.1458576383021708,0.5502174562500071,0.5504493727287123,0.5638715401314072,0.5513676540780166,0.5513676540780166,200.0,200.0,0.005,1.5369830408396012e-10,1.1712040284079863,5,9.107298248878237e-18,3.903127820947816e-18,1.7763568394002505e-15,0.00042004630523639896,0.9556698834529856,1.0385475631334042,0.4768059466512813,1.6097572060058685e-11,0.0009232917800545692,not_checked,0.001,not_checked,not_checked,,,
circle_uniform_direct_n200,577,2026092178,True,ok,0.008800189613864475,0.0005899202024038351,0.009309977832249862,3.5123510691076802,3.613629362566566,0.16926491284865808,0.16992392761522168,0.16417625850828554,0.17203833952846245,0.17203833952846245,200.0,200.0,0.005,1.8304420479342554e-12,1.2205252769350794,5,3.642919299551295e-17,0.0,4.440892098500626e-16,0.0038623882190549352,0.9079055849522276,1.0745693082467402,0.45368500140861534,9.076355118875501e-14,0.0009291658643633127,not_checked,0.001,not_checked,not_checked,,,
circle_uniform_direct_n200,578,2026092179,True,ok,0.004708306311965969,0.001573296157271213,0.006859728384435016,1.8810268388545492,1.9045054023780823,0.38744060668269964,0.3878878114198302,0.3858707920447908,0.38997943875347324,0.38997943875347324,200.0,200.0,0.005,4.226771363469162e-11,1.1956262307653989,5,9.367506770274758e-17,-3.469446951953614e-18,0.0,0.001147842965919299,0.9058641186497761,1.0845816849214818,0.4522195098246876,4.588791586296326e-12,0.00089283287525177,not_checked,0.001,not_checked,not_checked,,,
circle_uniform_direct_n200,579,2026092180,True,ok,0.008851226240827275,0.0016543558581162375,0.009836093128377731,3.532678853921112,3.261132403265148,0.16745448482058098,0.16811260850102422,0.1958186698822142,0.17029122009444522,0.17029122009444522,200.0,200.0,0.005,5.910549133458787e-11,1.2443466196263053,5,7.060324547225605e-16,0.0,0.0,0.003905821204899018,0.8844457151403051,1.097952101719929,0.4414912307817631,5.609738801953812e-12,0.0008944161236286163,not_checked,0.001,not_checked,not_checked,,,
circle_uniform_direct_n200,580,2026092181,True,ok,0.0024233669687432277,0.0015354876278188458,0.005123144757862449,0.9687313273152237,0.8972229097118183,0.6142179172711093,0.6144078325963971,0.6385141420719584,0.615898320159981,0.615898320159981,200.0,200.0,0.005,4.2292839369517665e-11,1.1569503065490592,5,-2.6020852139652106e-18,-8.673617379884035e-19,-5.551115123125783e-16,0.00030773009103368665,0.906742772160668,1.0883059446445955,0.4526752584368188,4.163470783413725e-12,0.0008894179482012987,not_checked,0.001,not_checked,not_checked,,,
circle_uniform_direct_n200,581,2026092182,True,ok,0.0010205998435020023,0.00014391905460953635,0.003211190876859218,0.40813624445715835,0.40427579313713036,0.8151863801844565,0.8152286908207766,0.8169822611238438,0.8153645470944278,0.8153645470944278,200.0,200.0,0.005,1.889813765545978e-10,1.0742029198719907,4,-1.313701751548546e-12,-4.336808689942018e-19,-5.551115123125783e-16,5.184647182127078e-05,0.9882630220507856,1.0097012875314952,0.4940603958443306,3.655483034326057e-12,0.0007792089600116014,not_checked,0.001,not_checked,not_checked,,,
circle_uniform_direct_n200,582,2026092183,True,ok,0.0013113597835014887,0.00047963028557104976,0.0034961451231858356,0.5243753876793635,0.5632638125143085,0.7686115292544262,0.7686764981846452,0.7545513790624326,0.7693017784828357,0.7693017784828357,200.0,200.0,0.005,8.878384138988338e-13,1.0960258129551093,5,-1.734723475976807e-18,0.0,-2.220446049250313e-16,8.426286061596899e-05,0.9290164653065477,1.0683893813646947,0.4642854382412802,3.9673234315806827e-14,0.0008897909428924322,not_checked,0.001,not_checked,not_checked,,,
circle_uniform_direct_n200,583,2026092184,True,ok,0.004523080095986698,0.004201023960959968,0.006880431305643656,1.8074253213307219,1.7344042475111912,0.40274363487362674,0.4031092343981071,0.4201253651649405,0.4046972512476701,0.4046972512476701,200.0,200.0,0.005,1.0130785099704553e-15,1.2242870037210563,6,-2.949029909160572e-17,-8.673617379884035e-19,-6.661338147750939e-16,0.0009033585319787596,0.9326703916265267,1.058869125423977,0.46437639498505606,1.5612511283791264e-16,0.0010094591416418552,not_checked,0.001,not_checked,not_checked,,,
circle_uniform_direct_n200,584,2026092185,True,ok,0.012122730800938427,0.005566479962163256,0.011461401800876478,4.833011607937954,4.501804069979613,0.08600987867113244,0.08670919462022939,0.10530419364046276,0.08851828304835048,0.08851828304835048,200.0,200.0,0.005,6.063483048990292e-13,1.3712056782390678,6,1.0551108597933734e-13,1.734723475976807e-18,2.6645352591003757e-15,0.008040356218708133,0.901074283092373,1.073759031973528,0.448029377356177,1.959266082707245e-13,0.0009937500581145287,not_checked,0.001,not_checked,not_checked,,,
circle_uniform_direct_n200,585,2026092186,True,ok,0.005629313345434619,0.0007803313636542666,0.007218757100661469,2.248611299191859,2.4791451717851825,0.32065348797184956,0.32115517002478833,0.2895079312727879,0.3243725204788869,0.3243725204788869,200.0,200.0,0.005,4.89880011556032e-12,1.1802286188917044,5,-3.729655473350135e-17,-2.6020852139652106e-18,-8.881784197001252e-16,0.0015570194909941826,0.8492184554312219,1.1396460416511172,0.4242778948022594,2.7788296837194526e-13,0.0008737919852137566,not_checked,0.001,not_checked,not_checked,,,
circle_uniform_direct_n200,586,2026092187,True,ok,0.007288189699238293,0.020561728768854412,0.008611770455564492,2.912251139093768,2.878909570295823,0.2307713807887184,0.23112237599965313,0.2370569704359101,0.23278547915181733,0.23278547915181733,200.0,200.0,0.005,6.648848138723906e-14,1.4223421886358323,6,3.3046482217358175e-15,-1.9949319973733282e-17,-7.993605777301127e-15,0.001512370300774446,0.9415698059439052,1.0473271657011136,0.46111179857048346,1.992850329202156e-14,0.0009869169443845749,not_checked,0.001,not_checked,not_checked,,,
circle_uniform_direct_n200,587,2026092188,True,ok,0.001325134382827109,0.010399043201987715,0.0036343212419262926,0.529904003908941,0.5324113736748308,0.7668884204507214,0.7669459246113475,0.7662814972725993,0.7671853303920423,0.7671853303920423,200.0,200.0,0.005,5.689893001203927e-16,1.27294724547227,6,3.0357660829594124e-18,-2.168404344971009e-19,-3.3306690738754696e-16,7.487461095129211e-05,0.9741096572190231,1.0235031867688213,0.48199137175848566,1.1102230246251565e-16,0.0009899588767439127,not_checked,0.001,not_checked,not_checked,,,
circle_uniform_direct_n200,588,2026092189,True,ok,0.0018237434278364547,0.004461438821376142,0.004247477401479117,0.7292177179035293,0.7403724379399718,0.693584231245272,0.6936814898077217,0.6906057147774977,0.694371134439683,0.694371134439683,200.0,200.0,0.005,4.3021142204224816e-16,1.1929663807239215,6,-6.288372600415926e-18,4.336808689942018e-19,1.1102230246251565e-16,0.00013982661552630615,0.9392061134080183,1.0574591990570823,0.4675083027210567,3.8163916471489756e-17,0.0009834161028265953,not_checked,0.001,not_checked,not_checked,,,
circle_uniform_direct_n200,589,2026092190,True,ok,0.011091152841755617,0.014017744943927456,0.0101573064817749,4.421779761930811,4.83102772219186,0.1061052108692992,0.1068904503429087,0.08932142831988085,0.10880145534129133,0.10880145534129133,200.0,200.0,0.005,1.7831430776382717e-12,1.4818793776088297,6,2.600940296471066e-13,0.0,0.0,0.0073406873857178034,0.8790338638212948,1.097085609019499,0.43335929570978643,6.907877048156763e-13,0.0009892499074339867,not_checked,0.001,not_checked,not_checked,,,
circle_uniform_direct_n200,590,2026092191,True,ok,0.002092545205836493,0.003807493940188771,0.004446431203589685,0.8366500114518369,0.8905830815670306,0.656695214925046,0.6568165721419601,0.6406374768519016,0.658027180231461,0.658027180231461,200.0,200.0,0.005,5.689893001203927e-16,1.1845737060400972,6,-3.469446951953614e-18,4.336808689942018e-19,7.771561172376096e-16,0.00018403544138018146,0.9125078337550556,1.0836598544134783,0.4545165388907875,4.5102810375396984e-17,0.0011397921480238438,not_checked,0.001,not_checked,not_checked,,,
circle_uniform_direct_n200,591,2026092192,True,ok,0.00434337262110316,0.0017406688725049996,0.006435418524800871,1.7353561652387302,1.8297722084182841,0.41750208394575394,0.41792026691497575,0.40056224584659905,0.41950722756661674,0.41950722756661674,200.0,200.0,0.005,6.68122918101588e-11,1.1965648119680714,5,9.194034422677078e-17,-1.734723475976807e-18,-8.881784197001252e-16,0.0009964416012668842,0.9350837436693964,1.0560151269663542,0.46672800162125166,6.874688318614375e-12,0.0009607088286429644,not_checked,0.001,not_checked,not_checked,,,
circle_uniform_direct_n200,592,2026092193,True,ok,0.012098348538050826,0.00025884581429294477,0.010911574253835545,4.824737387513061,4.951775431523518,0.0863986074280059,0.08703882580509631,0.08408831059636246,0.08895099244382482,0.08895099244382482,200.0,200.0,0.005,8.129955042512904e-14,1.2514511933763273,5,-5.811323644522304e-16,-3.469446951953614e-18,8.881784197001252e-16,0.00730101385363513,0.9515366619246468,1.0243830417878073,0.4756451790191936,3.3695919318676992e-15,0.0009448749478906393,not_checked,0.001,not_checked,not_checked,,,
circle_uniform_direct_n200,593,2026092194,True,ok,0.005224390514873448,0.00844497460455712,0.007478621157963693,2.0863392639296574,1.9612755770241903,0.34900421933152737,0.34960437888147,0.3750718060612981,0.3517346921776554,0.3517346921776554,200.0,200.0,0.005,2.881028748902281e-14,1.3387637132033263,6,2.8380076066980564e-15,-8.673617379884035e-19,-8.881784197001252e-16,0.0017084710098609346,0.9126007684141728,1.0757644676956148,0.4524479234253805,8.316264343832813e-15,0.0010395839344710112,not_checked,0.001,not_checked,not_checked,,,
circle_uniform_direct_n200,594,2026092195,True,ok,0.005900730797255343,0.0005298787404051358,0.007290369314790767,2.356816244206931,2.6367165924282947,0.30417362049301333,0.30470523082126866,0.26757421918987634,0.3072338301913462,0.3072338301913462,200.0,200.0,0.005,1.0333643662985281e-12,1.180972876515848,5,5.204170427930421e-18,4.336808689942018e-18,3.552713678800501e-15,0.0017380373476032496,0.8826641304295559,1.1055695826889642,0.4410982178928895,5.90959572943639e-14,0.0009190416894853115,not_checked,0.001,not_checked,not_checked,,,
circle_uniform_direct_n200,595,2026092196,True,ok,0.004549461688254889,0.000700408348295851,0.006856752905502617,1.8176703258838716,1.7695391928417519,0.40053573503913875,0.4009614123463259,0.4128092750572029,0.4025675630700832,0.4025675630700832,200.0,200.0,0.005,3.399381470758911e-12,1.1698145584253123,5,4.597017211338539e-17,-2.6020852139652106e-18,-1.5543122344752192e-15,0.0010571747090420969,0.9366480566497298,1.0541740438185214,0.46799601926086287,1.803613682016536e-13,0.0009189988486468792,not_checked,0.001,not_checked,not_checked,,,
circle_uniform_direct_n200,596,2026092197,True,ok,0.007764335360791182,0.007649420034721691,0.008619823723216562,3.1004515503370498,3.262611410416477,0.20918892858901733,0.20974591755939437,0.19567391480569957,0.2116403150873204,0.2116403150873204,200.0,200.0,0.005,2.1822821327788233e-14,1.3097448104907463,6,5.663872149064275e-16,-8.673617379884035e-18,-2.220446049250313e-15,0.0026412969897116056,0.9487922023487508,1.0367381097183854,0.4707672611548748,1.5265566588595902e-16,0.0010102498345077038,not_checked,0.001,not_checked,not_checked,,,
circle_uniform_direct_n200,597,2026092198,True,ok,0.006658377871439997,0.008887479011963857,0.007980981832192247,2.658218469217821,2.799647896117815,0.2613426414912309,0.2620186297882985,0.24664038163754862,0.26403448106021576,0.26403448106021576,200.0,200.0,0.005,7.047140648808181e-14,1.3559723084476125,6,7.636252741249905e-15,-6.071532165918825e-18,-1.3322676295501878e-15,0.002566339679088925,0.9361764790459328,1.0496163006369246,0.4639273396672266,2.143424326916943e-14,0.0010007498785853386,not_checked,0.001,not_checked,not_checked,,,
circle_uniform_direct_n200,598,2026092199,True,ok,0.007337424111812155,0.00163340569494284,0.008584396288382194,2.9297152413971754,2.9385508715652735,0.22798351177789705,0.22858738967905573,0.2300921413351998,0.23050451650343062,0.23050451650343062,200.0,200.0,0.005,6.427666732200521e-11,1.2207306462725762,5,-2.237793284010081e-16,-3.469446951953614e-18,-4.440892098500626e-16,0.002627201663843337,0.9524449541930167,1.0331057090767488,0.4754446653651281,5.330949657406103e-12,0.0009216656908392906,not_checked,0.001,not_checked,not_checked,,,
circle_uniform_direct_n200,599,2026092200,True,ok,0.01214461941416391,0.01080553534626465,0.010706146870555577,4.841171849953059,5.17947217313324,0.08548890093179118,0.08621216758798256,0.0750398414944922,0.08813162152211726,0.08813162152211726,200.0,200.0,0.005,1.5374368445009168e-12,1.4461831396640135,6,2.412965660614219e-13,6.938893903907228e-18,3.552713678800501e-15,0.008337957856252576,0.9294464346876555,1.045014431744721,0.4597033997024299,5.686076609556778e-13,0.0010345831979066133,not_checked,0.001,not_checked,not_checked,,,
circle_uniform_direct_n200,600,2026092201,True,ok,0.003898632830364821,0.008715757451398586,0.006201320968705436,1.5580721864132712,1.5847738828120268,0.45710805871063015,0.457424983633578,0.4527627862084508,0.4585313721992511,0.4585313721992511,200.0,200.0,0.005,2.4147350785597155e-15,1.2899731774976828,6,9.194034422677078e-17,0.0,-8.881784197001252e-16,0.0006904728663286175,0.9643221981707294,1.0283614833121935,0.4779601289874033,4.3368086899420177e-16,0.0010270429775118828,not_checked,0.001,not_checked,not_checked,,,
circle_uniform_direct_n200,601,2026092202,True,ok,0.0006956676410900114,0.016538659051521076,0.0025641057599573216,0.27815897966321235,0.2947056108528386,0.8697901674261828,0.8698372901658318,0.862989456337995,0.870111836218,0.870111836218,200.0,200.0,0.005,8.743006318923108e-15,1.3532593707175578,6,-8.348356728138384e-18,-5.204170427930421e-18,-2.0539125955565396e-15,5.40383863961158e-05,0.941156697323069,1.0566503528696038,0.4627929522800586,2.3800406090401793e-15,0.0010267079342156649,not_checked,0.001,not_checked,not_checked,,,
circle_uniform_direct_n200,602,2026092203,True,ok,0.014432935298970119,0.006693357001938434,0.011948262206124058,5.754118819013601,5.877883156829923,0.05364630764930815,0.05416611768613755,0.05292171258878733,0.05576621495088093,0.05576621495088093,200.0,200.0,0.005,2.889632977343126e-13,1.3584166600441883,6,-1.5010562237627312e-14,1.9081958235744878e-17,7.993605777301127e-15,0.009527650287223022,0.9445175501624089,1.0281642225445746,0.46909844230067027,2.3148150063434514e-14,0.0010295002721250057,not_checked,0.001,not_checked,not_checked,,,
circle_uniform_direct_n200,603,2026092204,True,ok,0.010064821782537602,0.003717518707398083,0.009781413799744332,4.016454022955195,4.258965595015782,0.13099434533060011,0.13162173670338623,0.1188987726940802,0.13359207259451172,0.13359207259451172,200.0,200.0,0.005,1.874889132835733e-14,1.279531351477485,6,-3.2786273695961654e-15,8.673617379884035e-18,3.552713678800501e-15,0.00473734502992329,0.9429952461999556,1.037644745769711,0.4697445724124142,5.044575868140555e-15,0.0010275417007505894,not_checked,0.001,not_checked,not_checked,,,
circle_uniform_direct_n200,604,2026092205,True,ok,0.003938924687082989,0.007598338015526155,0.006541393009632434,1.5740065365539957,1.4637234236335654,0.4518016022696034,0.4521568344240633,0.4810126490519798,0.45485120412484725,0.45485120412484725,200.0,200.0,0.005,3.1502578323738817e-15,1.2836480497639065,6,1.5439038936193583e-16,-3.469446951953614e-18,-2.4424906541753444e-15,0.0007816691395999831,0.8734103348638627,1.1187836579583248,0.4333862386981357,6.175615574477433e-16,0.0010274159722030163,not_checked,0.001,not_checked,not_checked,,,
circle_uniform_direct_n200,605,2026092206,True,ok,0.0019415661487711612,7.747795436623432e-05,0.004469284792069487,0.7762480838033183,0.7564674385247764,0.6774790478597421,0.6776075573420164,0.6850703678124839,0.6781998776095748,0.6781998776095748,200.0,200.0,0.005,9.896597430447684e-16,1.0963762944459066,5,-7.806255641895632e-18,0.0,-4.440892098500626e-16,0.00018918785257310278,0.9538959724208023,1.0422160579064712,0.47691103330194373,2.0166160408230382e-17,0.0009337498340755701,not_checked,0.001,not_checked,not_checked,,,
circle_uniform_direct_n200,606,2026092207,True,ok,0.002223886810386988,0.006648156080988309,0.00475799765149265,0.8890174811578271,0.8811255418823222,0.6394691950743308,0.6396417503933018,0.6436740780679294,0.6409669637011416,0.6409669637011416,200.0,200.0,0.005,4.440892098500626e-16,1.247909566068118,6,7.806255641895632e-18,-4.7704895589362195e-18,-2.1094237467877974e-15,0.00026862149848405625,0.9109467155723587,1.0844556688820097,0.45244474108364535,7.632783294297951e-17,0.0010251249186694622,not_checked,0.001,not_checked,not_checked,,,
circle_uniform_direct_n200,607,2026092208,True,ok,0.005374324759143796,0.0016270285894022973,0.007373888825690035,2.146779268395288,2.1332697161624927,0.3391767026599851,0.33968015140634644,0.3441647340846464,0.34134385005113155,0.34134385005113155,200.0,200.0,0.005,6.294459398148433e-11,1.2043959090410856,5,1.3270634591222574e-16,-5.204170427930421e-18,-8.881784197001252e-16,0.0014753176311150806,0.9492213659172917,1.0399479635205424,0.47383843032169715,5.24825495562542e-12,0.0009014580864459276,not_checked,0.001,not_checked,not_checked,,,
circle_uniform_direct_n200,608,2026092209,True,ok,0.0070562482700638135,3.671787566553595e-05,0.008397663245121381,2.817513711813061,2.850619480391591,0.2411205201968692,0.24172586278412256,0.24043397960573581,0.2438383790719389,0.2438383790719389,200.0,200.0,0.005,7.563394355258879e-16,1.184558870817805,5,5.811323644522304e-17,2.6020852139652106e-18,0.0,0.0024927981062323745,0.9171925508830091,1.068713923026633,0.4585794367738179,4.336808689942018e-17,0.0008858328219503164,not_checked,0.001,not_checked,not_checked,,,
circle_uniform_direct_n200,609,2026092210,True,ok,0.001679765816822167,0.004253921078949433,0.004046788604145105,0.6716800180500853,0.6899146665362683,0.7142254482758024,0.7143064110912305,0.7082505715603724,0.714656577141868,0.714656577141868,200.0,200.0,0.005,4.926614671774132e-16,1.1851764964131146,6,-6.071532165918825e-18,-3.686287386450715e-18,-1.9984014443252818e-15,0.00011315433939074193,0.9724077853629299,1.0245729630861686,0.48413525372822674,5.204170427930421e-17,0.0009959579911082983,not_checked,0.001,not_checked,not_checked,,,
circle_uniform_direct_n200,610,2026092211,True,ok,0.004729665759300523,0.0068812146922679375,0.006946902649865435,1.890048010626792,1.85920278515522,0.3866703786114247,0.3870235895663888,0.3947110137581527,0.3883170430102761,0.3883170430102761,200.0,200.0,0.005,1.2559397966072083e-15,1.2626710162693286,6,1.734723475976807e-17,8.673617379884035e-18,3.3306690738754696e-15,0.0009091465467084836,0.9670599867049922,1.0244291243758095,0.4802033061561222,2.0469737016526324e-16,0.0010048749390989542,not_checked,0.001,not_checked,not_checked,,,
circle_uniform_direct_n200,611,2026092212,True,ok,0.003041806023327238,0.0035195365106852295,0.005427339152775688,1.2157163351858589,1.2592402975107329,0.5429223699385766,0.5431965410797241,0.5327941450932849,0.5442420399676673,0.5442420399676673,200.0,200.0,0.005,2.949029909160572e-16,1.212555873770103,6,2.5153490401663703e-17,1.3010426069826053e-18,6.661338147750939e-16,0.0005030370725181976,0.9486231154222357,1.0450478166008925,0.4726424221521295,3.642919299551295e-17,0.0010221668053418398,not_checked,0.001,not_checked,not_checked,,,
circle_uniform_direct_n200,612,2026092213,True,ok,0.0016648323661755029,0.0060203772705427015,0.003978661252312239,0.6655728955137996,0.7028398004729,0.7158438360787722,0.715973177594202,0.7036882129641076,0.7167942255443305,0.7167942255443305,200.0,200.0,0.005,5.35162192338845e-16,1.2364986015072865,6,2.3852447794681098e-18,1.5178830414797062e-18,7.771561172376096e-16,0.00018002547820078485,0.9277979515857611,1.0683926881159704,0.4611059736306186,6.938893903907228e-18,0.0010355000849813223,not_checked,0.001,not_checked,not_checked,,,
circle_uniform_direct_n200,613,2026092214,True,ok,0.0014842713728505739,0.002145275939589481,0.0037508645401966067,0.5934792230834908,0.6327466612207363,0.741678408765525,0.7417639478040097,0.7287873207583779,0.7431523006600527,0.7431523006600527,200.0,200.0,0.005,1.5384857970923704e-10,1.1513783201873151,5,-1.5178830414797062e-18,2.6020852139652106e-18,3.3306690738754696e-16,0.00011466302836937725,0.8888837533472186,1.1080928649977115,0.4434885044355373,1.585490592981298e-11,0.0009172090794891119,not_checked,0.001,not_checked,not_checked,,,
circle_uniform_direct_n200,614,2026092215,True,ok,0.0019937173167162204,0.0003516532728647647,0.004402289918940229,0.7970952286401985,0.8271941649295425,0.6697813121293623,0.6699130738612036,0.6612673338014738,0.671162857145877,0.671162857145877,200.0,200.0,0.005,3.031012940635236e-13,1.1068551951536012,5,-2.168404344971009e-18,3.903127820947816e-18,1.4432899320127035e-15,0.00019584902314478958,0.909236072788921,1.086808966649899,0.45445816876681006,1.1448741260577933e-14,0.0009087920188903809,not_checked,0.001,not_checked,not_checked,,,
circle_uniform_direct_n200,615,2026092216,True,ok,0.00038015053998590245,0.0035877374777384848,0.0018932499630482473,0.1520478774795602,0.16137651786866627,0.9266394499738098,0.926645178346754,0.9224812219039276,0.9267883023997197,0.9267883023997197,200.0,200.0,0.005,3.7470027081099033e-16,1.1495000177229988,6,2.7647155398380363e-18,6.505213034913027e-19,-1.6653345369377348e-16,6.16925740039298e-06,0.9392573386850743,1.0600388377233048,0.4679439839294689,4.85722573273506e-17,0.0010240830015391111,not_checked,0.001,not_checked,not_checked,,,
circle_uniform_direct_n200,616,2026092217,True,ok,0.010226112627144412,0.0032307840721654798,0.009963708115049043,4.080578466274847,4.258323929614569,0.12676904925966215,0.12740002292977598,0.11893692542841754,0.12935140279816593,0.12935140279816593,200.0,200.0,0.005,1.8221535391660382e-14,1.274466363221993,6,-3.608224830031759e-15,-1.734723475976807e-18,-8.881784197001252e-16,0.004933292291458891,0.9096829270049883,1.0705644886296346,0.45337185040939576,5.023759186428833e-15,0.0010272087529301643,not_checked,0.001,not_checked,not_checked,,,
circle_uniform_direct_n200,617,2026092218,True,ok,0.003940838624196848,0.0023210204786368394,0.006207515233543558,1.574682489267551,1.6282755190421925,0.45230606077800595,0.4526818869452788,0.4430211534962756,0.45467712612423583,0.45467712612423583,200.0,200.0,0.005,5.342948306008566e-16,1.2029889394492463,6,7.546047120499111e-17,-2.6020852139652106e-18,-8.881784197001252e-16,0.0008264802055940601,0.9045164562357264,1.0873733969497215,0.4512084262313767,1.0755285551056204e-16,0.0010231249034404755,not_checked,0.001,not_checked,not_checked,,,
circle_uniform_direct_n200,618,2026092219,True,ok,0.012675946656285051,0.004006027010770078,0.011358372223374895,5.055269053658774,5.0141680221933065,0.076814497202039,0.0774040316056526,0.08150556237235859,0.07924671396432142,0.07924671396432142,200.0,200.0,0.005,6.952771691715043e-14,1.3094027868189524,6,-1.1981735048571807e-14,-1.3877787807814457e-17,-3.552713678800501e-15,0.007554804427623019,0.9667512054278207,1.0088286361862762,0.4814394890660307,1.5501488981328748e-14,0.0009893749374896288,not_checked,0.001,not_checked,not_checked,,,
circle_uniform_direct_n200,619,2026092220,True,ok,0.00452228415878414,0.0009712578585638516,0.006816098912637761,1.8068732235254674,1.7728204182744705,0.4025472366428242,0.4029600977212325,0.41213257016822125,0.4047616790951942,0.4047616790951942,200.0,200.0,0.005,9.310986009980482e-12,1.172227453122051,5,-1.734723475976807e-18,-6.938893903907228e-18,-2.220446049250313e-15,0.0010202199940942958,0.9209450450777918,1.0700414911217373,0.46002528348677035,6.668715059332531e-13,0.0008853338658809662,not_checked,0.001,not_checked,not_checked,,,
circle_uniform_direct_n200,620,2026092221,True,ok,0.002613573372992426,0.010002747285203676,0.005118577884146734,1.0444631920111214,1.0474164018720549,0.5916379663151672,0.5919249175943252,0.5923200288228705,0.5929088068065451,0.5929088068065451,200.0,200.0,0.005,1.7069679003611782e-15,1.3184475477560145,6,1.1275702593849246e-16,2.6020852139652106e-18,0.0,0.00048307859292451294,0.9457528324730241,1.0480059519376326,0.4681460302644097,5.48172618408671e-16,0.0009967917576432228,not_checked,0.001,not_checked,not_checked,,,
circle_uniform_direct_n200,621,2026092222,True,ok,0.0038248618938075624,0.003519001566278911,0.0061387997093247555,1.5286299930146634,1.5559513288896532,0.46401564229567616,0.4643218988799772,0.45933491878561716,0.46534678425130815,0.46534678425130815,200.0,200.0,0.005,8.049116928532385e-16,1.2055304842200962,6,-8.673617379884035e-19,4.336808689942018e-19,6.661338147750939e-16,0.0006573822541807717,0.9769406065713587,1.0158316347469492,0.48675112637818346,9.454242944073599e-17,0.001027958933264017,not_checked,0.001,not_checked,not_checked,,,
circle_uniform_direct_n200,622,2026092223,True,ok,0.0007777819579255565,0.010669890150986659,0.002815543242097114,0.311097232120486,0.31108454620536896,0.8547270951465902,0.8547337967417181,0.8559508924641498,0.8559388078218249,0.8559388078218249,200.0,200.0,0.005,1.8041124150158794e-16,1.25305075487985,6,-5.421010862427522e-18,1.0842021724855044e-18,2.220446049250313e-16,7.77552486830313e-06,0.8639345966738459,1.1350336539000245,0.4273592152511269,1.734723475976807e-17,0.0010182091500610113,not_checked,0.001,not_checked,not_checked,,,
circle_uniform_direct_n200,623,2026092224,True,ok,0.00845875989769548,0.002452849103528891,0.009298327495426832,3.3764137488940724,3.3257312267653654,0.18155251722941412,0.18220244652695355,0.18959489523633105,0.184196532582178,0.184196532582178,200.0,200.0,0.005,1.2813534955302686e-14,1.2539753819446775,6,7.268491364342822e-16,-6.938893903907228e-18,-1.7763568394002505e-15,0.0035451050920598526,0.9560978933819907,1.0271408454943578,0.47687624940235346,1.4155343563970746e-15,0.0010206238366663456,not_checked,0.001,not_checked,not_checked,,,
circle_uniform_direct_n200,624,2026092225,True,ok,0.015316321043261014,0.0048213619798340365,0.012173568656888822,6.102026253833326,6.43605172519123,0.04484506157570585,0.04540183535202112,0.04003401294371522,0.046734893523555227,0.046734893523555227,200.0,200.0,0.005,8.608669332943464e-13,1.3813213706003862,6,2.1184790033323964e-13,3.469446951953614e-18,8.881784197001252e-16,0.012251081735539682,0.8958691973476542,1.0731073482997602,0.44577535461891443,3.6522868063215697e-13,0.001023750053718686,not_checked,0.001,not_checked,not_checked,,,
circle_uniform_direct_n200,625,2026092226,True,ok,0.02674659549217128,0.00024415836681556443,0.01593344597235767,10.626850303376669,11.435853664764977,0.004154903911836686,0.0043100919434830715,0.0032865173457923298,0.004751385123796591,0.004751385123796591,200.0,200.0,0.005,1.0273761008594562e-12,1.3953299632265446,5,3.015435123820964e-13,4.85722573273506e-17,1.7763568394002505e-14,0.03589394674592139,0.9246647511619307,1.0221613023891722,0.46221949333633516,3.450018049022674e-13,0.0009310012683272362,not_checked,0.001,not_checked,not_checked,,,
circle_uniform_direct_n200,626,2026092227,True,ok,0.002272565449991472,0.004135913653853983,0.004700054685668943,0.9085077946012403,0.9361110825340163,0.6339896771239784,0.6341544424734,0.6262187417093092,0.6347569622294822,0.6347569622294822,200.0,200.0,0.005,6.730727086790012e-16,1.2038301640267917,6,-2.6020852139652106e-18,0.0,-7.771561172376096e-16,0.0002591926976742154,0.9661241027760247,1.0293411364417155,0.4810644332339976,7.806255641895632e-17,0.0010207078885287046,not_checked,0.001,not_checked,not_checked,,,
circle_uniform_direct_n200,627,2026092228,True,ok,0.00038581328749063334,0.0008724978267966354,0.001983579337891332,0.15430912559681947,0.1521446458513928,0.925517343009698,0.9255248572848855,0.9267491789235875,0.9257392629270504,0.9257392629270504,200.0,200.0,0.005,6.245397081439119e-11,1.0873045965816124,4,2.6432062918621546e-12,9.75781955236954e-19,2.498001805406602e-16,8.094699716937326e-06,0.9247868321878161,1.0744079828413673,0.4619899893665612,5.6648930338298875e-12,0.0007895410526543856,not_checked,0.001,not_checked,not_checked,,,
circle_uniform_direct_n200,628,2026092229,True,ok,0.005970741652407641,0.0005264435946336174,0.007684443688259705,2.384679748415805,2.422383081961346,0.3007655605887417,0.3013132486932567,0.29784217675283114,0.302961867726003,0.302961867726003,200.0,200.0,0.005,9.986421412033764e-13,1.1856968217119932,5,1.2923689896027213e-16,5.204170427930421e-18,8.881784197001252e-16,0.0018084562736255805,0.9774688882976461,1.0105288183789336,0.4884771526201198,5.75700511568078e-14,0.0009161662310361862,not_checked,0.001,not_checked,not_checked,,,
circle_uniform_direct_n200,629,2026092230,True,ok,0.001964643000429589,0.0031586807867832953,0.004338666539302501,0.7854504713057019,0.821984234037162,0.6741871367015233,0.6743246713957631,0.6629921579349898,0.6750769463013855,0.6750769463013855,200.0,200.0,0.005,4.926614671774132e-16,1.1832378823098388,6,5.204170427930421e-18,1.734723475976807e-18,6.661338147750939e-16,0.00020336443306684382,0.9403944502788866,1.0555852692448644,0.4687120450727475,4.2500725161431774e-17,0.0010373329278081656,not_checked,0.001,not_checked,not_checked,,,
circle_uniform_direct_n200,630,2026092231,True,ok,0.0006705078197967941,0.0015064027962554314,0.0026826359072006753,0.2681543307420495,0.2501545401199926,0.8740830039478009,0.874104402250532,0.8824287146304637,0.8745012422842067,0.8745012422842067,200.0,200.0,0.005,4.465319780599941e-11,1.1163760430803458,5,7.589415207398531e-18,8.673617379884035e-19,6.106226635438361e-16,2.4398588334084703e-05,0.921119785449524,1.077484935474378,0.45986611891074414,3.8569334358251606e-12,0.000917626079171896,not_checked,0.001,not_checked,not_checked,,,
circle_uniform_direct_n200,631,2026092232,True,ok,0.001186089678903649,0.0014004146272554195,0.00353583724295614,0.4742963731782074,0.45292800434203145,0.7878885019058546,0.7879437036043582,0.7973480445949244,0.7888193573208724,0.7888193573208724,200.0,200.0,0.005,2.7395186813494732e-11,1.1236284451689356,5,-1.3010426069826053e-18,2.6020852139652106e-18,6.661338147750939e-16,6.97491916261117e-05,0.9063912225359196,1.0912526795517763,0.45256093683586274,2.881032218349233e-12,0.0009152917191386223,not_checked,0.001,not_checked,not_checked,,,
circle_uniform_direct_n200,632,2026092233,True,ok,0.007369281643775755,0.004009825763380831,0.008137024401120288,2.942289368549984,3.2927259434916296,0.22613173847156565,0.2267487708004396,0.19274967132160853,0.2290405243732797,0.2290405243732797,200.0,200.0,0.005,1.7479073743942308e-14,1.2708618232539548,6,1.1900203045200897e-15,-8.673617379884035e-19,0.0,0.0027116444801589257,0.8931488440760297,1.0922067084827212,0.444784022354093,2.6402491304367004e-15,0.0010395830031484365,not_checked,0.001,not_checked,not_checked,,,
circle_uniform_direct_n200,633,2026092234,True,ok,0.0023889494314734824,0.0021668604231198626,0.004783812456541852,0.9550409858698722,1.0017352095673444,0.6188856490344223,0.6190530054845316,0.6060046590241747,0.6201524858304293,0.6201524858304293,200.0,200.0,0.005,1.5618228932368083e-10,1.162165082666527,5,-8.239936510889834e-18,1.734723475976807e-18,7.771561172376096e-16,0.0002693933597603948,0.9262091841623883,1.069164212200329,0.4621011872923376,1.6502437437393436e-11,0.0011133330408483744,not_checked,0.001,not_checked,not_checked,,,
circle_uniform_direct_n200,634,2026092235,True,ok,0.022937897996959764,0.0013972093024543493,0.014542543871329132,9.121351782448372,10.061068090069984,0.00930329789824988,0.009560277086639615,0.006535319483510935,0.010177462121402008,0.010177462121402008,200.0,200.0,0.005,3.765956296808426e-11,1.39323789707713,5,7.827696824058705e-13,2.7755575615628914e-17,8.881784197001252e-15,0.026903708167766993,0.9023281798263542,1.0516392460876858,0.4505336837282551,2.854729039963866e-12,0.000954959075897932,not_checked,0.001,not_checked,not_checked,,,
circle_uniform_direct_n200,635,2026092236,True,ok,0.010504458047490603,0.0022913505898359875,0.01019734168180333,4.190950070856194,4.267279055291014,0.11969505193884583,0.12035162036480876,0.11840556835112388,0.12234729359842275,0.12234729359842275,200.0,200.0,0.005,2.640943019827091e-14,1.2707655972314515,6,5.0306980803327406e-17,0.0,0.0,0.005416574070023827,0.9592878434680339,1.0200062295993653,0.47854499113410887,1.2871648191747909e-15,0.0010759998112916946,not_checked,0.001,not_checked,not_checked,,,
circle_uniform_direct_n200,636,2026092237,True,ok,0.006705175630986583,0.015233294277499733,0.008522773214152589,2.6779222203730004,2.5122761118851558,0.2582936615145661,0.25883155985379425,0.2847516005023162,0.26157476550274983,0.26157476550274983,200.0,200.0,0.005,7.66053886991358e-14,1.4026635246199797,6,5.655198531684391e-15,3.469446951953614e-18,-4.440892098500626e-16,0.0020740160108163597,0.8584281617068801,1.1288426081330925,0.42267538515866987,2.5195123765087146e-14,0.0010436659213155508,not_checked,0.001,not_checked,not_checked,,,
circle_uniform_direct_n200,637,2026092238,True,ok,0.004330042371615514,0.002253648679664719,0.006467613847535806,1.730099477177947,1.7960545904953351,0.4189121349251558,0.4193157458947594,0.4073724932569135,0.4206271469848596,0.4206271469848596,200.0,200.0,0.005,1.626600451554161e-10,1.2024486101760252,5,5.637851296924623e-17,-1.214306433183765e-17,-4.440892098500626e-15,0.0009587357341291902,0.9613366798013534,1.029939861589656,0.4795851475782832,1.9307916376831713e-11,0.000942249083891511,not_checked,0.001,not_checked,not_checked,,,
circle_uniform_direct_n200,638,2026092239,True,ok,0.00183575371631764,0.001686268053492077,0.004383175147343091,0.7339894395852594,0.7021327935561145,0.6920218916039154,0.6921301394861457,0.7039370131542934,0.6927052165286395,0.6927052165286395,200.0,200.0,0.005,7.338968321946027e-11,1.1399723376304913,5,1.951563910473908e-18,-3.0357660829594124e-18,2.220446049250313e-16,0.00015602347089832547,0.9508492082298707,1.0456254394539226,0.474622960959441,6.055034945662285e-12,0.0009425408206880093,not_checked,0.001,not_checked,not_checked,,,
circle_uniform_direct_n200,639,2026092240,True,ok,0.006412225438889052,0.0014875038149380643,0.007855260841255984,2.5606122029650424,2.6768953328292047,0.2748861709271593,0.2754784425231258,0.26225245605909914,0.2773583052877492,0.2773583052877492,200.0,200.0,0.005,4.131388980921358e-11,1.2197960319404166,5,5.898059818321144e-16,1.734723475976807e-18,-8.881784197001252e-16,0.0021389862952891914,0.9453615430423377,1.0415981386049953,0.4719776194826425,3.667086165975997e-12,0.0010213751811534166,not_checked,0.001,not_checked,not_checked,,,
circle_uniform_direct_n200,640,2026092241,True,ok,0.007434102942526291,0.003422393261440851,0.00863934148545036,2.968350419095283,2.976443918246952,0.2236090822217305,0.22420556505056227,0.22577373379453966,0.22609034826673904,0.22609034826673904,200.0,200.0,0.005,9.097757269760365e-15,1.2532132671520952,6,-3.122502256758253e-17,-6.938893903907228e-18,-3.552713678800501e-15,0.0026453789576166287,0.9606956232080726,1.0248294737501065,0.4787040898171305,5.117434254131581e-17,0.0010856669396162033,not_checked,0.001,not_checked,not_checked,,,
circle_uniform_direct_n200,641,2026092242,True,ok,0.0019794638709666646,0.0006271972614473992,0.004521814580036964,0.7913913629415035,0.7680339760538243,0.6723342467737756,0.6724671160280722,0.6811198561988159,0.6730788634922937,0.6730788634922937,200.0,200.0,0.005,2.3110610647414376e-12,1.118659127650461,5,6.5052130349130266e-18,2.168404344971009e-18,4.440892098500626e-16,0.0001970927225811714,0.9532529260359498,1.0427807444201467,0.47632752040414567,1.1600399460465205e-13,0.0009547078516334295,not_checked,0.001,not_checked,not_checked,,,
circle_uniform_direct_n200,642,2026092243,True,ok,0.006406818172998992,0.020774825376599235,0.008018127343191373,2.558501025693406,2.5679280215400806,0.2751569684519821,0.27574247075425273,0.27693733916925506,0.27765841755788534,0.27765841755788534,200.0,200.0,0.005,1.8099410858951615e-13,1.4706071693857494,6,1.3371248552829229e-14,-2.6020852139652106e-18,-8.881784197001252e-16,0.002113121753095193,0.9345861043250716,1.052630786235293,0.45758477181580987,6.95971058561895e-14,0.0011031669564545155,not_checked,0.001,not_checked,not_checked,,,
circle_uniform_direct_n200,643,2026092244,True,ok,0.006962004778750045,0.0009261008741501878,0.008711625424737638,2.780036885490307,2.5687447237246794,0.24555880994775542,0.24614736958163363,0.2768242745908999,0.24847800318093688,0.24847800318093688,200.0,200.0,0.005,8.666588280359377e-12,1.201614280098894,5,-1.2923689896027213e-16,9.540979117872439e-18,4.440892098500626e-16,0.002382513004855591,0.8918802660764154,1.0943526893959297,0.4455271483186903,5.51241777918543e-13,0.0009404593147337437,not_checked,0.001,not_checked,not_checked,,,
circle_uniform_direct_n200,644,2026092245,True,ok,0.011436511179861927,0.0017704937710084695,0.010884527375138647,4.561316495774975,4.448343962372179,0.09893114566544775,0.09959708686244992,0.10815693754718686,0.10154002370862845,0.10154002370862845,200.0,200.0,0.005,8.614826907393791e-11,1.2816003699043734,5,1.005098781980962e-14,0.0,8.881784197001252e-16,0.006643988084897856,0.9363511492260077,1.0407114487168927,0.46734666667169517,7.357949752956339e-12,0.0009395838715136051,not_checked,0.001,not_checked,not_checked,,,
circle_uniform_direct_n200,645,2026092246,True,ok,0.01233864840493911,0.0014476845065248163,0.011580695060822323,4.919801070417825,4.61566413942529,0.08265492369115585,0.0833038568434532,0.09947667646197443,0.08477711177007798,0.08477711177007798,200.0,200.0,0.005,3.502408779665345e-11,1.2898494678496233,5,2.2076090955280847e-14,6.938893903907228e-18,1.7763568394002505e-15,0.007829145778909474,0.8540373225121685,1.1210582245961893,0.4264005094957295,3.2899872062785995e-12,0.0009624590165913105,not_checked,0.001,not_checked,not_checked,,,
circle_uniform_direct_n200,646,2026092247,True,ok,0.0026089042894080613,0.003882772520362755,0.005094235215193936,1.0427770529387328,1.051070966242357,0.5925265054714626,0.5927597033660363,0.5912386812507531,0.5934627335546983,0.5934627335546983,200.0,200.0,0.005,3.122502256758253e-16,1.2158198294011884,6,1.3010426069826053e-17,2.168404344971009e-18,1.1102230246251565e-15,0.0003923314122458166,0.9728783581880933,1.0215263736798663,0.4845505839155117,1.734723475976807e-17,0.0010420829057693481,not_checked,0.001,not_checked,not_checked,,,
circle_uniform_direct_n200,647,2026092248,True,ok,0.0017047322522474786,0.0024829545499320937,0.004171887854653945,0.6816181757529282,0.6723183831743567,0.7100600662000092,0.7101579731001637,0.7145093528841033,0.7110969861108445,0.7110969861108445,200.0,200.0,0.005,3.7470027081099033e-16,1.157922999987228,6,-2.8189256484623115e-18,-2.168404344971009e-18,-5.551115123125783e-16,0.0001373625730316519,0.9191520307747421,1.0775385450633315,0.45843479508918783,2.862293735361732e-17,0.0010150419548153877,not_checked,0.001,not_checked,not_checked,,,
circle_uniform_direct_n200,648,2026092249,True,ok,0.0034332037232264064,0.0019010892487381693,0.005857071220723397,1.372173104315075,1.379395204010815,0.5018837025853369,0.5021629351484467,0.5017277675989866,0.5032638243752583,0.5032638243752583,200.0,200.0,0.005,1.0221602037008282e-10,1.1710084337692204,5,-1.7780915628762273e-17,8.673617379884035e-19,2.220446049250313e-16,0.0005541924877436877,0.9517987289262061,1.0415592654919092,0.4749946080237677,9.77994334822041e-12,0.0008936659432947636,not_checked,0.001,not_checked,not_checked,,,
circle_uniform_direct_n200,649,2026092250,True,ok,0.0011751095421764605,0.008471907359278896,0.0034609453788786307,0.4699476689549955,0.4641705530143032,0.7898335668758882,0.7898716706996622,0.7928785065140316,0.7905535296481602,0.7905535296481602,200.0,200.0,0.005,7.771561172376096e-16,1.2401520658121372,6,-1.0842021724855044e-17,-2.6020852139652106e-18,-1.1102230246251565e-15,4.807395779435342e-05,0.9183588233023863,1.0796703173849875,0.4552905496039167,1.3530843112619095e-16,0.0010157907381653786,not_checked,0.001,not_checked,not_checked,,,
circle_uniform_direct_n200,650,2026092251,True,ok,0.011447020347160492,0.0012325021790180173,0.010552910101467227,4.5659608254510635,4.741240703245387,0.09875244002791952,0.09939520091152654,0.09342275334148314,0.10132682761912126,0.10132682761912126,200.0,200.0,0.005,2.0985831128417232e-11,1.259091301910524,5,-3.4954678040932663e-15,-1.734723475976807e-18,-8.881784197001252e-16,0.006423656706566749,0.9426160825787276,1.0348117460984612,0.4707271285767288,1.7288106710089401e-12,0.0009185830131173134,not_checked,0.001,not_checked,not_checked,,,
circle_uniform_direct_n200,651,2026092252,True,ok,0.0015641438938897578,0.010994981312174724,0.0038872754653112677,0.6253271347966592,0.6486357213361015,0.7307647749096451,0.7308858186446592,0.7230203861077011,0.7313751287920663,0.7313751287920663,200.0,200.0,0.005,7.632783294297951e-16,1.301917219628469,6,1.7997756063259374e-17,1.734723475976807e-18,8.881784197001252e-16,0.00016521137962194343,0.9533726321438387,1.0430012113868607,0.4714442246715763,2.220446049250313e-16,0.001026832964271307,not_checked,0.001,not_checked,not_checked,,,
circle_uniform_direct_n200,652,2026092253,True,ok,0.010864723127599446,0.002222655707886321,0.010085485752642079,4.333704502024479,4.67939319471502,0.11119616475834346,0.11188095640746434,0.09635686872455729,0.11384190110751916,0.11384190110751916,200.0,200.0,0.005,1.929382695275983e-10,1.2882939754665275,5,1.3640130691605634e-14,-1.734723475976807e-18,-1.7763568394002505e-15,0.006092374507649989,0.9151824988554582,1.0628553784591885,0.456574248811465,1.8268010368305276e-11,0.0009154989384114742,not_checked,0.001,not_checked,not_checked,,,
circle_uniform_direct_n200,653,2026092254,True,ok,0.009749401326460402,0.008597303058543986,0.009957894566629098,3.889482072160133,3.9254662778592033,0.13948109388074015,0.14020069544796293,0.14047396091789208,0.14229110775080928,0.14229110775080928,200.0,200.0,0.005,3.295280714965543e-13,1.380637648609177,6,3.966618700168567e-14,1.3877787807814457e-17,4.884981308350689e-15,0.005139229212013818,0.8571290321987443,1.1228097227906348,0.4248790082368767,9.673511991437067e-14,0.0010289161000400782,not_checked,0.001,not_checked,not_checked,,,
circle_uniform_direct_n200,654,2026092255,True,ok,0.0015462578707787183,0.0002676420146171329,0.004025801321196884,0.6182615779976375,0.5906405109431258,0.7334070444295002,0.7334958475380904,0.7442931853281042,0.73399609234992,0.73399609234992,200.0,200.0,0.005,9.76302372279747e-14,1.0957833143273705,5,7.37257477290143e-18,2.168404344971009e-18,7.771561172376096e-16,0.00012078515692492964,0.9489745912707983,1.0479191791799405,0.47436030264311146,3.8463156271095755e-15,0.0009202922228723764,not_checked,0.001,not_checked,not_checked,,,
circle_uniform_direct_n200,655,2026092256,True,ok,0.0010827194621642836,0.0006184228084177646,0.0034365587440121598,0.43297450412142513,0.3989439460568467,0.8041323268145857,0.8041781474390792,0.8191631791543349,0.8052971876941988,0.8052971876941988,200.0,200.0,0.005,1.995317105984995e-12,1.0949445378311764,5,2.168404344971009e-18,0.0,-2.220446049250313e-16,5.664037214414552e-05,0.8872816557659754,1.1105914660970377,0.4433664716570614,1.0963105423478225e-13,0.0009102087933570147,not_checked,0.001,not_checked,not_checked,,,
circle_uniform_direct_n200,656,2026092257,True,ok,0.008982826822275157,0.013307397318969356,0.009339033065888175,3.583651905291055,3.7286197166822483,0.16296598539777396,0.16374669246758716,0.15500314710882265,0.16586760576828322,0.16586760576828322,200.0,200.0,0.005,5.811739978156538e-13,1.4429655334830935,6,6.932995844088907e-14,-1.0408340855860843e-17,-4.884981308350689e-15,0.0047394118095038795,0.9349453128948559,1.0458855940023681,0.46125530568697887,2.018801792402769e-13,0.001021791948005557,not_checked,0.001,not_checked,not_checked,,,
circle_uniform_direct_n200,657,2026092258,True,ok,0.00753358537006418,0.002586057517484034,0.008488146810837125,3.0074615858774774,3.1643354168944033,0.21894675698884764,0.21960616413306977,0.20552908782946944,0.22163640081064823,0.22163640081064823,200.0,200.0,0.005,1.416922135177856e-14,1.2586930702530437,6,2.478052485432869e-15,-8.673617379884035e-19,-1.7763568394002505e-15,0.0029862810740972634,0.9391011893563769,1.0455073230333252,0.46833620614568316,4.253541963095131e-15,0.000999291194602847,not_checked,0.001,not_checked,not_checked,,,
circle_uniform_direct_n200,658,2026092259,True,ok,0.0008537665434214715,0.00024256044068063593,0.0029671111578185305,0.3414335713185507,0.33161295025732795,0.8427867247559887,0.8428175559682013,0.8472101745656453,0.8430295158822236,0.8430295158822236,200.0,200.0,0.005,1.5928159919492701e-10,1.0747461624415187,4,1.345292909189777e-12,-1.0842021724855044e-19,-1.6653345369377348e-16,3.6523025018969646e-05,0.9565736574847934,1.0417178146299642,0.47817081428069386,2.1391226463773894e-12,0.0007709998171776533,not_checked,0.001,not_checked,not_checked,,,
circle_uniform_direct_n200,659,2026092260,True,ok,0.0038558743500554816,0.000408321993291027,0.006504407305864278,1.5408502164328337,1.4155997484230451,0.45945346115715713,0.45979997987279186,0.4927270673267057,0.46246940757040933,0.46246940757040933,200.0,200.0,0.005,5.11753833754014e-13,1.1476219855800942,5,2.6020852139652106e-18,-3.0357660829594124e-18,-1.5543122344752192e-15,0.0007497617946794488,0.8745349745055649,1.1177313447537611,0.4370889387919306,2.083944995734388e-14,0.0008936249651014805,not_checked,0.001,not_checked,not_checked,,,
circle_uniform_direct_n200,660,2026092261,True,ok,0.003950702022974352,0.0014284451870014078,0.006448624233104443,1.578677728423549,1.5074486463435888,0.45180894114803316,0.4521728682482917,0.47061057897964276,0.45378107786095434,0.45378107786095434,200.0,200.0,0.005,3.8837572047256685e-11,1.1790993070803084,5,2.7755575615628914e-17,4.336808689942018e-18,1.5543122344752192e-15,0.0008015403830958778,0.9259332342844091,1.0660761545106403,0.4623052585585286,3.1186238487468376e-12,0.0009200000204145908,not_checked,0.001,not_checked,not_checked,,,
circle_uniform_direct_n200,661,2026092262,True,ok,0.0014974747487489018,0.0034791672146371085,0.0038421620455407635,0.5987493488440492,0.6098790837682186,0.740553566610689,0.7406428778427784,0.7371679408292102,0.7411924656077321,0.7411924656077321,200.0,200.0,0.005,4.961309141293668e-16,1.1806123283098826,6,4.7704895589362195e-18,4.553649124439119e-18,2.3314683517128287e-15,0.00012027532775576999,0.9427130363008945,1.0541910497972267,0.4697167900763794,1.6479873021779667e-17,0.0010279580019414425,not_checked,0.001,not_checked,not_checked,,,
circle_uniform_direct_n200,662,2026092263,True,ok,0.009930518320735656,0.0020680273049166996,0.010023941292873472,3.96252357075864,3.9450245690451977,0.13456033464459044,0.13521971130352542,0.1391069406413947,0.13722907569778467,0.13722907569778467,200.0,200.0,0.005,1.4008616489036285e-10,1.2604368787765567,5,-2.255140518769849e-16,-3.469446951953614e-18,-1.3322676295501878e-15,0.004841878767811281,0.965746413893223,1.0146690544231514,0.48187465422922,1.369264163858519e-11,0.0009184589143842459,not_checked,0.001,not_checked,not_checked,,,
circle_uniform_direct_n200,663,2026092264,True,ok,0.006840003560432219,0.01527850425436806,0.007947242817852664,2.7329337711222497,2.983073506373306,0.25215050969399366,0.2525389959859353,0.2250265793777843,0.2546155007164928,0.2546155007164928,200.0,200.0,0.005,8.43769498715119e-15,1.3708756681256513,6,1.876103439268917e-15,-3.469446951953614e-18,-2.6645352591003757e-15,0.0015338265253188599,0.8960120957901707,1.0928898027956264,0.4411584805851998,2.6506574712925612e-15,0.0010315000545233488,not_checked,0.001,not_checked,not_checked,,,
circle_uniform_direct_n200,664,2026092265,True,ok,0.006477311451508041,0.0034230702753315955,0.00749924789441568,2.5870544476352446,2.993204116259541,0.2705307985917511,0.2710566662134257,0.22388963305376142,0.27377127326829886,0.27377127326829886,200.0,200.0,0.005,2.7131075164277263e-15,1.2362976114927808,6,-2.47198095326695e-16,-3.469446951953614e-18,4.440892098500626e-16,0.0019350664839858922,0.8642962912456114,1.1233164643405125,0.4306686682375774,5.828670879282072e-16,0.0010273749940097332,not_checked,0.001,not_checked,not_checked,,,
circle_uniform_direct_n200,665,2026092266,True,ok,0.007177872967563462,0.0007606640559333143,0.008027395320717131,2.866076766334343,3.210310638400993,0.235065875773868,0.23566569087325162,0.20085835532818513,0.23797858377153536,0.23797858377153536,200.0,200.0,0.005,4.395976638260635e-12,1.2006468556256416,5,-1.7694179454963432e-16,8.673617379884035e-19,0.0,0.002536210345520651,0.892274033565689,1.0935197870747326,0.4457976477042481,2.509253655552657e-13,0.0009138339664787054,not_checked,0.001,not_checked,not_checked,,,
circle_uniform_direct_n200,666,2026092267,True,ok,0.010698644921819125,0.006307676098029038,0.010741338246029694,4.269173154230633,3.985730663497737,0.11522556286212099,0.11582331420231784,0.1363043083108349,0.11768673364514343,0.11768673364514343,200.0,200.0,0.005,4.980044154834218e-14,1.3185240220426218,6,-2.9160701631170127e-15,0.0,0.0,0.0051424072485084515,0.9084558300267449,1.0714301926789118,0.4513633052844823,8.1601392309949e-15,0.001030124956741929,not_checked,0.001,not_checked,not_checked,,,
circle_uniform_direct_n200,667,2026092268,True,ok,0.00759160171310775,0.0054611948310175,0.00856834062113708,3.031527348804591,3.185578750727335,0.2162434098185888,0.2167991368051988,0.20335757925302897,0.2190795566800337,0.2190795566800337,200.0,200.0,0.005,1.0352829704629585e-14,1.2762862265726453,6,-4.388850394221322e-16,-8.673617379884035e-18,-1.7763568394002505e-15,0.0025566682192543766,0.8835720672598659,1.1022122799593197,0.4393734103660353,1.817990202823694e-15,0.0010319589637219906,not_checked,0.001,not_checked,not_checked,,,
circle_uniform_direct_n200,668,2026092269,True,ok,0.005378859619222063,0.00035340120116525713,0.007345129256063657,2.148626447521152,2.171284524896689,0.338243100625627,0.3387393286150119,0.33768483394390736,0.3410344010834093,0.3410344010834093,200.0,200.0,0.005,2.6377164341617743e-13,1.1707204215360698,5,3.382710778154774e-17,-2.6020852139652106e-18,-8.881784197001252e-16,0.0014587000838366393,0.897083137285223,1.0921338956796551,0.44838305122941213,1.169203622808368e-14,0.0009117498993873596,not_checked,0.001,not_checked,not_checked,,,
circle_uniform_direct_n200,669,2026092270,True,ok,0.001996707221619754,0.0018633463568919718,0.004506241220294408,0.7983100758458852,0.7929433774121978,0.6692949943637274,0.6694203391606016,0.6726893211367229,0.6707616344960597,0.6707616344960597,200.0,200.0,0.005,8.763602343808685e-11,1.1478440673949706,5,9.540979117872439e-18,0.0,3.3306690738754696e-16,0.00018640640100819894,0.9043619154004463,1.0917813796428235,0.45133833205813556,9.026436716130792e-12,0.0009192922152578831,not_checked,0.001,not_checked,not_checked,,,
circle_uniform_direct_n200,670,2026092271,True,ok,0.001450343226024737,0.008380346398668487,0.0036919829905592122,0.5800169321261893,0.6182772843486531,0.7475654964622456,0.7476106056851699,0.734078988663716,0.7482122046355442,0.7482122046355442,200.0,200.0,0.005,4.0245584642661925e-16,1.2381861689383478,6,3.903127820947816e-18,-2.6020852139652106e-18,-8.881784197001252e-16,6.01791418526898e-05,0.9334837602269437,1.0642318368132553,0.46282914867655933,2.7755575615628914e-17,0.0010219160467386246,not_checked,0.001,not_checked,not_checked,,,
circle_uniform_direct_n200,671,2026092272,True,ok,0.007058330517717802,0.0031496417729664486,0.008438072578315371,2.8186869212633026,2.809898478293493,0.2413886986640832,0.24195383234070444,0.24537951181019185,0.24373685383491994,0.24373685383491994,200.0,200.0,0.005,3.497202527569243e-15,1.2390288906089497,6,-4.111294638065033e-16,1.214306433183765e-17,6.217248937900877e-15,0.0023226429119089786,0.9807793206862367,1.0056438552215832,0.4888452212107271,7.320533068622126e-16,0.0010238748509436846,not_checked,0.001,not_checked,not_checked,,,
circle_uniform_direct_n200,672,2026092273,True,ok,0.004215343482623687,0.013393145432700142,0.00645827699577627,1.6841691004040986,1.743458837552714,0.4267528479517736,0.42717548993721044,0.4182276327298251,0.43038776545556146,0.43038776545556146,200.0,200.0,0.005,1.429412144204889e-14,1.368706028941405,6,8.847089727481716e-16,2.6020852139652106e-18,-2.220446049250313e-16,0.000984146322688173,0.8566209986873248,1.1346301128939484,0.4225755309227322,4.2674197509029455e-15,0.0010233749635517597,not_checked,0.001,not_checked,not_checked,,,
circle_uniform_direct_n200,673,2026092274,True,ok,8.286892669757235e-05,0.0003829389312152029,0.0009116361621060804,0.033146857567470975,0.03349301463161543,0.983454262428413,0.9834546154002124,0.9833929359568331,0.9835628041977712,0.9835628041977712,200.0,200.0,0.005,1.3261830869581992e-12,1.050824439597089,4,1.1421920809336072e-14,1.3552527156068805e-19,6.245004513516506e-17,3.565557789818319e-07,0.8853479920811989,1.1144827583256038,0.4425044767295294,2.6095662089553606e-14,0.0008006251882761717,not_checked,0.001,not_checked,not_checked,,,
circle_uniform_direct_n200,674,2026092275,True,ok,0.007114704971334575,0.0024340553153015046,0.0084212229474483,2.840536929977813,2.8949146965461785,0.23805725429045227,0.2386976951015109,0.2351674775425532,0.24100418168139923,0.24100418168139923,200.0,200.0,0.005,1.2614909117303341e-14,1.2510502572360958,6,1.835337437583462e-15,-5.204170427930421e-18,-2.6645352591003757e-15,0.0026725292780083176,0.8972012999014373,1.0882416738603513,0.4475088242094133,3.1502578323738817e-15,0.0010219169780611992,not_checked,0.001,not_checked,not_checked,,,
circle_uniform_direct_n200,675,2026092276,True,ok,0.0018347673193314026,0.014424743408489295,0.004396218384924248,0.7334161444648931,0.6973527640481358,0.6919565782803325,0.6921269441998672,0.7056214451084091,0.6928418864768657,0.6928418864768657,200.0,200.0,0.005,2.6645352591003757e-15,1.3522630057625276,6,3.859759734048396e-17,-4.9873299934333204e-18,-1.4432899320127035e-15,0.000245391633833969,0.9431409718978432,1.052354508331524,0.46476792571548015,7.632783294297951e-16,0.0010186252184212208,not_checked,0.001,not_checked,not_checked,,,
circle_uniform_direct_n200,676,2026092277,True,ok,0.002733726234063427,0.00893880309193007,0.005133192783506471,1.0924754349308878,1.1372079364448897,0.5775689609278305,0.5778632521131768,0.5663154815171072,0.5788306988682237,0.5788306988682237,200.0,200.0,0.005,1.8318679906315083e-15,1.3048277161471327,6,1.3487475025719675e-16,-1.3010426069826053e-18,-8.881784197001252e-16,0.0005075293472415199,0.9505721017942903,1.0430335123669479,0.47103607012587717,4.891920202254596e-16,0.0010213330388069153,not_checked,0.001,not_checked,not_checked,,,
circle_uniform_direct_n200,677,2026092278,True,ok,0.002393986250391302,0.009005450694299044,0.004980110519421252,0.9572233998772053,0.9309316107028809,0.6180749865575503,0.6181901358349264,0.6278425846303258,0.6195280812300097,0.6195280812300097,200.0,200.0,0.005,6.661338147750939e-16,1.2596111740348508,6,1.9081958235744878e-17,1.734723475976807e-18,6.661338147750939e-16,0.00018555013965781963,0.9102644884470489,1.0858489879713238,0.4510339511668013,9.71445146547012e-17,0.0010251658968627453,not_checked,0.001,not_checked,not_checked,,,
circle_uniform_direct_n200,678,2026092279,True,ok,0.0010986986611182309,0.001980440699153506,0.0032871721376222488,0.4393706398702595,0.44796463491504657,0.8023638105770202,0.8024075547859872,0.7993292684181434,0.8027276949289015,0.8027276949289015,200.0,200.0,0.005,1.1822628986912775e-10,1.1326336841737776,5,8.673617379884035e-19,-1.734723475976807e-18,-4.996003610813204e-16,5.4412288516436647e-05,0.9511684291088095,1.0467489669310095,0.4746424009707108,1.1517078089828825e-11,0.0009145000949501991,not_checked,0.001,not_checked,not_checked,,,
circle_uniform_direct_n200,679,2026092280,True,ok,0.002103432313185147,0.0006528782250574492,0.004754475040101073,0.8409182879126428,0.7844289612722044,0.6552720119954829,0.6554215926825884,0.6755592040531869,0.6565959364974561,0.6565959364974561,200.0,200.0,0.005,2.579554625459224e-12,1.1243018983727562,5,2.6020852139652106e-18,-1.3010426069826053e-18,-2.220446049250313e-16,0.00022731868070796635,0.9161182568496854,1.0796219639878526,0.4577600743679161,1.3619400746067711e-13,0.0009135410655289888,not_checked,0.001,not_checked,not_checked,,,
circle_uniform_direct_n200,680,2026092281,True,ok,0.011475157960472946,0.0006299262499582052,0.010918621631669347,4.577018950828256,4.46085252532008,0.09823045256799709,0.09887833767337992,0.10748260454869751,0.10075821005511906,0.10075821005511906,200.0,200.0,0.005,1.9334395195969023e-12,1.2501204238190728,5,-1.8457457784393227e-15,3.469446951953614e-18,8.881784197001252e-16,0.00652211668046121,0.9162501559246444,1.0609930416376718,0.45783649305132046,1.1803058530546195e-13,0.0009172910358756781,not_checked,0.001,not_checked,not_checked,,,
circle_uniform_direct_n200,681,2026092282,True,ok,0.00010467976535429718,0.013534025627231723,0.0010460027163407813,0.04187139250245728,0.04006760430767804,0.9792567237790439,0.9792569755745992,0.9801655410403816,0.979281682545522,0.979281682545522,200.0,200.0,0.005,6.445793378218045e-11,1.277227990779942,5,-2.9106579613972366e-13,1.599198204416119e-18,5.689893001203927e-16,2.568196307978221e-07,0.9523414524487297,1.0474667125935537,0.4697235233468151,6.638901234312655e-12,0.0009065829217433929,not_checked,0.001,not_checked,not_checked,,,
circle_uniform_direct_n200,682,2026092283,True,ok,0.0039293019641004415,0.00526924718689133,0.006189000678636366,1.5703980391358519,1.6210098771326518,0.4539302473842331,0.4542317993569204,0.4446334969303837,0.4557274284479029,0.4557274284479029,200.0,200.0,0.005,6.938893903907228e-16,1.2336718672752047,6,1.214306433183765e-17,-1.734723475976807e-18,-2.220446049250313e-16,0.0006613732521623117,0.9287650994189456,1.0640079204189978,0.4619358629118689,7.979727989493313e-17,0.001024625962600112,not_checked,0.001,not_checked,not_checked,,,
circle_uniform_direct_n200,683,2026092284,True,ok,0.0054893592189019375,0.0004224334389691009,0.007452981217659868,2.1927560874029255,2.1813861202601545,0.3313531768649788,0.3318511698530081,0.3359835561890479,0.33358023969490325,0.33358023969490325,200.0,200.0,0.005,4.689929000711857e-13,1.1704376903680818,5,-1.9949319973733282e-17,2.6020852139652106e-18,4.440892098500626e-16,0.0014938000789246342,0.9425191813837405,1.0465703581481618,0.4710605183224044,2.387695076377927e-14,0.0009137499146163464,not_checked,0.001,not_checked,not_checked,,,
circle_uniform_direct_n200,684,2026092285,True,ok,0.005813199822328225,0.0024281994603332904,0.007601450310999057,2.321851502273163,2.3496753795600296,0.3104275868003132,0.3109632442709389,0.3088691082326261,0.3126596799511681,0.3126596799511681,200.0,200.0,0.005,3.0253577421035516e-15,1.2257258484186158,6,2.2811613709095013e-16,-2.6020852139652106e-18,0.0,0.0017142133290635186,0.9566774140230198,1.0316601159284378,0.47717725296478,5.030698080332741e-16,0.0010236669331789017,not_checked,0.001,not_checked,not_checked,,,
circle_uniform_direct_n200,685,2026092286,True,ok,0.0067536614946845045,0.00039713815410216886,0.007852466420496257,2.69685532747541,2.971778119187103,0.25621775539211367,0.25681206952435787,0.22630105608778417,0.25905048877196996,0.25905048877196996,200.0,200.0,0.005,4.607460246663919e-13,1.192623878777566,5,1.6306400674181987e-16,-3.469446951953614e-18,-2.6645352591003757e-15,0.0023046351991957703,0.9031564706185524,1.083296205556585,0.4513988944179205,1.8640796371760526e-14,0.0009097079746425152,not_checked,0.001,not_checked,not_checked,,,
circle_uniform_direct_n200,686,2026092287,True,ok,0.0057354774680605835,0.0012066278747922066,0.007666728987274622,2.2907982036385537,2.2468374934277486,0.3153551809767208,0.31589368790119,0.32516623122756255,0.3175577797911837,0.3175577797911837,200.0,200.0,0.005,2.1261832572339046e-11,1.2021664034479693,5,2.229119666630197e-16,7.806255641895632e-18,2.6645352591003757e-15,0.0016963917928398686,0.9618384846421771,1.0265446256632065,0.4803389798974972,1.5881193929367932e-12,0.0009171662386506796,not_checked,0.001,not_checked,not_checked,,,
circle_uniform_direct_n200,687,2026092288,True,ok,0.0009798169421518753,0.003089519892075048,0.0030403447175328738,0.39184596965716556,0.4157271757869087,0.8216522609467105,0.8216855342207596,0.8123178391419927,0.8220423303872713,0.8220423303872713,200.0,200.0,0.005,5.065392549852277e-16,1.1530615627288134,6,-3.0357660829594124e-18,1.3010426069826053e-18,7.216449660063518e-16,4.040360179227709e-05,0.9411265170575016,1.057077421950032,0.4691094159550762,1.9081958235744878e-17,0.0010318330023437738,not_checked,0.001,not_checked,not_checked,,,
circle_uniform_direct_n200,688,2026092289,True,ok,0.0009599723966176744,0.0043452154310643365,0.003044949599537188,0.3838729898551143,0.3996628747609447,0.8247261486250681,0.8247741345861206,0.8188687721105065,0.8253114247564646,0.8253114247564646,200.0,200.0,0.005,2.220446049250313e-16,1.1890124921222383,6,-5.204170427930421e-18,-1.734723475976807e-18,-8.881784197001252e-16,5.7984395977705994e-05,0.923090400099498,1.0747564407769727,0.45953932761561733,2.0816681711721685e-17,0.0010019589681178331,not_checked,0.001,not_checked,not_checked,,,
circle_uniform_direct_n200,689,2026092290,True,ok,0.001462900557946659,0.0060963389564468555,0.003914578055101637,0.585000755175284,0.5602119578134069,0.7456300046853761,0.7456896311564298,0.7557036485652553,0.7463354525216008,0.7463354525216008,200.0,200.0,0.005,3.7470027081099033e-16,1.2109486500333093,6,-5.204170427930421e-18,-8.673617379884035e-19,-1.1102230246251565e-16,7.973400168975742e-05,0.9310990281265903,1.0663699045781936,0.46271109431302143,4.683753385137379e-17,0.0009921661112457514,not_checked,0.001,not_checked,not_checked,,,
circle_uniform_direct_n200,690,2026092291,True,ok,0.0027852276290207117,0.007828834958395252,0.0052019569102941445,1.1133679118652504,1.1475836132521369,0.5718638383990906,0.5720712697102956,0.5633851359653133,0.572899181763872,0.572899181763872,200.0,200.0,0.005,3.191891195797325e-16,1.2649349349284287,6,9.540979117872439e-18,-3.903127820947816e-18,-6.661338147750939e-16,0.00036156987151714226,0.9574197097979174,1.0372586400633557,0.4749623063235765,4.163336342344337e-17,0.0010240001138299704,not_checked,0.001,not_checked,not_checked,,,
circle_uniform_direct_n200,691,2026092292,True,ok,0.007208913254626216,0.00010397684372897995,0.008260942884659917,2.8783775845946478,3.076794300221274,0.23363459311555565,0.23424453910755522,0.21472499768509526,0.23650577543005843,0.23650577543005843,200.0,200.0,0.005,3.5561831257524545e-15,1.1876597516164271,5,2.6020852139652106e-18,-8.673617379884035e-19,-4.440892098500626e-16,0.0025938586279192766,0.8987261642213731,1.0868989174044956,0.44931635857368385,9.223849982420429e-17,0.0009117918089032173,not_checked,0.001,not_checked,not_checked,,,
circle_uniform_direct_n200,692,2026092293,True,ok,0.005537005323862785,0.004064902467644835,0.0071626421705720126,2.2113822538469,2.398764711604227,0.32785228358451346,0.3284164841326018,0.3013803002318963,0.33041657743059755,0.33041657743059755,200.0,200.0,0.005,8.923417560424696e-15,1.265903051931082,6,1.0599160438218291e-15,1.734723475976807e-18,8.881784197001252e-16,0.0017099378491070016,0.921788798267672,1.0665705215546137,0.45902063406475313,2.26554885962571e-15,0.001028123777359724,not_checked,0.001,not_checked,not_checked,,,
circle_uniform_direct_n200,693,2026092294,True,ok,0.017891210665352486,0.0036122540107287665,0.01410952315439287,7.1257941711639115,6.49014277542348,0.026762271830074395,0.02717584093064867,0.03896578257993956,0.02792474311788832,0.02792474311788832,200.0,200.0,0.005,3.906042156387457e-13,1.3537864700993454,6,-6.95971058561895e-14,0.0,-1.7763568394002505e-15,0.015345047488541486,0.8660909615461881,1.0991555547838656,0.4314813853647875,6.01879657224913e-14,0.0010256683453917503,not_checked,0.001,not_checked,not_checked,,,
circle_uniform_direct_n200,694,2026092295,True,ok,0.003865514103822211,0.0027361059270931453,0.006104755952708977,1.5446379744639507,1.6103016204887062,0.4598023205111822,0.4601644333734576,0.4470205062038727,0.4615786482736254,0.4615786482736254,200.0,200.0,0.005,5.48172618408671e-16,1.2081329653638155,6,4.5102810375396984e-17,-1.3010426069826053e-18,-4.440892098500626e-16,0.0007838335324668044,0.9384436600416188,1.053669838325319,0.46793813533818857,1.1275702593849246e-16,0.0010252909269183874,not_checked,0.001,not_checked,not_checked,,,
circle_uniform_direct_n200,695,2026092296,True,ok,0.002463137617929865,0.0003222579900711432,0.005037416043326941,0.9846513711412169,0.9584125263906674,0.6100615644423184,0.6102462745778876,0.6192747379322894,0.6110188167829531,0.6110188167829531,200.0,200.0,0.005,2.171526847227767e-13,1.1166949699061086,5,1.734723475976807e-18,-2.6020852139652106e-18,-7.771561172376096e-16,0.0003018380153645417,0.9539347937419597,1.0411560801197572,0.476813690595894,8.084245078920915e-15,0.0009157499298453331,not_checked,0.001,not_checked,not_checked,,,
circle_uniform_direct_n200,696,2026092297,True,ok,0.00036845755848728245,0.002485646134548854,0.0018884353040687259,0.1473728429146148,0.15237470629783806,0.928887330714917,0.9288920637538771,0.92664258088978,0.9289582223888209,0.9289582223888209,200.0,200.0,0.005,1.6064218705258426e-10,1.1246328232414027,5,-6.062508784918097e-12,-6.505213034913027e-19,5.551115123125783e-17,5.090240149094316e-06,0.9612175379964805,1.038139029618353,0.47941402462772076,8.591187657114308e-12,0.0009010829962790012,not_checked,0.001,not_checked,not_checked,,,
circle_uniform_direct_n200,697,2026092298,True,ok,0.003230398100595215,0.004032252901595175,0.005792474016659954,1.291232851750126,1.2473624159541585,0.5227301921481362,0.5229732361893367,0.5359677926924402,0.5240964115283968,0.5240964115283968,200.0,200.0,0.005,2.3592239273284576e-16,1.206954549640957,6,5.204170427930421e-18,-1.3010426069826053e-18,-8.881784197001252e-16,0.000463194243980114,0.9428622382038392,1.0510751989027667,0.46953048732216945,2.42861286636753e-17,0.0010181248653680086,not_checked,0.001,not_checked,not_checked,,,
circle_uniform_direct_n200,698,2026092299,True,ok,0.007288022225379949,0.0008349765392214256,0.008768481819417395,2.9097835762935995,2.7740758292726846,0.23014655782107102,0.23077585241304915,0.2498141807127405,0.2327932763788718,0.2327932763788718,200.0,200.0,0.005,4.650828333563339e-12,1.2133999660933317,5,6.227657278756737e-16,8.673617379884035e-19,0.0,0.0027126569291899827,0.9353201269738495,1.0499905468841821,0.46726959009795455,3.6428694262513606e-13,0.0009112919215112925,not_checked,0.001,not_checked,not_checked,,,
circle_uniform_direct_n200,699,2026092300,True,ok,0.019606441156879845,0.01369121204965948,0.013840515677046278,7.810708727571535,8.09740166436314,0.01848546545963612,0.0187875652979268,0.01744502393737955,0.01981555128006564,0.01981555128006564,200.0,200.0,0.005,9.16461351252451e-13,1.4584415790468634,6,1.929359449981405e-14,1.3877787807814457e-17,3.552713678800501e-15,0.015933867590201434,0.9638562663992547,1.0009732533077742,0.4753263261669628,2.687849942617504e-13,0.001020333031192422,not_checked,0.001,not_checked,not_checked,,,
circle_uniform_direct_n200,700,2026092301,True,ok,0.0009509013923807499,0.0007554395369096384,0.003040197009917776,0.38027441153295927,0.392340954517177,0.8264610819936189,0.826496754856047,0.8218721122300771,0.8268100644482712,0.8268100644482712,200.0,200.0,0.005,4.211925946906447e-12,1.0960239740636686,5,1.8431436932253575e-18,3.0357660829594124e-18,1.3322676295501878e-15,4.307270967035537e-05,0.9457719527483452,1.0523725395302281,0.47252873211276647,2.4409836131555895e-13,0.0009146661031991243,not_checked,0.001,not_checked,not_checked,,,
circle_uniform_direct_n200,701,2026092302,True,ok,0.00382806040946871,0.012178313838262733,0.006007803250622907,1.5292534323604807,1.6319659048603035,0.46272278138150513,0.4631813524117371,0.4422044477268521,0.465049195650178,0.465049195650178,200.0,200.0,0.005,1.3322676295501878e-14,1.3660009167177012,6,9.775166787129308e-16,3.0357660829594124e-18,1.3322676295501878e-15,0.000985365713501607,0.9140753530034517,1.0770112428296426,0.4514732266563624,3.885780586188048e-15,0.0010183739941567183,not_checked,0.001,not_checked,not_checked,,,
circle_uniform_direct_n200,702,2026092303,True,ok,0.001919979717185074,0.009835655272777147,0.004358078621414826,0.7676008317067682,0.7803072183705371,0.680247855580091,0.6803812819588666,0.6769528803307266,0.6811341902376868,0.6811341902376868,200.0,200.0,0.005,4.163336342344337e-16,1.2843852657920356,6,-1.3660947373317356e-17,-1.0842021724855044e-18,-3.3306690738754696e-16,0.00019552758363072797,0.9390745824495226,1.0569801304231603,0.4649197781839892,7.979727989493313e-17,0.0010200419928878546,not_checked,0.001,not_checked,not_checked,,,
circle_uniform_direct_n200,703,2026092304,True,ok,0.0022297965724892566,0.01098135284183474,0.004607800559437911,0.891625704154537,0.937769940727992,0.639374752122869,0.6394686449862528,0.6256995530087289,0.6402098187897395,0.6402098187897395,200.0,200.0,0.005,5.273559366969494e-16,1.2813782393223347,6,-1.691355389077387e-17,2.6020852139652106e-18,7.771561172376096e-16,0.00014646242058280468,0.9428143597558053,1.0537433050832374,0.46623007489906365,1.1449174941446927e-16,0.0010242911521345377,not_checked,0.001,not_checked,not_checked,,,
circle_uniform_direct_n200,704,2026092305,True,ok,0.006789401460859008,0.0005346253233090982,0.008106049092719177,2.711085747838176,2.818339163689377,0.2547195184947083,0.2553195018254578,0.24434610837148107,0.2572053998284182,0.2572053998284182,200.0,200.0,0.005,1.044143937978248e-12,1.197543059880677,5,2.3071822230491534e-16,1.0408340855860843e-17,3.552713678800501e-15,0.002337418252713608,0.9511593451648658,1.0351995416065662,0.47532541357979025,6.124072603197472e-14,0.0009107908699661493,not_checked,0.001,not_checked,not_checked,,,
circle_uniform_direct_n200,705,2026092306,True,ok,0.0048212694516576865,0.015271505780508898,0.006716140305682758,1.9251497328518314,2.075339715844707,0.3784207256867127,0.37906040735205215,0.35427924188355814,0.38126756105735743,0.38126756105735743,200.0,200.0,0.005,6.659950368970158e-14,1.4275771898667062,6,5.991734886023892e-15,2.6020852139652106e-18,1.5543122344752192e-15,0.0016790239056215794,0.9079393422517037,1.0804864827566467,0.44703249218122126,2.253058850598677e-14,0.001026625046506524,not_checked,0.001,not_checked,not_checked,,,
circle_uniform_direct_n200,706,2026092307,True,ok,0.0020530623743098657,0.007037199795221275,0.004439553045386979,0.8209293385189824,0.8573614654745381,0.6624593730604798,0.6625575486673534,0.6513678564196361,0.6632439054916113,0.6632439054916113,200.0,200.0,0.005,7.355227538141662e-16,1.2306533050024742,6,1.0408340855860843e-17,1.3010426069826053e-18,6.661338147750939e-16,0.00014780560248195407,0.9447435281851175,1.0517883908289505,0.46904680000014026,7.979727989493313e-17,0.0010253330692648888,not_checked,0.001,not_checked,not_checked,,,
circle_uniform_direct_n200,707,2026092308,True,ok,0.005580673201917974,0.000497741440114754,0.007738120989053151,2.229174100265302,2.0870327770504953,0.3250143311798217,0.3255203264688188,0.3522139806433176,0.32754342398244835,0.32754342398244835,200.0,200.0,0.005,1.030078800035028e-12,1.1744341653023933,5,-1.6479873021779667e-17,8.673617379884035e-19,4.440892098500626e-16,0.0015475902509438644,0.9163013031160114,1.0725947850309256,0.4579226106758389,4.6007902348987884e-14,0.0009044986218214035,not_checked,0.001,not_checked,not_checked,,,
circle_uniform_direct_n200,708,2026092309,True,ok,0.001835476217660434,0.001699865901089467,0.004281001326552271,0.7338764394689856,0.7371267223864394,0.6921311209976049,0.6922400569131903,0.6917273795374186,0.6927436625489868,0.6927436625489868,200.0,200.0,0.005,7.158715287225448e-11,1.1407725993750581,5,-1.734723475976807e-17,-4.553649124439119e-18,-1.6653345369377348e-15,0.00015702379759396923,0.9588478973903605,1.0376124428470521,0.4786090372233915,6.252570509956978e-12,0.0009130001999437809,not_checked,0.001,not_checked,not_checked,,,
circle_uniform_direct_n200,709,2026092310,True,ok,0.0018724022601937281,0.0002749400025227499,0.004245076621678584,0.7486078844007588,0.7792169960108342,0.6869975432504773,0.6871191035980349,0.6773219955092928,0.6876464513106529,0.6876464513106529,200.0,200.0,0.005,1.2535458782103603e-13,1.1035916647738429,5,-1.691355389077387e-17,4.336808689942018e-18,1.6653345369377348e-15,0.00017650983836625667,0.9585500188007621,1.0376953102385598,0.47914323869575737,4.2932237626081005e-15,0.0009079170413315296,not_checked,0.001,not_checked,not_checked,,,
circle_uniform_direct_n200,710,2026092311,True,ok,0.014558633938838394,0.0018011018316785908,0.012234732948248336,5.801540026220099,5.71740746627653,0.05218847743333672,0.05277019439945799,0.05734304399698026,0.0543817430162445,0.0543817430162445,200.0,200.0,0.005,6.654659115423733e-11,1.322423099757791,5,7.4870665223159e-14,-8.673617379884035e-18,-2.6645352591003757e-15,0.010956774657629342,0.9286870740776768,1.0418774147603391,0.46350721934519945,7.879865163151756e-12,0.0009129170794039965,not_checked,0.001,not_checked,not_checked,,,
circle_uniform_direct_n200,711,2026092312,True,ok,0.0051170512724963675,0.003338668972092693,0.007286699706007422,2.0440354934673954,1.988660931864312,0.3568511260590342,0.35735096711040293,0.3699710698734086,0.3593673141043571,0.3593673141043571,200.0,200.0,0.005,3.8719027983802334e-15,1.2402782079364498,6,3.651592916931179e-16,-4.336808689942018e-18,-1.7763568394002505e-15,0.0013925077655758678,0.9146117747617415,1.074881054701758,0.4557788875038258,8.153200337090993e-16,0.00102304108440876,not_checked,0.001,not_checked,not_checked,,,
circle_uniform_direct_n200,712,2026092313,True,ok,0.006220600871417856,0.0028390086219255966,0.007560082600453088,2.484625770563051,2.769524628575419,0.28436924886431625,0.28488501706081804,0.25038330525387176,0.2881943574258099,0.2881943574258099,200.0,200.0,0.005,1.457167719820518e-15,1.2243556092220425,6,-1.8214596497756474e-16,3.469446951953614e-18,1.7763568394002505e-15,0.0018072890020457422,0.8362271031040889,1.1517915560216674,0.41692648078467665,3.8163916471489756e-16,0.0010233749635517597,not_checked,0.001,not_checked,not_checked,,,
circle_uniform_direct_n200,713,2026092314,True,ok,0.0108313935392895,0.000973222489827455,0.010201754637467359,4.320733266313976,4.534358385960472,0.1119329196369924,0.11260338029132408,0.10360401521769409,0.11460329672769429,0.11460329672769429,200.0,200.0,0.005,9.805389139527776e-12,1.2564467993320587,5,3.3566899260151217e-15,-1.734723475976807e-18,-8.881784197001252e-16,0.00591207470091204,0.9526626505201731,1.025676153351788,0.47586776578349665,6.72261291773113e-13,0.0009097503498196602,not_checked,0.001,not_checked,not_checked,,,
circle_uniform_direct_n200,714,2026092315,True,ok,0.00432498185627074,0.01051392807557746,0.006755639114798081,1.7275606569961184,1.6439308081944426,0.4189359988716394,0.4194483730238806,0.4395668784232877,0.42105308051916845,0.42105308051916845,200.0,200.0,0.005,1.3572476476042539e-14,1.352619123629847,6,1.4536982728685643e-15,5.204170427930421e-18,1.9984014443252818e-15,0.0012160427560888865,0.9392028614228952,1.050983938830631,0.4646652342460571,5.1035564663237665e-15,0.0010304590687155724,not_checked,0.001,not_checked,not_checked,,,
circle_uniform_direct_n200,715,2026092316,True,ok,0.005526162640732564,0.004423820862353338,0.007391352768981843,2.207319047443846,2.2453407096506495,0.32896262521980757,0.32948335828592645,0.3254096740814095,0.3311338753429111,0.3311338753429111,200.0,200.0,0.005,6.8833827526759706e-15,1.2598083738084906,6,4.753142324176451e-16,-2.6020852139652106e-18,-1.3322676295501878e-15,0.0015730044245896302,0.9557728104160342,1.0330600530373073,0.47577254680497905,1.1483869410966463e-15,0.001029707957059145,not_checked,0.001,not_checked,not_checked,,,
circle_uniform_direct_n200,716,2026092317,True,ok,0.003752516462396883,0.0011187863564908534,0.0062093730962970665,1.4996065753804122,1.4640868042519797,0.4707108897855563,0.47104177495156396,0.4809252616540032,0.4721288740234836,0.4721288740234836,200.0,200.0,0.005,1.5969971872697997e-11,1.1635918527604832,5,7.806255641895632e-18,8.673617379884035e-19,6.661338147750939e-16,0.0007000047891705385,0.967608671896536,1.024921416017123,0.4832630377838399,1.1738656921500557e-12,0.0009170840494334698,not_checked,0.001,not_checked,not_checked,,,
circle_uniform_direct_n200,717,2026092318,True,ok,0.003074089780668315,0.006275241765229754,0.00539169501602696,1.2286156654980434,1.3035141561163361,0.5392137316656589,0.5394899590628195,0.5211293069715757,0.5407393246271536,0.5407393246271536,200.0,200.0,0.005,7.632783294297951e-16,1.257116845700715,6,4.640385298237959e-17,4.336808689942018e-18,8.881784197001252e-16,0.0005101233846412923,0.9334292075804594,1.0602105963862534,0.4637861591133222,1.1449174941446927e-16,0.001027206890285015,not_checked,0.001,not_checked,not_checked,,,
circle_uniform_direct_n200,718,2026092319,True,ok,0.00023078985974699096,0.005894933997336371,0.0014531362880485297,0.09230898377648107,0.10092780862332554,0.9547211609691184,0.9547244959894512,0.9507882474091972,0.9548911042661642,0.9548911042661642,200.0,200.0,0.005,1.1859123925928028e-10,1.1880628946007274,5,2.079737234208026e-12,-3.2526065174565133e-19,1.1102230246251565e-16,3.4800611576554785e-06,0.9140905257637746,1.0854095473420209,0.45435154000688227,1.0786555676434162e-11,0.0009075000416487455,not_checked,0.001,not_checked,not_checked,,,
circle_uniform_direct_n200,719,2026092320,True,ok,0.001990825892849251,0.003451228451578643,0.004455845799474954,0.7959881600962931,0.7988694979066966,0.6710571443909894,0.6711721832793345,0.670699052249991,0.6715510926511534,0.6715510926511534,200.0,200.0,0.005,2.5326962749261384e-16,1.1776789886987087,6,6.938893903907228e-18,-8.673617379884035e-19,-1.1102230246251565e-15,0.0001710985217036609,0.9963749812399679,0.9999384084850024,0.49646793396979955,1.0408340855860843e-17,0.001026625046506524,not_checked,0.001,not_checked,not_checked,,,
circle_uniform_direct_n200,720,2026092321,True,ok,0.0009962059405656896,0.007023062214420698,0.0031758328122272485,0.3983934987322639,0.39408892463753614,0.819134136123449,0.8191705852762836,0.8211541220846432,0.8193522514759217,0.8193522514759217,200.0,200.0,0.005,3.677613769070831e-16,1.222105416725732,6,5.421010862427522e-18,1.5178830414797062e-18,3.885780586188048e-16,4.443874700596484e-05,0.9694771563554727,1.0286426201876353,0.48133340770363875,3.642919299551295e-17,0.0010295419488102198,not_checked,0.001,not_checked,not_checked,,,
circle_uniform_direct_n200,721,2026092322,True,ok,0.0027179900293412187,0.0016689051000591416,0.005228204105850553,1.0864841432743988,1.083930767610784,0.5796278986831889,0.5798348715183554,0.5816040531597674,0.5806552882487388,0.5806552882487388,200.0,200.0,0.005,5.954853971035234e-11,1.1573482512379882,5,1.0408340855860843e-17,-1.734723475976807e-18,-4.440892098500626e-16,0.000355934231044297,0.9572435248476686,1.0374348349101117,0.4778229327335631,5.8095503234489865e-12,0.0009096660651266575,not_checked,0.001,not_checked,not_checked,,,
circle_uniform_direct_n200,722,2026092323,True,ok,0.0010750243189095836,0.0032645470743986743,0.003308558536599791,0.4298885356682691,0.42249041537142035,0.8063159670152058,0.8063648893357593,0.8095755283989639,0.8065375173451949,0.8065375173451949,200.0,200.0,0.005,3.677613769070831e-16,1.1658097554733617,6,-4.336808689942018e-19,0.0,-1.1102230246251565e-16,6.0595947782154935e-05,0.9787139312602661,1.0190980184007143,0.4877592880681332,5.898059818321144e-17,0.0010245009325444698,not_checked,0.001,not_checked,not_checked,,,
circle_uniform_direct_n200,723,2026092324,True,ok,0.005143389414426351,0.0002914403838587975,0.007257263191670094,2.05471628056239,2.0158564678171342,0.3554788461609022,0.35595070826271735,0.3649743382963724,0.3574792777423021,0.3574792777423021,200.0,200.0,0.005,1.5207279879803082e-13,1.1628815391454068,5,6.071532165918825e-18,3.469446951953614e-18,1.7763568394002505e-15,0.0013197426040749693,0.9598980073329552,1.029844439919679,0.4798091271278091,5.426757133941695e-15,0.0009120830800384283,not_checked,0.001,not_checked,not_checked,,,
circle_uniform_direct_n200,724,2026092325,True,ok,0.0059007203444594,0.006367338253258168,0.0076651372442640255,2.3564788297600785,2.389708538902953,0.30459926250912983,0.3051832524786803,0.3027480706099035,0.30723447248252445,0.30723447248252445,200.0,200.0,0.005,2.008115895790752e-14,1.3031162556886957,6,1.863093013199091e-15,-4.336808689942018e-18,-1.7763568394002505e-15,0.0019046540118408117,0.9200117370187854,1.06772092049831,0.4570762134651232,5.016820292524926e-15,0.0010364167392253876,not_checked,0.001,not_checked,not_checked,,,
circle_uniform_direct_n200,725,2026092326,True,ok,0.000811113939164314,0.001220663711752713,0.0028677292997366993,0.32437584297762523,0.3219326903951303,0.8497651817348291,0.8497949079183738,0.8513207216557303,0.8502517576913063,0.8502517576913063,200.0,200.0,0.005,1.8609575686001634e-11,1.1118777841955074,5,-2.3852447794681098e-18,1.6263032587282567e-18,4.440892098500626e-16,3.4866344050199505e-05,0.9228387953284812,1.0754923792762237,0.46085613120935937,1.663297537896069e-12,0.0009214580059051514,not_checked,0.001,not_checked,not_checked,,,
circle_uniform_direct_n200,726,2026092327,True,ok,0.010880620752214194,0.00879451272178186,0.01087121086392949,4.341552857409311,4.042279648257243,0.11108054085419707,0.11167870692999796,0.13250434732042524,0.11348051277173303,0.11348051277173303,200.0,200.0,0.005,1.9183721451654367e-13,1.357556181756354,6,8.017891905964802e-15,-3.469446951953614e-18,-8.881784197001252e-16,0.005347721738183431,0.8904977786800662,1.0890347399353515,0.44133372412954375,1.7055801215803967e-14,0.001029124017804861,not_checked,0.001,not_checked,not_checked,,,
circle_uniform_direct_n200,727,2026092328,True,ok,0.011166041353958406,0.014449908804840157,0.010163183485768782,4.454706162798643,4.855570016037016,0.10474294759390168,0.10536216719520367,0.08823204958284954,0.10718400261792041,0.10718400261792041,200.0,200.0,0.005,6.966718868461896e-13,1.4386528286765852,6,6.869851909563351e-14,0.0,-8.881784197001252e-16,0.005855189392359517,0.9103703116294842,1.068387497295543,0.44860953236380147,2.1639634528725082e-13,0.0010260830167680979,not_checked,0.001,not_checked,not_checked,,,
circle_uniform_direct_n200,728,2026092329,True,ok,0.0034113670936968517,0.001944927984747039,0.005802833498509073,1.363323735984235,1.387530553462431,0.5040529495506377,0.5043624664173805,0.4996910474054087,0.5054665480178313,0.5054665480178313,200.0,200.0,0.005,1.1428635815491361e-10,1.1846836687199394,5,2.6020852139652106e-17,2.6020852139652106e-18,1.1102230246251565e-15,0.0006115507472528314,0.9538105293513834,1.0392171109948525,0.4759777907078998,1.0713335166917526e-11,0.0009136658627539873,not_checked,0.001,not_checked,not_checked,,,
circle_uniform_direct_n200,729,2026092330,True,ok,0.001038237625560619,0.002471459887293949,0.0031994288906319174,0.41518084893416024,0.42571464349513355,0.8115207080587503,0.8115672895462389,0.8082714517480818,0.8124933697557756,0.8124933697557756,200.0,200.0,0.005,6.522560269672795e-16,1.1489675261945191,6,6.505213034913027e-19,-8.673617379884035e-19,-5.551115123125783e-17,5.7100645043661746e-05,0.8970226784946951,1.1008408862816887,0.44740294797438285,4.336808689942018e-17,0.0010313340462744236,not_checked,0.001,not_checked,not_checked,,,
circle_uniform_direct_n200,730,2026092331,True,ok,0.0017347106670438433,0.0028980436359484574,0.0041236509517750064,0.6935440546068815,0.7086219643701767,0.706346689402465,0.706467093472738,0.7016567306800049,0.7068462298561666,0.7068462298561666,200.0,200.0,0.005,4.718447854656915e-16,1.1776767366745442,6,-6.938893903907228e-18,6.505213034913027e-19,2.220446049250313e-16,0.00017010610532791626,0.9765288324673872,1.0197913692421376,0.48684937622021374,3.8163916471489756e-17,0.0010322497691959143,not_checked,0.001,not_checked,not_checked,,,
circle_uniform_direct_n200,731,2026092332,True,ok,0.000789729684422512,0.001980485887810744,0.00293559626355685,0.3158340349868879,0.289760474283765,0.8532455134128758,0.8532702994866026,0.8651258968567161,0.8538959449957091,0.8538959449957091,200.0,200.0,0.005,1.2930456011472913e-10,1.1269576203160574,5,3.3610267347050637e-18,1.4094628242311558e-18,6.106226635438361e-16,2.891939105845176e-05,0.9057102649381128,1.092763804052832,0.4519582445127254,1.1518155353107407e-11,0.000918499892577529,not_checked,0.001,not_checked,not_checked,,,
circle_uniform_direct_n200,732,2026092333,True,ok,0.0013904847642139048,0.0063589533662341755,0.0036760751363439934,0.5560645346604272,0.5749403970318219,0.7565475669489272,0.7565966469860286,0.7501589222870533,0.7572234029937854,0.7572234029937854,200.0,200.0,0.005,6.38378239159465e-16,1.2111604316382416,6,-2.168404344971009e-18,-3.469446951953614e-18,-1.4432899320127035e-15,6.46855125673862e-05,0.929936553051414,1.067758035634623,0.46201129404074626,1.1622647289044608e-16,0.0010160000529140234,not_checked,0.001,not_checked,not_checked,,,
circle_uniform_direct_n200,733,2026092334,True,ok,0.0025166176986113516,0.012679179303589132,0.005054511755622118,1.006302780865302,0.9970358278709244,0.6034349136847266,0.6035391167401145,0.6074302568266121,0.6045181771077186,0.6045181771077186,200.0,200.0,0.005,6.245004513516506e-16,1.3026632843501982,6,4.336808689942018e-18,-1.734723475976807e-18,-6.661338147750939e-16,0.00017214928961928333,0.9324746637435773,1.0636482270430756,0.4603283879820726,1.457167719820518e-16,0.0010193341877311468,not_checked,0.001,not_checked,not_checked,,,
circle_uniform_direct_n200,734,2026092335,True,ok,0.0019723060067277495,0.0006364796694320295,0.004528016011157721,0.7885440173581453,0.7619888931481558,0.6730271280925528,0.6731548998281376,0.6831816836082361,0.6740431149511112,0.6740431149511112,200.0,200.0,0.005,2.226947792838274e-12,1.115462403761242,5,1.0842021724855044e-17,8.673617379884035e-19,-1.1102230246251565e-16,0.00018919266647726696,0.9299380435406577,1.0661756943980483,0.46467308241217026,1.230231194693232e-13,0.0009176668245345354,not_checked,0.001,not_checked,not_checked,,,
circle_uniform_direct_n200,735,2026092336,True,ok,0.0017700308401155758,0.001063960407817456,0.0042724109754154905,0.7077032326331313,0.6879550865238264,0.701210406552109,0.701319055266399,0.7089448484595298,0.7018706381877227,0.7018706381877227,200.0,200.0,0.005,1.4223809630120599e-11,1.1262434637827312,5,-1.474514954580286e-17,-4.336808689942018e-19,-4.440892098500626e-16,0.00015455170654948835,0.9516030139795726,1.0448875964033226,0.475295251026852,9.601876585496605e-13,0.0009029160719364882,not_checked,0.001,not_checked,not_checked,,,
circle_uniform_direct_n200,736,2026092337,True,ok,0.01604724217085116,0.010024147047187824,0.012607420282888292,6.39658755041876,6.548370866963256,0.03856674030383721,0.03900480853863232,0.037847686134334486,0.04037887874078857,0.04037887874078857,200.0,200.0,0.005,5.466876951132349e-13,1.4017905428102162,6,-1.4963724703775938e-14,3.122502256758253e-17,1.0658141036401503e-14,0.011154658960851993,0.939678639348523,1.0307876545359285,0.4651303845379064,7.601558271730369e-14,0.0010323750320822,not_checked,0.001,not_checked,not_checked,,,
circle_uniform_direct_n200,737,2026092338,True,ok,0.0014097933006493764,0.003960751240868369,0.0038105078671076304,0.5637008927216876,0.5526269528127953,0.753156562412564,0.7532384558531484,0.7585750980899915,0.7543048667537762,0.7543048667537762,200.0,200.0,0.005,1.3183898417423734e-16,1.1881866064731803,6,8.023096076392733e-18,-1.951563910473908e-18,-6.661338147750939e-16,0.00010821376903147328,0.9031848476704339,1.0938993874513645,0.4498035156956688,8.673617379884035e-18,0.0009835411328822374,not_checked,0.001,not_checked,not_checked,,,
circle_uniform_direct_n200,738,2026092339,True,ok,0.004575479946663773,0.0009067770020627077,0.006703489733120787,1.8280996620637155,1.868570720052702,0.3987223915785669,0.3991416646859074,0.39286652335682276,0.4004781826122348,0.4004781826122348,200.0,200.0,0.005,6.1683470831130904e-12,1.1716636655461035,5,8.673617379884035e-19,-2.6020852139652106e-18,-1.7763568394002505e-15,0.0010461583008968267,0.9673268679707612,1.0235447836350742,0.4832248713223517,5.066442057555243e-13,0.0008824989199638367,not_checked,0.001,not_checked,not_checked,,,
circle_uniform_direct_n200,739,2026092340,True,ok,0.0010252392326658508,0.002834901647639991,0.0032050149148730627,0.4099910830904829,0.4097615346670586,0.8143931533182454,0.8144358048427501,0.8147444547741014,0.8146083392940353,0.8146083392940353,200.0,200.0,0.005,1.700029006457271e-16,1.1540681904174979,6,1.3010426069826053e-18,0.0,-3.3306690738754696e-16,5.2304987928714075e-05,0.9746360613147557,1.0233227413982573,0.4859364985983205,1.0408340855860843e-17,0.0009991249535232782,not_checked,0.001,not_checked,not_checked,,,
circle_uniform_direct_n200,740,2026092341,True,ok,2.7926540089307427e-05,0.00043991887733592426,0.0005278637166715405,0.011170537028484202,0.011196040957316997,0.9944300798155981,0.9944301191004659,0.9944176192405493,0.9944302608159022,0.9944302608159022,200.0,200.0,0.005,6.605306579476888e-13,1.0487662783207263,4,1.6164776765401068e-16,2.710505431213761e-19,3.8163916471489756e-17,3.950361938433178e-08,0.9970140123434178,1.0029295379481231,0.4982877069319913,2.8073355272384415e-14,0.0007956670597195625,not_checked,0.001,not_checked,not_checked,,,
circle_uniform_direct_n200,741,2026092342,True,ok,0.020535668711851515,0.004443347527832127,0.014303758289415037,8.169900948518737,8.376075830918625,0.01532204583650234,0.01566921295743281,0.015176032338422787,0.016454870898139465,0.016454870898139465,200.0,200.0,0.005,4.630913708059126e-12,1.4307800867308291,6,1.2755040079692748e-12,-2.0816681711721685e-17,-8.881784197001252e-15,0.022183268110934407,0.8966770099955846,1.06160851605216,0.4463460138372823,1.970423824104728e-12,0.0010219172108918428,not_checked,0.001,not_checked,not_checked,,,
circle_uniform_direct_n200,742,2026092343,True,ok,0.0008129449222286232,0.0010853301891404236,0.00305864540986495,0.32511338296331616,0.28564608288596577,0.8476909068101877,0.8477186890827351,0.8669074620165218,0.8499404553799648,0.8499404553799648,200.0,200.0,0.005,1.4018265714899059e-11,1.1046859225041246,5,-3.577867169202165e-18,8.673617379884035e-19,3.885780586188048e-16,3.22929640665659e-05,0.8177632410189593,1.180631970725636,0.4084378427224968,1.0396484020902541e-12,0.0009097079746425152,not_checked,0.001,not_checked,not_checked,,,
circle_uniform_direct_n200,743,2026092344,True,ok,0.005849541997821157,0.005287017256988597,0.007713366447079814,2.336610154035171,2.313376486655442,0.3081765647593131,0.3086737685873806,0.3145260918493967,0.31039537231468145,0.31039537231468145,200.0,200.0,0.005,6.5973702195742945e-15,1.264584803152983,6,1.5785983631388945e-16,-1.734723475976807e-18,0.0,0.0016033225466458578,0.9469111801205917,1.0418313002953419,0.4709518733191896,4.579669976578771e-16,0.0010309168137609959,not_checked,0.001,not_checked,not_checked,,,
circle_uniform_direct_n200,744,2026092345,True,ok,0.0027268279599197646,0.00035352703071215164,0.00547608094244491,1.089978391657363,0.9973112252087417,0.5771390195079726,0.5773575826638382,0.6073466202472471,0.5796298365772756,0.5796298365772756,200.0,200.0,0.005,2.8495261705785424e-13,1.1255260208183957,5,7.806255641895632e-18,1.3010426069826053e-18,1.1102230246251565e-15,0.0003763961552714079,0.8790621031958934,1.1154567448494328,0.4393756674559663,1.1716864457833598e-14,0.0009132919367402792,not_checked,0.001,not_checked,not_checked,,,
circle_uniform_direct_n200,745,2026092346,True,ok,0.0009051382869694235,0.0006339987448209766,0.002957758312031371,0.36197075217702435,0.37481422601528047,0.8341952099397092,0.8342305304217688,0.8291061277783064,0.8344122807075428,0.8344122807075428,200.0,200.0,0.005,2.023884532187381e-12,1.0945140208553028,5,-7.806255641895632e-18,-2.3852447794681098e-18,-7.771561172376096e-16,4.228130537251018e-05,0.9653944079860637,1.0327684054927833,0.4823911752048946,1.211086352731483e-13,0.0009082499891519547,not_checked,0.001,not_checked,not_checked,,,
circle_uniform_direct_n200,746,2026092347,True,ok,0.004740050975744455,0.0017886646933262113,0.006721743878045493,1.8938244755846607,1.994888044059008,0.3855541908132051,0.3859797594274141,0.3688209356258503,0.387511328743537,0.387511328743537,200.0,200.0,0.005,8.270871487692233e-11,1.1916242230153673,5,-1.6479873021779667e-17,6.071532165918825e-18,1.7763568394002505e-15,0.0010979573565605971,0.9460013582656066,1.0446532363112198,0.4721546469132055,7.664554754760466e-12,0.0009119168389588594,not_checked,0.001,not_checked,not_checked,,,
circle_uniform_direct_n200,747,2026092348,True,ok,0.0018154261854945435,0.005486569179644981,0.004335439935589188,0.725839447038919,0.7021090239904986,0.6949233765856457,0.6950386656067373,0.7039453793425203,0.6955271462562355,0.6955271462562355,200.0,200.0,0.005,3.3306690738754696e-16,1.2183759097723583,6,1.951563910473908e-18,0.0,-6.661338147750939e-16,0.00016551357944921685,0.9605758500509308,1.03581190279738,0.47765223146733143,5.724587470723463e-17,0.0010205409489572048,not_checked,0.001,not_checked,not_checked,,,
circle_uniform_direct_n200,748,2026092349,True,ok,0.0019191014746110825,0.004476196414249277,0.004230823470924659,0.7673389463046851,0.8241903477777847,0.6802864511817504,0.6803893928215003,0.662261243074657,0.6812538409545082,0.6812538409545082,200.0,200.0,0.005,3.95516952522712e-16,1.193360675706144,6,-8.456776945386935e-18,2.168404344971009e-19,0.0,0.00015082176987391005,0.9289061480030238,1.0676109227362678,0.4623738980022014,4.683753385137379e-17,0.0010210408363491297,not_checked,0.001,not_checked,not_checked,,,
circle_uniform_direct_n200,749,2026092350,True,ok,0.0051879799846701186,0.008324856165747591,0.007375401840572311,2.0721320140805095,1.9924767151696163,0.3517195369619849,0.3522609663279852,0.3692658780861476,0.3543054102649078,0.3543054102649078,200.0,200.0,0.005,1.6792123247455493e-14,1.32441356899408,6,1.5803330866148713e-15,8.673617379884035e-19,1.3322676295501878e-15,0.0015299898937690681,0.9147191253736771,1.0743187974161126,0.4535508137135267,4.926614671774132e-15,0.0010241670534014702,not_checked,0.001,not_checked,not_checked,,,
circle_uniform_direct_n200,750,2026092351,True,ok,0.019857129331756318,0.01371379193525532,0.01344401381166124,7.897130479287468,8.815386390404434,0.01763433683214708,0.018045233198712894,0.012183250319455968,0.01884654131853561,0.01884654131853561,200.0,200.0,0.005,2.5851570883972386e-11,1.5745565693314518,6,5.98466415313581e-12,-1.0408340855860843e-17,-3.552713678800501e-15,0.02286062670752953,0.8851477830998564,1.072747217405691,0.43650672342995933,1.2461864873358763e-11,0.0010289170313626528,not_checked,0.001,not_checked,not_checked,,,
circle_uniform_direct_n200,751,2026092352,True,ok,0.007857071507184642,0.003538160297333587,0.00876189238704286,3.1361405301181335,3.2459935776834117,0.20488180523184535,0.2055724760564231,0.197306526222104,0.20775115172964748,0.20775115172964748,200.0,200.0,0.005,3.939903958638524e-14,1.2853636091259193,6,5.6430554673525535e-15,-8.673617379884035e-18,-2.6645352591003757e-15,0.0033440363778616256,0.9140145076038176,1.0697013647712454,0.455390385617963,1.0470790900996008e-14,0.0010224590077996254,not_checked,0.001,not_checked,not_checked,,,
circle_uniform_direct_n200,752,2026092353,True,ok,0.014032357064405926,0.0029953695277798956,0.01172535714892091,5.592150906604681,5.78250997235428,0.05806277853773856,0.058677451253733,0.05550650898057306,0.06041780619823394,0.06041780619823394,200.0,200.0,0.005,5.288894322497129e-13,1.3440872320140604,6,1.1352203899139823e-13,-3.469446951953614e-18,8.881784197001252e-16,0.010395959578844316,0.945289738740877,1.0260708182262812,0.4712291412600295,1.7194579093882112e-13,0.0010157499928027391,not_checked,0.001,not_checked,not_checked,,,
circle_uniform_direct_n200,753,2026092354,True,ok,0.00548906571507597,0.002430285483202831,0.006946543136954219,2.1924953653118653,2.5402716830817726,0.32925334746350376,0.3297712075994178,0.28079347576911273,0.33359982168496,0.33359982168496,200.0,200.0,0.005,2.5049406993105094e-15,1.22536428120333,6,2.92300905702092e-16,1.734723475976807e-18,1.3322676295501878e-15,0.001565460359261417,0.8274822021263815,1.161364414995484,0.41273568941542665,5.412337245047638e-16,0.001023292075842619,not_checked,0.001,not_checked,not_checked,,,
circle_uniform_direct_n200,754,2026092355,True,ok,0.005335210040181188,0.010250932887007756,0.00752274417782863,2.131382616144976,2.0169430200566043,0.3417906845257669,0.34225496883418527,0.36477611030520224,0.3440246359510641,0.3440246359510641,200.0,200.0,0.005,1.2753686995381486e-14,1.3310470215091488,6,8.378714388967978e-16,-1.734723475976807e-18,4.440892098500626e-16,0.001350699963749813,0.931509747908382,1.0582226354321205,0.4609785167650596,3.264749581788351e-15,0.001021374948322773,not_checked,0.001,not_checked,not_checked,,,
circle_uniform_direct_n200,755,2026092356,True,ok,0.015196075283450319,0.0010944583971277291,0.012135572807806905,6.055381907207011,6.329080126338399,0.04575584783819284,0.046293444859298094,0.04223356211842167,0.047872451910943616,0.047872451910943616,200.0,200.0,0.005,1.4474168391620523e-11,1.3016812342877297,5,8.316264343832813e-15,-1.734723475976807e-17,-5.329070518200751e-15,0.011524103086558046,0.9448837468923555,1.0249118800719748,0.471924828288578,1.0750688533844865e-12,0.0009139161556959152,not_checked,0.001,not_checked,not_checked,,,
circle_uniform_direct_n200,756,2026092357,True,ok,0.0028256356724061654,0.016742922600096403,0.005428202584922452,1.1294119386512635,1.0881355924857363,0.5670599607635314,0.5672996610709193,0.5803825660494928,0.568287893178187,0.568287893178187,200.0,200.0,0.005,9.2148511043888e-15,1.3803204519060162,6,1.5525775109992423e-16,-3.469446951953614e-18,-1.5543122344752192e-15,0.00042116515560131074,0.9457557780803192,1.0485157145530235,0.4649563012804824,2.5673907444456745e-15,0.0010204592254012823,not_checked,0.001,not_checked,not_checked,,,
circle_uniform_direct_n200,757,2026092358,True,ok,0.001820700404894588,0.0004030149082187036,0.004284802270106038,0.7279446029351337,0.7237501000797988,0.6941972538169328,0.6943139968081509,0.6963693737314296,0.6947938605216054,0.6947938605216054,200.0,200.0,0.005,4.931055563872633e-13,1.1079144513704873,5,1.0408340855860843e-17,1.734723475976807e-18,8.881784197001252e-16,0.00016777951135071856,0.9624199676299525,1.033919937593383,0.4810160457631882,1.9804470563489218e-14,0.0009142919443547726,not_checked,0.001,not_checked,not_checked,,,
circle_uniform_direct_n200,758,2026092359,True,ok,0.011664612385553396,0.0033819883114644053,0.010460989603398993,4.652074725924573,5.00050918057433,0.09445375708536043,0.09511238547080364,0.0820641032405209,0.09701181758651775,0.09701181758651775,200.0,200.0,0.005,1.3378187446733136e-13,1.3111355476123396,6,1.692916640205766e-14,-2.42861286636753e-17,-7.993605777301127e-15,0.00688511414839299,0.928195237142014,1.048492499185904,0.46252826566360333,3.017031069418863e-14,0.0010317922569811344,not_checked,0.001,not_checked,not_checked,,,
circle_uniform_direct_n200,759,2026092360,True,ok,0.008499104650985627,0.009430996248983532,0.009246778797502452,3.3909270032197805,3.3924050967083854,0.17982853705983157,0.1806211802850171,0.18337857477731348,0.18271624008451445,0.18271624008451445,200.0,200.0,0.005,2.8468893908950577e-13,1.3963709683881276,6,4.137835907247478e-14,-3.469446951953614e-18,-8.881784197001252e-16,0.0043574285872352014,0.9810462095805782,1.0003974851694588,0.4858986063443148,1.0241113512776678e-13,0.001022083917632699,not_checked,0.001,not_checked,not_checked,,,
circle_uniform_direct_n200,760,2026092361,True,ok,0.001131166466054507,0.00234737934810547,0.0032872935939815325,0.4523402370927395,0.473896998591551,0.7971695178961766,0.7972199759185576,0.7890319226709173,0.7975320211548464,0.7975320211548464,200.0,200.0,0.005,4.85722573273506e-16,1.1456117273701705,6,4.336808689942018e-18,-1.0842021724855044e-18,-4.440892098500626e-16,6.317466453162335e-05,0.9543243671997551,1.0434272220618552,0.4760422114828066,4.5102810375396984e-17,0.001012084074318409,not_checked,0.001,not_checked,not_checked,,,
circle_uniform_direct_n200,761,2026092362,True,ok,0.010769919636080347,0.0018980913272430245,0.010585313237368174,4.295944568111183,4.175553566822445,0.11335042432460862,0.11403947511429502,0.1239624250099832,0.1160210165401532,0.1160210165401532,200.0,200.0,0.005,1.0907929420822526e-10,1.282627863769165,5,1.3291451272934296e-14,1.3877787807814457e-17,3.552713678800501e-15,0.006011643160477753,0.9199703484157458,1.0582034435439023,0.45911205706066205,9.718467783997875e-12,0.0008862079121172428,not_checked,0.001,not_checked,not_checked,,,
circle_uniform_direct_n200,762,2026092363,True,ok,0.0008938693220523278,0.016500813650963286,0.0030423133113261216,0.3574394491703681,0.3512901293154322,0.8349284808684982,0.8349740616958077,0.8389156913284537,0.8362949940772216,0.8362949940772216,200.0,200.0,0.005,8.965050923848139e-15,1.345528525016724,6,-2.3852447794681098e-18,-1.4094628242311558e-18,-4.440892098500626e-16,5.4139825281518394e-05,0.8662573765199829,1.1317292379790913,0.42598326286817617,2.310651670001107e-15,0.0009946259669959545,not_checked,0.001,not_checked,not_checked,,,
circle_uniform_direct_n200,763,2026092364,True,ok,0.025577006543713907,0.00871580881314754,0.01606844702849428,10.163682903969216,10.297156148796326,0.005358342210439012,0.005544196868755923,0.005807656914506705,0.006003568066572309,0.006003568066572309,200.0,200.0,0.005,2.042112312583555e-11,1.520896222725702,6,5.572917127771859e-12,-1.734723475976807e-17,-8.881784197001252e-15,0.03355985675817319,0.907118842173975,1.0418859823651248,0.4496057599422667,1.012223638241494e-11,0.0010141250677406788,not_checked,0.001,not_checked,not_checked,,,
circle_uniform_direct_n200,764,2026092365,True,ok,0.002909867818934944,0.004346733470529893,0.005128232604178107,1.1632222290747543,1.2898816288869739,0.5568248831991083,0.5570276823948286,0.5246935954700753,0.5587944610969878,0.5587944610969878,200.0,200.0,0.005,2.636779683484747e-16,1.206044179570392,6,-3.0357660829594124e-18,-1.734723475976807e-18,2.220446049250313e-16,0.0003624492496117071,0.9002883909459247,1.0943389652336573,0.44818731321670496,2.949029909160572e-17,0.001023417105898261,not_checked,0.001,not_checked,not_checked,,,
circle_uniform_direct_n200,765,2026092366,True,ok,0.002008524310437628,0.0007548342235462271,0.004349156052678989,0.8030161712731904,0.8570303969433577,0.667901520633057,0.6680334935130892,0.6514756890441284,0.66917821641023,0.66917821641023,200.0,200.0,0.005,3.946853260883287e-12,1.1204298878106553,5,4.336808689942018e-19,-2.168404344971009e-18,-7.771561172376096e-16,0.00019677645093046925,0.9151649578258442,1.0808709484998045,0.4572370708810305,2.4332771041135626e-13,0.000911792041733861,not_checked,0.001,not_checked,not_checked,,,
circle_uniform_direct_n200,766,2026092367,True,ok,0.014734053167638504,0.010184643256031384,0.012367647515444917,5.872932941242155,5.711636923580264,0.050398830262659414,0.05092946048549288,0.05750873315298278,0.05250690293625985,0.05250690293625985,200.0,200.0,0.005,1.3933298959045715e-12,1.4206617853030057,6,1.3124917819240522e-13,-1.5612511283791264e-17,-6.217248937900877e-15,0.010344162906623211,0.9434264222057163,1.0282417731407778,0.46690762193945945,3.191821806858286e-13,0.0010322090238332748,not_checked,0.001,not_checked,not_checked,,,
circle_uniform_direct_n200,767,2026092368,True,ok,0.00046660468421524286,0.001815205065317934,0.002155909594557779,0.1866202387939888,0.18788474834417557,0.9107633573750855,0.9107732249700096,0.9103352195500087,0.910901111652403,0.910901111652403,200.0,200.0,0.005,1.9308112574056846e-10,1.115715879186095,4,8.007125778392021e-14,-1.6263032587282567e-19,1.6653345369377348e-16,1.0817446054162128e-05,0.950372409834489,1.0486980292596286,0.47432364201671223,8.129487968216997e-12,0.0007933739107102156,not_checked,0.001,not_checked,not_checked,,,
circle_uniform_direct_n200,768,2026092369,True,ok,0.0008659614216691962,0.006222278908206381,0.0030386376071203916,0.3463388768792136,0.32632808213729364,0.8403121357206245,0.8403314140474847,0.84945183199853,0.840975892807491,0.840975892807491,200.0,200.0,0.005,2.0965759510438442e-16,1.2001051158241274,6,7.697835424647081e-18,1.0842021724855044e-19,1.1102230246251565e-16,2.2845894232459418e-05,0.9076609989942838,1.0909519345938872,0.4510067510919637,2.42861286636753e-17,0.0010194156784564257,not_checked,0.001,not_checked,not_checked,,,
circle_uniform_direct_n200,769,2026092370,True,ok,0.011650057135233476,0.0013019809413119315,0.010177290924877562,4.646139344345168,5.269897302305285,0.09488030300285985,0.09554374677837404,0.07172265218955605,0.09729463529283984,0.09729463529283984,200.0,200.0,0.005,2.8430605092388817e-11,1.2774158939346347,5,1.2571541030403921e-14,-3.469446951953614e-18,-2.6645352591003757e-15,0.0069417548741110835,0.8808205390602578,1.095720703031362,0.4398368581209148,2.152697291257777e-12,0.0009088332299143076,not_checked,0.001,not_checked,not_checked,,,
circle_uniform_direct_n200,770,2026092371,True,ok,0.0022785342178197054,0.006246328304374903,0.004748320126898371,0.9108656387804885,0.9381207272381451,0.6313330884428545,0.6315073520445686,0.6255898191509972,0.6339996709420204,0.6339996709420204,200.0,200.0,0.005,3.9898639947466563e-16,1.2412672897087953,6,-1.2576745200831851e-17,-3.469446951953614e-18,-2.1094237467877974e-15,0.00027402417369681853,0.8646988047015038,1.1306769015145959,0.42964908075997,2.7755575615628914e-17,0.0010195421054959297,not_checked,0.001,not_checked,not_checked,,,
circle_uniform_direct_n200,771,2026092372,True,ok,0.014706524905520501,0.0030064261396304205,0.012580938957246409,5.860700951788749,5.505353904990539,0.05077928511171041,0.05134324748162407,0.06375695821079236,0.052796784956242904,0.052796784956242904,200.0,200.0,0.005,3.420458360992029e-13,1.3365266800596012,6,5.920958168204038e-14,-1.734723475976807e-18,0.0,0.010954505209725962,0.9047891213199748,1.0658217402612211,0.4510343137469966,9.659634203629253e-14,0.0010178759694099426,not_checked,0.001,not_checked,not_checked,,,
circle_uniform_direct_n200,772,2026092373,True,ok,0.015247646596973533,0.000972407048460192,0.012274540299225926,6.0759771264402715,6.303981771853749,0.04576541154008548,0.04629686236781423,0.04276689803931205,0.04738122056511608,0.04738122056511608,200.0,200.0,0.005,9.745218521040044e-12,1.2974554693022606,5,-3.0010716134398763e-15,1.0408340855860843e-17,3.552713678800501e-15,0.011540756174571065,0.867035785518562,1.1027379658219456,0.4330963538284428,6.700059344139087e-13,0.0009045000188052654,not_checked,0.001,not_checked,not_checked,,,
circle_uniform_direct_n200,773,2026092374,True,ok,0.003073195674018824,0.0013585968827286646,0.005685728554138187,1.2282895793437527,1.1703204115948376,0.5394517791268261,0.5397195112519917,0.5570166173722646,0.5408360289984561,0.5408360289984561,200.0,200.0,0.005,2.8340104568647106e-11,1.1648311117731076,5,-7.37257477290143e-18,2.168404344971009e-18,2.220446049250313e-16,0.0004943451318885073,0.9428243410655608,1.0508976196552855,0.4707717265555272,2.5521104327075328e-12,0.0009018739219754934,not_checked,0.001,not_checked,not_checked,,,
circle_uniform_direct_n200,774,2026092375,True,ok,0.0021804429996066382,0.013236483295198824,0.004760087981130848,0.8714158326250997,0.8501862582383182,0.6442888472595467,0.6445357797075243,0.6537089029606207,0.6465604381936748,0.6465604381936748,200.0,200.0,0.005,1.4849232954361469e-15,1.3540556806414112,6,1.0234868508263162e-16,8.673617379884035e-19,4.440892098500626e-16,0.0003806836087777987,0.8821810770457541,1.1121851831564546,0.43525374040388537,5.342948306008566e-16,0.0010210000909864902,not_checked,0.001,not_checked,not_checked,,,
circle_uniform_direct_n200,775,2026092376,True,ok,0.0019999260177533916,0.002178079093016167,0.004552997386616114,0.7995901472778425,0.7738499026734746,0.6694874403346902,0.6696151041148057,0.6791420617180155,0.6703299644656084,0.6703299644656084,200.0,200.0,0.005,1.6672732638944865e-10,1.1565502872760585,5,-1.3877787807814457e-17,-8.673617379884035e-19,-1.1102230246251565e-16,0.0001901299117570976,0.9435853852918269,1.0525236413024568,0.47076500294752405,1.684666382090194e-11,0.0009125838987529278,not_checked,0.001,not_checked,not_checked,,,
circle_uniform_direct_n200,776,2026092377,True,ok,0.00464867920899909,0.005136568604066265,0.007167089313433274,1.8575569768995417,1.6906092710423297,0.3917294743222308,0.39210647312458125,0.42942651971108947,0.3946579487367114,0.3946579487367114,200.0,200.0,0.005,1.8492152253912764e-15,1.2423506627354515,6,-8.673617379884035e-18,-8.673617379884035e-19,-4.440892098500626e-16,0.0009573533500470965,0.8796645823876571,1.1116297119383778,0.4375734041711284,5.551115123125783e-17,0.0010252089705318213,not_checked,0.001,not_checked,not_checked,,,
circle_uniform_direct_n200,777,2026092378,True,ok,0.0027186447776089695,0.0010504646403425855,0.005150830111091723,1.0867173129144982,1.1163188747238824,0.5796238780863803,0.5798391778471894,0.5722613780382715,0.5805792566181771,0.5805792566181771,200.0,200.0,0.005,1.1395693416682562e-11,1.1453664629413467,5,-2.6020852139652106e-18,-2.6020852139652106e-18,-4.440892098500626e-16,0.0003702990645447768,0.9684652222982915,1.02610097382278,0.4837239602602499,9.123925573395475e-13,0.0009060418233275414,not_checked,0.001,not_checked,not_checked,,,
circle_uniform_direct_n200,778,2026092379,True,ok,0.003647673863252387,0.003141645162247006,0.005916924342404655,1.4576754607110733,1.5276893818811166,0.4802904549632293,0.4806268184028025,0.4658718461497401,0.48213323949180575,0.48213323949180575,200.0,200.0,0.005,5.941427905220564e-16,1.212171560560178,6,4.5102810375396984e-17,-3.0357660829594124e-18,-1.1102230246251565e-15,0.0006970422949407196,0.9275381016466547,1.0650246671627284,0.462312014151942,8.500145032286355e-17,0.0010151669848710299,not_checked,0.001,not_checked,not_checked,,,
circle_uniform_direct_n200,779,2026092380,True,ok,0.00046817259018023616,1.7620879235992387e-05,0.0021358622706661307,0.1872471443690728,0.19224958404458692,0.9105455055622437,0.9105554803235097,0.9083506540804431,0.9106155149763207,0.9106155149763207,200.0,200.0,0.005,8.195447792624933e-12,1.0457940664738186,4,-2.463193494658955e-14,3.2526065174565133e-19,1.1102230246251565e-16,1.0945851510832383e-05,0.972339728808582,1.0267246385143938,0.4861612976645034,8.850862751041966e-14,0.0007945001125335693,not_checked,0.001,not_checked,not_checked,,,
circle_uniform_direct_n200,780,2026092381,True,ok,0.0031416440411891175,0.0013032963748043232,0.0055214464721178936,1.2556310821724943,1.3227770849106741,0.5300740385262859,0.530348061785288,0.5161341624977692,0.5334826081848247,0.5334826081848247,200.0,200.0,0.005,2.8943444863038792e-11,1.1639451955451479,5,3.0357660829594124e-18,8.673617379884035e-19,8.881784197001252e-16,0.000513267151576402,0.8551176470831897,1.1384856263175516,0.4270015575229618,2.161356163488115e-12,0.0009043759200721979,not_checked,0.001,not_checked,not_checked,,,
circle_uniform_direct_n200,781,2026092382,True,ok,1.0422684640516754e-05,0.0006200670978651558,0.00032644986314097794,0.004169066860316989,0.004150723984988888,0.9978985061052073,0.9978985096278645,0.9979267900821701,0.997917634210131,0.997917634210131,200.0,200.0,0.005,2.2229648677374314e-12,1.0541033986612143,4,-2.0088572190261889e-16,-5.421010862427522e-20,3.469446951953614e-18,3.4979448565106153e-09,0.8653002108507877,1.1346822001480794,0.43238183886750203,1.1081283460279145e-13,0.0007923340890556574,not_checked,0.001,not_checked,not_checked,,,
circle_uniform_direct_n200,782,2026092383,True,ok,0.000918045779468012,0.0026960899334349513,0.0029431601325384683,0.3671198081213961,0.3895369417802376,0.8318763826157922,0.8319174518696599,0.8230251902880054,0.8322610245836666,0.8322610245836666,200.0,200.0,0.005,7.077671781985373e-16,1.1542049920541373,6,-6.938893903907228e-18,-2.0599841277224584e-18,-9.43689570931383e-16,4.9251832904328996e-05,0.941170544500998,1.0568497487603516,0.469316462280851,2.2551405187698492e-17,0.0010276250541210175,not_checked,0.001,not_checked,not_checked,,,
circle_uniform_direct_n200,783,2026092384,True,ok,0.013229239137204647,0.001180987381839609,0.011192646279531688,5.274422998001828,5.622651487324352,0.06857753999948657,0.06917903805044112,0.06012522888993958,0.07094517896480082,0.07094517896480082,200.0,200.0,0.005,2.10983661097508e-11,1.278892933379357,5,-4.40619762898109e-15,6.938893903907228e-18,2.6645352591003757e-15,0.008636328440015273,0.9380582084626871,1.0357851162628058,0.46847518008531197,1.4574092800645477e-12,0.0009033752139657736,not_checked,0.001,not_checked,not_checked,,,
circle_uniform_direct_n200,784,2026092385,True,ok,0.007030797755978098,0.0053648606483090305,0.008405491801725125,2.806709809266894,2.809824819208832,0.24250466250364955,0.2431908535676353,0.2453885491917293,0.24508270568075022,0.24508270568075022,200.0,200.0,0.005,4.848899060050371e-14,1.3106858505298804,6,5.951836246076425e-15,-1.734723475976807e-18,-2.220446049250313e-15,0.002804646562172497,0.9810268477498107,1.0040837977874864,0.48788189142446775,1.3121448372288569e-14,0.0010186249855905771,not_checked,0.001,not_checked,not_checked,,,
circle_uniform_direct_n200,785,2026092386,True,ok,0.006577129348548266,0.0007211768504253261,0.007980900256873287,2.626569935201119,2.732417726088247,0.2658314965208707,0.26640462754241157,0.2550721422517812,0.2683600124996178,0.2683600124996178,200.0,200.0,0.005,3.682977534058551e-12,1.1932108188504966,5,-3.0357660829594124e-17,-6.938893903907228e-18,-3.1086244689504383e-15,0.0021409021090936786,0.9331073504266731,1.0538393178078236,0.4662171991957134,2.0272715797742258e-13,0.0009120418690145016,not_checked,0.001,not_checked,not_checked,,,
circle_uniform_direct_n200,786,2026092387,True,ok,0.010176278355889988,0.0017312665993464227,0.009735224229233,4.06040909445851,4.416299137636292,0.1280256046325851,0.12867713080671095,0.10990382994484425,0.13064707554190266,0.13064707554190266,200.0,200.0,0.005,8.053313571565468e-11,1.2543879755042355,5,-1.7381929229287607e-15,-8.673617379884035e-18,-4.440892098500626e-15,0.005051123948742298,0.8925890849262546,1.087398453901509,0.4455219122511222,6.727419836483062e-12,0.0009073328692466021,not_checked,0.001,not_checked,not_checked,,,
circle_uniform_direct_n200,787,2026092388,True,ok,0.00882514570292863,0.0014008855379856345,0.009399429597266114,3.5222087662031036,3.5428708451220476,0.16851214515219287,0.16918072397389988,0.17008866440670548,0.17118179807439715,0.17118179807439715,200.0,200.0,0.005,3.720524582861984e-11,1.241757582625059,5,1.2646134139870924e-15,-3.469446951953614e-18,-8.881784197001252e-16,0.003924757484174091,0.9879905611295232,0.9943569466126762,0.49330320938071753,2.884863788826797e-12,0.0009024159517139196,not_checked,0.001,not_checked,not_checked,,,
circle_uniform_direct_n200,788,2026092389,True,ok,0.006112226434607272,0.013984373602107573,0.007405611478939857,2.442404453152321,2.732021364539608,0.29198188415961546,0.2923464383351282,0.2551226976558291,0.29450912639279064,0.29450912639279064,200.0,200.0,0.005,5.856426454897701e-15,1.3522596631662727,6,9.13331910101789e-16,-1.3010426069826053e-17,-5.773159728050814e-15,0.0012430603452939781,0.893156766403849,1.096845894718161,0.44032982340734295,1.1379786002407855e-15,0.0010230420157313347,not_checked,0.001,not_checked,not_checked,,,
circle_uniform_direct_n200,789,2026092390,True,ok,0.015097823084306647,0.002913361283826134,0.012488087793653275,6.016578379486909,5.903917186178221,0.04679386049223023,0.047330324493147335,0.05223729408639673,0.04882247021564802,0.04882247021564802,200.0,200.0,0.005,2.4795747052830386e-13,1.329987918292589,6,1.9163490239115788e-14,-1.5612511283791264e-17,-4.440892098500626e-15,0.01127542711787477,0.9228193452422797,1.0473644076767428,0.4600654386226145,4.0065173401160337e-14,0.0010192079935222864,not_checked,0.001,not_checked,not_checked,,,
circle_uniform_direct_n200,790,2026092391,True,ok,0.00974561409140157,0.006821572920671013,0.009822511083860595,3.8883698216496,3.954246339454626,0.13966506951215507,0.14036328606239218,0.13846701096181963,0.14239892655353614,0.14239892655353614,200.0,200.0,0.005,1.661587534229625e-13,1.3487610163199262,6,2.110117636178188e-14,1.0408340855860843e-17,4.440892098500626e-15,0.0049379074555140345,0.9801133933433042,1.000192819291409,0.4867145942514827,4.841960166146464e-14,0.0010311671067029238,not_checked,0.001,not_checked,not_checked,,,
circle_uniform_direct_n200,791,2026092392,True,ok,0.0034946362185428867,0.003308035640105512,0.005963735181948184,1.3967341264800928,1.3764594812602475,0.4958162247021103,0.4960950310198542,0.5024647751901101,0.49711830463917117,0.49711830463917117,200.0,200.0,0.005,8.205242041370298e-16,1.19941059917791,6,-6.938893903907228e-18,4.336808689942018e-18,1.3322676295501878e-15,0.000560180468530902,0.9615085449751617,1.0318198527084879,0.47916377382256786,1.3877787807814457e-17,0.001020957948639989,not_checked,0.001,not_checked,not_checked,,,
circle_uniform_direct_n200,792,2026092393,True,ok,0.00048289656535729225,0.009745915651042554,0.002182085724205409,0.1931481623855492,0.19639435393595572,0.9077945883652698,0.9077993452951267,0.906470151095591,0.9079378834017279,0.9079378834017279,200.0,200.0,0.005,2.896988204881268e-16,1.2406745735567188,6,4.9873299934333204e-18,-1.5178830414797062e-18,-4.163336342344337e-16,5.231878683856217e-06,0.9473575661589176,1.0519862653680134,0.4690642371474759,3.469446951953614e-17,0.0010235419031232595,not_checked,0.001,not_checked,not_checked,,,
circle_uniform_direct_n200,793,2026092394,True,ok,0.008788924334378213,0.0015470462932088399,0.009410050462665992,3.5077012488220167,3.503975356431327,0.1697441235579205,0.17041920292301885,0.17342887981993768,0.17242638850775804,0.17242638850775804,200.0,200.0,0.005,5.230620103713335e-11,1.2471907109497873,5,2.130240428499519e-15,-3.469446951953614e-18,1.3322676295501878e-15,0.003934242464634252,0.9811400554419147,1.0011904690419844,0.48981107102136595,4.290187996525141e-12,0.0009142488706856966,not_checked,0.001,not_checked,not_checked,,,
circle_uniform_direct_n200,794,2026092395,True,ok,0.002424740847642487,0.0017477798869157562,0.004998608202790421,0.969307635608432,0.9422521395136174,0.6148894841530053,0.6150709913917374,0.6242988682435342,0.6157291094673144,0.6157291094673144,200.0,200.0,0.005,7.652913719402576e-11,1.1579064046703724,5,1.0842021724855044e-17,2.168404344971009e-18,9.992007221626409e-16,0.0002943517242813831,0.965650828311357,1.0295109830889442,0.481981480899244,6.987700348903836e-12,0.0009083328768610954,not_checked,0.001,not_checked,not_checked,,,
circle_uniform_direct_n200,795,2026092396,True,ok,0.007027618781301056,0.00017843219471141156,0.008174513199374863,2.8061188497563765,2.985614565509985,0.24238505479553596,0.2429862343767063,0.22474085800218585,0.24523857756980627,0.24523857756980627,200.0,200.0,0.005,2.5462271180387575e-14,1.1871399760813306,5,-2.688821387764051e-17,7.806255641895632e-18,1.7763568394002505e-15,0.002464331382022955,0.9004632315168257,1.0855258229321436,0.45015127947816,7.593752016088473e-16,0.0009104160126298666,not_checked,0.001,not_checked,not_checked,,,
circle_uniform_direct_n200,796,2026092397,True,ok,0.0011920345343215434,0.004384226549659687,0.003344312149286469,0.47665438076511607,0.5085179871109459,0.7873151187485825,0.7873780576997822,0.7754909288822631,0.7878820312520675,0.7878820312520675,200.0,200.0,0.005,6.036837696399289e-16,1.1917183535361378,6,1.3877787807814457e-17,3.469446951953614e-18,1.27675647831893e-15,7.971648175064683e-05,0.9356750485568816,1.0618147236322995,0.4657865685389224,2.42861286636753e-17,0.0010237079113721848,not_checked,0.001,not_checked,not_checked,,,
circle_uniform_direct_n200,797,2026092398,True,ok,0.011546227303318541,0.006895959207168597,0.010511840017656326,4.604213391454091,4.859537864168613,0.09667807970168416,0.0973777719647935,0.08805717742021077,0.09933617634180993,0.09933617634180993,200.0,200.0,0.005,3.961830863374871e-13,1.3769796832945185,6,7.575537419590717e-14,-6.938893903907228e-18,-2.6645352591003757e-15,0.007138764936662767,0.9368449146456659,1.0394862798048823,0.4651922262520975,1.584982145530489e-13,0.0010290001519024372,not_checked,0.001,not_checked,not_checked,,,
circle_uniform_direct_n200,798,2026092399,True,ok,0.001498179442046446,0.003356076488674124,0.003869467206664578,0.5990760651578353,0.6000716619571793,0.7407636008384961,0.7408361975713611,0.7407916769154612,0.74108801029626,0.74108801029626,200.0,200.0,0.005,4.735795089416683e-16,1.1687541462032662,6,1.734723475976807e-18,-4.336808689942018e-19,-5.551115123125783e-16,9.785583037152934e-05,0.986613307591162,1.010590794114004,0.49165130610920044,3.9898639947466563e-17,0.001029792008921504,not_checked,0.001,not_checked,not_checked,,,
circle_uniform_direct_n200,799,2026092400,True,ok,0.005299354293978562,0.003137091597361968,0.007167736828874328,2.1171185317469456,2.200510173772689,0.34421345679823956,0.34466746513088325,0.3327861834787115,0.3465005549397603,0.3465005549397603,200.0,200.0,0.005,1.2236305718671403e-15,1.2199575616147613,6,-4.0766001685454967e-17,-3.469446951953614e-18,-8.881784197001252e-16,0.0013115929222395906,0.9261192517747442,1.0636813807462375,0.46160709163220603,1.1449174941446927e-16,0.0010240410920232534,not_checked,0.001,not_checked,not_checked,,,
circle_uniform_direct_n200,800,2026092401,True,ok,0.009067638586392713,0.0006103901794140229,0.00982959217849543,3.618913198901647,3.4182611218371632,0.16035749196065818,0.1610163168178081,0.1810231127859565,0.1630778284008233,0.1630778284008233,200.0,200.0,0.005,1.735396548685486e-12,1.2219712907572347,5,-4.458239333260394e-16,2.2551405187698492e-17,8.43769498715119e-15,0.004071117827719073,0.9230660686673918,1.0589433917539888,0.46125132283148834,1.0406844656862813e-13,0.0009206668473780155,not_checked,0.001,not_checked,not_checked,,,
circle_uniform_direct_n200,801,2026092402,True,ok,0.006411361656835972,0.01038825500386794,0.008032851373566158,2.5614227816647253,2.5549160332911307,0.27541498170777257,0.2758476255715454,0.2787449656984363,0.27740622485211197,0.27740622485211197,200.0,200.0,0.005,6.855627177060342e-15,1.3198465447487118,6,5.741934705483231e-16,1.734723475976807e-18,8.881784197001252e-16,0.0015609405348318006,0.9833581487292927,1.0055122142694373,0.4865726936410114,7.216449660063518e-16,0.0010317089036107063,not_checked,0.001,not_checked,not_checked,,,
circle_uniform_direct_n200,802,2026092403,True,ok,0.001892386288044133,0.006773055517629564,0.00450807048239183,0.756569466116338,0.7062500678879468,0.6837353914776045,0.6838675542653816,0.7024893528714447,0.6849035472223426,0.6849035472223426,200.0,200.0,0.005,5.295243410419204e-16,1.242805063837222,6,7.806255641895632e-18,-6.505213034913027e-19,-3.3306690738754696e-16,0.00019252455065760232,0.9188200505199975,1.0773027677164335,0.45629754012164775,6.245004513516506e-17,0.001022040843963623,not_checked,0.001,not_checked,not_checked,,,
circle_uniform_direct_n200,803,2026092404,True,ok,0.01031532637137609,0.008231980682788416,0.010369293191228337,4.116316147124452,3.973785045155965,0.12451139165824107,0.1251291891252087,0.13712086407190088,0.12706388668107996,0.12706388668107996,200.0,200.0,0.005,1.6115581091824538e-13,1.3491798210744437,6,7.507883204027621e-15,-8.673617379884035e-18,-2.6645352591003757e-15,0.004907200712992221,0.9425535431168952,1.03786856898173,0.46739715487938494,1.7805201757425948e-14,0.0010256660170853138,not_checked,0.001,not_checked,not_checked,,,
circle_uniform_direct_n200,804,2026092405,True,ok,8.230838709117293e-05,0.000431908566714608,0.0008952291099082611,0.032922741020732366,0.03381982446364279,0.9836646829329241,0.9836649849827674,0.9832322578448788,0.9836730755602291,0.9836730755602291,200.0,200.0,0.005,1.33958816261881e-12,1.0522903042029232,4,-2.5731478579815725e-14,6.505213034913027e-19,2.0816681711721685e-16,3.0690786840398276e-07,0.9701446289163492,1.0296989647129726,0.4848628039667547,4.6252281518666116e-14,0.0007887089159339666,not_checked,0.001,not_checked,not_checked,,,
circle_uniform_direct_n200,805,2026092406,True,ok,0.0038120261113715713,0.014720552161545348,0.00621494631859047,1.5226724591621073,1.511355899974404,0.4647087568715635,0.465208197588178,0.4696920790281346,0.4665429369659798,0.4665429369659798,200.0,200.0,0.005,1.9262369477246466e-14,1.4027374790376788,6,1.6631661325927638e-15,9.107298248878237e-18,2.6645352591003757e-15,0.001068992693260662,0.95411300012444,1.0366625459357817,0.47003805054964176,6.897260540483785e-15,0.0010203749407082796,not_checked,0.001,not_checked,not_checked,,,
circle_uniform_direct_n200,806,2026092407,True,ok,0.000589552850281682,0.0036945934263341723,0.0024144142996102595,0.23577693154415785,0.23869955158302103,0.8886725037470393,0.8886921663612741,0.8874973213879792,0.8887755322064115,0.8887755322064115,200.0,200.0,0.005,2.680147770384167e-16,1.16557848361961,6,1.5178830414797062e-18,1.5178830414797062e-18,6.106226635438361e-16,2.2104284257473683e-05,0.973552053302416,1.0251093418004111,0.4849773114777459,2.862293735361732e-17,0.0010293340310454369,not_checked,0.001,not_checked,not_checked,,,
circle_uniform_direct_n200,807,2026092408,True,ok,0.003523567509217519,0.0031069238411351504,0.005954717783869348,1.40806046178262,1.4125413606466437,0.49216990399047844,0.49250789575196174,0.49348111894523405,0.49425015573222253,0.49425015573222253,200.0,200.0,0.005,6.661338147750939e-16,1.2148556347717163,6,6.245004513516506e-17,-2.6020852139652106e-18,-4.440892098500626e-16,0.0006832709521937819,0.9128432030916611,1.0797771091918187,0.45500339903067616,1.5959455978986625e-16,0.0010169569868594408,not_checked,0.001,not_checked,not_checked,,,
circle_uniform_direct_n200,808,2026092409,True,ok,0.00653071899321286,7.430571663724546e-05,0.0080323679582662,2.6080202657577436,2.663976594497468,0.2682901466913262,0.26886657027875693,0.26395192432492864,0.2708625455846702,0.2708625455846702,200.0,200.0,0.005,1.2732870313669764e-15,1.1779082757047914,5,-1.3010426069826053e-17,6.938893903907228e-18,3.9968028886505635e-15,0.00213366576370011,0.9282259190808485,1.058733802049118,0.46407847331446156,3.8163916471489756e-17,0.0009105831850320101,not_checked,0.001,not_checked,not_checked,,,
circle_uniform_direct_n200,809,2026092410,True,ok,0.0008915314250901064,0.006870492995730105,0.0029053375507841527,0.3565628710351985,0.3768702344778236,0.8363792412330195,0.8364000651273573,0.8282542411173455,0.8366861198164981,0.8366861198164981,200.0,200.0,0.005,3.469446951953614e-16,1.2108397323773556,6,5.7462715141731735e-18,-7.589415207398531e-19,-4.996003610813204e-16,2.48495004220306e-05,0.945191046877604,1.0533707994034736,0.46934803122314783,5.0306980803327406e-17,0.0010208750609308481,not_checked,0.001,not_checked,not_checked,,,
circle_uniform_direct_n200,810,2026092411,True,ok,0.00029408453617043966,0.0044191900601156745,0.0016953405916111876,0.11762093409588462,0.12046949318800726,0.9428281922424759,0.9428342697536893,0.941543483514027,0.9428793877490342,0.9428793877490342,200.0,200.0,0.005,1.615251873227086e-10,1.1689225236151433,5,6.572696380213738e-12,-1.3552527156068805e-18,-4.163336342344337e-16,6.440186145623139e-06,0.9657336601601694,1.0335379373344873,0.48073255845182356,2.0279063150940857e-11,0.0009057929273694754,not_checked,0.001,not_checked,not_checked,,,
circle_uniform_direct_n200,811,2026092412,True,ok,5.562879011079998e-05,0.004425263857279508,0.000765254309557737,0.022251316250694653,0.021142278422782528,0.9889188652512353,0.9889189641932393,0.9894845389142722,0.9889359043316188,0.9889359043316188,200.0,200.0,0.005,6.617300457589792e-12,1.150575864932174,5,-2.954135146140263e-14,-9.215718466126788e-19,-4.163336342344337e-16,9.989681266919792e-08,0.9450137874168361,1.0548979239192195,0.47041556260504835,1.5870464664669015e-13,0.0009147089440375566,not_checked,0.001,not_checked,not_checked,,,
circle_uniform_direct_n200,812,2026092413,True,ok,0.0029838824912706004,0.0019129692424144158,0.005478852950849865,1.1926040934829423,1.195047935540842,0.5489400655692496,0.5492016624779379,0.5501721950918251,0.5505835857682138,0.5505835857682138,200.0,200.0,0.005,1.1122624349324539e-10,1.1779385775539803,5,2.2985086056692694e-17,-4.7704895589362195e-18,-1.9984014443252818e-15,0.00047445151264891017,0.9231590724718478,1.0706978041977986,0.4606964934124687,1.0026628832759954e-11,0.0009127918165177107,not_checked,0.001,not_checked,not_checked,,,
circle_uniform_direct_n200,813,2026092414,True,ok,0.007062429554587135,0.001121995098040375,0.008034135105713354,2.8198705351534015,3.100845671300658,0.2407295341983503,0.24134780313709375,0.21215824678793135,0.24353711844832085,0.24353711844832085,200.0,200.0,0.005,1.387054707202573e-11,1.2171082488936829,5,5.950101522600448e-16,-7.806255641895632e-18,-2.6645352591003757e-15,0.0025506433407262996,0.9088641164966212,1.0768936841961496,0.45392218759234815,1.187374851219225e-12,0.0009223341476172209,not_checked,0.001,not_checked,not_checked,,,
circle_uniform_direct_n200,814,2026092415,True,ok,0.001502322064841589,0.005319184010854369,0.003844016902435429,0.6007365065182815,0.6118758539933034,0.7401057777595104,0.7401770640455867,0.7364323306038948,0.7404742549701179,0.7404742549701179,200.0,200.0,0.005,3.0531133177191805e-16,1.2033612991125593,6,6.7220534694101275e-18,-3.0357660829594124e-18,-6.661338147750939e-16,9.615970917709049e-05,0.9734738404427233,1.0237562436123793,0.48414841566215644,2.949029909160572e-17,0.0010320418514311314,not_checked,0.001,not_checked,not_checked,,,
circle_uniform_direct_n200,815,2026092416,True,ok,0.003963126916675644,0.0010803278938940068,0.0060282237903783375,1.5836712265971096,1.7324677179668093,0.45049667137528715,0.4508542628729467,0.4205323547609806,0.4526548414460654,0.4526548414460654,200.0,200.0,0.005,1.2334442495154363e-11,1.167660254244074,5,1.5612511283791264e-17,1.734723475976807e-18,1.5543122344752192e-15,0.0007897700365741,0.9141042070695304,1.0779651838142792,0.4565583593078333,1.0206293275805134e-12,0.0009128751698881388,not_checked,0.001,not_checked,not_checked,,,
circle_uniform_direct_n200,816,2026092417,True,ok,0.00540119583744416,0.0222589397706481,0.007743900969139985,2.1591828424649924,1.9479333082309498,0.33708101680276703,0.33730012253068864,0.37758232518246865,0.3395143151476944,0.3395143151476944,200.0,200.0,0.005,7.968625759247061e-14,1.4188346547347936,6,1.5785983631388945e-16,1.734723475976807e-18,8.881784197001252e-16,0.0006477462563359015,0.884087153342059,1.1084484104517267,0.43221220302783486,2.4841240175987878e-14,0.0010384577326476574,not_checked,0.001,not_checked,not_checked,,,
circle_uniform_direct_n200,817,2026092418,True,ok,0.007443624466766949,0.0007003926044363098,0.008761344525845118,2.9719314610747265,2.898065643337553,0.2231210286164409,0.22374194252484275,0.23479726914147245,0.22566021300473732,0.22566021300473732,200.0,200.0,0.005,3.030853346075446e-12,1.2056514577288033,5,1.734723475976807e-18,-2.6020852139652106e-18,-1.3322676295501878e-15,0.002759162816026617,0.9596929273086562,1.0254918966718105,0.4795103753824833,1.8038760589422775e-13,0.000925375847145915,not_checked,0.001,not_checked,not_checked,,,
circle_uniform_direct_n200,818,2026092419,True,ok,0.003572916748885945,0.009940148933276275,0.006064585748374075,1.4274349851185155,1.3988092243345858,0.487351063591406,0.48777529378357454,0.49688105267309435,0.48939597626584797,0.48939597626584797,200.0,200.0,0.005,6.63358257213531e-15,1.3352671562071576,6,5.603156827405087e-16,-3.0357660829594124e-18,-1.1102230246251565e-15,0.0008658572179313095,0.9235150582448891,1.0682036464999893,0.45716862227743854,1.925543058334256e-15,0.0010310832876712084,not_checked,0.001,not_checked,not_checked,,,
circle_uniform_direct_n200,819,2026092420,True,ok,0.000618887952314401,0.00035303484965277057,0.002431877468000139,0.24751576682496546,0.2592778847440211,0.8833776157762447,0.883395054980874,0.8784125312162934,0.883576334834517,0.883576334834517,200.0,200.0,0.005,9.689945720814386e-11,1.0737705476874777,4,3.7229802574145765e-12,8.673617379884035e-19,1.6653345369377348e-16,1.970705039747167e-05,0.9491116388073721,1.049633049654563,0.4743882827361894,7.373804258165029e-12,0.0008033749181777239,not_checked,0.001,not_checked,not_checked,,,
circle_uniform_direct_n200,820,2026092421,True,ok,0.00031077014978868507,0.002166959976583425,0.0016855120245641746,0.12429838290178066,0.13697599309034034,0.9393078293964623,0.9393124067003118,0.9338046689184136,0.9397381278186542,0.9397381278186542,200.0,200.0,0.005,1.6065353908301105e-10,1.119114845196749,4,1.6684082500967312e-13,4.336808689942018e-19,8.326672684688674e-17,4.838506846682744e-06,0.8796550319055209,1.1197278528158114,0.43887448779861904,1.6505468866667705e-11,0.0008001669775694609,not_checked,0.001,not_checked,not_checked,,,
circle_uniform_direct_n200,821,2026092422,True,ok,0.004709247527561348,0.0037455891090529382,0.006916998828531534,1.8814116398614922,1.892566630308885,0.3863948417392955,0.3868393108082204,0.38818109243908716,0.3899060347166661,0.3899060347166661,200.0,200.0,0.005,2.6853519408120974e-15,1.2372229243637336,6,1.6219664500383146e-16,4.336808689942018e-18,1.7763568394002505e-15,0.001143685581523446,0.8610952583868203,1.129376893369533,0.4289348413865532,4.2327252813834093e-16,0.0010219591204077005,not_checked,0.001,not_checked,not_checked,,,
circle_uniform_direct_n200,822,2026092423,True,ok,1.2861675988171551e-05,0.0008152950968340717,0.00036041896011181773,0.005144647004468731,0.005094055204708293,0.9974307394589839,0.9974307511253843,0.9974562133202923,0.9974309704215558,0.9974309704215558,200.0,200.0,0.005,4.875214815180939e-12,1.0633381152808374,4,4.445923474207317e-16,1.0842021724855044e-19,1.3877787807814457e-17,1.1695399944507134e-08,0.987758159422653,1.012211122440319,0.4934764357464896,3.3114526745703365e-13,0.0007999171502888203,not_checked,0.001,not_checked,not_checked,,,
circle_uniform_direct_n200,823,2026092424,True,ok,0.0024400082479833843,0.005910007808592594,0.004795856861013505,0.975526131655692,1.0504392324630298,0.6113302977199397,0.6114770991853546,0.5914254634716551,0.6138518604339926,0.6138518604339926,200.0,200.0,0.005,3.95516952522712e-16,1.2231794123941986,6,6.5052130349130266e-18,-5.204170427930421e-18,-6.661338147750939e-16,0.00023858376883084675,0.8700800065181569,1.1255648020293596,0.4324692524943308,3.469446951953614e-17,0.0010250830091536045,not_checked,0.001,not_checked,not_checked,,,
circle_uniform_direct_n200,824,2026092425,True,ok,0.01031021083829315,0.00209275945837133,0.010397052213594807,4.113787937864204,3.960420484073894,0.12456655578638279,0.12521475273873983,0.13804021240443548,0.12719395310883858,0.12719395310883858,200.0,200.0,0.005,1.4993923463935133e-10,1.2609285961494252,5,-2.3314683517128287e-15,3.469446951953614e-18,1.7763568394002505e-15,0.005148198726527831,0.9291114889766885,1.0506878825299253,0.4635836186799508,1.4359194389079732e-11,0.000911833718419075,not_checked,0.001,not_checked,not_checked,,,
circle_uniform_direct_n200,825,2026092426,True,ok,0.008685844290357077,0.013202853464638238,0.009243999766299981,3.46871774833083,3.586591584739044,0.17352072599372564,0.17401054917062148,0.16641080939980027,0.17601802787681706,0.17601802787681706,200.0,200.0,0.005,3.1002977962657496e-14,1.3691614111001018,6,4.342012860369948e-15,0.0,0.0,0.0028099839060002907,0.8862760154884012,1.0987963105077918,0.4372856456171652,4.163336342344337e-16,0.0010250420309603214,not_checked,0.001,not_checked,not_checked,,,
circle_uniform_direct_n200,826,2026092427,True,ok,0.0011700637219914183,0.00034468108502451044,0.003345067062309473,0.46788889130853123,0.49032594392015305,0.7908811397162157,0.7909352851977107,0.7825769897428069,0.7913517305296817,0.7913517305296817,200.0,200.0,0.005,2.7916211009504366e-13,1.0882614637507948,5,-2.168404344971009e-18,8.673617379884035e-19,2.7755575615628914e-16,6.829874401803604e-05,0.943220163902797,1.0544440203987961,0.47144752904900805,1.0574115368033876e-14,0.0009157080203294754,not_checked,0.001,not_checked,not_checked,,,
circle_uniform_direct_n200,827,2026092428,True,ok,0.0014963592128047288,0.002773332799103043,0.003925721774047544,0.5983238330499981,0.5815363975188634,0.7409413516297835,0.7410229520819469,0.7476889731638388,0.7413578494235924,0.7413578494235924,200.0,200.0,0.005,1.8735013540549517e-16,1.1622482752565029,6,-1.1058862159352145e-17,2.168404344971009e-18,5.551115123125783e-16,0.0001099260359466725,0.9679717177415265,1.029074603404946,0.482643453766239,2.42861286636753e-17,0.0010400409810245037,not_checked,0.001,not_checked,not_checked,,,
circle_uniform_direct_n200,828,2026092429,True,ok,0.008209103962782027,0.002005708332932665,0.008775860035751521,3.276744721738371,3.5151152961334846,0.19089566742734382,0.19155980694914915,0.1724655714777631,0.19362716622834186,0.19362716622834186,200.0,200.0,0.005,1.2355892697879511e-10,1.2502325194971409,5,1.9394208461420703e-15,-6.938893903907228e-18,-2.220446049250313e-15,0.003448431687219644,0.9318703305863287,1.0515905228889022,0.46500069142403283,1.2115993104633294e-11,0.0009136658627539873,not_checked,0.001,not_checked,not_checked,,,
circle_uniform_direct_n200,829,2026092430,True,ok,0.005043224593634004,0.0010757335113027841,0.00729699888609035,2.014679915556447,1.9174213784116065,0.36247062184576584,0.3629463522229971,0.38338687228853346,0.364712860438868,0.364712860438868,200.0,200.0,0.005,1.5038241485409998e-11,1.187803121320976,5,7.806255641895632e-17,-2.6020852139652106e-18,-1.3322676295501878e-15,0.0013049609485771274,0.931970034592285,1.0578375402836033,0.46548375560352856,1.0033653595475922e-12,0.0009120430331677198,not_checked,0.001,not_checked,not_checked,,,
circle_uniform_direct_n200,830,2026092431,True,ok,0.00269183905625605,0.00774092058127545,0.005225623014832805,1.075984509956051,1.06473074319065,0.5826126832731956,0.582832226263623,0.5872143455220269,0.5837001841697427,0.5837001841697427,200.0,200.0,0.005,8.81239525796218e-16,1.2688757920437888,6,2.2551405187698492e-17,0.0,2.220446049250313e-16,0.00037555627318452967,0.9523946536226203,1.0421769510110461,0.4725108846530901,1.4224732503009818e-16,0.001037459122017026,not_checked,0.001,not_checked,not_checked,,,
circle_uniform_direct_n200,831,2026092432,True,ok,0.004648742488168815,0.01075854325065731,0.0066799308934328595,1.8567037284562697,1.9420173337825868,0.3925264582973479,0.3930779981760829,0.3787008623702198,0.39465295404285305,0.39465295404285305,200.0,200.0,0.005,2.5340840537069198e-14,1.3608368640345212,6,2.171006430184974e-15,-3.469446951953614e-18,0.0,0.0013966334056282337,0.9510484656070617,1.0384181570357207,0.4704064369494085,7.396860901565105e-15,0.0010324579197913408,not_checked,0.001,not_checked,not_checked,,,
circle_uniform_direct_n200,832,2026092433,True,ok,0.006260942316371623,0.0022955777763229426,0.007808788257042363,2.5005499379214577,2.588502984145678,0.2833932152279922,0.28393908053179107,0.27410295580085003,0.28587847722307874,0.28587847722307874,200.0,200.0,0.005,2.4147350785597155e-15,1.2218525312171649,6,1.8214596497756474e-17,7.806255641895632e-18,2.6645352591003757e-15,0.001913494313595665,0.92991557144895,1.057753551476198,0.4638905401181908,6.245004513516506e-17,0.0010243328288197517,not_checked,0.001,not_checked,not_checked,,,
circle_uniform_direct_n200,833,2026092434,True,ok,0.006471449136973761,0.007262736036537218,0.00811390128037132,2.584535968810619,2.5607361505739075,0.27159880137727366,0.2721516244290917,0.27793498062590116,0.27409244817720974,0.27409244817720974,200.0,200.0,0.005,1.7444379274422772e-14,1.3055332903649033,6,1.1761425167122752e-15,8.673617379884035e-18,3.1086244689504383e-15,0.002021842989442746,0.9297517345359015,1.0576570663310356,0.4614988274521143,3.3861802251067274e-15,0.0010237921960651875,not_checked,0.001,not_checked,not_checked,,,
circle_uniform_direct_n200,834,2026092435,True,ok,0.0014524238290973554,0.0028136500425018788,0.003898617006726472,0.5807886264304546,0.555599043694117,0.7474020339609484,0.7474697858352788,0.7574486582018021,0.7479009228830258,0.7479009228830258,200.0,200.0,0.005,5.689893001203927e-16,1.1560540104462362,6,-4.7704895589362195e-18,-4.119968255444917e-18,-1.7763568394002505e-15,9.045260424378476e-05,0.9516275690485128,1.0456818973115807,0.47447516597461464,5.551115123125783e-17,0.001027790829539299,not_checked,0.001,not_checked,not_checked,,,
circle_uniform_direct_n200,835,2026092436,True,ok,0.012772186275399233,0.002398185247838882,0.011642648819718233,5.0917876324450955,4.852957756778162,0.07535119415768327,0.07600288637781343,0.0883473673706704,0.07773596528040125,0.07773596528040125,200.0,200.0,0.005,2.299063717181582e-13,1.317662751801204,6,5.08534186982601e-14,6.938893903907228e-18,1.7763568394002505e-15,0.008543438857298913,0.9074165235704174,1.0665877123442107,0.4526202428660383,7.485678743535118e-14,0.00102304108440876,not_checked,0.001,not_checked,not_checked,,,
circle_uniform_direct_n200,836,2026092437,True,ok,0.009968810751009376,0.005724377750454734,0.009776526258618929,3.9768282533868895,4.190175036699358,0.1333998148139436,0.1341213399223775,0.12305947322066069,0.13618212288917714,0.13618212288917714,200.0,200.0,0.005,2.0942969580772797e-13,1.3436482294008354,6,2.9070496010419333e-14,3.469446951953614e-18,-8.881784197001252e-16,0.005348023508430444,0.9320259116877457,1.0474521679000675,0.4633450550872156,5.954264858942793e-14,0.0010312090162187815,not_checked,0.001,not_checked,not_checked,,,
circle_uniform_direct_n200,837,2026092438,True,ok,0.0015973543383955731,0.00042449314341929897,0.004122582289438402,0.6386830015392687,0.6009729324830159,0.7257470808172901,0.7258412608675342,0.740457925269145,0.7265333676708896,0.7265333676708896,200.0,200.0,0.005,5.714283213276161e-13,1.103639258890973,5,-1.0191500421363742e-17,2.3852447794681098e-18,1.6653345369377348e-15,0.0001293669094802885,0.9335356273889823,1.0632498348228332,0.46656967272121597,2.4347060825768985e-14,0.0009159590117633343,not_checked,0.001,not_checked,not_checked,,,
circle_uniform_direct_n200,838,2026092439,True,ok,0.004564535969216379,0.008370828682715648,0.006686425457341584,1.8232478347541285,1.8719453431931108,0.3991536416138215,0.3996688765712525,0.3922041940614971,0.4013557074628494,0.4013557074628494,200.0,200.0,0.005,1.4530043834781736e-14,1.3243453112900432,6,1.2073675392798577e-15,-8.673617379884035e-19,0.0,0.0012832764662115137,0.9364807211735535,1.0533965085437555,0.4643217676444158,3.864963904476326e-15,0.0010137907229363918,not_checked,0.001,not_checked,not_checked,,,
circle_uniform_direct_n200,839,2026092440,True,ok,0.0004870826326264441,0.0046531357119071436,0.0022096991551400357,0.19480578813326538,0.19437263799141194,0.9071309790098513,0.9071433521061669,0.9073869269614829,0.9071780637005213,0.9071780637005213,200.0,200.0,0.005,7.7021722333370235e-16,1.1767235690553661,6,-3.2526065174565133e-18,-1.3010426069826053e-18,-5.551115123125783e-16,1.36324586561265e-05,0.9965990879660742,1.0023437278928247,0.4959804733197465,8.326672684688674e-17,0.0010365000925958157,not_checked,0.001,not_checked,not_checked,,,
circle_uniform_direct_n200,840,2026092441,True,ok,0.008884807253172724,0.003935006824553257,0.009044782708058488,3.546230721254484,3.8770777748493304,0.1664362093293928,0.16708168713619787,0.14391407089376956,0.16915134189271866,0.16915134189271866,200.0,200.0,0.005,3.3105462815541387e-14,1.2813763108000698,6,1.214306433183765e-15,0.0,8.881784197001252e-16,0.003846090007302738,0.9146425089268496,1.067914870685531,0.4555218977548817,2.9351521213527576e-15,0.001022667158395052,not_checked,0.001,not_checked,not_checked,,,
circle_uniform_direct_n200,841,2026092442,True,ok,0.014655317979176219,0.003820118540173995,0.012055484683698728,5.840959502009403,5.952171087906513,0.051107014887373736,0.05165867900737196,0.05099204983725441,0.05334027546943526,0.05334027546943526,200.0,200.0,0.005,3.2457717069611647e-13,1.3394832409457098,6,2.5148286231235772e-14,-1.5612511283791264e-17,-7.105427357601002e-15,0.010583844830542422,0.9706015001683951,1.0005237288863336,0.48344671219148294,5.2936821592908245e-14,0.001023540971800685,not_checked,0.001,not_checked,not_checked,,,
circle_uniform_direct_n200,842,2026092443,True,ok,0.0027031919838649996,0.00042921632835089547,0.0051194267133008176,1.0805460689237867,1.1169053341857629,0.5813979203596333,0.5816110091189572,0.5720935985885254,0.5823763464945901,0.5823763464945901,200.0,200.0,0.005,5.164167704574396e-13,1.1259173120809107,5,-8.239936510889834e-18,-4.336808689942018e-19,4.440892098500626e-16,0.00036536231110662065,0.9641973374809777,1.0304026284347472,0.48189174720970074,2.5454573344962927e-14,0.0009131669066846371,not_checked,0.001,not_checked,not_checked,,,
circle_uniform_direct_n200,843,2026092444,True,ok,0.01727366811697379,0.0008971215681992401,0.013454160148924551,6.879687814008851,6.6817543485128725,0.03008329332141768,0.03053765276828989,0.0354058869637855,0.03159571959575564,0.03159571959575564,200.0,200.0,0.005,6.1742520818253155e-12,1.3182457824731955,5,1.2025103135471227e-14,3.469446951953614e-18,0.0,0.014889716390332541,0.8921530352049835,1.0735293972948061,0.4456763182447468,4.854025167921883e-13,0.000909790862351656,not_checked,0.001,not_checked,not_checked,,,
circle_uniform_direct_n200,844,2026092445,True,ok,0.006799463394116442,0.0023087772107027284,0.008163621210168157,2.7153899792832297,2.7826012983352935,0.2543615733772058,0.25492488529931323,0.2487515556315916,0.2566883235682954,0.2566883235682954,200.0,200.0,0.005,1.9990387817303557e-10,1.2232315047107303,5,-2.645453300864631e-16,-5.204170427930421e-18,-2.220446049250313e-15,0.0021976891816735122,0.9756046749195548,1.0111929743420967,0.48667600933604105,2.1266541479214585e-11,0.000916958088055253,not_checked,0.001,not_checked,not_checked,,,
circle_uniform_direct_n200,845,2026092446,True,ok,0.004257428122899825,0.00510980437342831,0.0063505792982256,1.7011550389582482,1.7998167460073864,0.42496760050387195,0.42535540637280456,0.4066069142040418,0.42678042525604964,0.42678042525604964,200.0,200.0,0.005,2.095545958979983e-15,1.2502971738734086,6,1.1102230246251565e-16,8.673617379884035e-19,4.440892098500626e-16,0.0009081051008408281,0.9450348521456766,1.0464956954185727,0.47010347087453136,3.157196726277789e-16,0.001032334053888917,not_checked,0.001,not_checked,not_checked,,,
circle_uniform_direct_n200,846,2026092447,True,ok,0.00037745589236440943,0.0014413383303098814,0.0018538856088481104,0.15096975371442992,0.16596338078993633,0.9269681136614498,0.926973980792942,0.9203679986403919,0.927287910593368,0.927287910593368,200.0,200.0,0.005,9.919995033746964e-11,1.100691923333165,4,-2.953958692236691e-12,-4.336808689942018e-19,2.7755575615628914e-17,6.301615666934324e-06,0.9063997598445059,1.0928895733560942,0.45254666642360775,4.840544198109198e-12,0.0007953341118991375,not_checked,0.001,not_checked,not_checked,,,
circle_uniform_direct_n200,847,2026092448,True,ok,0.002141420681926033,0.004719914749520921,0.004602176882599729,0.8561515147702844,0.8669612517279531,0.6509643213519076,0.651100291774013,0.6482488517553944,0.6516262377685065,0.6516262377685065,200.0,200.0,0.005,3.95516952522712e-16,1.206014853085643,6,0.0,4.336808689942018e-18,1.5543122344752192e-15,0.0002083790000643737,0.9682437865588522,1.0277175110454413,0.48183659238121945,3.469446951953614e-17,0.0010165430139750242,not_checked,0.001,not_checked,not_checked,,,
circle_uniform_direct_n200,848,2026092449,True,ok,0.0009657555681579742,0.00489708423977204,0.0031361986833803052,0.38619368747605154,0.3797522139760466,0.8241195986157197,0.8241643893724533,0.8270615947482061,0.8243573930869963,0.8243573930869963,200.0,200.0,0.005,4.145989107584569e-16,1.1957699067660146,6,2.3852447794681098e-18,-6.505213034913027e-19,0.0,5.426989356907552e-05,0.9675123471934284,1.0303989971941243,0.4813866977994812,4.85722573273506e-17,0.0010290839709341526,not_checked,0.001,not_checked,not_checked,,,
circle_uniform_direct_n200,849,2026092450,True,ok,0.008742081703414499,0.004113980916048983,0.009298982205009009,3.4891947297481085,3.550062567601167,0.17139516575459207,0.1720566011512858,0.1694781474959676,0.17404936020064937,0.17404936020064937,200.0,200.0,0.005,4.162642452953946e-14,1.2883852866121106,6,3.1225022567582528e-15,1.0408340855860843e-17,4.440892098500626e-15,0.003818975808845604,0.9692021342716045,1.0134308891981945,0.48260748328467296,6.664807594702893e-15,0.0010245819576084614,not_checked,0.001,not_checked,not_checked,,,
circle_uniform_direct_n200,850,2026092451,True,ok,2.1953353893953975e-05,0.006517408707709208,0.0004608460935307324,0.008781274384285657,0.00911574475655023,0.9956071876351931,0.9956072211641133,0.9954524989589729,0.9956189541244067,0.9956189541244067,200.0,200.0,0.005,1.5219546543182583e-12,1.183088800166054,5,2.2774344259415824e-15,-1.0842021724855044e-18,-4.440892098500626e-16,3.358664796629385e-08,0.927162182291806,1.072764442677955,0.46055990353520343,7.704080429160598e-14,0.0009049172513186932,not_checked,0.001,not_checked,not_checked,,,
circle_uniform_direct_n200,851,2026092452,True,ok,0.005432147666402921,0.002894424811752363,0.00735434059817623,2.170116662664497,2.2032209112702215,0.3349397175502704,0.335401566009055,0.3323354410157294,0.3374190891439443,0.3374190891439443,200.0,200.0,0.005,9.506284648352903e-16,1.2158927274126492,6,-1.1449174941446927e-16,5.204170427930421e-18,1.7763568394002505e-15,0.0013712019483356208,0.9129589989172353,1.0766052405420776,0.4551581760875766,1.942890293094024e-16,0.0010160000529140234,not_checked,0.001,not_checked,not_checked,,,
circle_uniform_direct_n200,852,2026092453,True,ok,0.014802420731382266,0.0028092837856008145,0.012463464150976086,5.8990423978780235,5.724093963287431,0.04990870900636049,0.05046188471129455,0.05715165206450604,0.051793835309062196,0.051793835309062196,200.0,200.0,0.005,2.3751833833074443e-13,1.329682706931319,6,3.51090684302946e-14,1.3877787807814457e-17,5.329070518200751e-15,0.01096294733744152,0.8896155400471356,1.0809774614159935,0.44355813208811806,6.07708328104195e-14,0.0010225828737020493,not_checked,0.001,not_checked,not_checked,,,
circle_uniform_direct_n200,853,2026092454,True,ok,0.005743999990994075,0.004782346415251722,0.007459884861691913,2.2942495121757744,2.3813018591209185,0.3147018419149997,0.3152324250267957,0.30402330188970916,0.31701696214300695,0.31701696214300695,200.0,200.0,0.005,7.211245489635587e-15,1.266427388850451,6,5.316927453868914e-16,6.071532165918825e-18,2.6645352591003757e-15,0.0016752421109276217,0.9416511371972985,1.0468431390484756,0.4685741324375438,1.4051260155412137e-15,0.0010271258652210236,not_checked,0.001,not_checked,not_checked,,,
circle_uniform_direct_n200,854,2026092455,True,ok,0.007285559084940666,0.013103220357722708,0.008489530458136444,2.908667419916503,2.9707693167183757,0.23018251996987943,0.23082692301064867,0.2264152314124793,0.23290798513753858,0.23290798513753858,200.0,200.0,0.005,1.179889519420385e-13,1.4004858981741344,6,1.1940101685148363e-14,1.3877787807814457e-17,4.884981308350689e-15,0.0027781070298817934,0.9238836021094184,1.0613509036111217,0.45588974418746603,4.238276396506535e-14,0.0010232089553028345,not_checked,0.001,not_checked,not_checked,,,
circle_uniform_direct_n200,855,2026092456,True,ok,0.0005797762748429133,0.0011188047364323818,0.002352005177316103,0.2318758153243402,0.24316466892186936,0.8903424664150843,0.8903579363804812,0.8855181416884936,0.8905150685307469,0.8905150685307469,200.0,200.0,0.005,1.5622346992427705e-10,1.1008539563131934,4,3.667721725289508e-12,4.336808689942018e-19,3.0531133177191805e-16,1.734730641256288e-05,0.9515485321349929,1.0472739638747577,0.47524198182761135,8.31910321880125e-12,0.0007930418942123652,not_checked,0.001,not_checked,not_checked,,,
circle_uniform_direct_n200,856,2026092457,True,ok,0.003830650550951829,0.004182811074632942,0.006118615423758424,1.5306448292811137,1.574094790086217,0.4631479107060554,0.4635237371076716,0.45518679990436295,0.46480834939548255,0.46480834939548255,200.0,200.0,0.005,1.734723475976807e-15,1.2388460775883685,6,1.1535911115245767e-16,-2.6020852139652106e-18,-1.9984014443252818e-15,0.0008076955498089733,0.9497741705752906,1.042247762903338,0.4729010404924265,3.608224830031759e-16,0.001022291136905551,not_checked,0.001,not_checked,not_checked,,,
circle_uniform_direct_n200,857,2026092458,True,ok,0.009648537373971682,0.0006766667836194873,0.009643826751617218,3.8500009844460874,4.025726539912136,0.14247535264875133,0.14315365598604446,0.13360557763900938,0.14519066420108043,0.14519066420108043,200.0,200.0,0.005,2.960763578752079e-12,1.2372293013460682,5,1.878705524482882e-15,1.734723475976807e-18,8.881784197001252e-16,0.0047069825712926505,0.951879313585582,1.0287816281737678,0.47561760932393526,1.571303850922412e-13,0.0009057498537003994,not_checked,0.001,not_checked,not_checked,,,
circle_uniform_direct_n200,858,2026092459,True,ok,0.003608877217636511,0.003835028149061767,0.005918603697472446,1.4421277900283767,1.4959523799627563,0.48406686217722095,0.48441293427678866,0.47332350091694375,0.48588882153406887,0.48588882153406887,200.0,200.0,0.005,6.175615574477433e-16,1.2284387731065385,6,6.678685382510707e-17,1.734723475976807e-18,1.3322676295501878e-15,0.0007115485131139465,0.9296217609998911,1.062863295803547,0.46302858945698816,1.6306400674181987e-16,0.0010282089933753014,not_checked,0.001,not_checked,not_checked,,,
circle_uniform_direct_n200,859,2026092460,True,ok,0.0052308909075807035,0.00032883459773376913,0.007287399239087518,2.089606931185895,2.076814270833843,0.34888038762395857,0.3493627858971574,0.3540181360372846,0.3512777065750259,0.3512777065750259,200.0,200.0,0.005,2.388436670663907e-13,1.1669404485457542,5,2.6020852139652106e-17,9.540979117872439e-18,3.9968028886505635e-15,0.0013747159231931594,0.9217528822612879,1.0677787114224075,0.4607248902697082,8.771520836059477e-15,0.0009046250488609076,not_checked,0.001,not_checked,not_checked,,,
circle_uniform_direct_n200,860,2026092461,True,ok,0.005608394665547198,0.003993286203119379,0.007501638040971161,2.240522581021394,2.2409029971098304,0.3237736770331564,0.32423543895861295,0.3261325130184869,0.32573245227707054,0.32573245227707054,200.0,200.0,0.005,1.949829186997931e-15,1.2343995477310992,6,-1.196959198423997e-16,1.734723475976807e-18,4.440892098500626e-16,0.0014176425987426633,0.9794503063279208,1.0099546187681596,0.48776960029522964,3.7470027081099033e-16,0.0010363762266933918,not_checked,0.001,not_checked,not_checked,,,
circle_uniform_direct_n200,861,2026092462,True,ok,0.008202974924743112,0.0030817466122681197,0.009497311919012381,3.274488492685522,2.9955665783355268,0.19098987265799403,0.19163395358209345,0.2236253238059897,0.19386466141374215,0.19386466141374215,200.0,200.0,0.005,1.9241552795534744e-14,1.263825283881405,6,1.2368578383714635e-15,5.204170427930421e-18,2.6645352591003757e-15,0.0033507386058613253,0.8905867328967333,1.0931285676611133,0.44392091688717633,2.4875934645507414e-15,0.0010267500765621662,not_checked,0.001,not_checked,not_checked,,,
circle_uniform_direct_n200,862,2026092463,True,ok,0.004250229762391294,0.0025902729244986124,0.006560507045828934,1.6984107221133649,1.6842127741328268,0.425828033672374,0.4261876228941781,0.43080213101497833,0.4273952916246231,0.4273952916246231,200.0,200.0,0.005,5.377642775528102e-16,1.195857889373814,6,-1.9081958235744878e-17,6.071532165918825e-18,2.4424906541753444e-15,0.000840591421576331,0.9687821568896032,1.0230349268013423,0.48313634522967963,1.8214596497756474e-17,0.0010237088426947594,not_checked,0.001,not_checked,not_checked,,,
circle_uniform_direct_n200,863,2026092464,True,ok,0.002305676945314244,0.0002481311723254452,0.004622773521123529,0.9217347740502142,0.9978219032863309,0.6291245489598285,0.6292938808660826,0.6071915607422328,0.6305672997028117,0.6305672997028117,200.0,200.0,0.005,7.366156296040316e-14,1.1123980638453168,5,3.469446951953614e-18,0.0,2.220446049250313e-16,0.00026800203774168807,0.9151067719581889,1.0802669049748124,0.4574398531904721,2.8439707186467267e-15,0.0009069589432328939,not_checked,0.001,not_checked,not_checked,,,
circle_uniform_direct_n200,864,2026092465,True,ok,0.0006202670326882712,0.0048761191587605515,0.0023559845142940546,0.24807987686535354,0.2776421042687265,0.8826383630699479,0.8826503213306514,0.8703837678407609,0.883332663883807,0.883332663883807,200.0,200.0,0.005,2.393918396847994e-16,1.1759830577468204,6,9.75781955236954e-19,2.168404344971009e-18,6.38378239159465e-16,1.346810497747375e-05,0.88862883744194,1.1103369509637984,0.44214765199477096,1.3877787807814457e-17,0.0010218338575214148,not_checked,0.001,not_checked,not_checked,,,
circle_uniform_direct_n200,865,2026092466,True,ok,0.004435001786405607,0.003527740432052646,0.006639515432932962,1.7718241969608968,1.789701800171343,0.41018089887297604,0.4106296123732044,0.40866852654085917,0.41188942265048645,0.41188942265048645,200.0,200.0,0.005,3.1502578323738817e-15,1.238399573955652,6,2.697495005143935e-16,7.806255641895632e-18,2.886579864025407e-15,0.001088258800673092,0.987285393460784,1.0034222252148077,0.4919009992510979,6.591949208711867e-16,0.0010209581814706326,not_checked,0.001,not_checked,not_checked,,,
circle_uniform_direct_n200,866,2026092467,True,ok,0.003342807630605432,0.002176257212754544,0.005760935990529698,1.3360354757684314,1.3555181853271396,0.5107808843209767,0.511059847994707,0.5077535470818264,0.512445186878757,0.512445186878757,200.0,200.0,0.005,1.3328847053850623e-10,1.1798770646335326,5,-2.6020852139652106e-18,-3.469446951953614e-18,-1.3322676295501878e-15,0.0005437882368707347,0.9284169043950383,1.0650091213721269,0.463198152298093,1.6790402401767324e-11,0.0009139999747276306,not_checked,0.001,not_checked,not_checked,,,
circle_uniform_direct_n200,867,2026092468,True,ok,0.006763144562949165,0.00793957962007738,0.008311150895087245,2.699733098847471,2.668904718071979,0.25574168079676374,0.25645384646303715,0.26330233112209367,0.2585596357046199,0.2585596357046199,200.0,200.0,0.005,7.856215678003764e-14,1.3521783557144884,6,9.7682278932254e-15,-5.204170427930421e-18,-1.3322676295501878e-15,0.00276236316609757,0.928930829573672,1.0562949536847537,0.4607786104235696,2.4730217873525362e-14,0.0010211660992354155,not_checked,0.001,not_checked,not_checked,,,
circle_uniform_direct_n200,868,2026092469,True,ok,0.0007191970368961245,0.00029626068249332543,0.002742704862617118,0.28762758212898215,0.27515092066336855,0.865810064977441,0.8658322809562726,0.8714685862073428,0.8660268144081789,0.8660268144081789,200.0,200.0,0.005,1.1356426909969741e-10,1.0725126009274542,4,-1.3600135557664816e-12,3.2526065174565133e-19,3.885780586188048e-16,2.5616314733828416e-05,0.952387207289338,1.0461818902904925,0.47605252546574944,2.967288741106966e-12,0.0007902910001575947,not_checked,0.001,not_checked,not_checked,,,
circle_uniform_direct_n200,869,2026092470,True,ok,0.002737484137356052,0.003736423946708742,0.0052499947116381295,1.0943083775853983,1.0903948497174156,0.5774019608620375,0.5776004175718601,0.5797273194570773,0.5783958243525023,0.5783958243525023,200.0,200.0,0.005,4.787836793695988e-16,1.1973222182544032,6,-1.214306433183765e-17,-8.673617379884035e-19,-4.440892098500626e-16,0.0003426386785112534,0.9596207071767329,1.035154260052219,0.47801784085879534,5.898059818321144e-17,0.0010280420538038015,not_checked,0.001,not_checked,not_checked,,,
circle_uniform_direct_n200,870,2026092471,True,ok,0.008417948857921565,0.011508426090897732,0.009061921257772644,3.3616511813726113,3.467909663146819,0.18337705731378978,0.1838883257960791,0.17658466458746308,0.18570613545092685,0.18570613545092685,200.0,200.0,0.005,3.862882236305154e-14,1.3516145339540533,6,2.5569824035898137e-15,-1.0408340855860843e-17,-3.9968028886505635e-15,0.002764180898007451,0.9682505503820398,1.0169586857903345,0.47855120776587945,1.0477729794899915e-15,0.001019083894789219,not_checked,0.001,not_checked,not_checked,,,
circle_uniform_direct_n200,871,2026092472,True,ok,0.009821400248228154,0.005146711434770412,0.009657495060040608,3.917838961562454,4.159842028432193,0.13742110281484224,0.13816656946399913,0.12494008029904087,0.14025682822816607,0.14025682822816607,200.0,200.0,0.005,1.6459750229458336e-13,1.341125177658543,6,3.400578429957335e-14,1.0408340855860843e-17,3.9968028886505635e-15,0.005360568864403836,0.94180028179902,1.0376334410993389,0.46847612833625035,6.51839693333045e-14,0.0010201670229434967,not_checked,0.001,not_checked,not_checked,,,
circle_uniform_direct_n200,872,2026092473,True,ok,0.009692997413107671,0.004830284852690381,0.010583160239371484,3.8684864017779583,3.391333211432759,0.1412596879773107,0.14187295100389793,0.1834768815154312,0.14390535065651638,0.14390535065651638,200.0,200.0,0.005,2.7394753132625738e-14,1.293259989732301,6,-1.4085954624931674e-15,3.469446951953614e-18,0.0,0.0043562817325550895,0.8170971029031071,1.1643647405491533,0.40657544874480606,2.5777990853015353e-15,0.001025207806378603,not_checked,0.001,not_checked,not_checked,,,
circle_uniform_direct_n200,873,2026092474,True,ok,0.015110380881030231,0.008719654329177092,0.012467983231157236,6.017816914008589,5.967442920639707,0.04663032694371454,0.04725395273986203,0.050604161634993525,0.04870000353988365,0.04870000353988365,200.0,200.0,0.005,3.959541028386582e-12,1.462295523300332,6,8.172421073204816e-13,-5.204170427930421e-18,-8.881784197001252e-16,0.013167719201752082,0.9011045789002824,1.0668246402971167,0.4466231632182006,1.5912063333622939e-12,0.001024582888931036,not_checked,0.001,not_checked,not_checked,,,
circle_uniform_direct_n200,874,2026092475,True,ok,0.005350968757592625,0.01685886893802,0.007431981075872147,2.1382916470452686,2.0773297791114302,0.34117558469998566,0.34153491448348194,0.3539268981564889,0.3429420654353841,0.3429420654353841,200.0,200.0,0.005,2.6006974351844292e-14,1.3877545387951071,6,9.610368056911511e-16,-5.204170427930421e-18,-1.7763568394002505e-15,0.0010479279958905963,0.961556173444531,1.0293730822490836,0.47267198951796807,6.571132527000145e-15,0.0010251251515001059,not_checked,0.001,not_checked,not_checked,,,
circle_uniform_direct_n200,875,2026092476,True,ok,0.0035459370896168477,0.0038236410850347874,0.006344951024641674,1.4172096509960086,1.2565271594751306,0.4882643330400317,0.48855076992425106,0.5335174075902147,0.49204386108165776,0.49204386108165776,200.0,200.0,0.005,5.551115123125783e-16,1.2108592690644486,6,-1.3877787807814457e-17,-2.6020852139652106e-18,-1.7763568394002505e-15,0.0005825924253651804,0.8456705129474977,1.1475393732101025,0.4212185467624613,3.382710778154774e-17,0.001021082978695631,not_checked,0.001,not_checked,not_checked,,,
circle_uniform_direct_n200,876,2026092477,True,ok,7.209755821852319e-05,0.00036749250765382054,0.000880553976028232,0.02883854706535971,0.026877017679232295,0.9856266113103889,0.9856268469390062,0.9866513847909713,0.9856839516207453,0.9856839516207453,200.0,200.0,0.005,8.923781852354651e-13,1.0483466378887272,4,-1.5441966282059294e-14,1.6263032587282567e-19,-6.938893903907228e-18,2.3811102478274448e-07,0.9108257279369854,1.089036326322389,0.45524550455400087,2.8042563930685827e-14,0.0007898758631199598,not_checked,0.001,not_checked,not_checked,,,
circle_uniform_direct_n200,877,2026092478,True,ok,7.578315274217942e-05,0.011868312346543217,0.0009094395615661401,0.030313517324558788,0.027806893667221787,0.9848872095682324,0.9848870827996721,0.986192759699731,0.984957653063,0.984957653063,200.0,200.0,0.005,3.329482869962597e-11,1.2529112789795553,5,-3.201336765124019e-13,1.3010426069826053e-18,6.106226635438361e-16,-1.2811384350955302e-07,0.9033916506686528,1.0964877426727362,0.44633466297479135,2.474083438119834e-12,0.0009169590193778276,not_checked,0.001,not_checked,not_checked,,,
circle_uniform_direct_n200,878,2026092479,True,ok,0.0013410085281100712,0.0010465611490158172,0.0035657614941709617,0.5362294906023694,0.566361183869863,0.7642278023654989,0.7642944203010422,0.7533837205499178,0.764753510462244,0.764753510462244,200.0,200.0,0.005,1.3301745122040742e-11,1.115404344920416,5,-4.7704895589362195e-18,-1.0842021724855044e-18,-7.771561172376096e-16,8.69603208295544e-05,0.9452226248565582,1.0521412121233784,0.4721166957476707,8.989198274633736e-13,0.0009069168008863926,not_checked,0.001,not_checked,not_checked,,,
circle_uniform_direct_n200,879,2026092480,True,ok,0.0004357182361729795,0.0013340746108859648,0.0020660376011167065,0.17426848319820312,0.1799024948222372,0.9160767250627463,0.9160853898040084,0.9139757428687099,0.916545426960494,0.916545426960494,200.0,200.0,0.005,1.215311965646615e-10,1.1015743010935,4,-1.3446898759414405e-13,6.505213034913027e-19,4.440892098500626e-16,9.405635494327824e-06,0.8934448401622205,1.1056874456176562,0.44612645929099226,2.3728501802322555e-12,0.0007940419018268585,not_checked,0.001,not_checked,not_checked,,,
circle_uniform_direct_n200,880,2026092481,True,ok,0.01608276563429402,0.00793857727878966,0.012832959544105989,6.403858391338588,6.37550782944091,0.038218690919510856,0.03878681535051485,0.04126445040408091,0.04009301590248384,0.04009301590248384,200.0,200.0,0.005,4.03822808525689e-12,1.4576537993223582,6,9.470479955808742e-13,6.938893903907228e-18,1.7763568394002505e-15,0.014623931189509776,0.8997323836642321,1.0664460622662244,0.4462960287904068,1.76696157705436e-12,0.0010142079554498196,not_checked,0.001,not_checked,not_checked,,,
circle_uniform_direct_n200,881,2026092482,True,ok,0.013809340749802938,0.002669745093364138,0.011880496899953423,5.505302330709943,5.439828357656744,0.06085747077047293,0.061428340881572036,0.06588040811760827,0.06317364021996931,0.06317364021996931,200.0,200.0,0.005,9.482692409079618e-14,1.3051341155361025,6,-1.2663481374630692e-14,1.3877787807814457e-17,3.552713678800501e-15,0.009216984605616041,0.9593980815939228,1.0136161900480043,0.47841847341198074,1.1261824806041432e-14,0.0010264581069350243,not_checked,0.001,not_checked,not_checked,,,
circle_uniform_direct_n200,882,2026092483,True,ok,0.004104070223851064,0.015170434909288918,0.006174011028231835,1.6391832807420594,1.771974089295664,0.4377351974058775,0.43827352712605816,0.4123070069419642,0.44007326931159996,0.44007326931159996,200.0,200.0,0.005,2.9351521213527576e-14,1.4123733291315161,6,2.465042059363043e-15,2.6020852139652106e-18,1.3322676295501878e-15,0.0012224043991830857,0.9242853849151025,1.0657723791627518,0.455130184808011,1.0033640585049852e-14,0.0010205840226262808,not_checked,0.001,not_checked,not_checked,,,
circle_uniform_direct_n200,883,2026092484,True,ok,0.010322915482193667,0.0005276264407722089,0.010131599577323989,4.1184023412747655,4.174443143552012,0.12416472381384105,0.12484173709347318,0.12403126950054094,0.12687117258755187,0.12687117258755187,200.0,200.0,0.005,1.146010369934558e-12,1.2416813874759396,5,2.3071822230491534e-15,-5.204170427930421e-18,-3.552713678800501e-15,0.005381925801350551,0.9778019260777422,1.0015193018635644,0.4886430003088473,5.811974165825795e-14,0.0009118749294430017,not_checked,0.001,not_checked,not_checked,,,
circle_uniform_direct_n200,884,2026092485,True,ok,0.0022273945163351367,0.006828094439147546,0.004675117426686015,0.8904349036814921,0.912692035247635,0.6393213411005019,0.6394891231366802,0.6335945642790113,0.6405174566671987,0.6405174566671987,200.0,200.0,0.005,6.38378239159465e-16,1.248854564397805,6,3.0357660829594124e-18,-4.336808689942018e-19,-4.440892098500626e-16,0.00026145142628125617,0.9276861371832128,1.067779089739315,0.460676364216272,6.591949208711867e-17,0.0010266657918691635,not_checked,0.001,not_checked,not_checked,,,
circle_uniform_direct_n200,885,2026092486,True,ok,0.01641912787508537,0.004646883475200038,0.012825429950966949,6.53847108776594,6.603059087536021,0.035442783764877264,0.03597240560762979,0.03682679610456977,0.037484582082440945,0.037484582082440945,200.0,200.0,0.005,2.2661872378648695e-12,1.4032373255510402,6,5.073302888902731e-13,1.0408340855860843e-17,5.329070518200751e-15,0.014590031134104287,0.9606206056890751,1.005495618834108,0.4780786398760002,8.167216902776886e-13,0.0010424181818962097,not_checked,0.001,not_checked,not_checked,,,
circle_uniform_direct_n200,886,2026092487,True,ok,0.021047437948324876,0.0005252956332712057,0.013676306613568246,8.374262731605539,9.574128107658431,0.013951595567519084,0.014267962991467941,0.008336898170206589,0.014853977720057336,0.014853977720057336,200.0,200.0,0.005,1.1651721254501979e-12,1.353101171456334,5,1.7038107036349004e-13,6.938893903907228e-18,3.552713678800501e-15,0.022356223862205482,0.8745217401013952,1.0834589041123142,0.4370311742109032,2.0164425684754406e-13,0.0009002499282360077,not_checked,0.001,not_checked,not_checked,,,
circle_uniform_direct_n200,887,2026092488,True,ok,0.00127597075507791,0.0008984254037999768,0.0037293750149090875,0.5102169932974717,0.4690606972415013,0.7737145818362607,0.7737811701183386,0.790942229521371,0.7747660617401556,0.7747660617401556,200.0,200.0,0.005,8.137667623087097e-12,1.114583322278159,5,2.168404344971009e-19,1.0842021724855044e-18,1.1102230246251565e-16,8.565436684615513e-05,0.9032264334233921,1.0941591539567068,0.4512074906640242,4.882474632927902e-13,0.0008787920232862234,not_checked,0.001,not_checked,not_checked,,,
circle_uniform_direct_n200,888,2026092489,True,ok,0.0006330545617493847,0.00017681392331827676,0.0025813098464182653,0.25318120817736534,0.24074082838279234,0.8808430958168174,0.8808610200464251,0.8865919696389475,0.881076421867642,0.881076421867642,200.0,200.0,0.005,5.153566809412702e-11,1.0644819654048974,4,1.920432562974028e-12,1.3010426069826053e-18,6.106226635438361e-16,2.0308261194285082e-05,0.9437475907831234,1.0549783165494167,0.47179036182960565,3.681401971461495e-12,0.0007815011776983738,not_checked,0.001,not_checked,not_checked,,,
circle_uniform_direct_n200,889,2026092490,True,ok,0.00854462559001726,0.006642253922916742,0.00952975713718785,3.410860440764082,3.2411902655045672,0.17832230099095803,0.17894997764866072,0.19778095812538107,0.1810603065224171,0.1810603065224171,200.0,200.0,0.005,6.112471639951877e-14,1.3170179243601323,6,3.202299536653186e-15,0.0,4.440892098500626e-16,0.003494897621410864,0.9023306279356601,1.0810934329918498,0.44816855415421475,7.958911307781591e-15,0.0010312502272427082,not_checked,0.001,not_checked,not_checked,,,
circle_uniform_direct_n200,890,2026092491,True,ok,0.0005872179328706584,0.001037900012752369,0.0024228069445500788,0.23485402559790722,0.2351450395758253,0.8891082978259666,0.8891230452581833,0.8890760338031033,0.8891906726236541,0.8891906726236541,200.0,200.0,0.005,1.7235499225748407e-10,1.0964313539884984,4,-3.435180308611341e-12,4.336808689942018e-19,9.159339953157541e-16,1.657377517808034e-05,0.9782026913213168,1.0206450317078475,0.4885937258843746,5.979833381936084e-12,0.0007943746168166399,not_checked,0.001,not_checked,not_checked,,,
circle_uniform_direct_n200,891,2026092492,True,ok,0.0028292332834605237,0.0003278122037948213,0.005334617845181507,1.130882902684264,1.1288028648956263,0.5667540170167022,0.566984461030261,0.5687004505365854,0.5678791444863915,0.5678791444863915,200.0,200.0,0.005,2.2640916919058895e-13,1.1266843634006043,5,8.673617379884035e-18,4.336808689942018e-19,0.0,0.00040520534997279256,0.9546449198740695,1.0396680293020097,0.477165986723753,8.663751140114417e-15,0.0009186661336570978,not_checked,0.001,not_checked,not_checked,,,
circle_uniform_direct_n200,892,2026092493,True,ok,0.011131345366781016,0.0027124401612124843,0.010788602186668115,4.440563824554539,4.282520112087978,0.10535767311542629,0.10599632729208705,0.11750668468922934,0.10793036014020298,0.10793036014020298,200.0,200.0,0.005,3.444466933899548e-14,1.2803641713344942,6,-2.779027008514845e-15,1.734723475976807e-18,2.6645352591003757e-15,0.0059871610789334895,0.9394237013989509,1.038820828168057,0.46843777285561994,2.373101715136272e-15,0.001029500039294362,not_checked,0.001,not_checked,not_checked,,,
circle_uniform_direct_n200,893,2026092494,True,ok,0.005690974774266701,0.002297801668360515,0.007777718620545362,2.272939028793151,2.1558771088282684,0.31763760767220117,0.31818905213810533,0.3402963054037628,0.3203968309183163,0.3203968309183163,200.0,200.0,0.005,4.218847493575595e-15,1.230048672029218,6,5.204170427930421e-16,-8.673617379884035e-19,-4.440892098500626e-16,0.0017254404567645931,0.9054580984482186,1.08283272011808,0.45168885634639844,9.228728892196614e-16,0.0010307503398507833,not_checked,0.001,not_checked,not_checked,,,
circle_uniform_direct_n200,894,2026092495,True,ok,0.006054257390327333,0.0029261420731810928,0.007784211593819065,2.4182738054579827,2.434489340719039,0.29561175889811275,0.2961218434760726,0.29604474505399136,0.29794347905533103,0.29794347905533103,200.0,200.0,0.005,1.8943180357666733e-15,1.2245357790510063,6,-1.4051260155412137e-16,1.734723475976807e-18,4.440892098500626e-16,0.0017145753364753435,0.9382127154396234,1.0501235537546127,0.4677338027118851,2.706168622523819e-16,0.0010231251362711191,not_checked,0.001,not_checked,not_checked,,,
circle_uniform_direct_n200,895,2026092496,True,ok,0.0003086394351878227,0.005011737805520746,0.0017031730321339928,0.12345145709930415,0.13152787798512985,0.9399867246327147,0.9399887587418458,0.9363518743714394,0.9401386759079449,0.9401386759079449,200.0,200.0,0.005,8.881784197001252e-16,1.168077300836659,6,-3.144186300207963e-18,1.4094628242311558e-18,4.163336342344337e-16,2.1584879124694756e-06,0.9295215611882433,1.0700459053694424,0.46243103673217717,9.020562075079397e-17,0.0010225418955087662,not_checked,0.001,not_checked,not_checked,,,
circle_uniform_direct_n200,896,2026092497,True,ok,0.0006782298490343491,0.001903049749096409,0.0026183784373795434,0.2712409456158136,0.26871195937153575,0.873020072949525,0.8730423567180969,0.8742787837150844,0.8731516998408306,0.8731516998408306,200.0,200.0,0.005,1.0650993281791088e-10,1.127375199477687,5,-1.951563910473908e-18,-2.168404344971009e-19,-1.1102230246251565e-16,2.5496998963037143e-05,0.9700625948848562,1.0285138998432724,0.4841083274043194,9.820328144422019e-12,0.0009239162318408489,not_checked,0.001,not_checked,not_checked,,,
circle_uniform_direct_n200,897,2026092498,True,ok,0.00013609810200590489,0.007835301231377906,0.001140625824361226,0.05443725228615766,0.056951107225588625,0.9731169473248529,0.9731179159574403,0.9719260539363647,0.9731474950103859,0.9731474950103859,200.0,200.0,0.005,6.664798747613165e-11,1.2099827952631685,5,1.355141855934744e-13,1.599198204416119e-18,6.800116025829084e-16,9.942581021479824e-07,0.9552957721765039,1.0443576757822877,0.4739065980939144,4.252747459743134e-12,0.0008808749262243509,not_checked,0.001,not_checked,not_checked,,,
circle_uniform_direct_n200,898,2026092499,True,ok,0.005319656219059148,0.0013268698703007703,0.007041893046795599,2.124934542340875,2.2899516754470457,0.3426914723917496,0.34319616830374167,0.31823160689759517,0.3450964817463314,0.3450964817463314,200.0,200.0,0.005,2.7675202407539956e-11,1.1993082299740985,5,1.6566609195578508e-16,-6.071532165918825e-18,-1.3322676295501878e-15,0.0014639726413920862,0.9249424024422898,1.0642636503895049,0.46185753668146445,2.3219958941722574e-12,0.0008899581152945757,not_checked,0.001,not_checked,not_checked,,,
circle_uniform_direct_n200,899,2026092500,True,ok,0.0004226918101558272,0.007944525886859968,0.0021335129352738434,0.1690608823761134,0.1570048565497022,0.918682543566963,0.9186898431892061,0.9244998149891769,0.9189364024337395,0.9189364024337395,200.0,200.0,0.005,2.498001805406602e-16,1.221127465024859,6,3.469446951953614e-18,1.3010426069826053e-18,2.220446049250313e-16,7.920843108730202e-06,0.9223329486748355,1.076880693580948,0.45750160220217023,1.0408340855860843e-17,0.0010007501114159822,not_checked,0.001,not_checked,not_checked,,,
circle_uniform_direct_n200,900,2026092501,True,ok,0.028822950881046885,0.008821337762666182,0.017102986282339794,11.449900781194621,11.508390021106761,0.0026715417373786568,0.002782532118030528,0.0031694569638280865,0.0031366805867335864,0.0031366805867335864,200.0,200.0,0.005,1.572330460275495e-11,1.5103425398841106,6,1.858520282116416e-12,-3.469446951953614e-17,-1.2434497875801753e-14,0.03963978561206627,0.9478087839075785,0.9968011857507972,0.4697230232148054,4.530056885165834e-12,0.0009985000360757113,not_checked,0.001,not_checked,not_checked,,,
circle_uniform_direct_n200,901,2026092502,True,ok,0.003519976130290533,0.0028828426200998847,0.0058924310292383245,1.4068642048541307,1.429646979114296,0.4934197170978665,0.4936985914912757,0.4892784669336918,0.4946052911783412,0.4946052911783412,200.0,200.0,0.005,7.840950111415168e-16,1.1902201414015128,6,-9.540979117872439e-18,2.168404344971009e-18,1.3322676295501878e-15,0.0005631236310412735,0.9840355339168071,1.0092730603546591,0.4905991891112219,8.326672684688674e-17,0.0009995419532060623,not_checked,0.001,not_checked,not_checked,,,
circle_uniform_direct_n200,902,2026092503,True,ok,0.01065378895028989,0.0018456231063866363,0.010319500502323034,4.250035246184952,4.29118738494659,0.1160603497377545,0.11673533008822481,0.1169985552591171,0.1187472742449009,0.1187472742449009,200.0,200.0,0.005,9.96394980412596e-11,1.272852090076779,5,5.662137425588298e-15,-3.469446951953614e-18,-2.6645352591003757e-15,0.005740166965501725,0.9591514034485324,1.0195232325150774,0.4786905551739792,8.688002140627704e-12,0.0009077510330826044,not_checked,0.001,not_checked,not_checked,,,
circle_uniform_direct_n200,903,2026092504,True,ok,0.0019559808325254197,8.306470250820947e-05,0.004314081694166358,0.7820085925462477,0.823232408171617,0.6754646614686017,0.6755946276306073,0.6625785221893343,0.676247485921113,0.676247485921113,200.0,200.0,0.005,1.2828280104848488e-15,1.0968836174661243,5,-2.211772431870429e-17,1.734723475976807e-18,5.551115123125783e-16,0.00019187023196010067,0.9483638389393457,1.0477207647928373,0.47414253164561165,3.5561831257524545e-17,0.0008849161677062511,not_checked,0.001,not_checked,not_checked,,,
circle_uniform_direct_n200,904,2026092505,True,ok,0.0026662158154815586,0.0033433837908195176,0.005054622004313479,1.0657553282898145,1.1168804989167422,0.5854323036796316,0.5856470792909001,0.5721007026818463,0.5866991199236784,0.5866991199236784,200.0,200.0,0.005,3.7470027081099033e-16,1.1978984184054136,6,2.1250362580715887e-17,2.6020852139652106e-18,8.881784197001252e-16,0.00036549895140447486,0.936803591105878,1.0578119730625726,0.46683594167130593,5.551115123125783e-17,0.0010714170057326555,not_checked,0.001,not_checked,not_checked,,,
circle_uniform_direct_n200,905,2026092506,True,ok,0.005343099841370024,0.0027474072821180263,0.007267660126757468,2.134213169210658,2.167555603816476,0.3414471101412504,0.3419670895307273,0.33831502128895186,0.3434822068330631,0.3434822068330631,200.0,200.0,0.005,3.1710745140856034e-15,1.232490754729737,6,3.668940151690947e-16,4.336808689942018e-18,1.3322676295501878e-15,0.0015133836686758162,0.9798876734632072,1.009151587884639,0.4885978725430736,7.528699885739343e-16,0.0009964578785002232,not_checked,0.001,not_checked,not_checked,,,
circle_uniform_direct_n200,906,2026092507,True,ok,0.003449550950611886,0.0012900657808695782,0.006093802812456541,1.3786724663643737,1.2977634993956766,0.49857077085023804,0.4988587038769533,0.5226298811352001,0.5016211175743072,0.5016211175743072,200.0,200.0,0.005,2.7263212520889368e-11,1.1591897249246546,5,-1.3010426069826053e-18,-1.734723475976807e-18,-2.220446049250313e-16,0.0005739569401903566,0.8685309254064889,1.1247059434809963,0.43370526160072265,2.074969536469684e-12,0.0008885420393198729,not_checked,0.001,not_checked,not_checked,,,
circle_uniform_direct_n200,907,2026092508,True,ok,0.0017185878090123204,0.002292158075667394,0.004065901546300619,0.6871703234598595,0.715407406463384,0.7085764943254733,0.7086705164721276,0.6992802387889253,0.7091291849368961,0.7091291849368961,200.0,200.0,0.005,2.7755575615628914e-16,1.1508678582099194,6,3.0357660829594124e-18,-8.673617379884035e-19,-9.992007221626409e-16,0.00013240007253434438,0.9591893356810837,1.0375575371213095,0.4784952578166552,2.2551405187698492e-17,0.0010065410751849413,not_checked,0.001,not_checked,not_checked,,,
circle_uniform_direct_n200,908,2026092509,True,ok,0.0009513425108658522,0.0041594259950043285,0.0032146424196486884,0.3804675503389783,0.353667432861138,0.825442311779843,0.8254711908965404,0.8379191051190035,0.8267371234252625,0.8267371234252625,200.0,200.0,0.005,2.914335439641036e-16,1.1710012094891908,6,7.047314121155779e-18,2.6020852139652106e-18,1.2212453270876722e-15,3.472700368128967e-05,0.8721485168815662,1.1261648532414188,0.4342603760362403,2.42861286636753e-17,0.0009936261922121048,not_checked,0.001,not_checked,not_checked,,,
circle_uniform_direct_n200,909,2026092510,True,ok,0.004132628153408006,0.003314151664080474,0.006360257765943491,1.6512825772728308,1.6930274128548848,0.43592133718714077,0.4363086748836028,0.4289076263523668,0.43756691746213583,0.43756691746213583,200.0,200.0,0.005,1.5681900222830336e-15,1.2215724603323472,6,7.28583859910259e-17,8.673617379884035e-19,1.3322676295501878e-15,0.0008843420451858375,0.9615269600779937,1.0300873985714947,0.47917016850272676,2.0296264668928643e-16,0.0010028337128460407,not_checked,0.001,not_checked,not_checked,,,
circle_uniform_direct_n200,910,2026092511,True,ok,0.0034863562978447137,0.004172755368079666,0.006004211950962372,1.393147194502421,1.3509456267699707,0.49649576007954077,0.49684363314133295,0.5089157415394607,0.49794220666323685,0.49794220666323685,200.0,200.0,0.005,9.43689570931383e-16,1.2371135580803034,6,6.722053469410127e-17,-8.673617379884035e-19,0.0,0.0006976623177322727,0.9600920608512216,1.0324525510559364,0.47804319410399193,1.960237527853792e-16,0.0009900412987917662,not_checked,0.001,not_checked,not_checked,,,
circle_uniform_direct_n200,911,2026092512,True,ok,0.0034854710786023715,0.0013279743658948674,0.006021014433678821,1.3930148953420125,1.3471330896568419,0.4962609105385337,0.49655340991955366,0.5098867968675611,0.49803037207216083,0.49803037207216083,200.0,200.0,0.005,2.3398290249776466e-11,1.160898214050336,5,8.239936510889834e-18,8.673617379884035e-19,4.440892098500626e-16,0.0005867680494680005,0.9252115228218273,1.0679522318740233,0.4619914656203618,2.3297544449185636e-12,0.0008852500468492508,not_checked,0.001,not_checked,not_checked,,,
circle_uniform_direct_n200,912,2026092513,True,ok,0.0008977255472069361,0.000854952840023446,0.002945614842690768,0.35900589879310085,0.37178730570069385,0.8354276797921951,0.8354629524942534,0.830361896907437,0.8356502543767586,0.8356502543767586,200.0,200.0,0.005,6.737554958391456e-12,1.1026086274802138,5,3.7947076036992655e-18,0.0,3.885780586188048e-16,4.216004483678648e-05,0.9638968272745099,1.0342683523480578,0.48153636292710317,4.0039152549020685e-13,0.0008882510010153055,not_checked,0.001,not_checked,not_checked,,,
circle_uniform_direct_n200,913,2026092514,True,ok,0.00021877459307211196,6.890945753494529e-05,0.0014879441043671887,0.0875050316452388,0.08648656421532097,0.9571756455167961,0.9571779461156966,0.9576783757103644,0.9571885178168912,0.9571885178168912,200.0,200.0,0.005,2.918881282509833e-12,1.0378491615647887,4,2.4280328182052502e-14,-6.505213034913027e-19,-1.942890293094024e-16,2.402791802989801e-06,0.9863637214477703,1.013197890435492,0.49314787573965363,4.6211949197849655e-14,0.0007750408258289099,not_checked,0.001,not_checked,not_checked,,,
circle_uniform_direct_n200,914,2026092515,True,ok,0.0003658241101013385,0.008059240728684011,0.0019497803059901682,0.14631345931381856,0.1410473277369684,0.9293139661709912,0.9293215008806215,0.9319056867712632,0.9294476239651583,0.9294476239651583,200.0,200.0,0.005,2.888314587501384e-16,1.2246497313447322,6,-4.7704895589362195e-18,-2.2768245622195593e-18,-8.326672684688674e-16,8.092363358414012e-06,0.9426516941495956,1.0565530626816404,0.4675269371372627,3.122502256758253e-17,0.0009964590426534414,not_checked,0.001,not_checked,not_checked,,,
circle_uniform_direct_n200,915,2026092516,True,ok,0.00826003082751061,0.0017981000285477158,0.008779923870499879,3.297175932902563,3.565690270426815,0.18886261428100953,0.1895130619152029,0.16815903083619008,0.1916650109327167,0.1916650109327167,200.0,200.0,0.005,9.147795715369611e-11,1.2415489170325764,5,7.806255641895632e-16,-1.214306433183765e-17,-5.773159728050814e-15,0.00341819905084062,0.9067020518531009,1.0768306078029974,0.4525359055051676,7.827476514177256e-12,0.0008882079273462296,not_checked,0.001,not_checked,not_checked,,,
circle_uniform_direct_n200,916,2026092517,True,ok,0.009728495769843753,0.005478543689554418,0.010036073262344044,3.880994597151526,3.8301366816097486,0.1400405940310973,0.1407727914252621,0.14733176347080099,0.14288728819251303,0.14288728819251303,200.0,200.0,0.005,2.06959449577937e-13,1.342081313253335,6,3.0161637076808745e-14,1.3877787807814457e-17,4.884981308350689e-15,0.005201855392987786,0.8652936847666954,1.1144400244871924,0.4302761034381184,6.016021014687567e-14,0.0009923758916556835,not_checked,0.001,not_checked,not_checked,,,
circle_uniform_direct_n200,917,2026092518,True,ok,0.003221978294232264,0.02862736561809319,0.005839371929660292,1.2876679094866506,1.2211279665745916,0.5233654240923733,0.523660678227239,0.5430445146627088,0.5249797131026019,0.5249797131026019,200.0,200.0,0.005,5.174194406265542e-13,1.5055962554045639,6,8.821068875342064e-16,4.7704895589362195e-18,2.6645352591003757e-15,0.0005617041031275027,0.9306456453494626,1.0628065252718881,0.4519876179288121,1.847896835549534e-13,0.0009995829313993454,not_checked,0.001,not_checked,not_checked,,,
circle_uniform_direct_n200,918,2026092519,True,ok,0.0015835774081403818,0.009223460139104397,0.0040424097953188015,0.6331492895765461,0.6157813589664609,0.7277533885823348,0.7278562060074589,0.7349956637230528,0.7285380080886116,0.7285380080886116,200.0,200.0,0.005,3.885780586188048e-16,1.272128898437357,6,-7.37257477290143e-18,-4.336808689942018e-19,0.0,0.00014083683980331552,0.9349008373681461,1.0617078684847137,0.46313752460178176,8.326672684688674e-17,0.0009919579606503248,not_checked,0.001,not_checked,not_checked,,,
circle_uniform_direct_n200,919,2026092520,True,ok,0.0009774876778251562,0.004029597544246881,0.0030887163357904927,0.39091198852956954,0.40081441568828524,0.8222391031631382,0.8222732993732991,0.8183974273641164,0.8224253703755269,0.8224253703755269,200.0,200.0,0.005,2.745199900733297e-16,1.172250819542383,6,-8.890457814381136e-18,-4.119968255444917e-18,-1.2212453270876722e-15,4.154130024647262e-05,0.9751990818633988,1.0230022382108896,0.48563482534843283,2.2551405187698492e-17,0.000991082051768899,not_checked,0.001,not_checked,not_checked,,,
circle_uniform_direct_n200,920,2026092521,True,ok,0.004254044829574965,0.0032402400016486406,0.006634896232352443,1.6999422942513562,1.6510189042384136,0.42523211711419706,0.425590081334667,0.4380117895797465,0.42706930765520623,0.42706930765520623,200.0,200.0,0.005,1.2836953722228372e-15,1.2085118056980126,6,2.0816681711721685e-17,8.673617379884035e-19,6.661338147750939e-16,0.0008378187893149924,0.9380164826180837,1.053828528744278,0.4674884285154019,7.45931094670027e-17,0.000994417117908597,not_checked,0.001,not_checked,not_checked,,,
circle_uniform_direct_n200,921,2026092522,True,ok,0.01202404126619654,0.0009772399298039218,0.01062830245867969,4.794879775944623,5.182128967585057,0.08788908865357897,0.08854255424877783,0.07494022495703323,0.09028280538566344,0.09028280538566344,200.0,200.0,0.005,1.0704964692465069e-11,1.274074187483007,5,1.1934897514720433e-14,-3.469446951953614e-18,0.0,0.007368365266996246,0.8912434030499613,1.084582621994799,0.445186224373808,6.834168647662509e-13,0.0008797070477157831,not_checked,0.001,not_checked,not_checked,,,
circle_uniform_direct_n200,922,2026092523,True,ok,0.012124221999924203,0.0005935570078515614,0.011005920493010683,4.834804292465857,4.885299035539337,0.08589341825820682,0.08654292482708524,0.08693022289936737,0.08849188730989507,0.08849188730989507,200.0,200.0,0.005,1.904663926577399e-12,1.264927821351219,5,7.618905506490137e-15,-1.734723475976807e-18,-1.7763568394002505e-15,0.007442253751912098,0.9786493760862002,0.9970476877146989,0.48903424530423945,9.304297783618853e-14,0.0008926240261644125,not_checked,0.001,not_checked,not_checked,,,
circle_uniform_direct_n200,923,2026092524,True,ok,0.0011004207762908575,0.007487636165040565,0.0032475116924178425,0.4400297732416243,0.45990610899277135,0.8020669816558011,0.8021226555434517,0.7945709031589842,0.8024512646275309,0.8024512646275309,200.0,200.0,0.005,2.246466901389965e-16,1.2380517893321363,6,3.469446951953614e-18,2.6020852139652106e-18,7.771561172376096e-16,6.926863735934319e-05,0.9510149580536751,1.0466807561879337,0.4719481692952024,1.734723475976807e-17,0.0009929169900715351,not_checked,0.001,not_checked,not_checked,,,
circle_uniform_direct_n200,924,2026092525,True,ok,0.0015898948711727985,0.010965490490470447,0.004112814870330115,0.635562141714899,0.5980303427314616,0.7267139045435125,0.7268582496023035,0.7415481590513409,0.7276180869809898,0.7276180869809898,200.0,200.0,0.005,5.689893001203927e-16,1.3096150838261245,6,1.0625181290357943e-17,-3.469446951953614e-18,-1.4432899320127035e-15,0.0001979033771101757,0.9317711294396362,1.0641305727339465,0.4607791785687251,1.5265566588595902e-16,0.000998249975964427,not_checked,0.001,not_checked,not_checked,,,
circle_uniform_direct_n200,925,2026092526,True,ok,0.001608829256962395,0.002243896727769243,0.004184450075505701,0.6432632337389351,0.5922481338453748,0.7236791424507918,0.7237767221212454,0.7436951543270266,0.7248678972695881,0.7248678972695881,200.0,200.0,0.005,1.6371573541285045e-10,1.156084386495302,5,-4.9873299934333204e-18,-8.673617379884035e-19,0.0,0.0001342345230114228,0.9079219630037335,1.0888098551494836,0.4529422745681208,1.8976068980047778e-11,0.0008839159272611141,not_checked,0.001,not_checked,not_checked,,,
circle_uniform_direct_n200,926,2026092527,True,ok,0.004054486461202952,0.0005952594796795898,0.0062528806776290845,1.620174908090845,1.6860464864034448,0.4428075262233272,0.44316778415879543,0.43040732845428464,0.4444590775634395,0.4444590775634395,200.0,200.0,0.005,1.5990021806633337e-12,1.1523827271603717,5,-1.6479873021779667e-17,0.0,0.0,0.000809838195167889,0.9528987862233249,1.0390661516257236,0.47616578307273033,9.412349372128759e-14,0.0008816658519208431,not_checked,0.001,not_checked,not_checked,,,
circle_uniform_direct_n200,927,2026092528,True,ok,0.012741343639974537,0.013442132943633629,0.011500621280639924,5.07707654544247,4.9822972782671195,0.07574574161065306,0.07649122075027469,0.08281478761660525,0.07821696368836703,0.07821696368836703,200.0,200.0,0.005,2.703406942750064e-12,1.497935715384599,6,5.595680169223627e-13,3.469446951953614e-18,2.6645352591003757e-15,0.009730455273672778,0.8905339719909409,1.0818576898501784,0.43927861241783434,1.3609946503123638e-12,0.0009982497431337833,not_checked,0.001,not_checked,not_checked,,,
circle_uniform_direct_n200,928,2026092529,True,ok,0.017309383630638272,0.013301895261777111,0.013541807085450143,6.886766691524741,6.647024808741548,0.029770407437562964,0.030329228187041965,0.03602607113736996,0.03137083227759037,0.03137083227759037,200.0,200.0,0.005,1.648449432511967e-11,1.5627380634577432,6,3.81709247543327e-12,1.0408340855860843e-17,2.6645352591003757e-15,0.018493380365283585,0.8785120243074909,1.0835338588084125,0.43341478496973856,7.962380754733545e-12,0.0009964171331375837,not_checked,0.001,not_checked,not_checked,,,
circle_uniform_direct_n200,929,2026092530,True,ok,0.007335814440293975,0.0022756257325463073,0.008448582628146236,2.928883507033251,3.028224573813879,0.2280328503546462,0.22865861687861416,0.22000339808526678,0.2305787357606575,0.2305787357606575,200.0,200.0,0.005,1.925811593528337e-10,1.241826317824937,5,7.650130529057719e-16,2.6020852139652106e-18,8.881784197001252e-16,0.002721134542169601,0.9572048110934467,1.028104025905675,0.4775133387504595,2.0071709051772135e-11,0.0008868332952260971,not_checked,0.001,not_checked,not_checked,,,
circle_uniform_direct_n200,930,2026092531,True,ok,0.01036156909080702,0.012156030228483976,0.010097283414172051,4.131046100466879,4.253251278794422,0.12290946940505151,0.12375442282049481,0.11923897105565712,0.12589414827509315,0.12589414827509315,200.0,200.0,0.005,1.299349516870052e-12,1.4644900127281117,6,2.0741047768169096e-13,-1.0408340855860843e-17,-3.552713678800501e-15,0.006790767927964403,0.9178011001137136,1.0590577067511906,0.453322635514973,5.095229793639078e-13,0.0009924990590661764,not_checked,0.001,not_checked,not_checked,,,
circle_uniform_direct_n200,931,2026092532,True,ok,0.00019390123581399963,0.0018873758933636129,0.0013630026427999106,0.07755570036805717,0.08117219847834871,0.9618727219738132,0.961875032988422,0.9602264861822981,0.9619620798171825,0.9619620798171825,200.0,200.0,0.005,1.0875730871440226e-10,1.1100317797347292,4,1.0394910301449178e-12,1.0842021724855044e-19,1.1102230246251565e-16,2.396978771343483e-06,0.9333258950507356,1.0662305148374274,0.4657821423526253,9.500933026429514e-12,0.0007713327649980783,not_checked,0.001,not_checked,not_checked,,,
circle_uniform_direct_n200,932,2026092533,True,ok,0.0019201878332098347,0.0046432660110673814,0.004401194961413704,0.767626108487439,0.7629056555355299,0.6804777625652336,0.6806309121151639,0.6828685977344189,0.6811058398397081,0.6811058398397081,200.0,200.0,0.005,4.2327252813834093e-16,1.2175845623668986,6,-2.168404344971009e-19,3.686287386450715e-18,6.661338147750939e-16,0.00022451239824750058,0.9713951037839792,1.0243798811746385,0.4834422926179063,6.071532165918825e-17,0.0009895418770611286,not_checked,0.001,not_checked,not_checked,,,
circle_uniform_direct_n200,933,2026092534,True,ok,0.0006956859779586079,0.013256034680442633,0.0026615476676626944,0.2782128902537313,0.27336449835497595,0.8699789328055896,0.8700057135638377,0.8722473394128238,0.8701086451985703,0.8701086451985703,200.0,200.0,0.005,1.6930901125533637e-15,1.301916912742711,6,-2.168404344971009e-18,-2.168404344971009e-18,-4.996003610813204e-16,3.0750464855927584e-05,0.9743883041030559,1.0240450186741337,0.48073243524439324,4.0939474033052647e-16,0.0009998760651797056,not_checked,0.001,not_checked,not_checked,,,
circle_uniform_direct_n200,934,2026092535,True,ok,0.0024699218057509264,0.0013299087277707316,0.0048370609777043045,0.9873301964252525,1.0469887878978847,0.608808182178004,0.6090033431289472,0.5924466845230776,0.6101903256909238,0.6101903256909238,200.0,200.0,0.005,3.2091183876925555e-11,1.1526673967959051,5,-6.5052130349130266e-18,-2.168404344971009e-18,-1.1102230246251565e-15,0.00031926293755901725,0.9238300742826743,1.0711238957796183,0.46130074700219864,2.343350773842401e-12,0.00088704121299088,not_checked,0.001,not_checked,not_checked,,,
circle_uniform_direct_n200,935,2026092536,True,ok,0.004075777112861897,0.0007799136499436535,0.006148297474292351,1.6286864133165229,1.761817368904571,0.44054602001393683,0.4409056031779458,0.414406176091472,0.44257053656441603,0.44257053656441603,200.0,200.0,0.005,4.50104883920055e-12,1.1567789808459963,5,-1.6479873021779667e-17,-3.469446951953614e-18,-4.440892098500626e-16,0.000812215914117953,0.923206235170026,1.0687474151127747,0.4612430956325396,2.773278568596327e-13,0.0008837510831654072,not_checked,0.001,not_checked,not_checked,,,
circle_uniform_direct_n200,936,2026092537,True,ok,0.008818956266526437,0.0006382666302683518,0.009365431209085572,3.519882184038073,3.5694999540305994,0.16870368296078153,0.1693595578686663,0.16783901936726062,0.17139383305550282,0.17139383305550282,200.0,200.0,0.005,2.2925029929954377e-12,1.2195901699164144,5,-3.86843335142828e-16,-1.734723475976807e-18,0.0,0.0038501612862509305,0.9406296408201263,1.0418745480227924,0.4700146410197792,1.243855279192685e-13,0.0008850418962538242,not_checked,0.001,not_checked,not_checked,,,
circle_uniform_direct_n200,937,2026092538,True,ok,0.0014511150043889053,0.015416044247486684,0.003727449384249567,0.5803315067147216,0.612313414367211,0.7469050073959307,0.746947970285267,0.7362712314242233,0.7480967227501467,0.7480967227501467,200.0,200.0,0.005,4.9960036108132044e-15,1.3244783866870928,6,-9.974659986866641e-18,1.734723475976807e-18,1.2212453270876722e-15,5.724752042030046e-05,0.8987904261872888,1.0988606266150187,0.44246410309345197,1.412064909445121e-15,0.0009884582832455635,not_checked,0.001,not_checked,not_checked,,,
circle_uniform_direct_n200,938,2026092539,True,ok,0.001476998165857172,0.000854027414569909,0.003902705358035664,0.5905885767771845,0.5734029632297691,0.7437936022814928,0.7438721107250741,0.7507358038299591,0.7442341073917892,0.7442341073917892,200.0,200.0,0.005,6.773252098080107e-12,1.1120852173627533,5,-3.2526065174565133e-18,1.734723475976807e-18,8.881784197001252e-16,0.00010534478284213167,0.9626343596176159,1.0344660601439426,0.48090611920352383,3.9867740185550726e-13,0.0008784588426351547,not_checked,0.001,not_checked,not_checked,,,
circle_uniform_direct_n200,939,2026092540,True,ok,0.0016312720329372096,0.0002473518423945465,0.004081972722306581,0.6522393250817904,0.6433891307677502,0.7205606728990551,0.720658153887463,0.7249195720505721,0.7216215787937972,0.7216215787937972,200.0,200.0,0.005,8.50951253905663e-14,1.0972917690260058,5,8.456776945386935e-18,-2.168404344971009e-19,-3.3306690738754696e-16,0.0001347440465467309,0.9159460931005272,1.080772848399531,0.4578597660470006,2.8106857119514217e-15,0.0008914158679544926,not_checked,0.001,not_checked,not_checked,,,
circle_uniform_direct_n200,940,2026092541,True,ok,0.013892720439584545,0.001019924568856299,0.011891209674746233,5.537633025857046,5.499637567546031,0.05976235724297123,0.060354543112793826,0.06393944702225181,0.06212889577267818,0.06212889577267818,200.0,200.0,0.005,1.0470083133817809e-11,1.2910242997500556,5,1.551710149261254e-14,6.938893903907228e-18,2.6645352591003757e-15,0.009727574988386056,0.9645973268526064,1.0076422887028784,0.481806741549591,8.108344724810923e-13,0.0009244577959179878,not_checked,0.001,not_checked,not_checked,,,
circle_uniform_direct_n200,941,2026092542,True,ok,0.01910701411199747,0.0053175227739239335,0.013813028045712517,7.603996384660315,7.7514835020404025,0.02039827124915941,0.02080436003154785,0.020738949030458982,0.021897061649886793,0.021897061649886793,200.0,200.0,0.005,4.670583364507763e-12,1.4332405810300446,6,1.0746716017084879e-12,-3.469446951953614e-18,-4.440892098500626e-15,0.01940463006933646,0.9291330695400999,1.031885752313401,0.462096731258907,1.7565254806228836e-12,0.001026917016133666,not_checked,0.001,not_checked,not_checked,,,
circle_uniform_direct_n200,942,2026092543,True,ok,0.0031886452194184213,0.0017784980582289563,0.005611396554338811,1.2744170463928657,1.2952375729874304,0.5272099710691414,0.5274854367006128,0.5232903604371839,0.5284912427155981,0.5284912427155981,200.0,200.0,0.005,8.854947330938501e-11,1.1741561662803561,5,2.862293735361732e-17,-7.37257477290143e-18,-2.6645352591003757e-15,0.0005205206872513912,0.9558054402149622,1.0377566150033253,0.477052748378322,7.491802317405316e-12,0.0009910000953823328,not_checked,0.001,not_checked,not_checked,,,
circle_uniform_direct_n200,943,2026092544,True,ok,0.0029080149262824748,0.004957480207290529,0.005572430773369201,1.1624542135195848,1.0906254543593303,0.5575543508451757,0.5577647486840687,0.5796604794051022,0.5590015767011571,0.5590015767011571,200.0,200.0,0.005,2.185751579730777e-16,1.2193779235189335,6,-2.6020852139652106e-18,-4.336808689942018e-18,-1.5543122344752192e-15,0.00037587849670261964,0.9280162658378801,1.0665163078847681,0.46170781603981254,2.6020852139652106e-17,0.0013194580096751451,not_checked,0.001,not_checked,not_checked,,,
circle_uniform_direct_n200,944,2026092545,True,ok,0.0015049635313594718,0.012103950115349177,0.00383905333459809,0.6017937370309835,0.6153308449774463,0.7396646889952703,0.7397357072852984,0.7351612452857414,0.7400831706924447,0.7400831706924447,200.0,200.0,0.005,5.689893001203927e-16,1.2968801151900018,6,6.505213034913027e-19,-2.168404344971009e-18,-1.1102230246251565e-15,9.583775640259473e-05,0.9648222967326568,1.0323975277085693,0.476574846004759,1.4224732503009818e-16,0.0010369999799877405,not_checked,0.001,not_checked,not_checked,,,
circle_uniform_direct_n200,945,2026092546,True,ok,0.0013070631492245574,0.00043173405392820904,0.003644854213935911,0.5226502274639252,0.5149170829770252,0.7696529268482271,0.7697203884586792,0.7730136736454302,0.7699631442849815,0.7699631442849815,200.0,200.0,0.005,6.236122729319504e-13,1.09749846060629,5,4.336808689942018e-18,3.469446951953614e-18,1.5543122344752192e-15,8.751611294888217e-05,0.97632344066021,1.0210331547847808,0.48795096614856664,2.603863305528087e-14,0.0009218328632414341,not_checked,0.001,not_checked,not_checked,,,
circle_uniform_direct_n200,946,2026092547,True,ok,0.0002324929218412014,0.00556747892450889,0.0015560842485392383,0.0929945741376358,0.08956605000742188,0.9544517820768947,0.9544530234001639,0.9562049318880966,0.9545659118828355,0.9545659118828355,200.0,200.0,0.005,1.4155806388194137e-10,1.1757103042618728,5,-3.2025663588078346e-12,2.168404344971009e-18,9.992007221626409e-16,1.2972994223800494e-06,0.9297802581598047,1.069889990223643,0.46230236342098857,2.9046556826450853e-13,0.0008923341520130634,not_checked,0.001,not_checked,not_checked,,,
circle_uniform_direct_n200,947,2026092548,True,ok,0.0013483209279574883,0.0016873639137251887,0.003655440478379992,0.539143689372806,0.5445907159619974,0.7633337012840289,0.7634042937381061,0.7616292745808829,0.7636358912186809,0.7636358912186809,200.0,200.0,0.005,7.373226335039007e-11,1.1361022758278463,5,-1.0191500421363742e-17,-1.0842021724855044e-18,-2.220446049250313e-16,9.234090509463444e-05,0.9828416012607695,1.014443435115547,0.4905916119513212,6.070779295930251e-12,0.0008931660559028387,not_checked,0.001,not_checked,not_checked,,,
circle_uniform_direct_n200,948,2026092549,True,ok,0.007209988996075993,0.0014532707576880369,0.008434043814430074,2.8786044201991494,2.9405644905469197,0.2338590547162281,0.23449465397505576,0.22986059896262767,0.23645489709030018,0.23645489709030018,200.0,200.0,0.005,3.9712864940977255e-11,1.229425701979777,5,1.0737938316296436e-15,2.6020852139652106e-18,0.0,0.002695589115623953,0.9475415692144626,1.037825195083758,0.47308227188181756,3.3410739452843785e-12,0.0009030411019921303,not_checked,0.001,not_checked,not_checked,,,
circle_uniform_direct_n200,949,2026092550,True,ok,0.003767771835928132,0.00871598503522435,0.006312002488468261,1.506031753694997,1.4298104604957635,0.4688961935869409,0.46914976115608764,0.489238474608366,0.47069056886188154,0.47069056886188154,200.0,200.0,0.005,5.551115123125783e-16,1.2757561501798191,6,6.114900252818245e-17,-2.6020852139652106e-18,-4.440892098500626e-16,0.0005384903381279171,0.9211922081427378,1.0722822887238328,0.4565829909711163,5.551115123125783e-17,0.0011773740407079458,not_checked,0.001,not_checked,not_checked,,,
circle_uniform_direct_n200,950,2026092551,True,ok,0.002809606586650004,0.005482037236670902,0.005516450140646475,1.1230809834507332,1.0396989321435925,0.5683774102317272,0.5685948496998745,0.5946100502200717,0.5701126435982853,0.5701126435982853,200.0,200.0,0.005,6.626643678231403e-16,1.23235845551565,6,1.7780915628762273e-17,1.3010426069826053e-18,0.0,0.0003808256046341496,0.9113771735789643,1.0831468230728347,0.45318992774483297,1.9081958235744878e-17,0.0009966660290956497,not_checked,0.001,not_checked,not_checked,,,
circle_uniform_direct_n200,951,2026092552,True,ok,0.0035654618292302147,0.004260078100032132,0.005969818002831185,1.4248370495542455,1.43741996039218,0.48825242836478355,0.4885829990233703,0.4873805811986228,0.4901262020446028,0.4901262020446028,200.0,200.0,0.005,7.424616477180734e-16,1.2318501694264496,6,4.9439619065339e-17,-5.204170427930421e-18,-1.7763568394002505e-15,0.0006738410689202112,0.9240393235317016,1.0686441129861763,0.4600511887171003,1.734723475976807e-16,0.0010124589316546917,not_checked,0.001,not_checked,not_checked,,,
circle_uniform_direct_n200,952,2026092553,True,ok,0.009136483742557214,0.00635280213048996,0.009589568596184464,3.6461875087516864,3.663207104829348,0.15811540912322114,0.15878596204324436,0.16015654234317225,0.16084779263611934,0.16084779263611934,200.0,200.0,0.005,1.0599854327608682e-13,1.328716210724723,6,9.079542673262608e-15,6.938893903907228e-18,2.220446049250313e-15,0.004202994135599658,0.9183863971678328,1.0634420874947708,0.45627586312885404,2.1475876632592872e-14,0.001017166068777442,not_checked,0.001,not_checked,not_checked,,,
circle_uniform_direct_n200,953,2026092554,True,ok,0.0027030144705470693,0.0007989664359886329,0.005227448454867234,1.0804905861025667,1.071782611493241,0.5814435376851783,0.5816521027879935,0.5851475123072039,0.5823970227731298,0.5823970227731298,200.0,200.0,0.005,5.161881339033059e-12,1.1350524254077923,5,-3.469446951953614e-18,3.469446951953614e-18,1.7763568394002505e-15,0.0003576010581305411,0.9663273193936661,1.0283317596669368,0.48277761680130965,3.0538700908355754e-13,0.0008926677983254194,not_checked,0.001,not_checked,not_checked,,,
circle_uniform_direct_n200,954,2026092555,True,ok,5.707333754098511e-05,0.0021268621949615705,0.0007581554362099073,0.022828924993515257,0.022815939883520805,0.9886126848398741,0.9886128881873406,0.988656854209183,0.9886502326363932,0.9886502326363932,200.0,200.0,0.005,1.240378702527245e-10,1.1063778059571516,4,2.506300695410621e-14,0.0,-6.938893903907228e-17,2.050114393942204e-07,0.9191113654045556,1.0807626079816264,0.4585781972025735,1.5317797377734088e-11,0.0007884160149842501,not_checked,0.001,not_checked,not_checked,,,
circle_uniform_direct_n200,955,2026092556,True,ok,0.0077928920968187,0.006777959990465253,0.008861194471996452,3.111600303546439,3.107106520835376,0.2079346395297444,0.20851711403490047,0.21149513980236534,0.21043500900231518,0.21043500900231518,200.0,200.0,0.005,2.66869859544272e-14,1.3038899423520556,6,8.690964614643804e-16,2.6020852139652106e-18,2.6645352591003757e-15,0.002778267590520578,0.9476479983790497,1.0375670519498428,0.47061153585444404,1.7139067942650854e-15,0.0009920839220285416,not_checked,0.001,not_checked,not_checked,,,
circle_uniform_direct_n200,956,2026092557,True,ok,0.0041397528115652785,0.004745668877415383,0.006369128583015432,1.6543844622368655,1.6929857037325444,0.4354750724705386,0.43580673356344424,0.42891657112596604,0.4369438585341764,0.4369438585341764,200.0,200.0,0.005,1.0477729794899915e-15,1.2300311946535856,6,9.540979117872439e-18,0.0,-8.881784197001252e-16,0.0007583311946229854,0.9713874315906599,1.020870914735761,0.4833883611188376,5.551115123125783e-17,0.00099529093131423,not_checked,0.001,not_checked,not_checked,,,
circle_uniform_direct_n200,957,2026092558,True,ok,0.0009632887511287734,0.004246637141239419,0.0031039131856679635,0.38524408839893454,0.38649003354304784,0.824404364801413,0.8244338637367017,0.824279986973757,0.824764201201946,0.824764201201946,200.0,200.0,0.005,6.453171330633722e-16,1.1728708251445705,6,2.168404344971009e-18,6.505213034913027e-19,3.885780586188048e-16,3.570602628741315e-05,0.9432285739680026,1.0550818795869645,0.469611210205865,8.847089727481716e-17,0.0010105420369654894,not_checked,0.001,not_checked,not_checked,,,
circle_uniform_direct_n200,958,2026092559,True,ok,0.0035424377533711127,0.00044180288005197567,0.006066911070960719,1.4157374816919557,1.3661717619068816,0.4909803844903403,0.49128544412183395,0.5050560423298511,0.4923883469983168,0.4923883469983168,200.0,200.0,0.005,6.686838582847798e-13,1.1393986310685962,5,-1.3010426069826053e-17,4.336808689942018e-19,0.0,0.000618809828244693,0.9566822594450184,1.036291467038181,0.4781298011059678,2.8565474638475585e-14,0.0008947909809648991,not_checked,0.001,not_checked,not_checked,,,
circle_uniform_direct_n200,959,2026092560,True,ok,0.0040745498637240925,0.01107213775862299,0.006473182083785495,1.6276005191072394,1.5898144832525696,0.4408236695692924,0.44131550906739947,0.4516231248063326,0.44267917875885787,0.44267917875885787,200.0,200.0,0.005,1.50712775592865e-14,1.3574193659965073,6,1.1995612836379621e-15,-1.734723475976807e-18,-1.5543122344752192e-15,0.0011097131911987912,0.9576477786396866,1.0329371864241403,0.4735246813728576,4.440892098500626e-15,0.0009949163068085909,not_checked,0.001,not_checked,not_checked,,,
circle_uniform_direct_n200,960,2026092561,True,ok,0.0010973817492165915,0.0009159341406872656,0.0033037669285737492,0.4388350655485357,0.44260120605362696,0.8025646866873459,0.8026119868352268,0.8014757180482572,0.8029391471051135,0.8029391471051135,200.0,200.0,0.005,7.65368324273652e-12,1.1063406758670458,5,4.119968255444917e-18,-8.673617379884035e-19,-4.996003610813204e-16,5.881706905044859e-05,0.9506723711925673,1.0471608556363452,0.4749008233502823,5.274201214655605e-13,0.0008803750388324261,not_checked,0.001,not_checked,not_checked,,,
circle_uniform_direct_n200,961,2026092562,True,ok,0.034807355698753546,0.004118051929413035,0.01875459733688908,13.797978999827706,14.022897925480727,0.0007398167499636475,0.0007892323757493411,0.0009015013996524419,0.0009477013473815066,0.0009477013473815066,200.0,200.0,0.005,6.212368813818259e-11,1.5414213018752772,6,2.042611219055246e-11,2.0816681711721685e-17,8.881784197001252e-15,0.062481639836856395,0.945860047218869,0.9844356036447471,0.47098223274738515,2.8689439712792364e-11,0.0009986248333007097,not_checked,0.001,not_checked,not_checked,,,
circle_uniform_direct_n200,962,2026092563,True,ok,0.005373129053391204,0.0008748003366512232,0.007077238982437375,2.1463085943052294,2.326898479883806,0.3385674647332204,0.33906853234167533,0.3124067544967567,0.34142548917340293,0.34142548917340293,200.0,200.0,0.005,6.1729024669610055e-12,1.1866525602530074,5,1.0321604682062002e-16,-8.673617379884035e-19,8.881784197001252e-16,0.0014715135256260226,0.8936298000158017,1.095546255882616,0.44642401505200635,4.3891084343383735e-13,0.0008887499570846558,not_checked,0.001,not_checked,not_checked,,,
circle_uniform_direct_n200,963,2026092564,True,ok,0.00042018692658225484,0.006726829199437463,0.0021043561222572438,0.1680640453216295,0.1597124561917886,0.9192080271846734,0.919212968183065,0.9232490741224979,0.9193968835091797,0.9193968835091797,200.0,200.0,0.005,6.453171330633722e-16,1.1997418738299133,6,1.3552527156068805e-18,-2.168404344971009e-19,-2.498001805406602e-16,5.362655636220737e-06,0.9332378816870476,1.066119379352317,0.46347940672974713,4.5102810375396984e-17,0.00099529093131423,not_checked,0.001,not_checked,not_checked,,,
circle_uniform_direct_n200,964,2026092565,True,ok,0.0021179190863602317,0.0007976902095408233,0.004498411535657705,0.8467030375976484,0.8950716844593507,0.6529924483076812,0.6531449236149554,0.6392013054397466,0.6546962985088791,0.6546962985088791,200.0,200.0,0.005,5.154654481032139e-12,1.129879523708441,5,1.214306433183765e-17,5.204170427930421e-18,9.992007221626409e-16,0.0002322984732221478,0.8977196309976916,1.0979757172350155,0.4485017637163388,3.034384809391666e-13,0.0008911248296499252,not_checked,0.001,not_checked,not_checked,,,
circle_uniform_direct_n200,965,2026092566,True,ok,0.0007974945749695723,0.0008606169098555182,0.002813903803014573,0.3189378773449657,0.32145438305535556,0.8524549283717242,0.8524805038371158,0.8515243424779283,0.8525708924405282,0.8525708924405282,200.0,200.0,0.005,1.9851190136144226e-10,1.0954722778568566,4,-1.3453027754295466e-11,-3.2526065174565133e-19,1.1102230246251565e-16,2.9976321431618436e-05,0.9861766670231731,1.0122759460997393,0.4926639600634097,2.5930288298503523e-11,0.0007813340052962303,not_checked,0.001,not_checked,not_checked,,,
circle_uniform_direct_n200,966,2026092567,True,ok,0.011177635146460795,0.00044021466806197637,0.010858802916765862,4.458618887694218,4.262656583921733,0.10433447790437417,0.10499115947595758,0.11867954801978839,0.10693575672310164,0.10693575672310164,200.0,200.0,0.005,6.031425359154241e-13,1.244312748349886,5,-6.626643678231403e-16,0.0,-1.7763568394002505e-15,0.006217585445050133,0.931793853223405,1.0459821766950794,0.46569183240937206,2.8146105238158192e-14,0.0008997910190373659,not_checked,0.001,not_checked,not_checked,,,
circle_uniform_direct_n200,967,2026092568,True,ok,0.00291904021184591,0.006917999162475895,0.005440275391115325,1.1669131506279926,1.1616095675517082,0.5560254550469366,0.5562217417112623,0.5594479507118589,0.5577703043103193,0.5577703043103193,200.0,200.0,0.005,4.458239333260394e-16,1.2460777484951366,6,6.938893903907228e-18,-3.903127820947816e-18,-8.881784197001252e-16,0.00035146705518573906,0.9101601284182639,1.0845582570459278,0.45193272983626065,4.5102810375396984e-17,0.0009937079157680273,not_checked,0.001,not_checked,not_checked,,,
circle_uniform_direct_n200,968,2026092569,True,ok,0.0008679647681281372,0.0036439151367226854,0.002964893214598365,0.34712256109208944,0.3429865917677719,0.8405083247864868,0.8405349702821192,0.8424059155881665,0.8406390070864973,0.8406390070864973,200.0,200.0,0.005,2.498001805406602e-16,1.1619456712151948,6,-5.9631119486702744e-18,2.168404344971009e-19,-1.1102230246251565e-16,3.167307958271137e-05,0.98435429888352,1.0140577072417696,0.4903838082265579,1.734723475976807e-17,0.001000083051621914,not_checked,0.001,not_checked,not_checked,,,
circle_uniform_direct_n200,969,2026092570,True,ok,0.003463852940049019,0.0009506858015106809,0.005544122387610606,1.3843156172246283,1.564483402530946,0.49753798053238096,0.49784461006722547,0.4573795529059751,0.5001883317350093,0.5001883317350093,200.0,200.0,0.005,9.53338102904766e-12,1.158279483702207,5,4.336808689942018e-18,1.3010426069826053e-18,1.1102230246251565e-15,0.0006127793974897155,0.8843695235425579,1.1086415854192282,0.441764389375121,6.121416307874883e-13,0.0008840011432766914,not_checked,0.001,not_checked,not_checked,,,
circle_uniform_direct_n200,970,2026092571,True,ok,0.003144196764875658,0.0011964473852979995,0.005833491104832246,1.2566453730330633,1.1637506006310339,0.5313121319964538,0.5315879595590474,0.5588493728784413,0.5332103109626423,0.5332103109626423,200.0,200.0,0.005,1.9365866549270194e-11,1.1619588934061378,5,1.951563910473908e-17,3.0357660829594124e-18,4.440892098500626e-16,0.0005166664585999348,0.9126865794210507,1.0808939206921921,0.4557973251441855,1.535246322431627e-12,0.0008911250624805689,not_checked,0.001,not_checked,not_checked,,,
circle_uniform_direct_n200,971,2026092572,True,ok,0.00879262122099502,0.0014315849048352428,0.009296081141031793,3.5090645261073203,3.597006678351514,0.16957763785444224,0.17026171633124015,0.16554646981850205,0.17229894746546048,0.17229894746546048,200.0,200.0,0.005,4.145168236435737e-11,1.2486384083576958,5,3.2144426009850235e-15,-6.938893903907228e-18,-2.6645352591003757e-15,0.003991981145343715,0.956108644594981,1.026086528140113,0.47736995343559646,3.146124420011498e-12,0.0008914161007851362,not_checked,0.001,not_checked,not_checked,,,
circle_uniform_direct_n200,972,2026092573,True,ok,0.0011182023324938237,0.001267654316492125,0.0033480439350555037,0.4471474505103752,0.44717993838814496,0.7992341049791598,0.7992875524939973,0.7996429453998184,0.7996025666058783,0.7996025666058783,200.0,200.0,0.005,2.152515665709842e-11,1.1220742844604517,5,3.0357660829594124e-18,-2.168404344971009e-19,-1.1102230246251565e-16,6.674124357713973e-05,0.9538447752248158,1.0438427884244184,0.47631778766323946,1.9345276248972088e-12,0.0008897071238607168,not_checked,0.001,not_checked,not_checked,,,
circle_uniform_direct_n200,973,2026092574,True,ok,0.0011664082525790504,0.004293790964561528,0.0034638443737184154,0.46639205517590854,0.4539950889863982,0.791599370177385,0.7916672693480455,0.7969227391369429,0.7919304944783689,0.7919304944783689,200.0,200.0,0.005,3.8163916471489756e-16,1.1941891748108047,6,-6.938893903907228e-18,1.734723475976807e-18,6.661338147750939e-16,8.562292785579961e-05,0.9657923999817539,1.0315858073784616,0.48082311000060407,3.469446951953614e-17,0.0010118749924004078,not_checked,0.001,not_checked,not_checked,,,
circle_uniform_direct_n200,974,2026092575,True,ok,0.0011534757759402415,0.00028125395670701827,0.0035005737467153153,0.4612572600815929,0.4349030157104133,0.793374815744329,0.7934277568134225,0.8045666191348697,0.7939814702784997,0.7939814702784997,200.0,200.0,0.005,1.2885352507208125e-13,1.0851718902934042,5,-8.890457814381136e-18,-6.505213034913027e-19,-2.220446049250313e-16,6.652514725183356e-05,0.9292017893511039,1.068492703051854,0.4644702224100415,4.7058711094560834e-15,0.00089216697961092,not_checked,0.001,not_checked,not_checked,,,
circle_uniform_direct_n200,975,2026092576,True,ok,0.008745850425038934,0.001291019393444959,0.00957308207869113,3.490469349046914,3.3623573524460366,0.17113117789119392,0.1718105926029717,0.18615443087701178,0.17391822091210382,0.17391822091210382,200.0,200.0,0.005,2.0787052634752e-11,1.2442360854540364,5,2.7113727929517495e-15,1.734723475976807e-18,1.3322676295501878e-15,0.003935410484329882,0.9182316474580468,1.0640901400027463,0.4585230972670494,2.0810566811468867e-12,0.0008873329497873783,not_checked,0.001,not_checked,not_checked,,,
circle_uniform_direct_n200,976,2026092577,True,ok,0.007948857976580561,0.0030611014888710635,0.00892385194227976,3.1733258525312724,3.1861040436492347,0.201393482801901,0.20202530203683106,0.20330417511804144,0.20397219461877025,0.20397219461877025,200.0,200.0,0.005,1.3679161969815112e-14,1.257937687195885,6,6.036837696399289e-16,-3.469446951953614e-18,0.0,0.0031086690504760206,0.9611869063967438,1.0231260212446063,0.4791221707585201,1.3010426069826053e-15,0.0009998329915106297,not_checked,0.001,not_checked,not_checked,,,
circle_uniform_direct_n200,977,2026092578,True,ok,0.0023371945969915906,0.0024844864609871523,0.005002053383732262,0.9342948151922922,0.875316740293707,0.6252073238403903,0.6253903439239481,0.6455462830723072,0.6266050009557413,0.6266050009557413,200.0,200.0,0.005,4.0245584642661925e-16,1.177989574793024,6,8.239936510889834e-18,-1.3010426069826053e-18,-5.551115123125783e-16,0.00029151180217201755,0.9193772329746353,1.0758126834098853,0.4585464493450772,3.2959746043559335e-17,0.0010045412927865982,not_checked,0.001,not_checked,not_checked,,,
circle_uniform_direct_n200,978,2026092579,True,ok,0.0028074023558518,0.02258824980662815,0.005225338420853869,1.122578507951714,1.156043345877869,0.5696041084216592,0.5697132784838965,0.5610071250372499,0.570364030975287,0.570364030975287,200.0,200.0,0.005,8.146261443187086e-14,1.4107078087498424,6,1.1275702593849246e-17,-6.938893903907228e-18,-2.220446049250313e-15,0.00019121719450299057,0.9647163599038808,1.0313451760920407,0.47147032844477715,2.7929047963226594e-14,0.0009996660519391298,not_checked,0.001,not_checked,not_checked,,,
circle_uniform_direct_n200,979,2026092580,True,ok,0.00158689392810306,0.001837068960358294,0.004009084281091975,0.634484242204335,0.6279015422913812,0.727555017525731,0.7276546608760774,0.730554991659446,0.7280549261519331,0.7280549261519331,200.0,200.0,0.005,7.185507744367214e-11,1.1490788698218406,5,-3.686287386450715e-18,-2.3852447794681098e-18,-5.551115123125783e-16,0.0001366645184445181,0.9635763589135106,1.0331234549220047,0.48090316782746717,8.528155178572083e-12,0.0009016247931867838,not_checked,0.001,not_checked,not_checked,,,
circle_uniform_direct_n200,980,2026092581,True,ok,0.00045380634689491835,0.0015374525243557532,0.0022241288813920584,0.18149977411659662,0.16656170540339166,0.9128722520764567,0.9128826863643125,0.9200927004083606,0.9132357022039521,0.9132357022039521,200.0,200.0,0.005,1.3258781225711225e-10,1.110308302578405,4,5.279144905511596e-12,8.673617379884035e-19,4.718447854656915e-16,1.1382320685357494e-05,0.9093477672591097,1.0896994984479065,0.45397484344552286,1.2168195270834126e-11,0.0007847079541534185,not_checked,0.001,not_checked,not_checked,,,
circle_uniform_direct_n200,981,2026092582,True,ok,0.003773846347724114,0.0011950750362951464,0.006280868230949242,1.508140156884318,1.4543781380603367,0.4679576127977496,0.4682864437442995,0.48326550864189954,0.47011907300544553,0.47011907300544553,200.0,200.0,0.005,1.8413427033125984e-11,1.1640858563265803,5,4.336808689942018e-18,4.336808689942018e-19,0.0,0.0006991911026636988,0.9096726416488756,1.0828649150242313,0.4542927716011945,1.5281868652461394e-12,0.0009008341003209352,not_checked,0.001,not_checked,not_checked,,,
circle_uniform_direct_n200,982,2026092583,True,ok,0.00045986231079122447,0.008557253973857093,0.0022001215984623415,0.18390646544897896,0.1749062611847077,0.9119456868677007,0.9119632605006693,0.9162618152930299,0.9121302672982053,0.9121302672982053,200.0,200.0,0.005,3.0531133177191805e-16,1.2428815781342522,6,-5.095750210681871e-18,-3.5236570605778894e-18,-1.3322676295501878e-15,1.922943375541608e-05,0.942296663038644,1.0564227006444455,0.4671180259057404,5.551115123125783e-17,0.0010205840226262808,not_checked,0.001,not_checked,not_checked,,,
circle_uniform_direct_n200,983,2026092584,True,ok,0.007726414574744229,0.003369285196966814,0.009077101850112674,3.084765812823428,2.907677545458688,0.21058046306859135,0.21119588593980343,0.2336715521938412,0.21325153064180866,0.21325153064180866,200.0,200.0,0.005,1.0241807402167069e-14,1.25838727775344,6,3.0704605524789486e-16,-8.673617379884035e-18,-2.6645352591003757e-15,0.002900008537131793,0.9239535614720963,1.0609063688073657,0.4604201257676367,7.355227538141662e-16,0.0010208750609308481,not_checked,0.001,not_checked,not_checked,,,
circle_uniform_direct_n200,984,2026092585,True,ok,0.006526567211004702,0.0018297623580152294,0.008140382112066007,2.6062044865403977,2.579718375410617,0.26871253314232646,0.269311303444547,0.27530954732955754,0.27108755144879915,0.27108755144879915,200.0,200.0,0.005,9.788091864804116e-11,1.2279573355911133,5,6.869504964868156e-16,3.469446951953614e-18,1.3322676295501878e-15,0.00221119893074162,0.9735288614176674,1.0132144857710734,0.4858738098242806,8.39334374572176e-12,0.0009108330123126507,not_checked,0.001,not_checked,not_checked,,,
circle_uniform_direct_n200,985,2026092586,True,ok,0.0015586707473924863,0.019442578574690658,0.003912528568093814,0.6234147838762369,0.6354791231971099,0.731873323802582,0.7318929318335332,0.727792308799819,0.732176151768561,0.732176151768561,200.0,200.0,0.005,2.914335439641036e-14,1.3582008657288256,6,-1.235990476633475e-17,-1.1709383462843448e-17,-3.219646771412954e-15,2.6757540378785638e-05,0.9693870917560894,1.0287055751840244,0.4752744006314213,8.597289546941056e-15,0.0010047077666968107,not_checked,0.001,not_checked,not_checked,,,
circle_uniform_direct_n200,986,2026092587,True,ok,0.0055297954579373206,0.0009384035902122129,0.007797276494760314,2.2089307707002472,2.0214132592740466,0.32788529558045887,0.32837775185516094,0.3639617025566789,0.3308933729557274,0.3308933729557274,200.0,200.0,0.005,8.253966954363534e-12,1.1817484059684875,5,-7.112366251504909e-17,-1.734723475976807e-18,0.0,0.0014937062373405752,0.8836079936806696,1.105487530051242,0.4413894220050151,5.811137161748636e-13,0.0008977081160992384,not_checked,0.001,not_checked,not_checked,,,
circle_uniform_direct_n200,987,2026092588,True,ok,0.006672993088746536,0.0025174130347555045,0.008086867744609667,2.6648812608558314,2.731811678073592,0.2609345353154082,0.26150190748432617,0.2551494469464817,0.2632638236780236,0.2632638236780236,200.0,200.0,0.005,2.987193825632062e-15,1.229861466765451,6,-4.423544863740858e-17,-3.469446951953614e-18,-1.3322676295501878e-15,0.002157987321391497,0.972226234311573,1.014692796088826,0.4848893380337322,2.7755575615628914e-17,0.0009990418329834938,not_checked,0.001,not_checked,not_checked,,,
circle_uniform_direct_n200,988,2026092589,True,ok,0.0010817522346932601,0.0008864730140100969,0.003285071457195506,0.43258976477544525,0.43730809261568854,0.8046719560893849,0.804716850307712,0.8035996783459157,0.8054529838752027,0.8054529838752027,200.0,200.0,0.005,7.725455691831584e-12,1.1034899877395274,5,1.0842021724855044e-18,6.505213034913027e-19,-2.220446049250313e-16,5.5564550929393386e-05,0.9115904686708024,1.086303125044005,0.45539117643752886,4.627888783997891e-13,0.0008887920994311571,not_checked,0.001,not_checked,not_checked,,,
circle_uniform_direct_n200,989,2026092590,True,ok,0.004785102094208885,0.0055641387445813945,0.006657836220902074,1.9120287393271556,2.072307036682937,0.3817684137410676,0.3821544495989644,0.3548168570212578,0.38403544773623277,0.38403544773623277,200.0,200.0,0.005,1.8665624601510444e-15,1.2500002913683121,6,2.7755575615628914e-17,-1.3010426069826053e-17,-3.9968028886505635e-15,0.001006049178199242,0.9148404441221339,1.0762569690853816,0.45487464027907615,6.591949208711867e-17,0.0009958748705685139,not_checked,0.001,not_checked,not_checked,,,
circle_uniform_direct_n200,990,2026092591,True,ok,0.0005804884187158455,0.0013640520971718957,0.002266638139881437,0.23215870837555339,0.26243373778906975,0.889674439345228,0.8896908530627651,0.8770275537692586,0.8903882425928311,0.8903882425928311,200.0,200.0,0.005,1.9595662245630585e-10,1.1096095092547555,4,9.272428961801249e-12,6.505213034913027e-19,2.498001805406602e-16,1.8329555392410102e-05,0.8843534574983787,1.1144350892016328,0.4415735750346133,2.043856837247171e-11,0.0007768329232931137,not_checked,0.001,not_checked,not_checked,,,
circle_uniform_direct_n200,991,2026092592,True,ok,0.0024375476787528473,0.004665026671716418,0.004893891294611892,0.9743458942258891,1.0036562697624603,0.6122139562545565,0.612421130224096,0.6054228527758598,0.6141540197762713,0.6141540197762713,200.0,200.0,0.005,6.800116025829084e-16,1.224168257814863,6,9.540979117872439e-18,4.336808689942018e-19,-5.551115123125783e-16,0.00033658863762486835,0.8964028503779159,1.0984390038577017,0.4461109618225954,1.214306433183765e-16,0.00099445809610188,not_checked,0.001,not_checked,not_checked,,,
circle_uniform_direct_n200,992,2026092593,True,ok,0.001025835032579559,0.002356790778727238,0.0032003285798300235,0.4102209960597434,0.41159714460175456,0.8142492598678421,0.8142953426494188,0.8139970213179277,0.8145112763615074,0.8145112763615074,200.0,200.0,0.005,1.6990907986125237e-10,1.1466740539228824,5,-8.023096076392733e-18,2.168404344971009e-18,1.1102230246251565e-15,5.650848604010772e-05,0.9654013038269319,1.0324778589515007,0.481563122313758,2.309058846905465e-11,0.0008862907998263836,not_checked,0.001,not_checked,not_checked,,,
circle_uniform_direct_n200,993,2026092594,True,ok,0.005131197581207548,0.006310442911332335,0.007061355368230474,2.049498396020941,2.1178605590156225,0.35627735761574464,0.35681161689353025,0.3468266195057324,0.35835200687337504,0.35835200687337504,200.0,200.0,0.005,1.16157083951407e-14,1.2955655681869638,6,1.0868042576994696e-15,1.734723475976807e-18,4.440892098500626e-16,0.0014903182310390672,0.9662439414249699,1.0228945941418635,0.48007307779189945,2.9178048865929895e-15,0.0009967489168047905,not_checked,0.001,not_checked,not_checked,,,
circle_uniform_direct_n200,994,2026092595,True,ok,0.0005091865665647834,0.0005443570749114938,0.0022046018336453993,0.2036476371669072,0.21373714821827836,0.9029783660204558,0.9029905767281841,0.8986437702876909,0.9031764745058107,0.9031764745058107,200.0,200.0,0.005,7.404880181249851e-11,1.0786119445594002,4,2.9057103945184792e-12,1.3010426069826053e-18,2.220446049250313e-16,1.3494729503071845e-05,0.9409086334495833,1.058052460639523,0.4701982165354301,5.9313101305469296e-12,0.0007747069466859102,not_checked,0.001,not_checked,not_checked,,,
circle_uniform_direct_n200,995,2026092596,True,ok,0.004262610401024307,0.0002019795132816609,0.006229732872874704,1.7032369361105517,1.8841358659183536,0.42356672514058047,0.42395158737656014,0.3898208778376076,0.4263383154368793,0.4263383154368793,200.0,200.0,0.005,4.305757139722033e-14,1.1452854385702627,5,2.5153490401663703e-17,-1.734723475976807e-18,-2.220446049250313e-16,0.0009036121495854532,0.8877387591719962,1.1037706612435896,0.44377972672496163,1.2448809344478562e-15,0.0008894160855561495,not_checked,0.001,not_checked,not_checked,,,
circle_uniform_direct_n200,996,2026092597,True,ok,0.001226197467355649,0.006333749072062109,0.0033811773559050276,0.49038143602051465,0.5287452213534668,0.7815770911959354,0.7816153798401919,0.7676874378219907,0.7825171080601838,0.7825171080601838,200.0,200.0,0.005,3.9898639947466563e-16,1.2079602442108335,6,-3.469446951953614e-18,-6.505213034913027e-19,1.6653345369377348e-16,4.877546087247997e-05,0.9052273871393437,1.0927500422725236,0.4497463472373928,5.377642775528102e-17,0.000998958945274353,not_checked,0.001,not_checked,not_checked,,,
circle_uniform_direct_n200,997,2026092598,True,ok,0.0025978148721551523,0.006656332957393258,0.0051439638185369774,1.0385076032103908,1.026130853306086,0.5934616545243299,0.5936458327927365,0.5986576221598436,0.5947804254333471,0.5947804254333471,200.0,200.0,0.005,2.220446049250313e-16,1.2441891425981326,6,4.336808689942018e-19,-2.6020852139652106e-18,-6.661338147750939e-16,0.0003091728258350912,0.9282069673028065,1.0668490214953628,0.46101465476509407,3.8163916471489756e-17,0.0009958748705685139,not_checked,0.001,not_checked,not_checked,,,
circle_uniform_direct_n200,998,2026092599,True,ok,0.0008705367955499088,0.020077316867292146,0.003078923025995451,0.348083273953048,0.31989674707265237,0.8394943027756114,0.8395497271578469,0.8521877832722027,0.8402066889738271,0.8402066889738271,200.0,200.0,0.005,3.602673714908633e-14,1.3887847799153363,6,-6.288372600415926e-18,-4.119968255444917e-18,-1.5543122344752192e-15,6.57221334577629e-05,0.9092732961514949,1.0883708620487997,0.44550544403314646,1.0907941216942163e-14,0.0009924168698489666,not_checked,0.001,not_checked,not_checked,,,
circle_uniform_direct_n200,999,2026092600,True,ok,0.012151813999327143,0.0017762500006996444,0.010732667560069662,4.8459913547444975,5.159578627915021,0.085488156485259,0.08612689762091416,0.07578997022974605,0.08800489862452698,0.08800489862452698,200.0,200.0,0.005,8.83502090931465e-11,1.283432770803457,5,4.8416132214512686e-15,3.469446951953614e-18,3.552713678800501e-15,0.007367122493179945,0.9390861476834155,1.0367621515529675,0.468709106627777,7.454045193588943e-12,0.0008812490850687027,not_checked,0.001,not_checked,not_checked,,,
