cell,replicate,seed,valid,status,gap,I1,se,score,wald,p_gap,p_score,p_wald,naive_p,kish_p,ess,a2,max_weight,moment_error,condition,iterations,gap_kl_error,gap_score_error,lr_identity_error,score_discrepancy,eig_min,eig_max,min_sampling_eigenvalue,dual_entropy_discrepancy,fit_seconds,refinement_status,refinement_tolerance,refined_full_status,refined_reduced_status,scaled_refinement,reference_refinement,scaled_rotation
circle_vm2_importance_n200,0,2026491601,True,ok,0.0030923798382491707,0.6317258782621769,0.0049837217640744495,1.2954741686502513,1.5590209488668647,0.47434213521774327,0.45791942734190294,0.4586304677017158,0.5387649073725955,0.6239743531584867,152.51878386063797,200.0,0.009292795584685362,6.5503158452884236e-15,10.151911187268565,10,-1.4710455076283324e-15,-6.418476861114186e-17,,-0.02926111667529152,0.7600593386295615,0.9022574772430054,0.14686277690256117,1.2878587085651816e-14,0.001931000966578722,ok,0.001,ok,ok,0.0,0.0,0.0
circle_vm2_importance_n200,1,2026491602,True,ok,0.006476174737201079,0.5799821896532658,0.007431885150411754,2.5826285806706113,3.2013511332226634,0.18765842044604808,0.18860948777967834,0.20176016950958178,0.2738335202883704,0.37831112394925376,150.0945206268136,200.0,0.009155682519188304,2.7586155582071115e-11,11.850992904083068,9,2.3418766925686896e-16,6.765421556309548e-17,,0.003920657104910186,0.7231395239768509,0.8256888694070292,0.15133387070994328,5.593769891731881e-11,0.0015713339671492577,ok,0.001,ok,ok,2.220446049250313e-13,0.0,4.440892098500626e-14
circle_vm2_importance_n200,2,2026491603,True,ok,0.0049874951575026305,0.5968517556456259,0.0064484394532421194,2.0644173779870822,2.3704832104495814,0.2959585294660837,0.283700425521351,0.30567231854724025,0.36880064753930314,0.46000379923217494,155.6934905820635,200.0,0.009021867517384416,6.12329076332685e-11,9.541777459211344,9,-2.9733160378242474e-15,-8.413408858487514e-17,,-0.03470965749301502,0.7625815209755774,0.8775480032522935,0.1596514007709422,1.2724510334294337e-10,0.0016304999589920044,ok,0.001,ok,ok,8.881784197001252e-14,0.0,4.440892098500626e-14
circle_vm2_importance_n200,3,2026491604,True,ok,0.006736213441385086,0.47427837482722435,0.007549403794445351,2.572791462919747,3.079208931129527,0.20557690988211547,0.2207868167154471,0.21446591330676,0.25995605323378607,0.36564257420170737,149.35675728107313,200.0,0.00977611832499224,8.881784197001252e-14,11.055933765302775,9,7.26415455565288e-15,-1.3964523981613297e-16,,0.060846956817143694,0.8087345620710057,0.8950056885392695,0.214171773783254,1.525446435834965e-13,0.0021906672045588493,ok,0.001,ok,ok,4.440892098500626e-14,0.0,4.440892098500626e-14
circle_vm2_importance_n200,4,2026491605,True,ok,0.0001832085416002549,0.5675234467880215,0.0013252798126900216,0.07272136153139944,0.07668305704725324,0.9575378060987063,0.957856461947304,0.962384203101682,0.964021474352866,0.9729888811510254,149.46150441847104,200.0,0.00974374032933388,1.497457713384165e-11,11.272768869526775,8,3.2150389121798906e-15,-5.681219383824043e-17,,0.0002810275543512625,0.7472287482640017,0.9540611869367343,0.16746966899617632,2.9897417874735766e-11,0.0015399581752717495,ok,0.001,ok,ok,0.0,0.0,4.440892098500626e-14
circle_vm2_importance_n200,5,2026491606,True,ok,0.0007268132025757268,0.644673897688109,0.002283418511135551,0.28417057868841206,0.4051230469132762,0.8300047830433308,0.8334930734646564,0.8166362387683146,0.8647086578526183,0.89162728401512,157.8219497784617,200.0,0.008894450771195203,7.434330928646204e-11,16.967808281764306,9,7.796265586237916e-12,-7.936359902593892e-17,,0.00327735117093933,0.6439792463343871,0.941951742807724,0.11398349567566016,1.7310908262402336e-10,0.0017020830418914557,ok,0.001,ok,ok,1.3322676295501878e-13,0.0,1.3322676295501878e-13
circle_vm2_importance_n200,6,2026491607,True,ok,0.006311447651676794,0.610917335761507,0.007041636038518994,2.541014907943878,3.062861367458698,0.21169328380106428,0.2095655914080539,0.21622609476296584,0.28300533488428586,0.36640979847635996,159.07648441107088,200.0,0.00887085254028851,1.163460439101982e-10,12.572162786343776,9,-7.164407955784213e-16,1.691355389077387e-16,,-0.008217923636580249,0.78049334487018,0.8458153567220617,0.1512196539950953,2.4694157829685537e-10,0.0017919999081641436,ok,0.001,ok,ok,4.440892098500626e-14,0.0,1.3322676295501878e-13
circle_vm2_importance_n200,7,2026491608,True,ok,0.005807939782375815,0.5763883899612121,0.006991074631934325,2.2150008316048524,2.7908164699589686,0.21932735045751778,0.2353464856491579,0.2477318829013082,0.31298877350695214,0.4091519021021779,153.87018918822073,200.0,0.008975538715570277,2.3178237107401856e-11,15.7575801384001,9,1.783729414173152e-14,-2.489328188026718e-16,,0.0540875406727368,0.7071071548926797,0.8252246759195092,0.14901325083868464,4.677347398285292e-11,0.0015371241606771946,ok,0.001,ok,ok,4.440892098500626e-14,0.0,0.0
circle_vm2_importance_n200,8,2026491609,True,ok,0.002002775548288538,0.5665483734912828,0.0038582404009967976,0.8000275517531923,1.0970206895805823,0.6016203523419521,0.6020332710035119,0.5778099071360154,0.6699480481636881,0.7394604033199613,150.7081228992846,200.0,0.009201885853560656,1.4314993634911843e-11,10.832662262686855,9,2.177077962350893e-16,2.723515857283587e-16,,0.0005413337811114305,0.7245698428142436,0.856107993662298,0.16550326119476858,2.8447688649180236e-11,0.0015559580642729998,ok,0.001,ok,ok,0.0,0.0,4.440892098500626e-14
circle_vm2_importance_n200,9,2026491610,True,ok,0.002849061242087725,0.5865040451079508,0.004679144218878733,1.0946855671947264,1.4319540037902483,0.4788248825408443,0.49291964036723945,0.48871440357494467,0.5656316269637671,0.6378180010013571,157.84227259774124,200.0,0.008816761286307689,3.764821787655137e-11,15.298068112119767,9,-3.599551212651875e-17,-1.964574336543734e-16,,0.02246946482018175,0.7178445033004653,0.8323486829364962,0.1475035420092569,7.71305241897835e-11,0.0017184179741889238,ok,0.001,ok,ok,2.6645352591003757e-13,0.0,1.7763568394002505e-13
circle_vm2_importance_n200,10,2026491611,True,ok,0.0007113534785940789,0.5991845040698904,0.002426831344047457,0.28140558787542913,0.3396468468758196,0.8385569029220645,0.8401848241677319,0.8438138011824606,0.8673864269113439,0.89515559188699,155.6999908847085,200.0,0.009069828200281538,6.819356190845838e-11,13.118420698400593,8,9.267138922561258e-13,1.5222198501696482e-16,,0.001567901781101222,0.7257671750785837,0.8986938755152714,0.14435042145181912,1.422333362199879e-10,0.0018402079585939646,ok,0.001,ok,ok,1.3322676295501878e-13,0.0,
circle_vm2_importance_n200,11,2026491612,True,ok,0.00011711879440445827,0.6533778135041648,0.0009419637143201857,0.04730620342275784,0.06242422851898005,0.9702196585362692,0.96993251230555,0.9692699552907523,0.9768484478487117,0.9817494967647417,157.2685085074155,200.0,0.008802456238572225,7.216449660063518e-14,14.232017769303257,9,-2.9126820313279955e-15,1.1492543028346347e-16,,-0.0002293428304872662,0.7346866566451266,0.8170268023452683,0.1332369579846499,1.6009416015094757e-13,0.001670332858338952,ok,0.001,ok,ok,8.881784197001252e-14,0.0,
circle_vm2_importance_n200,12,2026491613,True,ok,0.002900192296487747,0.6305810715007927,0.0048567110041968006,1.2070284748438547,1.5031570565252559,0.49498897948433207,0.48113410066119966,0.47162149698768285,0.5598768336815972,0.6448170650328544,151.29638922551635,200.0,0.009411667368658236,2.220446049250313e-15,10.579584480024616,10,-4.85722573273506e-16,-1.3791051634015616e-16,,-0.023475778124377955,0.7316466156376727,0.9253785529537618,0.13486134958265847,4.440892098500626e-15,0.002091958886012435,ok,0.001,ok,ok,0.0,0.0,
circle_vm2_importance_n200,13,2026491614,True,ok,0.0017160316391484631,0.6226840856544564,0.0036351468423157594,0.6819008355498375,0.9151919590490021,0.6434109401830297,0.6452771624296589,0.6328030899725967,0.7094918085521773,0.7686644287221331,153.3193050094369,200.0,0.00909022205411883,1.9608226153877695e-10,14.081698538660133,9,-7.762887554996212e-17,-9.085614205428527e-17,,0.0022559100547738797,0.7154450842147613,0.8453678975340888,0.1433407703923191,4.2363113017529486e-10,0.0016276671085506678,ok,0.001,ok,ok,8.881784197001252e-14,0.0,
circle_vm2_importance_n200,14,2026491615,True,ok,0.0017022966415318752,0.5711005700929541,0.0037626394468454685,0.6988288651771496,0.8278764423211432,0.6611277128571812,0.6539724418861897,0.6610417883989652,0.7114434615797707,0.7718413638801426,152.1334360629339,200.0,0.009264654979528159,1.793720727505388e-11,8.91398947593781,9,1.8865117801247777e-17,1.0343288725511712e-16,,-0.008955104282199755,0.7845864110962879,0.8623640749187513,0.169796310693172,3.5850433732775855e-11,0.0019587918650358915,ok,0.001,ok,ok,8.881784197001252e-14,0.0,
circle_vm2_importance_n200,15,2026491616,True,ok,0.0004583052013673594,0.5903913060804511,0.0019946775533477667,0.18601903808141185,0.21359651786712539,0.895773229907906,0.894324275149579,0.8987069608037794,0.9124143688606318,0.9328323350785762,151.71069244668246,200.0,0.009486853719160398,4.518341256698477e-11,10.502213969941886,8,-4.1412565651016697e-13,5.594483210025203e-17,,-0.0013484787672340404,0.7562550361512086,0.9165542808086803,0.16537101610261273,9.321277083529367e-11,0.0015194998122751713,ok,0.001,ok,ok,4.440892098500626e-14,0.0,
circle_vm2_importance_n200,16,2026491617,True,ok,0.0016783087269882646,0.5694354230353607,0.0034601500157511265,0.6702515766785578,0.954994852203843,0.6536533152067354,0.6540964987998483,0.620333882270311,0.7148648712573746,0.7763679688947664,150.82367171151756,200.0,0.009236917074433332,1.3580281343905654e-10,10.956984501778761,8,1.4599326522007905e-12,-8.304988641238964e-17,,0.0005359570583740036,0.6962349873336199,0.8922427183818055,0.15821799131245268,2.722622127748764e-10,0.0016428749077022076,ok,0.001,ok,ok,1.3322676295501878e-13,0.0,
circle_vm2_importance_n200,17,2026491618,True,ok,0.007433359195146538,0.5205436632018543,0.007819078656604299,2.8600548409310615,3.6452950604090475,0.15931212126430266,0.1707754278610839,0.16159735021652866,0.22612398158896876,0.33169892581611315,148.45610745876752,200.0,0.009492379299597141,1.2979617380892705e-12,12.297652698616867,9,1.268603277981839e-14,-1.3010426069826053e-17,,0.05664441856377689,0.7065661061225464,0.9131468330294391,0.1764186568483191,2.4011903576592886e-12,0.0020497082732617855,ok,0.001,ok,ok,8.881784197001252e-14,0.0,
circle_vm2_importance_n200,18,2026491619,True,ok,0.0021541351252436503,0.5741695112294767,0.004371521894201145,0.875170966921119,0.9613192127920768,0.6088650762634882,0.6041521238147394,0.6183753729038755,0.6499713298107315,0.7209341696664828,151.897365322445,200.0,0.009625125481972793,2.074806992879985e-11,9.817060922641252,9,-3.681950577760773e-16,-2.8145888397723695e-16,,-0.006758458411829427,0.7738409365908064,0.9712265097397674,0.16317850175187648,4.184785851180095e-11,0.0015506239142268896,ok,0.001,ok,ok,0.0,0.0,
circle_vm2_importance_n200,19,2026491620,True,ok,0.0006201799580978218,0.46352698510926316,0.0023263385638847517,0.24628414293537376,0.2845800374359715,0.8659912679653043,0.8668897000443918,0.8673696665660673,0.8833480471837438,0.9137133295230405,145.5035742353822,200.0,0.009874326191256104,1.4658274594125942e-12,7.711294307903297,8,7.941650809195622e-14,1.1926223897340549e-17,,0.0008939201518774753,0.8449310331131463,0.8795448625720045,0.22455701763113375,2.5368596112684827e-12,0.0013837921433150768,ok,0.001,ok,ok,4.440892098500626e-14,0.0,
circle_vm2_importance_n200,20,2026491621,True,ok,0.005222786788743328,0.5657510971342454,0.006155489674376405,2.0323127016454574,2.9192123259139082,0.2585147362726764,0.26815038810051695,0.23232775599065855,0.3518475274957259,0.4528251431326549,151.69089942988057,200.0,0.009094079101562342,1.3745671267884063e-11,13.25273095877769,9,5.152128723651117e-16,-3.5648567431323386e-16,,0.028401006925936834,0.6782066108421905,0.8699075370332906,0.14981043848227507,2.731059822735915e-11,0.0015556251164525747,ok,0.001,ok,ok,4.440892098500626e-14,0.0,
circle_vm2_importance_n200,21,2026491622,True,ok,0.004868206857952639,0.6037424108172038,0.006433839587557723,1.9434922562275998,2.3592280744164458,0.2869503678494093,0.2876475765199853,0.30739735965111875,0.3777051660924968,0.48113589768609244,150.2823397929045,200.0,0.009249878468913592,8.40665315138267e-11,12.844424648214803,9,3.9898639947466563e-17,0.0,,0.0018952434767279813,0.7283337389153963,0.8327429684352685,0.14393702742123504,1.765156909527832e-10,0.0017714158166199923,ok,0.001,ok,ok,4.440892098500626e-14,0.0,
circle_vm2_importance_n200,22,2026491623,True,ok,0.0021308016739383095,0.6182025466555141,0.004133858186034469,0.8833737195832619,1.0895971256504202,0.5874428441879975,0.5761670791107147,0.5799585967953989,0.653011633245105,0.7219153610023255,152.9224326577007,200.0,0.009121912163208207,1.6099810373759738e-10,10.236541520804945,9,-3.8163916471489756e-17,1.7607443281164592e-16,,-0.01552652500396906,0.7901123583444222,0.8121769831239429,0.15251052321178676,3.4545832860999326e-10,0.0015817498788237572,ok,0.001,ok,ok,0.0,0.0,
circle_vm2_importance_n200,23,2026491624,True,ok,0.005653254646395434,0.6429874482266387,0.006492607989892136,2.4086820720859192,3.0976075480139027,0.25015837982788713,0.2286460781445961,0.21250202228939938,0.3228230530387195,0.41636450162419314,154.98933823835395,200.0,0.008982153663658335,9.937606293419776e-13,9.580413786185268,10,-2.690226513779592e-13,-1.9949319973733282e-17,,-0.07369010676387289,0.7290127526591406,0.9058457813046212,0.13117953173554017,1.9455548283531243e-12,0.0022744168527424335,ok,0.001,ok,ok,8.881784197001252e-14,0.0,
circle_vm2_importance_n200,24,2026491625,True,ok,0.0064358715717840465,0.5358422642771867,0.007088141531006944,2.477472880264193,3.3681719567415778,0.19526722835390392,0.20760823132318496,0.18561400966483632,0.2760497117750409,0.37898998705319886,150.7558817498984,200.0,0.009237009018667591,2.961075828977755e-12,12.868525931272847,9,6.388119200284592e-15,3.0357660829594124e-17,,0.048437874224712685,0.7201179985988678,0.8570454764641918,0.1671446962228293,5.617728504603292e-12,0.0016066250391304493,ok,0.001,ok,ok,4.440892098500626e-14,0.0,
circle_vm2_importance_n200,25,2026491626,True,ok,0.0006347020368866474,0.5610838610916655,0.002343640368602876,0.2580564046543172,0.2936972654364011,0.8639918738742892,0.8619169822507713,0.863424661769493,0.8807861593904786,0.9096084097418768,149.26861037773475,200.0,0.009752676757603745,1.548394745753967e-11,9.182905466442032,8,-1.2661520052900666e-12,-5.2800645800044066e-17,,-0.002087794949829108,0.855528008192457,0.8812758164926777,0.18906975881134486,2.948952193548848e-11,0.0015079998411238194,not_checked,0.001,not_checked,not_checked,,,
circle_vm2_importance_n200,26,2026491627,True,ok,0.0011543702704912562,0.5961122348243282,0.003039872816710081,0.47377803691335185,0.5887465032258679,0.7504582749681601,0.7448669256749153,0.7449983676990728,0.7938394405636051,0.8381248548736814,152.97361913781407,200.0,0.009130024601697501,5.916711565134847e-11,9.945641136043703,9,-3.133344278483108e-16,-3.2612801348363973e-16,,-0.00601496435842469,0.778156787341209,0.8310676422292147,0.16026530978142475,1.2281775596534317e-10,0.0015357909724116325,not_checked,0.001,not_checked,not_checked,,,
circle_vm2_importance_n200,27,2026491628,True,ok,0.008271507155462654,0.6253351820059423,0.007967620151214425,3.257795138261933,4.48478612986369,0.10420105159718634,0.10788268711886931,0.10620404685385124,0.19122559331122405,0.27959125801439455,154.07428310239183,200.0,0.00873447855507302,2.751132655021138e-13,15.71458011159825,10,2.790476183456292e-14,1.9949319973733282e-16,,0.02540386196156441,0.7198212718979835,0.743210124373837,0.13638129531397916,6.24167384444263e-13,0.0019441668409854174,not_checked,0.001,not_checked,not_checked,,,
circle_vm2_importance_n200,28,2026491629,True,ok,0.008508773848060924,0.6016991725527134,0.00834096486578597,3.4120674383640255,4.438585273613679,0.11062320839855191,0.11001375472044529,0.10868596208936342,0.18236323765268703,0.27954991603597096,149.7953094797832,200.0,0.009189987995333417,7.655587275223752e-11,12.591862910671928,9,-3.0687258290029718e-15,-5.377642775528102e-17,,-0.0042789495698278834,0.7257188270782872,0.8198964099871537,0.14607701122804326,1.6026890925502357e-10,0.0015732082538306713,not_checked,0.001,not_checked,not_checked,,,
circle_vm2_importance_n200,29,2026491630,True,ok,0.0021112419081161793,0.6346119860720825,0.004053969794865179,0.8770031266692552,1.1218531946639818,0.5978105146715749,0.5860976890161462,0.5706800281936084,0.6555711873338929,0.7240939130506094,152.9119801995278,200.0,0.009270195643297027,3.3306690738754696e-16,10.89547133848516,10,4.9439619065339e-17,1.1709383462843448e-16,,-0.01625318171139173,0.7586195068291586,0.8865310027614146,0.142583072157484,6.661338147750939e-16,0.0022292910143733025,not_checked,0.001,not_checked,not_checked,,,
circle_vm2_importance_n200,30,2026491631,True,ok,0.00496099400058414,0.5500743972413149,0.00638383733233593,2.06482803994361,2.458226454471511,0.30491201860192074,0.2906125611402611,0.2925518897363789,0.37076056572742394,0.4735525210486383,150.67392774794786,200.0,0.00934259650680472,6.238010108461367e-12,7.329784056532706,9,-2.168404344971009e-15,6.418476861114186e-17,,-0.040215219854977,0.7653813617886404,0.907825381270417,0.17255563599700016,1.2075673794242903e-11,0.0018304588738828897,not_checked,0.001,not_checked,not_checked,,,
circle_vm2_importance_n200,31,2026491632,True,ok,0.001366211407123119,0.5654958992532171,0.0034979268575658948,0.5369262287186974,0.6242786728482415,0.7078287930712127,0.7121119808055572,0.7318795436448954,0.7609084113204558,0.8125313554914416,151.95362377038188,200.0,0.009205657904607034,1.633627677577465e-10,12.100565689147846,8,1.7183468406858915e-11,-2.190088388420719e-16,,0.004779167065275092,0.6818486541263691,0.9136252970329157,0.14710068497385503,3.398203940463418e-10,0.0020753329154103994,not_checked,0.001,not_checked,not_checked,,,
circle_vm2_importance_n200,32,2026491633,True,ok,0.0005676498011581987,0.492200835756746,0.0023485088490664166,0.22652932047149488,0.23595878604594706,0.8748128996916249,0.8750859615746169,0.8887143661424497,0.8926774511873233,0.9188555413225064,149.0819867657678,200.0,0.009671807987101122,7.570610804918942e-13,8.18716332222608,8,1.5926604653160314e-14,1.4029576111962427e-16,,0.0002652999958923097,0.6887225341354928,1.0431889404133075,0.1736167045347568,1.3555823130673161e-12,0.0013780419249087572,not_checked,0.001,not_checked,not_checked,,,
circle_vm2_importance_n200,33,2026491634,True,ok,0.01538440365943372,0.5718817414335384,0.010789192379520801,5.647940064701276,7.8745561766306436,0.018183054679158782,0.025209897589876296,0.01950122317775529,0.04610283971343577,0.0979716648469471,151.00208157299846,200.0,0.009283965636750673,1.7410017871810624e-10,20.61495011672872,9,7.601206122864745e-11,-7.45931094670027e-17,,0.25291069953610634,0.6924407809358957,0.836394360028428,0.15504669616185368,4.241886841782616e-10,0.001564874779433012,not_checked,0.001,not_checked,not_checked,,,
circle_vm2_importance_n200,34,2026491635,True,ok,0.0023269146759690162,0.6091344910972498,0.004406514438304941,0.9639815958254262,1.130602693986954,0.586827021754077,0.5757842022403978,0.5681888989399064,0.6278946162001879,0.7075556706554303,148.66852218271677,200.0,0.009911823167548331,1.0605205602587375e-10,9.87614949107432,9,-1.5785983631388945e-16,-1.5178830414797062e-16,,-0.01660786271890985,0.7915262194813311,0.9606683842799766,0.16209189814825573,2.272861898688916e-10,0.0015565832145512104,not_checked,0.001,not_checked,not_checked,,,
circle_vm2_importance_n200,35,2026491636,True,ok,0.005662627239092943,0.5470577065876645,0.006372862161662828,2.1429818069035362,3.033628826982117,0.23550999223998925,0.25451370923888644,0.2194097235078586,0.32221848205760556,0.4164881240058802,154.680379723083,200.0,0.009023839790524884,5.327294161361351e-12,14.859409623695473,9,2.1554806550749817e-14,2.2551405187698492e-17,,0.06103454436682054,0.6978196671952867,0.8712467246021698,0.15810029247800358,1.0288880858411176e-11,0.001587999053299427,not_checked,0.001,not_checked,not_checked,,,
circle_vm2_importance_n200,36,2026491637,True,ok,0.0023341667590053294,0.5728710147191409,0.004539361560086771,0.9371164330104665,1.1044079372814024,0.545630384199933,0.5444149513765262,0.5756796313227107,0.626984567555614,0.7016710504291435,151.7846025970194,200.0,0.009028823498612126,1.9503842985102438e-11,10.7112177478089,9,1.0408340855860843e-17,1.3010426069826053e-18,,-0.0017248647041673837,0.6566715354536036,0.89758348312577,0.1413878971097325,3.92021970441192e-11,0.0020476249046623707,not_checked,0.001,not_checked,not_checked,,,
circle_vm2_importance_n200,37,2026491638,True,ok,0.0035896881453290064,0.5137029215450535,0.005548423208245988,1.423366669234911,1.6320904559669867,0.4257885471233761,0.4289633463874573,0.4421769100576507,0.48775715554648436,0.5776541690441395,152.87676550504793,200.0,0.00938455658381927,8.876233081878127e-13,9.461051334593865,9,1.1622647289044608e-16,1.5265566588595902e-16,,0.0062542944483457985,0.7775100248019563,0.9070694635788594,0.19017204903853924,1.624034240421679e-12,0.00150162517093122,not_checked,0.001,not_checked,not_checked,,,
circle_vm2_importance_n200,38,2026491639,True,ok,0.00518420127217345,0.60439772623672,0.006219653466229604,2.1284374519608393,2.891583102823491,0.2573167442663149,0.2482703010458721,0.23555954525045067,0.3545732751268699,0.4537437251336328,152.42902057967248,200.0,0.008849669719289206,8.622569325211771e-11,10.519363466192281,9,-1.9116652705264414e-15,-1.1188966420050406e-16,,-0.0273784715457297,0.7138455174137582,0.8148578403286213,0.14159176974504808,1.8205326135500854e-10,0.0015533340629190207,not_checked,0.001,not_checked,not_checked,,,
circle_vm2_importance_n200,39,2026491640,True,ok,0.0012245459994235652,0.6109978019590232,0.0033050556105636343,0.48917305227167923,0.5643262407780176,0.7297685365006767,0.7300711333993093,0.7541506571506589,0.7827756111308406,0.8281545391069987,153.9799245331812,200.0,0.008980816600161434,1.167651531019942e-10,12.891536005231906,8,5.266529400083098e-13,-8.370040771588094e-17,,0.00032267374887343103,0.6865754245297114,0.8781850516592649,0.13291430812327998,2.478652838533435e-10,0.0013076670002192259,not_checked,0.001,not_checked,not_checked,,,
circle_vm2_importance_n200,40,2026491641,True,ok,0.011637305965433997,0.5063395439821317,0.009688635111840024,4.651875495293369,6.019977876921358,0.056299317590628534,0.056404364325290945,0.049292224005320594,0.09754307603223608,0.1863833415086769,144.35899127365923,200.0,0.00957712130551929,5.830891325331322e-13,8.92319055603023,9,6.002143226879753e-16,1.942890293094024e-16,,0.0015234454401147346,0.7101354909285158,0.9026951810642652,0.17703144379189845,1.0602629885170245e-12,0.0017658339347690344,not_checked,0.001,not_checked,not_checked,,,
circle_vm2_importance_n200,41,2026491642,True,ok,0.014074588038085034,0.6577248145366803,0.010389282655718686,6.212542333262724,7.524810839659708,0.046838025030446526,0.03453483505086766,0.023227800510488155,0.05990965463597905,0.11603731659618345,153.03065631374685,200.0,0.009536853034839629,7.771561172376096e-16,8.227117596764804,11,3.0010716134398763e-16,-1.5612511283791264e-17,,-0.2913535590143552,0.7082718799998542,1.1068588752705946,0.12381695912588214,1.5543122344752192e-15,0.0017136249225586653,not_checked,0.001,not_checked,not_checked,,,
circle_vm2_importance_n200,42,2026491643,True,ok,0.014261066970248093,0.5443149211397298,0.010007600041364624,5.3251826709878465,7.795350265771683,0.02281316364847591,0.029227488593648564,0.020289025946307677,0.05771643018766543,0.111118481682204,154.06689057559612,200.0,0.008863357494731001,3.087652356015269e-11,16.775405598562795,9,1.1653325873717257e-11,2.7755575615628914e-17,,0.18962205855569536,0.6526901393300325,0.8451785276482471,0.15501695471680974,7.069700380668564e-11,0.0014592919033020735,not_checked,0.001,not_checked,not_checked,,,
circle_vm2_importance_n200,43,2026491644,True,ok,0.0019226718192528747,0.5099901316798878,0.004100529151133189,0.7586457663454198,0.8615728777472867,0.6396200636788161,0.6435036571138935,0.6499977101962603,0.6807675523967954,0.7491343234743156,150.22687261014968,200.0,0.009709427902873147,7.216449660063518e-13,9.62357237731335,9,-1.9168694409543718e-16,-2.2811613709095013e-16,,0.0052114806778650324,0.8035228143819431,0.9205339870795574,0.19491509835228293,1.312283615106935e-12,0.0014565412420779467,not_checked,0.001,not_checked,not_checked,,,
circle_vm2_importance_n200,44,2026491645,True,ok,0.004505312861824429,0.5991669921220024,0.005917920944095645,1.714506904231318,2.2972630023228784,0.2971978764663579,0.3152432554495751,0.3170703830624329,0.4061378794952615,0.4926036758176139,157.15897052327983,200.0,0.008672224675510482,6.790024098535241e-11,17.218992967067337,9,7.185224637495935e-15,-6.331740687315346e-17,,0.043809120249226785,0.704302798431775,0.7817292630400685,0.15106359612820222,1.421134321333284e-10,0.0016331658698618412,not_checked,0.001,not_checked,not_checked,,,
circle_vm2_importance_n200,45,2026491646,True,ok,0.0033070019439522813,0.5313473288686263,0.005541716866159738,1.3332099380967377,1.4043912921114818,0.4523793499483617,0.4495759775419139,0.495496174336742,0.5161280482357297,0.6032981183322992,152.81025565255604,200.0,0.009333439610994953,2.3335777754596165e-12,8.837237942821174,9,6.331740687315346e-17,5.0306980803327406e-17,,-0.005204580257912594,0.7192113932674887,0.9587392399396761,0.16694361824019902,4.388711616343244e-12,0.001611917046830058,not_checked,0.001,not_checked,not_checked,,,
circle_vm2_importance_n200,46,2026491647,True,ok,0.0012928881097311606,0.6417724258540953,0.0031141052740758686,0.5094602423274385,0.6950482422348153,0.7178409635809979,0.7213894481675471,0.7064349737231077,0.7721490930075806,0.8200473422599122,153.4496329835952,200.0,0.00919912465809883,6.175615574477433e-16,16.07422251362328,10,2.0404684886177193e-16,2.3158558404290375e-16,,0.0038475007825128915,0.7327186675243071,0.8298121738063017,0.13868775607772024,8.881784197001252e-16,0.001558750867843628,not_checked,0.001,not_checked,not_checked,,,
circle_vm2_importance_n200,47,2026491648,True,ok,0.0006109110289773678,0.5445599444809301,0.0021861506910341734,0.244435261518054,0.30922831472799234,0.8607072236638591,0.8606697937988916,0.856745682730615,0.8849871040321386,0.9107304867647907,153.06364485969542,200.0,0.009199059035131837,4.687361609967411e-12,9.744604370886648,8,-6.1719292870909825e-15,-1.6588293239028218e-17,,-3.5424963553437605e-05,0.78447455065923,0.8456750579018235,0.18416136673236727,9.00435281891987e-12,0.0013723750598728657,not_checked,0.001,not_checked,not_checked,,,
circle_vm2_importance_n200,48,2026491649,True,ok,0.0005016005986564487,0.5481224274518082,0.00197510567726332,0.19875654537839604,0.25824823560585175,0.8838069232542484,0.884832271526369,0.8788648759982681,0.9045478080822404,0.9271693100398916,150.75557588806385,200.0,0.009367074296522917,5.643374656472133e-12,10.633576550315253,8,1.2973368039570499e-13,-7.958043946043603e-17,,0.0009418470420917147,0.7612090954410661,0.8663806335604782,0.17866891026460172,1.089062173775801e-11,0.001262666191905737,not_checked,0.001,not_checked,not_checked,,,
circle_vm2_importance_n200,49,2026491650,True,ok,0.000461566967921323,0.5632961521937203,0.0019971810152351202,0.18563099207852168,0.21378012400375554,0.8922556947800366,0.8917027922645688,0.8986244605342084,0.9118193464298188,0.9316567961506158,153.37054319027163,200.0,0.009156386392771367,1.2185585873680793e-11,10.06233995843209,8,-4.418817742268821e-14,5.2909066017292616e-17,,-0.0005021024549962394,0.7258059384332888,0.9027861743459181,0.1569040756842678,2.407873900267532e-11,0.0012113337870687246,not_checked,0.001,not_checked,not_checked,,,
circle_vm2_importance_n200,50,2026491651,True,ok,0.0014818669845833021,0.5255204128802913,0.0035902341938446112,0.5856308389775364,0.6656637953908422,0.7055842257942457,0.7085440314989091,0.7168906950051415,0.7435097519328298,0.7992504419382795,151.21528479434895,200.0,0.009567363415327072,9.070910689246148e-11,10.034618504614919,8,7.757675361472205e-12,2.211772431870429e-17,,0.0035579774278922116,0.8201311905896365,0.8804874606904423,0.19456690010228192,1.7637891147614937e-10,0.0015172907151281834,not_checked,0.001,not_checked,not_checked,,,
circle_vm2_importance_n200,51,2026491652,True,ok,0.009468992018181188,0.60983152144703,0.009274268971857699,3.6451550469978917,4.3255543062421555,0.0870102422741135,0.09533892375708572,0.1150052898339067,0.15049906557202472,0.2430371584806905,149.3866431672513,200.0,0.009394300453838609,1.1069078986736258e-10,17.232546681748914,9,3.2790610504651596e-13,1.97758476261356e-16,,0.07122088013729178,0.7068938385066562,0.8429652509923112,0.1375894448916208,2.347870786678641e-10,0.00143912504427135,not_checked,0.001,not_checked,not_checked,,,
circle_vm2_importance_n200,52,2026491653,True,ok,0.011802545852488855,0.5328490255234462,0.010101972009519579,4.559784530512956,5.561493204185367,0.044804734724742265,0.04975033992838952,0.061992206584208676,0.09437215944161917,0.16726130718763088,151.50951312584021,200.0,0.008959895418068714,2.4890089989071384e-12,12.717018595348334,9,2.3258131531811443e-13,-3.469446951953614e-18,,0.08061690524129306,0.6568727271403412,0.8560311325085359,0.15541842921120544,4.765521310901022e-12,0.0014212087262421846,not_checked,0.001,not_checked,not_checked,,,
circle_vm2_importance_n200,53,2026491654,True,ok,0.0023503696243807326,0.5318063381640064,0.004463136226237357,0.9246275713867873,1.115517670526982,0.5698628029986776,0.5751764305889493,0.5724906730721451,0.6249560667751681,0.7081002120589858,146.85760455203092,200.0,0.009771410514675413,2.3918644842524373e-12,10.670056248341096,9,-1.726049858596923e-16,-1.8388068845354155e-16,,0.007760139182752868,0.8001025298696013,0.8728252049943283,0.18616146361673963,4.501288231040235e-12,0.0014024581760168076,not_checked,0.001,not_checked,not_checked,,,
circle_vm2_importance_n200,54,2026491655,True,ok,0.00011632344318157628,0.5759081726567119,0.0010383712538985339,0.046675022162499843,0.05116762367345688,0.9732809493454677,0.9731984527138302,0.9747406807353631,0.9770038477296459,0.9828309309897555,148.87941796714554,200.0,0.009829201065932625,2.2536528199168515e-11,10.748969788346425,8,-2.4744204081550425e-16,-1.196959198423997e-16,,-7.282244493466566e-05,0.764303620781158,0.9653194181400337,0.16054186592816133,4.566103051217851e-11,0.001270374981686473,not_checked,0.001,not_checked,not_checked,,,
circle_vm2_importance_n200,55,2026491656,True,ok,0.009779096091738326,0.5539056975582839,0.009343832646586316,3.6975813400551503,4.393685810372322,0.0804413653623873,0.09227434575504817,0.11115352722179345,0.1414485519677632,0.22816267045491812,151.1076712667832,200.0,0.009232127566986801,7.586486994171082e-12,15.68214427818126,9,5.901772126559734e-13,2.949029909160572e-17,,0.10702854832009012,0.7047222527330438,0.8456895950819221,0.16090901897057114,1.4781953439069184e-11,0.0014012909960001707,not_checked,0.001,not_checked,not_checked,,,
circle_vm2_importance_n200,56,2026491657,True,ok,0.006316322759618798,0.551160949175274,0.007063679684582563,2.4323811899316166,3.281500087155058,0.20085727802606035,0.2131983925938592,0.19383460335559072,0.2827295330513613,0.38564203015566445,150.85450175394493,200.0,0.009232458097421296,6.5916161418044794e-12,13.548359207397738,9,7.0551203767976745e-15,6.158268339717665e-17,,0.047073956957951246,0.7170952879276765,0.858147985232917,0.16082667780735146,1.2789991288286728e-11,0.0013688341714441776,not_checked,0.001,not_checked,not_checked,,,
circle_vm2_importance_n200,57,2026491658,True,ok,0.0021252617921478922,0.5209401787906476,0.004564557327052438,0.8445657663409152,0.8444822723401847,0.6033938507062313,0.605375425388056,0.6555759372614207,0.6537355556667004,0.7242152494133715,151.8244134231397,200.0,0.009499469958426923,1.326272425217212e-12,9.483473865598945,9,4.466912950640278e-16,3.668940151690947e-16,,0.002769475259120857,0.7022575992078303,1.0001037219628726,0.16671291836941046,2.452926750606821e-12,0.0013824580237269402,not_checked,0.001,not_checked,not_checked,,,
circle_vm2_importance_n200,58,2026491659,True,ok,0.002892585594450159,0.5655102259446578,0.004809503241911052,1.1112131822854296,1.409930471914894,0.48615724316989506,0.5002382752287127,0.494125751766221,0.5607292451715247,0.6402499532060464,154.15157561630147,200.0,0.009219196198596052,1.361266654953397e-11,14.178766020249073,9,2.875304161431558e-16,0.0,,0.022910527747316944,0.7673332929374241,0.8379260923016291,0.16561265469196937,2.697553291852728e-11,0.0014094579964876175,not_checked,0.001,not_checked,not_checked,,,
circle_vm2_importance_n200,59,2026491660,True,ok,0.0009375857761337869,0.5547248679570238,0.0027207310198054746,0.3704582282301513,0.46720740573007213,0.7987072794426116,0.8009003540518593,0.791675492466401,0.8290148961198811,0.8670990066413293,152.0950059609338,200.0,0.009471722827742361,2.593192327537963e-11,11.159814164476893,8,2.0372838615764777e-12,1.441988889405721e-16,,0.002288041111681738,0.7894672962203898,0.8813712435790915,0.1779299687883175,5.2369664160778484e-11,0.00127633404918015,not_checked,0.001,not_checked,not_checked,,,
circle_vm2_importance_n200,60,2026491661,True,ok,0.004339813173977136,0.6380303626695487,0.005859915515827775,1.7369423007888833,2.125987666510132,0.33209805494756056,0.33188394951404576,0.3454201305036033,0.4198059766512585,0.49876029441940795,160.29023431754396,200.0,0.008715801222968764,1.3322676295501878e-15,14.542284577333513,10,-1.5005358067199381e-16,3.469446951953614e-17,,-0.0005085155990144363,0.7320564920518916,0.8445295827507244,0.1330070921479545,2.886579864025407e-15,0.0015393339563161135,not_checked,0.001,not_checked,not_checked,,,
circle_vm2_importance_n200,61,2026491662,True,ok,0.0061462609720175365,0.5736170720500078,0.007156287548756006,2.5659564319003136,3.1902855500518283,0.2149015263197401,0.20101864662369223,0.20287956030014603,0.2925112374535735,0.3998698599081168,149.13394325669975,200.0,0.009251770601122805,2.0267121314532233e-11,8.040450165104227,9,-1.7399276464047375e-14,-5.204170427930421e-18,,-0.053726021546649516,0.701208149740067,0.9005854195030184,0.14895597358119322,4.070299652880749e-11,0.001419041771441698,not_checked,0.001,not_checked,not_checked,,,
circle_vm2_importance_n200,62,2026491663,True,ok,0.00486346905291013,0.5482270571593766,0.006099012790650073,1.8463054732481505,2.4594038371101306,0.2918011636008845,0.3106713101067049,0.29237971766151866,0.3780632343995874,0.4717396115216801,154.48399238360315,200.0,0.009087402194759103,5.666134228476949e-12,14.555575919660042,9,6.917209860457518e-15,1.717376241217039e-16,,0.04954107395795071,0.7418581555284605,0.8387372513707034,0.16618030949864454,1.0950795825692694e-11,0.0014147090259939432,not_checked,0.001,not_checked,not_checked,,,
circle_vm2_importance_n200,63,2026491664,True,ok,0.0009617989523780235,0.5960881464469283,0.0027683084550377446,0.3800304186480614,0.48807774163005546,0.7812334286171985,0.7835866664907607,0.7834571800518484,0.8250099843521934,0.8626067988380567,153.6665356487174,200.0,0.009044961167752878,5.908840083890254e-11,13.086730351012491,8,3.163829766748838e-12,-3.74049749507499e-17,,0.002344581151573988,0.7128428513268179,0.8508215262893382,0.14331939740405064,1.2267720173042562e-10,0.0012678341008722782,not_checked,0.001,not_checked,not_checked,,,
circle_vm2_importance_n200,64,2026491665,True,ok,0.0032906519473838713,0.5982809677514609,0.00500170425259168,1.367880170791561,1.7508811262844444,0.4491150866634813,0.43526330092805676,0.416678406086906,0.51781854906114,0.6031953317158061,153.62129134263674,200.0,0.009143901918915042,6.54185594584078e-11,9.192238294055532,9,-2.5760643618255585e-16,1.0451708942760263e-16,,-0.02580969591900628,0.7431962024914239,0.9059760870334851,0.14817299712931412,1.3624013028845638e-10,0.0014050002209842205,not_checked,0.001,not_checked,not_checked,,,
circle_vm2_importance_n200,65,2026491666,True,ok,0.007685756475719563,0.46214904840154514,0.00782978658970953,3.010754249694797,3.6651272145105604,0.17806630539027785,0.18451447847278868,0.1600028570643933,0.21499268060236332,0.3150656124454779,150.27465051977705,200.0,0.009912130760006363,4.0523140398818214e-14,8.82976242577474,9,4.0939474033052647e-16,-1.0842021724855044e-16,,0.03177417029651397,0.8195163265576321,0.9628532302213091,0.22409473606170446,6.816769371198461e-14,0.0013987079728394747,not_checked,0.001,not_checked,not_checked,,,
circle_vm2_importance_n200,66,2026491667,True,ok,0.0039327071550565584,0.6469257477640051,0.005553604570633735,1.659726813637127,2.0505251433091845,0.39165710417737776,0.3721305391409556,0.35870226799169486,0.45541716632651097,0.5436333619941223,154.97727194940404,200.0,0.009153580384133605,6.38378239159465e-14,10.410502849245518,10,-1.4746884269278837e-14,7.112366251504909e-17,,-0.043321975807251834,0.6836837706770617,1.011394415328796,0.12276025676286867,1.290079154614432e-13,0.0014934169594198465,not_checked,0.001,not_checked,not_checked,,,
circle_vm2_importance_n200,67,2026491668,True,ok,0.0015666029343246457,0.5849305974164225,0.0035787424439937925,0.6274251457988304,0.7992646938967282,0.6636080643950237,0.663268575188172,0.6705665365548565,0.7310155210253644,0.7860895605419684,153.63468499949556,200.0,0.00888416510737375,1.2455425579815937e-10,11.401073391097933,8,-1.6146574095127209e-12,-2.7538735181131813e-17,,-0.00039198603448603597,0.6511289154173714,0.8920624605980588,0.13621609692118875,2.543381061315131e-10,0.00128754205070436,not_checked,0.001,not_checked,not_checked,,,
circle_vm2_importance_n200,68,2026491669,True,ok,0.003961704152004364,0.6074433803969712,0.0058332467713689395,1.6096337725049694,1.7994300554728961,0.40857781987279507,0.4028603770291214,0.40668553732699186,0.4527836640369579,0.5453356009959184,153.05380435435873,200.0,0.009753702019253194,9.821354840511276e-11,11.429023107080944,9,-2.723515857283587e-16,3.382710778154774e-17,,-0.012476055851611934,0.8674815760605413,0.9031669618953715,0.16896949875738604,2.1002577454964921e-10,0.0013883328065276146,not_checked,0.001,not_checked,not_checked,,,
circle_vm2_importance_n200,69,2026491670,True,ok,0.001029198915350804,0.5918067374472851,0.002851571317487363,0.40075115114230714,0.5180723760847707,0.7626191618777356,0.7681249415194571,0.7717950927848054,0.813963476565692,0.8503104551059795,157.55336744182205,200.0,0.008689299961414794,4.820033261410117e-11,14.139548481834874,9,-5.421010862427522e-17,-1.3270634591222574e-16,,0.005464207499007251,0.7432552854215716,0.7761856246348307,0.1557243577419899,9.982370485772663e-11,0.0013958329800516367,not_checked,0.001,not_checked,not_checked,,,
circle_vm2_importance_n200,70,2026491671,True,ok,0.006648958147992046,0.5686894833647764,0.007380557730836118,2.740814404510714,3.4711041083345058,0.19159421354788947,0.18216751562019523,0.17630284469591995,0.264532376274938,0.37425425015839997,147.81562425310497,200.0,0.009410924505352644,1.5932921648698084e-11,8.779167184352005,9,-6.6491950834191016e-15,1.7520707107365752e-16,,-0.04061557265694793,0.7834134549523384,0.8262367558336379,0.17436512306339844,3.1728841776157424e-11,0.001561541110277176,not_checked,0.001,not_checked,not_checked,,,
circle_vm2_importance_n200,71,2026491672,True,ok,0.0044354022114705405,0.6030377366298689,0.005995887339654469,1.8635261575529392,2.2317621480186065,0.3517371796386809,0.33371277706013347,0.32762648851163134,0.41185643780153813,0.512473909844426,150.72037326337593,200.0,0.009486665315632319,8.116618488429594e-11,8.677009561417291,9,-8.460246392338888e-15,1.3010426069826053e-16,,-0.04468263648236148,0.8126256778652132,0.886104474729279,0.16317634832930686,1.7074341940315207e-10,0.001424166141077876,not_checked,0.001,not_checked,not_checked,,,
circle_vm2_importance_n200,72,2026491673,True,ok,0.0031857444412208835,0.6040602737786929,0.004717041668145827,1.3260463303161845,1.8966997439317297,0.438006047648713,0.42359446794015165,0.38737972248191155,0.5287979388476329,0.6114466230811846,154.4152788282014,200.0,0.008762102935080037,8.496703340910017e-11,9.340377113117738,9,-3.0184188481996443e-16,7.589415207398531e-17,,-0.025874276913915528,0.699017579878988,0.8488732418666854,0.13804153869443095,1.7918089234569834e-10,0.0015696671325713396,not_checked,0.001,not_checked,not_checked,,,
circle_vm2_importance_n200,73,2026491674,True,ok,0.00600187687607856,0.6119659805591311,0.006391609604820581,2.527494934206413,3.64976072654602,0.22886369007127982,0.21190723139261808,0.16123693283484922,0.3010811722873984,0.4043508755800568,150.86485323451956,200.0,0.009217471068318599,1.2194933951548137e-10,8.997733467344602,9,-7.367630810994896e-14,-1.205632815803881e-16,,-0.06337209188749449,0.6787710121609858,0.955341018909307,0.1349097303034926,2.592541736845533e-10,0.0013332911767065525,not_checked,0.001,not_checked,not_checked,,,
circle_vm2_importance_n200,74,2026491675,True,ok,0.00279733342000954,0.6240852683462463,0.004697623789103217,1.107673950727988,1.442457546914676,0.47964116000500057,0.48319802834220943,0.48615451502685514,0.571513780028605,0.6503690373791347,153.79479768481895,200.0,0.008949267415339184,7.771561172376096e-16,14.60609069554223,10,-3.0270924655795284e-16,-2.914335439641036e-16,,0.0056297086379140104,0.7165426386506939,0.8081438179584686,0.1385464930409583,1.5543122344752192e-15,0.001422584056854248,not_checked,0.001,not_checked,not_checked,,,
circle_vm2_importance_n200,75,2026491676,True,ok,0.005204163024555841,0.6669359285498906,0.00612159095397118,2.053220086595223,3.0379304960182942,0.25769264740411213,0.2624787642040074,0.21893831664174435,0.3531605163335718,0.45267536488366367,152.29731283877277,200.0,0.009238344725555766,2.353672812205332e-14,18.234213595976737,10,2.314988478691049e-15,9.454242944073599e-17,,0.014222561613556728,0.660529482032992,0.8796309042185785,0.12215493850365103,5.706546346573305e-14,0.001630541868507862,not_checked,0.001,not_checked,not_checked,,,
circle_vm2_importance_n200,76,2026491677,True,ok,0.0011574190431167253,0.5626814640667084,0.0031127151231369293,0.4534711164137139,0.5491327633364841,0.7567536962752343,0.7610905019640093,0.7599015590414339,0.7933555409175157,0.8388869908636081,151.7853690669065,200.0,0.00954754554071268,1.3149192845673952e-10,12.203946759509831,8,1.4426456990818126e-11,1.734723475976807e-17,,0.004748250416488103,0.7641928049758058,0.9017684582424763,0.17591973568951647,2.7262481161471896e-10,0.0014953750651329756,not_checked,0.001,not_checked,not_checked,,,
circle_vm2_importance_n200,77,2026491678,True,ok,0.0056051818648743534,0.5574897114646016,0.006652432963646091,2.337641246220604,2.8782213843757716,0.26288536673212193,0.2483481714523219,0.23713855410594048,0.32594182222462614,0.4285816593390288,151.1590541228685,200.0,0.009364804540471332,9.108824805537097e-12,7.484543068353107,9,-6.6491950834191016e-15,5.551115123125783e-17,,-0.047784250135431305,0.7924939933287111,0.8865311150597268,0.17366042649623828,1.7830181775480014e-11,0.001431457931175828,not_checked,0.001,not_checked,not_checked,,,
circle_vm2_importance_n200,78,2026491679,True,ok,0.004235381391573867,0.5344844786402869,0.0059263081385793745,1.7403908400167318,2.0255390213880102,0.38437815721202495,0.37451265633162856,0.3632116667383289,0.42866640283866486,0.5301228683823856,149.84399596923117,200.0,0.009765208515826395,2.7533531010703882e-12,7.652252922724299,9,-8.239936510889834e-17,1.214306433183765e-17,,-0.023119141693592526,0.7819329309554915,0.9967328740753133,0.18012925766045046,5.21471754666436e-12,0.001398166874423623,not_checked,0.001,not_checked,not_checked,,,
circle_vm2_importance_n200,79,2026491680,True,ok,0.010836363630261747,0.6289758612850556,0.008616248032536047,4.487982096386436,6.66239564436866,0.06377256245632265,0.05794981692455124,0.03575025695968948,0.11448943556501202,0.19800210467340995,149.44843804962753,200.0,0.009209486862694733,5.7015503429624914e-12,11.456220910923438,10,-1.1820926182348757e-12,-3.122502256758253e-17,,-0.07671832214086871,0.6603386492948363,0.9069796044737766,0.12630554626033114,1.1238565633675535e-11,0.0015178339090198278,not_checked,0.001,not_checked,not_checked,,,
circle_vm2_importance_n200,80,2026491681,True,ok,0.0018218512482386373,0.5092794857207692,0.00410080017133648,0.7098055918453303,0.788441425346937,0.6519052039787365,0.6591758718819539,0.6742052341778889,0.6946339591464812,0.7628132272482278,148.60821665853683,200.0,0.009803046451446874,6.928901896685602e-13,10.519336564185592,9,1.4094628242311558e-16,1.8930169931596907e-16,,0.009467453725062303,0.7318738339832063,0.9862378712624017,0.18410975878296193,1.2587708653200025e-12,0.0013924580998718739,not_checked,0.001,not_checked,not_checked,,,
circle_vm2_importance_n200,81,2026491682,True,ok,0.0012998030272306504,0.5422643687963702,0.0033044923960590636,0.5070623177796869,0.6031896846776191,0.7293832962194167,0.7350969284341287,0.7396376740611088,0.771081961635117,0.821425032184949,151.341856249454,200.0,0.009436674822204843,4.161782030109862e-12,11.663638957682515,9,-1.7867651802561113e-16,-1.5439038936193583e-16,,0.006429446556286633,0.7840007729894524,0.8653246296859954,0.1841541080095746,7.957856595908197e-12,0.0013982499949634075,not_checked,0.001,not_checked,not_checked,,,
circle_vm2_importance_n200,82,2026491683,True,ok,0.0013075730371179262,0.6346102076465912,0.0032040638828685452,0.5156206647695823,0.6884946503679158,0.7142025295089877,0.7176103385449215,0.7087536137526818,0.7698846293113107,0.8178165187131108,153.8095896612033,200.0,0.00913390246722082,1.9209389634511354e-10,15.53208850165016,9,1.7421085841268225e-11,-6.613633252161577e-17,,0.003704275038794058,0.6757516779240486,0.8904542299271074,0.1247406286278395,4.430478206529642e-10,0.0013931249268352985,not_checked,0.001,not_checked,not_checked,,,
circle_vm2_importance_n200,83,2026491684,True,ok,0.0030711830040783816,0.5511649903722851,0.005158452295270919,1.2176314114966307,1.3810597716043382,0.4797106598840626,0.48282880569839487,0.5013103614319182,0.5410537777047981,0.6237689575225822,153.6786440045174,200.0,0.009369297907102012,6.5987215691620804e-12,10.861954889179373,9,4.206704429243757e-17,5.898059818321144e-17,,0.005420895067360987,0.7890722848626797,0.8850344406358224,0.1761080367036412,1.2793988091175379e-11,0.0013898331671953201,not_checked,0.001,not_checked,not_checked,,,
circle_vm2_importance_n200,84,2026491685,True,ok,0.004431218783468527,0.6373274490080953,0.0058532959803955465,1.818010922984194,2.431254171520575,0.30701136107590987,0.29785655178989845,0.29652400999556555,0.4122011763512592,0.5035870786755056,154.81037352801908,200.0,0.00870697530746335,6.772360450213455e-15,12.208188546946262,10,-9.402201239794294e-16,1.97758476261356e-16,,-0.02276170479839168,0.6928652710955153,0.8100045934127812,0.12545830945366496,1.4432899320127035e-14,0.0015140410978347063,not_checked,0.001,not_checked,not_checked,,,
circle_vm2_importance_n200,85,2026491686,True,ok,0.009054480554886224,0.5005311859734154,0.008675080452978412,3.408516620197253,4.177294210819122,0.10868392258069615,0.12385126767174395,0.12385458471922534,0.16350755022297453,0.24891653674436065,153.58557833057824,200.0,0.009318343907759147,7.651657085716579e-13,13.40558221727227,9,2.4510948826161894e-13,-2.740863092043355e-16,,0.10663780087861818,0.793733102417232,0.8381446273955335,0.2008455228108314,1.6207035713478035e-12,0.0013897919561713934,not_checked,0.001,not_checked,not_checked,,,
circle_vm2_importance_n200,86,2026491687,True,ok,0.0008400612000540875,0.5284887094103405,0.002663486509133899,0.3297439313116341,0.40154090676392556,0.8241071602172805,0.8270882654920164,0.8181002021365997,0.8453434876079019,0.8839706776077999,146.81238344732137,200.0,0.010102806895455606,3.429334594073907e-11,10.603269927257957,8,3.295240707905378e-12,1.1687699419393738e-16,,0.003140274355000444,0.7317609503115609,1.0278690420592038,0.17388016747344107,6.783618111683154e-11,0.0014091241173446178,not_checked,0.001,not_checked,not_checked,,,
circle_vm2_importance_n200,87,2026491688,True,ok,0.006194324779526195,0.5599521222903057,0.00725327786667898,2.4343902925216447,2.79100683424354,0.2229072421308093,0.2288291713187503,0.2477083043721264,0.2897128682677628,0.3795775589776729,156.38449161506284,200.0,0.009157473520037259,1.0312195541928304e-11,12.157764902670477,9,8.430756093247282e-16,7.112366251504909e-17,,0.02166980964441656,0.7761363707208524,0.8753255539222924,0.17011619848177528,2.0262236333223882e-11,0.0014147490728646517,not_checked,0.001,not_checked,not_checked,,,
circle_vm2_importance_n200,88,2026491689,True,ok,0.00027315926726068085,0.6426472160321968,0.0014711520871432688,0.10915333973589866,0.14029340372425028,0.9335852872984111,0.9336500883614567,0.9322570460290706,0.9468336573406351,0.9586545887598447,154.57812565972245,200.0,0.009126154807246132,2.3359092438113294e-13,14.596964615342747,9,1.5727436714074727e-15,-1.222980050563649e-16,,5.518358418683811e-05,0.7307498474912566,0.8645972511258503,0.13668689388736582,5.233591338082988e-13,0.001386249903589487,not_checked,0.001,not_checked,not_checked,,,
circle_vm2_importance_n200,89,2026491690,True,ok,0.00011671617713227,0.6502042767530924,0.0009526030667614861,0.046434336323467024,0.05957701961970495,0.9719668502140395,0.9721161118607271,0.9706507949635489,0.9769271102272352,0.9820913139710974,154.8284706041783,200.0,0.009318011392837111,1.9206858326015208e-14,15.506911725269628,9,5.213250621124987e-16,-6.369687763352339e-17,,0.00012606726472048913,0.7767942722986022,0.8676291211109268,0.14516812023596073,4.3298697960381105e-14,0.001400624169036746,not_checked,0.001,not_checked,not_checked,,,
circle_vm2_importance_n200,90,2026491691,True,ok,0.0005219910163440922,0.48802936107096584,0.002141228463465011,0.21115606362001543,0.23909484884156956,0.8921464294370708,0.8909965665112125,0.887321926092813,0.9008664980041213,0.9275858599779995,144.0061514978494,200.0,0.010359316390893582,2.2857271630982723e-12,7.155274472907187,8,-1.476721306001294e-13,2.211772431870429e-17,,-0.0011798285411892817,0.8819334028738243,0.9487583519079448,0.22358989455012448,3.8975489502490746e-12,0.0012715831398963928,not_checked,0.001,not_checked,not_checked,,,
circle_vm2_importance_n200,91,2026491692,True,ok,0.019786424314960138,0.6238500538032148,0.012898704652847046,8.554874302422482,9.287326701540735,0.009380682749042515,0.00647654551752825,0.009622382818254983,0.01911494358869297,0.04481074784541431,156.9413053940609,200.0,0.008935176075874103,2.7755575615628914e-16,8.579746515619629,11,-3.3306690738754696e-16,6.591949208711867e-17,,-0.32015228821921315,0.7316899264055468,0.9452858293495402,0.14056715844343706,4.440892098500626e-16,0.0016299171838909388,not_checked,0.001,not_checked,not_checked,,,
circle_vm2_importance_n200,92,2026491693,True,ok,0.00014075247138611857,0.5523050212324438,0.0011576632007176168,0.05655762567067557,0.060211733047893345,0.9671977414622392,0.9670507342293324,0.9703428012912413,0.9722420389278343,0.9792381724745968,149.0587301912156,200.0,0.00966842996677196,6.986744516268573e-12,9.686049237547596,8,-3.5288070208971956e-16,2.087089182034596e-17,,-0.0001283185581140711,0.7325249080995435,0.9721927301116742,0.16306079910814397,1.3589129821411916e-11,0.0012592501007020473,not_checked,0.001,not_checked,not_checked,,,
circle_vm2_importance_n200,93,2026491694,True,ok,0.017234721139179454,0.6128098369403634,0.011641790934717343,6.224934449346514,8.907126766833379,0.0076185575604223975,0.012203079055344224,0.011637025816009188,0.0318427921774363,0.06565488525181915,158.01493075663964,200.0,0.008526003380313183,1.2598999621360463e-10,26.599501888129208,10,1.942890293094024e-16,-1.0408340855860843e-16,,0.33447700316263385,0.658967499174814,0.7502825545034304,0.1378045358631413,2.695808021258017e-10,0.0015093327965587378,not_checked,0.001,not_checked,not_checked,,,
circle_vm2_importance_n200,94,2026491695,True,ok,0.0016316894248873393,0.6197262042885592,0.0036213215341458853,0.6316074072758848,0.7914761060547719,0.6614144039730703,0.6702991736735684,0.673183011095539,0.7215613415004827,0.775093826642503,156.13951186750307,200.0,0.009100227225579528,1.7203183322322957e-10,16.439814191191367,9,-1.3942839938163587e-16,-3.2851325826310784e-16,,0.010534181339525439,0.7806826094525148,0.7982915497069506,0.1500873037178813,3.7034753042064494e-10,0.0013796249404549599,not_checked,0.001,not_checked,not_checked,,,
circle_vm2_importance_n200,95,2026491696,True,ok,0.0010593346731175846,0.561443495889038,0.0027507586107784372,0.43192491105507846,0.6127712614539177,0.7673276956349198,0.7634161922323046,0.7361027008960954,0.8090723499207848,0.8519331818351783,151.27153332261688,200.0,0.009176061620004106,9.813816426174071e-11,9.004801737784524,8,-9.868570370608065e-12,-1.7845967759111403e-16,,-0.004095520904022321,0.6800025915655928,0.9378935136640258,0.14769932291138044,1.8463675033331128e-10,0.0012592908460646868,not_checked,0.001,not_checked,not_checked,,,
circle_vm2_importance_n200,96,2026491697,True,ok,0.005395660954045756,0.6078390846102404,0.0063229181496771685,2.2753351422498675,2.977241223479149,0.26763910582333805,0.24920048059327715,0.22568374644295447,0.33989035767373404,0.44104222372634616,151.71721679316485,200.0,0.009174143987189796,1.0126544047750485e-10,8.670961021501967,9,-4.200199216208844e-14,1.214306433183765e-16,,-0.05853538031578265,0.7632055208664937,0.8754909590298643,0.14864584216141166,2.1394952476327944e-10,0.0013928338885307312,not_checked,0.001,not_checked,not_checked,,,
circle_vm2_importance_n200,97,2026491698,True,ok,0.0025631369295735507,0.5215034206381572,0.004758127725944925,1.0238259342081906,1.135541585777851,0.5393510387325876,0.5398146050734627,0.5667875182246613,0.5989199160301695,0.6754424899758422,153.0886850601821,200.0,0.009273803850497921,1.3655743202889425e-12,9.139574650658439,9,-2.7321894746634712e-17,-8.239936510889834e-18,,0.0007144188106148475,0.7509566039389174,0.9152868813128957,0.1782399637118913,2.531530540750282e-12,0.0013901679776608944,not_checked,0.001,not_checked,not_checked,,,
circle_vm2_importance_n200,98,2026491699,True,ok,0.009948925062728042,0.7214727722344487,0.008228770181564338,4.4417627510296445,6.11187418457026,0.08737207777481515,0.06610105922590961,0.04707858311599732,0.1367248164062981,0.20768389309304602,157.98069541175192,200.0,0.008693081381946086,1.1102230246251565e-15,10.954036249148121,11,1.5785983631388945e-16,2.688821387764051e-16,,-0.23109636296921376,0.6945370621404823,0.9340679007148435,0.10136284422984057,2.886579864025407e-15,0.0016142490785568953,not_checked,0.001,not_checked,not_checked,,,
circle_vm2_importance_n200,99,2026491700,True,ok,0.006552972932457379,0.5807217817312267,0.007024774195378788,2.513174055372967,3.523884271105763,0.17391890276888033,0.18689955166765077,0.1717110536335722,0.2696596727097396,0.36338880964684184,154.47674321486005,200.0,0.008827030862972535,2.8486102365832267e-11,15.52927680613564,9,2.3021515249688207e-14,-1.6479873021779667e-16,,0.05400755880499242,0.7067139311900318,0.7921262343863771,0.14945671302967872,5.802647251584858e-11,0.0014057920780032873,not_checked,0.001,not_checked,not_checked,,,
circle_vm2_importance_n200,100,2026491701,True,ok,0.005228019020840247,0.6386056197331949,0.006353432609779581,2.033304641044668,2.805965907202176,0.24567505916687382,0.2554031526882138,0.24586247266133013,0.35147953048856534,0.4451730412445506,154.7990189870588,200.0,0.008847587991376776,2.5646151868841116e-14,17.702786309631435,10,3.9924660799606215e-15,-1.968911145233676e-16,,0.028951483645715426,0.7071891679115778,0.7831212305298076,0.13030250304199759,6.084022174945858e-14,0.0014983750879764557,not_checked,0.001,not_checked,not_checked,,,
circle_vm2_importance_n200,101,2026491702,True,ok,0.00044348830898011116,0.5517187203382101,0.0019116850741095572,0.17509402984766553,0.21412356292809573,0.8973927124139078,0.8986538613678476,0.8984701624735218,0.9151222081585779,0.9353463618911287,150.71057435096344,200.0,0.009426739623729837,6.788791750977907e-12,11.049309565603043,8,1.9311266995225562e-13,-1.4094628242311558e-17,,0.0011506468721894647,0.7814358325200289,0.8588727100142625,0.18209083951116717,1.3171463919547932e-11,0.0012952908873558044,not_checked,0.001,not_checked,not_checked,,,
circle_vm2_importance_n200,102,2026491703,True,ok,0.012022945783879635,0.573100468715932,0.009824397201866645,4.459601405049668,5.75499882692754,0.03934462301080423,0.049662374483027016,0.056275308316126094,0.0903025881961203,0.15407862136565764,155.56023557912312,200.0,0.008787982579064614,2.7339019936789555e-11,19.118825805303807,9,1.0463489449885621e-11,-2.255140518769849e-16,,0.17478845425109313,0.6552458337875011,0.8251096788663275,0.1479018387590519,6.5074390320774e-11,0.0013924180530011654,not_checked,0.001,not_checked,not_checked,,,
circle_vm2_importance_n200,103,2026491704,True,ok,0.007300339189639793,0.5673835325185066,0.007510669527038094,2.720693850119862,3.664376458429608,0.1703847335201516,0.19216552906584933,0.16006292989765455,0.2322205208364461,0.331787006805109,151.12476736390838,200.0,0.00961249939056562,1.488509315805686e-11,17.67562924218635,9,4.446148310632836e-13,-1.3010426069826053e-16,,0.09972091286802764,0.7373781850415293,0.9137634597319605,0.15872283885145225,2.968625345545206e-11,0.0014061247929930687,not_checked,0.001,not_checked,not_checked,,,
circle_vm2_importance_n200,104,2026491705,True,ok,0.005080734421997413,0.6019442623575109,0.0061237654909313145,2.1402437798810166,2.827399487424415,0.2716115913621685,0.25344951543085503,0.24324168444721575,0.3619870343901894,0.4552606353516826,154.87627057953304,200.0,0.008739951347161492,7.706646432126263e-11,8.473234672780778,9,-2.4007705545781022e-14,1.0755285551056204e-16,,-0.053975005541025745,0.7551052002190072,0.8044124665189796,0.1496100864038848,1.6214229958677606e-10,0.0013785830233246088,not_checked,0.001,not_checked,not_checked,,,
circle_vm2_importance_n200,105,2026491706,True,ok,0.000829047171967412,0.5517100446236973,0.002590622480582223,0.32568908118567996,0.40881122471062636,0.814853046609546,0.8178415327468136,0.815131676645676,0.8472076674500916,0.881549391204996,152.07125977226758,200.0,0.00925926113082097,3.4707015039714406e-11,11.474449820694685,8,3.2568333880461653e-12,1.5005358067199381e-16,,0.0029648938006424097,0.7751130142840343,0.845923907018628,0.1720562480527821,7.046274674848974e-11,0.0012651251163333654,not_checked,0.001,not_checked,not_checked,,,
circle_vm2_importance_n200,106,2026491707,True,ok,0.00424382359296005,0.5888762979419875,0.0060133028829102595,1.641014700868601,2.0314332660346164,0.33918478796593343,0.3515805994970196,0.3621428133217123,0.42794323590250705,0.5257968345635055,151.4766985131122,200.0,0.009258124974984995,4.217315385801612e-11,14.989006598794044,9,7.337880303381894e-16,-1.5785983631388945e-16,,0.028257368157709517,0.7052177182716365,0.8687111236224461,0.1436566697892608,8.659584160852773e-11,0.0013998739887028933,not_checked,0.001,not_checked,not_checked,,,
circle_vm2_importance_n200,107,2026491708,True,ok,0.0003279990197855298,0.5584069168847641,0.0015943047992590278,0.1310760129585261,0.17143215373903653,0.9211009730284723,0.9211722798437894,0.9178547944350025,0.9365055751330362,0.9513722330862339,151.98179788093762,200.0,0.009175474463276082,9.528711153450331e-12,10.363501748973114,8,1.235990476633475e-15,-1.0310762660337147e-16,,6.179747784290646e-05,0.7367579986273398,0.8645188109027527,0.16851671580393288,1.8699708448366437e-11,0.0012839168775826693,not_checked,0.001,not_checked,not_checked,,,
circle_vm2_importance_n200,108,2026491709,True,ok,0.0006673240296390937,0.5336981011385684,0.0022897066471692655,0.2709427085073087,0.3443635536657726,0.8540351954032308,0.8520121561768517,0.8418261347708842,0.8750582652994413,0.905781608540736,148.28935835822915,200.0,0.009635278378601292,1.2179590669347817e-11,8.303535554648622,8,-9.53567086403595e-13,-8.153200337090993e-17,,-0.002006548325835633,0.7841488767270274,0.9120520025808455,0.18107159953237256,2.201594462292178e-11,0.0012783329002559185,not_checked,0.001,not_checked,not_checked,,,
circle_vm2_importance_n200,109,2026491710,True,ok,0.004918284649800819,0.5534303696728817,0.006779708641530378,2.01015666917384,2.0661243988473785,0.33019073423687517,0.32233900849794417,0.3559154061917966,0.373941118936669,0.4755424243536919,151.12976035134758,200.0,0.009774406528169027,7.373546218047977e-12,8.720129666994298,9,-7.632783294297951e-17,6.071532165918825e-17,,-0.021421404626756235,0.803365540186123,0.9757781402441296,0.17942804832425757,1.4417578242387208e-11,0.0013887088280171156,not_checked,0.001,not_checked,not_checked,,,
circle_vm2_importance_n200,110,2026491711,True,ok,0.009330272453431654,0.6579412316694966,0.008434767780475493,4.04448720625637,4.904427942373288,0.10611358380386154,0.08812578056749235,0.08610274632055025,0.1547329593624404,0.23216268912280924,156.5138546750546,200.0,0.00888445724907461,6.411104980230675e-11,9.31124917872786,10,-2.196108572771749e-11,-6.938893903907228e-17,,-0.1561891124418544,0.7201704392144098,0.9416631472353844,0.12565267004609604,1.242159708425561e-10,0.00150245800614357,not_checked,0.001,not_checked,not_checked,,,
circle_vm2_importance_n200,111,2026491712,True,ok,6.874981075233322e-05,0.558120497007734,0.0007133503382374994,0.027341784910991828,0.03709496076650528,0.9825377738532034,0.9826373113482573,0.9816234656269367,0.9863441367997086,0.9894381538773527,154.44432754801477,200.0,0.008917634605152854,9.354850227794032e-12,10.707441031048711,8,1.1316360175317453e-17,-3.496552006265752e-17,,7.906969497072959e-05,0.7197956784136067,0.8463109382558792,0.15972207258839205,1.8425261316679098e-11,0.0012748329900205135,not_checked,0.001,not_checked,not_checked,,,
circle_vm2_importance_n200,112,2026491713,True,ok,0.003848299360120544,0.586327259797679,0.005451384270563594,1.4889246021548082,2.019224552377791,0.38315225806624376,0.3953397314200855,0.36436022332237267,0.46317057879430623,0.5617727662194969,149.84744882329485,200.0,0.009511998390744675,3.732636422171254e-11,14.753578976700181,9,3.1094918306884267e-16,1.6740081543176188e-16,,0.025197570946704717,0.7139626011097047,0.8959872008619189,0.14829915914182193,7.646594468724288e-11,0.0014306660741567612,not_checked,0.001,not_checked,not_checked,,,
circle_vm2_importance_n200,113,2026491714,True,ok,0.0031766941106183832,0.5287706552761797,0.0053451680524791885,1.2620766738947762,1.454053959665989,0.45496605798777057,0.45739487478815133,0.48334384710895517,0.5297559648649812,0.624307847454276,148.3025027223931,200.0,0.009422185212073397,2.029043599804936e-12,9.831824127052368,9,1.8735013540549517e-16,1.6740081543176188e-16,,0.00430048517628856,0.7450559678926444,0.8714340225998511,0.17374849826834088,3.8045122607854864e-12,0.0018044989556074142,not_checked,0.001,not_checked,not_checked,,,
circle_vm2_importance_n200,114,2026491715,True,ok,0.0008509344000400265,0.5591095203376446,0.0024638537721679895,0.3402381888609184,0.48675388912499157,0.8098754349370099,0.8099433741936678,0.7839759425993928,0.8435071672399197,0.8803093837880577,149.81397015396766,200.0,0.009427909810181101,9.882317186793443e-12,10.3786649901126,8,1.656877759992348e-14,1.3888629829539312e-16,,6.778557754610892e-05,0.6902518516403378,0.9412202801941593,0.16002303841946747,1.939315374954731e-11,0.001462250016629696,not_checked,0.001,not_checked,not_checked,,,
circle_vm2_importance_n200,115,2026491716,True,ok,0.002277258194360421,0.6086991310538721,0.004127429262451951,0.9210562607111772,1.2054695400873625,0.5642119683968763,0.5606262096289663,0.5473128128745708,0.6341614912804572,0.6993395337768487,157.0392471958051,200.0,0.008929993652737445,1.0528533600506762e-10,11.75177244438601,9,8.023096076392733e-17,3.0791341698588326e-17,,-0.0050764914835044195,0.7475185926009756,0.8462492598755788,0.15740013164488614,2.2271584576571968e-10,0.001763790613040328,not_checked,0.001,not_checked,not_checked,,,
circle_vm2_importance_n200,116,2026491717,True,ok,0.001682308555492673,0.5539538713152916,0.003778382837314842,0.6903853987623149,0.8133234905543558,0.6694304085903506,0.6624960192045302,0.6658693856771625,0.7142932325557656,0.7782161781578624,149.05168770970783,200.0,0.009545463165411548,7.610911900712836e-12,8.301552360441868,9,-2.957703526540456e-16,-2.0296264668928643e-16,,-0.008730988282622809,0.8067988116080852,0.8709225454414113,0.18150684285398097,1.481970102190644e-11,0.0016475417651236057,not_checked,0.001,not_checked,not_checked,,,
circle_vm2_importance_n200,117,2026491718,True,ok,0.0015734367269391036,0.5657008399673782,0.003752071728044048,0.6247340692094339,0.7307554004848545,0.6833218344900869,0.6852399328671567,0.6939345021445866,0.7300170817997236,0.7915404791889937,148.57557001965105,200.0,0.00965393446081133,1.202047350545854e-10,11.270676117592723,8,6.818275978537347e-12,-1.478851763270228e-16,,0.002320310783103796,0.723112821560003,0.941330500314891,0.1605331163868944,2.4697177636312517e-10,0.0016498749610036612,not_checked,0.001,not_checked,not_checked,,,
circle_vm2_importance_n200,118,2026491719,True,ok,0.0010120706405614133,0.6092677823228363,0.00270784907560926,0.41522058753609636,0.5704600985090892,0.7687663454055156,0.7635952320311841,0.7518412738985407,0.8167566160192463,0.854078736171611,155.85067504150143,200.0,0.008724771739897242,1.0768097524760378e-10,10.564931911083452,9,1.242495689668388e-16,1.6024508109335756e-16,,-0.005196165655765528,0.7278641978116714,0.813668459279327,0.14125983742927845,2.287010580914739e-10,0.0018944162875413895,not_checked,0.001,not_checked,not_checked,,,
circle_vm2_importance_n200,119,2026491720,True,ok,0.0010552688428986379,0.640437877148579,0.002835005298367264,0.413200018992282,0.5584192293380285,0.7432523414155967,0.747918992009287,0.7563813379730198,0.8097305276503317,0.8432182850137109,161.59807741391,200.0,0.008186062300177254,1.835094298741069e-10,16.596350634071324,9,2.0238436794495218e-11,2.2551405187698492e-17,,0.004453759083586584,0.6605733140680705,0.7652856500028749,0.11860995434562645,4.2299341806995017e-10,0.0015451661311089993,not_checked,0.001,not_checked,not_checked,,,
circle_vm2_importance_n200,120,2026491721,True,ok,0.0047687530882156715,0.60296481393096,0.006397857084006503,1.8656150842540944,2.129337551710563,0.299551459507041,0.30755996621593407,0.344842055868113,0.385293222519674,0.4682490110067903,159.10973701705464,200.0,0.008844837393214127,8.113032468060055e-11,14.714343793009608,9,2.0383000842727483e-16,-1.3877787807814457e-16,,0.020943075516087095,0.7096058114367569,0.8762420511327246,0.1404037635685677,1.7015588937852044e-10,0.0014960409607738256,not_checked,0.001,not_checked,not_checked,,,
circle_vm2_importance_n200,121,2026491722,True,ok,0.006681743050376943,0.5759326835101035,0.007575082036569255,2.7983420735541387,3.117829014257495,0.22316045108307403,0.20801846649423467,0.21036429625397057,0.26280351689099785,0.3653740682718257,150.68427475031152,200.0,0.009751545309699192,2.256184128412997e-11,7.935319986373207,9,-4.1262132599584334e-14,2.914335439641036e-16,,-0.06282242670168081,0.8081179125070493,0.9758043559346105,0.170942484484788,4.571742984182947e-11,0.0016070411074906588,not_checked,0.001,not_checked,not_checked,,,
circle_vm2_importance_n200,122,2026491723,True,ok,0.006088271020647129,0.5420338378345795,0.00695794574533583,2.328347231252654,3.0770881465403965,0.20681106860632142,0.2215896114842829,0.21469345192745654,0.2959235295561024,0.3931953350534287,153.31918563895604,200.0,0.009001784039231912,4.089839578114152e-12,13.708876321327194,9,1.0082212842377203e-14,-1.5959455978986625e-16,,0.05348058850309889,0.7063181731514819,0.8402004770029666,0.16007651423934124,7.861711281975658e-12,0.0015384159050881863,not_checked,0.001,not_checked,not_checked,,,
circle_vm2_importance_n200,123,2026491724,True,ok,3.840254930320697e-05,0.6591443147192808,0.0005452009037996739,0.015401768164117289,0.01998018285756907,0.9904393616584679,0.9904141220343953,0.9900596437770542,0.9923489098874801,0.9940108876947694,156.4250050917488,200.0,0.008994477187253117,5.551115123125783e-16,15.266803806574751,9,1.1016849325168332e-16,1.1069704181077e-16,,-2.037422141725094e-05,0.7677195305481721,0.8325906556795449,0.13507338599321586,1.3322676295501878e-15,0.0022334172390401363,not_checked,0.001,not_checked,not_checked,,,
circle_vm2_importance_n200,124,2026491725,True,ok,0.008323607585633441,0.6068150274236406,0.008109756594478096,3.0632748768016276,3.9430693877780794,0.12641318260470769,0.1491265922595585,0.13924299677639482,0.18924335167682577,0.273924829294197,155.56975056228453,200.0,0.00933099036105027,9.626088814940204e-11,22.05398308472076,9,3.814292631743044e-12,-3.157196726277789e-16,,0.13308407872587447,0.7762209444537124,0.8335706916596866,0.15179821542272698,2.0394019806246888e-10,0.0016507499385625124,not_checked,0.001,not_checked,not_checked,,,
circle_vm2_importance_n200,125,2026491726,True,ok,0.00039240631937964565,0.5996661790174718,0.0017103105577094876,0.15768543367830817,0.2125044515018362,0.907052407205881,0.9066450259085699,0.8991978186259856,0.9245193816791225,0.9421014189825981,151.9913003232903,200.0,0.009288725188602038,6.970124477589934e-11,11.72583246507538,8,-2.6752851236405695e-14,3.89011739487799e-16,,-0.00036145296322495635,0.7420080875083147,0.8719385010238455,0.15736496456555749,1.4553069860312462e-10,0.0016162078827619553,not_checked,0.001,not_checked,not_checked,,,
circle_vm2_importance_n200,126,2026491727,True,ok,5.726685831186629e-05,0.5309947684036083,0.0006436009561755001,0.02280456604483173,0.031638905577788264,0.9852641136479223,0.9853293581282481,0.9843050175392041,0.9886119685058581,0.9911912053977916,154.50160265805593,200.0,0.0088042714802837,2.241984375928041e-12,9.574189203309139,8,-2.0441954335856383e-16,-2.367355443622099e-16,,5.1088639957392115e-05,0.7123841838874482,0.8354877087053428,0.16537546676059073,4.302558309632332e-12,0.0014901249669492245,not_checked,0.001,not_checked,not_checked,,,
circle_vm2_importance_n200,127,2026491728,True,ok,0.00454258952980835,0.5629138176704471,0.006157803014807875,1.7756845956285545,2.199806029611374,0.3171863479219044,0.3255804940769512,0.3329033688303779,0.4031212450977546,0.506503879097362,149.74350912109003,200.0,0.00933354470371174,1.1958656287447411e-11,12.665335173834661,9,2.8275992658421956e-16,7.979727989493313e-17,,0.020675608147392666,0.7602725312865419,0.8226685456902373,0.1645471698204096,2.3611113064703204e-11,0.0017703340854495764,not_checked,0.001,not_checked,not_checked,,,
circle_vm2_importance_n200,128,2026491729,True,ok,0.004205451436922525,0.5659436598004126,0.005550934484600075,1.6138838002045732,2.281576277216144,0.34241425845282014,0.35759795914699344,0.31956705940131064,0.4312400913912863,0.52632977072026,152.6179369286465,200.0,0.009159607655681702,1.3901879647448823e-11,14.437246960010079,9,1.016547956922409e-15,-1.4051260155412137e-16,,0.03414838728221836,0.7040563080378214,0.8695725604099624,0.15306458283676658,2.757882811010859e-11,0.0016159589868038893,not_checked,0.001,not_checked,not_checked,,,
circle_vm2_importance_n200,129,2026491730,True,ok,0.007616825613846245,0.5468640030139755,0.00845239404776869,2.88291132603151,3.193659870173697,0.14246522887699564,0.15795821373530777,0.20253755859576184,0.2179771315659337,0.3152578720483699,151.55451787405653,200.0,0.00926454416964988,5.2832183072837324e-12,15.022531363312913,9,1.1157654661309024e-13,-3.0357660829594124e-16,,0.08190945975349417,0.6423427923868628,0.921607251558979,0.15129183595292517,1.0183631715676711e-11,0.0015645409002900124,not_checked,0.001,not_checked,not_checked,,,
circle_vm2_importance_n200,130,2026491731,True,ok,0.0024730681651439212,0.6101709786041065,0.004087827086279789,0.9651763127255653,1.5044345631282832,0.523409691357541,0.5316581039001127,0.47132034339108353,0.6098064708655637,0.6848085858173184,153.0956250494793,200.0,0.009112014855493508,1.1250445020039024e-10,15.166428242041203,9,4.3107878378023656e-16,3.3263322651855276e-16,,0.012025476666001622,0.6185985280313484,0.930865891358845,0.1231850034867028,2.3852297914572773e-10,0.0017933330964297056,not_checked,0.001,not_checked,not_checked,,,
circle_vm2_importance_n200,131,2026491732,True,ok,0.0023573898981192887,0.5738140864190289,0.004173032110033046,0.944965099304155,1.2696815229066343,0.5608253788529554,0.5601370657369918,0.5300198811936851,0.6240792099640367,0.6942443852879479,154.80308987873102,200.0,0.009190108665600334,2.0482615603611976e-11,10.881220865782405,9,-1.0408340855860843e-17,6.071532165918825e-17,,-0.0010045700282197423,0.6970023764327993,0.9470095538849114,0.15316218505745424,4.1108005888190746e-11,0.0015131239779293537,not_checked,0.001,not_checked,not_checked,,,
circle_vm2_importance_n200,132,2026491733,True,ok,0.002778287187223505,0.5211640152524157,0.004903763339714437,1.0796424590498401,1.2592637163502565,0.5059519845181901,0.515846504624287,0.5327879064195191,0.5736949686326804,0.654293792532902,152.6835693193247,200.0,0.009367974613535435,1.3412604360496516e-12,11.234207204828229,9,-4.5536491244391186e-17,-2.862293735361732e-17,,0.01583620791978091,0.7180844798789924,0.921385111670317,0.1790933633079529,2.48334686148155e-12,0.0015415421221405268,not_checked,0.001,not_checked,not_checked,,,
circle_vm2_importance_n200,133,2026491734,True,ok,0.0023882891702058373,0.5642018002016291,0.004627103446258495,0.9430796022384598,1.0373094954903057,0.5555690778573483,0.5597589066288076,0.5953208662722096,0.6202343837709996,0.6906438019260982,154.97749382932628,200.0,0.009172959719233452,1.2755574374523349e-11,11.715388836363479,9,-6.071532165918825e-18,3.0357660829594124e-17,,0.006118032921937577,0.721110025897455,0.9121437787610687,0.15701282821420146,2.5226931654742657e-11,0.0018669988494366407,not_checked,0.001,not_checked,not_checked,,,
circle_vm2_importance_n200,134,2026491735,True,ok,0.001603979018853341,0.5429281584400552,0.0036463647456431735,0.6246782258186465,0.7557104688477408,0.6651489561499393,0.6723346514593336,0.6853297056346398,0.7255713948073527,0.7814150798363468,153.773082542246,200.0,0.009039839208510753,4.2913450570836176e-12,11.853925106877726,9,-2.3136874360840665e-16,-1.945058697438995e-16,,0.008456690861344929,0.7421558404191817,0.8334669118164321,0.17785324151137985,8.249623206779688e-12,0.0017217907588928938,not_checked,0.001,not_checked,not_checked,,,
circle_vm2_importance_n200,135,2026491736,True,ok,0.005124438031022915,0.5424891783705363,0.006102416816074363,1.9715278351586574,2.70770114155515,0.28999767313706226,0.3039650295547789,0.25824395707359515,0.3588367941687897,0.45422817120599424,153.9984721574004,200.0,0.009400298367317372,4.210409798588444e-12,13.132435992807444,9,2.2638141361497333e-15,6.938893903907228e-17,,0.039123688625254394,0.7281178791937227,0.9325416901943625,0.16885500828639838,8.055556222075211e-12,0.0016299588605761528,not_checked,0.001,not_checked,not_checked,,,
circle_vm2_importance_n200,136,2026491737,True,ok,0.001377370434868741,0.6304510725724963,0.003404101732496762,0.5680357013445997,0.6557443767323594,0.7136479223036003,0.7062226315224014,0.7204550963639024,0.7592121053223673,0.8079862499401278,154.79513180271607,200.0,0.009103349967927148,5.967448757360216e-16,11.213566971998748,10,9.80118763926896e-17,1.7629127324614302e-16,,-0.008543763698551643,0.7631983029612746,0.8729549402579356,0.14782073225414613,4.440892098500626e-16,0.0018822492565959692,not_checked,0.001,not_checked,not_checked,,,
circle_vm2_importance_n200,137,2026491738,True,ok,0.016465748472219266,0.5283122179057891,0.011969206442703757,6.080787309674989,7.300710552628902,0.015436843929252902,0.021234208160611313,0.025981896386436668,0.037136695749707765,0.08533937822116033,149.4690199660678,200.0,0.009457329933900563,9.875478212961752e-11,17.196550120192267,9,4.217077728685403e-11,0.0,,0.25275603960635884,0.7368195389581003,0.8386744751504198,0.17903318338924035,2.265374554610844e-10,0.0015076659619808197,not_checked,0.001,not_checked,not_checked,,,
circle_vm2_importance_n200,138,2026491739,True,ok,0.00018103777808509136,0.5978895389542358,0.0011123970556396042,0.07244323286523331,0.10690554555645147,0.9544317862042747,0.9544145057718364,0.9479507090250264,0.9644400977484018,0.972339442628351,154.94177497498728,200.0,0.009039970650670805,6.424261123072483e-11,11.99010196552547,8,-3.6418350973788094e-16,-2.8392544391964147e-16,,-1.4060815598383736e-05,0.6543343742910345,0.9204552430383841,0.13895155217001176,1.337174815319031e-10,0.001665583811700344,not_checked,0.001,not_checked,not_checked,,,
circle_vm2_importance_n200,139,2026491740,True,ok,0.0008420139939495641,0.5418903155686938,0.002617458042156671,0.3311679960901544,0.40666021591900947,0.8145178797302164,0.8173197639128762,0.8160088259514875,0.8450133957517977,0.8793592265863055,152.6836718526056,200.0,0.009285733939320537,2.925648612261966e-11,10.981944262410545,8,2.6764139949425614e-12,-7.546047120499111e-17,,0.00281880074483562,0.8134739783486441,0.8282674727444692,0.1858807626427789,5.87176973709802e-11,0.0013422919437289238,not_checked,0.001,not_checked,not_checked,,,
circle_vm2_importance_n200,140,2026491741,True,ok,0.002641659701197785,0.5671096687507424,0.004968699059167114,1.0409890550526104,1.1024234626528817,0.5241675244834947,0.5291902542516629,0.5762511256160622,0.5895876172726827,0.664689246123591,154.61327074853426,200.0,0.009268340662756093,1.4733325670590602e-11,12.037670252458252,9,1.1405806854547507e-16,7.806255641895632e-17,,0.007837412713251779,0.6849494358518923,0.9673199375437551,0.14953108373205048,2.927347253489643e-11,0.001456167083233595,not_checked,0.001,not_checked,not_checked,,,
circle_vm2_importance_n200,141,2026491742,True,ok,0.0022510123014538586,0.6305078709097114,0.0041206923264935835,0.9301011573588049,1.237060120401948,0.5631606997157215,0.5526000767846271,0.5387357649924911,0.6374990703081529,0.7063382981553639,154.44650399066487,200.0,0.00890616952416879,3.365363543395006e-16,11.100062196135623,10,-5.2475385148298415e-17,1.5178830414797062e-17,,-0.01484811838863076,0.7459195862571836,0.8235807768153262,0.14200618946309732,6.661338147750939e-16,0.0016160409431904554,not_checked,0.001,not_checked,not_checked,,,
circle_vm2_importance_n200,142,2026491743,True,ok,0.011273613441567631,0.5489867944126952,0.009696109680861214,4.687262276794828,5.193813085860445,0.08150379023513557,0.07386447893734316,0.07450369608632874,0.10490263042842028,0.18039945098622703,151.91062950209707,200.0,0.009662779600935912,5.881184428346842e-12,7.690309262789884,9,-3.4728470099665287e-13,-9.020562075079397e-17,,-0.08890845008388792,0.8238913899774133,0.9731867278895672,0.1839400277911889,1.1400880239875733e-11,0.0014702498447149992,not_checked,0.001,not_checked,not_checked,,,
circle_vm2_importance_n200,143,2026491744,True,ok,0.00265330652110074,0.6296971710593704,0.004671394340449352,1.086633727993415,1.2704294060127095,0.519002489577598,0.5109573152636089,0.5298217217884975,0.588215851404866,0.6583970562036008,157.5193432956923,200.0,0.008903303361602458,7.771561172376096e-16,11.803223116251202,10,1.3010426069826053e-18,1.9949319973733282e-17,,-0.012655559776559522,0.7432299222783902,0.878832620614702,0.13724203447679265,1.5543122344752192e-15,0.00163200031965971,not_checked,0.001,not_checked,not_checked,,,
circle_vm2_importance_n200,144,2026491745,True,ok,0.0021835841651263177,0.5916000472461345,0.004484066452889878,0.8820944810866811,0.9216135738136,0.5926511783583301,0.5895926309827166,0.6307745395248893,0.6461543750872045,0.7126309728786433,155.15388303284797,200.0,0.00918113344171321,4.790379204422379e-11,11.02759248561469,9,-2.1510571102112408e-16,-2.0990154059319366e-16,,-0.004330407518077006,0.7243818264894362,0.957129560368926,0.1476142083671815,9.883405205357576e-11,0.0015586668159812689,not_checked,0.001,not_checked,not_checked,,,
circle_vm2_importance_n200,145,2026491746,True,ok,0.012568635779968362,0.5851659669886891,0.01059082040350777,4.780047432236665,5.2065853373713615,0.05046096309529198,0.05835733101942765,0.07402942211233805,0.08096590361193162,0.13775182383998227,157.71811877773234,200.0,0.00933621021008631,3.523137337424487e-11,17.189240155291728,9,3.1403057237922027e-12,2.0816681711721685e-17,,0.12370343987534005,0.7343924572623773,0.9425187436833207,0.1554854755122615,7.223799336486536e-11,0.001527709187939763,not_checked,0.001,not_checked,not_checked,,,
circle_vm2_importance_n200,146,2026491747,True,ok,0.0003108973185959041,0.5631889785060313,0.0015822346808842694,0.12348157812005471,0.15512970837734336,0.9289810959001936,0.9294639883701077,0.9253670085239561,0.9397142270472362,0.9547585045695055,148.91362037166343,200.0,0.009750119690234642,1.2085887846069454e-11,11.052770316407662,8,1.5557596443754873e-14,-1.2598429244281562e-16,,0.000438674659153461,0.788170676764254,0.9037620046797733,0.18004646365688645,2.3945290195115376e-11,0.001896957866847515,not_checked,0.001,not_checked,not_checked,,,
circle_vm2_importance_n200,147,2026491748,True,ok,0.01954641898672782,0.6313830281730919,0.012152749756444488,8.460630418535198,10.118819830667881,0.011152709763549283,0.0077434524558985945,0.006349305035254215,0.020054859262817762,0.04682295709037063,156.6211008927886,200.0,0.009123257659453288,7.771561172376096e-16,8.85218664323168,11,-4.2674197509029455e-16,-5.551115123125783e-17,,-0.32103141192203477,0.7771704107912208,0.9509086697895258,0.1424649940273575,1.7763568394002505e-15,0.002133375033736229,not_checked,0.001,not_checked,not_checked,,,
circle_vm2_importance_n200,148,2026491749,True,ok,0.003693648602419719,0.5921465252206182,0.00532609873610753,1.5433639794632075,1.9683684621685718,0.402671677117571,0.38667321526057574,0.37374399134166714,0.4777203686556951,0.5694333500762296,152.4545499335278,200.0,0.009126708378113637,4.917422025130236e-11,8.579922498000528,9,-1.1466522176206695e-15,8.413408858487514e-17,,-0.03295226924765993,0.7645811354759399,0.8612208271405521,0.15608459908632158,1.0148082374428213e-10,0.0015623329672962427,not_checked,0.001,not_checked,not_checked,,,
circle_vm2_importance_n200,149,2026491750,True,ok,0.004987088796984951,0.6625080129285561,0.006075355431084471,2.088138109026554,2.8702093404757902,0.29336720992425036,0.27707673006438294,0.23809044172722268,0.3688306219617399,0.4675167542006239,152.45770107260302,200.0,0.009239542796475972,1.6231460620019789e-13,11.982252112578502,10,-3.5577443768808337e-14,2.42861286636753e-17,,-0.04665129511628674,0.724905446769495,0.9056356998823901,0.12540075723274524,3.346212196220222e-13,0.0018314989283680916,not_checked,0.001,not_checked,not_checked,,,
circle_vm2_importance_n200,150,2026491751,True,ok,0.0009368353347070091,0.5581037175626018,0.0026301637595708767,0.3790434684628493,0.5059983200459373,0.7987082896141122,0.7966479621683362,0.776468534039198,0.8291393308820405,0.8675840429136499,151.61991350239796,200.0,0.009447438520060745,2.6383673024099608e-11,9.427593022509654,8,-1.9743373602665315e-12,-1.8854275779522922e-16,,-0.002154667290022838,0.746684165716748,0.9294537201173773,0.16798341907671893,4.9921178302270164e-11,0.0017440831288695335,not_checked,0.001,not_checked,not_checked,,,
circle_vm2_importance_n200,151,2026491752,True,ok,0.0049370600817537635,0.6290602097455169,0.006172700401742418,2.074615272635412,2.7207980899105033,0.29246594026562633,0.274941368809994,0.2565583781975139,0.3725395708440499,0.47231365556529736,151.93495261779645,200.0,0.009186544047144972,1.113553693699032e-13,9.893208975213136,10,-2.566523382707686e-14,-1.3530843112619095e-16,,-0.04989561996695335,0.7021725092644683,0.9092693431412439,0.13870713340165192,2.1671553440683056e-13,0.0018974591512233019,not_checked,0.001,not_checked,not_checked,,,
circle_vm2_importance_n200,152,2026491753,True,ok,0.0025768824432221837,0.5384179510757021,0.004850714618073294,1.0134146511114919,1.0876598309941818,0.5446489347426637,0.5502351759760393,0.5805206443095692,0.597275684769978,0.6744430719069815,152.84671148528093,200.0,0.009469094777092062,3.399613923704692e-12,10.968859941649608,9,1.0321604682062002e-16,1.691355389077387e-17,,0.008669163088690812,0.7635866658734524,0.9391202888423036,0.17506108212482163,6.4643845831824365e-12,0.0015008749905973673,not_checked,0.001,not_checked,not_checked,,,
circle_vm2_importance_n200,153,2026491754,True,ok,0.0071668653006420335,0.5137273850709527,0.008072965527953382,2.879303668513448,3.0333950747628973,0.19968572008994323,0.19828474054941592,0.2194353687613823,0.23850307870316298,0.3378843327615085,151.3983599962663,200.0,0.00979973421159753,8.869571743730376e-13,8.65086722462414,9,-1.48318857196017e-16,-3.469446951953614e-18,,-0.006278774128317233,0.8231065897906849,0.9573441739298792,0.198088086966589,1.6255885526561542e-12,0.001456917030736804,not_checked,0.001,not_checked,not_checked,,,
circle_vm2_importance_n200,154,2026491755,True,ok,0.004795170364960688,0.5803542138560291,0.006276114930886241,1.9089408345397894,2.2571865419367207,0.33308898262061254,0.33483442125086327,0.32348799645526055,0.3832629112347197,0.47896203429388906,153.51570205687807,200.0,0.009677292316540064,2.7887470110954382e-11,11.913863827401181,9,1.231653667943533e-16,1.6653345369377348e-16,,0.004563655722242932,0.8221685754355859,0.9239023597595414,0.17835335401100133,5.697864402520736e-11,0.0014683329500257969,not_checked,0.001,not_checked,not_checked,,,
circle_vm2_importance_n200,155,2026491756,True,ok,0.004203833422581793,0.5732104794007296,0.006008894582930065,1.5983020209553263,1.9252733364194514,0.3397794307810883,0.3584016376928745,0.38188465424531004,0.43137966450363174,0.5239432719713012,153.75772423479398,200.0,0.009141599650531278,1.988476050485133e-11,15.686896648185062,9,3.858025010572419e-15,2.42861286636753e-16,,0.04161567403869548,0.7231137970802982,0.8365410269978171,0.15951838890148282,3.987654650927652e-11,0.0016237490344792604,not_checked,0.001,not_checked,not_checked,,,
circle_vm2_importance_n200,156,2026491757,True,ok,0.0026715393878804505,0.543359495799904,0.004871213651201555,1.0586264160281613,1.1620538680985102,0.5454010532145741,0.5485000439698884,0.5593236830002187,0.5860747853034572,0.667479831900347,151.31579394995182,200.0,0.009754584174831538,4.387601393318619e-12,10.56699725423465,9,7.502679033599691e-17,2.424276057677588e-16,,0.004994669562009446,0.8504875356269597,0.9129967447246321,0.19220455243185913,8.44124770082999e-12,0.0017067920416593552,not_checked,0.001,not_checked,not_checked,,,
circle_vm2_importance_n200,157,2026491758,True,ok,0.004483017814282286,0.6582178910393259,0.0057225273871656405,1.8956659765891115,2.5901039930259,0.32711123227099237,0.30700765747272674,0.2738836229678497,0.4079528957417201,0.5014184039653272,153.98430641433032,200.0,0.009058641240254716,1.928457393773897e-13,10.905231090880717,10,-4.6520079455270036e-14,-2.2985086056692694e-16,,-0.0512294254380985,0.6865027704069738,0.9260728374798661,0.12417986089643043,3.9190872769268026e-13,0.0016405421774834394,not_checked,0.001,not_checked,not_checked,,,
circle_vm2_importance_n200,158,2026491759,True,ok,0.0015280141271380998,0.4957000283359898,0.003741471695648794,0.6078006402353577,0.6774732177964728,0.6940192465887651,0.6954317151243847,0.712670135342804,0.7366791515861053,0.7994381209381171,146.49481502065922,200.0,0.009685786235542426,4.499878247798961e-11,8.558865573124688,8,2.133655882183283e-12,1.3140530330524314e-16,,0.0017025053099410936,0.7596106164801706,0.9200284508132899,0.1897620772432788,8.185208066890937e-11,0.0016004170756787062,not_checked,0.001,not_checked,not_checked,,,
circle_vm2_importance_n200,159,2026491760,True,ok,0.008471842182562028,0.4828589636664862,0.008963976608126329,3.205341902555606,3.489445924921568,0.14072512081411886,0.15638226175320696,0.17469337888739336,0.18371522022116815,0.2856679211268421,147.8928939798426,200.0,0.009973663517249348,2.7400304247748863e-13,12.216216055996911,9,8.230915948814754e-14,6.418476861114186e-17,,0.09169748523460264,0.7664643422813675,0.9618297185379049,0.20279930689790582,5.595524044110789e-13,0.001992749748751521,not_checked,0.001,not_checked,not_checked,,,
circle_vm2_importance_n200,160,2026491761,True,ok,0.0002586638484600723,0.5194878033073247,0.0015605110882663234,0.10439152478922858,0.1111208549966701,0.941854123254265,0.9413493562004343,0.9459548602575878,0.9495825901881295,0.9627396573847309,146.80153162051326,200.0,0.009911441332471646,1.2226886170196849e-12,8.23825591862972,8,-1.0530909911460329e-14,1.577514160966409e-16,,-0.0004629927025998348,0.7935683987615091,0.9395717480520095,0.19717620363419733,2.2586377212974185e-12,0.001476790988817811,not_checked,0.001,not_checked,not_checked,,,
circle_vm2_importance_n200,161,2026491762,True,ok,0.012686133917126474,0.5132771028227905,0.010621185951180705,4.76097620284877,5.591498305779013,0.03882488722184539,0.047388578830496575,0.06106910709336052,0.07908541694840093,0.14645725678525265,151.42687821232792,200.0,0.009208764132097627,7.276512725695738e-12,14.511872603262233,9,2.5775007128636673e-12,1.1102230246251565e-16,,0.1567386820009098,0.7047111740111643,0.8528623909289313,0.17370116191030643,1.5828227617475932e-11,0.0015555007848888636,not_checked,0.001,not_checked,not_checked,,,
circle_vm2_importance_n200,162,2026491763,True,ok,0.004788915638700431,0.5471515524850958,0.006355451831171128,1.9954515748747321,2.3416793857140124,0.33323030785206986,0.3183206699548473,0.31010643774863095,0.38374265215606945,0.4945600984439683,147.02422315707753,200.0,0.00986112818280297,5.3544946254646675e-12,7.137714135373607,9,-2.0816681711721685e-15,-7.979727989493313e-17,,-0.03994265969727995,0.8164612132952732,0.9282864422771286,0.18647823574053318,1.0340617251358708e-11,0.0015230420976877213,not_checked,0.001,not_checked,not_checked,,,
circle_vm2_importance_n200,163,2026491764,True,ok,0.016065795043596287,0.53399142810451,0.01141686055145725,6.63562679838293,7.546263908172546,0.02928803761004791,0.026109734380583907,0.022979978225891665,0.04022932753305697,0.08654051416807974,152.3200436810176,200.0,0.009783868593889735,7.574607607807593e-12,7.8039322189831095,9,-1.6928194956911113e-12,1.3877787807814457e-17,,-0.10465439047220748,0.8786345012852596,0.9407433653948676,0.20664440843817747,1.2811529614964456e-11,0.0014518329408019781,not_checked,0.001,not_checked,not_checked,,,
circle_vm2_importance_n200,164,2026491765,True,ok,0.0006238431754348461,0.45530552922855594,0.002389077452188139,0.24941396943821342,0.2727130147907531,0.8665054980815987,0.8665668163588818,0.8725315130967144,0.8827011050254409,0.9124217430062523,146.91666415735867,200.0,0.009872595584094288,6.414868636284154e-13,7.057355896145338,8,3.0557154029331457e-15,3.191891195797325e-16,,6.165036786251465e-05,0.770040635325329,0.9835986814582971,0.2096284416331573,1.0720313525780512e-12,0.0012456660624593496,not_checked,0.001,not_checked,not_checked,,,
circle_vm2_importance_n200,165,2026491766,True,ok,0.0025502510615573737,0.5836544581341288,0.004594404271034985,0.9779776097341222,1.2091706359602543,0.5127411451755066,0.5270619429126162,0.5463009208442406,0.6004654272982184,0.6707958655946498,156.5690603823206,200.0,0.008845954972798465,3.2856939391479045e-11,15.266508693133376,9,1.3010426069826053e-16,2.7712207528729493e-16,,0.02106140744441365,0.6967058917289104,0.8345659159266924,0.15093658086277725,6.706613042695153e-11,0.001381751149892807,not_checked,0.001,not_checked,not_checked,,,
circle_vm2_importance_n200,166,2026491767,True,ok,0.00378506223611752,0.6250288297585356,0.005844263265364321,1.5322073028070158,1.6289952062506026,0.39614596566608073,0.39178924948166627,0.4428617638470552,0.46906569429406697,0.5497084914984582,158.0864776835423,200.0,0.008945238748377797,1.5543122344752192e-15,12.653766139544626,10,-1.5612511283791264e-16,-8.933825901280557e-17,,-0.009091204180003865,0.6970339156360099,0.9483614758459153,0.13176420699332145,3.552713678800501e-15,0.0019442501943558455,not_checked,0.001,not_checked,not_checked,,,
circle_vm2_importance_n200,167,2026491768,True,ok,0.002592746209915342,0.6608568786931117,0.004858462499802469,1.0740899943671312,1.174077184914119,0.5269682967254039,0.5150950102741843,0.55597130684502,0.5953836793674038,0.6745277668364582,151.86308483573126,200.0,0.00944287134671611,6.106226635438361e-16,12.59114188744516,10,-1.7780915628762273e-16,-1.7737547541862853e-16,,-0.018495755200497177,0.711471601650615,0.9162180924141621,0.12772610831688536,4.440892098500626e-16,0.0017523749265819788,not_checked,0.001,not_checked,not_checked,,,
circle_vm2_importance_n200,168,2026491769,True,ok,0.0021202952784857843,0.5546535122150751,0.004271489533473705,0.8273597984223102,0.9862806592910167,0.5987881533544723,0.6063475426559255,0.6107055629573113,0.6543852355914301,0.7300789025471475,148.37681722528154,200.0,0.00972124086141227,7.873368623734223e-12,12.261864094527661,9,7.37257477290143e-17,3.469446951953614e-17,,0.01037915648600174,0.7735494286256464,0.8828795094197215,0.1811842208231442,1.5371037775935292e-11,0.0016506249085068703,not_checked,0.001,not_checked,not_checked,,,
circle_vm2_importance_n200,169,2026491770,True,ok,0.000896686498353727,0.6255014981098352,0.0026693581652652934,0.35455387932125065,0.44163185154880713,0.7946306114600796,0.7967318029314392,0.8018642692505125,0.835823928709444,0.8673192192463308,158.74910789766815,200.0,0.008734663866382742,3.89303034253885e-11,14.653380030607423,9,2.873452127280518e-12,-6.21247844834194e-17,,0.0020603600101200825,0.7481894798562634,0.8132953161705554,0.13921967009432792,8.752221170027497e-11,0.0017414577305316925,not_checked,0.001,not_checked,not_checked,,,
circle_vm2_importance_n200,170,2026491771,True,ok,0.0010427430143626903,0.6131342665682415,0.002669888946706163,0.4275061293973725,0.6288482334054966,0.7567439663651154,0.7515018115448817,0.7302092685296666,0.8117615797991465,0.8488577834432596,157.14669397230008,200.0,0.008550401119549867,1.2764311829727149e-10,10.798341868261696,9,-4.90059381963448e-17,-7.546047120499111e-17,,-0.005204461826148171,0.6796163426880238,0.8226774481296361,0.13161828002372514,2.7365087973407753e-10,0.00159183400683105,not_checked,0.001,not_checked,not_checked,,,
circle_vm2_importance_n200,171,2026491772,True,ok,0.006061520190340675,0.52921496966135,0.006959812904834938,2.2943843793832857,2.976933267983388,0.2346965518449926,0.25363449433295604,0.2257184993934869,0.2975110124424911,0.4025294717212205,150.1252053216904,200.0,0.009710070866091559,2.0780044351909055e-12,13.996283316347094,9,2.379173247302191e-14,1.1622647289044608e-16,,0.06511184837649209,0.7567840142551825,0.9181118422252665,0.17719953404882766,3.8986591732737e-12,0.001968958182260394,not_checked,0.001,not_checked,not_checked,,,
circle_vm2_importance_n200,172,2026491773,True,ok,0.003045003933317414,0.6116950661299279,0.0051443655891379916,1.2283215676887496,1.374412665986723,0.4710441790462467,0.4680573665815857,0.5029792646995854,0.5438940638478231,0.619725211120559,157.13579277298973,200.0,0.008994036627842296,1.2046352804162552e-10,12.192982184667796,9,-5.2909066017292616e-17,1.0408340855860843e-17,,-0.005159997180891995,0.7156209774893898,0.9095662520204784,0.1378878871276142,2.5601543107711677e-10,0.0016705417074263096,not_checked,0.001,not_checked,not_checked,,,
circle_vm2_importance_n200,173,2026491774,True,ok,0.007051566099639084,0.5754284167345973,0.007234894059653752,2.62464214444359,3.603426790618312,0.15539348154729776,0.17683275909399485,0.16501590837929536,0.2440668245867093,0.32887793220122563,157.70519741212257,200.0,0.008786821290022473,2.208833116412734e-11,18.285896080077727,9,4.561923755419528e-13,3.0444397003392965e-16,,0.09799214770602171,0.7227526612816153,0.7923610492677797,0.15229034348014844,4.4577230795539435e-11,0.0017437080387026072,not_checked,0.001,not_checked,not_checked,,,
circle_vm2_importance_n200,174,2026491775,True,ok,0.0025885248263965988,0.4901941245993753,0.004876610628987858,1.034733909167626,1.0985645024081399,0.5632927944085786,0.5635038365237921,0.5773640640594551,0.5958865601930975,0.6814965160509636,148.14002791312907,200.0,0.010057880654657155,2.2948309919001986e-13,8.087089864159918,9,3.126839065448195e-16,2.3548871186385156e-16,,0.000338010695506763,0.8553611876918514,0.9504127324839413,0.2162546549888818,4.050093593832571e-13,0.0016040410846471786,not_checked,0.001,not_checked,not_checked,,,
circle_vm2_importance_n200,175,2026491776,True,ok,0.0032192635064760555,0.536452326139017,0.005548267605592991,1.2743609094240276,1.4111521698807201,0.4452823191640602,0.4489929187810294,0.4938240077227273,0.5252648321988586,0.6198051631621517,148.58991888449162,200.0,0.00942512360160494,3.0613289681014066e-12,10.405320217364782,9,8.760353553682876e-17,4.85722573273506e-17,,0.0066722465831973166,0.6282694666225083,0.9872822957116626,0.1467496480555632,5.805800284974794e-12,0.0016405410133302212,not_checked,0.001,not_checked,not_checked,,,
circle_vm2_importance_n200,176,2026491777,True,ok,0.0018819604543951485,0.5866352338698801,0.003951808828316368,0.7320978676818115,0.9122743237375575,0.619589216171406,0.6277891424402322,0.6337269079700119,0.6863331753005906,0.7500136544128713,152.85330043033832,200.0,0.009169573336816002,3.7935210528416974e-11,14.070658000974763,9,1.5352302762394743e-16,2.0794997668271975e-16,,0.01034315703812394,0.7349578994992068,0.8402873710034064,0.15103312676599068,7.762657183718602e-11,0.0017207919154316187,not_checked,0.001,not_checked,not_checked,,,
circle_vm2_importance_n200,177,2026491778,True,ok,0.006180295766685218,0.5853151983745173,0.006945966058114334,2.5515205474296874,3.4313162988765655,0.20753726661555894,0.19737806574786082,0.17984531665946826,0.2905268868312438,0.3957342550785725,149.99482242078201,200.0,0.009132513795662798,3.559652572704408e-11,9.313125404103825,9,-7.0317016098719876e-15,4.2500725161431774e-17,,-0.03970112037780016,0.6898336524857197,0.8848731768848335,0.1422400619719995,7.276756974761156e-11,0.0015090832021087408,not_checked,0.001,not_checked,not_checked,,,
circle_vm2_importance_n200,178,2026491779,True,ok,0.010844875742434867,0.5915413851428395,0.009591007974078008,4.622917762194523,5.506060865719444,0.07122369304686996,0.059889805146411026,0.06373442536066226,0.11429469199632337,0.2005051979310902,148.17275420137108,200.0,0.009441950156378307,4.7801984592865665e-11,7.5402344339657414,9,-4.696012675942107e-12,1.4224732503009818e-16,,-0.1424837326102879,0.7848069305142896,0.8566500841470323,0.16202180971266758,9.8554941985185e-11,0.0015334170311689377,not_checked,0.001,not_checked,not_checked,,,
circle_vm2_importance_n200,179,2026491780,True,ok,0.004242166824443894,0.6005114544632688,0.005933885490714653,1.6423852001110495,2.065798093544113,0.31707388980888807,0.32896634071326214,0.3559734794713498,0.42808505997416424,0.5150892002900886,156.38592642022098,200.0,0.008646092482574915,7.208678098891141e-11,15.551022889704353,9,7.424616477180734e-16,-5.637851296924623e-17,,0.027240764833253994,0.683848596730673,0.7952453354675425,0.1379479721003178,1.5149481669141096e-10,0.0016408329829573631,not_checked,0.001,not_checked,not_checked,,,
circle_vm2_importance_n200,180,2026491781,True,ok,0.003498369449394634,0.5400905324718641,0.005260802114957416,1.3462999132587687,1.7093416286765115,0.43132121965254244,0.4452497734580967,0.42542321125601157,0.4967472716932029,0.5865509460547258,152.49840185118046,200.0,0.009459892608476057,3.7123637497415984e-12,12.866310346881574,9,4.0679265511656126e-16,1.2663481374630692e-16,,0.026523933249542386,0.734413029655991,0.9368059976250233,0.16736972366509836,7.075895425145973e-12,0.001976042054593563,not_checked,0.001,not_checked,not_checked,,,
circle_vm2_importance_n200,181,2026491782,True,ok,0.0013313306072990638,0.5129816191379455,0.0034995686112967222,0.5305312219981899,0.5683907470775257,0.736877156838748,0.737722767575919,0.7526195883888815,0.7662351887389951,0.8196353018628431,149.39624342105887,200.0,0.00978674144492257,2.932265541488732e-11,8.972136495303742,8,9.288654914674233e-13,-1.5439038936193583e-16,,0.0010005104607178072,0.8140879916198831,0.9334678634334671,0.19638509680045038,5.440403683110162e-11,0.0013943752273917198,not_checked,0.001,not_checked,not_checked,,,
circle_vm2_importance_n200,182,2026491783,True,ok,0.0029138661291723267,0.571451750944149,0.004815069301211114,1.1370531198524156,1.4820869853878635,0.4735793662507548,0.4823058210832951,0.4766163103048713,0.5583477929896772,0.6410908566389188,152.57533131963308,200.0,0.009099659908197815,1.8234525001048496e-11,13.114497409743924,9,2.0556473190325164e-16,5.2475385148298415e-17,,0.014246665908257516,0.7316204844707981,0.8297036628209314,0.16601079043593836,3.649458513166337e-11,0.001611126121133566,not_checked,0.001,not_checked,not_checked,,,
circle_vm2_importance_n200,183,2026491784,True,ok,0.001590230138091675,0.6264793681615304,0.0035332521809247944,0.6497151928447364,0.8637168359348997,0.658892864978625,0.6530505899012755,0.6493012995754104,0.7275692993618674,0.7814133786969233,155.10394951952145,200.0,0.00879084299277894,8.881784197001252e-16,11.757107410567436,10,7.41594285980085e-17,5.984795992119984e-17,,-0.006811568804033219,0.6389465337527893,0.9038650106653108,0.11861274444930477,1.9984014443252818e-15,0.0015588749665766954,not_checked,0.001,not_checked,not_checked,,,
circle_vm2_importance_n200,184,2026491785,True,ok,0.0026828518143326985,0.5893677766871588,0.0047966486322623715,1.093306943467599,1.2336556950638617,0.5321414804257794,0.5258819186804553,0.5396535887809499,0.5847502986034292,0.6619186575933389,153.79627086240166,200.0,0.009367385637573214,4.30715463295428e-11,10.258074163608065,9,-1.448494102440634e-16,-1.6002824065886045e-16,,-0.010083108867259827,0.7624644868590664,0.9453689716700677,0.15513825303695716,8.86917206344151e-11,0.0014985001180320978,not_checked,0.001,not_checked,not_checked,,,
circle_vm2_importance_n200,185,2026491786,True,ok,0.005674811152597048,0.584469011603882,0.006867087245055972,2.383827297658205,2.8129549429656984,0.2532642398301664,0.2364414305695492,0.2450048013009127,0.32143426151022697,0.4279083704351344,149.58139949737455,200.0,0.009369063640196431,3.422606642544679e-11,7.9895545138589865,9,-2.496960971321016e-14,-1.457167719820518e-16,,-0.05695141830969286,0.757183058168192,0.8975504725252438,0.16569660717672755,6.980860334238059e-11,0.0018544590566307306,not_checked,0.001,not_checked,not_checked,,,
circle_vm2_importance_n200,186,2026491787,True,ok,0.013009263459975662,0.49125095987733136,0.010604339260629274,4.838159832504743,5.787970889303768,0.0398459394680622,0.04995692956382622,0.05535515748624096,0.07413609954266784,0.13909403325438868,151.6308038813372,200.0,0.009420732168703438,1.1017742274077591e-11,14.345767177104571,9,4.256456298534772e-12,-1.6132928326584306e-16,,0.18277277574276107,0.7761457512256246,0.8378193531346395,0.20408893741550874,2.3708368601660368e-11,0.0017835840117186308,not_checked,0.001,not_checked,not_checked,,,
circle_vm2_importance_n200,187,2026491788,True,ok,0.003073145781981923,0.6350345873347218,0.004781533377777842,1.270163821787058,1.733077837569802,0.4580999169992077,0.4463666046064778,0.42040408681000685,0.5408414257076044,0.6242700931889079,153.31917066064975,200.0,0.009019151432007854,1.5543122344752192e-15,11.362521691282225,10,7.025630077706069e-17,1.6566609195578508e-16,,-0.020452754497144343,0.7279506636540328,0.8495321133263248,0.1343602202267783,3.552713678800501e-15,0.0019268328323960304,not_checked,0.001,not_checked,not_checked,,,
circle_vm2_importance_n200,188,2026491789,True,ok,0.0035828139315225993,0.5757454138018836,0.005370445774188017,1.3929780726066139,1.8094287388927262,0.38961390992725825,0.40002144084512636,0.4046574511294383,0.4884282061298679,0.5754326196277164,154.24555940757577,200.0,0.008863469630475747,2.240385654772581e-11,13.71191812606749,9,8.239936510889834e-17,1.444157293750692e-16,,0.02007375000121292,0.6968045779820576,0.826514934039944,0.146437874308042,4.529021602195371e-11,0.0017823739908635616,not_checked,0.001,not_checked,not_checked,,,
circle_vm2_importance_n200,189,2026491790,True,ok,0.002662031426239997,0.6410179746789202,0.0045567048699735055,1.0086210447168207,1.3338274886739594,0.4862428762611257,0.5050759788928207,0.5132902807970159,0.5871903209297191,0.6537304031325144,159.67513980126353,200.0,0.008608120805831681,6.772360450213455e-15,20.375739071328173,10,1.6609977282477928e-15,1.474514954580286e-16,,0.028095762889589038,0.6754563205918186,0.8049276156505594,0.12765856102431694,1.6653345369377348e-14,0.0018527079373598099,not_checked,0.001,not_checked,not_checked,,,
circle_vm2_importance_n200,190,2026491791,True,ok,0.0008747853988355647,0.5656706550435868,0.0025540506724074552,0.3570067529463212,0.47974768361546377,0.8085661185270796,0.8050933087830328,0.7867271068756976,0.8394930512332499,0.8766070881621275,150.54710016248583,200.0,0.009405158510850912,6.564182530865992e-11,9.09896793890131,8,-6.362106588081451e-12,8.239936510889834e-18,,-0.003546296706047669,0.7367037616012881,0.9190030303535635,0.15852827309629508,1.23733467916054e-10,0.0013926259707659483,not_checked,0.001,not_checked,not_checked,,,
circle_vm2_importance_n200,191,2026491792,True,ok,0.0005991029051581886,0.5874505227663813,0.0020492308757167907,0.23681788627493672,0.3441941244695085,0.8559058415386738,0.8574752770460414,0.8418974527543828,0.8870795813432881,0.9115410525310985,154.59555720365142,200.0,0.008921821176397995,3.9366510051763726e-11,12.58074243366392,8,5.319055742733503e-13,2.772304955045435e-16,,0.0014116378941693708,0.6781391297328272,0.8733967607526607,0.14192531354074872,8.078182567317072e-11,0.001510875066742301,not_checked,0.001,not_checked,not_checked,,,
circle_vm2_importance_n200,192,2026491793,True,ok,0.0012097000956692305,0.5903764307882549,0.003249991260004732,0.4950448121603963,0.5574035533495201,0.7385163180579091,0.7333748476550155,0.7567655547062576,0.7851032673135667,0.8294069605937403,154.62042166520285,200.0,0.008994949538498396,4.524258745419729e-11,9.908093763214788,9,-3.473783760643556e-16,-2.5543803183758484e-16,,-0.005582386946352047,0.7083623246106968,0.8974917489393162,0.14972635886875654,9.314526927539646e-11,0.001548124710097909,not_checked,0.001,not_checked,not_checked,,,
circle_vm2_importance_n200,193,2026491794,True,ok,0.0018720105540119825,0.5811989747114639,0.004013933622344572,0.7649858158713854,0.8739729260095287,0.634366056812774,0.6281716153008683,0.6459801759820014,0.6877003244940381,0.7498281536394897,153.7978653856238,200.0,0.00916951528165571,2.927524889173583e-11,9.653710373168604,9,7.047314121155779e-17,8.760353553682876e-17,,-0.00809079713329619,0.7133045066525747,0.9444538499472631,0.1487057723564401,5.941447334123495e-11,0.0020718330051749945,not_checked,0.001,not_checked,not_checked,,,
circle_vm2_importance_n200,194,2026491795,True,ok,0.0027634961943352465,0.6249159405580722,0.004552276275890496,1.1466546317884196,1.5113735712688179,0.5045403589048458,0.4918313046882685,0.4696879290129624,0.5753945849347228,0.6559353983153522,152.59401258795518,200.0,0.009153888553428595,1.7763568394002505e-15,10.522694121142303,10,-9.280770596475918e-17,-6.071532165918825e-17,,-0.02062807702716052,0.7547675994658647,0.8634619253050606,0.14460034256932083,3.552713678800501e-15,0.0016874161083251238,not_checked,0.001,not_checked,not_checked,,,
circle_vm2_importance_n200,195,2026491796,True,ok,0.0036396515007670605,0.5229422204100269,0.005693358323318471,1.4048266144481747,1.567399902922985,0.42339670203793056,0.43632748160975254,0.4567130651543486,0.4829074299320407,0.5755141990921295,151.79787910719136,200.0,0.009554946861093596,1.4801493364302587e-12,11.897686431338816,9,1.5916087892087205e-16,2.168404344971009e-17,,0.025516992929324744,0.7778638909996015,0.9194601184962846,0.18685971294374992,2.7469138075275623e-12,0.001491541974246502,not_checked,0.001,not_checked,not_checked,,,
circle_vm2_importance_n200,196,2026491797,True,ok,0.011209921939967726,0.6590385924109898,0.00903368931040074,4.85374869181428,6.489395473752863,0.061274764420338246,0.0487262362977946,0.038980344897590655,0.10624745886869495,0.1814682713050472,152.2467741920909,200.0,0.009021219170119844,1.6641266142869426e-10,9.636803445681375,10,-5.846057318792397e-11,-3.712308238590367e-16,,-0.18488995791359475,0.737052916875338,0.8666425570919658,0.13030469862769173,3.203965981413148e-10,0.0020639579743146896,not_checked,0.001,not_checked,not_checked,,,
circle_vm2_importance_n200,197,2026491798,True,ok,0.002865437117030023,0.6292173315399778,0.004595683846944472,1.1949497534374671,1.6091270690494708,0.5259017529989172,0.5117890129838139,0.4472831075955005,0.5637821147977211,0.653581682416643,148.41985503007825,200.0,0.010101907942333644,2.220446049250313e-15,10.358847002337903,10,-6.739400704169896e-16,-1.3227266504323154e-16,,-0.024387453312728957,0.7424566476524961,1.0601981046578133,0.13828722527646456,4.218847493575595e-15,0.001792041352018714,not_checked,0.001,not_checked,not_checked,,,
circle_vm2_importance_n200,198,2026491799,True,ok,0.005111732077635267,0.5692658532432544,0.006941101459246882,2.0375906134401274,2.0830566054917026,0.2954475563908785,0.29669070998069114,0.3529149087712937,0.3597498264881582,0.45095638538831206,155.79546003520488,200.0,0.009203978769690441,1.6387113888072236e-11,11.311070127320011,9,2.1250362580715887e-16,1.4051260155412137e-16,,0.0035511088069897223,0.7025044700079836,0.9836103801370891,0.1499924109831564,3.266786841038538e-11,0.0017096661031246185,not_checked,0.001,not_checked,not_checked,,,
circle_vm2_importance_n200,199,2026491800,True,ok,0.00260735667840728,0.5360695923167296,0.004824466554085472,1.0065113968797545,1.154175225814848,0.5390535009181441,0.5508124815025512,0.5615313841767771,0.5936464518766817,0.677084390903268,149.5611869497602,200.0,0.00974129836344658,2.9976021664879227e-12,12.352977211196833,9,2.3115190317390955e-16,1.3444106938820255e-16,,0.018215637241578708,0.8085230611560861,0.8803035587057499,0.19405574753043056,5.687228465944827e-12,0.001531457994133234,not_checked,0.001,not_checked,not_checked,,,
circle_vm2_importance_n200,200,2026491801,True,ok,0.0005716732226086485,0.6029451628165396,0.0021330851123356497,0.22701738458611306,0.29146348431806923,0.8646628106615615,0.8655713806140302,0.8643895513605079,0.8919594166005562,0.9160250861583623,153.42948484976003,200.0,0.00910988303464031,8.106082471925902e-11,12.957923587728414,8,2.099440413183551e-13,2.688821387764051e-17,,0.0008259522286731685,0.724384088366951,0.8530085479818869,0.1442536015469653,1.6999868179823352e-10,0.0018840839620679617,not_checked,0.001,not_checked,not_checked,,,
circle_vm2_importance_n200,201,2026491802,True,ok,2.5513701017443324e-05,0.585197890650909,0.0004435059897588697,0.010238777318612969,0.013319339398861242,0.9936757515640813,0.993655183503857,0.9933624567552816,0.9949102566593682,0.9960889183021214,153.59394452161118,200.0,0.009099258711261085,3.5432434764004483e-11,11.147684814835635,8,-1.4220666744862998e-16,-1.4886095828225976e-16,,-1.6648455817819437e-05,0.7513144931964775,0.8610077374036397,0.154486223223652,7.235256838100668e-11,0.001596667105332017,not_checked,0.001,not_checked,not_checked,,,
circle_vm2_importance_n200,202,2026491803,True,ok,0.00887576927182776,0.6336788028556,0.008565177139099028,3.766389323381751,4.1919271287879685,0.12779583915547632,0.11280159982742427,0.122951714663552,0.1694573757367083,0.2508322342293634,155.81420725258127,200.0,0.009221292475856836,7.675193813838632e-12,9.660294663892607,10,-2.216180364222886e-12,-1.8561541192951836e-16,,-0.1080408073253234,0.7958386785754967,0.9296985678189612,0.14701342312550536,1.4840351170164467e-11,0.0017242080066353083,not_checked,0.001,not_checked,not_checked,,,
circle_vm2_importance_n200,203,2026491804,True,ok,0.0010925797103957802,0.6115350609253505,0.0028924788113320805,0.44764288421367543,0.5732024253028415,0.7631106797181797,0.7581184877075375,0.7508110831048687,0.8037106665234598,0.8443461942334625,154.85614837727928,200.0,0.009054196442308772,1.1961143187022572e-10,10.772028674971653,9,-3.0487765090292385e-16,-2.675810961694225e-16,,-0.005305500027681681,0.7775454197269875,0.8400264864389968,0.1501034306429315,2.541225008201309e-10,0.0019617490470409393,not_checked,0.001,not_checked,not_checked,,,
circle_vm2_importance_n200,204,2026491805,True,ok,0.01775242458756776,0.4760263714726556,0.011746320411293556,6.546907670595528,8.468695140981392,0.012079117112744654,0.017032691311958184,0.014489260335661032,0.028710713950082414,0.06260438620455504,156.08684450380747,200.0,0.009157058527439739,7.527622969405456e-11,14.74435788845517,9,3.3832305013081765e-11,2.3592239273284576e-16,,0.2770310822157884,0.7612077814746584,0.8441140981603468,0.19761991416010752,1.6525691926005948e-10,0.00165395881049335,not_checked,0.001,not_checked,not_checked,,,
circle_vm2_importance_n200,205,2026491806,True,ok,0.000468641726862451,0.5689077708244246,0.0019329533926428794,0.18606331743855936,0.23733418165443773,0.8922032258438248,0.8929598540495793,0.8881034093251614,0.9105300783562347,0.931992141103828,150.2872932285855,200.0,0.009497520368068854,1.6093237853453957e-11,11.342659154988793,8,7.775312511892896e-14,-1.5439038936193583e-16,,0.0006966866532105154,0.7617508298939354,0.8861561288039728,0.16542502726097444,3.20807824749636e-11,0.0019290419295430183,not_checked,0.001,not_checked,not_checked,,,
circle_vm2_importance_n200,206,2026491807,True,ok,0.002264300800008723,0.555816284988353,0.0044063918215267615,0.8966211122058817,1.0274189869333952,0.5728794226746408,0.5760923242483698,0.59827217079421,0.6358070386652068,0.7039811498869406,155.01637366819648,200.0,0.009118465263991831,8.364087200618542e-12,11.111466230813292,9,-1.0842021724855044e-16,-9.367506770274758e-17,,0.004549603898803711,0.7561406583424988,0.8727068990010646,0.1666669889236443,1.6339374298013354e-11,0.0016913339495658875,not_checked,0.001,not_checked,not_checked,,,
circle_vm2_importance_n200,207,2026491808,True,ok,0.006787896426094564,0.6294921715229704,0.007407057239323151,2.86458219493108,3.380803406157091,0.18124426017516493,0.16501543745379793,0.18444541681768625,0.2572828320953278,0.3434573669549426,157.44086556512707,200.0,0.008750893505775268,1.0060841049153169e-12,9.717410963405941,10,-2.57295920680356e-13,9.627715291671279e-17,,-0.07471181224662726,0.7425900365521183,0.8476697477960975,0.14299950141757753,1.9335644196871726e-12,0.0016292082145810127,not_checked,0.001,not_checked,not_checked,,,
circle_vm2_importance_n200,208,2026491809,True,ok,0.002261505868368152,0.5500822312265636,0.004073318540929665,0.9311554214685485,1.273881638273217,0.573930406823554,0.5646726690025001,0.5289079768102061,0.6361625454596013,0.7117668549279551,150.34445715727927,200.0,0.009278211525180127,6.237566019251517e-12,7.957689508388784,9,-1.0495077029659683e-16,-1.3097162243624894e-16,,-0.0132765370606438,0.7172996836729529,0.9210720874898112,0.16152962176582666,1.2082335132390654e-11,0.00151600013487041,not_checked,0.001,not_checked,not_checked,,,
circle_vm2_importance_n200,209,2026491810,True,ok,0.014235483075105027,0.5372658697756665,0.010251250969659694,6.057728894913032,8.083208333892776,0.037671449512963015,0.030651571504831422,0.01756926576217365,0.05801250924683573,0.12648639062640463,145.24414448561805,200.0,0.009786772446081986,2.3035573448737523e-11,5.732220583709469,9,-7.538393520523101e-12,9.367506770274758e-17,,-0.18176783243551053,0.749204988407934,0.9776691927823746,0.17158000908594215,3.616396071493e-11,0.0014912921469658613,not_checked,0.001,not_checked,not_checked,,,
circle_vm2_importance_n200,210,2026491811,True,ok,0.007964158066964488,0.6005114277186854,0.007896960570694814,3.2815598622120845,4.0029920787680044,0.14470116327411975,0.1365213819317313,0.13513296769658767,0.20334899001104997,0.287014451226072,156.73002736645117,200.0,0.009056399372057792,7.249034705836266e-11,10.240491548842678,9,-4.6265075104301445e-14,5.204170427930421e-17,,-0.04794831771314456,0.8182991811011062,0.8296709870981195,0.16422183310774685,1.5149481669141096e-10,0.001556208822876215,not_checked,0.001,not_checked,not_checked,,,
circle_vm2_importance_n200,211,2026491812,True,ok,0.0014773902379892068,0.5829833961236794,0.00360435961909615,0.5847311274860267,0.6893565452051409,0.6854882877680057,0.688216538738289,0.7084482440162787,0.7441757509891673,0.7980341907656456,152.70429645334988,200.0,0.009085449783376796,1.3999135184405986e-10,12.326892723190838,8,1.0452398278501529e-11,-2.7755575615628914e-16,,0.0031124838548279854,0.6905556924474731,0.8840556806102244,0.14268661704306804,2.944362531565048e-10,0.0014378330670297146,not_checked,0.001,not_checked,not_checked,,,
circle_vm2_importance_n200,212,2026491813,True,ok,0.0050472368016372116,0.5069919626477872,0.006461478316936513,1.9288703730275065,2.3781615791984727,0.28916084677352183,0.3055884938687886,0.3045010359816952,0.36442031705754996,0.4659793057126025,151.29348675238032,200.0,0.009430370221694757,6.070699498650356e-13,12.139953723854337,9,2.312386393477084e-15,6.158268339717665e-17,,0.04501217381368905,0.7607641913431205,0.8676956175904427,0.18943895315938897,1.100008972798605e-12,0.0016266671009361744,not_checked,0.001,not_checked,not_checked,,,
circle_vm2_importance_n200,213,2026491814,True,ok,0.007523739824438325,0.6623750165557016,0.007117743175248023,3.1969831179131987,4.702788922958842,0.14275626397104563,0.1265831561574936,0.09523626627318653,0.22207325703759082,0.3131132098956258,154.33687075516724,200.0,0.008759147354032947,5.643263634169671e-12,10.988200343748364,10,-1.58371839947824e-12,1.97758476261356e-16,,-0.0937435940689344,0.6739163950926613,0.8723871585103788,0.11528004946046616,1.138267258227188e-11,0.0017113753128796816,not_checked,0.001,not_checked,not_checked,,,
circle_vm2_importance_n200,214,2026491815,True,ok,0.0054050182830227556,0.527325205150031,0.00721615169642001,2.0540391623540684,2.1936237609982867,0.26140236992384347,0.27933120177850423,0.3339340099589511,0.33925485933734123,0.43852954401685473,152.51161996024388,200.0,0.009380428736965993,1.8797186029928525e-12,13.507324272534524,9,8.245140681317764e-15,4.163336342344337e-17,,0.05398407542751693,0.6677990134415754,0.95174059967743,0.16458041718500932,3.51207951609922e-12,0.0015315001364797354,not_checked,0.001,not_checked,not_checked,,,
circle_vm2_importance_n200,215,2026491816,True,ok,0.006701009501345556,0.5665347670691059,0.007344287689202991,2.6581279845440466,3.2277644135954624,0.1937442267146037,0.19639338293812247,0.1991131133796744,0.26179280720591647,0.3490802119266534,157.05895497914875,200.0,0.009064741091395484,1.4322210084571907e-11,11.689693148763709,9,6.106226635438361e-16,-1.734723475976807e-17,,0.011137907997087915,0.7334134545916449,0.9013001896263084,0.16130555475837458,2.8427482590132058e-11,0.001973459031432867,not_checked,0.001,not_checked,not_checked,,,
circle_vm2_importance_n200,216,2026491817,True,ok,0.0031709214275814634,0.5812694637427764,0.004931954468633787,1.212848162880547,1.5827541122900426,0.45806764320593957,0.4739740648858851,0.45322025562990154,0.5303679407256868,0.6126408998577699,154.5217482125174,200.0,0.009262957596259303,2.935129916892265e-11,15.45617699855569,9,8.326672684688674e-17,-2.8189256484623115e-16,,0.0277602040760192,0.7498347149859365,0.8778108646391042,0.15555617382894227,5.962230709144478e-11,0.0017534999642521143,not_checked,0.001,not_checked,not_checked,,,
circle_vm2_importance_n200,217,2026491818,True,ok,0.00010711865394630316,0.5391810095900949,0.0009461273135191613,0.043048401533078956,0.051325993302951976,0.9743738647463152,0.974255247655726,0.974663499130978,0.9788041272406249,0.9839469961843343,151.07778571536215,200.0,0.00937152551118291,3.5383918017828364e-12,9.193378376380718,8,7.277707082808949e-17,2.1754516590921646e-16,,-0.00010046997727884699,0.8082287969557259,0.8426305964507178,0.18956976734184403,6.735723090400825e-12,0.0013911249116063118,not_checked,0.001,not_checked,not_checked,,,
circle_vm2_importance_n200,218,2026491819,True,ok,0.01303989018720908,0.5652043579419894,0.011189653961075257,5.129222344138287,5.071603143955734,0.04826552394202775,0.050693187079349306,0.0791982107483754,0.0736833782754778,0.12807240625395652,157.60558345441834,200.0,0.009248312022031586,1.3391510123028638e-11,12.718030449585502,9,2.2578813818618926e-13,-2.3765711620882257e-16,,0.043366865372672425,0.6890318596685521,1.0152654726982666,0.14848515297544052,2.655542452600912e-11,0.0017675412818789482,not_checked,0.001,not_checked,not_checked,,,
circle_vm2_importance_n200,219,2026491820,True,ok,0.0028706252671200083,0.4706651037063554,0.005119469392503089,1.1183838495681646,1.2460102192072784,0.5045602912814573,0.5136064153546178,0.5363302821707613,0.5631974209522004,0.6534267843426205,148.23418203321864,200.0,0.009636307763828334,7.116529587847253e-14,9.296578405489797,9,3.2959746043559335e-17,7.502679033599691e-17,,0.014933128639919357,0.7676924622457313,0.9151241074927947,0.20897934847350613,1.219024881038422e-13,0.0015254579484462738,not_checked,0.001,not_checked,not_checked,,,
circle_vm2_importance_n200,220,2026491821,True,ok,0.006700001738203953,0.5758407112076649,0.007563129182591614,2.7233039588821675,3.026578272832952,0.20861915697025746,0.20340810530628234,0.22018456854535115,0.26184557755210647,0.35370722294948126,155.11723764711766,200.0,0.009333718941349258,2.2569057733790032e-11,10.11817218290341,9,-1.740795008142726e-15,4.5102810375396984e-17,,-0.02165163180029306,0.810693291742488,0.8998158477718102,0.17146433348801854,4.5504044976496516e-11,0.0015519987791776657,not_checked,0.001,not_checked,not_checked,,,
circle_vm2_importance_n200,221,2026491822,True,ok,0.0039370247195036345,0.6117721090146586,0.005404799147647219,1.6267665886212834,2.2199665259863366,0.35735343428728805,0.3454319798311716,0.32956447695193153,0.45502407747639695,0.5468173725921686,153.32400639085873,200.0,0.008829514588813602,1.20536136627436e-10,10.283167502120957,9,-4.2413988987632933e-16,2.723515857283587e-16,,-0.025978350409914808,0.7290740635001912,0.8021556214978597,0.14227493875087943,2.569326973400621e-10,0.0017328332178294659,not_checked,0.001,not_checked,not_checked,,,
circle_vm2_importance_n200,222,2026491823,True,ok,0.005652611896608706,0.6463123441335961,0.006787150134453562,2.3926772107627996,2.757230857595513,0.2491570468373166,0.22984676420628283,0.25192712273350615,0.3228645545958724,0.4110246918673469,157.290471204609,200.0,0.008840395856799969,6.155076448521868e-13,10.26058828758608,10,-1.569057384021022e-13,1.6479873021779667e-17,,-0.06581622605965864,0.742539262281741,0.8864310325856539,0.13544913856328253,1.2219114609024473e-12,0.0016663330607116222,not_checked,0.001,not_checked,not_checked,,,
circle_vm2_importance_n200,223,2026491824,True,ok,0.011210285732301317,0.6133710153764473,0.008805225790654101,4.523156987183846,6.734590457848127,0.052057709897346344,0.05074732607645535,0.0344827793469859,0.10623972874771427,0.18551828207627402,150.27287317661145,200.0,0.009038897188165038,1.2972589669146828e-10,12.866043350112191,9,-1.201296007113939e-13,-3.8163916471489756e-17,,-0.01952134713165954,0.6715189052451642,0.8411496543437775,0.13947483249980352,2.766640250229102e-10,0.0017653340473771095,not_checked,0.001,not_checked,not_checked,,,
circle_vm2_importance_n200,224,2026491825,True,ok,0.0008761717036100958,0.5577363648275497,0.0027780102611809736,0.3572913325530388,0.40459219073335945,0.8079835303182505,0.8046386737181319,0.8168530257347641,0.839260324852688,0.8765112273205543,150.43371623969898,200.0,0.009388685331680571,5.675304670660353e-11,8.855107812607956,8,-5.3948628333730375e-12,-1.74122868901172e-16,,-0.003411325554500244,0.7421400154798444,0.9091703921881118,0.1723848625241286,1.0576028941500226e-10,0.0014237090945243835,not_checked,0.001,not_checked,not_checked,,,
circle_vm2_importance_n200,225,2026491826,True,ok,0.0059333730904505,0.617199339900699,0.006904307436473123,2.3766400542058386,3.088791072926654,0.20551799968027595,0.20506794598476252,0.21344084944839897,0.3052345998853356,0.4027097455492942,153.2920982774018,200.0,0.00883918593911661,1.5372847439465431e-10,13.356793902114992,9,-3.7556763254897874e-16,-2.0296264668928643e-16,,-0.0016454090128192878,0.7178551619450326,0.7824455001257427,0.13703938633678303,3.299545081603128e-10,0.001488375011831522,not_checked,0.001,not_checked,not_checked,,,
circle_vm2_importance_n200,226,2026491827,True,ok,0.0020121084014548263,0.6359099634505085,0.003859544635058636,0.8226898453887281,1.122296352376535,0.6043494470705022,0.5976476281806276,0.5705535915740196,0.6686987091636554,0.7362340289435583,152.18227629625676,200.0,0.00926681688784285,8.881784197001252e-16,12.229010100587402,10,2.5500435096859064e-16,1.8344700758454735e-16,,-0.008923242403398812,0.7191460872204536,0.8854910543413144,0.14111840828301359,1.9984014443252818e-15,0.002191206905990839,not_checked,0.001,not_checked,not_checked,,,
circle_vm2_importance_n200,227,2026491828,True,ok,0.0004994180160364792,0.5492052628666613,0.002050895127762642,0.19705220179699176,0.2364154938532692,0.885457606770309,0.8869226966623678,0.8885114479171676,0.9049427443390407,0.9273981839240092,150.9201968111084,200.0,0.00941399243527108,5.968003868872529e-12,11.000233808696816,8,3.123317576791962e-13,1.616545439175887e-16,,0.0013575023087999544,0.7868669685460759,0.8566633186002836,0.17698218907841984,1.1534329047435676e-11,0.0013762079179286957,not_checked,0.001,not_checked,not_checked,,,
circle_vm2_importance_n200,228,2026491829,True,ok,0.001062384214397749,0.528331764862723,0.002995105169909483,0.4180486663967544,0.49532093806847466,0.764211106396427,0.7675553584860981,0.7806249446287545,0.8085790404668867,0.8487280052789362,154.38530851064212,200.0,0.00901719927397987,4.871525405292232e-11,10.436321110492253,8,4.748914803065496e-12,-1.8908485888147197e-16,,0.003452509681172611,0.713521874152976,0.8737720679630381,0.17473263485807,9.787393118187993e-11,0.001422459026798606,not_checked,0.001,not_checked,not_checked,,,
circle_vm2_importance_n200,229,2026491830,True,ok,0.001173100288138551,0.5354040621977576,0.0032342941627873088,0.47747383694473233,0.5396470509113236,0.7553759136858316,0.75166850175172,0.7635142232730375,0.7908712780619385,0.840713109643389,147.90279142649405,200.0,0.009625279418416044,9.028033876035124e-11,8.204329544264738,8,-8.816796251420733e-12,1.2620113287731272e-16,,-0.004116860844655956,0.7684134036921052,0.90931522847511,0.18649665244543703,1.6195156327114546e-10,0.0015765831340104342,not_checked,0.001,not_checked,not_checked,,,
circle_vm2_importance_n200,230,2026491831,True,ok,0.0025824278047299476,0.6142675664732866,0.004526626248228099,1.0352762310677155,1.2817917237592293,0.5148304897206755,0.5140685598970884,0.5268202543919134,0.5966136300527461,0.6634366653505687,158.88997338153092,200.0,0.008707888504938213,1.3503675955206518e-10,12.850098192977438,9,1.0755285551056204e-16,1.0581813203458523e-16,,-0.0011525545878682264,0.7435848060714025,0.8133317607755415,0.14250782514119115,2.8835134280313923e-10,0.001618542242795229,not_checked,0.001,not_checked,not_checked,,,
circle_vm2_importance_n200,231,2026491832,True,ok,0.00249408202395629,0.5892025482145178,0.004488381649261088,0.961794966314313,1.2063590109071174,0.5343051993341796,0.5464618375483224,0.5470694576047699,0.6072489715067666,0.6770534035241724,156.37221343523007,200.0,0.009028697174304764,4.2829184643267126e-11,15.071486855547967,9,2.1206994493816467e-16,2.875304161431558e-16,,0.01791892163410147,0.7382207531484666,0.8564505562464271,0.15086608863459816,8.7981177898655e-11,0.001728374743834138,not_checked,0.001,not_checked,not_checked,,,
circle_vm2_importance_n200,232,2026491833,True,ok,9.67839418755112e-05,0.5973051375846021,0.0009240975791348702,0.038516579080422234,0.043537352626765655,0.9781560131665556,0.9782659514074659,0.978466551363932,0.9808293512960989,0.9856148423398958,149.7110661461085,200.0,0.009943198827907713,6.164346810777488e-11,12.433279333224014,8,2.859583229930518e-16,1.0958573458397236e-16,,9.849883489112393e-05,0.8631428143020909,0.8899073572544989,0.1725289955059286,1.3003731424987564e-10,0.0014497488737106323,not_checked,0.001,not_checked,not_checked,,,
circle_vm2_importance_n200,233,2026491834,True,ok,0.0014638498471248873,0.5781946126477002,0.0034790573966385747,0.5757465181445679,0.7202343926034175,0.6895783770373263,0.69387669787771,0.6975945657769215,0.7461937683382713,0.7996273769974303,152.75435456391017,200.0,0.009121860763351851,2.5327517860773696e-11,12.63940135043384,9,1.3986208025063007e-16,1.1709383462843448e-16,,0.004896710352693512,0.7366627841483282,0.8415886153760025,0.15392675033370584,5.1182613702849267e-11,0.0018709159921854734,not_checked,0.001,not_checked,not_checked,,,
circle_vm2_importance_n200,234,2026491835,True,ok,0.0014361529450304111,0.6509554949199927,0.0034236493754995784,0.5823820668177088,0.7393465451003735,0.6870223455658495,0.6834819124861151,0.6909600493759482,0.7503386890347672,0.7996381071763763,155.6909523222013,200.0,0.008818661538131847,1.1102230246251565e-15,13.793682173146344,10,-1.7694179454963432e-16,-1.481020167615199e-16,,-0.003960444402772156,0.6654068813394364,0.8767155994725694,0.11611052091307397,2.6645352591003757e-15,0.0018245831597596407,not_checked,0.001,not_checked,not_checked,,,
circle_vm2_importance_n200,235,2026491836,True,ok,0.004702818096070871,0.555461815141713,0.006428647775805908,1.7892542076168396,2.0361457747223803,0.30447622712754374,0.3226193658080465,0.36129051725219963,0.3904077320379786,0.48016264665609154,155.99803570729082,200.0,0.009044692994230441,8.211653579337508e-12,14.715494485790394,9,4.7531423241764514e-15,-1.3617579286417936e-16,,0.045936515405754386,0.7061359323060288,0.8796006769577528,0.16433358344652219,1.603739363531531e-11,0.001810374902561307,not_checked,0.001,not_checked,not_checked,,,
circle_vm2_importance_n200,236,2026491837,True,ok,0.001059306133542437,0.6080677475595213,0.00292500286012054,0.43432380351144806,0.538178475190297,0.7639563908449667,0.7588282224912732,0.764075068384195,0.8090769680501908,0.8495815575219402,153.88501096762988,200.0,0.00899507789079634,1.0229950220264072e-10,10.555521083394504,9,-5.876375774871434e-17,-6.331740687315346e-17,,-0.005300675047236636,0.7493145877360838,0.8260491612564018,0.14934088041274973,2.1624768642425352e-10,0.0018832501955330372,not_checked,0.001,not_checked,not_checked,,,
circle_vm2_importance_n200,237,2026491838,True,ok,0.007242274169990459,0.6027750292387006,0.007896740626048459,2.9798395409445257,3.551400426937984,0.14725231386135534,0.13944002915910753,0.16936481644443793,0.23493301829503604,0.3331404434323048,151.7743045989344,200.0,0.00885881699024201,8.00378652243694e-11,10.41064755388964,9,-2.1697921237517903e-14,2.194425197110661e-16,,-0.041464936474171044,0.6733419904646221,0.8392834862559502,0.13528745483012716,1.6863976881609233e-10,0.0016269159968942404,not_checked,0.001,not_checked,not_checked,,,
circle_vm2_importance_n200,238,2026491839,True,ok,0.007352553105480331,0.7005863728730399,0.006986000900897677,3.201109720127582,4.597325224238047,0.1710442327881509,0.14673162114586275,0.10039301838714551,0.22980811035304763,0.3215578169199511,154.31074081306352,200.0,0.009161533477273696,4.9934056889355816e-11,11.366083972459249,10,-1.6881078132580107e-11,1.1275702593849246e-16,,-0.130044238967725,0.6722081151977217,0.9967698206594747,0.1055564753976817,1.0415956985809771e-10,0.002292626304551959,not_checked,0.001,not_checked,not_checked,,,
circle_vm2_importance_n200,239,2026491840,True,ok,0.002033061194912422,0.5851424689865075,0.003750588034317327,0.7997240777221681,1.1990549838724576,0.5894662314215315,0.5946433761022865,0.5490710152921277,0.6659023512191913,0.7327531778922259,152.94491048248906,200.0,0.009046828907372963,3.5312863744252354e-11,13.017773770190008,9,-3.0140820395097023e-16,-2.975050761300224e-16,,0.006750200121400374,0.6521226329359419,0.9012899837448083,0.13893811738689033,7.2153172325784e-11,0.0016664161812514067,not_checked,0.001,not_checked,not_checked,,,
circle_vm2_importance_n200,240,2026491841,True,ok,0.000785561762989051,0.6239057713458762,0.002610416495636167,0.31233755677572833,0.36843016500654674,0.8151670027584992,0.8161675806161555,0.8317568882329186,0.8546080359906261,0.885001584713505,155.51398896280628,200.0,0.008867234216983115,1.5331957925468487e-11,14.013610379416594,9,6.567329145779066e-13,5.984795992119984e-17,,0.0009435742099460354,0.6940509889597325,0.8506833086921453,0.12974094297197591,3.3791192066701115e-11,0.0017372490838170052,not_checked,0.001,not_checked,not_checked,,,
circle_vm2_importance_n200,241,2026491842,True,ok,0.0011167629805077794,0.5753119300440892,0.003058506518334895,0.44586980969718426,0.5255773539073506,0.7591223327634544,0.759513554536982,0.7689043673569655,0.7998327816487943,0.8411193712467839,154.93143348255407,200.0,0.009106560167477639,2.8945956742632006e-11,11.20130942109339,8,3.986290464386144e-13,-1.691355389077387e-16,,0.00041769125296375886,0.7580697926895336,0.8659119434788675,0.16034745508199583,5.864264629451554e-11,0.0016552088782191277,not_checked,0.001,not_checked,not_checked,,,
circle_vm2_importance_n200,242,2026491843,True,ok,0.002316850463147002,0.6370106998641054,0.004150051160216556,0.887294823024506,1.215521208413605,0.5670402782890822,0.5808752633482817,0.5445690101658827,0.6291597420320552,0.6981778453199456,155.07320030655612,200.0,0.00936962382330424,7.771561172376096e-16,18.85261795763677,10,2.233456475320139e-16,-1.5612511283791264e-17,,0.019722681117147423,0.7283932600166594,0.9125545926763655,0.134524227674515,1.9984014443252818e-15,0.0014750000555068254,not_checked,0.001,not_checked,not_checked,,,
circle_vm2_importance_n200,243,2026491844,True,ok,0.0034395753799210116,0.6650621027342813,0.0053062656098551144,1.3753301118342924,1.7356847944808613,0.3964539639300433,0.3965869033149453,0.41985645613016775,0.5026229079687758,0.586828614537503,154.9675210831651,200.0,0.008838429309127283,4.510281037539698e-16,16.379408790912066,10,-2.458970527197124e-16,-1.0104764247564901e-16,,0.00025002006705610036,0.6620480070543378,0.8301145782079917,0.11299496169569875,6.661338147750939e-16,0.0014673329424113035,not_checked,0.001,not_checked,not_checked,,,
circle_vm2_importance_n200,244,2026491845,True,ok,0.003828085454478325,0.6187588094909409,0.005496401876092098,1.6085165277896243,1.9960946345927544,0.4123554987945647,0.39434564807984046,0.36859849480655693,0.46504686622369673,0.5614252987417319,150.8003306794002,200.0,0.009657375934924375,1.6368051358739422e-10,9.341840899254478,9,-4.794775687599895e-15,8.023096076392733e-17,,-0.038641172999147155,0.8041570726291195,0.9267736184114346,0.1523507809485923,3.543543236617097e-10,0.0013522091321647167,not_checked,0.001,not_checked,not_checked,,,
circle_vm2_importance_n200,245,2026491846,True,ok,0.003748080487774752,0.49751557711012584,0.005837319372529484,1.4630410866493722,1.5925294452408971,0.4176974983100413,0.42656919011897965,0.45101047092496416,0.4725479302289747,0.567024705971789,151.37145664607138,200.0,0.009607925161864745,3.539391002504999e-13,10.078576385021837,9,7.546047120499111e-17,2.6020852139652106e-17,,0.01809555423026432,0.7651112290512052,0.958339592103435,0.1908273288906619,6.308287225920139e-13,0.001336415996775031,not_checked,0.001,not_checked,not_checked,,,
circle_vm2_importance_n200,246,2026491847,True,ok,0.0035374178081049035,0.5862006801888489,0.00524151433893662,1.4230109437979954,1.7764611934321297,0.4111591622241896,0.4090870326843188,0.41138301160719426,0.4928829477539727,0.5724929533172357,157.67287962641927,200.0,0.008825431714751709,3.711031482112048e-11,11.218490088879557,9,7.979727989493313e-17,1.0408340855860843e-16,,-0.004021910278017016,0.7907936919705394,0.8012676537039887,0.16212097994485977,7.599321172335749e-11,0.001421499066054821,not_checked,0.001,not_checked,not_checked,,,
circle_vm2_importance_n200,247,2026491848,True,ok,0.0036304539905713806,0.6258009475701307,0.005334575335094813,1.5174910821177408,1.9171225209642913,0.40504019433371785,0.3889125962068354,0.3834441655800519,0.4837965566586113,0.5754983571274674,152.19003103923134,200.0,0.009167043033005765,1.1102230246251565e-14,10.056045045502582,10,-1.7698516263653374e-15,3.7383290907300193e-16,,-0.03265474294459425,0.7732004167059836,0.8342411429586999,0.14391363005527888,2.220446049250313e-14,0.001467457739636302,not_checked,0.001,not_checked,not_checked,,,
circle_vm2_importance_n200,248,2026491849,True,ok,0.003943466040545962,0.6257453594896691,0.00543280146404239,1.6052360138053072,2.188530859629126,0.3717837448582354,0.3653575542076941,0.3347854400494989,0.4544382636658959,0.5522232893280303,150.57890666216454,200.0,0.009324985838743817,7.771561172376096e-16,12.213308388984645,10,-8.153200337090993e-17,5.377642775528102e-17,,-0.013924798793461202,0.7293174089910625,0.8679402656197865,0.14247800535861363,1.5543122344752192e-15,0.0014667077921330929,not_checked,0.001,not_checked,not_checked,,,
circle_vm2_importance_n200,249,2026491850,True,ok,0.0014191662553728612,0.579474941550691,0.00367292165792059,0.5694897036822626,0.58622925061022,0.7209602713288138,0.7202040533760643,0.7459366325825157,0.7528921782012956,0.8062162628558776,151.7815516342794,200.0,0.009689692590201287,8.190326195034459e-11,10.981017310784578,8,-2.3502786088841487e-12,-1.0321604682062002e-16,,-0.0009116007665590509,0.7650306441572614,0.9812840120401826,0.16045787306176304,1.6575540939811617e-10,0.0012190411798655987,not_checked,0.001,not_checked,not_checked,,,
circle_vm2_importance_n200,250,2026491851,True,ok,0.005380234257117866,0.6242208180837541,0.006743125593746786,2.190084553599413,2.4765901296539683,0.2670743275013976,0.2609365892740061,0.2898780201014527,0.3409406542085001,0.4269216394040716,158.20032292171075,200.0,0.008950071916404262,1.2323475573339238e-14,12.24593460578997,10,-1.2698175844150228e-15,2.220446049250313e-16,,-0.0189954253761333,0.7468895204645556,0.8851916728199052,0.14022733537057702,2.55351295663786e-14,0.0014457502402365208,not_checked,0.001,not_checked,not_checked,,,
circle_vm2_importance_n200,251,2026491852,True,ok,0.0026743669130830927,0.6063036957723811,0.0044489558329001925,1.063103737091244,1.4690388191594446,0.4818603345783652,0.4840491799849417,0.47973596008882546,0.5857434507527508,0.6578761516998648,156.57484491934503,200.0,0.008510710582987652,9.332934425287931e-11,13.209391993892908,9,-9.540979117872439e-17,-1.5092094240998222e-16,,0.0033215140709965674,0.7001969368542762,0.765943243131772,0.14056516103323055,1.9910872950390512e-10,0.0013457920867949724,not_checked,0.001,not_checked,not_checked,,,
circle_vm2_importance_n200,252,2026491853,True,ok,0.00868492335458737,0.5877362777930977,0.008429451452584216,3.6517756801611636,4.19641492515665,0.13340100628982277,0.1203577507490115,0.12267613283866645,0.17605045112229498,0.264361041659473,153.18955317875478,200.0,0.009375135248368822,3.990063834891089e-11,8.243272932323904,9,-3.7626846083327337e-13,1.214306433183765e-17,,-0.0889031691631077,0.8086975423470864,0.9158467802607403,0.16589563355785622,8.191580747052285e-11,0.001331500243395567,not_checked,0.001,not_checked,not_checked,,,
circle_vm2_importance_n200,253,2026491854,True,ok,0.0034138480217655864,0.5037424390368404,0.005068016709604874,1.3768945470896887,1.7827299094796127,0.4510717438438957,0.4481016338226712,0.4100956086088664,0.5052158050011577,0.5983277333258237,150.4509347929494,200.0,0.00960506275598708,5.053735208093713e-13,7.911838117227587,9,1.0495077029659683e-16,9.71445146547012e-17,,-0.005677669191727075,0.7723382860248278,0.9483101770924864,0.19741838284853233,9.094947017729282e-13,0.0013271260540932417,not_checked,0.001,not_checked,not_checked,,,
circle_vm2_importance_n200,254,2026491855,True,ok,0.002161373872388017,0.5671290298649954,0.004226046470779419,0.8857907592083198,1.0884544298830146,0.5974860599776401,0.5899742299522275,0.5802900495907231,0.6490310150235519,0.7257707824590701,148.29504730514685,200.0,0.009633014120407657,1.4735324072034928e-11,8.898266861698058,9,7.19910242530375e-17,1.3097162243624894e-16,,-0.010620605126556493,0.8136999244209622,0.8655522946321439,0.1762476529001136,2.930389264577116e-11,0.0013338332064449787,not_checked,0.001,not_checked,not_checked,,,
circle_vm2_importance_n200,255,2026491856,True,ok,0.0005166601030803797,0.5479794541139922,0.0020475936274908,0.20366725699779625,0.2546369363303976,0.8807909087288779,0.8824135577992978,0.8804532316185483,0.9018274984466963,0.9246394800325168,151.6497370157989,200.0,0.009310550096733736,5.600298003116677e-12,11.021115629543855,8,4.114817210923438e-13,3.0227556568895864e-16,,0.0014983921171778103,0.7834104997799632,0.8458183208152293,0.17542596568768645,1.1026735080577055e-11,0.0012227909173816442,not_checked,0.001,not_checked,not_checked,,,
circle_vm2_importance_n200,256,2026491857,True,ok,0.0005200566209426771,0.586015605994815,0.001904939368653713,0.2044109933623179,0.2958479025199434,0.8755253400072942,0.8775472271206151,0.8624967042356579,0.901215091833809,0.9221799992464044,155.78082129714096,200.0,0.008924405299814416,3.68066688238855e-11,12.96764309339898,8,9.040658846548588e-13,1.1557595158695477e-16,,0.0018058275073764701,0.6875709609565426,0.8894284562252115,0.1426159093938759,7.53110906970278e-11,0.0012138339225202799,not_checked,0.001,not_checked,not_checked,,,
circle_vm2_importance_n200,257,2026491858,True,ok,0.0012660502346597546,0.5754720023281363,0.0030159370658338616,0.49271196772573705,0.6982173417104613,0.7275629542572287,0.7338463265820117,0.7053164787601821,0.7763048042549734,0.8232863278956954,153.58887503775236,200.0,0.009163529792382061,2.2204793559410518e-11,13.373883300889151,9,2.2768245622195593e-17,1.0213184464813452e-16,,0.0068540630690824,0.7025875481799831,0.8999075738723155,0.14775572721544988,4.4675596555521224e-11,0.0013345410116016865,not_checked,0.001,not_checked,not_checked,,,
circle_vm2_importance_n200,258,2026491859,True,ok,0.0005678145908660781,0.5567298269990293,0.0021124778085209435,0.230009194969004,0.301444645765963,0.8730699086089163,0.871568101430838,0.8600864918414111,0.8926480308608604,0.9187769841802174,149.1892947324509,200.0,0.009592778299341817,8.756662062125997e-12,9.276608400832723,8,-4.358675963558878e-13,-1.5699247457590104e-16,,-0.001441679311286373,0.7098031117159433,0.984310099622602,0.1558092745233643,1.7137402608113916e-11,0.0012206670362502337,not_checked,0.001,not_checked,not_checked,,,
circle_vm2_importance_n200,259,2026491860,True,ok,0.013718076472150731,0.6557060346291192,0.010263614438148147,5.744577649624464,7.676860878708542,0.024893305923267058,0.02093475415885821,0.021527363344718012,0.0643373275482666,0.12329710209132562,152.58395564759715,200.0,0.008743967220191563,9.091216668366542e-11,12.30442402318287,10,-2.3543379051860214e-11,6.938893903907228e-18,,-0.12867353038208584,0.7351475994800442,0.7505681008078722,0.12637475739062126,1.8450729832864e-10,0.0014341240748763084,not_checked,0.001,not_checked,not_checked,,,
circle_vm2_importance_n200,260,2026491861,True,ok,0.021184716836669226,0.5074021765443304,0.013306845358362532,7.640406801369612,9.612523558832333,0.0052405863705267935,0.008735252689962295,0.008178375195811627,0.014451697932697466,0.037372355675513544,155.15071672998903,200.0,0.009328143220306484,6.235012506294879e-13,18.97910432494375,10,1.6653345369377348e-16,-2.3592239273284576e-16,,0.41673996664903923,0.7228229869027776,0.8785805706871388,0.18199575463178091,1.1293188606487092e-12,0.0014425418339669704,not_checked,0.001,not_checked,not_checked,,,
circle_vm2_importance_n200,261,2026491862,True,ok,0.0002352593160874772,0.593174998770756,0.001451993168053675,0.09491661303647507,0.10476547746853168,0.9476131644844208,0.9471728171822722,0.948965591438211,0.954037916831287,0.9654186815094935,149.5940967279509,200.0,0.009911906876068832,5.100631028653879e-11,11.08365790748567,8,-1.2268398102976974e-14,2.1898173378775976e-16,,-0.0004064433007420973,0.8355202069327456,0.915090521507367,0.17020507686001035,1.0664491512102359e-10,0.001217374810948968,not_checked,0.001,not_checked,not_checked,,,
circle_vm2_importance_n200,262,2026491863,True,ok,0.0052647296461159065,0.5934871739703689,0.006082927130070842,2.198057318592418,3.051485021005824,0.27504492058672236,0.2600526198013857,0.21745953091963222,0.3489083742469537,0.4434966917902574,154.43621823642,200.0,0.009074833917508109,5.236244771111842e-11,8.781322787330529,9,-1.0015425988552096e-14,-1.6306400674181987e-16,,-0.04608273007302777,0.6946697286511663,0.9434407967393829,0.14017909024241731,1.0826139984487781e-10,0.0013270829804241657,not_checked,0.001,not_checked,not_checked,,,
circle_vm2_importance_n200,263,2026491864,True,ok,0.007519080314378757,0.5613151042994957,0.007958666854401537,2.891854667578481,3.668128535674682,0.14772932806505612,0.15901158826882555,0.15976292715548454,0.22228030401137813,0.32306737311176387,150.2702916823978,200.0,0.009293227987451982,1.1039391623057782e-11,14.264704071799741,9,2.9982960558783134e-14,3.8163916471489756e-17,,0.05788872908651088,0.7669607001622806,0.8057823204248155,0.17316793774815864,2.174016522360489e-11,0.0013338748831301928,not_checked,0.001,not_checked,not_checked,,,
circle_vm2_importance_n200,264,2026491865,True,ok,0.0008960056882028056,0.5544686637771863,0.00289941856106466,0.35174951949947453,0.38136848651927924,0.7997844453335906,0.8031042293186028,0.8263934862723364,0.8359377439409343,0.8728973793872574,151.71475050482206,200.0,0.009318924919072463,4.787292784413921e-11,11.653694707413312,8,4.679069848592676e-12,2.8210940528072825e-16,,0.0033263778908238506,0.6929602977001575,0.9262592731299981,0.15864467502169946,9.786460530847307e-11,0.0012224582023918629,not_checked,0.001,not_checked,not_checked,,,
circle_vm2_importance_n200,265,2026491866,True,ok,0.0027025293683509144,0.5683640146706714,0.004500288727268735,1.1063338352841772,1.503646851059799,0.5096421081226403,0.5016745647350336,0.4715060123134015,0.5824535299292162,0.6665735804975526,150.0833818351464,200.0,0.009242693345987612,1.5667245278905284e-11,9.052192336274262,9,-1.1102230246251565e-16,-1.2967057982926633e-16,,-0.012661043971905706,0.7179940574768665,0.8920185797963731,0.1548302130172754,3.120570468695405e-11,0.0013231660705059767,not_checked,0.001,not_checked,not_checked,,,
circle_vm2_importance_n200,266,2026491867,True,ok,0.010502285727548966,0.5157506390054152,0.009381847606511538,3.9122981546749096,4.8208458171692605,0.07608197525834029,0.09080579165488176,0.08977731894381759,0.12240046064030687,0.20069861524422936,152.91441925076944,200.0,0.009417984852673056,4.509392859119998e-12,15.168905604276961,9,1.6290892246306754e-12,-1.8561541192951836e-16,,0.14430806817233832,0.7953453073826394,0.8353385815585558,0.19206183829974505,9.905631870310572e-12,0.001337708905339241,not_checked,0.001,not_checked,not_checked,,,
circle_vm2_importance_n200,267,2026491868,True,ok,0.008513654724996655,0.5291910249574348,0.00840100058455408,3.220182359755876,3.9035780773745996,0.11997300325113433,0.13457781933855195,0.14201976531795105,0.18218530600894528,0.2630795187534791,156.84203587777398,200.0,0.009065852810793619,2.0747847884194925e-12,14.264155824150677,9,1.724627385346622e-13,-2.3071822230491534e-16,,0.09263976512139305,0.7286742321721933,0.876877218454382,0.17913866403594722,3.893996236570274e-12,0.0013354578986763954,not_checked,0.001,not_checked,not_checked,,,
circle_vm2_importance_n200,268,2026491869,True,ok,0.0002895595949850005,0.5050538658842294,0.0016373185181264517,0.11681927537461967,0.12552818791000805,0.9356679621235477,0.9351334375481328,0.9391650022594231,0.9437330687312993,0.9582838408005665,147.1588608094227,200.0,0.009888990353736755,5.447864381835643e-13,7.814341000498815,8,-1.2084517414523432e-14,3.645087703896266e-16,,-0.0004977186903097341,0.8146630400448523,0.9309380321040244,0.20672034915705614,9.832135106080386e-13,0.001215873984619975,not_checked,0.001,not_checked,not_checked,,,
circle_vm2_importance_n200,269,2026491870,True,ok,7.494893487103305e-05,0.59797344124664,0.0007752072631731024,0.029766611126772164,0.037201829696434006,0.9804984876884357,0.9806356668451361,0.9815710145036158,0.9851220006280879,0.9883184046457736,156.77822859321557,200.0,0.008726182119358786,6.425682208544004e-11,12.625019186530746,8,1.0701075442431929e-16,-7.83336069620777e-17,,0.00010648141082052719,0.7239507822772869,0.8001944606420546,0.15548347312127364,1.3425438538661183e-10,0.0012125000357627869,not_checked,0.001,not_checked,not_checked,,,
circle_vm2_importance_n200,270,2026491871,True,ok,0.00019792312376387677,0.5692024433101261,0.001221235173850392,0.07889788478606771,0.10608525287562569,0.9522041749741252,0.9523639905588356,0.9483395872822704,0.961188610200289,0.97021128706646,152.79371561704286,200.0,0.009316612567440243,1.6338153052686266e-11,11.00590571128836,8,7.470695069511368e-16,-2.347297703431117e-16,,0.00013568235974149856,0.6927606777569011,0.9424414810524346,0.157504203835552,3.256417357988539e-11,0.0012246670667082071,not_checked,0.001,not_checked,not_checked,,,
circle_vm2_importance_n200,271,2026491872,True,ok,0.00019094859641999307,0.60758724970458,0.0012223204470383556,0.07723098557654931,0.10035189656174948,0.954269767514319,0.9537719935698612,0.9510620720418761,0.9625303130059211,0.9712375443213582,152.83800095537757,200.0,0.009310846045796342,9.994938210411419e-11,11.576265713540389,8,-1.4208089999662166e-14,1.4625887306829455e-16,,-0.0004257735042760419,0.7167613984058375,0.9283072742540739,0.1405934723397103,2.1144197503986106e-10,0.001223958097398281,not_checked,0.001,not_checked,not_checked,,,
circle_vm2_importance_n200,272,2026491873,True,ok,0.0001764421854824061,0.601137054060696,0.0011760866242404955,0.06979068568427818,0.08977209710377934,0.9563054379352425,0.9567814802763689,0.9561064253375617,0.9653269399983271,0.9729757436192709,155.26970780015424,200.0,0.008994211766747149,7.461464779368043e-11,13.148482955978109,8,1.033185039259199e-14,-1.4034997122824855e-16,,0.0003930942543421273,0.7450331602356609,0.837279140714359,0.1504643005946391,1.560591655902499e-10,0.0012177079916000366,not_checked,0.001,not_checked,not_checked,,,
circle_vm2_importance_n200,273,2026491874,True,ok,0.0006444153221449866,0.5630878221791635,0.002161000432632692,0.26215579231395664,0.3654676631735893,0.8598933082433893,0.8576890070971985,0.8329898418172788,0.8790767548778882,0.9087952452502315,148.40656272659615,200.0,0.00981223017981815,1.795175119667647e-11,9.219517618600905,8,-1.4844900482480217e-12,-1.1416648876272362e-16,,-0.0021948317279809892,0.7004692374544804,1.037726986954234,0.15154188035114757,3.397504499957904e-11,0.0012097919825464487,not_checked,0.001,not_checked,not_checked,,,
circle_vm2_importance_n200,274,2026491875,True,ok,0.005178505850436554,0.5992618701327528,0.006305390262991664,2.1059364219078907,2.8060839843621435,0.26359193721560314,0.25781522930759704,0.24584795771854803,0.35497739411367635,0.45889323305514573,150.41746136799145,200.0,0.00913548573968876,6.840961130905043e-11,11.04172720379533,9,-5.065392549852277e-16,1.0581813203458523e-16,,-0.017267040866634442,0.7029089556670662,0.8530292954768558,0.15004704027350746,1.4275536308616665e-10,0.0013339580036699772,not_checked,0.001,not_checked,not_checked,,,
circle_vm2_importance_n200,275,2026491876,True,ok,0.014807621946186345,0.5743366463420372,0.010614271579657941,6.2882482610880395,7.657037570717125,0.03781181574913389,0.031076469188962074,0.021741796057556172,0.051739985149948736,0.10477993247559098,152.34674532078623,200.0,0.00956063978998352,5.1807891310318155e-11,7.3856819446681445,9,-1.67626103969587e-11,-1.5612511283791264e-16,,-0.18259974130675083,0.7279376898130391,1.0604340640175443,0.153512314352495,8.840927989695047e-11,0.0013290408533066511,not_checked,0.001,not_checked,not_checked,,,
circle_vm2_importance_n200,276,2026491877,True,ok,0.010143578016618582,0.5097968924101648,0.008896730909570723,3.8820271314499575,5.171133877759311,0.08133823323261163,0.09061950791656401,0.07535334674683117,0.13150431643218008,0.2248300189566634,147.1286198172497,200.0,0.009596739336047098,7.133182933216631e-13,12.443745389774527,9,1.2584551456473747e-13,2.706168622523819e-16,,0.08770203759873763,0.7430877965104086,0.872639177569811,0.18737854190175005,1.297850715786808e-12,0.0013267502654343843,not_checked,0.001,not_checked,not_checked,,,
circle_vm2_importance_n200,277,2026491878,True,ok,0.008247691436769067,0.58606587688883,0.007658538968868273,3.504609478149764,4.857670100946051,0.12715335265841948,0.11189889949802176,0.08813945080976812,0.19213860096587634,0.28507213306435325,152.1653715936932,200.0,0.009007324757136278,3.6853631257827146e-11,7.34578889856424,9,-6.707551181150961e-13,1.474514954580286e-16,,-0.10276645172106869,0.7206140176920875,0.8787814812834174,0.14778669875623937,7.54956097637205e-11,0.0013367489445954561,not_checked,0.001,not_checked,not_checked,,,
circle_vm2_importance_n200,278,2026491879,True,ok,0.0015090887852513557,0.6092394564752297,0.003449217216399722,0.6210789648496691,0.7732997315049703,0.6764925699911721,0.6688992655688746,0.6793289096072557,0.7394728163177,0.7891998636032997,156.87326019279143,200.0,0.008662842051609429,1.0746414869089449e-10,10.338426520789685,9,2.3418766925686896e-17,-2.905661822261152e-17,,-0.008721725374563394,0.7174641383408719,0.8303322668470632,0.14267198566010433,2.2840174196403495e-10,0.0013342502061277628,not_checked,0.001,not_checked,not_checked,,,
circle_vm2_importance_n200,279,2026491880,True,ok,0.003280761055118653,0.6007311811507909,0.0054352001382678514,1.3008668936283274,1.405144000231976,0.45563154040009535,0.4587537285779595,0.4953097274269198,0.5188439003870626,0.5999828746426364,155.71209175339527,200.0,0.009259803871834685,7.303679883108316e-11,13.191668629194,9,-1.3053794156725473e-16,-1.8084492237058214e-16,,0.005718764209566851,0.7317118468791076,0.9460676089905156,0.14619868038383885,1.5308465606267418e-10,0.001330873928964138,not_checked,0.001,not_checked,not_checked,,,
circle_vm2_importance_n200,280,2026491881,True,ok,0.0017115994686618397,0.5705009275004949,0.0037835042356138262,0.6661294274683014,0.8114395370322381,0.6509335900787081,0.6585329384525649,0.6664969146768365,0.7101210051124929,0.7702416933691432,152.51870000782418,200.0,0.009228582953949563,1.741817801104162e-11,13.184326664094423,9,-4.7271214720367993e-17,-3.209238430557093e-17,,0.009255179998217233,0.7724984131560292,0.8227274480656036,0.16778653657570075,3.4781955093876604e-11,0.001334457891061902,not_checked,0.001,not_checked,not_checked,,,
circle_vm2_importance_n200,281,2026491882,True,ok,0.0012820536515252279,0.5377470082075357,0.0031237845345243806,0.5090377728194119,0.6636952632075974,0.735975983284594,0.737641120874737,0.7175966535761833,0.773824070514955,0.8229039648276376,152.03402293984587,200.0,0.009461240603112861,4.1600500821914466e-11,10.120449328582149,8,2.3885899768510965e-12,3.252606517456513e-17,,0.00189184389533964,0.7522862800946429,0.9283834277397751,0.1780941052858216,8.130385253934946e-11,0.001219459343701601,not_checked,0.001,not_checked,not_checked,,,
circle_vm2_importance_n200,282,2026491883,True,ok,0.0012978886450627503,0.5365970793962911,0.0033699358510100507,0.5232480230369925,0.5901430752173243,0.747831730607242,0.7461225158758606,0.7444783273616415,0.7713772472719341,0.8242838433601817,148.88822629480464,200.0,0.009979806011261111,4.623590399432942e-11,8.922336035507422,8,-2.919944234319738e-12,0.0,,-0.002046282505946184,0.790245109513147,1.0076652954804608,0.18229494022749135,8.6529894360865e-11,0.0012165410444140434,not_checked,0.001,not_checked,not_checked,,,
circle_vm2_importance_n200,283,2026491884,True,ok,0.0018102839028166784,0.5968847208041144,0.003906587969126458,0.6983479452245194,0.842003096831438,0.6348800390778928,0.6452248382898742,0.6563890850452074,0.6962428336590814,0.7551923548954728,155.1042833943364,200.0,0.00914070073763237,6.130185248309772e-11,15.377020775783935,9,-1.496198998029996e-17,3.642919299551295e-17,,0.012882807951075992,0.7649599800680267,0.82990549522002,0.16390450903812365,1.2744738597803007e-10,0.0013342499732971191,not_checked,0.001,not_checked,not_checked,,,
circle_vm2_importance_n200,284,2026491885,True,ok,0.0037818266243054843,0.5341808385371603,0.005492930869002366,1.4646586986494694,1.8971972049774903,0.3884292745140526,0.4002690105640786,0.3872833813029779,0.469369335430171,0.5644969974457944,151.20212298834707,200.0,0.009253979322956286,2.7116087153444823e-12,12.107059090887478,9,7.762887554996212e-17,-2.0816681711721685e-17,,0.024035975536362164,0.7522194718012574,0.8490058162918831,0.17377467052456697,5.129230373768223e-12,0.0013362080790102482,not_checked,0.001,not_checked,not_checked,,,
circle_vm2_importance_n200,285,2026491886,True,ok,0.00586612762444938,0.45045081720370517,0.007136939187875132,2.2607775950305005,2.5906106957511654,0.248279112371476,0.26122245595470284,0.2738142429678979,0.3093674577674414,0.4119393862508871,151.18645859489803,200.0,0.009496088194949109,1.9761969838327786e-14,9.57254685891068,9,1.0408340855860843e-15,3.4867941867133823e-16,,0.04283672737462574,0.7970554731187285,0.8879018524870261,0.22035356746587142,3.26405569239796e-14,0.0013397077564150095,not_checked,0.001,not_checked,not_checked,,,
circle_vm2_importance_n200,286,2026491887,True,ok,0.0016335572306949153,0.6076641211270071,0.0038083456425549913,0.6339680192431134,0.7436260611848797,0.6530489951861773,0.6613696403186544,0.6894831427283682,0.7212918445475787,0.7758520121964066,155.36246796208587,200.0,0.008936599949965316,1.0046108389616393e-10,15.44341697290653,9,-2.239961688355052e-16,-1.8951853975046618e-16,,0.009727436517426358,0.6647416566693647,0.8806668922130904,0.13275115274339366,2.122042541685687e-10,0.0013302499428391457,not_checked,0.001,not_checked,not_checked,,,
circle_vm2_importance_n200,287,2026491888,True,ok,0.010875905286338972,0.5291693689196284,0.00914262902869653,4.031028734950892,5.298686797053327,0.06028051809001568,0.07407112578359318,0.0706976179841215,0.11358758595088472,0.179246504642283,158.05519212780484,200.0,0.008839408749522258,9.005907131154345e-12,16.3888617635671,9,3.441052998098826e-12,5.204170427930421e-18,,0.15966668979234822,0.7478366531306547,0.8006611882687253,0.17673422837567707,2.0490498187086814e-11,0.00133033306337893,not_checked,0.001,not_checked,not_checked,,,
circle_vm2_importance_n200,288,2026491889,True,ok,0.003818082001580736,0.5691020195723946,0.005579660386724398,1.476298461483061,1.8703016732313293,0.3733943224756713,0.38586436447316375,0.39252665367397427,0.4659782124651475,0.5573382174492445,153.10907687056056,200.0,0.00903844651426586,1.6229462218575463e-11,13.886814532097949,9,3.226585665316861e-16,6.201636426617085e-17,,0.0254671695746167,0.7586296374767081,0.7918518655534027,0.16275794824062959,3.239830626000639e-11,0.0013384998310357332,not_checked,0.001,not_checked,not_checked,,,
circle_vm2_importance_n200,289,2026491890,True,ok,0.00042172890018177256,0.5770171811080025,0.0018547468775343833,0.16939757904919617,0.21191970631943138,0.9046782046762709,0.9042990949269378,0.8994607578584601,0.9191133900809947,0.938909995461282,149.46961381988336,200.0,0.00966059921724809,2.3843371721454787e-11,10.729393195262654,8,-2.5128499541587912e-14,-5.1228552649940085e-17,,-0.0003530094882435719,0.7564589434901233,0.93662499576215,0.16226295559947354,4.826472554952943e-11,0.0012252919841557741,not_checked,0.001,not_checked,not_checked,,,
circle_vm2_importance_n200,290,2026491891,True,ok,0.0005813009028332594,0.6038055488237768,0.0021788547373424658,0.22792729559850597,0.2825351280283377,0.8689508985557641,0.8713652894860255,0.8682569662961876,0.8902435690865543,0.9155091691611147,151.85749586711282,200.0,0.009521057867486743,8.390976802274963e-11,14.11937305141755,8,2.0755367910463285e-12,-5.854691731421724e-18,,0.0022965327673988983,0.8051122434606703,0.850792119684231,0.15824203640222592,1.7704215871106044e-10,0.0012205829843878746,not_checked,0.001,not_checked,not_checked,,,
circle_vm2_importance_n200,291,2026491892,True,ok,0.006050616720201463,0.5457141292609371,0.006522192252404472,2.3140313276215223,3.2846055647802386,0.22772342533341183,0.24285351281959228,0.19353386239024603,0.2981605008408949,0.3909820173281753,155.20627978418483,200.0,0.009259214571789996,4.982791956820165e-12,13.881603710190278,9,1.0477729794899915e-14,-8.500145032286355e-17,,0.053107680229531384,0.6877068293601204,0.9535505224897889,0.1559064950451312,9.578560167256e-12,0.0013368329964578152,not_checked,0.001,not_checked,not_checked,,,
circle_vm2_importance_n200,292,2026491893,True,ok,0.003969080726940355,0.5396790819752795,0.005644742228721059,1.5891412422157483,2.0432285678864766,0.3740931793859851,0.37374407159786605,0.3600133071378857,0.4521161580233308,0.5563630812108349,147.7254342846999,200.0,0.009450438014843248,3.631095424339037e-12,9.682178326769398,9,1.249000902703301e-16,1.2576745200831851e-16,,-0.0007544757198031382,0.758311765620014,0.8579268194757863,0.1784657883876603,6.921574424723076e-12,0.001333374995738268,not_checked,0.001,not_checked,not_checked,,,
circle_vm2_importance_n200,293,2026491894,True,ok,0.0017345415769471906,0.6503235569073538,0.0033972831127130013,0.720821374983165,1.061356479384781,0.6460097351511898,0.6351518309609641,0.5882058897759945,0.7068701343998314,0.7623860255100754,156.41150377693006,200.0,0.008892274897273374,8.881784197001252e-16,11.69289278885519,10,1.3075478200175183e-16,1.8951853975046618e-16,,-0.013502372102144389,0.6674228463840448,0.9384646651421725,0.1164020659381646,1.9984014443252818e-15,0.0014447509311139584,not_checked,0.001,not_checked,not_checked,,,
circle_vm2_importance_n200,294,2026491895,True,ok,0.006294044465139592,0.5767764554167936,0.007291248130420412,2.4881311515174716,3.102160910027302,0.19436447966517983,0.19812372626776453,0.21201877328202062,0.2839920900833704,0.3865839933504691,151.0008583471216,200.0,0.009066347569387125,2.360034390136434e-11,12.449605818247434,9,8.066464163292153e-16,1.691355389077387e-16,,0.014743317269182654,0.7224983233268365,0.8149919901493813,0.15282670582116417,4.7685855264489874e-11,0.001336375018581748,not_checked,0.001,not_checked,not_checked,,,
circle_vm2_importance_n200,295,2026491896,True,ok,0.004567610617613127,0.582516760247697,0.006335366161423832,1.7259432837159736,2.0013519580555488,0.3215527769132186,0.34235980258593923,0.36763084641634775,0.4011089777948269,0.4943951653720505,154.22070982766675,200.0,0.009309184847653045,3.114397628678489e-11,16.871336967539634,9,1.2378986724570495e-14,-1.8474805019152996e-16,,0.0505504816646386,0.749439144974655,0.8625861292711646,0.16599531293193087,6.340883373923134e-11,0.0013462919741868973,not_checked,0.001,not_checked,not_checked,,,
circle_vm2_importance_n200,296,2026491897,True,ok,0.00940597621548056,0.6577463386889177,0.008337864324707176,4.007783476078443,5.612491869512885,0.10015136854421158,0.08637364451071536,0.06043143062782427,0.15240783243860528,0.2421259370285265,150.78682475387015,200.0,0.009307513577926238,2.291589140668293e-11,10.663596255504729,10,-6.823448056580972e-12,-3.0704605524789486e-16,,-0.12269649494310952,0.6927693439981384,0.9393495849758969,0.11927326676895737,4.507483275517643e-11,0.001440707826986909,not_checked,0.001,not_checked,not_checked,,,
circle_vm2_importance_n200,297,2026491898,True,ok,0.0067806987215695,0.6188534165171704,0.007181941263836443,2.869042787941627,3.757046310682764,0.17121457485577418,0.15461171792262254,0.15281562412633928,0.25765346796502925,0.35408977286450166,153.1117728374111,200.0,0.008798174971285195,1.6508816536031645e-10,9.011364640023464,9,-2.656642267284681e-13,3.8163916471489756e-17,,-0.07838164965691341,0.762581179171556,0.7742676373318699,0.14523974811049553,3.558895400601614e-10,0.001331457169726491,not_checked,0.001,not_checked,not_checked,,,
circle_vm2_importance_n200,298,2026491899,True,ok,0.0024195514615967806,0.5885677250532744,0.004326969232101769,0.9311824707430605,1.2242949161944527,0.5307881960909291,0.5436548388525433,0.5421852978067259,0.616368492420138,0.6860393496000874,155.7397302554471,200.0,0.008885768059202166,4.15085743554755e-11,15.206276833685372,9,-1.734723475976807e-16,-2.909998630951094e-16,,0.018319056947825874,0.7009384516506807,0.8308252548966135,0.15147173923791415,8.530798289996255e-11,0.001332542859017849,not_checked,0.001,not_checked,not_checked,,,
circle_vm2_importance_n200,299,2026491900,True,ok,0.005331681327072735,0.6668160680388449,0.006243389996329027,2.284538071021877,2.956670967902823,0.2574950506898249,0.23378565586450495,0.22801691049247755,0.3442675144943554,0.4325098568449115,157.201848921682,200.0,0.008647669974704607,1.7108536809473662e-12,10.408358046521654,10,-4.804663611412963e-13,-3.9898639947466563e-17,,-0.07593277009639143,0.7685177464833781,0.8034998270989122,0.12855101425237436,3.4661162828797387e-12,0.0014427509158849716,not_checked,0.001,not_checked,not_checked,,,
circle_vm2_importance_n200,300,2026491901,True,ok,0.0029584725877842555,0.5917031261190968,0.005048308288705511,1.1819467217313593,1.4809271456067616,0.47369968933767237,0.4741275782858887,0.47689278974359284,0.5533887628137907,0.6414721542330422,150.0738945416983,200.0,0.009365116991069879,4.81522599571349e-11,12.030040204275751,9,6.765421556309548e-17,-2.3852447794681098e-17,,0.000721156691171454,0.6337849276214736,0.9725554621058426,0.13145340837438083,9.932699107650933e-11,0.0013396679423749447,not_checked,0.001,not_checked,not_checked,,,
circle_vm2_importance_n200,301,2026491902,True,ok,0.007521192174521296,0.5586145637399873,0.008194328522234819,2.939034558105677,3.1820999490018176,0.17619614884601797,0.1833543738605009,0.20371160741101224,0.2221864388528796,0.3121258660414525,154.809068656448,200.0,0.009511721598194993,9.608203122013492e-12,12.673418449371944,9,6.2189836613768534e-15,3.642919299551295e-17,,0.03472115585142066,0.7619026099530508,0.9725874143672163,0.16670665916306524,1.8902657217267915e-11,0.0013353738468140364,not_checked,0.001,not_checked,not_checked,,,
circle_vm2_importance_n200,302,2026491903,True,ok,0.00018825802596267316,0.5880533321915353,0.0012276460483419379,0.07607739361005439,0.09485007743530123,0.9551511351319606,0.9547006608768425,0.9536819596758821,0.9630484035142105,0.9717093297158852,152.44270516247815,200.0,0.009279361501241071,4.055444868811264e-11,10.732965845849792,8,-9.349752959700308e-15,1.5178830414797062e-16,,-0.00038709161249256274,0.7899599696394869,0.8523008440349449,0.1640243830246873,8.319345212726148e-11,0.0012261250521987677,not_checked,0.001,not_checked,not_checked,,,
circle_vm2_importance_n200,303,2026491904,True,ok,0.004700657192168389,0.5943105613564192,0.00606614378221569,1.969605922297925,2.450862876115333,0.32649400763980996,0.30962208917012723,0.2936309894078018,0.3905764952217981,0.4885955892165441,152.36596039888886,200.0,0.00933372703745741,5.43635136907028e-11,8.521129233894568,9,-7.546047120499111e-15,-1.474514954580286e-16,,-0.04467152271528463,0.7653498767549297,0.9174678392823069,0.15446562509737435,1.1264233990004868e-10,0.001331416191533208,not_checked,0.001,not_checked,not_checked,,,
circle_vm2_importance_n200,304,2026491905,True,ok,0.0011877996034637128,0.5297875407089372,0.002869419676133529,0.4837541719419815,0.6909961624691154,0.7517894710705421,0.7479111348008776,0.7078676900346157,0.7885496391247706,0.8369899872419012,149.80908456213706,200.0,0.009488044844737366,9.667666667212416e-11,7.978081469023111,8,-9.601089237878946e-12,-4.87890977618477e-17,,-0.004317165278248186,0.692128993815739,0.9969838971125673,0.16153340295880556,1.7147838704545393e-10,0.0012226251419633627,not_checked,0.001,not_checked,not_checked,,,
circle_vm2_importance_n200,305,2026491906,True,ok,0.00168535248632673,0.6150917722807221,0.0036862220934944685,0.6574310095084581,0.8503609961864731,0.6453994327667902,0.6524346416059419,0.6536517915793414,0.713858513055774,0.7707033631095869,154.53842719132942,200.0,0.008989850378370265,1.4024170713611284e-10,15.419775671506557,9,2.3809079707781677e-16,2.409097227262791e-16,,0.008354992511116932,0.6934904713408837,0.8524430334991981,0.13249348948627918,2.99512192825091e-10,0.0013372499961405993,not_checked,0.001,not_checked,not_checked,,,
circle_vm2_importance_n200,306,2026491907,True,ok,0.0032050780474501828,0.4875347520427469,0.005210705868400075,1.265713883581455,1.4655737924118302,0.48752604322685655,0.4920027623383959,0.4805678294599023,0.5267571727023442,0.6206252867670176,148.83499716977227,200.0,0.009990856884040937,1.9628743075372768e-13,8.881723846562112,9,2.220446049250313e-16,1.3270634591222574e-16,,0.008158667699309063,0.8536657219967382,0.931970718653377,0.2259137890756709,3.448352714485736e-13,0.0013419578317552805,not_checked,0.001,not_checked,not_checked,,,
circle_vm2_importance_n200,307,2026491908,True,ok,0.0002746019773873787,0.574959004316526,0.001451337081716008,0.10867955223358194,0.1418682775444997,0.9350409126483175,0.9357050373450002,0.9315232413716562,0.946560495450724,0.9587917466954691,153.24501597361942,200.0,0.0092560020001121,2.165545520682599e-11,11.846940568574558,8,2.888807899489865e-14,-1.8951853975046618e-16,,0.0005806193606847643,0.7618721186433816,0.8774583122023942,0.1612911601354262,4.3542280891983864e-11,0.0012224579695612192,not_checked,0.001,not_checked,not_checked,,,
circle_vm2_importance_n200,308,2026491909,True,ok,0.0022109768333662405,0.6219263880252275,0.004021874717207568,0.9141146493177301,1.2453843306808885,0.58537629379611,0.5749559237743351,0.5364981499209991,0.6426240758630002,0.715572307518424,151.36867167270026,200.0,0.009390761788700833,1.891905521134163e-10,10.622692852443535,9,-8.239936510889834e-18,-1.0408340855860843e-17,,-0.014861957985616958,0.7303132413721535,0.9300309789549553,0.1409325227068334,4.0932013334327166e-10,0.0013581672683358192,not_checked,0.001,not_checked,not_checked,,,
circle_vm2_importance_n200,309,2026491910,True,ok,0.002152446141966635,0.5526599782047645,0.003950801860768343,0.8340066668649343,1.1694942450891137,0.5765668481197155,0.5865879839094941,0.5572467591390495,0.6501909250392282,0.7172326649584106,154.40804147923893,200.0,0.00897391620266454,7.100986465502501e-12,12.749397433959356,9,1.6132928326584306e-16,1.8951853975046618e-16,,0.01348589496085989,0.7126726561378627,0.8555817879246744,0.1591121292066084,1.3845591340100327e-11,0.001335750101134181,not_checked,0.001,not_checked,not_checked,,,
circle_vm2_importance_n200,310,2026491911,True,ok,0.00602902257607707,0.5346055543874435,0.0067608145601810304,2.465303467331639,3.181306352658783,0.24040666454164594,0.23291613080312779,0.2037924558435441,0.29945098970073003,0.40031759192781324,151.84833951733947,200.0,0.00947759432027606,2.7782220968219917e-12,8.075097854859855,9,-6.227657278756737e-16,2.862293735361732e-17,,-0.026847218450405608,0.7749120431347436,0.9186918318159623,0.18429266322676366,5.249356505032665e-12,0.0013413750566542149,not_checked,0.001,not_checked,not_checked,,,
circle_vm2_importance_n200,311,2026491912,True,ok,0.0005366688619896642,0.621035203131401,0.0020628837846447604,0.21769630137368984,0.2706925815712856,0.8711973345894692,0.8695041893496451,0.8734134042993309,0.8982258199659425,0.9190090035389116,157.37704486328633,200.0,0.008760561076726524,1.8234025400687415e-10,12.012047781241993,8,-7.744172057094767e-13,-2.9175880461584924e-16,,-0.0015143782889120716,0.7502799315782201,0.8075395216937816,0.143112445586225,3.930837877419435e-10,0.0012220819480717182,not_checked,0.001,not_checked,not_checked,,,
circle_vm2_importance_n200,312,2026491913,True,ok,0.0014024171158812937,0.54453327161613,0.003343448624752598,0.5630573153186494,0.719713726376761,0.7055912771379373,0.7046752415519013,0.6977761963832758,0.7554184663771992,0.8104096660752748,149.89506060796367,200.0,0.00929194802309606,5.3128279553504854e-11,9.5222722519413,8,-1.782975243141971e-12,4.401860820291148e-17,,-0.001045234483065982,0.7565410566881118,0.8545729830055037,0.17450590042527367,1.0078005097113873e-10,0.0012238749768584967,not_checked,0.001,not_checked,not_checked,,,
circle_vm2_importance_n200,313,2026491914,True,ok,0.0036923208085668513,0.5887616474490331,0.00500570601910695,1.5416911578078576,2.2857017949016645,0.3988594820609511,0.3832082405851017,0.31890854903121546,0.47784724833573355,0.570333494465239,152.08158780052284,200.0,0.009139361341181429,4.1940784178962076e-11,8.493296971844428,9,-9.75781955236954e-16,-8.500145032286355e-17,,-0.03238141719055854,0.6744314801030549,0.9446352150035808,0.13745058195215226,8.611356072663057e-11,0.0013354166876524687,not_checked,0.001,not_checked,not_checked,,,
circle_vm2_importance_n200,314,2026491915,True,ok,0.0001573653840638567,0.6171533534161573,0.0010934552874130308,0.06355521212314236,0.08354847204954388,0.9603297118866123,0.9599536837652134,0.9590862832642072,0.9690170451298767,0.9756670386570422,156.5395073197494,200.0,0.008795782251509043,1.535949145647919e-10,12.17222081492182,8,-5.405994662338598e-15,2.205267218835516e-16,,-0.00030452924879983967,0.7157942471766046,0.8444599794805744,0.13645109774052772,3.292599526361073e-10,0.0012203340884298086,not_checked,0.001,not_checked,not_checked,,,
circle_vm2_importance_n200,315,2026491916,True,ok,0.000989979292393972,0.5465524751692645,0.002927856121278759,0.38907013553168496,0.4481962776277576,0.7979527722461632,0.8011067013717026,0.7992366943792295,0.8203732507240098,0.8622956831130815,149.65671345030543,200.0,0.009878386017475486,5.3485882389736616e-11,11.244021224838738,8,5.177113512194742e-12,1.1232334506949826e-16,,0.003460790712951939,0.8403522385784814,0.9155354707544698,0.19823376024908007,1.0747047696213485e-10,0.0012105009518563747,not_checked,0.001,not_checked,not_checked,,,
circle_vm2_importance_n200,316,2026491917,True,ok,0.00423790618851605,0.563499958466118,0.005807184989468408,1.7545475594576259,2.210200518353121,0.35577763746348334,0.34317674009740473,0.3311776769762538,0.42844999835638,0.5331093343256397,148.42913405923773,200.0,0.009437320176824592,1.2316370145981637e-11,8.145314393861215,9,-5.80265002714242e-16,-9.020562075079397e-17,,-0.029692542025603008,0.7232417865058913,0.9229097244741031,0.16534455727735242,2.433298007531448e-11,0.0013357489369809628,not_checked,0.001,not_checked,not_checked,,,
circle_vm2_importance_n200,317,2026491918,True,ok,0.0011124855854209859,0.580107313292747,0.0030160364605545053,0.4420990219175922,0.5332811638138144,0.7634542245855451,0.7647960217508709,0.7659483176819246,0.8005173145709187,0.8422812691622599,154.2862881863503,200.0,0.009249459545573753,3.653022329075384e-11,11.813684199192469,8,1.7809809616659011e-12,1.6740081543176188e-16,,0.0014476061254010686,0.8093558283533082,0.8396088021674787,0.1689567105869544,7.562706016983611e-11,0.0012174590956419706,not_checked,0.001,not_checked,not_checked,,,
circle_vm2_importance_n200,318,2026491919,True,ok,0.007437312505079285,0.5936925935059139,0.007335951514088362,3.1288120140753213,4.248544623477946,0.1767887838810755,0.16181173366858626,0.1195199098650607,0.2259452646141486,0.3225051676352593,152.15659129915784,200.0,0.009568121524303322,5.263434132984912e-11,8.372407500573118,9,-1.7109143962690254e-13,2.0036056147532122e-16,,-0.07694350602180355,0.718253929974477,1.001579326370928,0.14996958455657114,1.0934120275862824e-10,0.0013204992283135653,not_checked,0.001,not_checked,not_checked,,,
circle_vm2_importance_n200,319,2026491920,True,ok,0.0030393325661617343,0.5259789040213043,0.00525741953298869,1.2055788427882732,1.2975578699383787,0.48537694397650666,0.4883086770517512,0.5226836179470333,0.5445113384467062,0.6280834214092628,153.02118954502103,200.0,0.00938060084627655,1.748490241482159e-12,9.845415564873955,9,-1.7433970933566911e-16,-1.218643241873707e-16,,0.005077091838210257,0.7445931283856501,0.9449170224058955,0.1760272413761789,3.2600588895093097e-12,0.0013336669653654099,not_checked,0.001,not_checked,not_checked,,,
circle_vm2_importance_n200,320,2026491921,True,ok,0.004274951105731395,0.5710287347389424,0.005772380681473087,1.6223947374171992,2.140292547980447,0.33811043084941017,0.35741263246851585,0.342958347863523,0.42528734988472383,0.5169767536075897,154.33097436099752,200.0,0.00911586664079741,1.7871593094298532e-11,15.739555502194063,9,4.7878367936959876e-15,1.9081958235744878e-17,,0.043792852437679386,0.7564355688815771,0.8210869363056855,0.16066577111217514,3.571876128205531e-11,0.0013325002510100603,not_checked,0.001,not_checked,not_checked,,,
circle_vm2_importance_n200,321,2026491922,True,ok,0.0012237658526124129,0.48050489224200654,0.0032562452976051875,0.4820651146133984,0.565271657857499,0.7504034537105813,0.7536861390272424,0.7537942479402481,0.78289775663911,0.8349557026367775,147.39470454079418,200.0,0.009726238904635618,4.7326254026813785e-11,8.75852411125427,8,4.508685525622669e-12,-3.252606517456513e-17,,0.003720613215783375,0.8505902791872514,0.854152920127977,0.21886347687297558,8.631095838040892e-11,0.0012126658111810684,not_checked,0.001,not_checked,not_checked,,,
circle_vm2_importance_n200,322,2026491923,True,ok,0.002585068551935521,0.5350576098025612,0.00472369821308798,1.00559214156703,1.168814261763682,0.5553179813144085,0.56436072706991,0.5574362506021653,0.5962986120930744,0.679086498987465,149.70851257046883,200.0,0.009896326141779484,2.8298474674670615e-12,11.701392695915967,9,-4.336808689942018e-17,1.3877787807814457e-17,,0.014217639603589238,0.7945973177423971,0.9694400979314391,0.18284166243290617,5.3799187327285836e-12,0.0013334990944713354,not_checked,0.001,not_checked,not_checked,,,
circle_vm2_importance_n200,323,2026491924,True,ok,0.0019300897214458157,0.6486628558659302,0.004406429895891676,0.7662489116561695,0.7948796799479608,0.6086962431069112,0.6109497718123982,0.6720383712773854,0.6797583277908852,0.7445444007150609,152.83371910526625,200.0,0.009228819783345842,1.0269562977782698e-15,15.82783809935266,10,-7.28583859910259e-17,-7.3075226425523e-17,,0.0028934884610783973,0.6093090257859458,0.9784971826365089,0.10669420466727453,1.5543122344752192e-15,0.0014352069701999426,not_checked,0.001,not_checked,not_checked,,,
circle_vm2_importance_n200,324,2026491925,True,ok,0.0008965706630872372,0.5960990225367435,0.0027338269394995523,0.3538112372271785,0.4216317259730219,0.8033213133744801,0.8056875035220268,0.8099231899886732,0.8358432925112483,0.8704707159786603,154.72418015900843,200.0,0.009227083660488451,5.907141442662578e-11,13.193090095682862,8,2.9901568417492475e-12,4.575333167888829e-17,,0.002408514003858192,0.7788843430252238,0.860493834361977,0.15595144476719744,1.2274159466585388e-10,0.0012152092531323433,not_checked,0.001,not_checked,not_checked,,,
circle_vm2_importance_n200,325,2026491926,True,ok,0.01576999282769065,0.6836054573658135,0.010618068408639238,6.8958233712267685,9.633232252564449,0.016086630033116948,0.010968436995860247,0.0080941303650069,0.04268112194435243,0.08847938589485578,153.7721486837854,200.0,0.008695772666353794,1.887379141862766e-15,10.72263363939859,11,-1.700029006457271e-16,1.214306433183765e-16,,-0.2939131200752545,0.7115625869968025,0.8123329778996959,0.11410717942908734,4.440892098500626e-15,0.001555207883939147,not_checked,0.001,not_checked,not_checked,,,
circle_vm2_importance_n200,326,2026491927,True,ok,0.00519975407605644,0.5457705275353826,0.0067364560836767045,2.068718685286499,2.4677642778521287,0.2635649713899685,0.26545404998734934,0.29116005701088504,0.35347206698016737,0.4587807563838884,149.8499403193036,200.0,0.009148406585898255,4.969247235919738e-12,10.473669815473103,9,1.1188966420050406e-16,1.3877787807814457e-16,,0.00559147256803838,0.6972515149193467,0.8655449660428076,0.15782565012086067,9.60587165366178e-12,0.0013343340251594782,not_checked,0.001,not_checked,not_checked,,,
circle_vm2_importance_n200,327,2026491928,True,ok,0.000569912337531564,0.5795088075100938,0.002243835410039513,0.22398175789449906,0.2542884276273366,0.8693363548158772,0.8714653842940863,0.8806066677935493,0.8922735995265229,0.9166580106292394,152.69158825556354,200.0,0.009370661805133447,2.696942669189184e-11,12.665629071748441,8,1.1631555094093748e-12,-1.4094628242311558e-17,,0.0019915885590632704,0.7483566042254917,0.8849961134436246,0.16340583680337972,5.4637627755482754e-11,0.0012166248634457588,not_checked,0.001,not_checked,not_checked,,,
circle_vm2_importance_n200,328,2026491929,True,ok,0.00423231763047438,0.5876456920155024,0.0060522279850023265,1.7052352947546618,2.0424787582903,0.35448932080477036,0.35182718513609806,0.3601483031578541,0.42892914961971507,0.5348260392056644,147.86549592104302,200.0,0.009598888993710048,3.972955298081615e-11,11.199452948793258,9,-2.949029909160572e-17,-1.3357370765021415e-16,,-0.00615412128245485,0.7914408581403233,0.8413284685862104,0.16357612674845884,8.15560952105443e-11,0.0013327919878065586,not_checked,0.001,not_checked,not_checked,,,
circle_vm2_importance_n200,329,2026491930,True,ok,0.009148969296458365,0.6274007448476204,0.0089303747190761,3.4617412002738344,4.280068263123952,0.09308083531681713,0.10579843278562917,0.11765082734674383,0.1604466389501998,0.252331818400096,150.50988513671172,200.0,0.009393136148935525,4.307110224033295e-12,20.50993956872686,10,1.292611850889358e-12,3.469446951953614e-17,,0.09892325915475575,0.7212734919842086,0.819478351559574,0.13860547737864717,1.0760947688481792e-11,0.0014379159547388554,not_checked,0.001,not_checked,not_checked,,,
circle_vm2_importance_n200,330,2026491931,True,ok,0.0010446468225298045,0.5750682791201478,0.0029618031948948735,0.4086578793917421,0.49792986581238674,0.769239827943508,0.7736957572274326,0.7796073114680876,0.8114525509709665,0.8521322662412603,153.1747559877845,200.0,0.00916557398859608,1.2433842844217224e-10,12.897995603434978,8,1.3837930801230414e-11,1.1644331332494318e-16,,0.004600424810089848,0.7595810980065857,0.8346949078731024,0.16245173906902616,2.6360846838713314e-10,0.001216250704601407,not_checked,0.001,not_checked,not_checked,,,
circle_vm2_importance_n200,331,2026491932,True,ok,0.006535845738296686,0.5508166838526487,0.007488380095642801,2.4803892274343085,3.033296943045806,0.20214697228089046,0.21940246309977957,0.21944613581029107,0.2705849592756207,0.3771419369675199,149.19777956892915,200.0,0.00961150400056823,6.477152147965626e-12,14.884310404145207,9,3.817779425929757e-14,0.0,,0.066974533942183,0.8113384379073467,0.8238997109910386,0.18046837590955145,1.2560397166794246e-11,0.0013347920030355453,not_checked,0.001,not_checked,not_checked,,,
circle_vm2_importance_n200,332,2026491933,True,ok,0.00032819008504247904,0.5408321743778122,0.0016881601770295715,0.13050154154438795,0.14929120085359426,0.9233855942108058,0.9238198935420323,0.9280723364928865,0.9364697890811183,0.9512325506896251,152.34071902837985,200.0,0.0092893900617305,3.860356478924132e-12,10.068453914838102,8,1.0770464381471001e-14,-3.939990694812323e-16,,0.0003872462363018331,0.7749089759602578,0.8749606636942859,0.17731180740584107,7.367662036017464e-12,0.0012221671640872955,not_checked,0.001,not_checked,not_checked,,,
circle_vm2_importance_n200,333,2026491934,True,ok,0.0006173769860995382,0.527887121930974,0.0024244407939750224,0.24316440478813445,0.2573958104601508,0.8666406744254971,0.8685440502751609,0.8792395390956449,0.8838433859810482,0.9130544194972101,147.33266232248405,200.0,0.009969290323319814,9.031775327628111e-12,10.31067289349949,8,7.283717899653208e-13,1.2750217548429532e-16,,0.0018931948258404108,0.7840093348341698,0.9486166339573041,0.19116631741238543,1.773559077378195e-11,0.0012164581567049026,not_checked,0.001,not_checked,not_checked,,,
circle_vm2_importance_n200,334,2026491935,True,ok,0.0015862389824354839,0.4336493197899103,0.0036714943928088414,0.6259672134103837,0.7285632813045041,0.69735187074941,0.7007380220603574,0.6946955126908828,0.7281502996821729,0.7917821720076501,147.18397601241634,200.0,0.009881313384093388,5.7899907091041314e-11,7.385506343860025,8,5.659154351730922e-12,-4.683753385137379e-17,,0.0042641897819049035,0.8364424907635741,0.9256219661640003,0.2350339216720297,9.966494296520523e-11,0.0012178332544863224,not_checked,0.001,not_checked,not_checked,,,
circle_vm2_importance_n200,335,2026491936,True,ok,0.020403476104628337,0.5516867791644735,0.012509656570199092,7.964971739162206,10.124242157002817,0.008949466356803888,0.010013147008486215,0.006332114347213615,0.016895715313797535,0.04058515160935306,157.04936682080515,200.0,0.009526346173477428,4.7256087931657476e-11,13.112588917240561,9,8.092897879619088e-12,-1.3530843112619095e-16,,0.09820935134456432,0.7761041238734431,0.9433757753724434,0.18227293944095416,9.972711545458424e-11,0.0013239579275250435,not_checked,0.001,not_checked,not_checked,,,
circle_vm2_importance_n200,336,2026491937,True,ok,0.001207593335249335,0.49316989867626804,0.0033819466369957034,0.4859694780108955,0.5256188590990605,0.7493915865341865,0.7480822706291599,0.7688884107609496,0.785434141913844,0.8383232974747745,146.03546677798042,200.0,0.009704714507850399,1.9172330389949366e-11,7.662277081703689,8,-1.0091944641077433e-12,-2.3635607360183997e-17,,-0.0014660719555807389,0.7262218500201474,0.9623121327618236,0.1822176925179506,3.317079944054058e-11,0.0012115419376641512,not_checked,0.001,not_checked,not_checked,,,
circle_vm2_importance_n200,337,2026491938,True,ok,0.001273049292577877,0.5422447471550198,0.0032586088255850388,0.5198145357019934,0.6255963299582047,0.7362778994657724,0.7316039093456139,0.73139751930587,0.7752188840167374,0.8274082076537685,148.82149991756285,200.0,0.009500779720135088,1.7311774236361543e-10,8.222595537138268,8,-1.867836397703715e-11,5.767955557622884e-17,,-0.0052974093354213325,0.7895089481931633,0.8756953687405077,0.18020441879629015,3.126610081949366e-10,0.0012198761105537415,not_checked,0.001,not_checked,not_checked,,,
circle_vm2_importance_n200,338,2026491939,True,ok,0.0019199611086342383,0.5191969029265471,0.0038981317817171563,0.7866080577620551,0.9958242351886939,0.6289985515759089,0.6219688240175756,0.6077983473363651,0.6811367252264451,0.7518133539567655,148.57966866182994,200.0,0.009437960633755597,1.2021494910641195e-12,7.270780806866731,9,2.1098574276567916e-16,1.5590827240341554e-16,,-0.009311807154179896,0.784124480595772,0.8742300937805668,0.18667412557230245,2.2217783168798633e-12,0.001332583138719201,not_checked,0.001,not_checked,not_checked,,,
circle_vm2_importance_n200,339,2026491940,True,ok,0.00039573300239714726,0.5534808869424521,0.001825011043110123,0.1588850402500918,0.18682029598297314,0.9072927572597356,0.9069628001152161,0.9108198527427732,0.9239044696782607,0.9411779977160613,153.19166932556328,200.0,0.009160033106734702,7.422062964224097e-12,9.80490700177265,8,-1.3374121688586316e-14,-3.550762114890027e-17,,-0.0002959196456164548,0.7779569246713945,0.8506081193565833,0.17240372293628242,1.4453327423780138e-11,0.001217458164319396,not_checked,0.001,not_checked,not_checked,,,
circle_vm2_importance_n200,340,2026491941,True,ok,0.004024657438376433,0.6493754743666538,0.005574923642091092,1.6983039545175407,2.1257949243750813,0.35843553267318085,0.3388190024465725,0.3454534206144006,0.4471185586418821,0.5304265184637902,157.54728295892167,200.0,0.008715837120219476,7.649436639667329e-14,10.556000824001575,10,-1.744524663616076e-14,1.196959198423997e-16,,-0.04422048958348368,0.727730820614041,0.8434006687354443,0.13780670583610136,1.5409895581797173e-13,0.0014387918636202812,not_checked,0.001,not_checked,not_checked,,,
circle_vm2_importance_n200,341,2026491942,True,ok,0.0027180898649723506,0.5982519671314093,0.004356070617407659,1.1282426463181978,1.5977754076619668,0.5038346710476629,0.4910108659833101,0.44982902906124156,0.5806436943470531,0.6571601982789648,154.45679800116855,200.0,0.008962873477550266,6.529621288109411e-11,9.269633187481142,9,-8.153200337090993e-17,-3.122502256758253e-17,,-0.020503350164628786,0.6972287595610838,0.8970565603158785,0.14112510508295098,1.3604939397282578e-10,0.001331915846094489,not_checked,0.001,not_checked,not_checked,,,
circle_vm2_importance_n200,342,2026491943,True,ok,0.002984760073496684,0.5771704706609184,0.005149692293828086,1.156837269414591,1.3788000921408807,0.4783890359493651,0.48945818572296773,0.5018770818875482,0.5504869577745941,0.6367751967270414,151.21436362055553,200.0,0.009373362484990816,2.4094060080415147e-11,14.014620815331368,9,-3.946495907847236e-17,-5.637851296924623e-18,,0.0185333799920413,0.7585750618026152,0.8627638133267974,0.15951210708622868,4.863398572751976e-11,0.0013225830625742674,not_checked,0.001,not_checked,not_checked,,,
circle_vm2_importance_n200,343,2026491944,True,ok,0.00609823159168732,0.4741982669269762,0.007266917625125602,2.3376861487377876,2.6802357404209722,0.2492670325381116,0.26410788767806526,0.2618148065951456,0.29533460288773666,0.40450922807113365,148.41691654542723,200.0,0.00994692151779638,8.704148513061227e-14,10.741307836408456,9,2.7417304537813436e-15,2.3418766925686896e-17,,0.050803243968570166,0.8411896397593411,0.9151444072582968,0.2200498646063071,1.4943601911454607e-13,0.001335000153630972,not_checked,0.001,not_checked,not_checked,,,
circle_vm2_importance_n200,344,2026491945,True,ok,0.007993423783600573,0.589838156518405,0.00782099635597865,3.390046489328168,4.4050134018393035,0.14470296996838816,0.1288408427819452,0.1105257558112377,0.2021622357366127,0.2971789551208622,151.80238305771636,200.0,0.009293372836593865,4.412636922523916e-11,7.643500117099208,9,-5.059216934277799e-13,-1.0408340855860843e-17,,-0.09633848794396949,0.7607783596226053,0.8934269085499373,0.1546310556173062,9.074319073931747e-11,0.0013358751311898232,not_checked,0.001,not_checked,not_checked,,,
circle_vm2_importance_n200,345,2026491946,True,ok,0.0035441241445339777,0.5875623306080409,0.005341822277844924,1.4127407604773554,1.8196590322197215,0.39695023710090527,0.39822220774023365,0.40259285377919146,0.49222230312996695,0.5822461946675324,152.60805878873256,200.0,0.008950564875988883,3.9542147334259425e-11,12.0653971498651,9,-1.3183898417423734e-16,-6.548581121812447e-17,,0.002454448668117837,0.75789482442534,0.776511217565791,0.1548894114046084,8.122369443697153e-11,0.0013442509807646275,not_checked,0.001,not_checked,not_checked,,,
circle_vm2_importance_n200,346,2026491947,True,ok,0.005156075623914402,0.5635974380889546,0.007010658489220692,2.057085447436627,2.050289769279957,0.31155605452091595,0.31249408046349336,0.3587444850749024,0.35657341602240566,0.45238825652092896,153.8407407320853,200.0,0.009569180358727229,1.2318368547425962e-11,10.990271621955031,9,2.3505503099485736e-16,4.683753385137379e-17,,0.0026724010645668983,0.76873242475148,1.0064389716626918,0.16625632506911164,2.4455770741838023e-11,0.0013377498835325241,not_checked,0.001,not_checked,not_checked,,,
circle_vm2_importance_n200,347,2026491948,True,ok,0.0038269000170310097,0.6138676070795133,0.005687095188322781,1.5625512032363016,1.940804702831962,0.3787503645657645,0.37123148809476114,0.37893054418637245,0.4651571360889787,0.5604078029824839,151.3210530945305,200.0,0.009164663275455497,1.3278533828042782e-10,11.32746732748444,9,-1.973247953923618e-16,7.806255641895632e-18,,-0.015895598211948858,0.6749209434563821,0.9107972579723999,0.1295408619116574,2.8308222432826824e-10,0.0013330832589417696,not_checked,0.001,not_checked,not_checked,,,
circle_vm2_importance_n200,348,2026491949,True,ok,0.0053457485885970435,0.5418895708525331,0.007111981511689916,2.032423310867591,2.1565151611145414,0.31179277182511267,0.3302929154377281,0.34018775930136913,0.3433002955124521,0.4579964633111293,146.07754255252206,200.0,0.010585967975948891,3.983258167750137e-12,14.156182575103571,9,9.108165610616226e-15,6.331740687315346e-17,,0.05293806228561326,0.8603280020707728,0.9759858494145871,0.19843382517179134,7.79953879259665e-12,0.0013233751524239779,not_checked,0.001,not_checked,not_checked,,,
circle_vm2_importance_n200,349,2026491950,True,ok,0.010481532182246456,0.5743162889715054,0.009194184793451292,3.8416479854575236,4.946038991930268,0.0699240678240507,0.0872669112446525,0.08432984056842079,0.12290956518279425,0.20151839145486905,152.82828895424916,200.0,0.009338617206478961,2.7018165482672885e-11,20.36939890663817,9,1.0963951968534502e-11,2.2551405187698492e-17,,0.17548244372052935,0.7147334660986043,0.8590270373990081,0.15252184077333247,6.531131191422901e-11,0.0013325840700417757,not_checked,0.001,not_checked,not_checked,,,
circle_vm2_importance_n200,350,2026491951,True,ok,0.0022678129057076557,0.6021675242514322,0.004190217394013749,0.9385057280563533,1.2280056187541466,0.5593281783369968,0.5482061646007141,0.5411802862335786,0.6353605911758569,0.7055883193936389,153.77076640504325,200.0,0.008908352815356936,7.811951086011959e-11,9.639828619458568,9,2.42861286636753e-16,2.3288662664988635e-16,,-0.015690282886645535,0.7279062262420494,0.8360135098463277,0.14430391182752653,1.6386159096271058e-10,0.001351082930341363,not_checked,0.001,not_checked,not_checked,,,
circle_vm2_importance_n200,351,2026491952,True,ok,0.005986893107370106,0.5244945182575271,0.006967743263398862,2.2825576907239356,2.8482191756601623,0.23116371935702046,0.2475721104017311,0.2407227102408787,0.3019847917031874,0.3977119906123573,154.00762311843548,200.0,0.009305711618788112,1.6122658763606523e-12,13.152038577223955,9,9.382251919820561e-15,-2.7755575615628914e-16,,0.05609977611205341,0.7821680059411235,0.8533064052772604,0.18992257144348781,2.999822612537173e-12,0.0013368336949497461,not_checked,0.001,not_checked,not_checked,,,
circle_vm2_importance_n200,352,2026491953,True,ok,0.0002897042530538574,0.552577111360675,0.0015809325218378014,0.11514680717762164,0.1360968014892044,0.9290241989123547,0.9294579415657855,0.9342152557689366,0.943705765405618,0.9565404264880778,153.37098268427465,200.0,0.009008722047472094,7.068567953183447e-12,10.557097044301601,8,9.052654459384968e-15,-4.336808689942018e-18,,0.00036744702196065543,0.7014794413437277,0.8825642604830749,0.15550277651133576,1.3783196806116393e-11,0.0012196258176118135,not_checked,0.001,not_checked,not_checked,,,
circle_vm2_importance_n200,353,2026491954,True,ok,0.01526652184159949,0.53328094203798,0.01084302215399331,5.816949799084095,7.987496386104031,0.022049028084906157,0.026380657746777877,0.01843050340847291,0.04720269132966491,0.1073254323199289,146.1950311864631,200.0,0.009617975665012666,1.2106093905117632e-11,14.206474516048804,9,3.71272110277765e-12,-7.632783294297951e-17,,0.1448294687778504,0.7182715800235456,0.8755634107516437,0.17481883655955038,2.649813701793846e-11,0.001375000225380063,not_checked,0.001,not_checked,not_checked,,,
circle_vm2_importance_n200,354,2026491955,True,ok,0.0006382820919954568,0.5753914466300125,0.0023579813815785603,0.2536452535310457,0.295683469603364,0.8516443809526502,0.8525379067540981,0.8625676185750897,0.8801557325157685,0.9073305205630475,152.35972574499098,200.0,0.009153616147944328,2.2110757669224768e-11,11.56758803361936,8,2.092926526531258e-13,2.0209528495129803e-16,,0.0008337916335685036,0.7360345111622718,0.8581534761637492,0.15536025068196577,4.449751678237135e-11,0.0012631658464670181,not_checked,0.001,not_checked,not_checked,,,
circle_vm2_importance_n200,355,2026491956,True,ok,0.0024554496361459677,0.4738434378974321,0.0046665159891828584,0.9602735388115626,1.0829451324919273,0.5774234515464438,0.5845392515323118,0.581890748488243,0.6119590397460237,0.6974982334957192,146.71663088064753,200.0,0.010152337871755665,8.693046282814976e-14,9.112086659377658,9,5.334274688628682e-17,6.938893903907228e-18,,0.010953157823412218,0.8756336569585171,0.9131009507475332,0.23378683282380233,1.4921397450962104e-13,0.0013999578077346087,not_checked,0.001,not_checked,not_checked,,,
circle_vm2_importance_n200,356,2026491957,True,ok,0.0041468466502956325,0.6159693464791043,0.005955479420196928,1.6691639817482682,1.850737125558195,0.3878107820054496,0.3855095327681134,0.3963852992819916,0.43632437623551,0.5259118882341546,154.966326785507,200.0,0.009543350505914467,1.4435441730853427e-10,12.699270355869892,9,9.194034422677078e-17,4.163336342344337e-17,,-0.005212660815007597,0.844250689518887,0.9074824733770694,0.16247331897671152,3.118469926732814e-10,0.0013709587510675192,not_checked,0.001,not_checked,not_checked,,,
circle_vm2_importance_n200,357,2026491958,True,ok,0.00011797780005573522,0.5214952059109907,0.0009539003517042287,0.046952912492867996,0.0612779477994205,0.9717889754782754,0.971929346525414,0.9698256422497518,0.9766806385966054,0.9823997416303667,150.51123668444495,200.0,0.009422529424797977,1.3657963648938676e-12,9.29233152142456,8,3.6513218663880576e-16,1.9186312694846608e-16,,0.00011910376471304523,0.7368672569965119,0.9224794813282493,0.17492056957082547,2.530642362330582e-12,0.001224834006279707,not_checked,0.001,not_checked,not_checked,,,
circle_vm2_importance_n200,358,2026491959,True,ok,0.0060391888549855555,0.538132934719397,0.0068712257473095275,2.4437108234887854,3.0639357226115678,0.23077933823992774,0.22689545292240365,0.21610997414490757,0.2988427478098027,0.39425209713529163,154.12081923577307,200.0,0.009195489868932935,3.3459901516152968e-12,8.93698663323551,9,1.734723475976807e-18,1.97758476261356e-16,,-0.014017640747281623,0.7553464323044522,0.8936683431891225,0.175062313914332,6.3646865555710974e-12,0.0013337908312678337,not_checked,0.001,not_checked,not_checked,,,
circle_vm2_importance_n200,359,2026491960,True,ok,0.0050786769117472375,0.604681959155595,0.0062058459667235985,1.9797945899414007,2.715781669817834,0.2563729005259462,0.2654030248901119,0.25720268819379727,0.36213602344947626,0.45668249533953975,154.32501451084903,200.0,0.008812310312786007,8.750600244411544e-11,15.194750018982074,9,1.2888995426507677e-15,-1.6479873021779667e-16,,0.025838087378747154,0.7272771393366839,0.7653750656825035,0.14660725955475118,1.8450596606101044e-10,0.0013313342351466417,not_checked,0.001,not_checked,not_checked,,,
circle_vm2_importance_n200,360,2026491961,True,ok,0.03847298084110928,0.6258376692199792,0.017667561963877806,16.76496198604396,17.80836814609561,0.00018990142900717107,8.950836583107309e-05,0.0001358194574315342,0.0004552808083264778,0.002254255041702803,158.42119809292075,200.0,0.009085714518546091,1.2634338020234281e-13,9.124841026835625,11,-5.342254416618175e-14,3.469446951953614e-16,,-0.6878848248001237,0.8025732860959027,0.9684642283665125,0.1512724158651959,2.2226664952995634e-13,0.0015540830790996552,not_checked,0.001,not_checked,not_checked,,,
circle_vm2_importance_n200,361,2026491962,True,ok,0.0032757460484040823,0.6411180857483467,0.004837345745194295,1.3519634860584535,1.816474564984078,0.4474427982317587,0.4361662368340242,0.40323438625452535,0.5193645625847061,0.5980420993204831,156.9395550544796,200.0,0.009053261873965605,1.5543122344752192e-15,11.821772166442825,10,-1.240327285323417e-16,1.6479873021779667e-16,,-0.020832533348410287,0.7401141041011502,0.8935026490876244,0.1357695111729937,3.3306690738754696e-15,0.001441792119294405,not_checked,0.001,not_checked,not_checked,,,
circle_vm2_importance_n200,362,2026491963,True,ok,0.005743290274390356,0.4673297855706804,0.006881780051468565,2.2218683473005476,2.707763107777951,0.25020601787537955,0.2617886248471729,0.2582359559962544,0.31706196377711077,0.4150074107320778,153.12806069487763,200.0,0.009314305023983093,5.706546346573305e-14,9.820357775760245,9,3.3393426912553537e-16,-1.8041124150158794e-16,,0.03772388122779735,0.7253741424827429,0.936891567732513,0.19149349990160605,9.769962616701378e-14,0.0013297910336405039,not_checked,0.001,not_checked,not_checked,,,
circle_vm2_importance_n200,363,2026491964,True,ok,0.005296656835833247,0.5063790849719216,0.006667586335421142,2.0841561987436283,2.4637291923720843,0.28067627103397086,0.28652378216932395,0.29174807784921797,0.3466875395223892,0.4434100370582249,153.5422004267394,200.0,0.009369076567236193,5.863087793045452e-13,9.852356352944735,9,-4.336808689942018e-17,-1.5265566588595902e-16,,0.01725326779483516,0.746438874952994,0.9245291998931134,0.18792514582701103,1.0607070777268746e-12,0.0013385843485593796,not_checked,0.001,not_checked,not_checked,,,
circle_vm2_importance_n200,364,2026491965,True,ok,0.0020573708934481516,0.5142253281388764,0.004290527888242079,0.8004446295634735,0.9371019011486603,0.6110520175124156,0.6193086824689531,0.6259085839501108,0.6626726318492702,0.7361049268199937,148.9194815461145,200.0,0.00969059212097111,9.140466161738914e-13,10.823527190434191,9,9.410874857174178e-17,1.5178830414797062e-16,,0.011251863907893567,0.700769997677179,0.9885322979877453,0.17123228961426937,1.6728840535051859e-12,0.0013431250117719173,not_checked,0.001,not_checked,not_checked,,,
circle_vm2_importance_n200,365,2026491966,True,ok,0.002181715281053709,0.5456931465740398,0.004000233489990761,0.851089667713709,1.1576450993645322,0.5897861311546546,0.5975295995598437,0.5605580073459266,0.6463959377536637,0.7161135108508221,153.05232207828044,200.0,0.009388776158803118,4.9757975517650266e-12,11.89490643527262,9,-3.2959746043559335e-17,5.941427905220564e-17,,0.010798222353887277,0.7348568607979435,0.9260981926578471,0.1685351657669487,9.565681580170349e-12,0.001328082988038659,not_checked,0.001,not_checked,not_checked,,,
circle_vm2_importance_n200,366,2026491967,True,ok,0.004655971874513831,0.6131673607224775,0.00610797805913555,1.9282860919521605,2.459431582647408,0.30248429138906086,0.28996930679439503,0.29237566157347555,0.3940827466317626,0.4929436192915716,151.9254181587895,200.0,0.009008872068674323,1.286172279790776e-10,10.21821335668554,9,-2.712240154689738e-15,1.9949319973733282e-17,,-0.032948671073314006,0.7292367152372382,0.8296003537994082,0.14003631400294975,2.740736526618548e-10,0.0013273339718580246,not_checked,0.001,not_checked,not_checked,,,
circle_vm2_importance_n200,367,2026491968,True,ok,0.006971572716798047,0.5261807197232491,0.007843789024739012,2.73374990844672,2.9916435753129007,0.19546103610420815,0.2018185304901608,0.2240643956959139,0.24800297340329602,0.3408817775888639,154.37256395608753,200.0,0.009411647981492098,1.766586876783549e-12,10.936018723752387,9,1.1787446019262404e-15,0.0,,0.02743958913624933,0.7733835217032841,0.936339234530316,0.18414092635517526,3.2949198924825396e-12,0.0013276671525090933,not_checked,0.001,not_checked,not_checked,,,
circle_vm2_importance_n200,368,2026491969,True,ok,0.00018494722193485025,0.6108596957883925,0.0011791418294729394,0.07380787223680073,0.09782190510578449,0.9562153104712413,0.9563142736300374,0.9522659227725361,0.9636863075951114,0.9721548083665136,152.69339566853583,200.0,0.009498438064400117,1.1544554201492474e-10,12.890933658982654,8,7.067642911889882e-16,2.4448758989548125e-17,,8.550826856968535e-05,0.751817862964853,0.9076957721476973,0.1578339517340447,2.4628055150799355e-10,0.0012196251191198826,not_checked,0.001,not_checked,not_checked,,,
circle_vm2_importance_n200,369,2026491970,True,ok,0.005928312209193098,0.567897429376305,0.0067760586853828205,2.3042477740202294,3.0950633208480296,0.20707244842215383,0.21647028398875995,0.212772521014428,0.3055437075077768,0.40141866140934457,153.96462276052358,200.0,0.008816251358654529,1.5195622538044518e-11,13.511191434662175,9,2.6385144069607236e-15,2.489328188026718e-16,,0.033538554828504985,0.6811628743984321,0.8262152752137909,0.15417826551652786,3.047317953530637e-11,0.0013237509410828352,not_checked,0.001,not_checked,not_checked,,,
circle_vm2_importance_n200,370,2026491971,True,ok,0.003645771999333025,0.6625086314608291,0.005436431000749739,1.5062812239020178,1.8738733104782708,0.4013559740189758,0.38948533245269334,0.3918262978060387,0.4823166647370829,0.5737255672444637,152.3968319848691,200.0,0.009235635040411765,7.105427357601002e-15,13.00862311138882,10,-1.190887666258078e-15,1.8214596497756474e-17,,-0.02398621208440388,0.7715153515283086,0.826432598032178,0.1300785973174793,1.532107773982716e-14,0.0014427080750465393,not_checked,0.001,not_checked,not_checked,,,
circle_vm2_importance_n200,371,2026491972,True,ok,0.007091784461205286,0.6228376627819581,0.00691121612944621,2.992909778542413,4.4402746126476265,0.17655862953691942,0.1607038805946211,0.10859419713125094,0.2421115055425556,0.3439093236603817,150.50898066702632,200.0,0.00928783886173218,1.9726620337223721e-10,9.415176652117335,9,-2.96413935063633e-13,-1.196959198423997e-16,,-0.07809799703014919,0.6734281839213103,0.9657236291329595,0.12839410917889563,4.2658143684093375e-10,0.0013367910869419575,not_checked,0.001,not_checked,not_checked,,,
circle_vm2_importance_n200,372,2026491973,True,ok,0.0045093560200493155,0.606174561448173,0.005843477178168719,1.8842604199963826,2.505945327584189,0.3365818869800613,0.3206529038078827,0.28565437905365587,0.40580959630165525,0.5080069298413729,150.19000209020237,200.0,0.009420339089504667,9.375289433677381e-11,9.221381603203357,9,-5.249273238305818e-15,1.196959198423997e-16,,-0.04025900598832821,0.7508145011628274,0.9090833286605754,0.14793132997655337,1.9790680205744593e-10,0.0013310417998582125,not_checked,0.001,not_checked,not_checked,,,
circle_vm2_importance_n200,373,2026491974,True,ok,0.0016372124101224905,0.5905247569008929,0.003651244299230124,0.6338368698808554,0.7878620373096213,0.658825915445084,0.6677133155835404,0.6744005756948463,0.7207647470123656,0.7743185072946516,156.22406739935468,200.0,0.008969458488183459,4.5575987428492226e-11,14.67009328235052,9,-1.7650811368064012e-16,9.974659986866641e-18,,0.010524047084070398,0.7124870898030841,0.8625342930909661,0.14767227181759324,9.382006282976363e-11,0.001330208033323288,not_checked,0.001,not_checked,not_checked,,,
circle_vm2_importance_n200,374,2026491975,True,ok,0.0028523529922106494,0.5488243250457161,0.004542023289377438,1.1155160760890832,1.5658087538931214,0.4939044425915732,0.5017062644544414,0.4570765590036707,0.5652593659207283,0.6541386347094389,148.80204921006822,200.0,0.009537784832433222,5.8519855627992e-12,11.873382993332248,9,1.3444106938820255e-16,1.0711917464156784e-16,,0.01271256039758828,0.7068428338351602,0.9195992855280177,0.1656016571582202,1.1303402658313644e-11,0.0013365419581532478,not_checked,0.001,not_checked,not_checked,,,
circle_vm2_importance_n200,375,2026491976,True,ok,0.0006642698082293119,0.4986791925056615,0.0023157855984308824,0.26204500079957865,0.3243602314613929,0.8556521714485381,0.8574927772500289,0.8502880404953039,0.875592952925992,0.9056675198003867,149.16080032778513,200.0,0.009658274050808088,7.245648525611159e-12,9.191665512383715,8,5.611060661242506e-13,-2.168404344971009e-18,,0.0018314612460730573,0.8074878653947116,0.8992305953343797,0.20088560314383488,1.351208034350293e-11,0.0012205829843878746,not_checked,0.001,not_checked,not_checked,,,
circle_vm2_importance_n200,376,2026491977,True,ok,0.00010493852169468632,0.5679748007477063,0.0009699652201146965,0.041793008258457415,0.0464941129134044,0.9742789589660934,0.9743892748192553,0.9770210745888448,0.9792310047879752,0.9840487156096813,153.23138883849228,200.0,0.009193886758835298,1.5378587292502743e-11,11.019732767079917,8,1.2259616065379841e-16,-2.2388774861825667e-17,,9.120020970855569e-05,0.7199199736851108,0.9009593691632322,0.15784478412398978,3.0592417488151114e-11,0.0012188742402940989,not_checked,0.001,not_checked,not_checked,,,
circle_vm2_importance_n200,377,2026491978,True,ok,0.007540014562235076,0.5930942428107377,0.007426083663935019,3.1087324121717286,4.119838151710505,0.1499030211650812,0.1414769117464319,0.1274642844156704,0.22135159535421492,0.3047784894624268,157.5819277910833,200.0,0.008764064695216317,5.129030533623791e-11,9.830071081798568,9,-2.8140684227295765e-14,-2.1510571102112408e-16,,-0.04636329363884917,0.6903226957873227,0.8995666092979989,0.13999147936437778,1.062308019328384e-10,0.0013507490511983633,not_checked,0.001,not_checked,not_checked,,,
circle_vm2_importance_n200,378,2026491979,True,ok,0.00579098243611198,0.5473864436735838,0.007433258345540952,2.355231662207684,2.3988940115997552,0.2705297530103141,0.2647363334751375,0.3013608166259746,0.3140520673537838,0.41540418278237556,151.70194487626563,200.0,0.009735465907875338,5.4111159997205505e-12,8.894519731185914,9,-1.214306433183765e-17,2.680147770384167e-16,,-0.01941934388144606,0.7203312916458542,1.062774326192481,0.16136076362926693,1.0470957434449701e-11,0.0013432090636342764,not_checked,0.001,not_checked,not_checked,,,
circle_vm2_importance_n200,379,2026491980,True,ok,0.00861023575775155,0.6163560085590676,0.00855574178293041,3.6882887850511104,4.04053807265005,0.13161658271882543,0.11404306619875203,0.13261978074170894,0.17869994733112146,0.2686688485759323,152.64108218442476,200.0,0.009273233795499668,1.4809942161519984e-10,8.075104704147433,9,-2.8282706038273986e-12,2.255140518769849e-16,,-0.12209724097524521,0.7837063391563349,0.9146023675602503,0.16098385629435227,3.1743230266556566e-10,0.0013434579595923424,not_checked,0.001,not_checked,not_checked,,,
circle_vm2_importance_n200,380,2026491981,True,ok,0.01968306826804489,0.48794851058986466,0.014104495793015146,7.441616039364947,7.0372571921935645,0.013920290058173856,0.017488742656514726,0.029640055796091892,0.019514184772840712,0.04852854317277527,153.71603115525565,200.0,0.009835716935051808,3.915356927564062e-11,13.040740715597284,9,1.4174703077962647e-11,3.2612801348363973e-16,,0.21580563392650465,0.7558922857715855,1.0574779053524208,0.1937952082932203,8.249645411240181e-11,0.0013487914111465216,not_checked,0.001,not_checked,not_checked,,,
circle_vm2_importance_n200,381,2026491982,True,ok,0.004964547017143994,0.5925257321342041,0.00636119928169887,2.0853471689532808,2.5381319003536293,0.3050359884077779,0.2874159201845531,0.28109405504884166,0.3704971956283848,0.47572747640037316,149.6430821811027,200.0,0.009492418808672751,5.001354885791898e-11,8.279550897903427,9,-1.2918485725599282e-14,3.4954678040932663e-16,,-0.04976418104784153,0.818090344010752,0.8545856495054701,0.1663278490335217,1.0335599043287402e-10,0.0013616259675472975,not_checked,0.001,not_checked,not_checked,,,
circle_vm2_importance_n200,382,2026491983,True,ok,0.003855704320404829,0.560732367945898,0.005688753273984398,1.584029843507452,1.8986075828407594,0.3829955935331698,0.3732302927877965,0.3870103696227986,0.46248513454017426,0.5532320579314394,153.53296873757407,200.0,0.00909135853135942,1.0706879827182547e-11,8.567347188690471,9,-2.975050761300224e-16,-9.194034422677078e-17,,-0.020874057672760182,0.684994906728039,0.9318150426118537,0.15845751752051154,2.1097790181556775e-11,0.00135170784778893,not_checked,0.001,not_checked,not_checked,,,
circle_vm2_importance_n200,383,2026491984,True,ok,0.0011832566226974706,0.5742593598976926,0.003186973235574684,0.4626479100197014,0.5599985416873801,0.742248450628366,0.7472394523364794,0.7557842925404106,0.78926643788451,0.8346905081580063,152.70928409359442,200.0,0.009206260646260985,1.8462775752681182e-10,12.91830085171505,8,2.1481653912289178e-11,1.476683358925257e-16,,0.005327369529643411,0.6957592815882946,0.9036709397064766,0.14802504283195161,3.9197800560941687e-10,0.0012240002397447824,not_checked,0.001,not_checked,not_checked,,,
circle_vm2_importance_n200,384,2026491985,True,ok,0.0018400593415273114,0.5378295042374301,0.003947103785064639,0.7501177445871225,0.8927487458288216,0.6316269356559632,0.6260957305641959,0.6399441494540477,0.692108967479347,0.7591615476596092,149.74554094506738,200.0,0.009220485277816808,3.2809310823722626e-12,8.202196384346164,9,1.431146867680866e-17,-3.0357660829594124e-17,,-0.007047003988098988,0.762898462929388,0.8404933770684325,0.17941530540126002,6.260103546651408e-12,0.0013426248915493488,not_checked,0.001,not_checked,not_checked,,,
circle_vm2_importance_n200,385,2026491986,True,ok,0.005262106810349554,0.6056919875478115,0.00632137920333487,2.1333479283738077,2.9181964304381807,0.2627375426004699,0.2580451325906823,0.23244579632537948,0.3490914481326603,0.45382619823926396,150.13776914295906,200.0,0.009248721160514629,9.187173244384894e-11,11.618495157984956,9,-3.2439329000766293e-16,1.2576745200831851e-16,,-0.014252602116993085,0.6991545533221338,0.8790102101421252,0.14110185149027396,1.9347434765393245e-10,0.001330709084868431,not_checked,0.001,not_checked,not_checked,,,
circle_vm2_importance_n200,386,2026491987,True,ok,0.0037140275428730884,0.5765364790431164,0.00546069704337461,1.5307148764532967,1.8468771302404154,0.399393889679341,0.3884220752882678,0.3971510607028008,0.4757772442380749,0.5627737943281985,154.78547512564973,200.0,0.008993259824892762,2.3356538925156656e-11,8.937825177029936,9,-5.334274688628682e-17,1.457167719820518e-16,,-0.022551929652030678,0.7788895783390968,0.8403952464691999,0.16441918945725909,4.711764312048672e-11,0.0013358339201658964,not_checked,0.001,not_checked,not_checked,,,
circle_vm2_importance_n200,387,2026491988,True,ok,0.006783084689186092,0.598628489308952,0.00768116643496788,2.78529124016321,3.052037196950501,0.19540231662663635,0.18714303980722563,0.2173995012457917,0.257530546729797,0.34599553482222184,156.46707328271944,200.0,0.009097691416970397,6.645384242887076e-11,10.345018332380072,9,-1.030078800035028e-14,1.214306433183765e-17,,-0.03602868224438671,0.7504863968555971,0.912769447588609,0.15150457130716866,1.385138670428887e-10,0.001336042070761323,not_checked,0.001,not_checked,not_checked,,,
circle_vm2_importance_n200,388,2026491989,True,ok,0.00011243085862178148,0.522230939446811,0.0010005313564723838,0.04513264780166654,0.05090612701358219,0.9733378100371455,0.9732440582794961,0.9748681347835118,0.977764757900439,0.9833609487702428,149.23870031089825,200.0,0.009488330639869707,1.4239720513842258e-12,8.69075684776963,8,-3.185928083848655e-16,-2.432407573971229e-16,,-8.015217647697193e-05,0.7768887967281832,0.8911338675384717,0.18496882917709867,2.6405544417684723e-12,0.0012168341781944036,not_checked,0.001,not_checked,not_checked,,,
circle_vm2_importance_n200,389,2026491990,True,ok,0.002271226853987285,0.6561519686535637,0.003988354122154353,0.9430042966453858,1.3541570449788993,0.5583865678541258,0.54619254913689,0.5080992266180224,0.6349269216058153,0.7017089943658731,155.96702646386777,200.0,0.008780111192805994,6.661338147750939e-16,12.11016570329598,10,-7.28583859910259e-17,1.0495077029659683e-16,,-0.01725677752523591,0.6825035395203652,0.8859758689149189,0.11765401216586091,1.5543122344752192e-15,0.001434708246961236,not_checked,0.001,not_checked,not_checked,,,
circle_vm2_importance_n200,390,2026491991,True,ok,0.007267784235869934,0.5682367751668675,0.007762296628134165,3.0622387831357156,3.602239186913149,0.19053205252765726,0.17455718692398164,0.16511392422951313,0.2337374394631808,0.3376107695925097,149.40751968917274,200.0,0.009688789799073973,1.5533574426740415e-11,7.2290429163649454,9,-1.085208312101571e-13,-1.214306433183765e-17,,-0.077562544393871,0.7446034307451738,1.012261877793346,0.16160680608794706,3.100097956121317e-11,0.0013362080790102482,not_checked,0.001,not_checked,not_checked,,,
circle_vm2_importance_n200,391,2026491992,True,ok,0.0034662707380623825,0.5016159090844985,0.005370963056422112,1.3683637059141405,1.7026884940191411,0.43203631412427035,0.43680662854199004,0.42684076670102733,0.49994651933412015,0.6016250654488163,146.59006204927178,200.0,0.009644213569620903,4.474198789239381e-13,9.37252641190938,9,-8.500145032286355e-17,-4.2934406030425976e-17,,0.009072294655406266,0.802598451684579,0.8498829989584216,0.20625002639421033,8.035794252236883e-13,0.0013345840852707624,not_checked,0.001,not_checked,not_checked,,,
circle_vm2_importance_n200,392,2026491993,True,ok,0.009430103268022405,0.5976521377780701,0.008852626807999807,3.999143486490569,4.916578906528828,0.09264140420913827,0.080351116010869,0.08558121650515842,0.15167417360849056,0.24322954836375793,149.91878645255508,200.0,0.009131916182050368,6.349110126535606e-11,8.084664043191138,9,-1.534199850494744e-12,-5.204170427930421e-17,,-0.1135510896408034,0.7126583303694698,0.8713532154544215,0.1441360573235147,1.3221068684288184e-10,0.0013381659518927336,not_checked,0.001,not_checked,not_checked,,,
circle_vm2_importance_n200,393,2026491994,True,ok,0.0033002927345355815,0.6221159160193199,0.004731967634475121,1.3826919297969018,2.034188655621151,0.43834395464135706,0.42172664369120383,0.36164423457691036,0.5168210753304247,0.6020933747000597,153.7265870136359,200.0,0.009019472158015416,1.9129808848106222e-10,9.690274020891216,9,-1.83100062889352e-15,9.237402509576498e-17,,-0.03128741799133461,0.6285076306042898,0.9968077521141112,0.12078009523332976,4.128564157213077e-10,0.0013316257391124964,not_checked,0.001,not_checked,not_checked,,,
circle_vm2_importance_n200,394,2026491995,True,ok,0.0012822502256835122,0.5872267167476883,0.0032207803779203455,0.4992485259901768,0.6294113390734597,0.7200792373248281,0.7263976300667923,0.7300037049805703,0.7737936483499157,0.8205976559756774,154.1995091861859,200.0,0.009068572882840189,3.900912926013689e-11,13.944196264228847,9,8.456776945386935e-17,2.190088388420719e-17,,0.006825782141614056,0.7211985218184598,0.8447230483620838,0.15766280911222078,7.990652584055624e-11,0.0013368329964578152,not_checked,0.001,not_checked,not_checked,,,
circle_vm2_importance_n200,395,2026491996,True,ok,0.0002323159403270214,0.6199511116338734,0.0013029355266196735,0.09391044920000724,0.13172534845574776,0.9412451964368322,0.9406420894651605,0.9362594280127229,0.9545997005849234,0.964335395488045,156.32213700044215,200.0,0.008759295189776651,1.73767666922231e-10,12.23898413600334,8,-2.4871489416600223e-14,-1.0397498834135988e-16,,-0.0004920365345993383,0.6497806792432845,0.9053932998260463,0.12263254016019733,3.7416381104549146e-10,0.0012130839750170708,not_checked,0.001,not_checked,not_checked,,,
circle_vm2_importance_n200,396,2026491997,True,ok,0.00023752409630772853,0.5789390422462113,0.0013738951800982085,0.09393370186911452,0.11845791652799181,0.9414712026237502,0.9421144400586037,0.9424909533591244,0.9536058774454175,0.9638225273773157,155.1341616447215,200.0,0.008953282887991127,2.622846384525701e-11,12.082565629817969,8,2.321897557035213e-14,3.0466081046842675e-17,,0.000537968326988443,0.7699512038944958,0.8057584197726998,0.16232960930492754,5.311262540885764e-11,0.0012275839690119028,not_checked,0.001,not_checked,not_checked,,,
circle_vm2_importance_n200,397,2026491998,True,ok,0.0009296859509930755,0.5750737567623669,0.0026614603393379835,0.3657192167112965,0.48790300716225254,0.7894865388706542,0.7925809199113611,0.7835256315287144,0.8303257459393072,0.8672413089130473,153.21089284225647,200.0,0.0090866665878979,4.876343773219105e-11,12.42526764087657,8,4.546200980774795e-12,-9.497611030973019e-17,,0.003077581842966859,0.7488054221144845,0.8261249216870378,0.1604524154994144,1.021627227260069e-10,0.001224458683282137,not_checked,0.001,not_checked,not_checked,,,
circle_vm2_importance_n200,398,2026491999,True,ok,0.008162269479935924,0.5796202086462683,0.00796804967444077,3.4457006302452884,4.316793109135112,0.14013078804392465,0.1257062415721935,0.11551018690849843,0.19544937275426438,0.28924812191328775,151.9761640965039,200.0,0.009254155898967085,2.713496094486345e-11,7.59304992182665,9,-3.157578365442504e-13,-2.42861286636753e-17,,-0.09039641913545937,0.7821861787295037,0.8792401001725496,0.16288714461487938,5.4940496596600497e-11,0.0013338751159608364,not_checked,0.001,not_checked,not_checked,,,
circle_vm2_importance_n200,399,2026492000,True,ok,1.919588624943458e-06,0.5803748776763826,0.00013408552036175058,0.0007683926474594052,0.0008212707639758946,0.9995289367857592,0.99952859502933,0.9995894489171814,0.9996161559619908,0.999707722323611,152.2828349965512,200.0,0.009336300406701109,2.812750032887834e-11,11.135640436751338,7,-4.382438354810607e-14,4.9751327189928585e-17,,-2.7859874101102133e-07,0.7042074900919122,0.9427803085987354,0.14952900494136687,5.703726380090757e-11,0.0011149581987410784,not_checked,0.001,not_checked,not_checked,,,
circle_vm2_importance_n200,400,2026492001,True,ok,0.0009828254794530533,0.6287834631551419,0.0026772823833125254,0.4025273479276169,0.5453329812533814,0.7763370764357533,0.7716544669817675,0.7613466615398778,0.821547850165586,0.858297939103387,155.47418600067977,200.0,0.008809034611427964,7.771561172376096e-16,11.654874204662505,10,-1.2533377113932431e-16,-1.8518173106052416e-16,,-0.00469857807319779,0.7273559633806612,0.8283504178477806,0.13915328564457785,1.9984014443252818e-15,0.001441208878532052,not_checked,0.001,not_checked,not_checked,,,
circle_vm2_importance_n200,401,2026492002,True,ok,0.0016043930384872507,0.6607717640242663,0.003581628257645304,0.6595641689089926,0.8251194606473291,0.650542466890061,0.6428327182526137,0.6619536568038088,0.7255113171340699,0.7769971784544099,157.2672991599333,200.0,0.008587359900959554,1.6653345369377348e-15,13.176586556086384,10,-2.5413698923060224e-16,-2.888314587501384e-16,,-0.00890347675704617,0.690563295635557,0.8055466658840492,0.1197048432252278,3.774758283725532e-15,0.0014454580377787352,not_checked,0.001,not_checked,not_checked,,,
circle_vm2_importance_n200,402,2026492003,True,ok,0.0002066164889589217,0.5945673947980143,0.0012192687197776669,0.08354169664224743,0.11594875634226275,0.9507530518893141,0.9502332987031927,0.9436741257840091,0.9595188694655633,0.9689991365196869,152.41551318095938,200.0,0.009299460238980728,5.502454047956462e-11,10.983919968333169,8,-1.510765254217339e-14,2.0198686473404948e-16,,-0.00044755052933937584,0.7161817983162463,0.9344878672009371,0.14404290571463166,1.14042331134101e-10,0.0012264999095350504,not_checked,0.001,not_checked,not_checked,,,
circle_vm2_importance_n200,403,2026492004,True,ok,0.012374303822143995,0.6528776151764952,0.009294928071901676,5.41941930519101,7.3943691153302264,0.05556816337838841,0.042416507093622435,0.024793232213637224,0.08417470955518547,0.15348406762529343,151.455672840362,200.0,0.009364009547983611,6.106226635438361e-16,8.46430375406971,11,1.9081958235744878e-17,8.326672684688674e-17,,-0.2348488881667059,0.7328838457054554,0.972134231527051,0.12721987914368252,1.1102230246251565e-15,0.0015547920484095812,not_checked,0.001,not_checked,not_checked,,,
circle_vm2_importance_n200,404,2026492005,True,ok,0.0036982515219203815,0.499725238798826,0.005579409006373001,1.4425217897686076,1.7656900473177544,0.4071416355334345,0.4163387126416568,0.4136045215532863,0.4772807893414095,0.578015850071045,148.21976957718138,200.0,0.009548625885974712,4.0112357879706906e-13,10.208470969177302,9,2.467644144577008e-16,2.2724877535296173e-16,,0.018389409499772524,0.8025430848662254,0.8439829658698803,0.2074980507403467,7.185363415374013e-13,0.0013283761218190193,not_checked,0.001,not_checked,not_checked,,,
circle_vm2_importance_n200,405,2026492006,True,ok,0.0029341439267729363,0.5475689081104982,0.004879231186626123,1.2120471316606545,1.5000002391603122,0.5042022033686069,0.4930534492302737,0.4723664962553521,0.5560879658114787,0.6494583759201747,147.10134950430933,200.0,0.00978788380946398,5.478062448105447e-12,7.673460131296093,9,-3.660266534311063e-16,-3.3957212042246e-16,,-0.01919478047573997,0.7748594703761493,0.9445829761219402,0.17416744901009026,1.057243181890044e-11,0.0013365407940000296,not_checked,0.001,not_checked,not_checked,,,
circle_vm2_importance_n200,406,2026492007,True,ok,0.006696395607985073,0.5187480793781918,0.007768847737171847,2.5466083619712654,2.9061291387611483,0.19892400484978767,0.21533052535089586,0.23385253154043026,0.26203449552017505,0.3705181763866863,148.26674445459201,200.0,0.009731507985832999,1.1759482276829658e-12,13.164362061506312,9,2.239007590443265e-14,2.688821387764051e-16,,0.06597494061138187,0.7482682032452312,0.9119970869063119,0.18745977231453856,2.1678214778830807e-12,0.0013303749728947878,not_checked,0.001,not_checked,not_checked,,,
circle_vm2_importance_n200,407,2026492008,True,ok,3.291012806005966e-05,0.5746945408990598,0.0005095862408501518,0.013108567018759917,0.01663182963822255,0.9916996309653652,0.9917344705921898,0.9917185667523901,0.9934395884710845,0.9949319370217249,154.38861730626655,200.0,0.008984117070854216,2.134470378223341e-11,11.285905402634874,8,8.787458607995013e-17,8.982614999042404e-17,,2.774210263197397e-05,0.7792183084056459,0.8002902544720107,0.16495345452642388,4.2967185365228033e-11,0.0012147091329097748,not_checked,0.001,not_checked,not_checked,,,
circle_vm2_importance_n200,408,2026492009,True,ok,0.0015114044156265827,0.5036024548381572,0.0035067217543505603,0.5954398618580248,0.7236795572392489,0.7137255500990021,0.7173642566342722,0.6963939361014493,0.73913042646563,0.7997812472084986,147.82081313608467,200.0,0.010088658407155005,1.0845591091879214e-10,9.499742860682337,8,1.0759091968043366e-11,-1.7433970933566911e-16,,0.004560952196304147,0.8183259180329273,0.980337728762327,0.2042609053131567,2.04407824000441e-10,0.00122104212641716,not_checked,0.001,not_checked,not_checked,,,
circle_vm2_importance_n200,409,2026492010,True,ok,0.0013573131424435836,0.6495110250202836,0.003420961007618589,0.542376147914667,0.6423875614449754,0.6945378567920693,0.6947934986168638,0.7252826915677479,0.7622637698848226,0.8087040403165818,156.42835554296545,200.0,0.00870928276743612,1.5153611698792702e-10,15.146558406217425,9,7.432943149865423e-13,-1.1709383462843448e-17,,0.00027455453138319763,0.646654866307549,0.8546520596660303,0.11335470793230996,3.4160474449151934e-10,0.0013248331379145384,not_checked,0.001,not_checked,not_checked,,,
circle_vm2_importance_n200,410,2026492011,True,ok,0.007843325175779237,0.5151567179950354,0.008522671915945194,3.052483352626806,3.206626609289528,0.16447857638428687,0.17265961962113618,0.20122868030963326,0.20832310082588124,0.30074087519001447,153.18837837818953,200.0,0.009613814794298266,9.634515407697108e-13,11.14992815108387,9,5.242334344401911e-15,2.42861286636753e-16,,0.0424233588424443,0.7716703485837199,0.9675340952159196,0.18535452016745657,1.7672530105983242e-12,0.001319041009992361,not_checked,0.001,not_checked,not_checked,,,
circle_vm2_importance_n200,411,2026492012,True,ok,0.00339838105525625,0.5162128442511411,0.005443285577138355,1.3397641658816801,1.507690148181898,0.45393451547874275,0.4591283954165549,0.47055375575046476,0.5067810559085143,0.5974111408884815,151.58680443372043,200.0,0.009631297858443728,1.0205170042354439e-12,9.975605043041933,9,-1.5785983631388945e-16,-1.8951853975046618e-16,,0.009794128110409916,0.8240500636573249,0.8980419694945336,0.20026158399339966,1.8742785101721893e-12,0.0013208750169724226,not_checked,0.001,not_checked,not_checked,,,
circle_vm2_importance_n200,412,2026492013,True,ok,0.004273692082840785,0.6137766971313916,0.0055895237706292235,1.7267915113271035,2.417265141094724,0.31561013980562624,0.3119469118883399,0.2986053220936726,0.42539445267036224,0.5157001677834419,154.95495223750808,200.0,0.008615971298597895,1.312022712696148e-10,12.251879181758557,9,-2.0469737016526324e-16,-1.1449174941446927e-16,,-0.008657339095394678,0.7099723188290621,0.772908683900662,0.14166566547745257,2.8189650613796857e-10,0.0013229157775640488,not_checked,0.001,not_checked,not_checked,,,
circle_vm2_importance_n200,413,2026492014,True,ok,0.011973509405520888,0.558122808794435,0.010289836305348146,4.885027371187121,5.801038063981302,0.046607642995412146,0.043858621944776965,0.05499466865515559,0.09119986327285032,0.1723334312256454,146.85119170581137,200.0,0.009272755404010532,9.367284725669833e-12,9.376656395220241,9,-1.3816725541460073e-13,1.2836953722228372e-16,,-0.047811804489382936,0.7057359359166675,0.8526543105663654,0.15461057197989236,1.8425927450493873e-11,0.0013314171228557825,not_checked,0.001,not_checked,not_checked,,,
circle_vm2_importance_n200,414,2026492015,True,ok,0.0013770196162097292,0.5674954811427839,0.0032814787337832425,0.5441431456447905,0.7114860851984581,0.7062730369592651,0.7092508189705804,0.7006526349861301,0.7592653763457313,0.8111090929502159,152.03321351716525,200.0,0.00915426854401796,1.0557366092456277e-10,11.73594071486954,8,8.760399957535858e-12,1.227316859253591e-16,,0.0033323504195506004,0.7646741095744144,0.8200284470266679,0.16985285990645704,2.176394620079236e-10,0.001397457905113697,not_checked,0.001,not_checked,not_checked,,,
circle_vm2_importance_n200,415,2026492016,True,ok,0.003958354362787242,0.5815144886081551,0.005798452003561593,1.5494833136327544,1.907991679181234,0.36128681834163534,0.3692300503394115,0.38519875174892243,0.4530871116412556,0.5486608177426986,151.64757667062918,200.0,0.009148846787529497,2.97110114289012e-11,13.419327603509188,9,2.3245294578089215e-16,1.8214596497756474e-16,,0.016929215741071202,0.7276633102550842,0.8291805742003281,0.15492055783533973,6.034928112796933e-11,0.0013449587859213352,not_checked,0.001,not_checked,not_checked,,,
circle_vm2_importance_n200,416,2026492017,True,ok,0.001884176364545631,0.5308977493608731,0.00407006928057749,0.7651849648161693,0.8472351549125827,0.6506009528517402,0.6463427010279716,0.6546741962143079,0.6860290721621389,0.7545224811367834,149.4924840613015,200.0,0.009756960156224893,2.2745139105495582e-12,8.234809285323669,9,-4.336808689942018e-18,-2.7321894746634712e-17,,-0.0057572094989584155,0.8501010617473199,0.9038433982647078,0.20081687345839605,4.279465670720128e-12,0.0013360418379306793,not_checked,0.001,not_checked,not_checked,,,
circle_vm2_importance_n200,417,2026492018,True,ok,0.005546027026944067,0.53566474946797,0.007318505589379885,2.1197634792567284,2.2144650158713626,0.2707104778724311,0.2868092761576666,0.3304722760978042,0.32982093091585596,0.43114133033755486,151.69766139373144,200.0,0.009711758234790405,2.9305446958005632e-12,13.414326364003234,9,5.492134524942571e-15,-7.45931094670027e-17,,0.04932366576044922,0.7357427108887137,0.9674152153412007,0.17705991931128792,5.562217353372034e-12,0.0013314997777342796,not_checked,0.001,not_checked,not_checked,,,
circle_vm2_importance_n200,418,2026492019,True,ok,0.006138445509612955,0.595235943256073,0.007056588500336786,2.5610576910222775,3.020232829076085,0.24243830454590082,0.22813466486747125,0.22088426232321107,0.29296881709590444,0.39096730864154844,152.99171926083815,200.0,0.009482928582873253,5.6579074758644765e-11,8.958958767512588,9,-2.4273985599343462e-14,2.0729945537922845e-16,,-0.052839743588547705,0.790644049205362,0.94412079349129,0.1586418451110507,1.1776513098027408e-10,0.001325707882642746,not_checked,0.001,not_checked,not_checked,,,
circle_vm2_importance_n200,419,2026492020,True,ok,0.0037668398222978627,0.5474078650512715,0.005261668505803295,1.4447840913198693,2.044828761581954,0.3882500020148769,0.40352165880195623,0.35972537682712774,0.470778315044855,0.5646136290901607,151.74885342804632,200.0,0.009319892324606085,5.438205441521404e-12,13.511731929667905,9,5.108760636751697e-16,6.895525817007808e-17,,0.030975918799637903,0.6523849152154467,0.9552611502874557,0.15127241921730972,1.0482725798510728e-11,0.0013101249933242798,not_checked,0.001,not_checked,not_checked,,,
circle_vm2_importance_n200,420,2026492021,True,ok,0.00635022391880935,0.6071721981526128,0.007184584866815969,2.513577753926678,2.9952107787341853,0.23240490306542333,0.23596412276088413,0.22366511024541463,0.2808190453635162,0.3736866886375144,155.00832351129765,200.0,0.009630404988404643,9.713996274030023e-11,13.943555096646763,9,1.0894063429134349e-15,-8.673617379884035e-17,,0.013255906798530948,0.8043152530226954,0.9377153682422377,0.16358787864518073,2.0737989103736254e-10,0.0013106241822242737,not_checked,0.001,not_checked,not_checked,,,
circle_vm2_importance_n200,421,2026492022,True,ok,0.005771419128397515,0.6421451302550663,0.006395329976399167,2.44441984949881,3.4339849565429392,0.23405835336111458,0.21497088035604683,0.17960550389805788,0.31528325383751094,0.4129687680269002,153.2349828381049,200.0,0.008986586291650485,6.73683331342545e-13,10.00571051705711,10,-1.729866250244072e-13,3.2786273695961654e-16,,-0.06792609906990199,0.7096857923298672,0.8825948353935443,0.1291457003324475,1.3238299345630367e-12,0.0014587079640477896,not_checked,0.001,not_checked,not_checked,,,
circle_vm2_importance_n200,422,2026492023,True,ok,0.0007980078618361475,0.5168847113654151,0.0025464479129549966,0.3142671073235972,0.39100207902277445,0.830197425578439,0.832589419174713,0.822422488646196,0.8524833742444162,0.8889546845881618,147.5035821867971,200.0,0.00984729838261795,1.7794987705599397e-11,9.938003580382045,8,1.5402198830574698e-12,1.214306433183765e-16,,0.0024680187054308966,0.8033370740573524,0.9152723129511642,0.1939877424167446,3.439026841078885e-11,0.001228666864335537,not_checked,0.001,not_checked,not_checked,,,
circle_vm2_importance_n200,423,2026492024,True,ok,0.00018526912176519694,0.5635622046267859,0.0012466651122243037,0.07457663138874382,0.08935111619426189,0.9571295513763229,0.9568641912202884,0.9563076977960514,0.963624267500418,0.9727002025434967,149.40083169239287,200.0,0.009652813264726105,1.2329692822277138e-11,9.993574503984222,8,-2.188489190216303e-15,-5.442694905877232e-17,,-0.00023449134133252114,0.8150590768191047,0.877380998177456,0.17633585081640799,2.4410695687038242e-11,0.0012279171496629715,not_checked,0.001,not_checked,not_checked,,,
circle_vm2_importance_n200,424,2026492025,True,ok,0.0010488472787633096,0.591618477708487,0.0029149783268433934,0.4218528571190594,0.5109212630612173,0.7720779720286448,0.7709772757438329,0.774559629187346,0.8107711430482737,0.849704545217162,155.28150483140075,200.0,0.009071777098750148,4.797995334371308e-11,11.314424725408289,8,-1.42619509951869e-12,-4.0115480381963664e-17,,-0.0011569728068677732,0.7955052167418754,0.8266649170256005,0.161795318298495,9.892175967252115e-11,0.0012311660684645176,not_checked,0.001,not_checked,not_checked,,,
circle_vm2_importance_n200,425,2026492026,True,ok,0.001826629275695213,0.5456469579368566,0.0037870931909838312,0.7243439754128688,0.9355237767428062,0.6287531708574217,0.6312694542344319,0.6264026596587922,0.6939704801832269,0.7520575937726042,155.99354192598778,200.0,0.008898390210669849,1.7967405341323683e-10,10.555218455174119,8,1.2185407630843637e-11,2.463307335887066e-16,,0.003153867432608204,0.6687879697731899,0.9213231768262331,0.1523642939926191,3.635407530566681e-10,0.0012168330140411854,not_checked,0.001,not_checked,not_checked,,,
circle_vm2_importance_n200,426,2026492027,True,ok,0.011876430997416199,0.5267820878484635,0.010361910731133071,4.500803188311974,4.905449258908758,0.06406263032610884,0.073993002358585,0.08605878846594316,0.09298787232096929,0.16091689723387229,153.82291312129198,200.0,0.009661287814797359,3.241851231905457e-12,14.197978979736824,9,1.0201214872829212e-12,1.1275702593849246e-16,,0.12488460532725254,0.8098400722926932,0.9177004555809224,0.19325888842599837,7.040590332962893e-12,0.0013476249296218157,not_checked,0.001,not_checked,not_checked,,,
circle_vm2_importance_n200,427,2026492028,True,ok,0.01170863882462636,0.605573198898002,0.009467562746928672,4.711035782732407,6.599796319502539,0.044033760833968635,0.0432372897551712,0.036886923783454324,0.09616135041032216,0.17079192222547104,150.94062759804441,200.0,0.008935221306530907,9.113576560082493e-11,12.717985566952631,9,-9.292740188460158e-14,8.847089727481716e-17,,-0.01379012644093125,0.6747886115259372,0.8209375637510221,0.13622999335853947,1.923978754092559e-10,0.0013475408777594566,not_checked,0.001,not_checked,not_checked,,,
circle_vm2_importance_n200,428,2026492029,True,ok,0.014868374675819807,0.5788368115462601,0.01095704105497339,6.177560885426979,7.140053484875574,0.03352655256347929,0.029420636426570862,0.028155100734202573,0.05111511999818503,0.0997479891287305,155.0343216918385,200.0,0.00939104318849482,2.6071034220365163e-11,9.060882128388181,9,-4.221980404173209e-12,2.0816681711721685e-17,,-0.11510550754952797,0.8012116805616614,0.9461590605859799,0.16734377872102782,5.2843729392293426e-11,0.0013405829668045044,not_checked,0.001,not_checked,not_checked,,,
circle_vm2_importance_n200,429,2026492030,True,ok,0.0017812066061584364,0.5496668272690035,0.003714218840191963,0.7295097910429125,0.9434312581900134,0.635345777351355,0.6284986519290352,0.623930915491583,0.7003036017144733,0.7633791594057628,151.58288646269588,200.0,0.008985846187652729,6.050715484207103e-12,8.289142830182957,9,1.5373986805844453e-16,7.762887554996212e-17,,-0.008513574289768955,0.7397624886033368,0.8331610143486109,0.17193764011399068,1.1820766587788967e-11,0.0013340429868549109,not_checked,0.001,not_checked,not_checked,,,
circle_vm2_importance_n200,430,2026492031,True,ok,0.006700466309057074,0.6158989596321034,0.007328942179093201,2.6380204735100503,3.4584052030015267,0.1663434534096604,0.171093536713462,0.17742583266995665,0.2618212495176638,0.3586638598763911,153.02959604417111,200.0,0.008885692865431349,1.4515721957764072e-10,15.017899515672706,9,4.447830992404533e-15,-2.888314587501384e-16,,0.021083025056389593,0.6939065017373397,0.8007050148633256,0.13593214692751565,3.108380219885021e-10,0.001348624937236309,not_checked,0.001,not_checked,not_checked,,,
circle_vm2_importance_n200,431,2026492032,True,ok,0.004406062205895678,0.5872585455463828,0.006058794281156013,1.6673837832130802,2.0250784278377685,0.32223144069268506,0.34250497778366595,0.3632953228463612,0.414280316544146,0.5001331513214176,157.25627124424912,200.0,0.008931156973821104,3.906563961209031e-11,16.998104643285043,9,9.582612481295882e-15,-7.546047120499111e-17,,0.04752054957259544,0.7337283704621604,0.8236427848448572,0.15886203637772364,8.002865037326501e-11,0.0013458337634801865,not_checked,0.001,not_checked,not_checked,,,
circle_vm2_importance_n200,432,2026492033,True,ok,0.0029784864047552873,0.5646669425489224,0.005041562089765391,1.1680433000166555,1.4173934602040006,0.48455439154304947,0.4914800554107027,0.49228536025737635,0.551178105851234,0.6427634367287451,148.3903123703309,200.0,0.00963864487122844,1.3038903290407688e-11,12.36332876537594,9,3.5648567431323386e-16,2.1250362580715887e-16,,0.01167563094272972,0.7740433978705233,0.8722028578481773,0.1673772189865244,2.5836000006052018e-11,0.0013452910352498293,not_checked,0.001,not_checked,not_checked,,,
circle_vm2_importance_n200,433,2026492034,True,ok,0.00212997051519781,0.6238867358160998,0.004052503021107439,0.8712037321439388,1.106580100337571,0.592392693466232,0.585455810211919,0.5750547357142514,0.6531201935332622,0.7168596855384062,156.28157843388522,200.0,0.009054259262505162,8.881784197001252e-16,11.566932270379802,10,3.2526065174565133e-16,2.389581588158052e-16,,-0.009607763032407401,0.7075426094049142,0.9309651784941286,0.13252954724357457,1.9984014443252818e-15,0.00144912488758564,not_checked,0.001,not_checked,not_checked,,,
circle_vm2_importance_n200,434,2026492035,True,ok,0.00147171320970374,0.5911134831415623,0.0037463181233602506,0.597373426787155,0.6200585647864632,0.7166501654571007,0.7131453235026617,0.7334254794565497,0.7450211722039044,0.8005432976426194,151.1603336119731,200.0,0.009862474046582565,4.625444471884066e-11,10.571953064864296,9,-6.5052130349130266e-18,-4.228388472693467e-17,,-0.004344071452829501,0.7310427919451571,1.0614813104869745,0.15664246475262641,9.653366994655244e-11,0.001339166657999158,not_checked,0.001,not_checked,not_checked,,,
circle_vm2_importance_n200,435,2026492036,True,ok,0.0023263258192649516,0.6536903135377485,0.0041011949078948425,0.9720022662874166,1.3150328764624581,0.5568694793612007,0.5425512260890675,0.5181365620165382,0.6279685685456754,0.6966196101336923,155.40203665432583,200.0,0.008914810446597437,7.771561172376096e-16,11.47452172617084,10,-3.968179951296946e-16,-5.160802341031001e-17,,-0.02073596929071797,0.7153716640693745,0.8801567572731276,0.12716879476733806,1.5543122344752192e-15,0.001451042015105486,not_checked,0.001,not_checked,not_checked,,,
circle_vm2_importance_n200,436,2026492037,True,ok,0.0033054364582194573,0.5262378208570371,0.005365016860755918,1.3190862144568691,1.4795757273849326,0.46963455406902554,0.47046423032946116,0.477215139441601,0.5162896717555054,0.6069040716059517,151.07975712647155,200.0,0.009718454368686241,1.7686963005303369e-12,9.40875159938989,9,8.673617379884035e-18,-1.2967057982926633e-16,,0.0015441844154568951,0.8472419788817734,0.9026742677478699,0.1998554431231853,3.304023721284466e-12,0.0013434998691082,not_checked,0.001,not_checked,not_checked,,,
circle_vm2_importance_n200,437,2026492038,True,ok,0.0033736973005509263,0.5821105854917397,0.0051107538121232575,1.4022607602426456,1.7989101806117016,0.43037528654678325,0.41641784289295763,0.40679126386117237,0.5092890934478058,0.5996757280426418,151.57442342033877,200.0,0.009101961365844085,3.0547453455653795e-11,8.536413579114708,9,-4.896257010944538e-16,-2.0513105103425744e-16,,-0.02639092001113752,0.7748059119268412,0.82629289050309,0.16231618567648745,6.215272740917044e-11,0.001348708989098668,not_checked,0.001,not_checked,not_checked,,,
circle_vm2_importance_n200,438,2026492039,True,ok,0.0016100946346191414,0.5379351394545671,0.0036902184704949333,0.6343565950988701,0.7367668948086163,0.6719964482345984,0.6760223641407574,0.6918518420270883,0.7246844741522591,0.779580027787174,154.64925157927902,200.0,0.009100838046956385,1.736918386896491e-10,10.749153995213758,8,1.7587783226330478e-11,-7.43762690325056e-17,,0.004840629374393224,0.7616292274782961,0.8610239623430359,0.17618591873560327,3.509248447386426e-10,0.0012250421568751335,not_checked,0.001,not_checked,not_checked,,,
circle_vm2_importance_n200,439,2026492040,True,ok,0.012308713327769727,0.5078792630552127,0.00991856992597578,4.637671920267451,5.773079353255474,0.051961465307569496,0.06165889954111099,0.05576885739332028,0.0852861960738278,0.14804227495114716,155.19553941793924,200.0,0.009379018790292518,4.306666134823445e-12,13.865918038924146,9,1.4685093419064543e-12,-5.204170427930421e-17,,0.14290670542022,0.7746823213403022,0.8883363113175223,0.19657729583763914,9.281242441261384e-12,0.001332082785665989,not_checked,0.001,not_checked,not_checked,,,
circle_vm2_importance_n200,440,2026492041,True,ok,0.0012984576083303612,0.5494996656489575,0.0033469002372061517,0.5231164259371969,0.6266782036685613,0.729539536625673,0.7278897654130252,0.7310019864206938,0.7712894752021036,0.8245453896180156,148.57865684403203,200.0,0.00952560578286771,5.1534332357050516e-11,9.440776748969801,8,-2.941703738240653e-12,2.1553939189011828e-16,,-0.0018666913025262022,0.7267155318057854,0.9309708741314516,0.16286173778497892,9.665535039005135e-11,0.001217791810631752,not_checked,0.001,not_checked,not_checked,,,
circle_vm2_importance_n200,441,2026492042,True,ok,0.0002221609958428239,0.5382844983594235,0.0013636386403927038,0.08814218779630559,0.1050727092768101,0.9476987404730342,0.9481125659794162,0.9488198264270838,0.956540452133041,0.9669420493513243,151.31690186687118,200.0,0.009400844037814101,3.3762992401875636e-12,10.129768089405118,8,5.793705359219414e-15,5.193328406205566e-17,,0.0003611052704119849,0.7957445618503709,0.8597158680914643,0.18275563154878696,6.416644993123555e-12,0.0012314990162849426,not_checked,0.001,not_checked,not_checked,,,
circle_vm2_importance_n200,442,2026492043,True,ok,0.0006498741637634975,0.5677320161689592,0.002296656728267866,0.2555666918092884,0.324652306723691,0.8515451214974565,0.853854117501947,0.8501638755106764,0.8781175304435156,0.9060634123263801,151.79243822674715,200.0,0.009337374500322498,1.6861512186494565e-11,12.075476112645035,8,1.4511136433095762e-12,-4.0766001685454967e-17,,0.002191486848055285,0.712110003057582,0.9174108187795064,0.15283495452736037,3.501221534918386e-11,0.0012262919917702675,not_checked,0.001,not_checked,not_checked,,,
circle_vm2_importance_n200,443,2026492044,True,ok,0.004854230535897175,0.5926618976683462,0.006505842916054339,1.8546054397364404,2.119513852176112,0.2915030395100401,0.3080112807322126,0.3465400349351776,0.3787624288772684,0.4643049290348984,158.05054215757426,200.0,0.008943157249290706,5.0382031879792066e-11,16.45304339842371,9,6.6596034242749624e-15,-9.540979117872439e-17,,0.043543387311214765,0.7017485305051717,0.8771318467503404,0.14559945255266235,1.040378894145988e-10,0.0013307498302310705,not_checked,0.001,not_checked,not_checked,,,
circle_vm2_importance_n200,444,2026492045,True,ok,0.0005377055545789933,0.6103032973493141,0.002061913237974194,0.21387865434917744,0.270500525131365,0.872078951836402,0.8727470602897589,0.8734972806610197,0.8980396024614199,0.91940687175604,156.26865065440137,200.0,0.008954289696433946,1.1318168624541158e-10,13.194353727080546,8,1.234759907167704e-13,1.3227266504323154e-16,,0.0006017837412099353,0.7347135590302553,0.8399385615041338,0.14867592114928754,2.3999735532242994e-10,0.0012184169609099627,not_checked,0.001,not_checked,not_checked,,,
circle_vm2_importance_n200,445,2026492046,True,ok,0.002262976150607665,0.5445630896137463,0.0046838545929860755,0.9007737200496359,0.9157610975927205,0.5896910108261162,0.5912051695334573,0.6326230392777157,0.6359755052627305,0.7082722815348428,152.42170390884854,200.0,0.00953684795200145,4.686362409245248e-12,10.23629104824211,9,1.4224732503009818e-16,7.849623728795052e-17,,0.0022083700967150954,0.702996619272752,1.0342974332122772,0.15891177480994098,9.005463041944495e-12,0.00134049984626472,not_checked,0.001,not_checked,not_checked,,,
circle_vm2_importance_n200,446,2026492047,True,ok,0.002176089340993226,0.6318929246110236,0.004378282774141073,0.8858723473757562,0.9719061021490347,0.5769766913974278,0.5713938301926513,0.6151106854213588,0.647123664051567,0.7084613019214931,158.38496819966133,200.0,0.00877645515985484,8.881784197001252e-16,12.397044186969026,10,2.5240226575462543e-16,2.632442874794805e-16,,-0.007718305489232913,0.6804797642503874,0.9147969169616117,0.1259896730241283,1.9984014443252818e-15,0.0014622490853071213,not_checked,0.001,not_checked,not_checked,,,
circle_vm2_importance_n200,447,2026492048,True,ok,0.00035285853663657996,0.5097660168762175,0.001756118971825338,0.14246864754112695,0.1633229977378493,0.9204331853961722,0.9197170504937948,0.921583863083411,0.9318609158742486,0.9490590035098845,148.17356666162198,200.0,0.009700719615138478,7.120970479945754e-13,7.905462455582666,8,-3.0760116676020743e-14,-1.857238321467669e-16,,-0.0006626164432474851,0.7788402357374374,0.929925965684451,0.19787296969074297,1.2940759575030825e-12,0.001232875045388937,not_checked,0.001,not_checked,not_checked,,,
circle_vm2_importance_n200,448,2026492049,True,ok,0.00409961356400701,0.5140907040777498,0.005965205622362066,1.5749996781136637,1.8121796143985627,0.3727807881567681,0.3875996908129149,0.4041012525900761,0.44046569555020143,0.5365759006433521,151.8551062171833,200.0,0.009473223700624306,9.082734564458406e-13,11.939265691992874,9,5.447031714567174e-16,9.194034422677078e-17,,0.03242287374457009,0.7785835805718293,0.8849809764825523,0.1964979060538008,1.6622259124687844e-12,0.001336915884166956,not_checked,0.001,not_checked,not_checked,,,
circle_vm2_importance_n200,449,2026492050,True,ok,0.0013478922861847042,0.6019432352671279,0.0033178268498491635,0.5228163690793659,0.6557886813776519,0.7123791264027814,0.7197350490683481,0.7204391367869271,0.7637013592733097,0.8128662113828481,153.71313178685364,200.0,0.009221405494157522,7.73633379580474e-11,15.104115889716146,9,1.4311468676808659e-16,-4.7704895589362195e-17,,0.008170272697257897,0.7314716381338685,0.8627792808114485,0.15293159357135372,1.6213341780257906e-10,0.001339541980996728,not_checked,0.001,not_checked,not_checked,,,
circle_vm2_importance_n200,450,2026492051,True,ok,0.00037763217797426307,0.5829083608733812,0.0018019071149524587,0.15097280308068245,0.17517127299542906,0.9146677445746358,0.9147109834458513,0.9161404132350693,0.9272552176667349,0.9443904148689215,151.51151464143427,200.0,0.009613370051761784,3.1639357800372636e-11,11.379479547165003,8,1.617521221131124e-15,8.380882793312949e-17,,4.003405451138975e-05,0.7788415065701624,0.9203197043205253,0.16415590060032256,6.464651036708347e-11,0.0012295839842408895,not_checked,0.001,not_checked,not_checked,,,
circle_vm2_importance_n200,451,2026492052,True,ok,0.006725155191778409,0.5482264554372962,0.007112854954243383,2.7666244733745575,3.719184122314161,0.1911691752272619,0.18242942210278973,0.15573614823552573,0.2605316212613518,0.3734781259379927,146.44953359897244,200.0,0.00948825105966726,5.667022406896649e-12,8.164369583317884,9,-3.936087566991375e-15,-1.1709383462843448e-16,,-0.03828119833159693,0.7150767280725543,0.9127799056615888,0.16884976999559487,1.0948797424248369e-11,0.0013423331547528505,not_checked,0.001,not_checked,not_checked,,,
circle_vm2_importance_n200,452,2026492053,True,ok,0.0008505809535397368,0.5631696060298856,0.0026987709301962387,0.3419171020755212,0.3914776162060862,0.8133161672994694,0.8124845965998626,0.8222269656548588,0.8435667962787083,0.8773899310074659,153.78167793987416,200.0,0.009186639192424002,1.2114642622407246e-11,10.117539675464682,8,-4.1075628141873377e-13,-2.5283594662361963e-16,,-0.0008423603298132187,0.7713681080808834,0.8782765551448588,0.16686147176364263,2.3922863690017948e-11,0.001222248887643218,not_checked,0.001,not_checked,not_checked,,,
circle_vm2_importance_n200,453,2026492054,True,ok,0.0015086791148857248,0.5250801628751092,0.003713947606747116,0.6164496323190418,0.6663394808030824,0.7033842479016874,0.6980853868086316,0.7166485396202671,0.7395334068196864,0.7995352385932253,148.2917538150474,200.0,0.009701942924124598,1.6635581800983346e-12,7.6189079407532745,9,6.591949208711867e-17,8.413408858487514e-17,,-0.006488993182375946,0.7875023882161815,0.9326842262398819,0.19220149190416694,3.0973001940992617e-12,0.0013530419673770666,not_checked,0.001,not_checked,not_checked,,,
circle_vm2_importance_n200,454,2026492055,True,ok,0.0026153185632558085,0.6080779713828945,0.004325180080412371,1.0759226996178728,1.468119948653018,0.524622076311799,0.5151102338119586,0.47995641834039304,0.5927018951833183,0.6654956031506176,155.70693900397387,200.0,0.009021948914612086,1.0236012037978526e-10,10.36538948709579,9,-3.5128150388530344e-17,-9.107298248878237e-18,,-0.014897637157774701,0.6899584084585046,0.9453196777192623,0.1347012150691239,2.1634849467488948e-10,0.0013352502137422562,not_checked,0.001,not_checked,not_checked,,,
circle_vm2_importance_n200,455,2026492056,True,ok,0.001608898126438163,0.6026890977936212,0.003502570734920699,0.6261713943757766,0.8380352260538623,0.6484219902625883,0.6560560219161797,0.6576926112081285,0.7248579130839317,0.7758232687676205,157.76668951221512,200.0,0.008588200585076646,7.963241177577629e-11,14.885897694802885,9,1.1015494072452725e-16,4.445228907190568e-17,,0.008693928099744286,0.7333674682738579,0.752274066865949,0.14810219851627998,1.679547612098986e-10,0.0013454989530146122,not_checked,0.001,not_checked,not_checked,,,
circle_vm2_importance_n200,456,2026492057,True,ok,0.0033060688269568317,0.5970358227898331,0.005084342190908365,1.2686320480265936,1.687506587453648,0.4117368436140195,0.4268610508958587,0.43009322402814043,0.5162243787949455,0.595675473057568,156.69948075001136,200.0,0.008708359443723166,6.14959194678022e-11,16.104492707837643,9,3.126839065448195e-16,-3.642919299551295e-17,,0.02689774137806955,0.7045401513058579,0.7870045158997222,0.14116881329366124,1.2837264584675268e-10,0.001344124088063836,not_checked,0.001,not_checked,not_checked,,,
circle_vm2_importance_n200,457,2026492058,True,ok,1.6699974738410006e-05,0.5642541426135563,0.00036764741781792606,0.006672502068085254,0.008246227933661913,0.9957220152803745,0.9957268003426905,0.9958853743973891,0.9966655766307025,0.9974126216912536,155.1338488572115,200.0,0.008840871925792531,1.2708278873674317e-11,10.597073616795557,8,-3.6554553871706585e-17,-4.344601393056757e-17,,3.7439136393742876e-06,0.7373417002696065,0.8231525328233422,0.15905214475151866,2.529421117003494e-11,0.0012359579559415579,not_checked,0.001,not_checked,not_checked,,,
circle_vm2_importance_n200,458,2026492059,True,ok,0.0017741394329908733,0.6068824606441812,0.0038197167849246933,0.6833532962245138,0.8593103043608282,0.6372821135561904,0.6480099150692891,0.650733460049976,0.701294134941187,0.7597349743604314,154.8838943293003,200.0,0.009112306553503315,9.693668090449137e-11,16.112480733314428,9,2.1640675362810669e-16,-4.597017211338539e-17,,0.01315123848591776,0.7461177666100256,0.8307558616969084,0.14920935377828226,2.0458412741675147e-10,0.0013441250193864107,not_checked,0.001,not_checked,not_checked,,,
circle_vm2_importance_n200,459,2026492060,True,ok,0.00754458608169184,0.5798631759306858,0.007726842433873562,3.1701969186682364,3.9110724005559114,0.1462617401021551,0.13278136178491876,0.14148859012939874,0.22114930522064552,0.31123724003444675,154.7069402189255,200.0,0.008765837756015192,2.7217561537895563e-11,7.903244389435681,9,-1.2919006142642075e-13,2.42861286636753e-17,,-0.07618124299575024,0.7176647276116115,0.8524110581553358,0.15146212496252884,5.560796267900514e-11,0.0013436248991638422,not_checked,0.001,not_checked,not_checked,,,
circle_vm2_importance_n200,460,2026492061,True,ok,0.0053793570406630575,0.6512194001129386,0.006411722863866548,2.2590264660749897,2.966449853885808,0.24922974509123347,0.2325888470703311,0.2269047559313474,0.3410004752063401,0.4366765939906354,154.02629182643776,200.0,0.00886144777655755,2.610134330893743e-13,11.127316260902754,10,-6.076476127825359e-14,1.3010426069826053e-16,,-0.05364182490488334,0.7115981710640358,0.8386966737681198,0.13610356503604504,5.282441151166495e-13,0.0014598332345485687,not_checked,0.001,not_checked,not_checked,,,
circle_vm2_importance_n200,461,2026492062,True,ok,0.002552587757937097,0.4635156700641281,0.004746788535065791,1.0098223460226365,1.1268276456382051,0.567901641552812,0.5714403668588599,0.569262382016183,0.600184871782607,0.6866683413328767,147.2638368128422,200.0,0.01010839581833201,4.3853809472693683e-14,8.031313638566415,9,5.160802341031001e-17,6.938893903907228e-18,,0.005606378576101134,0.8634831202858955,0.9423154248823848,0.23064590178506844,7.394085344003543e-14,0.0013567078858613968,not_checked,0.001,not_checked,not_checked,,,
circle_vm2_importance_n200,462,2026492063,True,ok,0.0024987196651329313,0.5678125988739917,0.004541423332460349,0.9613684284980432,1.19505726353326,0.5416341166294891,0.5544388589084275,0.5501696290967771,0.6066859920698433,0.6838774511094856,152.06849642172944,200.0,0.009411189319932555,1.5247247908689587e-11,14.116140095458878,9,9.71445146547012e-17,-1.474514954580286e-17,,0.019059718777564683,0.7551209222723471,0.8781436720402102,0.16390785937045174,3.03412850399809e-11,0.0013481248170137405,not_checked,0.001,not_checked,not_checked,,,
circle_vm2_importance_n200,463,2026492064,True,ok,0.0002019210281467565,0.5650314410239754,0.0012684536459057459,0.0804529329878097,0.10221906672940623,0.9510532849363247,0.9512397145375744,0.9501745890125415,0.9604203693450684,0.9698455697206835,151.63565139274687,200.0,0.009274551278209572,1.3289369604763124e-11,10.868036677686609,8,1.1164571871169482e-15,-7.546047120499111e-17,,0.00015773913544644969,0.7417160184561293,0.8728950569260185,0.1616256749784318,2.6320057244788586e-11,0.0012249161954969168,not_checked,0.001,not_checked,not_checked,,,
circle_vm2_importance_n200,464,2026492065,True,ok,0.01076431124965227,0.6193971419763913,0.009459130327149014,4.566297413672052,5.025444646298158,0.07944942591468768,0.0681935628772691,0.08104730170006039,0.11615122769285424,0.18632628770264034,156.09506899346076,200.0,0.009085142654479563,1.6957124593375283e-10,9.127627335931116,9,-5.304486017099208e-12,-2.1163626406917047e-16,,-0.13028645690557195,0.7902643626507528,0.9087255462326574,0.1562346216582857,3.6483371879114657e-10,0.0013383328914642334,not_checked,0.001,not_checked,not_checked,,,
circle_vm2_importance_n200,465,2026492066,True,ok,0.013439975891561318,0.5055461996489286,0.010759032748348822,5.001117500166262,5.754823882283721,0.041520314250677495,0.0518052681655692,0.05628023106330962,0.06801716505967688,0.1268825825255245,153.60839810137924,200.0,0.009517167001218942,1.5416112830735074e-11,14.995883636903525,9,5.963689611587775e-12,8.673617379884035e-17,,0.18743642822913253,0.7953204017036558,0.8927424248518546,0.19706590228222737,3.377409463212189e-11,0.0013409580569714308,not_checked,0.001,not_checked,not_checked,,,
circle_vm2_importance_n200,466,2026492067,True,ok,0.0004315763092590519,0.5803623846470018,0.0018368123540906242,0.17519438013293237,0.2219502863683809,0.8972593158373452,0.8958159187968131,0.8949609945331503,0.917304994358676,0.9357011708761761,153.99157446338353,200.0,0.008986832367979114,2.8078761538097297e-11,10.06283786465219,8,-3.294211691623472e-13,1.3758525568841051e-16,,-0.0012819282146558086,0.7575197916543245,0.8367223397982431,0.1588457835340761,5.700173666411956e-11,0.0012262500822544098,not_checked,0.001,not_checked,not_checked,,,
circle_vm2_importance_n200,467,2026492068,True,ok,0.003736961611714218,0.5672451173463635,0.005631889520282307,1.4649217248705093,1.7937130010290252,0.389916980916966,0.3973210845706442,0.4078497221404688,0.4735999398857179,0.570073889141637,150.38669241880444,200.0,0.009299221176724107,1.483302369820194e-11,12.569018853125872,9,2.7755575615628914e-17,-1.2750217548429532e-16,,0.014931459907588929,0.7671520754441002,0.8204422585352427,0.1666547516158865,2.947531108077328e-11,0.0013464989606291056,not_checked,0.001,not_checked,not_checked,,,
circle_vm2_importance_n200,468,2026492069,True,ok,0.004809931541911894,0.5659175672347116,0.00622716792670318,1.83289574373347,2.3787977356144414,0.28321246374984643,0.30059624229488024,0.30440419623996307,0.3821330974630986,0.47330028993404905,155.51681411102322,200.0,0.00884756772582128,1.3827938794008787e-11,15.142054806734208,9,5.412337245047638e-15,-8.500145032286355e-17,,0.04553843651564371,0.6942642391978696,0.8331412795663837,0.15009723391832794,2.754529937476491e-11,0.0013421240728348494,not_checked,0.001,not_checked,not_checked,,,
circle_vm2_importance_n200,469,2026492070,True,ok,0.00995560527755357,0.5731053925811309,0.008672392971771033,3.907837851780104,5.0425746735511074,0.09037893063587701,0.09451139803378067,0.0803560947804947,0.1365422681504938,0.20886078307047107,157.30709635592063,200.0,0.009208430536259072,1.97714067340371e-11,13.129696755254468,9,4.3401046645463737e-14,8.326672684688674e-17,,0.03720212962066194,0.7552670806376309,0.9001201132915527,0.16962063632225302,3.966804662525192e-11,0.0013397922739386559,not_checked,0.001,not_checked,not_checked,,,
circle_vm2_importance_n200,470,2026492071,True,ok,0.00577430473145113,0.6230089115541964,0.006996210248458708,2.4097185488647046,2.6837397860443284,0.2575258383630834,0.2429118345853108,0.26135650267824795,0.31510134986881905,0.40706594195065626,155.65165486211478,200.0,0.00921265724789017,1.9834156539388914e-10,10.18170929886921,9,-2.929601006229632e-14,3.2959746043559335e-17,,-0.04999832814212635,0.7489847578597165,0.9576416746094331,0.14126977718660777,4.2990611071047624e-10,0.0013516671024262905,not_checked,0.001,not_checked,not_checked,,,
circle_vm2_importance_n200,471,2026492072,True,ok,0.0031406530510857955,0.5343629404453958,0.004922291158875275,1.2303636606948398,1.689794445275777,0.47199903657464104,0.4793232284326354,0.4296015092517165,0.5335883538607716,0.6311807497291189,146.5182560202734,200.0,0.00985670069009081,2.7374769118182485e-12,11.146649308837732,9,-5.117434254131581e-17,5.4643789493269423e-17,,0.012948779869739191,0.7045648654660319,0.9831359014056769,0.16560957972430507,5.17941245448128e-12,0.001338623696938157,not_checked,0.001,not_checked,not_checked,,,
circle_vm2_importance_n200,472,2026492073,True,ok,0.007280373275191376,0.4769820110387155,0.008196195333234143,2.9513697881634924,3.0738408208634707,0.21027076725439298,0.2059081371189424,0.21504232485637353,0.2331496737509927,0.34194058787802134,147.39879894925284,200.0,0.010281843631394094,1.0413891970983968e-13,6.944993453024286,9,4.336808689942018e-17,1.9255430583342559e-16,,-0.019610239043470923,0.8732800149533441,0.9951225517697468,0.22621358336167202,1.8030021919912542e-13,0.0013429580722004175,not_checked,0.001,not_checked,not_checked,,,
circle_vm2_importance_n200,473,2026492074,True,ok,0.001521573532816456,0.5670749542318294,0.0034104159372923093,0.6113148830202919,0.8192084048002649,0.6791357945564931,0.6779780474538708,0.6639129733016442,0.7376286933282425,0.7938013337767733,151.76529652450952,200.0,0.00909000999573118,9.79237801956856e-11,10.359417391803582,8,-3.751015990871576e-12,-1.3140530330524314e-16,,-0.0013427349468547733,0.7248356485042835,0.85227680379805,0.16069681523327772,1.9213630686465422e-10,0.001228290842846036,not_checked,0.001,not_checked,not_checked,,,
circle_vm2_importance_n200,474,2026492075,True,ok,0.00033991574761227383,0.5283088877022606,0.0016113317298645678,0.1348378247290394,0.1762740949860413,0.9197390519389065,0.9203778610038472,0.9156353825904889,0.934276216444982,0.9495220060530373,152.38062048526902,200.0,0.009239351006003793,1.9770851622524788e-12,9.786859760918409,8,2.2737996381583248e-14,1.57968256531138e-16,,0.000564237157935063,0.7541242713907768,0.8753224816615602,0.18295674229649891,3.706812634618473e-12,0.0012245839461684227,not_checked,0.001,not_checked,not_checked,,,
circle_vm2_importance_n200,475,2026492076,True,ok,0.004218057208298376,0.5666038281968881,0.005860593545826472,1.636497282295527,1.9877107267022314,0.3500279243083867,0.3612447022564804,0.37014688584561956,0.43015423796841,0.516384724882959,156.68426667060945,200.0,0.009041779304406397,1.4369394563118476e-11,13.4885432098889,9,1.0581813203458523e-16,-6.331740687315346e-17,,0.025362800511911643,0.766657957162571,0.841441641357131,0.16457733084000684,2.8528290840768022e-11,0.0013410421088337898,not_checked,0.001,not_checked,not_checked,,,
circle_vm2_importance_n200,476,2026492077,True,ok,0.009135617338352331,0.5287156116733243,0.009213665075586783,3.4452781967304578,3.991777163636715,0.10117042918447502,0.11518326191081382,0.13589284858747758,0.16087566689186408,0.25402344278387146,149.99848078629418,200.0,0.009446228110115697,2.024491685403973e-12,14.558522640748816,9,3.3191505099949836e-13,-2.8102520310824275e-16,,0.1044843693052373,0.6887168432788967,0.9041588674294105,0.16299420526629604,3.791633673699835e-12,0.0013439578469842672,not_checked,0.001,not_checked,not_checked,,,
circle_vm2_importance_n200,477,2026492078,True,ok,0.010164342005986038,0.4917865982978018,0.008988454424260028,3.894367018194225,4.792597653348315,0.09885740162987994,0.10893342888326708,0.09105433828388414,0.13095933796247303,0.21381392725797788,151.77068422920226,200.0,0.009838560865588854,3.097522238704187e-13,11.620909997918476,9,8.346795477010005e-14,1.214306433183765e-16,,0.085684892100095,0.7951233143123605,0.9605883445631392,0.20764668291349483,6.281641873329136e-13,0.0013432090636342764,not_checked,0.001,not_checked,not_checked,,,
circle_vm2_importance_n200,478,2026492079,True,ok,0.003229126716971953,0.6654487451458693,0.0052100132963552185,1.3044699613165975,1.6164472652834243,0.4263215641134772,0.42273867349375305,0.4456489998572145,0.5242296939919182,0.605832420383557,155.19733633924497,200.0,0.008824258857514313,3.3306690738754696e-16,15.30302478379574,10,-1.6479873021779667e-16,-1.7520707107365752e-16,,-0.006409637263908197,0.6773878526975651,0.8428069812045644,0.1135758986119228,6.661338147750939e-16,0.0014603750314563513,not_checked,0.001,not_checked,not_checked,,,
circle_vm2_importance_n200,479,2026492080,True,ok,0.003600460366215197,0.5370541157102076,0.0050877470177868225,1.3801355819259251,1.9637162098679617,0.40312341327796886,0.4186387863359815,0.3746143789366569,0.48670744116436193,0.5746400976170591,153.87236491727498,200.0,0.00912056118241024,3.1560309921019325e-12,13.062185242452012,9,3.903127820947816e-16,-1.214306433183765e-17,,0.03002428228007681,0.7021339660219885,0.8890788850302577,0.16088900653517504,6.001865671123596e-12,0.0013413333799690008,not_checked,0.001,not_checked,not_checked,,,
circle_vm2_importance_n200,480,2026492081,True,ok,0.0003463866757300593,0.5912436581947793,0.0016189381732398436,0.14053654526967624,0.18508629115152048,0.9171489058094786,0.9160151095805088,0.9116098781828871,0.9330678716770975,0.9481303256527586,153.76836232608346,200.0,0.009086056013858623,4.714106882630631e-11,10.573527947354636,8,-1.6255042017271348e-13,2.8471149049469346e-16,,-0.0009909374888262545,0.7543014314337204,0.8505184954392506,0.15368972482170568,9.714296034246672e-11,0.0012257499620318413,not_checked,0.001,not_checked,not_checked,,,
circle_vm2_importance_n200,481,2026492082,True,ok,0.0055131992067594116,0.5899797303848331,0.006707092569296232,2.190573253278869,2.601931742335978,0.2600306479611061,0.26237588755410346,0.27226868951526645,0.33199351567629415,0.420426373123006,157.1657174079137,200.0,0.009098959441830668,4.441225165408014e-11,12.603631740044305,9,2.688821387764051e-16,2.5153490401663703e-17,,0.007353214712447764,0.7895484890054378,0.8480247611125489,0.16107651777876134,9.136780221297158e-11,0.0013526252005249262,not_checked,0.001,not_checked,not_checked,,,
circle_vm2_importance_n200,482,2026492083,True,ok,0.0007604492403379126,0.5900095462282144,0.0023779917857023342,0.31056007841700867,0.4123681785437441,0.8275011140721937,0.8242220755779315,0.8136832721335738,0.8589111057710856,0.889798684577749,153.54087130673477,200.0,0.009045629620170779,5.659506197019937e-11,10.036631228821921,8,-5.415925520557696e-12,2.0111950299606107e-16,,-0.003190191140921811,0.7422277395062422,0.8687634037780816,0.15178338519306647,1.1104961394892143e-10,0.0012228337582200766,not_checked,0.001,not_checked,not_checked,,,
circle_vm2_importance_n200,483,2026492084,True,ok,0.00011737147280821425,0.5524569761358478,0.0009888722958619877,0.04670506100672035,0.056024682319203364,0.9720483448071202,0.9721912979588876,0.9723763664752665,0.9767990833947525,0.9823929799333484,151.3474017416048,200.0,0.00942536933903077,7.051248473999294e-12,10.44656290835586,8,2.564951289557582e-16,7.914675859144182e-18,,0.00012176405828267373,0.808845143045368,0.8476532453529043,0.17926159658552576,1.3697043499405481e-11,0.0012201250065118074,not_checked,0.001,not_checked,not_checked,,,
circle_vm2_importance_n200,484,2026492085,True,ok,0.0028275639319734758,0.5017781080544057,0.004942973813903989,1.1009499200822341,1.2651749395015093,0.5128300315747463,0.5220118857794442,0.531215517146572,0.5680687741193435,0.6523839700616929,151.05652410834247,200.0,0.009566507598338382,4.5141668181258865e-13,10.36566329082328,9,-9.280770596475918e-17,-1.2923689896027213e-16,,0.015037826353578088,0.7929633463081562,0.9030500143870883,0.19673844933762405,8.100187187665142e-13,0.0013406670186668634,not_checked,0.001,not_checked,not_checked,,,
circle_vm2_importance_n200,485,2026492086,True,ok,0.0007391682226127738,0.5252142459800384,0.0025876995864965316,0.29087803178591665,0.32427563400898085,0.8360137561497358,0.8384418359685537,0.850324007356996,0.8625745970161188,0.8951744944112698,149.81246555293424,200.0,0.009528049771360044,1.685862560663054e-11,10.287467961752132,8,1.4541021381778152e-12,1.942890293094024e-16,,0.0023946286295964403,0.7517887535205173,0.9054685502379851,0.18275786669073568,3.28161942064753e-11,0.0012405000161379576,not_checked,0.001,not_checked,not_checked,,,
circle_vm2_importance_n200,486,2026492087,True,ok,5.489448548989806e-05,0.5982287817005363,0.0006639740001083851,0.021976847823161075,0.027682848679003943,0.985856277876562,0.985844092882789,0.9862539277312371,0.9890811510377558,0.9914463767299788,156.48958877145145,200.0,0.00878316528511145,6.513745098857271e-11,11.955039307380591,8,4.013580917269777e-17,3.651050815844936e-17,,-9.526813600925499e-06,0.6740876071847888,0.8811280857229471,0.13607357458633226,1.35900624087526e-10,0.0012224579695612192,not_checked,0.001,not_checked,not_checked,,,
circle_vm2_importance_n200,487,2026492088,True,ok,0.0007753347507941655,0.5362571794050253,0.0026020740353848736,0.30466011635765916,0.35153951682219825,0.8269337135872915,0.8297113889270573,0.8388110903038127,0.8563578422707762,0.8895064342009795,151.01675538134714,200.0,0.009377225694049234,2.5274449200196614e-11,10.819502889834189,8,2.3037353275023875e-12,-1.986258379993444e-16,,0.002736891980003514,0.7662269287798917,0.8687018674504112,0.18327321164423585,5.012323889275194e-11,0.0012240828946232796,not_checked,0.001,not_checked,not_checked,,,
circle_vm2_importance_n200,488,2026492089,True,ok,0.0001605378935585211,0.6586160160114891,0.0011305689807342423,0.06503286060126053,0.08106290266530466,0.9597240544680092,0.9592217937424403,0.9602789619833882,0.9684023969929696,0.9752075427993102,156.38031414684806,200.0,0.008934199034242848,3.4572344986827375e-13,14.307184386685796,9,-1.7877355412004858e-14,2.0854628787758678e-16,,-0.0004088515889260416,0.7592818840463216,0.8033799943215417,0.13690867372149612,7.691625114603085e-13,0.0013352911919355392,not_checked,0.001,not_checked,not_checked,,,
circle_vm2_importance_n200,489,2026492090,True,ok,0.0006883338960346208,0.5817438550727121,0.002218265319464727,0.27877330440762715,0.39171935451306694,0.8424070690508915,0.8406053217084601,0.8221275897834028,0.8713890083097807,0.9008073002265435,151.7634364255779,200.0,0.00921213277768804,3.004840820608479e-11,10.296179349638875,8,-9.779249892510888e-13,-1.5579985218616699e-16,,-0.0017198729968894155,0.7111786974818485,0.9050042228686531,0.15300914233807508,6.10356210017926e-11,0.0012122499756515026,not_checked,0.001,not_checked,not_checked,,,
circle_vm2_importance_n200,490,2026492091,True,ok,0.002182388634256238,0.5978264367743937,0.004276011955537962,0.869162377915625,1.0684994533445695,0.582409630425861,0.583779156918091,0.5861088670728534,0.6463088930600197,0.7206373492486673,150.11957361974908,200.0,0.009439354801004766,6.397271601343846e-11,12.557686040086354,9,-1.0234868508263162e-16,-2.6020852139652106e-18,,0.0018965378934351351,0.7896923033302342,0.8254424205506643,0.15932983993287245,1.3331402648475432e-10,0.0013732502702623606,not_checked,0.001,not_checked,not_checked,,,
circle_vm2_importance_n200,491,2026492092,True,ok,0.00021950043956731058,0.6211104051351912,0.0012836668850640218,0.08892563107847548,0.11858129688662657,0.9464218372199664,0.9457540811652532,0.9424328127165784,0.9570495735161781,0.9665804759509632,154.85489927616283,200.0,0.009040582110314404,1.829922879892365e-10,12.12757777620446,8,-3.659204016182027e-14,-2.4557179206796675e-16,,-0.0005627276257756247,0.7371627695368391,0.8620114342907809,0.13904697991643444,3.9443226462765324e-10,0.0012184989172965288,not_checked,0.001,not_checked,not_checked,,,
circle_vm2_importance_n200,492,2026492093,True,ok,0.004315698123561917,0.5390981094478233,0.0059643393278027,1.769761722548396,2.132209413507854,0.37039818779891076,0.36127682399255934,0.3443472418493301,0.4218355956116069,0.5237084687316382,149.87612394302835,200.0,0.009770319200773305,3.5177416535248085e-12,7.950344007112891,9,-4.683753385137379e-17,-3.8163916471489756e-17,,-0.02174123656181448,0.7729735693033737,0.9708204109134588,0.18629128603739334,6.7061911579457956e-12,0.0013358332216739655,not_checked,0.001,not_checked,not_checked,,,
circle_vm2_importance_n200,493,2026492094,True,ok,0.0035495841866877154,0.5435023955885934,0.005277088176663102,1.377635044876253,1.7331705286737538,0.41728485048679353,0.42824880937533516,0.420384603402039,0.4916850856015673,0.5753807425491433,155.71494217111768,200.0,0.00909997151625991,4.436895295611976e-12,12.321164714754612,9,1.218643241873707e-16,4.0332320816460765e-17,,0.02109931489941652,0.744457626069912,0.88343452036565,0.1682859039911548,8.50652881467795e-12,0.0013432488776743412,not_checked,0.001,not_checked,not_checked,,,
circle_vm2_importance_n200,494,2026492095,True,ok,0.0007733088869232851,0.5731650293941588,0.0025962234568930125,0.3034266737065684,0.3491964487840522,0.8279577094926429,0.8309423920779968,0.8397943618872734,0.8567048854548935,0.8882817390777652,153.1940400242233,200.0,0.009323788240820769,3.79460907140583e-11,12.523879627856656,8,3.624297476717553e-12,9.194034422677078e-17,,0.0029484405313728312,0.7668141287829959,0.8748328818929584,0.1723881051248257,7.952682956613444e-11,0.0012426250614225864,not_checked,0.001,not_checked,not_checked,,,
circle_vm2_importance_n200,495,2026492096,True,ok,0.00976403121965741,0.6015218587901938,0.008786511401923509,4.1824245477548,5.0890936255481,0.10175839978212442,0.08660553838209054,0.07850862302502236,0.1418753755173734,0.22888550985041065,151.01686222229281,200.0,0.009438090438567576,7.581002492429434e-11,7.484662971174115,9,-4.439936265865363e-12,-2.2551405187698492e-17,,-0.138406029945918,0.7810214710790595,0.9271968151953005,0.15623144537696257,1.589315345995601e-10,0.0013404579367488623,not_checked,0.001,not_checked,not_checked,,,
circle_vm2_importance_n200,496,2026492097,True,ok,0.0007188421046675497,0.5746613935608014,0.002406538804738809,0.2866187963147079,0.35406628258270245,0.8360862344306299,0.836563997592422,0.8377520198791475,0.8660882927556663,0.8941709283904399,155.60903610146295,200.0,0.008994977502600773,2.133726528796842e-11,11.258228856272309,8,1.3171571038722574e-13,2.1586465254186393e-16,,0.00045902277615600395,0.7175857301534359,0.8977281861147677,0.15376832395167236,4.28959090470471e-11,0.0012266251724213362,not_checked,0.001,not_checked,not_checked,,,
circle_vm2_importance_n200,497,2026492098,True,ok,0.003009245437714192,0.5807263468386479,0.004736259582358323,1.2378309794110907,1.625278701657527,0.4702208775457662,0.4602706648525313,0.44368547783394574,0.5477977729840605,0.6271549251160478,155.04274710337955,200.0,0.008941879943490822,2.8577473720758917e-11,9.209291637779048,9,-1.6523241108679088e-16,-2.0903417885520525e-16,,-0.01706640216270694,0.7615405954670784,0.8347524641943096,0.1614192060013451,5.8038018835304683e-11,0.0013297910336405039,not_checked,0.001,not_checked,not_checked,,,
circle_vm2_importance_n200,498,2026492099,True,ok,0.00022558001907202474,0.5393264432785134,0.0013716184928842042,0.08985706583612213,0.10721008092527688,0.9479189124105785,0.9481296121465428,0.9478063777543988,0.955886588910771,0.966624971973075,150.4773569361227,200.0,0.009559420555858204,3.5663694220033904e-12,9.871965528692893,8,1.7602564371388407e-15,2.012821333219339e-16,,0.00018747089634388314,0.8305986827181907,0.8566075191431596,0.19050627634047174,6.789679929397607e-12,0.0012263339012861252,not_checked,0.001,not_checked,not_checked,,,
circle_vm2_importance_n200,499,2026492100,True,ok,0.006277862762196662,0.5361002219762714,0.006882490413207612,2.4918753591651677,3.1878327307299483,0.22666365854770615,0.2292537194601214,0.20312852638890824,0.2849126740694957,0.37893503398926454,154.57338582049837,200.0,0.00935374611616506,3.0070390621972365e-12,10.324838760856329,9,9.540979117872439e-17,-7.806255641895632e-18,,0.009634872856748578,0.7776970971165146,0.9155639946791826,0.1879856934533861,5.695444116327053e-12,0.0013345000334084034,not_checked,0.001,not_checked,not_checked,,,
circle_vm2_importance_n200,500,2026492101,True,ok,0.002739897939458613,0.5068126105006223,0.004940146367457375,1.0798155739307385,1.1805914265197832,0.5437368047714164,0.5486383371996493,0.5541633870406464,0.5781166651300487,0.664451279941183,149.20034648096163,200.0,0.009993862656907044,5.995204332975845e-13,9.640445852106726,9,-1.3314002678121994e-16,1.734723475976807e-17,,0.0080718009263534,0.8780939932872024,0.921010090402112,0.21435888523930866,1.0886846979474285e-12,0.0013470000121742487,not_checked,0.001,not_checked,not_checked,,,
circle_vm2_importance_n200,501,2026492102,True,ok,0.003726312969293266,0.5295998837672469,0.005700198169307743,1.530299809324862,1.7227717598581125,0.4245136577744788,0.4149273177163775,0.4225760366693775,0.4746096539946023,0.5733677381519402,149.27033660946836,200.0,0.009727008342959967,2.123745623805462e-12,7.510033953058195,9,1.1102230246251565e-16,1.1882855810441129e-16,,-0.019887310803777813,0.81191713701256,0.9299909238904964,0.18973267938606939,3.984590435379687e-12,0.0013394171837717295,not_checked,0.001,not_checked,not_checked,,,
circle_vm2_importance_n200,502,2026492103,True,ok,0.0004927194635666599,0.5887191059243664,0.0019026806566674042,0.1941568984328309,0.26480747154857787,0.8867903505990586,0.8883754401135608,0.8759872562824924,0.9061559180994242,0.9273601685513098,153.05516244493552,200.0,0.009367399311104405,4.1800896077859306e-11,12.892207082233885,8,5.021176616853973e-13,1.7314708694593506e-16,,0.0014654434969165187,0.7223421449238906,0.930409948749052,0.1480541508717465,8.593681322111024e-11,0.0012189170811325312,not_checked,0.001,not_checked,not_checked,,,
circle_vm2_importance_n200,503,2026492104,True,ok,0.006748480851400895,0.5727649203283678,0.007150023244997306,2.6006853913970547,3.6968203458515045,0.1741301484779778,0.185452579771742,0.1574873450354688,0.25931903750841984,0.3604874943019221,151.18928766270136,200.0,0.009188369327854854,1.9453105792877068e-11,14.628063515015235,9,1.511464564618592e-14,9.367506770274758e-17,,0.049353474581651735,0.6311565157406023,0.9163029190808528,0.14291315934672758,3.89945853385143e-11,0.0013257081154733896,not_checked,0.001,not_checked,not_checked,,,
circle_vm2_importance_n200,504,2026492105,True,ok,0.005595487254385745,0.46120616533260894,0.007266609249320106,2.156136722372598,2.330171404983977,0.27610113276282083,0.28942398678675485,0.3118959306286932,0.3265744110984018,0.44345796997713915,145.32286710535135,200.0,0.0100699915658959,3.985700658404312e-14,9.90490435681233,9,5.620504062164855e-16,1.9081958235744878e-17,,0.04102908969085006,0.8149848043176601,0.9253575283605397,0.223843579918596,6.705747068735946e-14,0.0013445420190691948,not_checked,0.001,not_checked,not_checked,,,
circle_vm2_importance_n200,505,2026492106,True,ok,0.007972199353807996,0.4783289304298739,0.008264374770502446,3.0465270696619533,3.560990750294233,0.15851499603229974,0.17205638860619715,0.16855462880977526,0.20302221533876733,0.3004293943349393,150.84200229587603,200.0,0.009743280938338861,1.1357581541915351e-13,11.222496552212764,9,1.9652682259341248e-14,1.214306433183765e-16,,0.07117633593062256,0.7938978018939686,0.9378598612667761,0.20538675518417826,1.9628743075372768e-13,0.0013372499961405993,not_checked,0.001,not_checked,not_checked,,,
circle_vm2_importance_n200,506,2026492107,True,ok,0.0022168527806896154,0.5568543467986908,0.004493992322915732,0.9136287180166324,1.0120039228012876,0.590033635370812,0.5806863833856137,0.6029011889719023,0.641869314400024,0.7190573524392041,148.77585032358832,200.0,0.009639617264089217,8.81239525796218e-12,8.131079490727346,9,1.457167719820518e-16,2.0860049798621105e-16,,-0.013443802870393096,0.7484434321298133,0.9403937205738677,0.17133273796945483,1.7247980821366582e-11,0.0013447911478579044,not_checked,0.001,not_checked,not_checked,,,
circle_vm2_importance_n200,507,2026492108,True,ok,0.0021820478236609375,0.5496009898469332,0.004357884084349536,0.8451773482004141,0.9946635933218252,0.5788600441948211,0.588954051464988,0.6081511678052813,0.6463529483451718,0.717200557891903,152.33385619332697,200.0,0.009254653324827266,6.088574089346821e-12,12.641129352051724,9,-1.3877787807814457e-16,-7.892991815694472e-17,,0.013820890631980443,0.7163219066703381,0.8868206076323942,0.16940819094723414,1.1779466291272911e-11,0.0013377079740166664,not_checked,0.001,not_checked,not_checked,,,
circle_vm2_importance_n200,508,2026492109,True,ok,0.0005062678614375926,0.5518777800159149,0.0019358212644580415,0.20549987484514146,0.2773107709127189,0.8859644298318667,0.8843813116271777,0.8705279733728635,0.9037038495774475,0.9269431397293447,149.84765776442404,200.0,0.009518859070350197,6.84452494681409e-12,8.954849047522988,8,-4.3622744305693573e-13,1.3509159069169385e-16,,-0.001496365135052205,0.73763823528635,0.9471785330568941,0.1639826153931858,1.3285594846479398e-11,0.0012300419621169567,not_checked,0.001,not_checked,not_checked,,,
circle_vm2_importance_n200,509,2026492110,True,ok,0.00033686254703924057,0.6403435772957571,0.0015767023377966955,0.1360709365049459,0.18508301009240974,0.9147990993659314,0.913997883295133,0.911611373707062,0.9348468972034151,0.9483349752971966,157.4751783389591,200.0,0.008632264625778823,1.4928058789109855e-12,13.428737514429713,9,-8.247780713607766e-14,2.3830763751231387e-16,,-0.0006629588446248336,0.717418861450899,0.7977421365451125,0.14019078869413346,3.2589486664846845e-12,0.001325875986367464,not_checked,0.001,not_checked,not_checked,,,
circle_vm2_importance_n200,510,2026492111,True,ok,0.0015333095964640275,0.6214975125611877,0.003352615038775036,0.5993801560604868,0.8268248087187653,0.6786589972442469,0.6846539786692765,0.6613894666771227,0.7358993522292983,0.7855658324772915,157.4052726914497,200.0,0.008959062380314988,1.8610712970712484e-10,15.593254756825042,9,1.3574211199518516e-16,4.2500725161431774e-17,,0.006971841262562117,0.6817323154428605,0.9141976655092263,0.12948027853488916,4.014280019504213e-10,0.0013437089510262012,not_checked,0.001,not_checked,not_checked,,,
circle_vm2_importance_n200,511,2026492112,True,ok,0.004325801430542731,0.5180304036915082,0.005963968140072137,1.7244407104149424,2.1819049631966307,0.3499086143995688,0.3511573455440745,0.3358964061463822,0.4209840693209159,0.5318942748814166,145.94071201666347,200.0,0.009676949736527031,1.1290968160437842e-12,9.244810009976147,9,-1.1535911115245767e-16,-8.673617379884035e-17,,0.0029399309010749164,0.7594257753423349,0.8908541601775438,0.18726146797586626,2.0796697697278432e-12,0.001336249290034175,not_checked,0.001,not_checked,not_checked,,,
circle_vm2_importance_n200,512,2026492113,True,ok,0.002741788918053434,0.6385778521801879,0.004536371203837455,1.1336926159719996,1.52182148078582,0.5150884362332269,0.5037175538086809,0.4672406981980627,0.577898065221615,0.6599972822146216,151.5505293244023,200.0,0.009385141252884636,4.440892098500626e-16,11.494430618401866,10,-4.119968255444917e-17,-2.688821387764051e-17,,-0.01848852437531301,0.740291636959439,0.9193066399008117,0.1355801440840798,8.881784197001252e-16,0.0014467909932136536,not_checked,0.001,not_checked,not_checked,,,
circle_vm2_importance_n200,513,2026492114,True,ok,0.0007052889116594407,0.49799427949632347,0.002479590329284702,0.2783808254929836,0.32709559496312474,0.8464068497819672,0.8482749562320366,0.8491259119514917,0.8684391298098454,0.8999645694447689,149.44213920553187,200.0,0.00963118922633559,7.861378215068271e-12,9.135132100182268,8,6.07921590671523e-13,1.0039712117215771e-16,,0.0018673695853963501,0.7069225587025892,1.0095106708812225,0.17649273909241017,1.4647838497694465e-11,0.0012361251283437014,not_checked,0.001,not_checked,not_checked,,,
circle_vm2_importance_n200,514,2026492115,True,ok,0.007618461531315512,0.6363997798167949,0.00786224386283156,3.215970425998518,4.0411701004107705,0.14504061669477175,0.13035604659443895,0.13257787767150886,0.21790582471229672,0.3151575541720296,151.5637492530242,200.0,0.009108073706218531,2.3085977574055505e-12,10.103203227344597,10,-6.052588985561158e-13,8.239936510889834e-17,,-0.08429290673615641,0.7614609848535755,0.8169218706621191,0.13814383812993583,4.476863324498481e-12,0.001441375119611621,not_checked,0.001,not_checked,not_checked,,,
circle_vm2_importance_n200,515,2026492116,True,ok,0.006131268987134009,0.5784906723197498,0.007045659816602378,2.5280128417584944,3.006604824542412,0.22201545749956902,0.21197123327906375,0.22239450775181133,0.2933896184730214,0.38556264544208624,155.4411650820959,200.0,0.009006907630751081,2.5682345139443896e-11,9.123087648142647,9,-5.0046772281930885e-15,-8.153200337090993e-17,,-0.037752623452445455,0.7774364362249239,0.8525557440223317,0.16929493455496877,5.1942006251692874e-11,0.001334416214376688,not_checked,0.001,not_checked,not_checked,,,
circle_vm2_importance_n200,516,2026492117,True,ok,0.00351249492758976,0.5795471647136843,0.005832826749954903,1.3698454081556837,1.3837576483510896,0.4459064439626653,0.4549765244101922,0.5006345805442702,0.49534589358788395,0.5855162330597694,152.38779905443397,200.0,0.00978894316706195,2.6763147253916486e-11,13.623378746878776,9,3.465110143263672e-16,3.217912047936977e-16,,0.017576281440110142,0.758736578529523,0.9900251903278812,0.16043635183506338,5.4743098942822144e-11,0.0013363740872591734,not_checked,0.001,not_checked,not_checked,,,
circle_vm2_importance_n200,517,2026492118,True,ok,0.00036228275571192903,0.5435423780059871,0.001715842974871576,0.1451961011905404,0.17869943544946654,0.914220608653969,0.9140605266398754,0.9145256917994027,0.9301061578323803,0.9461475133384738,152.79995377169178,200.0,0.009183407177080957,4.440559031593239e-12,9.565593399600528,8,-3.9944176438710954e-15,1.5449880957918438e-17,,-0.0001414994528843999,0.7471538891654519,0.8733789317715571,0.1741585593411102,8.523848293862102e-12,0.001225499901920557,not_checked,0.001,not_checked,not_checked,,,
circle_vm2_importance_n200,518,2026492119,True,ok,0.0014675282114782195,0.524357941169197,0.0037603279321245394,0.5814497271830052,0.5938273553378552,0.7150608345509899,0.7173338795642914,0.7431081564216688,0.7456450157026073,0.8026128040165235,149.83212341944957,200.0,0.009826579307734992,7.001021984365252e-11,9.79830706763272,8,5.018577350565656e-12,-1.3877787807814457e-17,,0.0027807787041412846,0.7751192285272621,0.9856377830183438,0.184535524766644,1.3440071278125743e-10,0.0012216249015182257,not_checked,0.001,not_checked,not_checked,,,
circle_vm2_importance_n200,519,2026492120,True,ok,0.0018091714186618812,0.5843550524759393,0.003953227095218446,0.7033085111788224,0.8402779124297256,0.6273028002699481,0.6355773244200604,0.6569555254190962,0.6963977627181218,0.7567738935954261,154.04331217176966,200.0,0.00902733291635707,3.4019786987471434e-11,13.999539008569718,9,-1.0972125985553305e-16,-8.283304597789254e-17,,0.010180028142965036,0.6998891712343067,0.8581391708028117,0.14685614024188667,6.941780483771254e-11,0.0013432928826659918,not_checked,0.001,not_checked,not_checked,,,
circle_vm2_importance_n200,520,2026492121,True,ok,0.0034112645321091595,0.6061945896421101,0.004829737144566393,1.4264757950095284,2.0477418469184046,0.4280240116721322,0.41191062195280026,0.359201802863409,0.5054769164145086,0.5927016721513516,153.33436736577642,200.0,0.009057662389461794,9.39901489971362e-11,9.109172043132679,9,-1.4823212102221817e-15,-3.8163916471489756e-16,,-0.03098499108293229,0.6965288131740079,0.9204109064536223,0.13606443060039042,1.980919872579534e-10,0.001337957801297307,not_checked,0.001,not_checked,not_checked,,,
circle_vm2_importance_n200,521,2026492122,True,ok,0.00041149708093990434,0.5449749260652739,0.001849016235887329,0.16442627515618327,0.19601369723775947,0.9067246206976971,0.9068176996238592,0.9066426944823839,0.9209961562503011,0.9395832397512035,151.44424319250618,200.0,0.009463838293872857,4.793498931121576e-12,9.853424572414855,8,3.1741102801685628e-15,-5.312590645178972e-18,,8.627860988923153e-05,0.8169662947750912,0.8646902386412479,0.18691123275916433,9.205303186377023e-12,0.0014127499889582396,not_checked,0.001,not_checked,not_checked,,,
circle_vm2_importance_n200,522,2026492123,True,ok,0.001538216710187168,0.598657818168584,0.00343704181108426,0.6320000701972964,0.8193956606515543,0.6824280668042131,0.6753836022564308,0.6638508154170477,0.7351774781570217,0.7908933341972777,152.50918031376932,200.0,0.009123241741945636,6.656697415508006e-11,9.985646249543928,9,2.98806118737005e-16,2.7560419224581523e-16,,-0.008356693061214615,0.7634110877560457,0.8486995149109522,0.1519763288732472,1.387072678937784e-10,0.0013220412656664848,not_checked,0.001,not_checked,not_checked,,,
circle_vm2_importance_n200,523,2026492124,True,ok,0.000919936180838743,0.5351863098352174,0.0027123911262688346,0.3712562368756293,0.47117011527007674,0.7952947913528301,0.7936727054350625,0.7901084553939497,0.8319464225834836,0.8710876889534581,150.02413633794743,200.0,0.009235193142786398,1.465505494735453e-11,8.78088133991455,8,-9.550487570925137e-13,-9.69276742202041e-17,,-0.001640882270066063,0.7316706421040574,0.8810455133479292,0.16902088633981913,2.7253976853103268e-11,0.001198458019644022,not_checked,0.001,not_checked,not_checked,,,
circle_vm2_importance_n200,524,2026492125,True,ok,0.009692719943519279,0.4744504599494943,0.009023442011542877,3.7894917848413217,4.4362597456144695,0.11859248801075944,0.12443354893778433,0.1088124117146325,0.14391333674978696,0.23465505180714538,149.55953708601558,200.0,0.010154166781876577,8.881784197001252e-14,9.415591654921776,9,5.665606872540252e-15,3.122502256758253e-17,,0.043798096283194976,0.8541828601656366,0.9640630531848364,0.22998445213614374,1.5298873279334657e-13,0.0013021249324083328,not_checked,0.001,not_checked,not_checked,,,
circle_vm2_importance_n200,525,2026492126,True,ok,0.006295824992429644,0.5721349307192172,0.0073497299678371274,2.534771958127024,3.107171613465293,0.21477362748057216,0.21263267884267636,0.21148825652694636,0.283890976954597,0.39842760797763815,146.16503153224951,200.0,0.009719593687007078,1.8843149263148007e-11,10.686407378087594,9,-3.3566899260151217e-16,1.214306433183765e-16,,-0.008220980577583248,0.7546572889290134,0.8837369044524795,0.16660468383343946,3.7773340011426626e-11,0.0013056241441518068,not_checked,0.001,not_checked,not_checked,,,
circle_vm2_importance_n200,526,2026492127,True,ok,2.011252608791203e-05,0.5715049039526592,0.00039585240424017685,0.008018785783460717,0.010320265807759809,0.9950141616461268,0.9950303736979875,0.9948531577116386,0.995985574219707,0.9969288051427548,152.93557065395743,200.0,0.009175395724299734,1.829247864293393e-11,11.069030653911227,8,2.4094360404416926e-16,2.4053025196590916e-16,,1.3112325852047621e-05,0.7701861632276727,0.8409093927826821,0.16355789775805424,3.6590064311781134e-11,0.0011988747864961624,not_checked,0.001,not_checked,not_checked,,,
circle_vm2_importance_n200,527,2026492128,True,ok,0.0036195347412089074,0.5625364230429888,0.005776936754159846,1.4013739046034401,1.6161656386939076,0.3987136302346802,0.41060758161026334,0.4457117575796472,0.48485425020878326,0.5760534158758719,152.38281329664096,200.0,0.00914853893423657,1.1732836924238654e-11,13.422806808075165,9,2.0513105103425744e-16,8.586881206085195e-17,,0.02321999594006141,0.6935128393171122,0.8874705169727604,0.15177948367261368,2.3155699580001965e-11,0.001585332676768303,not_checked,0.001,not_checked,not_checked,,,
circle_vm2_importance_n200,528,2026492129,True,ok,0.0015619347209763212,0.5397829753960701,0.0035252355623251424,0.6243147630556757,0.77061627163425,0.6826755161559228,0.6828670389621834,0.6802409972920751,0.7316983470161205,0.7865409065684091,153.7263649481358,200.0,0.009159854765013766,7.092448850443134e-11,9.695136983014272,8,2.932888307216608e-13,4.401860820291148e-17,,0.0002295626674264084,0.7981083707852106,0.8389707985331812,0.1859311789781905,1.3555956357436116e-10,0.0013359999284148216,not_checked,0.001,not_checked,not_checked,,,
circle_vm2_importance_n200,529,2026492130,True,ok,0.014507492893188534,0.48941333521613406,0.011321494972895352,5.436491245214764,6.021969468122655,0.031060311244883045,0.03859239415893255,0.049243163456703216,0.05494082518726801,0.10491228615964772,155.41145975037443,200.0,0.009338887011370388,1.161881701960965e-11,13.660970821206394,9,4.359068661585752e-12,5.204170427930421e-18,,0.18325295603032465,0.7398620735130116,0.9240440433683891,0.19428571141610593,2.4906077200625987e-11,0.0014062079135328531,not_checked,0.001,not_checked,not_checked,,,
circle_vm2_importance_n200,530,2026492131,True,ok,0.001337109746323284,0.598448630714135,0.0032900072387611304,0.540715484151526,0.6771038266214114,0.7217090736679246,0.7191301375349453,0.712801774528381,0.7653500644269852,0.8180111994063027,150.2339294285545,200.0,0.009446649706143884,1.2889289635609202e-10,11.200918149179389,8,-9.737967376910461e-12,-2.1488887058662698e-16,,-0.0029357928111062304,0.7849422321525675,0.8563126407532604,0.15893725872735404,2.570446078209443e-10,0.0012434159871190786,not_checked,0.001,not_checked,not_checked,,,
circle_vm2_importance_n200,531,2026492132,True,ok,0.004855529081912557,0.55893541729732,0.006428391347921729,1.8760069211467383,2.1612923032162756,0.3117678170103886,0.32438073511883925,0.33937616632724726,0.3786640735611527,0.4701627911502415,155.42616826455833,200.0,0.009270993788449393,9.794054456335743e-12,13.528091626306932,9,1.1900203045200897e-15,1.8561541192951836e-16,,0.033102355809142336,0.7686619678824878,0.8999156915392073,0.1680822444705693,1.922195735915011e-11,0.001357457833364606,not_checked,0.001,not_checked,not_checked,,,
circle_vm2_importance_n200,532,2026492133,True,ok,0.0015075337645240605,0.7345663831697724,0.0031633869430551373,0.6242898367689727,0.92431710858985,0.6656097347497847,0.6561316332669838,0.6299224551128093,0.7397028311949653,0.7845531433915433,160.952260624468,200.0,0.008370181354437187,4.996003610813204e-16,18.032947735238327,10,2.209604027525458e-16,1.730386667286865e-16,,-0.010638165479674222,0.6592813604027392,0.8299481464157072,0.09905114516332522,1.1102230246251565e-15,0.0014297091402113438,not_checked,0.001,not_checked,not_checked,,,
circle_vm2_importance_n200,533,2026492134,True,ok,0.012024472482916826,0.5669885729197095,0.010017258459644853,4.7164699366137945,6.167680161787486,0.0475371204207059,0.050426361506294606,0.04578310781504228,0.09027501943036433,0.172546912128444,146.12583858561035,200.0,0.009597803390766642,1.4644285784015665e-11,13.006907973700708,9,1.6379952949563403e-13,-3.469446951953614e-18,,0.04665952827646791,0.7514472347842736,0.8265406197891185,0.16937368960976654,2.9092284137277602e-11,0.001322832889854908,not_checked,0.001,not_checked,not_checked,,,
circle_vm2_importance_n200,534,2026492135,True,ok,0.01251046505782849,0.5519678786455011,0.010837835810108202,4.926994001549182,4.994295831977591,0.060327199310586596,0.06296784309010992,0.08231944610907194,0.08191337344180738,0.14386397092084718,154.98121478988938,200.0,0.009650971399224285,6.837197474851564e-12,11.946215670775677,9,1.0800735306126796e-13,-2.6020852139652106e-17,,0.038596010791107194,0.7758492376919055,1.0004597589621236,0.17268387067061056,1.3349321648092882e-11,0.001310582971200347,not_checked,0.001,not_checked,not_checked,,,
circle_vm2_importance_n200,535,2026492136,True,ok,0.005333243572278379,0.4787563601908804,0.006942420083734148,2.0772980750038474,2.40444850209152,0.2862209785041382,0.2957741805732216,0.30052502486726057,0.3441599652422651,0.4631997978908151,144.301826576263,200.0,0.010002965142765032,1.1646239528317892e-13,9.677385046202936,9,3.660266534311063e-16,6.852157730108388e-17,,0.02799967695375205,0.8308523308977168,0.874644042729409,0.21456045993882938,2.013944566670034e-13,0.001318959053605795,not_checked,0.001,not_checked,not_checked,,,
circle_vm2_importance_n200,536,2026492137,True,ok,0.0005403791226115118,0.5938669535108059,0.002032840523588267,0.21670083746093388,0.2902841794333902,0.8713855113957412,0.8710809144441232,0.8648993910699432,0.8975595368270562,0.9203968589475366,153.50395686929593,200.0,0.009025051021326324,5.328004704097111e-11,11.636178835649886,8,-4.469872822571164e-14,1.2902005852577503e-16,,-0.0002745942081645858,0.6964216568657458,0.8840468992229941,0.1449177287294546,1.1026002333380802e-10,0.0012275420594960451,not_checked,0.001,not_checked,not_checked,,,
circle_vm2_importance_n200,537,2026492138,True,ok,0.004229081284450098,0.4878555244712639,0.005845847832657121,1.6543449647507202,2.034566667512341,0.3814090684403568,0.3895671199020977,0.3615758881255314,0.42920687212024433,0.5299083315358384,150.16293233628005,200.0,0.00980303599658131,2.0106138975961585e-13,9.615283311145038,9,1.1275702593849246e-17,3.2959746043559335e-17,,0.018643774514659484,0.7686392448074304,0.9938429892470438,0.19634550829348368,3.5282887722587475e-13,0.0013490829151123762,not_checked,0.001,not_checked,not_checked,,,
circle_vm2_importance_n200,538,2026492139,True,ok,0.008422273520248158,0.5328868582556636,0.009055321307911915,3.4133677297432214,3.7327416804574636,0.13033585565876316,0.1268979156335352,0.15468401740334312,0.18554558162948212,0.29769903025710714,143.86522421799762,200.0,0.009832989785521332,2.53408405370692e-12,8.743197343212387,9,-2.7096380694757727e-15,-2.7755575615628914e-17,,-0.02222916082197912,0.7382483658103626,0.9148842447539349,0.17144106855048194,4.7759574073324984e-12,0.0013382090255618095,not_checked,0.001,not_checked,not_checked,,,
circle_vm2_importance_n200,539,2026492140,True,ok,0.006480073544425036,0.548101453018242,0.007192265783080926,2.442453138257369,3.1387031450733716,0.20118084581742424,0.22067218364530183,0.2081801283134748,0.27362007869453564,0.37293539847872903,152.2127892535709,200.0,0.00934179474487513,5.6380455859539325e-12,15.36900894407359,9,6.686231429631206e-14,-1.0408340855860843e-16,,0.07478813975632259,0.7746311806755521,0.8420782253534603,0.17324923275353224,1.0878187239882209e-11,0.0015040417201817036,not_checked,0.001,not_checked,not_checked,,,
circle_vm2_importance_n200,540,2026492141,True,ok,0.003411114706640239,0.4754825468929904,0.005434877896930724,1.3341279772327224,1.5230135506963776,0.45485458578226,0.46288591607117635,0.4669622893883414,0.5054920633046525,0.5996205052784829,149.93876168392464,200.0,0.009729790841245492,9.492406860545088e-14,9.199284496282157,9,-3.8163916471489756e-17,-9.020562075079397e-17,,0.015158952711686657,0.8477218615663747,0.8845345958935545,0.2263814806428766,1.63202784619898e-13,0.0013658758252859116,not_checked,0.001,not_checked,not_checked,,,
circle_vm2_importance_n200,541,2026492142,True,ok,0.0005530439654239938,0.5775475499946334,0.0022273255654781604,0.2213791165782161,0.2465116565500742,0.8737416619708427,0.8736556195534629,0.8840374718475736,0.8952889236472132,0.9187376022748418,153.251328949554,200.0,0.009300027849143142,2.454569880683266e-11,11.045509612059925,8,-1.253793076305687e-14,-6.841315708383533e-17,,-8.076520430928824e-05,0.7061201579583951,0.949681432318153,0.14870923355167628,4.955902355163744e-11,0.0012391670607030392,not_checked,0.001,not_checked,not_checked,,,
circle_vm2_importance_n200,542,2026492143,True,ok,0.02340944061150463,0.5878893349630532,0.012769951176732772,10.0474194481416,13.165229077465833,0.0050197005199301755,0.003448210742032924,0.0013842254485067517,0.009261510503478395,0.027025076991875133,154.25358198321257,200.0,0.009323520747350447,4.0202841056213856e-11,7.674957892346025,10,-1.5612511283791264e-16,-8.673617379884035e-17,,-0.3418216017698743,0.7383980178862796,0.9984916518599194,0.15133529298714424,8.253153715997996e-11,0.0014669999945908785,not_checked,0.001,not_checked,not_checked,,,
circle_vm2_importance_n200,543,2026492144,True,ok,0.0014783767560746508,0.5971706628510174,0.0033758093188283483,0.5744192022369434,0.7631939781468065,0.6697433778955142,0.6774736867355631,0.6827701616013014,0.7440289369056986,0.7909395135776187,158.6427691526825,200.0,0.0084996649930847,6.152744980170155e-11,14.699987790705912,9,-2.491496592371689e-16,-1.3899471851264167e-16,,0.008465750096458446,0.7126510723337235,0.763245133858432,0.15229060917791906,1.2920287062456737e-10,0.0013555409386754036,not_checked,0.001,not_checked,not_checked,,,
circle_vm2_importance_n200,544,2026492145,True,ok,0.0016071938630279892,0.58973284628193,0.003587680426663824,0.6522067095753703,0.8304798589266466,0.6710230676097853,0.6671506323816401,0.6601818646209257,0.7251050249596807,0.7844431534714932,151.05904591450124,200.0,0.009271578840452743,4.3910319824647104e-11,10.538095847505712,9,1.8214596497756474e-16,8.760353553682876e-17,,-0.004664582182087318,0.7625163915619751,0.8508369080991345,0.15641775737197555,9.027911751502415e-11,0.0013352090027183294,not_checked,0.001,not_checked,not_checked,,,
circle_vm2_importance_n200,545,2026492146,True,ok,0.004087004182632192,0.4704496340710882,0.005926481001202796,1.6385705105379287,1.8567370598124604,0.40191636254494734,0.4010727201975419,0.39519793832688477,0.44157789736597686,0.5455656560614324,148.25825823974873,200.0,0.00998850777407558,6.938893903907228e-14,7.3796041070341065,9,1.2750217548429532e-16,1.8214596497756474e-17,,-0.001884418742525873,0.8824407365154394,0.9111914982415358,0.23841824503446302,1.1857181902996672e-13,0.0013522091321647167,not_checked,0.001,not_checked,not_checked,,,
circle_vm2_importance_n200,546,2026492147,True,ok,0.0010224254891593176,0.5916897521284294,0.002973803464291889,0.4163952186359696,0.47133503568925306,0.7915924692479137,0.788242271428194,0.7900433055712914,0.8150668880908151,0.8568850468469317,151.06382361008409,200.0,0.009731295940339562,9.511025300668052e-11,10.315862275100498,8,-9.455475898784149e-12,3.946495907847236e-17,,-0.003712511486121284,0.8024840227794156,0.953151009188452,0.16263584951640855,1.9162627040714142e-10,0.001246666070073843,not_checked,0.001,not_checked,not_checked,,,
circle_vm2_importance_n200,547,2026492148,True,ok,0.010316968094462586,0.6376352190918804,0.008710358399810884,4.472164741578569,5.8636428774246205,0.07256046072341768,0.05827093583138444,0.05329986723509024,0.12702217278647626,0.20132482293421705,155.35917394795626,200.0,0.008744124597734547,7.722955608358006e-11,8.300744396240358,10,-2.6903907920927672e-11,3.469446951953614e-18,,-0.17268875189676702,0.7558714574667295,0.8168663945856379,0.1376971593595333,1.4369194722974044e-10,0.0014464997220784426,not_checked,0.001,not_checked,not_checked,,,
circle_vm2_importance_n200,548,2026492149,True,ok,0.0018725743194747402,0.5774656412298356,0.0037857345056489743,0.7361720740872164,0.9620489454716701,0.6253784340929717,0.6304345964219475,0.618149789701305,0.6876227885269949,0.7470799796072046,155.71239485714491,200.0,0.009072041181548708,2.4454105407301086e-11,12.676093483866572,9,2.0383000842727483e-17,-1.7564075194265172e-17,,0.0064288268513398306,0.7403342243104666,0.8587482233101489,0.16619069009368728,4.935429842589656e-11,0.0013399161398410797,not_checked,0.001,not_checked,not_checked,,,
circle_vm2_importance_n200,549,2026492150,True,ok,0.0035705780470078885,0.6063205722598779,0.005290792644561242,1.4605343874825103,1.8825970032585775,0.39253583183145946,0.38432540331066556,0.39012093365543055,0.4896249400672421,0.5791392044335131,152.97590500750368,200.0,0.008853839136219383,9.421308178048093e-11,10.794069672155398,9,-2.445960101127298e-16,-1.1015494072452725e-16,,-0.01615158433967745,0.7267622952980519,0.801523352505868,0.14993767556793489,1.9926482686116742e-10,0.0013438749592751265,not_checked,0.001,not_checked,not_checked,,,
circle_vm2_importance_n200,550,2026492151,True,ok,0.003461929918864959,0.4923236333323169,0.005442321434252639,1.3483356659580954,1.6345849144274958,0.440821105305811,0.45042353310534433,0.44162575786849034,0.5003807432853754,0.6022144090386655,146.49104625899963,200.0,0.009822164588598001,2.610134330893743e-13,10.05049718671283,9,-1.9949319973733282e-16,-3.2699537522162814e-16,,0.018218150793944066,0.8213553163197606,0.8696199461519084,0.20735503725803459,4.614086890342151e-13,0.001345667289569974,not_checked,0.001,not_checked,not_checked,,,
circle_vm2_importance_n200,551,2026492152,True,ok,0.0003539813095383426,0.5169447115172263,0.0016234932778702005,0.1403302585163196,0.1896624513343199,0.9181234003799592,0.9188226542742278,0.9095264262309197,0.9316516857300103,0.9485599212477429,149.18956292963,200.0,0.009528371123477528,1.0635936575909e-12,9.433069005579615,8,2.8088805153342333e-14,1.5222198501696482e-16,,0.0006311326495087172,0.7394680497619605,0.9283388963012604,0.17934213875988525,1.9557688801796758e-12,0.001230957917869091,not_checked,0.001,not_checked,not_checked,,,
circle_vm2_importance_n200,552,2026492153,True,ok,0.0024051187315035083,0.6611015443248942,0.004315612903399335,1.0061657279930127,1.2694029300841905,0.5408553097087989,0.5258403222694561,0.5300937162033681,0.6181502387471929,0.6872740912849298,155.92664637417792,200.0,0.008828387343766928,2.55351295663786e-15,11.800758563631746,10,-3.5214886562329184e-16,1.1015494072452725e-16,,-0.02205911769580471,0.7200391095773927,0.8489480114657333,0.13174967969349458,5.329070518200751e-15,0.0014520417898893356,not_checked,0.001,not_checked,not_checked,,,
circle_vm2_importance_n200,553,2026492154,True,ok,6.4159663570873e-05,0.5520601095038786,0.0007331853713706457,0.025774241885838475,0.030640172042258686,0.9849658496470541,0.9849016807724669,0.9847966695014161,0.9872500455134143,0.9904206420458355,150.02471339458688,200.0,0.009604039838834401,6.902145521792136e-12,9.696273628762505,8,1.5937771935536915e-16,1.9613217300262775e-16,,-5.518822874463897e-05,0.8251629937122125,0.869588609649369,0.1903972901130454,1.3413270494311291e-11,0.0012226656544953585,not_checked,0.001,not_checked,not_checked,,,
circle_vm2_importance_n200,554,2026492155,True,ok,0.001099232809357753,0.4698167202514838,0.0029466784972740205,0.438245031265257,0.5631934747778355,0.7679838222321246,0.7686516020211311,0.7545779162470991,0.8026419443923205,0.8511827819706884,146.58258666920284,200.0,0.009613336197539072,8.135936369058072e-12,7.63649447483145,8,2.4347147561942784e-13,-2.706168622523819e-16,,0.0007240462389221103,0.7770260426783347,0.8920042579676224,0.21119374164393362,1.4098500145109938e-11,0.0012186248786747456,not_checked,0.001,not_checked,not_checked,,,
circle_vm2_importance_n200,555,2026492156,True,ok,0.00494243186582044,0.5972305549590733,0.006385800562698657,2.0068024137761573,2.3177080401061803,0.31013053378763344,0.30470455581410183,0.31384563568418894,0.37213954534141597,0.463055449654853,155.77523196982037,200.0,0.009253736276739088,6.219547099561851e-11,11.056965705533452,9,-3.365363543395006e-16,-8.326672684688674e-17,,-0.014914833723990606,0.8004761521081329,0.8891081460481446,0.15995058377533428,1.2957368511479217e-10,0.001343709183856845,not_checked,0.001,not_checked,not_checked,,,
circle_vm2_importance_n200,556,2026492157,True,ok,0.0019177073360785446,0.623033069199882,0.004008556690584379,0.7927549141228099,0.9483979222115267,0.6155891737389538,0.6056863512545441,0.6223834101566903,0.681443819884995,0.7453139761067864,153.2818378573811,200.0,0.009069358520009669,1.99137262235638e-10,10.675686202042103,9,-6.114900252818245e-17,6.201636426617085e-17,,-0.012835989845696005,0.7153646480383175,0.8715083417665646,0.13775207246721322,4.303757350498927e-10,0.0013345829211175442,not_checked,0.001,not_checked,not_checked,,,
circle_vm2_importance_n200,557,2026492158,True,ok,0.0016310119956048919,0.5932735085484158,0.0036998890898669807,0.6710008586962425,0.798113852886832,0.6649228104023546,0.657236776998686,0.6709525053264449,0.7216591094797852,0.7797741898458131,152.51322619316034,200.0,0.009108571731397994,5.1835646885933784e-11,9.660351815350728,9,1.7499023063916042e-16,4.0766001685454967e-17,,-0.009298030227142873,0.7477325167360894,0.8537651469525949,0.1560769608095303,1.0715406340011668e-10,0.0013397082220762968,not_checked,0.001,not_checked,not_checked,,,
circle_vm2_importance_n200,558,2026492159,True,ok,0.006451570570265908,0.5331389614705511,0.007188335782265468,2.5221834043976057,3.087856759746486,0.21269325658851734,0.2202736288815207,0.21354058304160078,0.27518433024709077,0.3683337941824107,154.80969969209303,200.0,0.009342405785795172,2.5691671012850748e-12,11.441697960240617,9,9.93129189996722e-16,-9.280770596475918e-17,,0.029222411854378683,0.790017248473447,0.8776783441802127,0.19157729944052548,4.843458967229708e-12,0.0013335419353097677,not_checked,0.001,not_checked,not_checked,,,
circle_vm2_importance_n200,559,2026492160,True,ok,0.0031878272376955064,0.5153238242027378,0.005072682541066928,1.260082051018722,1.5355525905268588,0.4799691322375424,0.4841419137312244,0.4640438182813782,0.5285777090236434,0.618526193744078,150.7031911674718,200.0,0.009750302190731912,9.71667191151937e-13,9.734447548107129,9,-2.688821387764051e-17,-1.4181364416110398e-16,,0.007524422029740241,0.8132769075156487,0.9262011503546861,0.20122129866322402,1.7834622667578515e-12,0.0013452500570565462,not_checked,0.001,not_checked,not_checked,,,
circle_vm2_importance_n200,560,2026492161,True,ok,0.0005929883455542129,0.5605419634787019,0.002237690555942254,0.2348306339097338,0.2787939669491417,0.862500700767564,0.8637730658882234,0.8698826308749478,0.8881650651282573,0.9129704849573549,153.5472444456071,200.0,0.009211477444903676,1.0619505275144547e-11,11.198575035728632,8,2.900652808224269e-13,-2.0816681711721685e-17,,0.0011823521559756744,0.7242326003303479,0.8869400954179393,0.16519374296634448,2.088973438674202e-11,0.0012297930661588907,not_checked,0.001,not_checked,not_checked,,,
circle_vm2_importance_n200,561,2026492162,True,ok,0.007196059816915179,0.5930796046183846,0.007314630293125028,2.980186719578482,4.177145969228203,0.16623750953059832,0.15609872886344406,0.12386376525979632,0.23711454001713822,0.34277079755511763,148.7888248741344,200.0,0.009335845097973656,5.1374127174597106e-11,9.474547989303757,9,-3.11001224773122e-14,4.2500725161431774e-17,,-0.05088139640620515,0.6975020828173992,0.9080408632766159,0.1430650581552389,1.0615530676716389e-10,0.0013420002069324255,not_checked,0.001,not_checked,not_checked,,,
circle_vm2_importance_n200,562,2026492163,True,ok,0.003483745161690255,0.5423675702503856,0.005352820044502528,1.3372890320722841,1.664826128954639,0.4165665210799734,0.4315426134777468,0.4349983397891861,0.49820231355450595,0.5875569317986544,152.64667987701387,200.0,0.009224792486176699,4.180322754621102e-12,13.177979932783133,9,5.793976409762536e-16,2.3288662664988635e-16,,0.02810451630190891,0.7795598956593377,0.8119044959663185,0.17892429682902625,8.003153695312903e-12,0.001338625093922019,not_checked,0.001,not_checked,not_checked,,,
circle_vm2_importance_n200,563,2026492164,True,ok,0.0016464696485796182,0.6061641836241145,0.0038162819522784943,0.6729562277740608,0.7683492470036748,0.6687338453116174,0.662891966029657,0.6810124960089126,0.7194315233632143,0.7803892342749207,150.60251227798736,200.0,0.009424352943420127,9.370149101073366e-11,10.72492997914205,9,-2.1033522146218786e-17,5.377642775528102e-17,,-0.007184184171106778,0.7631309658279742,0.8767942992496399,0.15272831031160794,1.9780999060969862e-10,0.0013528340496122837,not_checked,0.001,not_checked,not_checked,,,
circle_vm2_importance_n200,564,2026492165,True,ok,0.0015538624908337795,0.6257713241754064,0.0035011697724726546,0.6422084797872828,0.8034964593668169,0.6796539886601416,0.6710054040869573,0.6691491963890359,0.7328805885823411,0.7854973967387315,155.3793446084622,200.0,0.008962224931435173,3.885780586188048e-16,10.817977020866858,10,2.0881733842070815e-16,9.237402509576498e-17,,-0.010331741726885502,0.6859016102118008,0.9396781877764464,0.13070449241641552,8.881784197001252e-16,0.0014388742856681347,not_checked,0.001,not_checked,not_checked,,,
circle_vm2_importance_n200,565,2026492166,True,ok,0.0065210846338856765,0.6183034313472031,0.007343911594188563,2.775581278677638,3.252261123058703,0.21888157387351675,0.19867406834897183,0.19668918023535298,0.27138496616027397,0.3726110913294382,151.3889344017981,200.0,0.009494119233805826,1.6093659738203314e-10,8.511572002329201,9,-3.5804172127118505e-13,-1.249000902703301e-16,,-0.08357371256168378,0.7643292551328515,0.955151297074206,0.15064870893853693,3.4705660567624363e-10,0.0013369170483201742,not_checked,0.001,not_checked,not_checked,,,
circle_vm2_importance_n200,566,2026492167,True,ok,0.0004643734626852414,0.5549247629193448,0.0018483602029047295,0.1879741760379421,0.25650256135136906,0.8904652932249966,0.8892291556611205,0.8796323167685438,0.9113076867959816,0.9320165812579038,151.6121808477954,200.0,0.00917087647428972,7.980394123308088e-12,9.257746199208388,8,-1.9303726369115926e-13,-2.938187887435717e-17,,-0.0011123954819227677,0.7293485619643572,0.8782992130294694,0.16435020080262855,1.5591750113230773e-11,0.001221126178279519,not_checked,0.001,not_checked,not_checked,,,
circle_vm2_importance_n200,567,2026492168,True,ok,0.010561552218362413,0.4729781402212996,0.00980479317703404,4.069388958134018,4.356429305774219,0.09458125741758017,0.103101416470741,0.11324352927600063,0.1209581762851233,0.20244436906249066,151.23630673152155,200.0,0.009876454098272836,1.7619239400801234e-13,10.499654391905159,9,4.449045298837717e-14,2.8796409701215e-16,,0.07761596460547349,0.8141774904073118,0.9758814210733922,0.21260317255854322,3.4505731605349865e-13,0.0013382509350776672,not_checked,0.001,not_checked,not_checked,,,
circle_vm2_importance_n200,568,2026492169,True,ok,0.0031149957821676733,0.620982403690516,0.004947483092668101,1.2166131878434836,1.6053086832292427,0.43461539569070096,0.443235670279001,0.44813787302975283,0.5363334750456671,0.6162846656796763,155.39228186251216,200.0,0.008787785830787128,1.8179724392552998e-10,15.826191434865626,9,5.2475385148298415e-17,-8.977193988179977e-17,,0.01469256251179285,0.7074224261947767,0.7891487738764473,0.14016502783974752,3.92143428840086e-10,0.0013312909286469221,not_checked,0.001,not_checked,not_checked,,,
circle_vm2_importance_n200,569,2026492170,True,ok,7.51329692576519e-05,0.5382553381125608,0.0007364349299201705,0.030036708857969965,0.04171878901027397,0.9811839420956325,0.9811941610609772,0.9793566578165388,0.9850857420307487,0.9885604210449226,153.13535965042658,200.0,0.009074233257030929,3.3558711365344607e-12,9.548267888731255,8,6.891460058860988e-17,7.036472099430924e-17,,8.239422545396405e-06,0.7027489483260426,0.8903674787283382,0.16914638378075925,6.406875030506853e-12,0.0012200011406093836,not_checked,0.001,not_checked,not_checked,,,
circle_vm2_importance_n200,570,2026492171,True,ok,0.005854554827208203,0.5701444904711266,0.007045846169462595,2.385886286350286,2.9522656376080616,0.22975481236281364,0.22349621986311052,0.2285197089392533,0.31008433644891875,0.41934924081622926,148.44018402505228,200.0,0.009330419642652594,1.7109091920985975e-11,9.632192009333577,9,-9.610368056911511e-16,-1.457167719820518e-16,,-0.02203217773350241,0.7383614807428805,0.855038360431641,0.1573789139157598,3.415689953101264e-11,0.0013335829135030508,not_checked,0.001,not_checked,not_checked,,,
circle_vm2_importance_n200,571,2026492172,True,ok,8.154257051651292e-05,0.574820255979827,0.0008045937279500915,0.03282311317788076,0.04122255450486554,0.9797884452105448,0.9796620495479329,0.9795996832480484,0.9838237497278742,0.9875594969055942,153.52145402754704,200.0,0.00907234740668588,2.1494472868255343e-11,10.460060631644144,8,1.4325021203964727e-16,3.1138286393783687e-16,,-0.00010304248563779497,0.7938421914438561,0.8036045738672519,0.16722482582838918,4.3238301827841497e-11,0.001225082902237773,not_checked,0.001,not_checked,not_checked,,,
circle_vm2_importance_n200,572,2026492173,True,ok,0.008753082587532823,0.6432950745117338,0.008301178203866996,3.7470071608631486,4.7340962660768175,0.11195163152503282,0.09601527469654414,0.0937570766195604,0.1736668417905397,0.2647618355041198,151.8236093120996,200.0,0.009100109552885642,1.5549006526782705e-11,9.470931039925258,10,-4.77556882927388e-12,1.3877787807814457e-16,,-0.12288706292500962,0.7669246002797753,0.8319135618856437,0.1365221132466733,2.981193070183963e-11,0.001444708090275526,not_checked,0.001,not_checked,not_checked,,,
circle_vm2_importance_n200,573,2026492174,True,ok,0.0005520641897753809,0.6067341299122275,0.002257604975927335,0.22499185097696134,0.2398823827964844,0.881647006572801,0.8795548249442486,0.886972596801627,0.8954643772943454,0.9204262734818905,150.19698260229163,200.0,0.00985503884427254,9.509815157571211e-11,10.943096183367773,8,-1.682521743456844e-12,-3.2959746043559335e-17,,-0.0020830875334044985,0.8011128418792594,0.9585956136792548,0.16481928611934657,2.0316792692653962e-10,0.001226833090186119,not_checked,0.001,not_checked,not_checked,,,
circle_vm2_importance_n200,574,2026492175,True,ok,0.0009723495933127158,0.603940537102426,0.002633899328011089,0.3983939518296263,0.5592732751200243,0.7848056396968937,0.7802041669212059,0.7560584147800865,0.8232709429750974,0.861861991231176,152.88752639870555,200.0,0.00917813834742463,1.767463952973003e-10,10.416560710620598,8,-1.9377156780173155e-11,-2.0686577451023425e-16,,-0.004727057252269989,0.6809446756295667,0.9428024350111497,0.13693441604283135,3.516325008945387e-10,0.0012182081118226051,not_checked,0.001,not_checked,not_checked,,,
circle_vm2_importance_n200,575,2026492176,True,ok,0.0009835998803469082,0.5568058434856036,0.002949283894339247,0.39130620508795094,0.4426248816334044,0.776289130558357,0.7773540347717772,0.8014662304032626,0.821420618540766,0.8579813328095588,155.72687575871458,200.0,0.008876511953528754,1.6245005340920216e-11,10.698716483505619,8,6.986447011192443e-13,1.20346441145891e-16,,0.001066873525406159,0.6543302695688352,0.918921458249099,0.1456024031650237,3.295119732626972e-11,0.0012154581490904093,not_checked,0.001,not_checked,not_checked,,,
circle_vm2_importance_n200,576,2026492177,True,ok,0.003370974867546339,0.5975565346110403,0.005093612902292132,1.2838262154578777,1.7269987554170858,0.41280922893255234,0.43066928422562467,0.4216838662863751,0.5095664700422484,0.5891846636938127,156.9325327395237,200.0,0.00879370747538999,6.31906749148925e-11,16.87119636775254,9,1.3418086086680603e-15,-8.370040771588094e-17,,0.03228186578032899,0.7370793621185867,0.787384546368464,0.1495990641378698,1.3160672551748576e-10,0.0013315840624272823,not_checked,0.001,not_checked,not_checked,,,
circle_vm2_importance_n200,577,2026492178,True,ok,0.0008104780313131776,0.530192807662561,0.002703795853516867,0.3202359880693444,0.36184235553267985,0.8244989524022566,0.8264418488593037,0.8345011333468253,0.8503599009217051,0.8867981262725237,148.2309322515573,200.0,0.009693601112985317,1.3127277043167851e-11,10.181657582678051,8,1.0113062730993105e-12,1.1861171766991419e-16,,0.0019776122279633324,0.7751519196842832,0.9096313409853565,0.1809071242266813,2.5726532015823977e-11,0.0012271248269826174,not_checked,0.001,not_checked,not_checked,,,
circle_vm2_importance_n200,578,2026492179,True,ok,0.009875966649626644,0.5814461564178153,0.008524577320359942,3.813978165791074,5.495747437192419,0.06891563605977147,0.07554710449831667,0.06406393444290494,0.13873448812185704,0.21967004682019695,153.46635923224565,200.0,0.008785120638491028,2.936795251429203e-11,15.143455327301607,9,1.9078488788792924e-13,-1.3183898417423734e-16,,0.06820424702979189,0.6703169609207438,0.8044559825183828,0.14278054782656444,6.014300168999398e-11,0.0013219169341027737,not_checked,0.001,not_checked,not_checked,,,
circle_vm2_importance_n200,579,2026492180,True,ok,0.0026705056240645675,0.5423520834996711,0.004914722731782235,1.0344153931137963,1.1421438687576229,0.5351130660519576,0.5457942290512754,0.5649195573302527,0.5861959704119932,0.6687161019607711,150.68145413637814,200.0,0.00974567045227379,4.168221323652688e-12,12.36152514098596,9,1.214306433183765e-16,4.597017211338539e-17,,0.016893428256015364,0.7985042143925724,0.9124728971910243,0.18545618851967502,7.995604178745452e-12,0.0013407499063760042,not_checked,0.001,not_checked,not_checked,,,
circle_vm2_importance_n200,580,2026492181,True,ok,0.00028554724028806433,0.5552741126312237,0.0016067117435104347,0.11302846106039816,0.12590275927097327,0.9315714753515653,0.9322597993719833,0.9389891265729023,0.9444906910377804,0.9576495367104393,151.54548847142956,200.0,0.009309000196052034,8.138378859712248e-12,10.980631369466618,8,2.764672171751137e-14,5.746271514173174e-17,,0.0005952175274137883,0.7227776877698789,0.8977466840043069,0.16632149938192695,1.5879519921213614e-11,0.0012234169989824295,not_checked,0.001,not_checked,not_checked,,,
circle_vm2_importance_n200,581,2026492182,True,ok,0.005121862658806986,0.48214480077740296,0.007204780500279683,2.018723331419858,1.924373717561683,0.3308548168594895,0.3362359406880523,0.3820564682024079,0.35902166943891684,0.4680565541334458,148.22071554270525,200.0,0.010238649513916486,1.4133139103478243e-13,8.921789670871783,9,1.7867651802561113e-16,4.336808689942018e-17,,0.015010866051468286,0.8092763343587352,1.0499511867942768,0.2079660997940303,2.469136006766348e-13,0.0013384169433265924,not_checked,0.001,not_checked,not_checked,,,
circle_vm2_importance_n200,582,2026492183,True,ok,0.0030280622969389714,0.5243196949627047,0.005156203851534149,1.1764725076267932,1.3368106101733654,0.490185847002361,0.5003101226231348,0.5125252478493674,0.5457400806278079,0.6325594457409187,151.24559289900995,200.0,0.009630989750328606,1.5963896871085126e-12,11.392069221038522,9,-5.0306980803327406e-17,-1.5872719805187785e-16,,0.017376205574397674,0.7990193618645169,0.9018237530688068,0.18947484129578865,2.9700686354772188e-12,0.0013421671465039253,not_checked,0.001,not_checked,not_checked,,,
circle_vm2_importance_n200,583,2026492184,True,ok,0.014951734181942511,0.5981160428462493,0.010684194733075154,6.464509947519617,7.940565473116319,0.03470775909887588,0.026489997206829236,0.01886809767992587,0.050269998234977645,0.10515573946102846,150.6389003013525,200.0,0.009681772966078727,6.452338663365254e-11,7.03259253647814,10,-9.367506770274758e-17,-1.474514954580286e-16,,-0.24190813737130634,0.8140626754370328,0.9613148053840479,0.16263680097166267,1.3517009733732266e-10,0.0014494999777525663,not_checked,0.001,not_checked,not_checked,,,
circle_vm2_importance_n200,584,2026492185,True,ok,0.005053289684641582,0.5727448417697645,0.0059481814628395075,2.100881583336527,3.0291243877371485,0.2720824656815216,0.2585490328190547,0.21990443928768016,0.36397942526932187,0.4654147147752117,151.35218023582843,200.0,0.008922960520619838,1.9284351893134044e-11,8.241612282796883,9,-3.073929999430902e-15,1.0061396160665481e-16,,-0.03978285473994703,0.6911965997090298,0.8650755500728973,0.14752162156348766,3.895550548804749e-11,0.001340415794402361,not_checked,0.001,not_checked,not_checked,,,
circle_vm2_importance_n200,585,2026492186,True,ok,0.0009945217453894983,0.5515734001562589,0.0029591819229024346,0.3954387466237683,0.4576250038357547,0.7853654446283469,0.7864964886221257,0.7954776700607558,0.8196282877851212,0.8620732826467433,149.23253106191717,200.0,0.009512052678420422,1.683131412022476e-11,10.530412570105955,8,7.812429089065764e-13,3.0140820395097023e-17,,0.0011849757660155058,0.7793141568253696,0.869367074394616,0.17295893562475081,3.346256605141207e-11,0.0012348329182714224,not_checked,0.001,not_checked,not_checked,,,
circle_vm2_importance_n200,586,2026492187,True,ok,0.0035095596006011753,0.5793123981006032,0.005368461209138794,1.3727221276561283,1.730681469061822,0.4022147685215891,0.4104113329785968,0.42090811026331854,0.49563677939805295,0.5845075528274519,153.0065413908441,200.0,0.008994986704793099,2.668476550837795e-11,13.344762993231871,9,1.951563910473908e-17,4.163336342344337e-17,,0.0155508562921709,0.7468378800546839,0.7949315695924065,0.15595547531138512,5.410782932813163e-11,0.0013355831615626812,not_checked,0.001,not_checked,not_checked,,,
circle_vm2_importance_n200,587,2026492188,True,ok,0.005801977423717686,0.524447209283492,0.006893272319044149,2.259782861385208,2.765362650160058,0.2456493841212769,0.25479910220702595,0.2509048927306149,0.3133622263934268,0.4058571428779201,155.4218467734504,200.0,0.009191727449294059,1.6067147612375265e-12,11.358823190713203,9,4.683753385137379e-16,-1.960237527853792e-16,,0.03050405405093315,0.6955062918841901,0.9640828695275279,0.16416249435821595,2.9909408283401717e-12,0.0013313328381627798,not_checked,0.001,not_checked,not_checked,,,
circle_vm2_importance_n200,588,2026492189,True,ok,0.0011846546125515722,0.668418166685073,0.0030333988442137337,0.48742590108922884,0.6315260875378863,0.7335112440068081,0.727057440616738,0.7292322258164767,0.7890457914376279,0.8273338996442199,160.00183967223813,200.0,0.0085290069058523,7.771561172376096e-16,13.56139825053306,10,-6.461844948013606e-17,1.1709383462843448e-17,,-0.006782028034299975,0.6126034333755705,0.9470561220629268,0.10233222156475005,1.7763568394002505e-15,0.0014487500302493572,not_checked,0.001,not_checked,not_checked,,,
circle_vm2_importance_n200,589,2026492190,True,ok,0.0013544461312573475,0.5655680667387017,0.003239112672638891,0.5489910738674005,0.6933654913510925,0.7177361179182216,0.7145743734268716,0.7070296008785345,0.7627009789722023,0.8120112481916513,153.7463038639406,200.0,0.009140518495257962,1.189711662519244e-10,9.604323192065797,8,-1.0351586775259047e-11,1.5612511283791264e-16,,-0.0036063106822307733,0.7916620420949783,0.8425681934399543,0.17456421938193822,2.246161034946681e-10,0.0012190418783575296,not_checked,0.001,not_checked,not_checked,,,
circle_vm2_importance_n200,590,2026492191,True,ok,0.00015640198066901867,0.628753334122,0.0011032789277587152,0.06322265998245705,0.08107301327995012,0.9602839441789351,0.9598723170232621,0.9602741074903903,0.9692037739810068,0.975804773791642,156.601210068698,200.0,0.008769997436994515,1.6475709685437323e-13,12.717509409766343,9,-7.771208806670038e-15,-9.378348791999613e-18,,-0.0003309338574247894,0.7396548394683818,0.8054272117176158,0.13845311381236325,3.523847880160247e-13,0.0013207497540861368,not_checked,0.001,not_checked,not_checked,,,
circle_vm2_importance_n200,591,2026492192,True,ok,0.00987478287546506,0.5219022532774422,0.009399667633932608,3.861039390518033,4.181127048354148,0.09387958390172566,0.09897700382013885,0.12361745476135251,0.13876733807086752,0.2138291382309724,156.21386533784084,200.0,0.009193206061174151,1.3978818103055346e-12,11.129818689536528,9,1.8122656153529704e-14,1.0408340855860843e-17,,0.04443687983399558,0.7442023131254413,0.9236251167383844,0.1764234272687034,2.5912605394751154e-12,0.0013508759438991547,not_checked,0.001,not_checked,not_checked,,,
circle_vm2_importance_n200,592,2026492193,True,ok,0.0008288658193360554,0.5863973111281429,0.002513978664809203,0.32390229079036253,0.4284087970115504,0.8093523408092045,0.813308702368701,0.8071833810829967,0.8472383966753303,0.8787318213392702,155.96676809363726,200.0,0.008916750018796707,7.912348554128812e-11,13.51822558612503,8,8.493966272525577e-12,-1.4213890481284963e-16,,0.0038220184720298145,0.7542269127945649,0.8142399592924771,0.1550999687408876,1.7062684598556643e-10,0.0012163328938186169,not_checked,0.001,not_checked,not_checked,,,
circle_vm2_importance_n200,593,2026492194,True,ok,0.004682993660005019,0.5878482218389061,0.006091390114683535,1.9551161814394082,2.3831527832856523,0.33775332459436747,0.3221617500632138,0.3037420700064487,0.39195872739163556,0.49136833001177826,151.732272356241,200.0,0.009515419560145438,4.0056735706173185e-11,8.516868800448687,9,-4.565792188770956e-15,-2.220446049250313e-16,,-0.04095935871870027,0.7590207745653169,0.9727624293493221,0.155347437159411,8.236678006312559e-11,0.001331334002315998,not_checked,0.001,not_checked,not_checked,,,
circle_vm2_importance_n200,594,2026492195,True,ok,0.0007777354278117876,0.609358011126613,0.002546470200482216,0.313651709666543,0.37961848250275204,0.821865043623158,0.8205407232022794,0.82711689867994,0.8559467732449094,0.8878286975969636,152.97806741992713,200.0,0.009119960658465487,1.0845913056556356e-10,11.921503362419024,8,-9.15273933033145e-13,7.43762690325056e-17,,-0.0012787692709139709,0.7592031013402856,0.8279049249386875,0.14906860447954873,2.2966473167684853e-10,0.0012240419164299965,not_checked,0.001,not_checked,not_checked,,,
circle_vm2_importance_n200,595,2026492196,True,ok,0.0011730303264636532,0.5730869770687059,0.002967471621536467,0.47993408381254204,0.633194049728313,0.7531929429897424,0.7483331643604731,0.7286243134550688,0.7908823442752076,0.8373406653457524,151.33818769325455,200.0,0.009385580111388517,1.97660776635189e-11,9.213984319368262,9,-1.6349768761081407e-16,-1.732555071631836e-16,,-0.005360976613540375,0.7579539474957342,0.9029431078073846,0.16094869424938127,3.963052108701959e-11,0.001329250168055296,not_checked,0.001,not_checked,not_checked,,,
circle_vm2_importance_n200,596,2026492197,True,ok,0.006089056821039218,0.6134691126416116,0.006970385012740987,2.567654191272485,3.2829792127713255,0.25260894203968237,0.234620585683826,0.19369130348817726,0.295877025845351,0.4076991883777319,147.35051523789548,200.0,0.010030052872007842,1.28533073073811e-10,8.971408355222879,9,-9.371496634269505e-14,-2.2638141361497333e-16,,-0.0660157314283989,0.7450442274805336,1.032339561121777,0.14292243677155586,2.779227958882302e-10,0.0013573749456554651,not_checked,0.001,not_checked,not_checked,,,
circle_vm2_importance_n200,597,2026492198,True,ok,0.0058012848232704695,0.5590693158177871,0.006866359143004861,2.2102328350601033,2.8426716632021205,0.22515203138588913,0.2416683990166354,0.24139134324166178,0.31340563636356195,0.412090794997228,152.8129724210378,200.0,0.009116629950047707,9.852119120523639e-12,14.890423706714127,9,1.49515816394441e-14,1.214306433183765e-17,,0.05514054712404226,0.7382123538311994,0.8186852075106428,0.1712398496823338,1.935607230052483e-11,0.0015733330510556698,not_checked,0.001,not_checked,not_checked,,,
circle_vm2_importance_n200,598,2026492199,True,ok,0.005154117638805911,0.5894085583333406,0.006065153241560315,2.145030663748477,2.918835149388419,0.27620969481035496,0.2622657652042032,0.23237157441023812,0.35671307645365663,0.4492173959696004,155.26388538071188,200.0,0.008914478656548682,4.3194114951461415e-11,8.836276242023269,9,-5.871171604443504e-15,-1.4311468676808659e-16,,-0.041691804113056286,0.7101726843250606,0.8960623301512851,0.14478415909120615,8.886713587230588e-11,0.001728041097521782,not_checked,0.001,not_checked,not_checked,,,
circle_vm2_importance_n200,599,2026492200,True,ok,0.008039463450263185,0.5549731238882558,0.007932551966932669,3.130517505485311,4.19304384397747,0.12506571810067574,0.13214309672680913,0.12288308280222549,0.20030928337054596,0.2986162373847618,150.3329201570384,200.0,0.009139612629719268,7.986389327641064e-12,12.843799180413754,9,1.2696441120674251e-14,6.938893903907228e-18,,0.04263393730998133,0.7326796615678447,0.8140910623012254,0.1651711516414439,1.563171814211728e-11,0.0013727499172091484,not_checked,0.001,not_checked,not_checked,,,
circle_vm2_importance_n200,600,2026492201,True,ok,0.0023245449401148033,0.5755502305951212,0.004599642542954611,0.9390450043240804,0.9990283045433163,0.5736125939208492,0.5704638241110997,0.6068254128525983,0.6281922756089688,0.698778663740509,154.1898492541775,200.0,0.009273851499357933,2.2277957256733316e-11,10.327501981694194,9,5.2475385148298415e-17,1.9949319973733282e-17,,-0.004613514139079566,0.7410474114144256,0.9404477047318501,0.15710121953131442,4.4848569302757824e-11,0.0013575009070336819,not_checked,0.001,not_checked,not_checked,,,
circle_vm2_importance_n200,601,2026492202,True,ok,0.0052552910281671306,0.5582656315280168,0.0065022242216010145,2.0908273050385717,2.7168348493326437,0.25706775558094885,0.2589469227320167,0.25706728354709635,0.34956763887460357,0.45401793033600313,150.25211417528084,200.0,0.009109454667635823,9.430345393468542e-12,10.994991147792987,9,-7.28583859910259e-17,-1.6393136847980827e-16,,0.005644553114140249,0.7209062260075029,0.827751513338211,0.16156273704589358,1.8562484882522767e-11,0.0013551667798310518,not_checked,0.001,not_checked,not_checked,,,
circle_vm2_importance_n200,602,2026492203,True,ok,0.0003419228721814882,0.5456079403162646,0.001683449213609836,0.13660359914000386,0.16687821894772586,0.9191575474974653,0.9192513291271827,0.9199471010288472,0.9339012499607696,0.949869257520792,150.41675098465205,200.0,0.00935157885804684,4.951705712130661e-12,9.88622036105904,8,1.6658766380239776e-15,-1.3791051634015616e-16,,8.277486629570951e-05,0.7529915150562873,0.8737618146585929,0.17201913759280663,9.523271060629668e-12,0.0012314168270677328,not_checked,0.001,not_checked,not_checked,,,
circle_vm2_importance_n200,603,2026492204,True,ok,0.0002608151088070443,0.5890138356126675,0.0014914615760545638,0.10394223111302256,0.1214145200430782,0.9373781831388932,0.9376012053731001,0.9410986966676124,0.9491741181929021,0.9605511801672628,154.3162643281688,200.0,0.009142217069281389,4.244882223503055e-11,11.92554016539788,8,3.3024798173908465e-15,-3.0596185307540935e-16,,0.0001919062048975767,0.7498558403028491,0.8675368380339784,0.15269807991540438,8.717671029501162e-11,0.001420582877472043,not_checked,0.001,not_checked,not_checked,,,
circle_vm2_importance_n200,604,2026492205,True,ok,0.0032637375250181844,0.5279018975936083,0.0051240184573254285,1.255691633996295,1.6211421753794946,0.4430689668920977,0.4570127718637398,0.44460408578708954,0.5206134219792471,0.6071314802378809,152.89523158682925,200.0,0.009235613017869449,1.936006910341348e-12,12.328749307518496,9,3.443426099813962e-16,1.0408340855860843e-17,,0.02490168800548942,0.7194119033633521,0.8896818923096877,0.17065909916298308,3.6259883984257613e-12,0.0013666669838130474,not_checked,0.001,not_checked,not_checked,,,
circle_vm2_importance_n200,605,2026492206,True,ok,0.0024987445183126678,0.6410470098802385,0.00421820019511818,1.041385571061557,1.4583255278935425,0.5430193871532762,0.5293894143436215,0.4823126306187042,0.6066829764621371,0.6827645776488032,152.718761237174,200.0,0.009292995293590484,1.2212453270876722e-15,10.992806259622947,10,-2.8449465006019636e-16,-9.367506770274758e-17,,-0.020943881868244918,0.6632346466806737,0.9971601213559899,0.12434087088194573,2.4424906541753444e-15,0.0014589170459657907,not_checked,0.001,not_checked,not_checked,,,
circle_vm2_importance_n200,606,2026492207,True,ok,0.0008511198150746857,0.6280699659778954,0.0024035876670556585,0.34834799655743276,0.5157570251727212,0.8040153709231912,0.7999615645989344,0.7726890984051383,0.8434758880377569,0.8762767182779954,155.17597774551447,200.0,0.00889590012007849,1.2687306760739148e-10,11.670371046517035,9,-1.333307552905949e-11,-6.819631664933823e-17,,-0.003950035263779239,0.6647728006272318,0.9135037534198283,0.12315435886284475,2.631679318909619e-10,0.0013460000045597553,not_checked,0.001,not_checked,not_checked,,,
circle_vm2_importance_n200,607,2026492208,True,ok,0.0009918854305293046,0.48192770721611056,0.002701264098731715,0.3900763672786432,0.528390291338382,0.7848277368901106,0.7880327584371705,0.7678236875683575,0.8200605613830223,0.8605671532855959,151.39210831189814,200.0,0.009271055776754942,3.14922532496098e-11,8.898063768021087,8,3.0140289136032505e-12,-3.0617869350990645e-16,,0.003338902466539312,0.7376544548235345,0.9075893295579582,0.18924453384774298,5.844991157744062e-11,0.0012340012472122908,not_checked,0.001,not_checked,not_checked,,,
circle_vm2_importance_n200,608,2026492209,True,ok,0.0039814976973995275,0.6360351107643734,0.005847344162943844,1.6538216503162428,1.9541544971486635,0.36971596860129874,0.3558747611948546,0.37640964450655157,0.45099476843014175,0.5470496228608257,151.50473723967454,200.0,0.009257843045676853,1.199040866595169e-14,11.078737496201502,10,-2.022687572988957e-15,9.540979117872439e-18,,-0.030611285678215916,0.7240319339545264,0.8803673278616194,0.1323610721982552,2.4202861936828413e-14,0.0014532513450831175,not_checked,0.001,not_checked,not_checked,,,
circle_vm2_importance_n200,609,2026492210,True,ok,0.0003946580240763442,0.5470495850774237,0.001777784321687755,0.1568823967728684,0.19548340479094894,0.9081390946407568,0.9086828915134064,0.9068831192412538,0.9241031264877513,0.9414942873246754,152.7575644159713,200.0,0.009246694890878416,5.336731057070665e-12,10.335980797845593,8,2.512909585278278e-14,-4.0766001685454967e-17,,0.0004904064288346471,0.7713953998856544,0.8697139727541461,0.174404910614481,1.02846620109176e-11,0.0012273748870939016,not_checked,0.001,not_checked,not_checked,,,
circle_vm2_importance_n200,610,2026492211,True,ok,0.00011575338643488031,0.5878382150277548,0.0009642352960402111,0.04590972631199971,0.05966538393328668,0.9721116350434493,0.972344171765078,0.9706079104653085,0.9771152436067116,0.9825343931383622,152.2195648464135,200.0,0.00942048908857705,4.0069059181746525e-11,12.24752863514235,8,1.4612605830216507e-15,2.7858574822015036e-16,,0.00019581413097620806,0.6783879809138188,0.9870330091997183,0.14336163326267032,8.232614590042431e-11,0.0012208328116685152,not_checked,0.001,not_checked,not_checked,,,
circle_vm2_importance_n200,611,2026492212,True,ok,0.0006313643098403432,0.5605469708236077,0.002228709169882218,0.2566219630917965,0.3234387848850692,0.8546305597464889,0.8524664358146492,0.8506798782546648,0.8813743204379826,0.9079785353906225,152.89831653979832,200.0,0.009089657070090792,1.470368271583311e-11,9.183397362213142,8,-1.1775372343869606e-12,2.2442984970449942e-17,,-0.0020381195778296224,0.7934163613237518,0.8144006982779501,0.17288745587437412,2.7682744985213503e-11,0.0012255841866135597,not_checked,0.001,not_checked,not_checked,,,
circle_vm2_importance_n200,612,2026492213,True,ok,0.00020607972945541064,0.5600736348251663,0.0012973624772134274,0.08305047206919233,0.10107935171677265,0.949910997399511,0.9495447777037307,0.9507162074424087,0.9596218811691122,0.9689051760765904,153.28304957165793,200.0,0.009072519056893678,1.0354161972259135e-11,9.770237609959723,8,-4.419723051082847e-15,7.643625316022806e-18,,-0.0003092901435140377,0.7666729881656754,0.8390568425857742,0.16792109051356216,2.039057811487055e-11,0.0012212921865284443,not_checked,0.001,not_checked,not_checked,,,
circle_vm2_importance_n200,613,2026492214,True,ok,0.001562406658463189,0.5478240899649636,0.0037132111404698785,0.6138061806266233,0.7214064555648643,0.6770697734269693,0.6817933673422554,0.6971858731656593,0.7316292870995609,0.789401715404941,151.3562051375797,200.0,0.009255721704193491,5.554667836804583e-12,11.373875036591668,9,1.7564075194265172e-16,1.9038590148845458e-16,,0.005578241379326165,0.7105206665298615,0.9011288759579359,0.15930715133431594,1.0720091481175587e-11,0.001339209033176303,not_checked,0.001,not_checked,not_checked,,,
circle_vm2_importance_n200,614,2026492215,True,ok,0.0020909015249281904,0.59750350405814,0.004319940200141372,0.8559733181696547,0.9889136689522564,0.5948959388563209,0.5877195534419599,0.6099020951342732,0.6582435331336842,0.72975041642414,150.67792282539176,200.0,0.009331147886718131,6.308364941531863e-11,10.23005731278797,9,-1.3010426069826053e-16,-1.3617579286417936e-16,,-0.009806354099189285,0.6822628038971503,0.9437261957427512,0.13678740944269416,1.3127587905614746e-10,0.0014005829580128193,not_checked,0.001,not_checked,not_checked,,,
circle_vm2_importance_n200,615,2026492216,True,ok,0.0072999458974496445,0.5976561225419363,0.007781276950819686,2.716364022241772,3.4832667706128753,0.1592067791916631,0.1809586789498775,0.1752339421858332,0.23223878765830389,0.3323741287525571,150.89071428402204,200.0,0.009548936566001413,6.328493284968317e-11,19.897383081596104,9,7.579952290837078e-13,4.336808689942018e-18,,0.10180716836904291,0.7661096826488257,0.8230322492424035,0.1579206129744211,1.3223444561560882e-10,0.0014987080357968807,not_checked,0.001,not_checked,not_checked,,,
circle_vm2_importance_n200,616,2026492217,True,ok,0.0004040950500188156,0.5820681216991055,0.0018034790413483897,0.16271216170943334,0.2036376553088065,0.9050894547568459,0.904489881542071,0.9031931704720495,0.9223606143825875,0.940586073447196,151.57848533159716,200.0,0.009296777636295207,3.05178105008963e-11,10.749824456065214,8,-4.4293561873853804e-14,-1.1796119636642288e-16,,-0.0005370708509535443,0.7837270336527827,0.8380315362392008,0.1728746090808092,6.202260927068437e-11,0.001243458827957511,not_checked,0.001,not_checked,not_checked,,,
circle_vm2_importance_n200,617,2026492218,True,ok,0.009742231538363955,0.5593650820887841,0.009146937501544408,4.011689038824089,4.417283100113739,0.10142667538527628,0.09483354809799963,0.10984977262113246,0.1424952935308153,0.2221323252153449,154.4288912894028,200.0,0.009276311519889875,1.0011547146859812e-11,8.655556994399758,9,-6.977751709769109e-14,9.8879238130678e-17,,-0.057398211739253746,0.7906147352701268,0.9116333878627775,0.17395873510573626,1.965494433875392e-11,0.0013187918812036514,not_checked,0.001,not_checked,not_checked,,,
circle_vm2_importance_n200,618,2026492219,True,ok,5.710366696010105e-05,0.5207688254119762,0.0007088254569491472,0.0229427263755857,0.026050683254657668,0.9870109747854314,0.986953769881024,0.9870591210189448,0.9886442356171289,0.9916364419707324,147.07862501798994,200.0,0.00993473098417207,1.3119505481995475e-12,8.584953695397612,8,8.937214033069574e-17,6.250425524378933e-17,,-5.062979577264044e-05,0.8532158281992328,0.8943398009499912,0.2080460974175868,2.4305002455093927e-12,0.001206583110615611,not_checked,0.001,not_checked,not_checked,,,
circle_vm2_importance_n200,619,2026492220,True,ok,0.0017555655967407269,0.5439041888074345,0.0037891527116819877,0.7065861850610021,0.8864196682257988,0.6534846522467335,0.651762056137692,0.6419724852267252,0.7039041241761934,0.7712675129201634,147.94092417434283,200.0,0.009567846452330971,1.428902551836586e-10,9.330737268006905,8,-7.527219732933466e-12,-4.2500725161431774e-17,,-0.002179973182355688,0.759305692529408,0.8957305815702649,0.1746190870146585,2.6629298766067677e-10,0.0012109579984098673,not_checked,0.001,not_checked,not_checked,,,
circle_vm2_importance_n200,620,2026492221,True,ok,0.006878042878245116,0.5591605209799775,0.007726227397023563,2.7501202895739802,3.370388279895704,0.1828546208996354,0.18297852246463236,0.18540843327812534,0.2526857705955167,0.36461859198438584,146.68466641909149,200.0,0.009581113323759629,9.908851517081985e-12,10.714549585590655,9,-9.80118763926896e-17,-1.214306433183765e-16,,0.0005484308620331557,0.8028445053771774,0.8164187581189724,0.17537901548779986,1.9447332633149017e-11,0.00131312501616776,not_checked,0.001,not_checked,not_checked,,,
circle_vm2_importance_n200,621,2026492222,True,ok,0.010769031480782898,0.47954429219954786,0.009724024047410917,4.044724842867396,4.711708137589076,0.07808884324532189,0.09123486723843427,0.09481249555128839,0.11604162730674628,0.2008511409228178,149.0562304126723,200.0,0.009773333089574145,1.712741060089229e-12,12.831491144016304,9,5.836511829393487e-13,5.377642775528102e-17,,0.13144387472288166,0.8301171565242176,0.859135021168537,0.2211789966856865,3.5489389205167754e-12,0.0013437930028885603,not_checked,0.001,not_checked,not_checked,,,
circle_vm2_importance_n200,622,2026492223,True,ok,0.01191511463897399,0.6420152341897849,0.009523525039417734,5.075406908750037,7.500339056511672,0.05492602511706168,0.04593679474721868,0.023513759271501854,0.09227122623925171,0.16775006424361255,149.8332306697634,200.0,0.009279221439276652,6.687894682499973e-11,10.02805450919462,10,-2.07583707168002e-11,6.938893903907228e-18,,-0.1546805265802207,0.5917148275236772,1.0231641696621012,0.10558623014749118,1.273430250137153e-10,0.0014352069701999426,not_checked,0.001,not_checked,not_checked,,,
circle_vm2_importance_n200,623,2026492224,True,ok,0.009241736023473335,0.5021463361750436,0.008824350063869077,3.5068826490925304,4.100353795660394,0.11810867939208378,0.13174620632355044,0.12871213267681067,0.15749726204722905,0.24555744846283412,151.94378519333023,200.0,0.00970043888755171,4.626299343613027e-13,12.801020109816356,9,1.3691825451189743e-13,-2.2724877535296173e-16,,0.09490588014840173,0.790609236780923,0.9394818655994484,0.19500863220830522,9.656719868189612e-13,0.001320165814831853,not_checked,0.001,not_checked,not_checked,,,
circle_vm2_importance_n200,624,2026492225,True,ok,0.007824074664183334,0.5501137630740556,0.008123454245144721,3.1909027143195496,3.6248692201905595,0.15972632248397894,0.15409766321875074,0.1632561874114772,0.20912671207960587,0.30030457399825616,153.75084266338456,200.0,0.009350897455176707,6.253553230806119e-12,8.8963391893133,9,-4.652528362569797e-15,1.700029006457271e-16,,-0.03063642432310809,0.8130840781778064,0.8932484248525373,0.18108104764329422,1.2103651414463457e-11,0.0013178747612982988,not_checked,0.001,not_checked,not_checked,,,
circle_vm2_importance_n200,625,2026492226,True,ok,0.0017818159503997233,0.5171109489319508,0.0037090068950188086,0.7268930202569301,0.9309308035144136,0.654144597697204,0.6486533062678661,0.627842838024024,0.7002182617213506,0.7662467321434855,149.42680046186268,200.0,0.00948600515427635,1.0729195309977513e-12,7.4846786495791315,9,-8.586881206085195e-17,-1.6284716630732277e-16,,-0.007083320048520414,0.7729131223478567,0.9108099973019346,0.18521374571017085,1.9748647162032285e-12,0.0013191658072173595,not_checked,0.001,not_checked,not_checked,,,
circle_vm2_importance_n200,626,2026492227,True,ok,0.0014989841160266693,0.5703219002887079,0.003348761654408054,0.5903447895169356,0.8109279610724026,0.6767307085652738,0.680815617606862,0.6666674183817326,0.7409687530450499,0.7941305235022208,153.77577487193,200.0,0.008914759213376176,1.916118375078213e-10,12.157055665420835,8,1.8908517546850634e-11,2.1272046624165597e-16,,0.004624428446866058,0.6979441537590242,0.8430903857145073,0.15043290455562858,3.9796810291647944e-10,0.0012089579831808805,not_checked,0.001,not_checked,not_checked,,,
circle_vm2_importance_n200,627,2026492228,True,ok,0.010053698254117727,0.4950954037091553,0.009078472936585457,3.8846247776904015,4.937268995324541,0.08556782038163309,0.09300703716545161,0.08470043871849556,0.13388960647769158,0.23117192889696256,145.67709586479342,200.0,0.00969408572673961,3.063105324940807e-13,11.055594699194984,9,3.676572934985245e-14,3.469446951953614e-18,,0.06842726197834459,0.7540357428020293,0.8806116993231178,0.19692533646890265,5.448974604860268e-13,0.001339042093604803,not_checked,0.001,not_checked,not_checked,,,
circle_vm2_importance_n200,628,2026492229,True,ok,0.005174463102712634,0.6386074940008302,0.005845938638010346,2.1877276417626557,3.1952608867379424,0.278462056998646,0.25908752139663416,0.20237549047975423,0.3552645269890305,0.4457806471597754,156.13760392544003,200.0,0.008952382488619615,2.9598545836506673e-13,9.918642812210777,10,-7.340135443900664e-14,3.469446951953614e-18,,-0.05897120033880099,0.6739734674455137,0.9536066213061702,0.12143030262929201,5.824229987183571e-13,0.0015578747261315584,not_checked,0.001,not_checked,not_checked,,,
circle_vm2_importance_n200,629,2026492230,True,ok,0.0024844806651509455,0.5083051778253711,0.004758220216816854,0.9957781188626283,1.0687055154004803,0.5569310406978694,0.556280893655432,0.5860484827845662,0.6084161748738554,0.6865723185418122,151.35707061977473,200.0,0.009461156806988762,6.544764730165298e-13,8.453978552289838,9,-2.2551405187698492e-17,1.9949319973733282e-17,,-0.0009929264011250827,0.7708975162594021,0.9324078286099172,0.1878941900052158,1.1872725025341424e-12,0.0013561258092522621,not_checked,0.001,not_checked,not_checked,,,
circle_vm2_importance_n200,630,2026492231,True,ok,0.007517407847837276,0.6024329495733742,0.007546589061045631,3.1123767801428084,4.2257397178144975,0.1454796730984299,0.1359873478690627,0.1208905293616638,0.22235466772202436,0.3232764746727998,150.2176529465291,200.0,0.009111012533996023,7.913103505785557e-11,9.933034090385124,9,-5.01352431792057e-14,-1.0928757898653885e-16,,-0.052706820503948926,0.7365280812429917,0.8234132285015712,0.1504157857940742,1.6593104668061187e-10,0.001354999141767621,not_checked,0.001,not_checked,not_checked,,,
circle_vm2_importance_n200,631,2026492232,True,ok,0.004955281005102341,0.5687954769276178,0.006058098337578345,2.0401897607809705,2.8077951716376766,0.29019358386128435,0.2799008932304411,0.24563770172973556,0.3711844385270139,0.4781494229261831,148.89811381357654,200.0,0.009278544856714827,1.5998868896360818e-11,8.776845895773782,9,-7.554720737878995e-16,-3.9898639947466563e-17,,-0.02903867937001703,0.7151687760842678,0.8905667614605579,0.15482134835962025,3.189914998813492e-11,0.0014012919273227453,not_checked,0.001,not_checked,not_checked,,,
circle_vm2_importance_n200,632,2026492233,True,ok,9.871793319238265e-06,0.5793954271559072,0.0002831843894848478,0.003944441997816971,0.004957612860864667,0.9974982207278187,0.997500926018446,0.9975242632733031,0.9980275891001467,0.9984808422553285,154.0057399526667,200.0,0.00903149989502253,2.6825319743295495e-11,11.242620913962824,8,-1.9277961659739523e-16,-1.9778219318387913e-16,,2.1376649391672414e-06,0.6865435039593321,0.9048738331379561,0.14343706084340507,5.4332760512920686e-11,0.001249041873961687,not_checked,0.001,not_checked,not_checked,,,
circle_vm2_importance_n200,633,2026492234,True,ok,0.0013460070018165293,0.5820277486793388,0.0033645158528775435,0.540763102957278,0.6556383105711484,0.7100704700339144,0.7090056863805794,0.7204933053302611,0.7639893724154834,0.8146678855278303,152.28356980027678,200.0,0.009068609358970754,7.23172632888236e-11,10.992690165229837,8,-2.67999554839915e-12,1.3704315460216776e-16,,-0.00118015111533315,0.7470134250766806,0.8271576292912955,0.15467139937150526,1.4495693534399834e-10,0.0012390820775181055,not_checked,0.001,not_checked,not_checked,,,
circle_vm2_importance_n200,634,2026492235,True,ok,0.007276711588928286,0.5968090129760537,0.007977022304073598,3.0831511510635243,3.4005521521044737,0.17798461538801175,0.16074546655645683,0.1826330964678501,0.23332048047894724,0.3310259400939467,151.93106450639095,200.0,0.00937979507864749,6.103506589028029e-11,7.960132636709172,9,-3.053963332222409e-13,2.1684043449710089e-16,,-0.08623325774610491,0.7657481953334563,0.9215450211484262,0.16542453022979928,1.2698619933360078e-10,0.0013664162252098322,not_checked,0.001,not_checked,not_checked,,,
circle_vm2_importance_n200,635,2026492236,True,ok,1.060891691384569e-06,0.5762818070999718,8.926886241706903e-05,0.00042468328323832426,0.000565341451820334,0.999738247899816,0.9997380464684265,0.9997173692216954,0.9997878441699548,0.9998378186907827,152.8850337363949,200.0,0.009210449149685182,2.3093971179832806e-11,10.953674917283456,7,-1.6616108106950155e-14,3.5683804001929165e-17,,-1.6330334224833845e-07,0.7511902338606928,0.8744959173632524,0.15762294443127886,4.6521231311658084e-11,0.0011159577406942844,not_checked,0.001,not_checked,not_checked,,,
circle_vm2_importance_n200,636,2026492237,True,ok,0.002130510622336379,0.5819841093321076,0.0041489616743834,0.8539856081884742,1.0923828124812707,0.5795004916661468,0.5788405370771599,0.5791513675850811,0.6530496463678594,0.7237252729163512,151.76803744438902,200.0,0.009098273289707238,3.037148310625071e-11,11.233308204704658,9,-2.5413698923060224e-16,-2.636779683484747e-16,,-0.0008906796269613215,0.7214579798912434,0.8440257674386072,0.15461562277737745,6.176614775199596e-11,0.0013956660404801369,not_checked,0.001,not_checked,not_checked,,,
circle_vm2_importance_n200,637,2026492238,True,ok,0.0021516542001687178,0.6181111744085035,0.004107170183353927,0.8785782083091858,1.132231743363971,0.5797356096725708,0.5731945541360262,0.5677262834854147,0.6502939158693202,0.7199428010207847,152.7120450529287,200.0,0.009064257021097862,1.603565058516665e-10,11.414551330718002,9,6.982261990806649e-17,3.5128150388530344e-17,,-0.008958264120849324,0.7602500885462729,0.8192160866651377,0.14498370196853289,3.4401681503481996e-10,0.0013552091550081968,not_checked,0.001,not_checked,not_checked,,,
circle_vm2_importance_n200,638,2026492239,True,ok,0.009845501951010638,0.5254173850686477,0.008901434328921523,3.8996714108836215,4.703041791785995,0.0982212346417326,0.10047332376074675,0.0952242258928843,0.13958236941727095,0.21791925799475886,154.75398497216014,200.0,0.0094094789015304,1.694866469392764e-12,10.233617440592425,9,4.881511861398735e-15,9.194034422677078e-17,,0.01926468476031684,0.8056307216198825,0.891132803885001,0.1947751846942716,3.15680814821917e-12,0.0013507078401744366,not_checked,0.001,not_checked,not_checked,,,
circle_vm2_importance_n200,639,2026492240,True,ok,0.009168284900902268,0.5961355695116968,0.008483678830873857,3.5972697182552436,4.866702046004331,0.08055279021514763,0.08451957428816773,0.08774231287810849,0.15982800987653795,0.2424255187287168,154.56116060541385,200.0,0.008632713255350881,5.861267027285066e-11,14.370786384423546,9,4.182244828232484e-14,-1.5959455978986625e-16,,0.03502212105283187,0.7016527228033442,0.7540542200722297,0.14279460540047412,1.2295631179881639e-10,0.0013459171168506145,not_checked,0.001,not_checked,not_checked,,,
circle_vm2_importance_n200,640,2026492241,True,ok,0.009052196335182838,0.6567858057195506,0.008242833678630653,3.5033051064573355,5.084287657685901,0.08304525250716242,0.09001790088300465,0.07869750483369092,0.16358226472168239,0.246738044360023,154.5954155727873,200.0,0.008802885837270687,2.259636922019581e-12,20.17620802596355,10,4.403491460358566e-13,1.1449174941446927e-16,,0.058786713807899904,0.6833477045854398,0.7711230087800105,0.12405366462982934,5.5708770929641105e-12,0.0014449588488787413,not_checked,0.001,not_checked,not_checked,,,
circle_vm2_importance_n200,641,2026492242,True,ok,0.006427217699089827,0.6137775230019356,0.007382677858918226,2.6182834745524817,3.22217006896829,0.20145530919125437,0.1956062158911815,0.1996708467422018,0.276527905290845,0.3844592189945576,148.7296063162301,200.0,0.009458098509151011,1.320585862885082e-10,11.705850423834786,9,-4.4114017994090204e-15,1.465841337200402e-16,,-0.023698197458275505,0.7400943965602299,0.8654856408440805,0.1424498469942843,2.819076083682148e-10,0.0013810412492603064,not_checked,0.001,not_checked,not_checked,,,
circle_vm2_importance_n200,642,2026492243,True,ok,0.005108369253390421,0.5367468176532877,0.006424431293729181,1.969761335075653,2.415610862375004,0.2809355056895926,0.29407660008183,0.29885241248364597,0.3599918629593646,0.4498397604289134,156.38334034636947,200.0,0.009037245360015688,3.106181978296263e-12,12.676893262265256,9,1.4155343563970746e-15,-3.8163916471489756e-17,,0.0367931831402577,0.786033106020579,0.8235302723727039,0.18653600427059333,5.900835375882707e-12,0.001401041867211461,not_checked,0.001,not_checked,not_checked,,,
circle_vm2_importance_n200,643,2026492244,True,ok,0.003359799683989584,0.5050488366968402,0.005341823539834954,1.3795497189797783,1.6041255841303013,0.46488924600165527,0.4555729724004204,0.4484030472107454,0.5107066434997998,0.6094913038050223,147.3690828278412,200.0,0.00983990328451216,5.441203043687892e-13,6.756460980480706,9,-3.37403716077489e-16,-2.3158558404290375e-16,,-0.01781492269197238,0.7708218009972387,0.9923512351182349,0.1894798346640323,9.816591983735634e-13,0.001356292050331831,not_checked,0.001,not_checked,not_checked,,,
circle_vm2_importance_n200,644,2026492245,True,ok,0.010364964034258017,0.5047417008493111,0.010016889206944915,3.9173981614772617,3.990348261953115,0.08028726505274769,0.09191611106314027,0.1359899720383798,0.12580869658590027,0.1979630430377775,156.26440301000326,200.0,0.009131357691110285,1.2381207170619746e-12,13.328374158682292,9,3.977321944015344e-13,-1.214306433183765e-16,,0.11429372611297262,0.6403336674320816,0.9929244360848959,0.16071311186958592,2.652322805829499e-12,0.0013505001552402973,not_checked,0.001,not_checked,not_checked,,,
circle_vm2_importance_n200,645,2026492246,True,ok,0.0008269892595149653,0.5508966868705383,0.002611456086125346,0.32410372126536124,0.3959250168964317,0.8132999208795244,0.8167066726901173,0.820400610653232,0.8475564350602196,0.8809288434674274,153.30117382250157,200.0,0.009144557432520227,4.591560465172506e-11,11.62126444935928,8,4.5671192522300785e-12,1.454999315475547e-16,,0.0033459912703124317,0.7595848865865472,0.843078740829371,0.17521885382593147,9.362710606808378e-11,0.0012256251648068428,not_checked,0.001,not_checked,not_checked,,,
circle_vm2_importance_n200,646,2026492247,True,ok,0.0024690581932138578,0.6818422002398301,0.0041765707905757985,1.0341851560660509,1.4607356110673884,0.5064720928560651,0.49050811284232926,0.481731773889458,0.6102957283964245,0.6732912765936221,160.21381788306573,200.0,0.008231475387090516,4.107825191113079e-15,12.96970529900087,10,-6.977925182116707e-16,-1.5178830414797062e-17,,-0.023280939390253885,0.6633793464629527,0.7921616419842294,0.10634075342874226,9.103828801926284e-15,0.0015964580234140158,not_checked,0.001,not_checked,not_checked,,,
circle_vm2_importance_n200,647,2026492248,True,ok,0.00820597399722689,0.6524981018963756,0.008808424801066484,3.194827317287451,3.67719785278136,0.11936965645111908,0.1262746892429975,0.15904009696404464,0.1937484134465108,0.2900684358270027,150.8216329529843,200.0,0.009329198424526008,7.784883848671598e-13,18.988023164935868,10,1.2885352507208125e-13,8.153200337090993e-17,,0.04378114080165241,0.6742939375080923,0.8691472664379424,0.1170651052773277,1.9024781749976682e-12,0.0014294157736003399,not_checked,0.001,not_checked,not_checked,,,
circle_vm2_importance_n200,648,2026492249,True,ok,0.0002781791378176912,0.48333021973754353,0.0015382559328373045,0.1105388000088537,0.13299734533349178,0.936536860848241,0.9369412611779395,0.9356641577936579,0.9458835378883345,0.9598225036296046,147.4118583769122,200.0,0.009716458310461092,1.525446435834965e-13,8.20584833900117,8,4.830120678422922e-15,3.5128150388530344e-17,,0.00036642755911139163,0.7439562618718177,0.9672826291065287,0.1903211528824067,2.657873920952625e-13,0.001212709117680788,not_checked,0.001,not_checked,not_checked,,,
circle_vm2_importance_n200,649,2026492250,True,ok,0.0034017830404522442,0.5968213717348474,0.005013915581642918,1.3121256315341936,1.8232317539393916,0.4089183646382253,0.42217434963507905,0.4018743196344624,0.506436360856596,0.5914771920216788,154.3696789654531,200.0,0.008946950841368663,6.109512895591251e-11,15.606014413214366,9,2.402592014227878e-16,-3.903127820947816e-18,,0.024293792323352048,0.7130160382058748,0.8103463260211344,0.14975033783205,1.2706125041006544e-10,0.0013179171364754438,not_checked,0.001,not_checked,not_checked,,,
circle_vm2_importance_n200,650,2026492251,True,ok,0.0048039044458247915,0.5815102130491208,0.0062704548443897395,1.9442321520652335,2.4607954119309903,0.2975354644205003,0.2933110730666974,0.2921763542919453,0.38259400578045505,0.48794636072202846,149.36804089580096,200.0,0.009287711205642205,2.9710345295086427e-11,10.5910366056956,9,-4.0679265511656126e-16,-1.5612511283791264e-16,,-0.011335186867658442,0.7758830287904981,0.8094134931665001,0.1619532985005866,6.033284982720488e-11,0.0013062921352684498,not_checked,0.001,not_checked,not_checked,,,
circle_vm2_importance_n200,651,2026492252,True,ok,0.01090709550404223,0.5608860314118855,0.009717312692953506,4.632794457903189,5.321947111021165,0.08039044703807519,0.06888372124986661,0.06988015640598924,0.11288122708328605,0.2022024213001715,146.55468975189217,200.0,0.009805855323686014,1.0783485215881683e-11,6.572033234348864,9,-2.0954939172757037e-12,2.0296264668928643e-16,,-0.13497812814314836,0.7595082512819737,0.9678483816700443,0.17287713791859555,2.1264767724460398e-11,0.0013074169401079416,not_checked,0.001,not_checked,not_checked,,,
circle_vm2_importance_n200,652,2026492253,True,ok,0.002190126151505156,0.6290896152678507,0.004034737364581685,0.8949829096419655,1.212062164471649,0.5715738610871857,0.5647129275074645,0.5455116691734334,0.6453095012989251,0.715303516504187,152.98129175100613,200.0,0.009069322802661818,4.440892098500626e-16,11.920301572388867,10,-1.7477339020466331e-16,-8.066464163292153e-17,,-0.009466224519951494,0.7191586780155822,0.8509951980791394,0.14436408890684432,8.881784197001252e-16,0.0015091239474713802,not_checked,0.001,not_checked,not_checked,,,
circle_vm2_importance_n200,653,2026492254,True,ok,0.00019773661994149094,0.5832459308797417,0.0012900279636772888,0.0787788559471409,0.09307295748511413,0.9534139039120693,0.9535955160990373,0.9545297398902224,0.961224463938938,0.9702260770760247,152.86073717405677,200.0,0.00934201201327728,3.22528670437805e-11,11.6775931238076,8,1.19560394570839e-15,-2.1716569514884654e-16,,0.0001578960147277375,0.8004655654175284,0.8584797968907428,0.16528812128216194,6.573275257437672e-11,0.001252833055332303,not_checked,0.001,not_checked,not_checked,,,
circle_vm2_importance_n200,654,2026492255,True,ok,0.003112650414744733,0.5243433915775666,0.005285885585319025,1.2463417408406965,1.3355134807720686,0.4986235025026666,0.49826658924221934,0.5128577614499501,0.5365851138716446,0.6258184970663114,150.57742703498326,200.0,0.009834176151498003,1.592392884219862e-12,9.083352350458833,9,7.28583859910259e-17,1.1449174941446927e-16,,-0.000640787471401616,0.8543442297672602,0.9359966993251898,0.20165241441995704,2.971844992316619e-12,0.001338208094239235,not_checked,0.001,not_checked,not_checked,,,
circle_vm2_importance_n200,655,2026492256,True,ok,0.0023370266672708695,0.5659494120741269,0.004351326774433339,0.9238257017498432,1.1614969606270082,0.5460971663143633,0.5499923228686532,0.5594794504552527,0.626626046429718,0.6997718887494242,152.75857792369692,200.0,0.008960796311954976,1.384303782714369e-11,11.699882254606644,9,-1.448494102440634e-16,-1.196959198423997e-16,,0.005492482579252278,0.7442638476153052,0.8017292674407499,0.15993465251851272,2.7590596474169615e-11,0.0013405419886112213,not_checked,0.001,not_checked,not_checked,,,
circle_vm2_importance_n200,656,2026492257,True,ok,0.007416423009236395,0.6761914239973927,0.007322338845956748,3.2180564229645023,4.1901585294716455,0.173943798071445,0.1501281429840252,0.12306048891022557,0.22689121581574154,0.316106763217441,155.28715969128893,200.0,0.009172740445641356,2.7586710693583427e-11,10.106730457808018,10,-9.158762290240041e-12,2.1597307275911248e-16,,-0.12574360963497222,0.7462535366272437,0.9513974898933804,0.12160150272092426,5.584044338036165e-11,0.0014982081484049559,not_checked,0.001,not_checked,not_checked,,,
circle_vm2_importance_n200,657,2026492258,True,ok,0.007602005980741566,0.5611858729124062,0.008043233064507379,2.9691470751578453,3.647813263413598,0.1412476776416567,0.1479038192792807,0.16139401078945984,0.21862415818497768,0.3207101676020051,149.59439275155412,200.0,0.009232859050732496,1.0951572981809932e-11,12.846002876789026,9,7.138387103644561e-15,-1.734723475976807e-16,,0.03582765856939063,0.7317201693306609,0.8219509907363703,0.15893954991804077,2.159761258724302e-11,0.001356333028525114,not_checked,0.001,not_checked,not_checked,,,
circle_vm2_importance_n200,658,2026492259,True,ok,0.0032458825306160843,0.6256370464675485,0.004832166742079131,1.3572982562807951,1.850849163983153,0.4444215286599962,0.4283863443937789,0.3963630947116347,0.5224758553208051,0.60758437745474,153.50654738203886,200.0,0.00901020608296742,6.439293542825908e-15,9.997674334313427,10,-1.059482362952835e-15,2.3852447794681098e-17,,-0.029472622017180705,0.7265272209538776,0.8787324963581542,0.13749842703176215,1.2656542480726785e-14,0.0014486659783869982,not_checked,0.001,not_checked,not_checked,,,
circle_vm2_importance_n200,659,2026492260,True,ok,0.004688095557616512,0.6015806420482173,0.005933946253069564,1.7693780008266662,2.516195817259822,0.27661285162870797,0.29733011826694955,0.2841940758244238,0.3915589847119247,0.4730583391442087,159.6675132417907,200.0,0.008467709901050365,7.555533976244533e-11,18.249413673688434,9,2.167276774711624e-14,1.43982048506075e-16,,0.05293011110996926,0.6430348076126089,0.8199551523341821,0.12759164170066573,1.5937273722954615e-10,0.001343791838735342,not_checked,0.001,not_checked,not_checked,,,
circle_vm2_importance_n200,660,2026492261,True,ok,0.0028232730570394438,0.6070449880379019,0.00475324342940462,1.16969126023797,1.409339237629119,0.5151277699843879,0.5030566089643207,0.49427184540201285,0.5685564857731175,0.6494003587169019,152.90971089569132,200.0,0.00943639024050867,9.731415673286392e-11,9.798369839507,9,-2.7755575615628914e-17,8.326672684688674e-17,,-0.020191018711096298,0.8150444897132679,0.888471791275661,0.16501156220251606,2.0614865370305324e-10,0.0013411669060587883,not_checked,0.001,not_checked,not_checked,,,
circle_vm2_importance_n200,661,2026492262,True,ok,0.0009604380796661705,0.575400007423561,0.002738467722294789,0.3926901161311034,0.5007434268229503,0.7904949810675179,0.7863882421385473,0.7785113461725911,0.8252345616278578,0.8639638290839737,152.24758226099243,200.0,0.009222412799526182,1.1296508173330722e-10,9.350255884561538,8,-1.1716251449925275e-11,7.784571598445922e-17,,-0.0042574421323176015,0.7541506031322804,0.8845561188306432,0.16074888437881887,2.1553825391151804e-10,0.001319376053288579,not_checked,0.001,not_checked,not_checked,,,
circle_vm2_importance_n200,662,2026492263,True,ok,0.008739638732884192,0.5890142424098002,0.008199204858784132,3.3563836207733697,4.639528393894025,0.10207478384258845,0.1117811970485651,0.0982967615482468,0.17413442047048824,0.2669064337263652,151.13406375833435,200.0,0.00916280025759252,4.2442938053000034e-11,16.07345147170736,9,1.533460858293978e-13,1.1449174941446927e-16,,0.0697359361901535,0.7162736219643749,0.8151647910911062,0.15031892464653274,8.718004096408549e-11,0.001354915788397193,not_checked,0.001,not_checked,not_checked,,,
circle_vm2_importance_n200,663,2026492264,True,ok,0.0009687925629360272,0.6309115998764585,0.0025631629985679296,0.38500411214105357,0.5779019716283655,0.7675319139955505,0.7688490064337827,0.7490489185258089,0.8238568313031271,0.8581692273972034,157.8810264089646,200.0,0.00852801079068805,3.783173774252191e-11,14.492263662819791,9,1.732558107397919e-12,-1.5764299587939234e-16,,0.0012564565166786612,0.6618935173674507,0.8091975348632348,0.13056926417943882,8.411626950532991e-11,0.001336792018264532,not_checked,0.001,not_checked,not_checked,,,
circle_vm2_importance_n200,664,2026492265,True,ok,0.008950123202988935,0.6084124433177456,0.008292534889549315,3.716720290822345,4.687625395380737,0.12006162464954745,0.11103353040610228,0.09596106931897144,0.16695605571933875,0.24456784009245164,157.34560430322244,200.0,0.009007882387398093,1.0388301330266358e-10,10.074989537299626,9,-2.4267740594829945e-13,-1.9081958235744878e-17,,-0.06833550481338535,0.6318263100294873,1.052977562158654,0.1228537848932796,2.197568793604887e-10,0.0013429168611764908,not_checked,0.001,not_checked,not_checked,,,
circle_vm2_importance_n200,665,2026492266,True,ok,0.006576174080398678,0.5543659643231369,0.007116199181834005,2.7501625076462286,3.5580718105797557,0.19671863397002204,0.18270494615076316,0.16880080881226966,0.2684112885522125,0.37638917087375406,148.58664475721434,200.0,0.009263978765117111,7.749911823395905e-12,7.23119776482891,9,-2.179159630522065e-14,-3.0357660829594124e-17,,-0.05984643774337872,0.767224744543267,0.8509535615616248,0.17189550147428362,1.5140777520628035e-11,0.0013362921308726072,not_checked,0.001,not_checked,not_checked,,,
circle_vm2_importance_n200,666,2026492267,True,ok,0.00024047044102060156,0.5704961110752025,0.0014198956883097098,0.09536270221102378,0.11360687840189962,0.9411116592326372,0.9416019452097544,0.9447797577805097,0.9530441126499113,0.9635145997557233,154.56219172136957,200.0,0.009025429633631019,1.7393864126802328e-11,11.483255981189828,8,1.0752873201222424e-14,-2.6508743117270583e-17,,0.00041273709860842334,0.7415699370790668,0.8466214211502218,0.16016222892544374,3.47721851312599e-11,0.0012354168575257063,not_checked,0.001,not_checked,not_checked,,,
circle_vm2_importance_n200,667,2026492268,True,ok,0.0026498852213603374,0.51625842122599,0.004832047183887193,1.0287981700176319,1.1853998804424255,0.5315506203311375,0.5415147863921308,0.5528326528190975,0.5886184816889872,0.6743684219536955,148.67764615879844,200.0,0.009668513831988797,1.024402784821632e-12,11.104441309862242,9,-7.112366251504909e-17,-6.548581121812447e-17,,0.015577959263251562,0.8092619247026742,0.8687157854144122,0.20125405408916733,1.8809398483199402e-12,0.0013382511679083109,not_checked,0.001,not_checked,not_checked,,,
circle_vm2_importance_n200,668,2026492269,True,ok,0.003688866762113552,0.5555427923312075,0.005366250270977699,1.4092122318963662,1.8276968824655213,0.4071936300410578,0.42396241340949936,0.40097811018504875,0.47817746369918857,0.5694041450369411,152.6660789951107,200.0,0.009413827893352836,8.248957072964913e-12,14.247241353638799,9,8.760353553682876e-16,-9.974659986866641e-17,,0.03316723647452724,0.7696256620735771,0.8745124949063113,0.16977019470021268,1.6106893596656846e-11,0.0013423748314380646,not_checked,0.001,not_checked,not_checked,,,
circle_vm2_importance_n200,669,2026492270,True,ok,1.9779164881938982e-05,0.5913115837355023,0.0003876083828195614,0.007933825417331349,0.010446310719729178,0.9949075770730005,0.9948933504281503,0.9947904615979478,0.9960519810238584,0.9969309190405158,155.40596709668068,200.0,0.008856732230590376,4.718303525663714e-11,11.464072094375405,8,-1.0749186913835973e-16,-1.2083433212350947e-16,,-1.1079732277877868e-05,0.7413087496126385,0.8098588842224371,0.15788923631198817,9.746403684118832e-11,0.001218582270666957,not_checked,0.001,not_checked,not_checked,,,
circle_vm2_importance_n200,670,2026492271,True,ok,0.0005174054310113085,0.5578295939334856,0.002005282641175318,0.20548097022305656,0.27265287748773404,0.8820468288490617,0.8828389235735983,0.872557749337155,0.9016930770210551,0.9255761733333943,149.47435929287047,200.0,0.009576133834021049,9.258815936163955e-12,10.852378570232556,8,9.452529904641072e-14,1.214306433183765e-17,,0.0007406010907334282,0.7079988846407,0.9587471826563192,0.15782370982707009,1.814681738210311e-11,0.0012234158348292112,not_checked,0.001,not_checked,not_checked,,,
circle_vm2_importance_n200,671,2026492272,True,ok,0.0022346039744884916,0.5882517812244041,0.004284060030089561,0.8905932768996322,1.1250687714498662,0.5630431309794277,0.5642189000678672,0.5697632326722857,0.639594565421608,0.7114748410007792,152.33805473751914,200.0,0.009065460163586673,4.092581828984976e-11,12.024618799770975,9,-1.8214596497756474e-17,-2.862293735361732e-17,,0.001624156447882219,0.7267641882537716,0.8318990402359001,0.15071525807994957,8.400191653379352e-11,0.001356248976662755,not_checked,0.001,not_checked,not_checked,,,
circle_vm2_importance_n200,672,2026492273,True,ok,0.013388530373649399,0.4843684843779288,0.010569621120211377,4.99582438339557,6.184014064948474,0.04088260299439312,0.05066100464815739,0.045410722088226115,0.06872061343705835,0.1373596290122997,148.27264142044686,200.0,0.009753370563998755,9.331091455067053e-12,13.761788694176728,9,3.5374758677875207e-12,-2.2898349882893854e-16,,0.17979388303209465,0.8066380215645117,0.8678029342925213,0.2071612846223834,1.9810153517596518e-11,0.0013322497252374887,not_checked,0.001,not_checked,not_checked,,,
circle_vm2_importance_n200,673,2026492274,True,ok,0.00031831366290835383,0.6225641105173039,0.0016802598158223749,0.12909519710577316,0.14704775454043617,0.9228124728788871,0.9217831475399076,0.9291139608215562,0.9383214114100107,0.9522324925708752,153.7667553248937,200.0,0.009159460299044431,1.9493540115433916e-10,12.110353492233934,8,-1.4357905055856213e-13,-1.8041124150158794e-16,,-0.0008848659712158147,0.6857849203421595,0.9151067067056237,0.13321762907231247,4.213311921574814e-10,0.0012234996538609266,not_checked,0.001,not_checked,not_checked,,,
circle_vm2_importance_n200,674,2026492275,True,ok,0.0004957502405029679,0.5979437048784801,0.0020255172946908244,0.1947479105574841,0.24123207176917144,0.882379924357579,0.8843592559246447,0.8863742301600609,0.9056068132462146,0.9264855202406821,154.0228437444702,200.0,0.00914555964227588,6.439615507503049e-11,13.624428160317509,8,9.282497730536687e-13,-1.7455654977016621e-16,,0.0017760928218515243,0.708315849223237,0.8856835354963809,0.15021785545326874,1.340625388479566e-10,0.0012184579391032457,not_checked,0.001,not_checked,not_checked,,,
circle_vm2_importance_n200,675,2026492276,True,ok,0.0012058937338441655,0.5764594941959436,0.003141210178379801,0.4940691370570138,0.5945123823091141,0.7536403503397262,0.7484835403925647,0.742853675440885,0.7857011722900461,0.8339546415091428,150.5740179968039,200.0,0.009564470094089544,2.323974346296609e-11,9.2504146103933,9,-1.6479873021779667e-17,9.75781955236954e-18,,-0.005855821759673779,0.8099656262640742,0.8973637267387062,0.17070023806751605,4.693734290128759e-11,0.0013399170711636543,not_checked,0.001,not_checked,not_checked,,,
circle_vm2_importance_n200,676,2026492277,True,ok,0.008472309139185175,0.472376272974272,0.008651745034848052,3.317063591785047,3.6971077159328005,0.16381916254025392,0.17020296542524682,0.15746471808551185,0.1836980636145487,0.28591753461195507,147.78165311121543,200.0,0.010469872794494895,7.782663402622347e-14,9.206699409620754,9,1.9012569296705806e-15,1.2836953722228372e-16,,0.0359300319445115,0.855056527985642,1.0189939009661182,0.23163198706645172,1.3455903058456897e-13,0.001336375018581748,not_checked,0.001,not_checked,not_checked,,,
circle_vm2_importance_n200,677,2026492278,True,ok,0.0022428514027086344,0.5671795219148288,0.004355800512127484,0.9159080404319814,1.0551802438470252,0.5758127447585824,0.5692103084299689,0.5900251464295956,0.6385404329951057,0.7076381101631698,154.18875249008937,200.0,0.009049725647726504,1.477118427573032e-11,9.16072211355446,9,-8.283304597789254e-17,-1.4224732503009818e-16,,-0.009383739674263814,0.7390359762962596,0.8914668139041046,0.15953067670998028,2.937938781144567e-11,0.0013338751159608364,not_checked,0.001,not_checked,not_checked,,,
circle_vm2_importance_n200,678,2026492279,True,ok,7.703477218590216e-05,0.4846484370188182,0.0008272953801886405,0.030905860145596032,0.03489359092916815,0.9825190578603781,0.9824673533479102,0.9827045186115798,0.9847111254901942,0.9888389954889925,145.69726829049242,200.0,0.009959827453839321,1.6553425297161084e-13,7.586520436104518,8,1.3492896036582103e-16,1.49890950346121e-16,,-4.597563561758479e-05,0.8563340713771851,0.8912743532465781,0.21902003276134094,2.8888003100746573e-13,0.0012203759979456663,not_checked,0.001,not_checked,not_checked,,,
circle_vm2_importance_n200,679,2026492280,True,ok,0.0035563266788491976,0.504463585096478,0.005529997754337335,1.443265361699176,1.6584355481951458,0.4282172255237239,0.42297747044757195,0.43639050880716557,0.49102249588545366,0.5842933231601565,151.09752423975385,200.0,0.009383618553303484,5.255795798575491e-13,7.520893043227766,9,-2.0643209364124004e-16,-1.7867651802561113e-16,,-0.010367345079748458,0.7276651670868697,0.9587403390519524,0.178484687727343,9.492406860545088e-13,0.0013348748907446861,not_checked,0.001,not_checked,not_checked,,,
circle_vm2_importance_n200,680,2026492281,True,ok,0.0038510970771408193,0.5030059378677376,0.005358658332985742,1.4858738463410701,2.0337808342722665,0.37204762948553993,0.38522855514756904,0.3617179852157068,0.46291148724523334,0.5527487735986778,153.94358181543075,200.0,0.00896598536269431,4.75397499144492e-13,11.15750612181001,9,1.682681771697503e-16,2.2551405187698492e-17,,0.0272824922576288,0.661120675200076,0.9066054364402704,0.1678067557434518,8.713030297258229e-13,0.001334083965048194,not_checked,0.001,not_checked,not_checked,,,
circle_vm2_importance_n200,681,2026492282,True,ok,0.0033046828064866585,0.5507879212723719,0.005224888495960072,1.280978443466765,1.531877147713462,0.44195627932781295,0.45325611629006324,0.4648973856091314,0.516367498141906,0.5987402914710456,155.21227757284262,200.0,0.009164157959654078,6.471823077447425e-12,12.736373944512948,9,4.7704895589362195e-17,-3.3393426912553537e-17,,0.020447339563949174,0.7658322612684273,0.8544654773786609,0.17910765570085133,1.2541523375375618e-11,0.0013325419276952744,not_checked,0.001,not_checked,not_checked,,,
circle_vm2_importance_n200,682,2026492283,True,ok,0.004933014733447871,0.6158509288441179,0.006328168174614832,1.9881146822402045,2.5151240815016034,0.2794815456893487,0.2768061239042653,0.2843464071121682,0.37284110327232955,0.4738562395084194,151.39855358667492,200.0,0.00908923769938211,1.4504597523057328e-10,12.640625830948943,9,-4.9439619065339e-17,1.0061396160665481e-16,,-0.0074543944305279775,0.724098788013189,0.8249224674719599,0.1390440684370595,3.1015545687296253e-10,0.0013453341089189053,not_checked,0.001,not_checked,not_checked,,,
circle_vm2_importance_n200,683,2026492284,True,ok,0.0040042550825378775,0.5581615632767574,0.00576612494796233,1.6626711696190768,2.015085439138577,0.38834468284991375,0.37462584656915143,0.36511506826222123,0.44894674041383476,0.5533726802918255,147.77369764655904,200.0,0.009667689228460504,9.41569044954349e-12,7.733950704099913,9,-3.9898639947466563e-16,1.1882855810441129e-16,,-0.03048456830196289,0.7914856499656847,0.903856128085052,0.1788219928655959,1.846456321175083e-11,0.0013269169721752405,not_checked,0.001,not_checked,not_checked,,,
circle_vm2_importance_n200,684,2026492285,True,ok,0.0013238972102365132,0.5003542054521064,0.003390731559388986,0.524063293589705,0.6049227839081732,0.7361257818139875,0.7384690823118147,0.7389970189390209,0.7673751820115293,0.8212050492081797,148.78983334969877,200.0,0.009815264339795737,4.1574410580835774e-11,9.04197034443133,8,3.2080180525917434e-12,-4.701100619897147e-16,,0.0027477952524501137,0.8097735308936592,0.9218861579574305,0.20070075026962483,7.750289299224278e-11,0.00122187496162951,not_checked,0.001,not_checked,not_checked,,,
circle_vm2_importance_n200,685,2026492286,True,ok,0.0024487865784177387,0.5808025983530467,0.004320332744169054,1.0045424821453348,1.3050093336062547,0.5484226719772876,0.5400878570340419,0.5207398621574332,0.6127750870441121,0.6864816994791032,153.6171894926182,200.0,0.00916269048329937,2.8721358624750337e-11,9.382798267501727,9,2.862293735361732e-17,9.540979117872439e-17,,-0.012513925389119662,0.7210507499963659,0.9178360053761515,0.14986228723384393,5.825762094957554e-11,0.0013246249873191118,not_checked,0.001,not_checked,not_checked,,,
circle_vm2_importance_n200,686,2026492287,True,ok,0.004649614120366463,0.6034137020507582,0.005857590222570435,1.9485696455875572,2.5438119759384388,0.3299046420612085,0.3129481242296552,0.2802968698631391,0.39458416159487053,0.4913729832844609,152.81952030495844,200.0,0.009311918988385612,8.271705542739483e-11,8.89292357926276,9,-8.61116733474887e-15,-2.463307335887066e-16,,-0.04436199872048596,0.7612362869574577,0.9191917507409985,0.15226489634772764,1.7380252792520423e-10,0.0013348751235753298,not_checked,0.001,not_checked,not_checked,,,
circle_vm2_importance_n200,687,2026492288,True,ok,0.0030905226366080285,0.6604557627553391,0.004855338753181749,1.2397965236225448,1.6690117536425202,0.4168376516749289,0.4157822600063774,0.4340889218465571,0.5389650635573662,0.6102268920299683,159.81906457322972,200.0,0.008226201568916234,8.881784197001252e-16,15.664678758432432,10,3.204901621867151e-16,3.191891195797325e-16,,-0.0017937344896666874,0.6458368231910555,0.7699413912327465,0.11027901172886842,2.220446049250313e-15,0.001444042194634676,not_checked,0.001,not_checked,not_checked,,,
circle_vm2_importance_n200,688,2026492289,True,ok,0.0005181551576955989,0.6066983149135989,0.002140718255078496,0.20614295130855434,0.23867434438635135,0.8787567915309852,0.879370034052338,0.8875085071182313,0.9015578824850271,0.9238233519521866,152.9163648790311,200.0,0.009222663113467415,9.610279239069541e-11,12.983148551399173,8,9.859029825171062e-14,1.0538445116559103e-16,,0.0005595558848426191,0.7195888279619137,0.8927440950727927,0.14376394130848033,2.028270884579797e-10,0.001230207970365882,not_checked,0.001,not_checked,not_checked,,,
circle_vm2_importance_n200,689,2026492290,True,ok,0.0005418723460597352,0.5188125174821989,0.001986942303652859,0.2185970386873389,0.3038325373795012,0.8773667399697289,0.8763899189202136,0.8590602079665972,0.8972915254598206,0.9220127024341117,149.843923697833,200.0,0.00950433862934078,2.0103918529912335e-12,8.249011444005793,8,-1.1341806400305687e-13,-2.64328489651966e-16,,-0.0009240501317224065,0.6743122256170458,1.0148113369919036,0.1617015511594337,3.581135388230905e-12,0.0012222500517964363,not_checked,0.001,not_checked,not_checked,,,
circle_vm2_importance_n200,690,2026492291,True,ok,0.0004760800274605792,0.5505119498423139,0.002017628938008261,0.19287574204835592,0.22936555576184825,0.8902764326766947,0.8889505316418571,0.8916489498176476,0.909176526133408,0.9312580441764995,149.594326953138,200.0,0.009475636711865191,6.3823391016626374e-12,9.03626595677699,8,-2.4192995697058794e-13,4.889751797909625e-17,,-0.0012218655320621191,0.7031150737967002,0.9532821353182029,0.16557102920433037,1.2360112933151868e-11,0.001219957834109664,not_checked,0.001,not_checked,not_checked,,,
circle_vm2_importance_n200,691,2026492292,True,ok,0.0015147080785580247,0.5799679550539205,0.003601815822969602,0.618449608513466,0.7326018799110998,0.691447641753296,0.6861781004346115,0.6932941299079269,0.7386422202119985,0.7963843869363846,150.3083760872278,200.0,0.009393838941666042,2.758460126983664e-11,9.649199567448312,9,-7.37257477290143e-18,2.1250362580715887e-17,,-0.006283188545128049,0.7748104140256005,0.8695186310811187,0.1620830123454266,5.5899063156061857e-11,0.0013370406813919544,not_checked,0.001,not_checked,not_checked,,,
circle_vm2_importance_n200,692,2026492293,True,ok,0.0010047584814008026,0.5372178809221815,0.0028937405057957765,0.40969955308196127,0.4878466242565283,0.7921505278516159,0.7885786801488384,0.7835477205659814,0.8179519407210186,0.8621631978710355,147.60831016320802,200.0,0.009794201162901505,7.230449572404041e-11,8.139934604822228,8,-7.0784855841360406e-12,2.0339632755828063e-16,,-0.0038980802608201137,0.8230732332489051,0.9034598001807226,0.1897024451124618,1.301709851020405e-10,0.0012225417885929346,not_checked,0.001,not_checked,not_checked,,,
circle_vm2_importance_n200,693,2026492294,True,ok,0.0007410986982026024,0.5785450983451585,0.0025153444394289018,0.3003143469599129,0.3464577161645731,0.8339413894357592,0.8319646693153844,0.8409451357291915,0.8622416254588123,0.8923931188196531,153.62127554610603,200.0,0.009178009336634808,2.5766166977803096e-11,10.119811539210257,8,-1.3526083465081884e-12,-1.233822072288504e-16,,-0.0019374338394359536,0.7622240234025199,0.8736784043400532,0.16108852692460202,5.208256048661042e-11,0.0012088760267943144,not_checked,0.001,not_checked,not_checked,,,
circle_vm2_importance_n200,694,2026492295,True,ok,0.013186306723528052,0.49256525883266233,0.011068332165941592,5.069085182410204,5.338693245616945,0.04752542464298997,0.053399416595761626,0.06929748791899382,0.07155697133260641,0.13020931827672308,154.60067974799225,200.0,0.009507087231261079,1.2480017019811385e-12,11.505160684098211,9,3.3578348435092664e-13,1.3877787807814457e-17,,0.10271875350050852,0.7239293267843075,0.9959435811012289,0.18620633610808987,2.5426327709965335e-12,0.001328666927292943,not_checked,0.001,not_checked,not_checked,,,
circle_vm2_importance_n200,695,2026492296,True,ok,0.003957798291443382,0.5687564359873141,0.005070707309137843,1.648740270883309,2.5204113595173623,0.4005269512460503,0.3858661095629109,0.28359569060751266,0.45313750419520016,0.5553504333552891,148.60685404626176,200.0,0.009840711310020941,1.5898948824144554e-11,7.889484697916864,9,-6.678685382510707e-16,2.6194324487249787e-16,,-0.032810477152978135,0.652238144610899,1.1105314954601635,0.1396506753286465,3.183497909731159e-11,0.0013377086725085974,not_checked,0.001,not_checked,not_checked,,,
circle_vm2_importance_n200,696,2026492297,True,ok,0.001993097656767251,0.5298106411721157,0.004081825938248859,0.7842797396658692,0.9412394981190446,0.6267665562502633,0.631535482940482,0.6246150437181572,0.6712460408486933,0.7402647575961749,150.89445076391686,200.0,0.009707510404496474,2.1458390619955026e-12,10.553055209545683,9,1.1666015375944028e-16,1.46150452851046e-16,,0.0064796615205156005,0.7497564833139578,0.9673339065261808,0.18378164303016617,4.030331623994243e-12,0.001336792018264532,not_checked,0.001,not_checked,not_checked,,,
circle_vm2_importance_n200,697,2026492298,True,ok,0.0012227049351394292,0.5251063187948959,0.003194448687035256,0.4896793253440167,0.5818687103961991,0.7559914961276126,0.755733499303908,0.7475647501473395,0.7830638922460191,0.8330717543834931,149.37005287232444,200.0,0.009852280991418867,2.2583157566202772e-11,9.008530892137728,8,-2.8733829551819134e-13,2.862293735361732e-17,,-0.0002986756441225036,0.7779201080943066,0.9805956799117941,0.18737840582624585,4.196754055385554e-11,0.0012194181326776743,not_checked,0.001,not_checked,not_checked,,,
circle_vm2_importance_n200,698,2026492299,True,ok,0.002118547647143698,0.6127515489520863,0.0038305263380939113,0.837271338362798,1.19056824361215,0.5721024630442997,0.5759379160446234,0.5514058771758432,0.6546140003982595,0.7123420300189662,160.10831955208883,200.0,0.00858409731807466,1.2603762478136105e-10,14.070270815273705,9,-1.2663481374630692e-16,-1.2576745200831851e-16,,0.005073860247340634,0.702077684060306,0.818628721172893,0.1462784540177238,2.688558264907215e-10,0.0013266669120639563,not_checked,0.001,not_checked,not_checked,,,
circle_vm2_importance_n200,699,2026492300,True,ok,0.002338043937595735,0.48995235500513834,0.004453381429936128,0.9107496338479831,1.0770174532035992,0.5679799027502157,0.5764473511688768,0.5836179376486861,0.6264985697816146,0.7017515035455277,151.4838602823178,200.0,0.009379087229974723,2.262634524186069e-13,9.895968060962721,9,1.5612511283791264e-16,1.465841337200402e-16,,0.012233970595155463,0.8041845641657542,0.8495558790747195,0.2072608421378715,4.001243780749064e-13,0.0013291670475155115,not_checked,0.001,not_checked,not_checked,,,
circle_vm2_importance_n200,700,2026492301,True,ok,0.00021971135865839209,0.5017426652933841,0.001366789186939652,0.08812230196924004,0.10375399879568614,0.9508320830746135,0.9507024123367838,0.9494456420467192,0.9570092023624557,0.9681563584288372,147.29178156641623,200.0,0.009919100386966237,4.517497487199762e-13,8.106519993239393,8,-3.799315462932329e-16,1.4354836763708079e-16,,-0.00011887925294160051,0.8004615593934176,0.948806316986131,0.20569395737176457,8.109068971862143e-13,0.0012211252469569445,not_checked,0.001,not_checked,not_checked,,,
circle_vm2_importance_n200,701,2026492302,True,ok,0.0010336287189083304,0.6022288399508109,0.002792137499228282,0.423678232633695,0.5587243011999252,0.7849885808969053,0.7803066031246069,0.7562659714404745,0.8132426562612386,0.8563002591891616,150.086962007873,200.0,0.009696474836507984,7.791500777898364e-11,10.30863653704157,9,1.491862189340054e-16,1.0299920638612292e-16,,-0.005113372535181404,0.7532403255260501,0.9662716042232457,0.15004779581065117,1.6433765459566985e-10,0.001327084144577384,not_checked,0.001,not_checked,not_checked,,,
circle_vm2_importance_n200,702,2026492303,True,ok,0.0073889342455581986,0.6447657453989455,0.00747211140959678,2.9796827744655037,3.7987758975995947,0.14264628106176935,0.14040094225881833,0.14966019089596058,0.22814204283647394,0.30026106435784405,162.8249661228432,200.0,0.008420919915973137,1.7053025658242404e-13,14.509117102600925,10,-1.0024966967669968e-14,-9.454242944073599e-17,,-0.012054538121112124,0.721087677021029,0.7966730700112029,0.12778950989121596,3.6992631180510216e-13,0.0014503758866339922,not_checked,0.001,not_checked,not_checked,,,
circle_vm2_importance_n200,703,2026492304,True,ok,0.0007698993599618564,0.5878991369151376,0.0024011993901703597,0.30356272184979705,0.4120229275699423,0.8186713992666326,0.8210131246947499,0.8138237467290079,0.8572892763628936,0.8874297597354339,155.11885180759975,200.0,0.008859661680958253,4.018063659572135e-11,12.837235269544708,8,1.9031566687172097e-12,-5.095750210681871e-18,,0.0021985110674727637,0.7346391817966859,0.8060935307643676,0.15289329205091323,8.257172723347139e-11,0.0012211247812956572,not_checked,0.001,not_checked,not_checked,,,
circle_vm2_importance_n200,704,2026492305,True,ok,0.007133869531015469,0.5071835502140876,0.007733117768029541,2.7135140185004767,3.335164218212257,0.17524960640316944,0.19088010938736688,0.1887027772129706,0.24008220193909302,0.34388620740450176,149.63050054679817,200.0,0.009521416457953893,6.141753772226366e-13,12.67822686836896,9,2.6147486953398413e-14,3.434752482434078e-16,,0.0700168969528554,0.7956319748598673,0.8429723540939147,0.1943408507363167,1.1122214260694818e-12,0.0013439159374684095,not_checked,0.001,not_checked,not_checked,,,
circle_vm2_importance_n200,705,2026492306,True,ok,0.004340571839629215,0.5752237141354326,0.006357586005369526,1.678041359238208,1.7639622118555411,0.3417176354340753,0.35414215745018496,0.4139619962252421,0.4197422830085942,0.5060810595645588,156.9052306746474,200.0,0.009074148435124482,2.1937784921988168e-11,14.267392811696068,9,8.014422459012849e-16,9.280770596475918e-17,,0.029093688306738974,0.6759816801515215,0.9517914949815817,0.14516638612282676,4.4122261400048046e-11,0.0013308331836014986,not_checked,0.001,not_checked,not_checked,,,
circle_vm2_importance_n200,706,2026492307,True,ok,0.0003889759299151585,0.574307066447995,0.0018202433571879973,0.15395416316726523,0.18278256562990403,0.9096562906237435,0.9105625142750753,0.912660532642658,0.9251538916251824,0.9430910555605726,150.6325637523313,200.0,0.009495272396801419,2.0961010704922955e-11,11.829158303985396,8,8.730380784624514e-14,-6.478107980600889e-17,,0.0008181043993990833,0.7947568254360863,0.8492870359630799,0.16857299232679773,4.213873694425274e-11,0.0012149999383836985,not_checked,0.001,not_checked,not_checked,,,
circle_vm2_importance_n200,707,2026492308,True,ok,0.004322905743572969,0.5054196636120305,0.006094830420880888,1.6662444442788462,1.992419456822422,0.3634660370589611,0.3770963128613073,0.36927645001440684,0.4212279475504027,0.5300207155822975,146.85473726539442,200.0,0.009892748345675486,5.566658245470535e-13,11.357153838851291,9,2.723515857283587e-16,-1.5439038936193583e-16,,0.03145892657517069,0.8250123828265552,0.8840322435358583,0.20195619918466717,1.0054179711005418e-12,0.001381291775032878,not_checked,0.001,not_checked,not_checked,,,
circle_vm2_importance_n200,708,2026492309,True,ok,0.0026482393813960226,0.5546315888178066,0.0047437994876165105,1.0192054149180638,1.2172021202489853,0.5134562876761177,0.5265679648443611,0.5441115161973844,0.5888122679455339,0.6650120003080118,154.04581465671484,200.0,0.009137171068614397,7.872702489919448e-12,13.45205481401056,9,8.023096076392733e-17,-1.0842021724855044e-17,,0.0200451688201726,0.751360698095612,0.8393895457265671,0.1757405348860265,1.5354384430565915e-11,0.0013427080120891333,not_checked,0.001,not_checked,not_checked,,,
circle_vm2_importance_n200,709,2026492310,True,ok,0.003766028332550242,0.58663580575756,0.005415751176031954,1.5699392163634625,1.9933562079128702,0.40815199040231775,0.3930430876010391,0.3691035304546008,0.4708547276007,0.5652689705042955,151.47353040152242,200.0,0.009430796369348298,3.7890246495919655e-11,8.526432915016368,9,-1.1050188541972261e-15,-9.237402509576498e-17,,-0.03176394167168284,0.7673475632253016,0.917388973969512,0.15730653091530514,7.763190090770422e-11,0.0013378751464188099,not_checked,0.001,not_checked,not_checked,,,
circle_vm2_importance_n200,710,2026492311,True,ok,0.0007153442088900785,0.5784180165508372,0.002403547238718889,0.28855814384432,0.35259837036946307,0.8389226218583283,0.8376773257789434,0.8383671187901593,0.866694402058093,0.8955963130177983,154.14329167553677,200.0,0.009159288188327761,2.560884837521371e-11,10.466269395454413,8,-5.204005629200203e-13,8.955509944730267e-17,,-0.0012102301441442864,0.7683961122350937,0.8632660168326585,0.169482136598685,5.175460060513615e-11,0.0012342918198555708,not_checked,0.001,not_checked,not_checked,,,
circle_vm2_importance_n200,711,2026492312,True,ok,0.003182202044610394,0.5687682090065593,0.005235207608580886,1.241241244139602,1.4963103106963265,0.4481255919065471,0.45715158863846805,0.47323879998248697,0.5291727139974202,0.6183641151316588,151.05194617601808,200.0,0.009270644991231392,1.5992429602817992e-11,13.040850092316484,9,9.80118763926896e-17,-2.7321894746634712e-17,,0.015819786852277806,0.7524427303439957,0.8346165060270099,0.16140293927251118,3.185229857649574e-11,0.0013285831082612276,not_checked,0.001,not_checked,not_checked,,,
circle_vm2_importance_n200,712,2026492313,True,ok,0.00697683954489392,0.46733668004684414,0.0080169410700968,2.6651959362148774,2.942777663221752,0.19263976457985077,0.20741232450686542,0.22960637904838896,0.24774187313882337,0.3561710107733049,147.9673266793632,200.0,0.009795784099029143,5.739853037312059e-14,10.812688637541397,9,7.598088824778415e-15,-3.408731630294426e-16,,0.06276994087134535,0.7776359852815156,0.9178862295904221,0.21288381795899544,9.769962616701378e-14,0.0013473331928253174,not_checked,0.001,not_checked,not_checked,,,
circle_vm2_importance_n200,713,2026492314,True,ok,0.0022815701824527856,0.5276419509752832,0.004364389134217426,0.8840641617485933,1.0785414196747156,0.5818604109376775,0.5917724455496174,0.5831733999508724,0.633614827675226,0.7102104286160015,149.98178761167375,200.0,0.00967446700984211,1.9100276915651193e-12,11.674270294959355,9,1.8691645453650096e-16,-2.6454533008646308e-17,,0.0142819556162605,0.7151775508821749,0.9859095170592831,0.17004719335369933,3.5722536040339037e-12,0.0013513751327991486,not_checked,0.001,not_checked,not_checked,,,
circle_vm2_importance_n200,714,2026492315,True,ok,0.0033627028475904375,0.5445749496491137,0.0052566090460568074,1.3419612116201334,1.6750065353000718,0.42367857162364786,0.4245231807651644,0.43278973575028123,0.5104101965838932,0.6029253978587354,150.462836340653,200.0,0.009118231371658394,4.667710662431546e-12,10.091619636564355,9,-2.688821387764051e-17,-9.80118763926896e-17,,0.0015599637080208062,0.7588244517111485,0.807883279523729,0.17165423792129164,9.01012597864792e-12,0.0013412490952759981,not_checked,0.001,not_checked,not_checked,,,
circle_vm2_importance_n200,715,2026492316,True,ok,0.002006345456634362,0.6695154868974,0.003802719472991303,0.8324599695368575,1.1468344836670668,0.6057094778458247,0.5945144323129385,0.5635961997279431,0.6694698882570231,0.7328843057240313,154.89228198020734,200.0,0.009038291086600266,4.440892098500626e-16,12.953632162390951,10,1.249000902703301e-16,2.92300905702092e-16,,-0.014960893441556378,0.7061137179865001,0.9037445642764222,0.12395175936154516,1.1102230246251565e-15,0.0014572909567505121,not_checked,0.001,not_checked,not_checked,,,
circle_vm2_importance_n200,716,2026492317,True,ok,0.0012350861178314076,0.5068851942652515,0.003504251106019234,0.4840896858268034,0.49285037533117415,0.746290631031634,0.7506912475234773,0.7815898319097034,0.7811272396187288,0.8332978181821311,147.65300431339716,200.0,0.009836752386028122,1.0470002642648524e-10,9.95926120205006,8,1.1498671806386973e-11,-7.068998164605489e-17,,0.004972380652879832,0.7147875452092809,0.992861900984372,0.18102875923922918,2.0116419641169614e-10,0.0012292920146137476,not_checked,0.001,not_checked,not_checked,,,
circle_vm2_importance_n200,717,2026492318,True,ok,0.0024848939114843205,0.6177724566199438,0.004474999187874982,0.987382077681105,1.198264397196945,0.5468486650903079,0.5490345120486932,0.5492881023101269,0.6083658918011272,0.6777610745581548,156.53000265222977,200.0,0.00917694017700959,1.5755952098572834e-10,13.868868983512137,9,-7.502679033599691e-17,-1.0668549377257364e-16,,0.0032877434563116092,0.7597717719789336,0.8906156012223834,0.14966424381901097,3.3872882276853034e-10,0.0013556669000536203,not_checked,0.001,not_checked,not_checked,,,
circle_vm2_importance_n200,718,2026492319,True,ok,0.008110399684108094,0.5142335570915724,0.008609841440979319,3.2126791743668632,3.443083722899344,0.1525512562964932,0.15532062030314914,0.17879026546199947,0.19748751006426948,0.2875244732161163,153.6850644463272,200.0,0.009476447748396668,9.142686607788164e-13,9.739571410637227,9,9.593020822151743e-16,1.9081958235744878e-16,,0.015740349638187157,0.7140368817686118,1.012719960233022,0.1736101281740195,1.673328142715036e-12,0.0013440009206533432,not_checked,0.001,not_checked,not_checked,,,
circle_vm2_importance_n200,719,2026492320,True,ok,0.007214257884252229,0.5306890639943633,0.007918933927806565,2.7328291096524135,3.3113319986906866,0.16223143826907377,0.1785675075514009,0.19096483089198832,0.23625310334317182,0.33413221392112696,151.95166735902916,200.0,0.009249565002063215,2.248645714075792e-12,14.09829105513699,9,5.93353491340487e-14,-3.131175874138137e-16,,0.07643702202423897,0.7151345326736139,0.8722115064243838,0.1681438203169619,4.2299497238218464e-12,0.0013557919301092625,not_checked,0.001,not_checked,not_checked,,,
circle_vm2_importance_n200,720,2026492321,True,ok,0.008486200298555735,0.5458178525725925,0.008027993139944452,3.455179320060066,4.444489650302195,0.12355360689145693,0.11902416527903203,0.1083655738148566,0.1831884160863184,0.2680133815415537,155.1599446476286,200.0,0.0090717580791744,4.998668146072305e-12,8.88688298111493,9,-6.591949208711867e-15,-2.42861286636753e-16,,-0.030349600318885894,0.7736362384641745,0.8495959696917855,0.17855382168075468,9.632072917042933e-12,0.001368831843137741,not_checked,0.001,not_checked,not_checked,,,
circle_vm2_importance_n200,721,2026492322,True,ok,0.008916690018659912,0.6164690434587443,0.008611138870709365,3.8251947219571676,4.434133406482801,0.11247148734049689,0.09611248666866026,0.10892815927789307,0.16807617096496524,0.2544344744531157,153.50000292098272,200.0,0.00904045968031829,1.490991774488748e-10,7.983961673181719,9,-3.871939227573229e-12,2.237793284010081e-16,,-0.12925935724660143,0.7228846573534229,0.9084034345110201,0.14508371551681026,3.190834263477882e-10,0.0013611239846795797,not_checked,0.001,not_checked,not_checked,,,
circle_vm2_importance_n200,722,2026492323,True,ok,0.0005380680524540438,0.5364743096432945,0.0021923077514242927,0.21366019721803126,0.23727660272199258,0.8786486021862954,0.8794764081996647,0.8881289777163147,0.8979744973319748,0.9214778009932212,151.98187639528663,200.0,0.009380621193263064,3.0682123508540826e-12,10.02389751886809,8,9.244894346588373e-14,-4.0766001685454967e-17,,0.0007835118817931253,0.7628787825133084,0.9065689925995,0.1756566289285918,5.814682069171795e-12,0.0012334592174738646,not_checked,0.001,not_checked,not_checked,,,
circle_vm2_importance_n200,723,2026492324,True,ok,0.005011713457278688,0.5880681914662267,0.006596325596695692,1.9501529571803777,2.1878935120321974,0.29361209631590335,0.30354156303335866,0.33489214439838705,0.36701862185858886,0.45465013912419205,157.2769647599566,200.0,0.00910195850166546,4.057820746083962e-11,14.407891212608929,9,5.559788740505667e-16,-1.5092094240998222e-16,,0.027266212865548756,0.746938882298234,0.8913396725028921,0.1539004916362383,8.325340417059124e-11,0.0013345000334084034,not_checked,0.001,not_checked,not_checked,,,
circle_vm2_importance_n200,724,2026492325,True,ok,0.0006048988868203597,0.6475470874056686,0.0022045785568709786,0.2360462572548315,0.3015286667070481,0.852767963315838,0.8560927635949966,0.8600503599621454,0.8860518777162355,0.9089132460625367,157.8869300559606,200.0,0.008764784558845079,5.6825766314716475e-11,17.319567411235017,9,5.923263182022742e-12,1.684850176042474e-16,,0.0029566487366562005,0.6966506540425438,0.8277464924269733,0.12685062928239416,1.3329715109478002e-10,0.0013298748526722193,not_checked,0.001,not_checked,not_checked,,,
circle_vm2_importance_n200,725,2026492326,True,ok,0.0021879639218442826,0.6651837768139011,0.003930673520993961,0.896090993440493,1.3089777266327391,0.5595685169075657,0.5518816638480639,0.5197076363467205,0.6455886231159527,0.7088310231240387,157.28692264867965,200.0,0.008598131186435957,7.771561172376096e-16,13.83583840492861,10,-3.469446951953614e-17,-1.0538445116559103e-16,,-0.010452712351390003,0.658588513303549,0.8581721467495621,0.11279619653386226,1.5543122344752192e-15,0.0014586672186851501,not_checked,0.001,not_checked,not_checked,,,
circle_vm2_importance_n200,726,2026492327,True,ok,0.0020971023594893445,0.47980897178447846,0.004281032805478299,0.8179271746822646,0.9438181475553856,0.6161765480500527,0.6236587560962992,0.6238102310468762,0.6574277072683867,0.7338062751769787,147.58946509187544,200.0,0.009844806833575677,1.234568003383174e-13,9.462570386569611,9,-8.196568423990414e-17,-1.0581813203458523e-16,,0.010456884556736601,0.8293181035009072,0.9042587646660213,0.2174785672983385,2.1382895454280515e-13,0.001346082892268896,not_checked,0.001,not_checked,not_checked,,,
circle_vm2_importance_n200,727,2026492328,True,ok,0.0006317395570578643,0.6496103865541145,0.0021909335581531617,0.2525610875636303,0.3290697063018255,0.8574312252818876,0.8575015271683917,0.8482881909127724,0.8813081762677873,0.9067118795587356,155.01727151492767,200.0,0.009380751218952859,7.114975275612778e-12,15.027887419067179,9,1.9849573373864615e-14,3.642919299551295e-17,,6.736762975770305e-05,0.751831453884616,0.8969369741465957,0.14199589714370645,1.6156631588160053e-11,0.0013434169813990593,not_checked,0.001,not_checked,not_checked,,,
circle_vm2_importance_n200,728,2026492329,True,ok,0.0029713688287986706,0.5577019361367321,0.004730772989942744,1.1740547839795157,1.5956176193112932,0.4636483971829633,0.4680115621085811,0.45031460887810926,0.5519632749755374,0.6366690928880312,151.95193253086634,200.0,0.009028028440848733,9.158007685527991e-12,11.412794305309271,9,8.673617379884035e-19,-3.903127820947816e-17,,0.007246373769976278,0.729429244483159,0.8184702406566898,0.17006525373518733,1.8026469206233742e-11,0.0013399990275502205,not_checked,0.001,not_checked,not_checked,,,
circle_vm2_importance_n200,729,2026492330,True,ok,0.008331418041455319,0.6317067757823989,0.008238583963374615,3.3896872658970323,3.886226096509716,0.15215079087313432,0.14732778117642575,0.14325728804810925,0.1889479670781552,0.2714693224155757,156.50470693570415,200.0,0.009503863029189225,3.859135233597044e-13,12.948666782553724,10,-4.54081217071689e-14,-2.0122792321330962e-16,,-0.028560024657452443,0.8297505915185638,0.9403765991896303,0.1542150263241144,8.22675261247241e-13,0.0014477500226348639,not_checked,0.001,not_checked,not_checked,,,
circle_vm2_importance_n200,730,2026492331,True,ok,0.001920755620564707,0.606859424156245,0.004010425964961843,0.7488037690064119,0.8931948454578159,0.6186964947975775,0.6262789552062564,0.6398014259480407,0.6810284995744356,0.7406800001612277,156.28567860527264,200.0,0.009092753403069295,9.682121770993035e-11,15.013079588954058,9,1.235990476633475e-17,1.5872719805187785e-16,,0.00974923960973545,0.7572021614797746,0.8447796755352561,0.14903208506316612,2.043616387226166e-10,0.0013456670567393303,not_checked,0.001,not_checked,not_checked,,,
circle_vm2_importance_n200,731,2026492332,True,ok,0.0009525967860242179,0.5154354911403831,0.0028730660897123457,0.38495151387804727,0.44123875028686455,0.8038261271807551,0.8020267429826551,0.8020218916684725,0.8265297582683642,0.8680851525689304,148.5050854370008,200.0,0.009807525777393425,1.6266987756807794e-11,8.038469559843447,8,-1.1584194974795237e-12,2.259477327459791e-16,,-0.0019563997341800476,0.7844959573049683,0.9690862962466851,0.18818180337776066,2.8856250722242294e-11,0.001224250067025423,not_checked,0.001,not_checked,not_checked,,,
circle_vm2_importance_n200,732,2026492333,True,ok,0.0038135871168099023,0.4668830074899404,0.005545364534102931,1.4764345917974704,1.831405917644961,0.4076750006499197,0.419585819261849,0.40023517832964134,0.4663973044881079,0.5652099373608535,149.6119083751339,200.0,0.009632632035737098,5.573319583618286e-14,9.664211295547643,9,-4.119968255444917e-17,2.168404344971009e-18,,0.024500127463245258,0.7973078828497212,0.9046142031014694,0.21062284070627563,9.50350909079134e-14,0.001345084048807621,not_checked,0.001,not_checked,not_checked,,,
circle_vm2_importance_n200,733,2026492334,True,ok,0.002205729207115814,0.5145919281542992,0.00430711706054745,0.8575001727602997,1.0325343334350228,0.5890494395266443,0.5978640615540929,0.5967439412552704,0.6432988801070361,0.7196620105284752,149.14505640537493,200.0,0.009620767707769677,9.335865414072941e-13,10.906666165960123,9,-1.7607443281164592e-16,-7.936359902593892e-17,,0.01239575504301299,0.7556025295514555,0.9172259341625018,0.18828790650506988,1.709743457922741e-12,0.0013452491257339716,not_checked,0.001,not_checked,not_checked,,,
circle_vm2_importance_n200,734,2026492335,True,ok,0.00296272145865073,0.532343880043187,0.004947320220928972,1.1418946900462026,1.410457483956756,0.4903533492741896,0.5032409308257284,0.4939955638089424,0.5529187070842558,0.6394788577140995,150.90913047348187,200.0,0.00957079759750844,2.4610313786865845e-12,12.351079421868056,9,1.6046192152785466e-16,7.546047120499111e-17,,0.021596946707044706,0.7640410376094068,0.9026545904674318,0.18107728313897895,4.6349590832051035e-12,0.0013349999208003283,not_checked,0.001,not_checked,not_checked,,,
circle_vm2_importance_n200,735,2026492336,True,ok,0.002163407448080079,0.5914653181721701,0.004131081680381865,0.8555434297967093,1.085562857920608,0.5834308596291966,0.5870028565807945,0.5811296315911483,0.6487670979576136,0.7135735838671835,155.98990232947338,200.0,0.009118879876954299,4.7627235488789665e-11,12.869615122449446,9,5.941427905220564e-17,6.938893903907228e-17,,0.004909774717661186,0.7154397864366742,0.8981429545748406,0.15299369802070809,9.819056678850302e-11,0.0013367917854338884,not_checked,0.001,not_checked,not_checked,,,
circle_vm2_importance_n200,736,2026492337,True,ok,0.0013999754167064449,0.5874969831504866,0.0034133524078249983,0.5755243942434887,0.68490950460886,0.705241873305932,0.6984512165612218,0.7100252456648886,0.7557874573955765,0.8067787384680606,153.36399739759923,200.0,0.009063312372638407,3.949984783702121e-11,9.465353741120746,9,9.107298248878237e-17,5.876375774871434e-17,,-0.007767113780455359,0.7128576596259767,0.899673483085789,0.15210716181518963,8.096545656144372e-11,0.001338292146101594,not_checked,0.001,not_checked,not_checked,,,
circle_vm2_importance_n200,737,2026492338,True,ok,0.00223780501983617,0.6137411329758742,0.00413420735625804,0.8654478166925628,1.1322448901685775,0.565919423647248,0.5766840874849486,0.5677225516044206,0.6391852222265939,0.7014153367995222,158.48345695436896,200.0,0.008837731100841576,1.3204304316616344e-10,16.241986107310183,9,9.540979117872439e-18,-4.5102810375396984e-17,,0.01483709562095259,0.7047869735681533,0.8740274583972301,0.13510860043997172,2.814317667798605e-10,0.0013339580036699772,not_checked,0.001,not_checked,not_checked,,,
circle_vm2_importance_n200,738,2026492339,True,ok,0.006637047278347019,0.5694891804421394,0.007171508253475209,2.6664250093661472,3.314050925801966,0.21233344276059163,0.21090411958738747,0.190705397549025,0.2651632895793342,0.35784705120818056,154.83536157493208,200.0,0.009433186325494433,1.6532220037390744e-11,10.7630276922738,9,-3.7470027081099033e-16,-7.28583859910259e-17,,-0.005803049013669792,0.7825113357883818,0.9321847629033877,0.1773797579811782,3.3040903346659434e-11,0.001341792056336999,not_checked,0.001,not_checked,not_checked,,,
circle_vm2_importance_n200,739,2026492340,True,ok,0.005900965514440415,0.5809813825519945,0.006489222797494393,2.2654520362694583,3.3015399840339383,0.20515519596515575,0.2186096494464197,0.1919020886416618,0.30721940791790825,0.3996662176065636,155.41957226586402,200.0,0.008730803447113937,2.8767099813364894e-11,15.384847944195249,9,1.1215854633928046e-14,1.2663481374630692e-16,,0.047467084753353816,0.6802767989385167,0.8110635655205931,0.14441794228810506,5.877875963733459e-11,0.0013370420783758163,not_checked,0.001,not_checked,not_checked,,,
circle_vm2_importance_n200,740,2026492341,True,ok,0.004092762837728303,0.5229959461469222,0.006166128369297522,1.610564382514448,1.820612586458034,0.37222184617601894,0.37820639051235383,0.40240095246888574,0.4410696111648561,0.5502320624278263,145.9686724453362,200.0,0.009768723835704018,1.4847012508312218e-12,10.398231629614196,9,-8.847089727481716e-17,-2.7755575615628914e-17,,0.013270376288436636,0.7197628785457209,0.9444645190786333,0.1700421305035149,2.7549074133048634e-12,0.001338623696938157,not_checked,0.001,not_checked,not_checked,,,
circle_vm2_importance_n200,741,2026492342,True,ok,0.010125003345398342,0.611205475615821,0.008589998645291284,4.326432798983675,5.611203859486704,0.09330011090338952,0.07953010536977316,0.06047036130652744,0.13199375487346293,0.21085228725765331,153.73796906057194,200.0,0.009246472086387575,1.1770484587003693e-10,8.163248655854868,9,-5.400478675365861e-12,-9.8879238130678e-17,,-0.13821573041216917,0.7262884741810982,0.9775980441243987,0.1402098023171515,2.5026891670165696e-10,0.0013337910640984774,not_checked,0.001,not_checked,not_checked,,,
circle_vm2_importance_n200,742,2026492343,True,ok,0.00634670555393102,0.5074945544642029,0.0076525025053369574,2.5218520025322455,2.6871892210730293,0.2317744383440274,0.2340131981087859,0.26090612503933336,0.28101671967767056,0.3811964009828208,151.9592393777534,200.0,0.009661259580525465,6.261657858885883e-13,9.20392443914256,9,1.214306433183765e-16,7.112366251504909e-17,,0.008415109520081288,0.740521763222777,1.0011333755032619,0.18216834393744064,1.13420384195706e-12,0.001332166837528348,not_checked,0.001,not_checked,not_checked,,,
circle_vm2_importance_n200,743,2026492344,True,ok,0.004839805810912923,0.5849031911696954,0.00588771258594603,1.9592679745664714,2.775653027857681,0.2889644162862176,0.2846830677444375,0.24961725508448546,0.3798567153706548,0.48326350994479583,150.2525583185134,200.0,0.009144756218073606,3.4894975797783445e-11,10.724033911334011,9,-3.642919299551295e-16,-1.8041124150158794e-16,,-0.011672825100651152,0.7057971959166675,0.8563539000112548,0.15458764340756553,7.13114012285132e-11,0.0013423762284219265,not_checked,0.001,not_checked,not_checked,,,
circle_vm2_importance_n200,744,2026492345,True,ok,0.004650948012223655,0.5143431871550403,0.006458526709842174,1.8798332574714733,2.005667585209114,0.36558069974443985,0.3617561413807965,0.3668384228433495,0.3944789091150117,0.5003133684245127,148.89881336199613,200.0,0.01014415275925376,9.128253708468037e-13,8.147777129938266,9,-2.706168622523819e-16,-1.3183898417423734e-16,,-0.009727026291005747,0.8815689932156143,0.9682303337185453,0.21228271311234886,1.6846524175662125e-12,0.0013438330497592688,not_checked,0.001,not_checked,not_checked,,,
circle_vm2_importance_n200,745,2026492346,True,ok,0.0030742455011483205,0.47220843061862094,0.004654246379184689,1.1938995337566451,1.7254064114836485,0.4830901556617347,0.4933623086148624,0.4220197328455576,0.5407224840519593,0.6348430375125274,147.8013045785108,200.0,0.00975721096744079,7.649436639667329e-14,9.57584710307954,9,-1.0581813203458523e-16,-2.6020852139652106e-18,,0.01789933335134153,0.691767003251963,1.0183828980026568,0.18116486537504822,1.3100631690576847e-13,0.0013332918751984835,not_checked,0.001,not_checked,not_checked,,,
circle_vm2_importance_n200,746,2026492347,True,ok,0.004540025271549508,0.5521927034036782,0.006019278278187472,1.726480555540439,2.232233970346455,0.317398824184012,0.3358708972686538,0.3275492068815521,0.4033280395170633,0.495723618169445,154.5667010694493,200.0,0.009144502870035228,6.952549647110118e-12,14.57128881061186,9,4.137315490204685e-15,4.9439619065339e-17,,0.04476477653968214,0.772315314617092,0.8103262128056227,0.1717469050731523,1.350719536219458e-11,0.0013390842359513044,not_checked,0.001,not_checked,not_checked,,,
circle_vm2_importance_n200,747,2026492348,True,ok,0.006477812339171551,0.5132834553714747,0.007829047693224163,2.618952932855674,2.637293533557705,0.24179586616619042,0.2381473263890721,0.26749704303582555,0.27374384891129316,0.3781182066751278,150.13531810658193,200.0,0.009965841226060467,8.645306692756094e-13,8.168725456433686,9,-1.1102230246251565e-16,3.2959746043559335e-17,,-0.013913998593526822,0.8332370654044008,0.9939806248371992,0.20208963885155418,1.5871748360041238e-12,0.0013431250117719173,not_checked,0.001,not_checked,not_checked,,,
circle_vm2_importance_n200,748,2026492349,True,ok,0.0011757720594716137,0.60987226807414,0.0030136326216995617,0.4797834705690784,0.6250645812329568,0.7443489146469726,0.7399353182431523,0.7315920050083757,0.7904487855105664,0.8350653596394145,153.29951135116224,200.0,0.009063481708066552,1.110067593401709e-10,11.00511404857625,9,-1.691355389077387e-17,-8.478460988836645e-17,,-0.004737323390216458,0.7640345862864392,0.8300740509125657,0.149281536008504,2.352298356100846e-10,0.0013340010773390532,not_checked,0.001,not_checked,not_checked,,,
circle_vm2_importance_n200,749,2026492350,True,ok,0.0033082849413128557,0.6103828042925155,0.005000089013925252,1.3788718055065383,1.776173160129021,0.43587658581458877,0.4209616558566148,0.4114422618774427,0.5159956270413396,0.597758796771362,155.5391888569955,200.0,0.008864838677226724,1.1351664053194099e-10,9.531077068790305,9,-6.938893903907228e-16,1.0885389811754465e-16,,-0.027778914490698026,0.7360920546318536,0.8603309695202181,0.14287096481408507,2.408833132960808e-10,0.0013396660797297955,not_checked,0.001,not_checked,not_checked,,,
circle_vm2_importance_n200,750,2026492351,True,ok,0.0017307677426512402,0.5982499952740943,0.00382636660270978,0.6860569448467979,0.8353697726439127,0.6494522989686671,0.6519877097236808,0.65856972005812,0.707403857944112,0.7698686050158261,151.10948458717797,200.0,0.009348395053263455,6.52704557069228e-11,12.972610464708946,9,6.418476861114186e-17,9.280770596475918e-17,,0.0031250761068490895,0.7774310403572382,0.8271242684423682,0.15651785400496396,1.3603784765336968e-10,0.0013433750718832016,not_checked,0.001,not_checked,not_checked,,,
circle_vm2_importance_n200,751,2026492352,True,ok,0.001483233947584539,0.5607114660415158,0.003626824510229361,0.6026114112802126,0.6646038775332574,0.7043617104670341,0.7004971200817742,0.7172707183194076,0.7433065096521732,0.7983861182260518,151.80541241935333,200.0,0.009462719786392891,1.9070944823340596e-10,9.247942440955603,8,-1.8776491429381426e-11,2.190088388420719e-17,,-0.004658916123198464,0.7894133875145154,0.9068256883140685,0.17546006705837555,3.585607366574095e-10,0.0012153328862041235,not_checked,0.001,not_checked,not_checked,,,
circle_vm2_importance_n200,752,2026492353,True,ok,0.01090137956270154,0.535983954162379,0.009510752528315163,4.422803872031166,5.555177003526778,0.0618841517185726,0.05947963799349,0.062188293660591774,0.11301034536697238,0.20188162841307922,146.77718008961503,200.0,0.009262087916035574,2.9628521858171553e-12,8.884368952848453,9,-2.3717139363554907e-14,-1.7694179454963432e-16,,-0.031126023475275044,0.7378265579330391,0.8282873740987062,0.1749915697051059,5.660583113353823e-12,0.0013364579062908888,not_checked,0.001,not_checked,not_checked,,,
circle_vm2_importance_n200,753,2026492354,True,ok,0.0034343672864647345,0.5434205645845369,0.005580748468289164,1.3525269404128066,1.5594017800757094,0.43219418055082526,0.43781645488857124,0.4585431456180096,0.5031467221443271,0.6029589604637909,147.30694224151793,200.0,0.009670172208957125,4.420352972545061e-12,11.107316352658549,9,1.5872719805187785e-16,6.765421556309548e-17,,0.010609987086543593,0.7305376519141904,0.9129443473628015,0.16960253452523713,8.469669410260394e-12,0.0013293761294335127,not_checked,0.001,not_checked,not_checked,,,
circle_vm2_importance_n200,754,2026492355,True,ok,0.007355328685965112,0.5645226673916655,0.008046416148092858,3.070767145057428,3.3359473177875163,0.19915641648377275,0.18567150892744438,0.18862890514386807,0.22968057557335922,0.33209430934676837,149.86907222924958,200.0,0.009940804067452753,1.2841838703536723e-11,7.76614222646935,9,-4.392493313520873e-14,1.0495077029659683e-16,,-0.06431783533569146,0.8018639407713903,1.023976831709073,0.17367195432986857,2.564282119976724e-11,0.0013414162676781416,not_checked,0.001,not_checked,not_checked,,,
circle_vm2_importance_n200,755,2026492356,True,ok,0.0010728151232346494,0.5552257663374018,0.002915299604578294,0.43818212079178553,0.5517126178540767,0.7735230513958289,0.7693441138557,0.7589219732394674,0.8068939559226509,0.8509081052276926,150.49297609545954,200.0,0.009459853015019452,1.1976197811236489e-10,8.656181797985983,8,-1.2453463607564608e-11,-2.7972416050126014e-16,,-0.0045280357489628775,0.7711540181179085,0.9045325631096601,0.1728432199324118,2.2135027144543074e-10,0.0012253329623490572,not_checked,0.001,not_checked,not_checked,,,
circle_vm2_importance_n200,756,2026492357,True,ok,0.0012230336947707254,0.6154872155227453,0.0030918101294026886,0.5020123541108318,0.640796309631276,0.7394545849595404,0.733643770168918,0.7258599748872786,0.783012405979399,0.829512809680387,152.8303983916387,200.0,0.009199341414245533,1.4262968583977909e-10,10.825032809798536,9,2.5153490401663703e-16,1.700029006457271e-16,,-0.006399438101270805,0.724438942372878,0.9048223348636368,0.14691033482789476,3.050144581351333e-10,0.001337083987891674,not_checked,0.001,not_checked,not_checked,,,
circle_vm2_importance_n200,757,2026492358,True,ok,0.004187782295795417,0.554007335191421,0.006036630858536236,1.7115815995314303,2.038881173754605,0.3641938401282594,0.35629355382474304,0.3607967181479509,0.43276671562337954,0.5411182032669166,146.64504749703795,200.0,0.009654111427412983,7.630673870551163e-12,8.704191019633909,9,-1.9255430583342559e-16,-6.331740687315346e-17,,-0.01823434060663176,0.7469259054927134,0.9157323795498219,0.16489537362200338,1.4860557229212645e-11,0.0013379580341279507,not_checked,0.001,not_checked,not_checked,,,
circle_vm2_importance_n200,758,2026492359,True,ok,0.0025087665353653588,0.6011924446957686,0.004363945346998819,1.0268056149782891,1.372378966613296,0.5331269458371921,0.5254029970323983,0.5034909791315565,0.6054681569359266,0.683978440069579,151.40064923066308,200.0,0.009193878377197776,7.480516206470611e-11,10.438788884892194,9,-1.700029006457271e-16,-1.951563910473908e-16,,-0.011649500416072822,0.7473893538083423,0.8502951181622246,0.15195806431862038,1.5646706152949719e-10,0.001339250011369586,not_checked,0.001,not_checked,not_checked,,,
circle_vm2_importance_n200,759,2026492360,True,ok,0.004413489607427934,0.6822839633267006,0.005754385008995481,1.8269992192833264,2.464620410860849,0.31828872821010834,0.3058380330049294,0.2916181011702532,0.4136653681525133,0.5059152414265986,154.38716104391102,200.0,0.008961249138126615,4.4853010194856324e-14,14.202143460477286,10,-7.778500066280003e-15,2.0816681711721685e-17,,-0.030801688156076423,0.7244767561009867,0.818861948294362,0.12816487169470497,9.769962616701378e-14,0.00144145917147398,not_checked,0.001,not_checked,not_checked,,,
circle_vm2_importance_n200,760,2026492361,True,ok,0.001528761049543137,0.5933754934711761,0.003381901608971291,0.6220336454468232,0.8461376873155277,0.6738192458598837,0.6692567291138765,0.6550335366549002,0.7365691113727313,0.7907943923074299,153.5343139106413,200.0,0.008910819425492619,5.198541597195572e-11,10.485937481286093,9,-1.1232334506949826e-16,-7.567731163948821e-17,,-0.005264612814784186,0.7197148591048217,0.8325004865605037,0.15506857448437772,1.0768186342602348e-10,0.0013404178898781538,not_checked,0.001,not_checked,not_checked,,,
circle_vm2_importance_n200,761,2026492362,True,ok,0.0002658293341579743,0.5716555302499788,0.001428023251707012,0.10508409801841387,0.13736822670862892,0.9367958158420244,0.937513677421494,0.933621552083113,0.948222720739582,0.9601079564828794,153.141662495942,200.0,0.009239324154508899,1.843158958791946e-11,11.785801342997773,8,3.4517094044117513e-14,7.567731163948821e-17,,0.0006238178223879204,0.7537974127034243,0.8794969875374977,0.15988765175289132,3.686961846938175e-11,0.0012226658873260021,not_checked,0.001,not_checked,not_checked,,,
circle_vm2_importance_n200,762,2026492363,True,ok,8.209980741535894e-05,0.6603187008138509,0.0008264223073258779,0.03272171396618583,0.03965266795044371,0.9785567409305487,0.9786330934601133,0.9803689152960382,0.9837141112583858,0.9870539117461768,158.71680605147347,200.0,0.008633475772684912,4.440892098500626e-15,16.002915335501328,9,2.8845198798976845e-16,1.9504797083014225e-16,,5.91044999788716e-05,0.6952781386652569,0.8252253429268259,0.11914065115229307,1.021405182655144e-14,0.0013395841233432293,not_checked,0.001,not_checked,not_checked,,,
circle_vm2_importance_n200,763,2026492364,True,ok,0.000536599046263353,0.6555515862007057,0.001982180596244527,0.21835470021193248,0.3001659669893395,0.8702273984543152,0.8681375218970424,0.8606365548327316,0.8982383621111087,0.9196943882683999,156.00819899512177,200.0,0.008898020901350022,2.0773494036063767e-11,13.697734606253203,9,-1.7081559691017878e-12,4.0787685728904677e-16,,-0.0018575408532956472,0.6765841446319568,0.8799977252244067,0.12730514232126774,4.526801156146121e-11,0.0013245840091258287,not_checked,0.001,not_checked,not_checked,,,
circle_vm2_importance_n200,764,2026492365,True,ok,0.0025815159168358637,0.551389456422714,0.004676709172779968,1.0606824727968986,1.2599974893864556,0.5270657939853517,0.5179704203242883,0.5325924695734116,0.5967224489248438,0.6793722826278115,149.75155427295059,200.0,0.00925971184779227,6.664224727614965e-12,8.159904377835533,9,1.3010426069826053e-16,8.239936510889834e-17,,-0.014038053031276587,0.7705989407793519,0.8428660639420618,0.17611640392465513,1.29458666009441e-11,0.0013331661466509104,not_checked,0.001,not_checked,not_checked,,,
circle_vm2_importance_n200,765,2026492366,True,ok,0.006977497370262764,0.5152731155833059,0.007335116192762398,2.65531189515813,3.5289013598178847,0.16411970083020827,0.17916857340322456,0.17128084865883642,0.24770928110504195,0.34059694129246104,154.36128944098445,200.0,0.008929565330351018,9.541256673628595e-13,12.973908693707825,9,2.4635675444084626e-14,1.8908485888147197e-16,,0.06784352647348779,0.7277864240843347,0.8168718609520974,0.17462466694991752,1.7781331962396507e-12,0.0013300429563969374,not_checked,0.001,not_checked,not_checked,,,
circle_vm2_importance_n200,766,2026492367,True,ok,0.0039428008056165975,0.5354893944962988,0.0055662960315109224,1.5961228092911621,2.113626922219894,0.3790474580587976,0.37465939845857044,0.347561566074544,0.4544987293294398,0.5597415513740124,147.17459638358682,200.0,0.009500775071463786,2.909006369122835e-12,8.712986740467946,9,-7.45931094670027e-17,-5.984795992119984e-17,,-0.00950124352226156,0.7149703740679098,0.9172304266877531,0.16724683446712038,5.508482558980177e-12,0.0013376250863075256,not_checked,0.001,not_checked,not_checked,,,
circle_vm2_importance_n200,767,2026492368,True,ok,0.007309089219664777,0.5136140601928108,0.007979259058003106,2.794456790096863,3.1446028543564823,0.1776197528352726,0.19169621277182314,0.2075669320602478,0.2318144889132742,0.32467489845585157,153.9084933750358,200.0,0.009421286871173875,8.845146837188622e-13,12.531381749341453,9,1.9393341099682715e-14,-2.1597307275911248e-16,,0.064589448884524,0.8012433448032547,0.8908891601601779,0.196144690137463,1.617150857669003e-12,0.0013400840107351542,not_checked,0.001,not_checked,not_checked,,,
circle_vm2_importance_n200,768,2026492369,True,ok,0.005718536134711627,0.5829134903079438,0.0072719759601273465,2.3447586171355046,2.540637387750567,0.26660598946443115,0.25815952110207785,0.2807421367204604,0.3186355751300728,0.4147379090391189,153.9045101772523,200.0,0.009457531230686246,3.1664892929939015e-11,9.694838726041274,9,-1.753805434212552e-15,1.682681771697503e-16,,-0.028672081625426893,0.6264724818227896,1.1276818278245495,0.12943431818847123,6.466138735561344e-11,0.001342749921604991,not_checked,0.001,not_checked,not_checked,,,
circle_vm2_importance_n200,769,2026492370,True,ok,0.0006944924734830771,0.5168672885894008,0.002357337223962735,0.2743291048615921,0.3420211719210312,0.8457469904481727,0.8475174384627524,0.8428126514429457,0.8703163657015676,0.9003092430359179,151.21398044245817,200.0,0.009412431800113103,7.618794484187674e-12,9.713694620827125,8,5.7428107408386e-13,1.4181364416110398e-16,,0.0017339422658193548,0.7846764663102155,0.8757567225053621,0.1878984730873215,1.4665824110693393e-11,0.0012289162259548903,not_checked,0.001,not_checked,not_checked,,,
circle_vm2_importance_n200,770,2026492371,True,ok,0.00100202360873336,0.5622874137478187,0.0028415308393745,0.39197070335562795,0.5001850920486559,0.7806978622779974,0.7849692623359605,0.7787287114902088,0.8183994619824196,0.858704919918918,152.02229817304467,200.0,0.009325655838246372,1.0266398842162516e-10,12.291984626516381,8,1.1263014392665083e-11,2.45029690981724e-17,,0.004419370068858036,0.7348453427781717,0.8907101867480767,0.15994034421296163,2.1379809034272057e-10,0.001218500081449747,not_checked,0.001,not_checked,not_checked,,,
circle_vm2_importance_n200,771,2026492372,True,ok,0.002121082761793902,0.5582354395690114,0.004211902101679949,0.8195861605727682,0.9941545950592281,0.5806082907701839,0.5914270735769178,0.6083059614457742,0.6542821802170604,0.7185532898172138,155.82390938005813,200.0,0.008932450994036431,9.432232772610405e-12,13.232547380597552,9,1.1622647289044608e-16,1.214306433183765e-16,,0.014423472072396304,0.7067316793972304,0.8592262063985894,0.16268647058158178,1.8533397039277588e-11,0.001341500785201788,not_checked,0.001,not_checked,not_checked,,,
circle_vm2_importance_n200,772,2026492373,True,ok,0.0028888309543197987,0.5213067202593065,0.0048713626749432104,1.1184219836505596,1.3631019307185743,0.5032529311579617,0.5144721126722773,0.5058318559770614,0.5611504706119624,0.6459215630607265,151.29898872363145,200.0,0.009545538501414833,1.3532508447156033e-12,11.535448444358654,9,9.237402509576498e-17,1.4311468676808659e-16,,0.01855519903867997,0.8139703493128527,0.8694548287292666,0.19283200549393262,2.504441098949428e-12,0.0013354159891605377,not_checked,0.001,not_checked,not_checked,,,
circle_vm2_importance_n200,773,2026492374,True,ok,0.000525765203968076,0.5386567913984934,0.0019463881373575165,0.20720629120294246,0.2897548430745012,0.8782346596781454,0.8799161682475909,0.8651283327126277,0.9001867467497484,0.9232408135692817,151.90274060963517,200.0,0.009265386133140782,5.6696869421557494e-12,10.66740282542238,8,4.269399504069904e-13,-1.7780915628762273e-16,,0.0015498951921439769,0.7136270150489258,0.9181157865696578,0.16384549087478084,1.1194822846505303e-11,0.0012236249167472124,not_checked,0.001,not_checked,not_checked,,,
circle_vm2_importance_n200,774,2026492375,True,ok,0.0021747483993368455,0.5860891439739768,0.004191402957479969,0.8995294283072386,1.0910384329725,0.5897119439796525,0.579200135114861,0.579540798071538,0.6472972383414175,0.7179240761019718,152.38151650865987,200.0,0.009216710445582983,3.696409844877735e-11,8.994017540006224,9,-1.4137996329210978e-16,-1.5742615544489524e-16,,-0.014815034286250195,0.7977206850764071,0.8500498588773289,0.16692510552493386,7.558220715964126e-11,0.0013426661025732756,not_checked,0.001,not_checked,not_checked,,,
circle_vm2_importance_n200,775,2026492376,True,ok,0.0053246854567603474,0.5119387084714762,0.006526373991404463,2.032541622411158,2.578451467996782,0.2843112915293534,0.30107545219883314,0.27548399843037796,0.3447495418126117,0.45431798396998935,148.16986417256496,200.0,0.009826024292033568,8.043565813409259e-13,12.457471603612147,9,3.490263633665336e-15,-5.724587470723463e-17,,0.04866628014649055,0.7611219573391422,0.9356939957752541,0.18682029429508798,1.467714838554457e-12,0.001333832973614335,not_checked,0.001,not_checked,not_checked,,,
circle_vm2_importance_n200,776,2026492377,True,ok,0.0030429677285210843,0.535891633131685,0.005104947548636224,1.1714394198582692,1.3932795455425744,0.479942465188092,0.4933615335526582,0.4982567498972371,0.5441156048953562,0.6306946681660289,151.4749613883218,200.0,0.009508510290897205,2.9753977059954195e-12,12.607761727011972,9,-2.0816681711721685e-17,-1.3530843112619095e-16,,0.022873835775082285,0.7845358499695332,0.875121542985423,0.18684290478767113,5.6343818499726694e-12,0.0013374160043895245,not_checked,0.001,not_checked,not_checked,,,
circle_vm2_importance_n200,777,2026492378,True,ok,0.004569121620402683,0.6528092226800601,0.006042323376955014,1.8759629330825167,2.4336722042123107,0.30728584779283963,0.29787961499873283,0.29616572425084225,0.40098778075178354,0.4967853997709327,153.11414216150465,200.0,0.008997061420181094,1.4988010832439613e-14,13.057770192746037,10,-2.235191198796116e-15,-2.1076890233118206e-16,,-0.02415714246072176,0.694964501019952,0.8574032844254926,0.12084665052219415,3.1308289294429414e-14,0.0014374579768627882,not_checked,0.001,not_checked,not_checked,,,
circle_vm2_importance_n200,778,2026492379,True,ok,0.007832122850920165,0.6249426946660421,0.007767126131457811,3.3419709102639494,4.360027206771848,0.13866775480663834,0.12168746176312414,0.11303999290334235,0.2087903646847959,0.30277747694596013,152.54576128796472,200.0,0.00895166428233085,4.7944981318437385e-12,8.73257888559316,10,-1.4058337827194123e-12,3.2959746043559335e-17,,-0.1045608849479418,0.6863209988014338,0.8995006188067644,0.1292626072039529,9.004574863524795e-12,0.001443582819774747,not_checked,0.001,not_checked,not_checked,,,
circle_vm2_importance_n200,779,2026492380,True,ok,0.0036948747947358473,0.5680741697932365,0.005417132392098094,1.528872532628566,1.8589011493419454,0.43067049395135115,0.41836651355120535,0.3947705477362565,0.4776032276109663,0.5736900353776613,150.3883263822506,200.0,0.009722295123819575,1.5384804541440644e-11,8.32754549795165,9,-3.2395960913866872e-16,-1.3530843112619095e-16,,-0.025461307367113495,0.8092106759680134,0.9484087191356129,0.17328457360303845,3.0746960533178935e-11,0.001337665831670165,not_checked,0.001,not_checked,not_checked,,,
circle_vm2_importance_n200,780,2026492381,True,ok,0.0009788742786032145,0.5910314401408396,0.0027884445485793666,0.39949505486975945,0.5014692411831021,0.7864189178074956,0.7825942481689232,0.7782288700746968,0.8221973268658277,0.8617793352346996,151.96643322698168,200.0,0.00923836770393085,1.0770073721744211e-10,10.129932257546331,8,-1.0859984786448784e-11,1.0278236595162582e-16,,-0.0039726717142368195,0.7931646195604326,0.8370074935686194,0.1609922971132201,2.1067170230537613e-10,0.0012282910756766796,not_checked,0.001,not_checked,not_checked,,,
circle_vm2_importance_n200,781,2026492382,True,ok,0.0038496711195041833,0.6077558969080106,0.0056720156113649325,1.611698245082624,1.8995846784175399,0.4012057904540749,0.384475267233397,0.38682134274072744,0.4630435245063571,0.5610068486846298,150.14845362021757,200.0,0.009538309318109292,1.005509009388561e-10,9.113407040736291,9,-2.701398132964883e-15,-5.377642775528102e-17,,-0.03591489864047537,0.8218575940244504,0.864519995171426,0.16211196961191257,2.131170795394155e-10,0.0013304578606039286,not_checked,0.001,not_checked,not_checked,,,
circle_vm2_importance_n200,782,2026492383,True,ok,0.00274562630114783,0.5574581790008943,0.004427187676095929,1.0921956260744583,1.5220887131714704,0.503209841076488,0.5051119793169323,0.4671782714455419,0.5774547121217929,0.6529295947366864,155.26001244513589,200.0,0.009114826940206738,9.089062835698769e-12,10.833805639485295,9,-3.3393426912553537e-17,-3.5561831257524545e-17,,0.0030274471923368296,0.6902723557382737,0.9197050661413485,0.15981540814823494,1.779953962000036e-11,0.0013378739822655916,not_checked,0.001,not_checked,not_checked,,,
circle_vm2_importance_n200,783,2026492384,True,ok,0.0011191548999462952,0.5516653320993321,0.0028756227657153305,0.4550064331884459,0.6182069946485835,0.7555055919751774,0.752040335974145,0.7341047882130443,0.799450246039928,0.8445456730756957,150.96789660296727,200.0,0.009158313333280032,7.684564096166469e-11,8.846641666288635,8,-7.29910381268295e-12,-5.898059818321144e-17,,-0.0036722366049639077,0.7301942223168866,0.8718978402118143,0.16730062315208416,1.4374634815794707e-10,0.0012251250445842743,not_checked,0.001,not_checked,not_checked,,,
circle_vm2_importance_n200,784,2026492385,True,ok,0.0009369157565566333,0.5344621810209444,0.002865424947428043,0.3816025003721158,0.4333750065166573,0.8059478677011439,0.8027842130109007,0.8051815466041787,0.8291259948055749,0.8706155787540074,147.8838996798765,200.0,0.009833163772570451,5.0217385805240156e-11,8.122376877835553,8,-4.710942573538102e-12,8.890457814381136e-17,,-0.00341809887473124,0.7850824651332237,0.9598995993110223,0.18439330210374633,9.053513494450272e-11,0.0012187908869236708,not_checked,0.001,not_checked,not_checked,,,
circle_vm2_importance_n200,785,2026492386,True,ok,0.0037037869827605263,0.5935794542961028,0.005616370476550573,1.5333761723515607,1.8184140980530117,0.40292396626118987,0.39031165601828277,0.4028435325902228,0.4767526879000028,0.574403695372937,149.69079766214995,200.0,0.009378159185622601,5.25760546210563e-11,9.309704724039227,9,-3.0747973611688906e-16,1.2620113287731272e-16,,-0.025930689623675063,0.7754233588833997,0.8554643146412798,0.15826041164274146,1.0874434686058976e-10,0.0013435010332614183,not_checked,0.001,not_checked,not_checked,,,
circle_vm2_importance_n200,786,2026492387,True,ok,0.0012276738939807075,0.6280750366023711,0.003078584717722408,0.5022994411374652,0.6470418332371359,0.727500618081117,0.7222288841035631,0.723596822565358,0.7822860763534181,0.8271392112478677,154.5868705267775,200.0,0.008876855023458776,8.881784197001252e-16,11.70506341341944,10,-1.5178830414797062e-16,-8.695301423333746e-17,,-0.005614941772591087,0.7224396041127306,0.8239259811445855,0.14634745983576616,1.7763568394002505e-15,0.0014474582858383656,not_checked,0.001,not_checked,not_checked,,,
circle_vm2_importance_n200,787,2026492388,True,ok,0.004044710975494636,0.5228687538160401,0.005575802590036607,1.5513174535900667,2.0501728796827283,0.3735366334836241,0.38895545299780887,0.35876545243679747,0.4453288882406903,0.5405964153333622,152.0707609992912,200.0,0.009428828563848265,1.4744871990046704e-12,12.431924900520862,9,1.8908485888147197e-16,-3.148523108897905e-16,,0.03328346830389395,0.7538091518948209,0.8920986386526026,0.17890868470990254,2.7360336218862358e-12,0.0013449580874294043,not_checked,0.001,not_checked,not_checked,,,
circle_vm2_importance_n200,788,2026492389,True,ok,0.00028865642276598713,0.6308378006713484,0.0015632989004090415,0.11412722936029596,0.13660933854976004,0.9292530058918953,0.9300418273949218,0.9339758764723779,0.9439035548266347,0.9562386380279346,155.02089052461565,200.0,0.009073041079175984,1.0829115382193777e-12,14.9008079671255,9,6.407927573975902e-14,-2.2768245622195593e-16,,0.0006676698730494479,0.7369714311765292,0.8398786402876905,0.1423776761539518,2.447375635483695e-12,0.001333167077973485,not_checked,0.001,not_checked,not_checked,,,
circle_vm2_importance_n200,789,2026492390,True,ok,0.002185593623862836,0.5648055799029734,0.004500688583375182,0.8463801081834355,0.9155242028629423,0.5827000375717852,0.5927796729332997,0.6326979762476419,0.6458947431518335,0.7148940730746697,153.56052156488948,200.0,0.009332098017364635,1.314004460795104e-11,13.376626082223511,9,1.1232334506949826e-16,8.500145032286355e-17,,0.013928670680849464,0.6856160884976048,0.9486266164256203,0.15277139237896548,2.6018964760510244e-11,0.0013342078309506178,not_checked,0.001,not_checked,not_checked,,,
circle_vm2_importance_n200,790,2026492391,True,ok,0.002204954060885722,0.6211521090550358,0.004117857020824114,0.8433125543602561,1.129935194559443,0.5528932463958938,0.5674450169083515,0.5683785634707677,0.6433986179783273,0.7054036336005947,158.27318866339166,200.0,0.008681777499945113,1.8313139893422203e-10,17.810245923552376,9,3.694961003830599e-16,1.5092094240998222e-16,,0.019334534997016373,0.7259206421440803,0.7627496274703328,0.14048120621530336,3.951807769908555e-10,0.0013450421392917633,not_checked,0.001,not_checked,not_checked,,,
circle_vm2_importance_n200,791,2026492392,True,ok,0.004616027578893567,0.6163977401468239,0.005622971192450641,1.937469109930681,2.8650646065755745,0.29990448738690834,0.2827120509701695,0.2387036861173024,0.39724362728184265,0.4902366995907588,154.43299069178028,200.0,0.008728566663994968,1.481128553137978e-10,9.358468949130543,9,-1.2127451820553858e-14,-1.196959198423997e-16,,-0.04552903918662721,0.6639324389099541,0.8750120878880092,0.12654936934453598,3.1804092692766517e-10,0.0013268738985061646,not_checked,0.001,not_checked,not_checked,,,
circle_vm2_importance_n200,792,2026492393,True,ok,0.0002820072472640156,0.5449892119434194,0.001445587313544563,0.11183851124786535,0.15081110566129674,0.931739175370706,0.9323024765274677,0.9273673136156668,0.9451596259038242,0.9576104208936512,153.5926573323948,200.0,0.00907528965586486,4.781730567060549e-12,10.425472474353349,8,1.4818387402554256e-14,9.324138683375338e-18,,0.0004821938288704433,0.7354106626233636,0.8651301663144065,0.1671335666602667,9.211742479919849e-12,0.0012107922229915857,not_checked,0.001,not_checked,not_checked,,,
circle_vm2_importance_n200,793,2026492394,True,ok,0.018510660550793867,0.5917939966190531,0.012424942625028463,7.6459183392092545,8.529375240832337,0.012790918792668629,0.01112409821342385,0.014056257335122155,0.024670869343736364,0.05326383484361982,158.42209902885202,200.0,0.008974087201405695,8.789580174806133e-11,10.252657333362256,9,-1.8601991474964663e-11,-1.942890293094024e-16,,-0.12082705944585381,0.7297971476682323,0.9515493021415098,0.14764987948871403,1.6275603087478885e-10,0.0013348341453820467,not_checked,0.001,not_checked,not_checked,,,
circle_vm2_importance_n200,794,2026492395,True,ok,0.004312021274928135,0.5449305213801583,0.00563191116809376,1.669961810543532,2.2497385483006447,0.3542244225221465,0.36607234151150025,0.32469491060214917,0.4221459148239812,0.5140102033286146,154.33879391079967,200.0,0.00935468641051523,4.782285678572862e-12,12.619639678484594,9,3.3133218391157016e-16,-1.6479873021779667e-17,,0.027423349713860956,0.7416402303427326,0.9251691914700865,0.17268631693929104,9.18398690430422e-12,0.0013346660416573286,not_checked,0.001,not_checked,not_checked,,,
circle_vm2_importance_n200,795,2026492396,True,ok,0.00607806054541804,0.6139875824368739,0.007057226056745244,2.4371376649922505,3.1785495100682635,0.20266860844643536,0.20188386727237279,0.20407356140092586,0.2965284509730464,0.39647783769497486,152.20893694605573,200.0,0.008978352376049882,1.334654609053132e-10,13.090859785139958,9,-3.9118014383277e-16,-5.117434254131581e-17,,-0.0029567234125171815,0.7292271815666266,0.7942009162816503,0.1436232680288255,2.846518576404833e-10,0.0013357079587876797,not_checked,0.001,not_checked,not_checked,,,
circle_vm2_importance_n200,796,2026492397,True,ok,0.012597265721899564,0.6281550842778609,0.009978939178949646,5.432384267211621,6.470652700335815,0.04841745064079275,0.0382720330109588,0.03934736182640519,0.08050361857063244,0.14124355381585368,155.37256972330923,200.0,0.009038071354206043,1.4220336019832303e-10,8.459796184720549,10,-4.982913560935831e-11,9.020562075079397e-17,,-0.1967389892258975,0.7621370439203552,0.8991068577637865,0.15281479878612156,2.6054025603627906e-10,0.0014461667742580175,not_checked,0.001,not_checked,not_checked,,,
circle_vm2_importance_n200,797,2026492398,True,ok,0.0024668539246288645,0.6268609552717133,0.004653034924007984,0.9795948300730547,1.1676638105411123,0.5338845986089389,0.5363121380328626,0.557756994451365,0.6105648388515702,0.6867738319563511,152.31961987547533,200.0,0.009206918445661462,1.3322676295501878e-15,14.462381022934975,10,1.8474805019152996e-16,2.905661822261152e-16,,0.003573369889245559,0.7020630549116603,0.8769021311650385,0.13260605046576396,2.886579864025407e-15,0.001443166984245181,not_checked,0.001,not_checked,not_checked,,,
circle_vm2_importance_n200,798,2026492399,True,ok,0.00039118628108458786,0.5195337331509937,0.001803847561084227,0.1555713525019745,0.18601599871197375,0.9098389578152228,0.9103352753674276,0.9111862113641122,0.9247449990142163,0.9424467729967263,151.5284108747058,200.0,0.009351758928166412,1.2266854199083355e-12,9.296996490297076,8,1.6836900797179144e-14,7.979727989493313e-17,,0.00045157996593031546,0.792566140484412,0.8649724386195891,0.18861557060299233,2.2666313270747196e-12,0.0012215408496558666,not_checked,0.001,not_checked,not_checked,,,
circle_vm2_importance_n200,799,2026492400,True,ok,0.001471654332938499,0.5791426901804122,0.003249935863212497,0.5858079653828548,0.8059212766247675,0.6975765263779199,0.6987934196117565,0.668338405733373,0.7450299451428876,0.7963553345679536,154.73048761322497,200.0,0.009225478141585421,9.757272767529912e-11,11.650294663831279,8,3.6018007153193476e-12,-1.1275702593849246e-17,,0.0014268838962723795,0.7104724630426591,0.9368606207131898,0.15649465206005445,2.0076273976599168e-10,0.0012139591854065657,not_checked,0.001,not_checked,not_checked,,,
circle_vm2_importance_n200,800,2026492401,True,ok,0.006921978767741699,0.576310093120241,0.007274474788991362,2.623506893957356,3.5695178943793424,0.15721039784279417,0.17322816527991486,0.167837513828743,0.2504751027670258,0.3404655556299467,155.65510280662076,200.0,0.008773979060693696,2.3000268356554443e-11,16.481072644576,9,8.97320412418523e-14,-1.3877787807814457e-17,,0.07264230656966175,0.7206794620423573,0.7759029057872542,0.15910909168458826,4.6588288782345444e-11,0.0013384588528424501,not_checked,0.001,not_checked,not_checked,,,
circle_vm2_importance_n200,801,2026492402,True,ok,0.004693681285165674,0.5946807913601944,0.006223784007470191,1.920361153308195,2.2267036933601574,0.3336092269745007,0.32536398417383605,0.3284561791760108,0.3911218005949234,0.48433004372301425,154.46057201032622,200.0,0.009368080627890405,5.520539581027606e-11,10.31277624225168,9,-6.271025365656158e-16,-1.5612511283791264e-16,,-0.021444319620962715,0.7832145959504598,0.9298538474937522,0.15753651380498987,1.1466361193868124e-10,0.0013429168611764908,not_checked,0.001,not_checked,not_checked,,,
circle_vm2_importance_n200,802,2026492403,True,ok,0.0014340082577202207,0.5511632717596351,0.0032276886734926295,0.5866389109945889,0.81363452779974,0.7028635848085418,0.6972654698048373,0.6657658386393641,0.7506606064439932,0.8062298581895353,150.19885144673552,200.0,0.009327727910591905,6.59605703390298e-12,8.40981912881994,9,1.4268100589909238e-16,1.682681771697503e-16,,-0.006517803953250301,0.6984950640607722,0.9434512342423046,0.15865528859673317,1.2793321957360604e-11,0.0013480831403285265,not_checked,0.001,not_checked,not_checked,,,
circle_vm2_importance_n200,803,2026492404,True,ok,0.0011113858174407465,0.5346832595674802,0.0029253613726268487,0.4356404272218123,0.5726017743146243,0.7665663039993293,0.7706589647101292,0.7510366046776282,0.8006934105987245,0.8454175861391986,151.09477400082358,200.0,0.009535516439232922,9.237643983084354e-11,10.974144580513233,8,9.872872918509357e-12,9.974659986866641e-18,,0.004456949877243155,0.7359097537325857,0.9480177574741808,0.17409156910419468,1.8414869629168606e-10,0.0012307087890803814,not_checked,0.001,not_checked,not_checked,,,
circle_vm2_importance_n200,804,2026492405,True,ok,0.0028843332836270275,0.5793208818590068,0.004596653835004859,1.1291220694997202,1.5921305452737604,0.46289318537903074,0.4705573069787523,0.45110043392724075,0.5616554717159581,0.6383943317372494,155.59890886787048,200.0,0.008697038846996099,2.652855712881319e-11,13.221644529598018,9,2.220446049250313e-16,1.682681771697503e-16,,0.012305621975545411,0.7079236104706325,0.791355657616312,0.15283998482720557,5.413114401164876e-11,0.0013437499292194843,not_checked,0.001,not_checked,not_checked,,,
circle_vm2_importance_n200,805,2026492406,True,ok,0.0027375885497114005,0.5733206211499196,0.004710809293142535,1.0709473615394014,1.3072342479673436,0.5086140912341572,0.5162300504841426,0.5201608834627935,0.5783837461445449,0.6531905652351795,155.56989451513394,200.0,0.009166747456436926,1.9995893829616307e-11,12.97211046358261,9,-4.597017211338539e-17,-7.112366251504909e-17,,0.012044029172579407,0.7623000683071175,0.8593405939603599,0.16988658970688153,4.0101699738670504e-11,0.0013394576963037252,not_checked,0.001,not_checked,not_checked,,,
circle_vm2_importance_n200,806,2026492407,True,ok,0.011532699581365824,0.5760471783037728,0.010143657676279186,4.775415900771524,5.0072776024161865,0.06768709061215866,0.06166897728427846,0.0817868504117556,0.09960529867353309,0.16592531744052222,155.74995898597498,200.0,0.009133292777765856,2.283284672444097e-11,9.014251365479716,9,-5.299528177404866e-13,-1.196959198423997e-16,,-0.0811680341125971,0.7167545429865928,0.9886071110827309,0.15135775543294291,4.598010860945578e-11,0.0013525409158319235,not_checked,0.001,not_checked,not_checked,,,
circle_vm2_importance_n200,807,2026492408,True,ok,0.0030619996036367336,0.5700012765561666,0.004941924361187211,1.1786527238089706,1.503056994062771,0.4601055389439329,0.47375882326035,0.4716450933821309,0.5420484335577102,0.6259935246062975,152.9769146470821,200.0,0.009173855378984698,1.6991741347283096e-11,14.257737288783593,9,3.0357660829594124e-17,1.2576745200831851e-17,,0.02307355882286144,0.7622374559180677,0.8160658830398729,0.16975475965053505,3.3909985930336006e-11,0.001343123847618699,not_checked,0.001,not_checked,not_checked,,,
circle_vm2_importance_n200,808,2026492409,True,ok,0.002206899881384894,0.6542546452223921,0.004006645551543081,0.8838684102410093,1.1931555773496751,0.5637424017641803,0.5633374266990641,0.550693002871655,0.6431482790489484,0.7013619789573953,160.7373098788496,200.0,0.008623249710093338,1.3322676295501878e-15,15.316670466633624,10,-9.974659986866641e-17,2.42861286636753e-17,,-0.0005542288435258502,0.6944697589146369,0.8513932487242302,0.12785512468752833,3.1086244689504383e-15,0.0014480408281087875,not_checked,0.001,not_checked,not_checked,,,
circle_vm2_importance_n200,809,2026492410,True,ok,0.0011856024374718999,0.5856980989010756,0.003095738586222552,0.4704042077566633,0.6045461255200386,0.7385523852423224,0.7403632501289665,0.7391362067581693,0.7888962301609853,0.8346296520605536,152.46863305364914,200.0,0.009118888880475413,5.4545812311346253e-11,12.220982337385358,8,3.211417676923789e-12,-9.84455572616838e-17,,0.0019183836160483192,0.6882983542644507,0.8872224720697975,0.14318770631901162,1.144078165538076e-10,0.0012231669388711452,not_checked,0.001,not_checked,not_checked,,,
circle_vm2_importance_n200,810,2026492411,True,ok,0.002935500909039046,0.6085624503902176,0.005079662634463583,1.1406968734588432,1.39769341687452,0.47353281820481175,0.4837007661634555,0.4971583418088924,0.5559370659876427,0.6390773259211002,152.52246038010819,200.0,0.009216014463679019,1.0456691068583268e-10,15.541535380215741,9,2.2768245622195593e-16,2.3678975447083417e-16,,0.016751745078387614,0.6749545506527515,0.9064583541115018,0.13106861934807956,2.213011995877423e-10,0.0013474579900503159,not_checked,0.001,not_checked,not_checked,,,
circle_vm2_importance_n200,811,2026492412,True,ok,0.002008347999449267,0.5378299986458843,0.004139295316854734,0.7962262479288795,0.913067015534864,0.6188969585489333,0.6215311625524491,0.633475782678699,0.6692018135208155,0.7350446862611646,153.27223373019814,200.0,0.009340863317178252,3.2961411378096273e-12,10.277393260107536,9,1.8648277366750676e-16,1.7477339020466331e-16,,0.003556475925413638,0.7979014500599624,0.8778109231321642,0.18248847865402226,6.2592153682317075e-12,0.0013542082160711288,not_checked,0.001,not_checked,not_checked,,,
circle_vm2_importance_n200,812,2026492413,True,ok,0.004751027767768035,0.5125797825333647,0.00646670678599394,1.8352493627810116,2.1643889320109726,0.32076048407430247,0.3335115697575743,0.33885111190236045,0.38666153563258665,0.49650540601720294,147.37040942047392,200.0,0.009743371573457291,8.346656699131927e-13,11.491960705397203,9,1.1796119636642288e-16,-1.491862189340054e-16,,0.03258087216310113,0.8178090798699248,0.8536938310292101,0.20377227555786198,1.5236700789955648e-12,0.0013414169661700726,not_checked,0.001,not_checked,not_checked,,,
circle_vm2_importance_n200,813,2026492414,True,ok,0.008940007686504936,0.5465558054783701,0.008965244239914646,3.5787892622197237,3.757521701505472,0.1379616890810107,0.1377494424875323,0.1527793048703325,0.16729416696775332,0.2539995680143602,153.2909993762739,200.0,0.009752004404291519,5.170308625679354e-12,10.201147724328697,9,-7.37257477290143e-16,-3.712308238590367e-16,,-0.0013930938088746458,0.8402241989082475,0.9651639025206161,0.19010110027033217,1.0016654172773087e-11,0.001338084228336811,not_checked,0.001,not_checked,not_checked,,,
circle_vm2_importance_n200,814,2026492415,True,ok,0.004447400201980978,0.5654221100637138,0.006179407738106643,1.6887467235033982,1.9982495427144684,0.32519882836254616,0.3442345543333275,0.3682015607390136,0.41086933267650094,0.5003520623786295,155.6961982584314,200.0,0.009072655322733977,1.355182632778451e-11,15.398364057778446,9,5.0133508455729725e-15,-2.3678975447083417e-16,,0.04510667864449647,0.7358356517028142,0.849618873274201,0.1690240555366148,2.6856517010287462e-11,0.001346290810033679,not_checked,0.001,not_checked,not_checked,,,
circle_vm2_importance_n200,815,2026492416,True,ok,0.00045613442713476893,0.5408978549807679,0.001957356425447212,0.18130905699901764,0.21837925703908231,0.895782345325022,0.8964010684407286,0.8965603879584721,0.9128105839840398,0.9341987541584976,149.2236947218058,200.0,0.009547311853630563,3.874567333639334e-12,10.107939807314121,8,4.092749359904668e-14,-8.727827488508311e-17,,0.0005723569274449641,0.7946677711878166,0.8645217324049617,0.1811085380908792,7.392975120978917e-12,0.0012263739481568336,not_checked,0.001,not_checked,not_checked,,,
circle_vm2_importance_n200,816,2026492417,True,ok,0.003752230184117744,0.540197504676982,0.005799261881043703,1.479015425905006,1.624926263896045,0.4101170895445354,0.41546039229766674,0.44376367048155907,0.4721559068456844,0.5614977873954909,153.81450950925895,200.0,0.00938298566679211,3.734235143326714e-12,10.921078675577457,9,-1.6653345369377348e-16,-1.6479873021779667e-16,,0.010938323871045874,0.7377835507712773,0.9537874410442848,0.16798558374017616,7.118305944686654e-12,0.001343082869425416,not_checked,0.001,not_checked,not_checked,,,
circle_vm2_importance_n200,817,2026492418,True,ok,0.00047551990871341765,0.6483584367286117,0.0018525679496162154,0.18911042127766836,0.26057813395570956,0.8838177168930968,0.8844477183742292,0.8778416392112455,0.9092783812017481,0.927349205028074,158.6160295633234,200.0,0.008769374115640488,2.9816149549333204e-12,15.46960413515396,9,1.1762888840055608e-13,-2.596664203102783e-17,,0.0005487711038493492,0.7237924898200228,0.8190598402677332,0.13559167192409974,6.801226248853709e-12,0.001338208094239235,not_checked,0.001,not_checked,not_checked,,,
circle_vm2_importance_n200,818,2026492419,True,ok,0.006625808466910188,0.6168047369371417,0.0071052805150053815,2.6790278850000497,3.668699280053133,0.17665045178348915,0.1733692534019744,0.15971734176391594,0.2657599839840046,0.3668506000824089,151.3476586383435,200.0,0.009050214007954506,1.5130208197433603e-10,12.532164730022682,9,-2.8466812240779404e-15,-1.717376241217039e-16,,-0.01435224911798727,0.7212038810809462,0.8079354349281873,0.1493283495165722,3.240394619297149e-10,0.0013736668042838573,not_checked,0.001,not_checked,not_checked,,,
circle_vm2_importance_n200,819,2026492420,True,ok,0.0019597472926615733,0.5498507589562178,0.0041478105002257844,0.7833702169722395,0.8664702487385244,0.6373562728199709,0.6375498923903868,0.6484080173543438,0.675738265901304,0.7427075599819681,151.78125588970778,200.0,0.009633109203557378,1.9750334701029715e-10,10.094589474819598,8,5.623470439308775e-13,-2.1597307275911248e-16,,0.00026435004619490554,0.8372238546611702,0.9041202434471879,0.18653975094092085,3.838693807267646e-10,0.0012272088788449764,not_checked,0.001,not_checked,not_checked,,,
circle_vm2_importance_n200,820,2026492421,True,ok,0.00882179152346696,0.607098968259665,0.00832661033007971,3.7610126292124573,4.716127103580644,0.11673428992775495,0.10139356762790211,0.09460324021276491,0.1712966714949586,0.26572639432985995,150.22890631505612,200.0,0.009298566563462462,9.790945831866793e-11,8.049365054896217,9,-1.889866735327317e-12,9.367506770274758e-17,,-0.11614800991283669,0.7564669636747074,0.8860487031346401,0.153944064992165,2.0666823807857782e-10,0.001334790838882327,not_checked,0.001,not_checked,not_checked,,,
circle_vm2_importance_n200,821,2026492422,True,ok,0.00011208732924838927,0.6552847399093089,0.0009388673576901952,0.0446955235972061,0.05656345487801158,0.9709104318605335,0.9709995563569829,0.9721144569027278,0.9778319383911811,0.9822886078100693,159.43029380266273,200.0,0.008615648408569735,9.769962616701378e-15,15.61237292259116,9,7.022919572274855e-17,-1.524930355600862e-16,,6.97040510748044e-05,0.7286892827558421,0.7913268680744727,0.12548253905309073,2.220446049250313e-14,0.0013319160789251328,not_checked,0.001,not_checked,not_checked,,,
circle_vm2_importance_n200,822,2026492423,True,ok,0.01762247766535463,0.7529438053559114,0.010918345320311725,8.25471075263447,11.066315913059446,0.014077996760571126,0.006862650370230445,0.003953484422938519,0.02946666858010603,0.061070656238332,158.64533008470275,200.0,0.008664502153336301,7.702727344849336e-13,10.05694566597679,11,-4.3731684939984916e-13,-1.1102230246251565e-16,,-0.6028598432463088,0.7301826109209997,0.9118991563054833,0.09417417649887323,1.5827339439056232e-12,0.0015589583199471235,not_checked,0.001,not_checked,not_checked,,,
circle_vm2_importance_n200,823,2026492424,True,ok,0.0037425057941784523,0.5491992021830343,0.005585146207314747,1.5532007534090968,1.8488435922876452,0.4083955972183131,0.3948963265515151,0.3967607613675071,0.47307508603169246,0.5718642517862418,149.32605814238335,200.0,0.009476390973934904,5.9651172890085036e-12,7.44097558177109,9,-2.749536709423239e-16,7.45931094670027e-17,,-0.02809921786885794,0.8141666518211893,0.8578068495599489,0.1862476992586752,1.15292220215224e-11,0.0013425000943243504,not_checked,0.001,not_checked,not_checked,,,
circle_vm2_importance_n200,824,2026492425,True,ok,0.0034503530859055775,0.6145734655654247,0.005309584649027126,1.4084380779265668,1.772785260439134,0.4148994293945525,0.40748855695384245,0.4121398150764193,0.50154065042854,0.5920461558019569,151.9179829440717,200.0,0.009106319147293422,1.3704082313381605e-10,11.35660988392681,9,6.678685382510707e-17,-4.2500725161431774e-17,,-0.014148421782167908,0.739925931730129,0.830376853917722,0.14167378123220112,2.9244717758558636e-10,0.0013437909074127674,not_checked,0.001,not_checked,not_checked,,,
circle_vm2_importance_n200,825,2026492426,True,ok,0.0019075225717006816,0.6023168186453713,0.0039757886854587966,0.7554236641032194,0.9092322322579321,0.6158909830997557,0.618858497651549,0.6346915690444082,0.6828333035093486,0.7393597240183652,158.30518055784145,200.0,0.008785225493040035,7.87174769811827e-11,13.284646827250079,9,1.700029006457271e-16,1.3877787807814457e-16,,0.0037926822885266387,0.6808186210317848,0.9055283670317014,0.135085033733221,1.6502710309396207e-10,0.0013435827568173409,not_checked,0.001,not_checked,not_checked,,,
circle_vm2_importance_n200,826,2026492427,True,ok,0.0019043040264252742,0.5301279199822742,0.004009544889578614,0.7775087053926557,0.9248850767864178,0.6381182882264642,0.6322051953603705,0.6297435925506694,0.6832729909901526,0.7564460607970273,146.5753605610273,200.0,0.00972123848385139,2.1863622023943208e-12,7.84422610758462,9,-2.5869063835504136e-16,-3.0249240612345574e-16,,-0.007893547411273016,0.8232462324226187,0.8729280546184456,0.19143968716325283,4.1027181651998035e-12,0.0013385000638663769,not_checked,0.001,not_checked,not_checked,,,
circle_vm2_importance_n200,827,2026492428,True,ok,0.006711499015913613,0.5333719803850965,0.007170281358387616,2.6134663686976647,3.333053098617378,0.1947238481800893,0.20333894723356244,0.18890206944218996,0.26124416701107106,0.35053861333643227,156.19229171486614,200.0,0.009147610033006683,2.5988100560425664e-12,11.793654685773303,9,2.2794266474335245e-15,1.0408340855860843e-17,,0.03556661883389034,0.7717272263914883,0.8695817496312999,0.18186374606508576,4.9045212335840915e-12,0.0013382500037550926,not_checked,0.001,not_checked,not_checked,,,
circle_vm2_importance_n200,828,2026492429,True,ok,0.004030924374373468,0.5046601227708702,0.005704406942401253,1.5518447866736582,1.9874270066483926,0.37789596480335375,0.39192900781355167,0.3701993986174534,0.44655849702421446,0.5467280371642856,149.79288469570534,200.0,0.009540652544692791,5.336842079373127e-13,11.40033645736995,9,2.8622937353617317e-16,2.6020852139652106e-17,,0.030262481537864483,0.756438825384649,0.9038005223896353,0.18564445805555618,9.625633623500107e-13,0.0013412500265985727,not_checked,0.001,not_checked,not_checked,,,
circle_vm2_importance_n200,829,2026492430,True,ok,0.00035509710895786917,0.5541881025115154,0.001673337602087392,0.1406286508451584,0.18021838942462193,0.9163296334338245,0.9171248779846932,0.9138313942668046,0.9314438016445395,0.9475637730599321,151.67974132219308,200.0,0.009291703818979138,7.701839166429636e-12,10.907271540450752,8,4.8360078962195185e-14,-1.5238461534283765e-16,,0.0007050963689946288,0.7775419473359729,0.8495284637875582,0.17313563962061307,1.500199964254989e-11,0.0012349169701337814,not_checked,0.001,not_checked,not_checked,,,
circle_vm2_importance_n200,830,2026492431,True,ok,0.005594969826368201,0.5617150734023308,0.0070382836407467874,2.1098809413474857,2.4331069596906767,0.24786840473166005,0.26842446484004256,0.2962494391066903,0.32660820859717193,0.4210375392507607,154.6091059028961,200.0,0.009210451794568251,1.1264544852451763e-11,15.971541966977096,9,3.53259088647917e-14,2.5673907444456745e-16,,0.0640534945998974,0.7379423034366477,0.8681073339754455,0.1696010541252533,2.2194024396071654e-11,0.0013291670475155115,not_checked,0.001,not_checked,not_checked,,,
circle_vm2_importance_n200,831,2026492432,True,ok,0.0005082359413945969,0.5856437621351513,0.0020616503272907214,0.20387994467984083,0.23985211068250595,0.8817494893143152,0.8814299488100144,0.8869860221710034,0.9033482072886012,0.9241415575695932,155.22321783291284,200.0,0.009029081025417413,3.618993993370623e-11,11.22400918480014,8,-3.682199944260445e-14,-6.440160904563896e-17,,-0.00029278406100102794,0.7670036399958907,0.8504186059691299,0.15793442463691684,7.39495131796275e-11,0.0012179580517113209,not_checked,0.001,not_checked,not_checked,,,
circle_vm2_importance_n200,832,2026492433,True,ok,0.010517411018473366,0.5586056583318204,0.009720763967393959,3.938858003342494,4.4219146965280745,0.06920856283885113,0.0817880069591572,0.10959567704523608,0.12203075160262224,0.18661172483216734,159.61391596778307,200.0,0.008823412193776784,9.615863660883406e-12,16.990194925878505,9,2.0286498175758894e-12,-1.9081958235744878e-17,,0.1340532020234262,0.6467847666216139,0.9202108318658258,0.14374759153556924,1.889355338846599e-11,0.001341208117082715,not_checked,0.001,not_checked,not_checked,,,
circle_vm2_importance_n200,833,2026492434,True,ok,0.0008256149209462382,0.5569534522730031,0.0024738706824408716,0.33623591608555076,0.4554710125272609,0.8153850038459876,0.8123740577242667,0.7963348575652145,0.8477894329801307,0.8827436319098368,151.06371621688456,200.0,0.009234401608971415,4.0222269959144796e-11,8.914929695359248,8,-3.6620338922724316e-12,-1.6750923564901044e-16,,-0.0029949738535277326,0.7241885725945605,0.9027352031250759,0.1588080193016037,7.530265300204064e-11,0.0012233329471200705,not_checked,0.001,not_checked,not_checked,,,
circle_vm2_importance_n200,834,2026492435,True,ok,0.003981696820887004,0.6104688860515053,0.005484585788139277,1.6658458718371971,2.2036161892934,0.36556630892866215,0.34906541660280266,0.33226976505793054,0.45097680805755247,0.5447238825717022,152.56717864591585,200.0,0.009011625921848213,1.1396850130296343e-10,9.291106684582262,9,-3.43908929112402e-15,-2.7755575615628914e-16,,-0.03658357174119775,0.746013270568003,0.8380100359935597,0.14418338373303347,2.4185053959513425e-10,0.0013377910945564508,not_checked,0.001,not_checked,not_checked,,,
circle_vm2_importance_n200,835,2026492436,True,ok,0.0033792131782801604,0.5531186096904808,0.005372047332198452,1.3060467357588512,1.523301550185442,0.4335169930206617,0.4459093358422763,0.46689505177917856,0.5087275679616878,0.5923625220600484,154.95810283296285,200.0,0.009183944745711093,7.293499137972503e-12,13.098709793721895,9,-1.730386667286865e-16,-2.3765711620882257e-16,,0.022819267776606478,0.7455932523002569,0.8745865850182954,0.16706335014451176,1.41833211841913e-11,0.0013405827339738607,not_checked,0.001,not_checked,not_checked,,,
circle_vm2_importance_n200,836,2026492437,True,ok,0.0015785551817688592,0.567035341900674,0.0036328696713000706,0.6354241062966406,0.744369914138369,0.6861171257131384,0.6844809488666472,0.6892267533742684,0.7292701522858214,0.7853915794727571,153.0341549087996,200.0,0.009376404254780951,1.2403755800249883e-10,10.208848239723672,8,-6.464597303648678e-12,-6.852157730108388e-17,,-0.002001016794548449,0.8226045701414684,0.8537935536721555,0.17685582134731676,2.408371280182564e-10,0.0012261667288839817,not_checked,0.001,not_checked,not_checked,,,
circle_vm2_importance_n200,837,2026492438,True,ok,0.0035282108057321793,0.4808030829374126,0.005713785156134822,1.3675459240967134,1.4694991259258632,0.45131643047015946,0.46257688997668334,0.47962555993953504,0.4937913787838377,0.5932581398536787,147.98595994619149,200.0,0.009984924457271914,1.3145040611561853e-13,10.015404372105671,9,-6.071532165918825e-17,-9.497611030973019e-17,,0.021869199098079162,0.8418633820756712,0.9334514774132038,0.222217475170352,2.284838984678572e-13,0.0013439988251775503,not_checked,0.001,not_checked,not_checked,,,
circle_vm2_importance_n200,838,2026492439,True,ok,0.004757196630168048,0.5458138735167051,0.006205327071681161,1.8125533758434558,2.2777234521320904,0.29226741219658925,0.30983587940249924,0.3201832707406195,0.3861847774368947,0.4790724432676575,154.69267126467608,200.0,0.008970528734394776,4.98256991221524e-12,14.104028486271075,9,4.002007059078494e-15,8.847089727481716e-17,,0.0451626381118817,0.7501018642360865,0.7971206656018146,0.17723390035079406,9.628964292573983e-12,0.0013429168611764908,not_checked,0.001,not_checked,not_checked,,,
circle_vm2_importance_n200,839,2026492440,True,ok,0.011577502195098788,0.6501102240980583,0.008962227660398612,5.014249356269729,6.874636767086583,0.06256253827271088,0.04987193112865018,0.03215078590848586,0.0987167699152242,0.16457743662289637,155.85175884956143,200.0,0.009092609741029722,1.7012713460218265e-10,9.161325506537707,10,-6.071202568458389e-11,1.474514954580286e-16,,-0.19162423911510684,0.728600311086257,0.9371657648547147,0.1282646635427764,3.2452684983752533e-10,0.0014510431792587042,not_checked,0.001,not_checked,not_checked,,,
circle_vm2_importance_n200,840,2026492441,True,ok,0.004623163900452143,0.6040177802029201,0.005767108381145839,1.919127059072462,2.665395067317508,0.3152142027826144,0.30180867510942344,0.2637647863800692,0.39667706004634334,0.4985794130105001,150.54460826424554,200.0,0.00921192596551285,8.513023619372007e-11,9.62081802725738,9,-2.7096380694757727e-15,2.3071822230491534e-16,,-0.034930749445802434,0.7155120708786861,0.8902926688080759,0.1462480155739903,1.7882095804111486e-10,0.0013465839438140392,not_checked,0.001,not_checked,not_checked,,,
circle_vm2_importance_n200,841,2026492442,True,ok,0.003861868148596903,0.5439286349514323,0.005395434735752956,1.598889826506682,2.085286980364024,0.398383710755994,0.3857810516566482,0.352521561867526,0.4619153500355737,0.5599526095894689,150.1612955837666,200.0,0.009423213248660384,4.540479103809503e-12,7.434134534195005,9,-2.7885679876327174e-16,-5.117434254131581e-17,,-0.027071283533960377,0.7413161710302477,0.9437081883931507,0.16735474433345243,8.705258736085852e-12,0.0013355000410228968,not_checked,0.001,not_checked,not_checked,,,
circle_vm2_importance_n200,842,2026492443,True,ok,0.0009271711311882314,0.5571528077852912,0.0026883164561789558,0.362722264443448,0.4696785691597887,0.7941865208702583,0.798215525351202,0.7906979167655075,0.8307434749078814,0.867483198375031,153.3256703472804,200.0,0.009195047546853224,7.98533461576767e-11,12.04304197868074,8,8.535240765029928e-12,7.318364664277155e-17,,0.004073094015922263,0.7521832326262685,0.860450006061876,0.16605834413331014,1.6484880127620727e-10,0.001223541796207428,not_checked,0.001,not_checked,not_checked,,,
circle_vm2_importance_n200,843,2026492444,True,ok,0.0016181979653919765,0.5392688313096592,0.0038944176911294296,0.6310649686997722,0.6894784544553507,0.6802545731518453,0.686846546522182,0.7084050621352393,0.7235109537515179,0.7858436286926672,148.92952357068424,200.0,0.009715654705209045,3.551825500380801e-12,11.597372659733024,9,1.8691645453650096e-16,2.8557885223268187e-16,,0.008107108728509171,0.7659155315683025,0.9197496797428155,0.1810001118699289,6.7692518257445045e-12,0.0013369580265134573,not_checked,0.001,not_checked,not_checked,,,
circle_vm2_importance_n200,844,2026492445,True,ok,0.00965878220706795,0.5344541282786099,0.008983730162533864,3.734553586357438,4.788392583282754,0.08605830746779808,0.0933996300282296,0.0912459846209813,0.14489347794303847,0.238915818195748,148.22199978494518,200.0,0.009400033468316232,2.752909011860538e-12,12.606905521893925,9,5.702903427273753e-14,-1.5612511283791264e-16,,0.06447964823487107,0.7782674457588009,0.7968962959212942,0.18121022796231964,5.207390074701834e-12,0.0013335831463336945,not_checked,0.001,not_checked,not_checked,,,
circle_vm2_importance_n200,845,2026492446,True,ok,1.574713633312186e-05,0.6472511881595808,0.0003718618671799354,0.00628110455467885,0.007358237095760934,0.995923232289996,0.9959346966744879,0.9963276411163545,0.9968555269770547,0.9975324812811449,156.88998990948792,200.0,0.008859487426716559,7.771561172376096e-16,15.034995430751822,9,2.1541741914571366e-16,2.1632543846517027e-16,,8.874989284946792e-06,0.6353146003405944,0.9354822604263018,0.11279970130994037,1.7763568394002505e-15,0.0013396251015365124,not_checked,0.001,not_checked,not_checked,,,
circle_vm2_importance_n200,846,2026492447,True,ok,0.002244547689836507,0.6142289949086259,0.004098104186497771,0.9291221912479587,1.2189293545501476,0.5692171741296155,0.5581464270636466,0.5436418150103612,0.6383238401541248,0.7055038944875918,155.41794416008216,200.0,0.008947483749219472,1.3494527717483606e-10,10.16579039374645,9,3.2959746043559335e-17,-8.456776945386935e-17,,-0.015651557656677972,0.7610683598951024,0.83342057292763,0.14760754990671685,2.8783864181036733e-10,0.0013343740720301867,not_checked,0.001,not_checked,not_checked,,,
circle_vm2_importance_n200,847,2026492448,True,ok,0.0030069172925872856,0.5373166467298527,0.005074331314795218,1.179578249125038,1.3509901057405433,0.49300489577983303,0.49977218801066825,0.5089044236411677,0.5480529029205434,0.631675224616183,152.77437232907263,200.0,0.00951200647679498,3.205657961302677e-12,11.14928660201736,9,1.8995222061946038e-16,1.5395670849294163e-16,,0.01159433395493814,0.8267672335034999,0.8743205366087831,0.19156711261459725,6.086908754809883e-12,0.0013378339353948832,not_checked,0.001,not_checked,not_checked,,,
circle_vm2_importance_n200,848,2026492449,True,ok,0.0033668969852023167,0.5701600156411137,0.004977991184728813,1.3074545616908648,1.8369852987831967,0.42381993671819773,0.4345337969523293,0.39912020196984066,0.5099822299834734,0.6005704416274016,151.4377605327729,200.0,0.009251905894417283,1.7128076734707065e-11,13.517588651565756,9,1.942890293094024e-16,3.382710778154774e-17,,0.019652116195030933,0.686297221852825,0.890067919360537,0.15525416007126694,3.418776373109722e-11,0.001337665831670165,not_checked,0.001,not_checked,not_checked,,,
circle_vm2_importance_n200,849,2026492450,True,ok,0.001974818953391244,0.5373000831262964,0.004150767930231505,0.8016984245651206,0.9039642157121619,0.6330275729422243,0.628736039612797,0.6363655555673335,0.6737044331878075,0.743070746096683,150.37531489559018,200.0,0.009640836475219187,3.2025493368337266e-12,8.481062572220182,9,-1.235990476633475e-16,-6.461844948013606e-17,,-0.0058854216043114915,0.7666243787113275,0.9702013688575962,0.17553592887888367,6.0822458181064576e-12,0.0013411249965429306,not_checked,0.001,not_checked,not_checked,,,
circle_vm2_importance_n200,850,2026492451,True,ok,0.003500899619435449,0.5320210252037327,0.0051122695280739336,1.3440495172951383,1.812988590078464,0.4203692000146073,0.435253786218867,0.40393783160042396,0.49649596427067766,0.5856967449098551,152.80447360974043,200.0,0.009259621886875541,2.417177569213891e-12,12.701201406035239,9,3.174543961037557e-16,4.683753385137379e-17,,0.028155165239520663,0.7410830113178192,0.8780877768168198,0.17170103367105802,4.553246668592692e-12,0.001343041891232133,not_checked,0.001,not_checked,not_checked,,,
circle_vm2_importance_n200,851,2026492452,True,ok,0.0059900404274766395,0.6020549610464305,0.007215877424564919,2.4841860690443403,2.681404747851821,0.24000489650473084,0.22778461789147866,0.2616618195830317,0.30179476295623264,0.39325000848691216,155.81025316309055,200.0,0.00907624305833515,7.78010988966571e-11,9.690540803535779,9,-1.2895934320411584e-14,4.0766001685454967e-17,,-0.044084949026842235,0.7446657009447929,0.9374300122257315,0.14947095241109118,1.62992508379034e-10,0.0013384167104959488,not_checked,0.001,not_checked,not_checked,,,
circle_vm2_importance_n200,852,2026492453,True,ok,0.0025032953523353996,0.49704390381234287,0.004621448228323244,1.0067890560968304,1.2057151178108505,0.5531337573432888,0.5513484314039716,0.5472456130830373,0.6061310449690415,0.6960543801386154,144.7402077340968,200.0,0.009834397494433348,3.4350300381902343e-13,7.867707031006404,9,1.3574211199518516e-16,7.32920668600201e-17,,-0.00273545758133531,0.7862183946587311,0.9078291919912107,0.1977806600595563,6.119549311733863e-13,0.0013403340708464384,not_checked,0.001,not_checked,not_checked,,,
circle_vm2_importance_n200,853,2026492454,True,ok,0.006511288259584358,0.6335116790095423,0.007045797863904388,2.5522447874441503,3.5405603735061764,0.17159656903875026,0.1777613630283414,0.17028527046366523,0.2719172051328832,0.3661871666536873,154.28754678687767,200.0,0.00880496634182475,6.783462680459706e-14,16.61452917146636,10,8.576472865229334e-15,-1.5872719805187785e-16,,0.02613525819479645,0.6861457983426509,0.7919477296870786,0.132944808820523,1.574296248918472e-13,0.001447209157049656,not_checked,0.001,not_checked,not_checked,,,
circle_vm2_importance_n200,854,2026492455,True,ok,0.010781169374565192,0.5935552089024381,0.009393867536726165,3.9255727338778454,4.962044511801324,0.05860459946151976,0.07537795747333692,0.08365766232692147,0.11576026876561396,0.1868793163419729,155.576095630113,200.0,0.009002703089789068,5.739120290115807e-11,22.681289230009494,9,2.4419990335422526e-11,5.898059818321144e-17,,0.19344750797411558,0.6576340753974148,0.8569018968216509,0.14224076207006878,1.4304379902796427e-10,0.0013300830032676458,not_checked,0.001,not_checked,not_checked,,,
circle_vm2_importance_n200,855,2026492456,True,ok,0.004847187090133431,0.5293253032897314,0.006281218069414697,2.000795466372271,2.4128986992054755,0.3242601344268411,0.3128251465962163,0.2992579556494388,0.3792963633878782,0.4844788751585669,149.50556610469934,200.0,0.00965164542468211,2.093436535233195e-12,7.207550390018423,9,-6.817463260588852e-16,-2.5847379792054426e-16,,-0.030960315159449303,0.793908193633918,0.9300335128658316,0.19264283913709623,3.924416347445003e-12,0.0013359158765524626,not_checked,0.001,not_checked,not_checked,,,
circle_vm2_importance_n200,856,2026492457,True,ok,0.0001991869400905788,0.6448358775559042,0.0013694185364368473,0.07999188395003563,0.08589773385054841,0.9478250438768564,0.9476230709413951,0.9579603722740144,0.9609456877307985,0.9690492385687329,157.84094364635075,200.0,0.008633026997652395,9.559020242022598e-14,14.231085903552266,9,-2.518249280977769e-15,1.2311115668572903e-16,,-0.00015855395690205637,0.5879822127314056,0.9386117069213338,0.10440296425258042,2.120525977034049e-13,0.001333751017227769,not_checked,0.001,not_checked,not_checked,,,
circle_vm2_importance_n200,857,2026492458,True,ok,1.2257538565485504e-05,0.62148943312119,0.00031503852763427824,0.004914167319080992,0.006109728749916882,0.9969273160675712,0.9969203380647975,0.9969497969754104,0.9975514947778922,0.998102740895909,154.9300595463367,200.0,0.009045324850277509,1.8604928708754187e-10,13.028941356017517,8,-2.0007765247093828e-16,-2.0324047349598584e-16,,-5.5759464433952945e-06,0.7354493626768139,0.8628544542389284,0.13841896616488966,4.012843390910348e-10,0.001223833067342639,not_checked,0.001,not_checked,not_checked,,,
circle_vm2_importance_n200,858,2026492459,True,ok,0.014528197202718474,0.5789357470674743,0.010817715155712724,5.3891439332941875,7.404784657149466,0.022755153120274818,0.029797704483638915,0.024664450364399935,0.05471379319563403,0.1118707701956611,150.76962962747686,200.0,0.009265344066425634,8.39764924265296e-11,19.793071026300456,9,3.346887350597072e-11,2.2898349882893854e-16,,0.21106747389660097,0.6471129123502142,0.8738768021887565,0.14484866378664885,2.0329316008371734e-10,0.001343748765066266,not_checked,0.001,not_checked,not_checked,,,
circle_vm2_importance_n200,859,2026492460,True,ok,0.0007801672638776402,0.6551626241005979,0.0024303749107954706,0.31218964009531347,0.40588534242153734,0.8166806929730539,0.8166156630999453,0.8163250390102784,0.8555305700201898,0.8825025303079574,160.2138781792247,200.0,0.008606482642670858,1.788735826124821e-11,15.313238991857643,9,-8.246615196272344e-14,-2.168404344971009e-18,,-6.136727212868731e-05,0.7248994243202446,0.8186804846689192,0.1294209063474278,4.045763724036533e-11,0.0013299579732120037,not_checked,0.001,not_checked,not_checked,,,
circle_vm2_importance_n200,860,2026492461,True,ok,0.006250418833298355,0.5063339336932893,0.007512410837789174,2.476649977900623,2.6584271279767298,0.2315446535450652,0.23474193749445926,0.264685337550973,0.2864807983155304,0.38419057334558226,153.04839407762228,200.0,0.009464577783565787,5.857536677922326e-13,9.36684088656497,9,-1.0581813203458523e-16,-1.5178830414797062e-16,,0.011758777709359514,0.7723169236693362,0.9388022389137803,0.18930523828602394,1.0589307208874743e-12,0.0013425417710095644,not_checked,0.001,not_checked,not_checked,,,
circle_vm2_importance_n200,861,2026492462,True,ok,0.0028727615556289887,0.6297973911815973,0.004763125552772671,1.1531945277458375,1.5308396279974794,0.47199974738225614,0.4707418235485552,0.4651386182763726,0.5629568419147499,0.6422590492761142,154.1247139933782,200.0,0.008905641115460406,1.4432899320127035e-15,13.621888756904161,10,-2.194425197110661e-16,-2.194425197110661e-16,,-0.0020449527471210205,0.7029452576884047,0.830948629434594,0.13303760234587406,3.1086244689504383e-15,0.0014419578947126865,not_checked,0.001,not_checked,not_checked,,,
circle_vm2_importance_n200,862,2026492463,True,ok,0.0023014403846006726,0.518158845303466,0.004236412059010823,0.9311299682699996,1.2257730468063996,0.5698227457394498,0.5661672044220556,0.5417847355027916,0.631101813450664,0.7123570591105318,147.375534047153,200.0,0.009493653283776776,1.13464793116691e-12,8.099808676611497,9,8.066464163292153e-17,1.43982048506075e-16,,-0.00527690721486529,0.7285729609043231,0.9159000920630751,0.176188679282965,2.0941026690479703e-12,0.0013400411698967218,not_checked,0.001,not_checked,not_checked,,,
circle_vm2_importance_n200,863,2026492464,True,ok,0.004538514792804094,0.656713817741668,0.005642868501201778,1.9292015917913672,2.7161801123237517,0.33091738127941916,0.30888892023096925,0.2571514530557246,0.40344990160937055,0.49758713276151545,153.7914115861021,200.0,0.009182749850985564,3.183009411600324e-13,10.418139178031051,10,-8.10107189663789e-14,2.688821387764051e-17,,-0.056897837334864865,0.7049629961208824,0.9443902405475395,0.12077334280802678,6.430411758628907e-13,0.0014472908806055784,not_checked,0.001,not_checked,not_checked,,,
circle_vm2_importance_n200,864,2026492465,True,ok,0.00686952139224406,0.6201924028800212,0.007193485534209631,2.8801326994626724,3.916887203158402,0.16451582655082386,0.1508567452828409,0.14107782343949976,0.25311678943464705,0.3497269849424661,152.93677855028324,200.0,0.008788079076222524,1.7515755512675923e-10,9.767850007277728,9,-1.283868844570435e-13,-1.6653345369377348e-16,,-0.06616207128252416,0.7040606687913958,0.8189008618837503,0.13286797879725196,3.782980595445906e-10,0.001342209056019783,not_checked,0.001,not_checked,not_checked,,,
circle_vm2_importance_n200,865,2026492466,True,ok,0.00567252494764392,0.4985892986892111,0.007121202222152975,2.326603187649529,2.6759274941244144,0.2764948596029889,0.26763138487580307,0.26237939580962305,0.32158126803652476,0.44805421088537356,141.53151460016662,200.0,0.010301420223085325,3.7470027081099033e-13,6.739741131101777,9,-3.937822290467352e-16,-1.1449174941446927e-16,,-0.02879660429598041,0.8235245031585111,0.9429088278169485,0.2044113410382653,6.705747068735946e-13,0.001335581997409463,not_checked,0.001,not_checked,not_checked,,,
circle_vm2_importance_n200,866,2026492467,True,ok,0.0038864153200768303,0.6152639409404328,0.005185925438220271,1.6223788269430202,2.3150281782287796,0.3736987084717768,0.3580459380236646,0.314266449028867,0.4596531645434869,0.5520944225292929,152.84938512822123,200.0,0.008976250808271528,1.4125312031154635e-10,9.668553859005572,9,-2.4511642715552284e-15,-1.6046192152785466e-16,,-0.033906349456144014,0.7007780298731854,0.8839568731656614,0.1355448336274695,3.0189517552514644e-10,0.0013375419657677412,not_checked,0.001,not_checked,not_checked,,,
circle_vm2_importance_n200,867,2026492468,True,ok,0.0012542965768242986,0.5512001265698032,0.0032501906961805447,0.49979542038790736,0.5921666613015404,0.7356513505382427,0.7365167504886059,0.7437254503121253,0.7781318350521663,0.8245956394084073,153.76120003542357,200.0,0.009222536098461246,3.63395979974257e-11,10.359865166900654,8,1.112051423168836e-12,-9.75781955236954e-18,,0.0009616051709060436,0.7301568105026126,0.9127234002859768,0.16397445104784253,7.166600646257848e-11,0.0012144169304519892,not_checked,0.001,not_checked,not_checked,,,
circle_vm2_importance_n200,868,2026492469,True,ok,0.0006530847769155024,0.5886746005614085,0.0023198627783385436,0.25581574691369746,0.31375595352090363,0.857629587541978,0.8603651203008553,0.8548083589391869,0.8775538522996803,0.9068556712508742,149.7079285915615,200.0,0.009857365769680135,4.138256404218055e-11,13.407993238322982,8,3.0903049216823852e-12,-1.5027042110649091e-16,,0.002709081926251744,0.7817500144457178,0.9247186693415843,0.16162105282402311,8.575096188678799e-11,0.0012200830969959497,not_checked,0.001,not_checked,not_checked,,,
circle_vm2_importance_n200,869,2026492470,True,ok,0.001085729767536403,0.5927115950180339,0.003118813301433917,0.4358307458224099,0.48037250388900987,0.7742169681636695,0.7735159737787445,0.7864813637409573,0.8048124955259297,0.847093943834273,152.84068082547407,200.0,0.00953930709197569,5.025158067439861e-11,11.534858551414285,8,-1.0194124190621157e-12,4.5319650809894085e-17,,-0.0007694194039243318,0.7478659153910061,0.9608479331352935,0.15166284945900282,1.0428791163974438e-10,0.001224457984790206,not_checked,0.001,not_checked,not_checked,,,
circle_vm2_importance_n200,870,2026492471,True,ok,0.0058976225017663975,0.5644015994443818,0.007059492254169456,2.474219254405671,2.907886457903184,0.225449874643111,0.20967293284351418,0.233647145021015,0.30742488427613557,0.4109372102863422,150.79209442728188,200.0,0.009050671593507911,1.2813972105618632e-11,7.3208457150771356,9,-1.9116652705264414e-14,1.734723475976807e-18,,-0.05758512684955597,0.729938553733234,0.8549342569512327,0.16664076509938433,2.5486279753295094e-11,0.0013397489674389362,not_checked,0.001,not_checked,not_checked,,,
circle_vm2_importance_n200,871,2026492472,True,ok,0.0023809763846092125,0.566066275699356,0.004501217926179068,0.9219349406591615,1.082988500880018,0.5453254989499827,0.5559896267837133,0.5818781307931422,0.6211421756715682,0.6890554473717303,156.42050818877138,200.0,0.008936067273228036,1.3970380408068195e-11,13.470774560939539,9,-1.9949319973733282e-17,-1.0018028073766061e-16,,0.01522780659226175,0.7157154389376014,0.8595010652854734,0.15820893787880036,2.7754465392604288e-11,0.0013315000105649233,not_checked,0.001,not_checked,not_checked,,,
circle_vm2_importance_n200,872,2026492473,True,ok,0.007234290697173407,0.48540451774602356,0.008343276967559298,2.909739907647529,2.8980144246774615,0.20414465137131216,0.20236568181487058,0.23480328221922686,0.2353084342006229,0.3390093659352568,149.5277960392702,200.0,0.009972649850487384,1.7186252421197423e-13,7.689556843330607,9,-2.7755575615628914e-17,9.540979117872439e-18,,-0.008011814389083272,0.8076103491969967,1.0159918318569379,0.20577800142981506,3.008704396734174e-13,0.0013435410801321268,not_checked,0.001,not_checked,not_checked,,,
circle_vm2_importance_n200,873,2026492474,True,ok,0.003422186148223094,0.5685457666227329,0.005298151827536271,1.382224894141345,1.6231305763537678,0.45118637560530483,0.447697867423539,0.4441622798466489,0.5043739964527716,0.5919976264368687,153.1923252554682,200.0,0.009511314747455965,1.5779044737485037e-11,10.113366189236066,9,2.3158558404290375e-16,2.675810961694225e-16,,-0.006675217426053703,0.851579496841712,0.8684323239262094,0.18500180397666988,3.1496805164010766e-11,0.0013284587766975164,not_checked,0.001,not_checked,not_checked,,,
circle_vm2_importance_n200,874,2026492475,True,ok,0.0013570036733250301,0.5848676433658946,0.003334369867974448,0.5484922812268994,0.6580061140871588,0.7080318755287545,0.7054754900498681,0.7196408167703743,0.7623109507643042,0.8083456247613505,156.79070196074503,200.0,0.008803461428148805,1.1398293420228356e-10,10.624664457737753,8,-8.402207749003132e-12,-1.4224732503009818e-16,,-0.00284540594844368,0.7156595538346737,0.8620992169980041,0.15248356860746876,2.2255441933793918e-10,0.0012224591337144375,not_checked,0.001,not_checked,not_checked,,,
circle_vm2_importance_n200,875,2026492476,True,ok,0.00031493413264449543,0.5575945212037641,0.0017317319961163448,0.1256819115098139,0.13125277616271822,0.9260019866957647,0.9261667843497488,0.9364806792833817,0.938955842915322,0.9531156851597918,152.47312756481898,200.0,0.009316681820292275,9.156786440200904e-12,10.44041112207417,8,3.111714445142022e-15,9.085614205428527e-17,,0.00014587077399214055,0.6948317020168606,0.9650592283403369,0.1521583442015766,1.7926993223227328e-11,0.0012170420959591866,not_checked,0.001,not_checked,not_checked,,,
circle_vm2_importance_n200,876,2026492477,True,ok,0.016113083233768588,0.5849079208457699,0.011601901296738982,6.09443508547519,8.113389176548502,0.015595613834068097,0.019552297244531093,0.0173061285585024,0.03985064665088558,0.09329506080464786,147.2088288116114,200.0,0.00955497276499181,6.575406885644952e-11,18.087914218475593,9,2.184846054076317e-11,4.85722573273506e-17,,0.17539910401612246,0.7428072828004896,0.804896674672351,0.1560389161153401,1.5674439524104855e-10,0.0013401659671217203,not_checked,0.001,not_checked,not_checked,,,
circle_vm2_importance_n200,877,2026492478,True,ok,0.00039588019936576124,0.47743775038869884,0.0018829921774625562,0.15854444087881295,0.1763809803211491,0.9147162182839972,0.9146171922394046,0.9155864499006949,0.9238772708911754,0.9436480754452958,146.51398042225833,200.0,0.01002261082771526,1.4299672557172016e-13,7.5160954716750155,8,-2.170030648229737e-15,-4.570996359198887e-16,,-9.618056625422533e-05,0.8080153524425383,0.9759695096250306,0.21100235604635725,2.4513724383723456e-13,0.0012262919917702675,not_checked,0.001,not_checked,not_checked,,,
circle_vm2_importance_n200,878,2026492479,True,ok,0.008560873380476286,0.5418671152667951,0.008148031243843263,3.491212730627146,4.32030626483805,0.1337971324110343,0.12865400008653594,0.115307462375395,0.1804728954683279,0.26874326927379294,153.48886568199785,200.0,0.00940776188153365,4.0760728126088e-12,8.631235576353808,9,-7.301451110386381e-15,4.163336342344337e-17,,-0.03343168921831574,0.7986261237828393,0.9037968926075598,0.1849990072440674,7.789990874584873e-12,0.001342250034213066,not_checked,0.001,not_checked,not_checked,,,
circle_vm2_importance_n200,879,2026492480,True,ok,0.0045649019188991335,0.5484823801894654,0.005676755045247524,1.737947060142247,2.5049904460693244,0.3113713108183146,0.32931172923461915,0.2857907946593487,0.4013263333390441,0.4908727844928613,155.8785472545875,200.0,0.008996902525866525,5.7343019221889335e-12,14.284286961699587,9,3.328934350399493e-15,-1.9949319973733282e-16,,0.044006853708703164,0.6917326470992518,0.8778328308112062,0.15547604350501734,1.1099565710992465e-11,0.0013467499520629644,not_checked,0.001,not_checked,not_checked,,,
circle_vm2_importance_n200,880,2026492481,True,ok,0.001348148071752986,0.552328675381893,0.003195738759396729,0.5336176366480443,0.7009190315968242,0.7188275304747811,0.7213134737073124,0.7043643487962656,0.7636622915153793,0.8131019600114514,153.46887301520806,200.0,0.009274236152410284,7.353362363460292e-11,10.9460626156659,8,5.554233288573851e-12,-1.6718397499726478e-16,,0.0028207960265750343,0.7606480124299968,0.8762189272445263,0.17754223803028063,1.4861245567487913e-10,0.0012221669312566519,not_checked,0.001,not_checked,not_checked,,,
circle_vm2_importance_n200,881,2026492482,True,ok,0.0022862113282065,0.5594107710152629,0.004200214462329498,0.9430850535723503,1.2105621851487236,0.5851115700539522,0.5753978781876639,0.54592095074481,0.6330269608016286,0.7106493166325341,149.40709644483417,200.0,0.009616827311843986,1.0021095064871588e-11,8.161977710691113,9,-1.981921571303502e-16,-1.3400738851920835e-16,,-0.014300261144875148,0.7744484520753573,0.9375263740329872,0.16902641543534755,1.9700019393553703e-11,0.0013433329295367002,not_checked,0.001,not_checked,not_checked,,,
circle_vm2_importance_n200,882,2026492483,True,ok,0.006736869371645637,0.5699619888404233,0.00757417776214695,2.7096311525538366,3.037986607469046,0.2123519971252512,0.2105456117268949,0.21893217425462339,0.25992195286223563,0.35314833861839146,154.50308298740723,200.0,0.009503193516447853,1.690059203696137e-11,10.696886312652252,9,-2.3245294578089215e-16,2.2638141361497333e-16,,-0.007441701947790813,0.8113350103270663,0.9286501957310143,0.1771221111941242,3.384492686109297e-11,0.0013371671084314585,not_checked,0.001,not_checked,not_checked,,,
circle_vm2_importance_n200,883,2026492484,True,ok,0.0003070262747266739,0.5492890670746884,0.0016674712957383795,0.12133350037145026,0.13587868717471277,0.931129424253724,0.9319287597003074,0.934317144184716,0.9404420437514087,0.9553766414059987,148.68312943608404,200.0,0.009861542061387606,5.965894445125741e-12,10.858292282726794,8,4.973018524756512e-14,1.7596601259439737e-16,,0.000738504759609647,0.7926059023855975,0.9340629386612938,0.18303709169889357,1.1585177261963508e-11,0.0012280407827347517,not_checked,0.001,not_checked,not_checked,,,
circle_vm2_importance_n200,884,2026492485,True,ok,0.0021740209615834782,0.6497770819119604,0.004059436768176198,0.8990056072675565,1.1885353608984393,0.5792601809009388,0.5686756601864695,0.5519666338536781,0.6473914188820635,0.7158503022705478,153.76310294560292,200.0,0.009104489205326508,7.771561172376096e-16,12.069018937461717,10,-2.211772431870429e-17,-4.683753385137379e-17,,-0.01469861131708261,0.7352646544102254,0.8610201770702646,0.13705962301813548,1.7763568394002505e-15,0.0014517910312861204,not_checked,0.001,not_checked,not_checked,,,
circle_vm2_importance_n200,885,2026492486,True,ok,0.0026061618349795257,0.5143215126080429,0.004783025432861052,1.042710539779997,1.1587578981407127,0.5572604342514382,0.5571836247093069,0.5602461999664119,0.5937883317407158,0.6773509436873546,149.47872941838992,200.0,0.0099197735204511,9.159339953157541e-13,8.780216202864015,9,8.196568423990414e-17,-3.903127820947816e-17,,-0.0001229028940933352,0.8576422887042157,0.9261246890186342,0.2080844176148487,1.6817658377021871e-12,0.0013346660416573286,not_checked,0.001,not_checked,not_checked,,,
circle_vm2_importance_n200,886,2026492487,True,ok,0.004766863125292176,0.6184317390556362,0.006559941640724588,1.7940430768431344,1.9938150041718337,0.3028138378513915,0.3248690243419041,0.369018868506147,0.38543888802922827,0.47445604542497677,156.41025955271527,200.0,0.009208730166871175,1.6211765263562938e-10,19.780611847434475,9,3.867826198211688e-14,-2.1684043449710089e-16,,0.05635108663686794,0.7012368430573621,0.899804223163464,0.14158822854393133,3.4910141444299825e-10,0.0013518750201910734,not_checked,0.001,not_checked,not_checked,,,
circle_vm2_importance_n200,887,2026492488,True,ok,0.008457383651758965,0.6054333112730601,0.007686955726250287,3.415537606042279,4.99182779215251,0.10491130581060581,0.10266932271658122,0.0824210926487879,0.18424723950627503,0.27632293936582103,152.07835898872415,200.0,0.008830907939746401,9.030975967050381e-11,12.161295779466371,9,-1.2174289354405232e-14,-1.3010426069826053e-16,,-0.016292072669346513,0.6775360068996144,0.8219986193656575,0.1401966291259285,1.9113932658854083e-10,0.0013449168764054775,not_checked,0.001,not_checked,not_checked,,,
circle_vm2_importance_n200,888,2026492489,True,ok,0.0008780265525769604,0.6172401009923858,0.0026027362003981274,0.3587300018082812,0.4576018742599865,0.8021375842482428,0.7983616086247383,0.7954868696444721,0.8389490423651611,0.8721147840405717,155.84293010317182,200.0,0.008912774101134174,1.5428280875084965e-10,11.25804336615826,8,-1.0812430811801832e-11,-8.890457814381136e-17,,-0.0037596903887485156,0.7325912367991168,0.8652913709446244,0.1395250893342732,3.3057157011739946e-10,0.001233499962836504,not_checked,0.001,not_checked,not_checked,,,
circle_vm2_importance_n200,889,2026492490,True,ok,0.005563886840525223,0.5817368314184868,0.0065755513776812454,2.3401231525045043,2.955174450941499,0.2628693839838093,0.24541646271671808,0.22818758992769186,0.32864492442364446,0.43285583587057364,150.49740819323858,200.0,0.009367192724137103,3.00365288197213e-11,7.780042460492893,9,-2.4646951146678475e-14,-1.43982048506075e-16,,-0.05728420814720758,0.7854519434295641,0.8811721038246102,0.16339217034707298,6.101497085353458e-11,0.0013378749135881662,not_checked,0.001,not_checked,not_checked,,,
circle_vm2_importance_n200,890,2026492491,True,ok,3.349857469037154e-05,0.6337009723172231,0.0005175906725619985,0.013470897568036868,0.016859939976326822,0.9918742319342322,0.9918310698543589,0.9916054625737877,0.9933226781151191,0.9948603708994939,153.82393050246722,200.0,0.009310129934326518,6.661338147750939e-16,13.449956182092503,9,1.6717042247010871e-16,1.5910666881224778e-16,,-3.573384594412598e-05,0.7737808582210728,0.8714020663584467,0.1423291178899027,1.5543122344752192e-15,0.00133983395062387,not_checked,0.001,not_checked,not_checked,,,
circle_vm2_importance_n200,891,2026492492,True,ok,0.010830440977246836,0.49746917360795395,0.009763243218659973,4.094763117754226,4.615121565028907,0.07537175243177724,0.08679533378715085,0.09950366687172803,0.11462513215767385,0.1884679210499777,154.08675142485234,200.0,0.009422448680451964,1.3874457138740581e-12,13.01063245409132,9,4.4587597503031873e-13,-4.683753385137379e-17,,0.118706636572254,0.7695388401052468,0.9045362195923442,0.19382377454166663,2.9249935806774374e-12,0.0013440418988466263,not_checked,0.001,not_checked,not_checked,,,
circle_vm2_importance_n200,892,2026492493,True,ok,0.012095992916385745,0.5650016365341206,0.01002698154741896,4.735773623860457,6.028573374135666,0.041906751767536374,0.0448158273226348,0.04908083299634262,0.0889929092940598,0.1636071050772066,149.66009311537852,200.0,0.009102725342559381,1.3212986260668913e-11,13.079160942451155,9,1.9007538598625473e-13,-6.071532165918825e-17,,0.051311771346920665,0.7181939023998397,0.8055331846683491,0.15694712961508578,2.6281643528136556e-11,0.001329250866547227,not_checked,0.001,not_checked,not_checked,,,
circle_vm2_importance_n200,893,2026492494,True,ok,0.008850894844477208,0.5419124203089283,0.008734680056215572,3.2983321777372288,3.987693802941174,0.1024312377665976,0.11965159296102276,0.1361705817705555,0.17030250724625068,0.2540358251500214,154.81824178113047,200.0,0.00905044144790697,4.07651690181865e-12,16.358995712503923,9,8.931778927578904e-13,2.7582103268031233e-16,,0.12101288002682731,0.7243385598417351,0.8289333900899142,0.17246440119367806,7.810196933633051e-12,0.0013396251015365124,not_checked,0.001,not_checked,not_checked,,,
circle_vm2_importance_n200,894,2026492495,True,ok,0.0020172321764229117,0.487982869888008,0.0042803335458411135,0.7875045013086386,0.8665485978433984,0.6165005227760909,0.6236918463648837,0.6483826167579992,0.6680138078101915,0.7378140214906321,150.73301580944928,200.0,0.009477061538650801,1.999511667349907e-13,9.656854026835617,9,-1.2576745200831851e-17,-1.4311468676808659e-16,,0.009694184630263059,0.7267457547049864,0.953037414289408,0.18837239560035146,3.517186542012496e-13,0.0013517497573047876,not_checked,0.001,not_checked,not_checked,,,
circle_vm2_importance_n200,895,2026492496,True,ok,0.00542811818363087,0.48391417661171143,0.0067972848556032825,2.085772153326429,2.4464873980506234,0.27321546828156873,0.28752443119433213,0.2942740805857769,0.33769112362638043,0.43940364742441473,151.49574683645497,200.0,0.009500753822001337,1.5853984791647235e-13,10.866093997742352,9,1.5126788710517758e-15,-3.642919299551295e-17,,0.04273756006295959,0.7999801181959098,0.8740100382424781,0.21264475071604685,2.7688962234151404e-13,0.0013397489674389362,not_checked,0.001,not_checked,not_checked,,,
circle_vm2_importance_n200,896,2026492497,True,ok,0.0013439822918808186,0.5999554781030749,0.0032150169426830868,0.5505796147442148,0.7148445479708593,0.7008429991663019,0.6948507609293644,0.6994770643943956,0.7642988064372901,0.811380144408748,155.52184024474016,200.0,0.008639586186803118,7.003708724084845e-11,10.253294182725925,9,2.1055206189668496e-16,1.8951853975046618e-16,,-0.006493348995943671,0.7400645407807704,0.7725606077505948,0.14907405674977353,1.475433109021651e-10,0.0013487502001225948,not_checked,0.001,not_checked,not_checked,,,
circle_vm2_importance_n200,897,2026492498,True,ok,0.006113449046001085,0.6871887597042652,0.0063355809075914616,2.646510757056911,3.816522055216549,0.22600076263607954,0.20025103210128076,0.14833811832874338,0.2944371211538901,0.38430904971653757,156.4269573394601,200.0,0.008933461826490205,1.0431766561680433e-11,10.861120685575681,10,-3.268860009064678e-12,1.93421667571414e-16,,-0.10056556932823857,0.6885473124577676,0.9614342633373777,0.10845556431693978,2.1579626974244093e-11,0.0014531661290675402,not_checked,0.001,not_checked,not_checked,,,
circle_vm2_importance_n200,898,2026492499,True,ok,0.0010450522881360058,0.5418591441589728,0.0028701806058476246,0.4218765527514997,0.5424178814029205,0.7795227606493675,0.7777348460125411,0.7624571714246775,0.8113867504188921,0.8570202447648675,147.64212239474847,200.0,0.009671154591903144,2.5860980024106084e-11,8.999035424479764,8,-1.719319565191002e-12,1.0213184464813452e-16,,-0.001927818748548693,0.7684975882749961,0.9154289057099415,0.17841432803618926,4.755817961665798e-11,0.0012266247067600489,not_checked,0.001,not_checked,not_checked,,,
circle_vm2_importance_n200,899,2026492500,True,ok,0.0027302281067316247,0.5648385924166819,0.004394061105756859,1.1299929391474681,1.6029932040153894,0.5144047281763806,0.5027339960855428,0.44865700044392276,0.5792358052607132,0.6629503012592706,150.55710949048859,200.0,0.009359926636475068,1.3166689960542044e-11,8.146768145001515,9,2.467644144577008e-16,1.8388068845354155e-16,,-0.01895084822740911,0.6861735243721898,0.9733821912316316,0.14888105208443936,2.6064927993729725e-11,0.001339541282504797,not_checked,0.001,not_checked,not_checked,,,
circle_vm2_importance_n200,900,2026492501,True,ok,0.0002405309094357655,0.6337444429669394,0.0014524310276382481,0.09692855208922033,0.11271015149953349,0.9370514346154175,0.9365983430308171,0.9452034574719461,0.9530325869061912,0.9628154704423013,157.54110402134566,200.0,0.008605332477510807,3.0742075551870585e-13,13.256169033691064,9,-1.3459556819778173e-14,1.279900664619138e-16,,-0.0003580941574570645,0.6030938063659232,0.9065113145087015,0.11039065355919898,6.703526622686695e-13,0.0013358329888433218,not_checked,0.001,not_checked,not_checked,,,
circle_vm2_importance_n200,901,2026492502,True,ok,0.0021351561648190742,0.5634179708348812,0.004217660298496048,0.8273976743318774,0.9960558102653011,0.5990627299401943,0.6087229569597628,0.6077279759360863,0.6524431741756183,0.7218830298395823,152.63153445928862,200.0,0.009465198520376302,1.2249090630689352e-11,13.247490720171637,9,3.946495907847236e-17,-1.0408340855860843e-17,,0.013332395797876151,0.8212458107356907,0.845712227665074,0.17765250239969704,2.422884115560464e-11,0.0013370411470532417,not_checked,0.001,not_checked,not_checked,,,
circle_vm2_importance_n200,902,2026492503,True,ok,0.006078843059780237,0.583399257146102,0.007408625596390223,2.527506768690854,2.6326778403819615,0.24822682736961876,0.23499150230258403,0.2681150980876613,0.29648204704997744,0.3948137570907159,152.8812501276092,200.0,0.009486848297617407,3.242028867589397e-11,8.712607205377044,9,-1.2352098510692855e-14,1.7433970933566911e-16,,-0.04798477238937959,0.7858842859245634,0.9618174304660612,0.1672084291577036,6.622902226638416e-11,0.001349124126136303,not_checked,0.001,not_checked,not_checked,,,
circle_vm2_importance_n200,903,2026492504,True,ok,0.001077095840364528,0.5627254030085123,0.002926642741569028,0.4213724474403312,0.5401666301607095,0.7624837564302189,0.7670394720061662,0.76331589596233,0.8062034346016512,0.8480410182124547,153.0284192451363,200.0,0.009151681752619411,1.2485901201841898e-10,12.315414444431145,8,1.3922210606587271e-11,5.767955557622884e-17,,0.0047329443527400206,0.7578673078530108,0.8324334147180639,0.1702165891479496,2.597899673162374e-10,0.0012287511490285397,not_checked,0.001,not_checked,not_checked,,,
circle_vm2_importance_n200,904,2026492505,True,ok,0.008622949400575841,0.5984833684984383,0.007607166364492181,3.6767675538168425,5.265469810310075,0.136828752138178,0.12038512898014889,0.07188160379810778,0.17824613907062423,0.2722044028873467,150.89987813408536,200.0,0.009509900839525673,6.583833478401857e-11,7.633256652826479,9,-1.440413760489534e-12,-1.734723475976807e-17,,-0.11379389679325302,0.68033458517351,1.05351829796042,0.1355624598243381,1.3755996342013077e-10,0.0013435420114547014,not_checked,0.001,not_checked,not_checked,,,
circle_vm2_importance_n200,905,2026492506,True,ok,0.005666948167288188,0.6100601881439716,0.007094645650628034,2.3193643161998456,2.5104910260136815,0.25820022696777567,0.25032273227610613,0.2850058669867819,0.32194014575721414,0.41108679345963417,156.86589752329718,200.0,0.009094882322773163,1.1182743619997382e-10,11.075991162118235,9,-2.7347915598774364e-15,6.678685382510707e-17,,-0.026292524642285153,0.6767606931475072,1.0077593929910804,0.13095437892300676,2.3729640474812186e-10,0.0013339172583073378,not_checked,0.001,not_checked,not_checked,,,
circle_vm2_importance_n200,906,2026492507,True,ok,0.001915077724378822,0.5538141872974081,0.0040961243895992865,0.7426563525320714,0.8577728185201743,0.6273563485259717,0.6363399967193653,0.6512338991202603,0.6818023006715539,0.7492152891488171,150.7661530628163,200.0,0.009517987227723611,7.55417950415449e-12,12.707996482487635,9,-8.326672684688674e-17,-1.8214596497756474e-17,,0.011687368609728688,0.7630391240284379,0.8833302612687208,0.17908155620456023,1.4712231433122724e-11,0.0013394169509410858,not_checked,0.001,not_checked,not_checked,,,
circle_vm2_importance_n200,907,2026492508,True,ok,0.017827015264540558,0.5688211369028626,0.012451315529046434,7.114090559570926,7.688039681731586,0.018503242635690795,0.018676881779483158,0.021407373914437873,0.028285582600033846,0.061915977726739034,156.05399836829017,200.0,0.00966309480739737,1.843725172534505e-11,11.881799791968438,9,2.0002749456793367e-13,1.491862189340054e-16,,0.008357773122648737,0.8607441855011445,0.92534788872709,0.18389366579655927,3.732325559724359e-11,0.0013405419886112213,not_checked,0.001,not_checked,not_checked,,,
circle_vm2_importance_n200,908,2026492509,True,ok,0.01089127281548441,0.5511722268842976,0.009889812622911314,4.027897593173274,4.72241411957396,0.06004052615930039,0.07410997450292175,0.09430632109895462,0.11323900979317922,0.18754557414304787,153.6765655737345,200.0,0.009131273408880944,1.4169110329476098e-11,17.890902727327088,9,5.4391630088801435e-12,1.43982048506075e-16,,0.16430576651024476,0.6881477334337978,0.8569147018267583,0.1616646410189283,3.286904082244746e-11,0.001341874012723565,not_checked,0.001,not_checked,not_checked,,,
circle_vm2_importance_n200,909,2026492510,True,ok,0.004378868610868114,0.5794633078627138,0.0058598208263403815,1.814007153912734,2.229997980829071,0.33733381582848987,0.32452337778627727,0.3279156099582549,0.41653960903475806,0.5073320225549074,154.96916514253405,200.0,0.008926747733890123,2.6881830095248915e-11,8.721271005763153,9,-9.775166787129308e-16,-4.163336342344337e-17,,-0.031229854782744204,0.7606055883237984,0.8524180024342302,0.15889888645424932,5.4512838687514886e-11,0.0013329589273780584,not_checked,0.001,not_checked,not_checked,,,
circle_vm2_importance_n200,910,2026492511,True,ok,0.0042114279667069265,0.6922057581809145,0.005886410102996325,1.7485066521350618,2.148515014493312,0.3419753996572099,0.32833543671926047,0.341551260512282,0.4307249354869971,0.5225392968702596,154.11758049317885,200.0,0.009075212451065807,5.229150445984487e-14,14.605419754666952,10,-9.749145934989656e-15,-7.806255641895632e-17,,-0.031967732726145615,0.7509453306166672,0.8196917480002976,0.12122077615347582,1.1435297153639112e-13,0.0014480829704552889,not_checked,0.001,not_checked,not_checked,,,
circle_vm2_importance_n200,911,2026492512,True,ok,0.0038751017426690293,0.5497058420491276,0.005652821224930675,1.50200748026734,1.864910346250117,0.37602698508092297,0.38759749819621014,0.39358620089314167,0.4606944064478833,0.5561971198870526,151.38506143795482,200.0,0.009219811511318256,6.115774553450137e-12,12.735034925091833,9,-5.377642775528102e-17,-1.5395670849294163e-16,,0.024016608400135864,0.7762059076167795,0.8087202783019362,0.1772117755101616,1.184563558354057e-11,0.0013509159907698631,not_checked,0.001,not_checked,not_checked,,,
circle_vm2_importance_n200,912,2026492513,True,ok,0.004040728284746997,0.583889078083516,0.005461749429369637,1.5814300923931952,2.2033977957113775,0.34648719059577815,0.35448855971094284,0.33230604983107914,0.4456837510013614,0.5393847725164025,152.77594918126704,200.0,0.008983640146103635,3.321365404929111e-11,13.56602687886309,9,1.3444106938820255e-16,7.892991815694472e-17,,0.017430610752801834,0.7086235109132258,0.8181570274257943,0.1569756625181303,6.784506290102854e-11,0.0013363747857511044,not_checked,0.001,not_checked,not_checked,,,
circle_vm2_importance_n200,913,2026492514,True,ok,0.010301228000872076,0.5555520820952073,0.009112963674255403,4.369349804330464,5.290467406756958,0.08876242243015789,0.07688908175415696,0.07098876148748612,0.1274226710212464,0.21549997624630665,148.991409522667,200.0,0.009431542041222032,8.255618411112664e-12,6.416479508577634,9,-1.2139768357233294e-12,-3.2959746043559335e-17,,-0.12442930199081692,0.7041575454926815,0.9918764633568669,0.1588466269058016,1.6112444711779972e-11,0.0013375419657677412,not_checked,0.001,not_checked,not_checked,,,
circle_vm2_importance_n200,914,2026492515,True,ok,0.0011973398023175097,0.5334357903350753,0.0032810308211094438,0.47276178032634875,0.5506091311668552,0.7484112311886504,0.7512072938429983,0.759340818923556,0.7870464895427269,0.8368851007265123,148.7200982450932,200.0,0.009587164629321104,5.171096884026838e-11,10.381763940373355,8,4.457185922429607e-12,-5.377642775528102e-17,,0.0030870703003275657,0.702280428619717,0.9686084226713777,0.16215127213767186,1.0208323075744374e-10,0.0012201669160276651,not_checked,0.001,not_checked,not_checked,,,
circle_vm2_importance_n200,915,2026492516,True,ok,0.0016586307258639188,0.6047466599159139,0.004156420662183907,0.6672823556670624,0.6630620213270498,0.678865379707551,0.677353263262882,0.7178238956762812,0.7176838371282365,0.7828374915026964,147.60980047443954,200.0,0.009982473190678054,8.685019370346936e-11,11.968678277573122,9,-3.43908929112402e-16,-3.0726289568239196e-16,,-0.00191503266074744,0.7221467692505823,1.0101580442564084,0.14173392510500007,1.8506463028700182e-10,0.0013189581222832203,not_checked,0.001,not_checked,not_checked,,,
circle_vm2_importance_n200,916,2026492517,True,ok,0.004743937131085119,0.570968478008604,0.006399843600816063,1.8141119763013596,2.1032982047921944,0.29606539658276765,0.3122912085984382,0.3493611415037805,0.3872102599147638,0.47247702287869386,158.04723826249796,200.0,0.008863472146935234,1.7795764861716634e-11,15.086163106508373,9,3.590877595271991e-15,-3.408731630294426e-16,,0.04173143806634394,0.6974082792383393,0.8651102638089864,0.15262894098771188,3.561417827313562e-11,0.0013423338532447815,not_checked,0.001,not_checked,not_checked,,,
circle_vm2_importance_n200,917,2026492518,True,ok,5.601299673774207e-05,0.609115789670349,0.0007019030295838459,0.022524545690968026,0.025482943079149084,0.986642001973946,0.9865713282370459,0.9873393573517214,0.9888599161055612,0.9914980277820549,152.43462494524005,200.0,0.009453895873417332,1.0683032236613599e-10,12.11931636575776,8,-4.790818349670323e-18,3.290553593493506e-17,,-5.9673497935598674e-05,0.7775049088303294,0.8924912550541204,0.1552318688720867,2.2708435132301474e-10,0.0012205000966787338,not_checked,0.001,not_checked,not_checked,,,
circle_vm2_importance_n200,918,2026492519,True,ok,0.0023165554211661554,0.5771484655212777,0.004171676774240004,0.9505257222045433,1.2813877990445244,0.5641203019541561,0.5558653486819025,0.5269266629972962,0.6291968688347527,0.7063885126610325,150.0460072975568,200.0,0.009342254376956355,2.4084290117798446e-11,9.211269602236483,9,-9.8879238130678e-17,-4.336808689942018e-18,,-0.011951776869040587,0.7230169780435365,0.9026746647872408,0.15854841630333558,4.85802509331279e-11,0.001332125160843134,not_checked,0.001,not_checked,not_checked,,,
circle_vm2_importance_n200,919,2026492520,True,ok,0.0018734867637062447,0.5368061580210803,0.003827673420298307,0.7689031652050607,0.9856635702849071,0.6443634335996933,0.6370532157821363,0.6108940218742331,0.6874973164865985,0.7579969379120908,147.89318953799722,200.0,0.009704282897082056,3.12105896682624e-12,7.713839693018851,9,1.214306433183765e-16,1.7520707107365752e-16,,-0.009754229861281438,0.7277303286540849,0.9935022033510427,0.16922051950221106,5.91993121190626e-12,0.0013342092279344797,not_checked,0.001,not_checked,not_checked,,,
circle_vm2_importance_n200,920,2026492521,True,ok,0.00018587675982595364,0.5795315277712678,0.0012885560822234804,0.07462779886359394,0.0836059740610732,0.9554988680109255,0.9553368123350827,0.9590587089653446,0.9635071676597537,0.9719536025903729,153.04339094439828,200.0,0.009267636903890562,2.7015834014321172e-11,10.861382594262592,8,-9.374825134939035e-16,3.480288973678469e-17,,-0.0001385474666062425,0.7131000205714751,0.9348486744525737,0.14850041182070964,5.469957820025684e-11,0.001219749916344881,not_checked,0.001,not_checked,not_checked,,,
circle_vm2_importance_n200,921,2026492522,True,ok,0.008637700298232742,0.5077828653979619,0.008967974813691664,3.3519738554898995,3.530717680125162,0.14502307140623744,0.15360307548869095,0.17112536882798257,0.17772105588526446,0.2711780767107417,151.0795141315221,200.0,0.009979865403183625,6.330491686412643e-13,11.130684546208046,9,1.1032841307212493e-14,-3.469446951953614e-18,,0.051553131901598714,0.8299593501978152,0.9595945629540262,0.2056990400594487,1.1528555887707626e-12,0.0013325409963726997,not_checked,0.001,not_checked,not_checked,,,
circle_vm2_importance_n200,922,2026492523,True,ok,0.0024783106465868787,0.6150950335600123,0.004293861140895392,0.9507512506891964,1.3246826019005455,0.5266757972464464,0.540666460439444,0.5156426454756133,0.6091674261206677,0.6806888343051372,155.2065325008011,200.0,0.009001407585125604,1.4025580696852558e-10,17.155470882143117,9,1.448494102440634e-16,-5.074066167232161e-17,,0.020286503972777536,0.714435625126735,0.8348654437493213,0.13713339328851232,2.995581560583105e-10,0.0013374588452279568,not_checked,0.001,not_checked,not_checked,,,
circle_vm2_importance_n200,923,2026492524,True,ok,0.0058655284580348965,0.5615880304981706,0.006991414618279522,2.2996401802627977,2.6737234637342993,0.25261119653438,0.25960461864589646,0.26266870127090386,0.30940453250687666,0.4028988812252384,154.98512539794578,200.0,0.00941490840715886,1.1170619984568475e-11,12.42422548918655,9,9.315465065995454e-16,1.9081958235744878e-17,,0.023285601475580453,0.8377633445831736,0.8675324979700649,0.18425200889772167,2.204947335826546e-11,0.0013312909286469221,not_checked,0.001,not_checked,not_checked,,,
circle_vm2_importance_n200,924,2026492525,True,ok,0.004834422439612851,0.5447015530020176,0.006608937636825511,1.9014635054807658,2.0490481972498786,0.32636267815631415,0.33251518942193237,0.358967257774143,0.3802659175677944,0.47684618077254315,153.18506430178573,200.0,0.009585425789054722,4.716227408607665e-12,11.341072825332958,9,2.168404344971009e-17,-1.951563910473908e-16,,0.016152735182187294,0.798522253428531,0.9306711871183493,0.18009492446119144,9.07274255723678e-12,0.0013317498378455639,not_checked,0.001,not_checked,not_checked,,,
circle_vm2_importance_n200,925,2026492526,True,ok,0.0018374593843106801,0.5599086533472042,0.0038571207327037713,0.7433605351568895,0.9419694838322675,0.6361988268771301,0.6329358372621563,0.6243871052895476,0.692468951806559,0.761425162587277,148.3370952942702,200.0,0.009530905550464522,1.0287992679991476e-11,9.551666307468794,9,-1.951563910473908e-18,4.597017211338539e-17,,-0.004188390716308721,0.7018875754559174,0.9363479504365657,0.16212216083283618,2.0213830609350225e-11,0.0013310830108821392,not_checked,0.001,not_checked,not_checked,,,
circle_vm2_importance_n200,926,2026492527,True,ok,0.012482451807730888,0.6530806368040929,0.01073403705814621,5.399661527718742,5.306964901703054,0.06406531201255575,0.05140848626175118,0.07040560159649205,0.08237359342702855,0.1441351519903626,155.17815681736917,200.0,0.009510196486604642,1.2212453270876722e-15,9.492894351209536,11,1.0408340855860843e-16,-2.1684043449710089e-16,,-0.20334040231319328,0.7680492787590065,1.0411118229176006,0.13892558875249372,2.6645352591003757e-15,0.001557874958962202,not_checked,0.001,not_checked,not_checked,,,
circle_vm2_importance_n200,927,2026492528,True,ok,0.0015299433625517445,0.5047552441960872,0.003628130020666999,0.5994028501212353,0.7072685850198648,0.6906955650096469,0.695965749789982,0.7021316952288387,0.736394960915155,0.795564509756554,149.4848415597383,200.0,0.00949097718439167,1.9980328502811062e-10,9.937924409558766,8,2.341049055998301e-11,9.952975943416931e-17,,0.006287247449731248,0.779546394658979,0.8765108779215532,0.19280019233584847,3.8240632882491354e-10,0.001232875045388937,not_checked,0.001,not_checked,not_checked,,,
circle_vm2_importance_n200,928,2026492529,True,ok,0.0011957612598050282,0.5749478612842744,0.0029945431969681416,0.48584708636360796,0.645457419689843,0.7466791743506245,0.7432538588826685,0.7241702879911887,0.7872950060386567,0.8324035370308097,153.40682245009697,200.0,0.009234347923697454,1.0818257401012943e-10,9.791124179771149,8,-1.0130505375544052e-11,-9.540979117872439e-17,,-0.003771291220798334,0.6973700420659305,0.9575581839163926,0.1474386923794901,2.0770807296344174e-10,0.001206250162795186,not_checked,0.001,not_checked,not_checked,,,
circle_vm2_importance_n200,929,2026492530,True,ok,0.0011146879134662502,0.7022610225687391,0.002815127969807008,0.46280049717366634,0.6381123286869029,0.74539429074601,0.737128320897902,0.7268347259647594,0.8001647918671619,0.8375645567725309,159.01933931351667,200.0,0.00861586481006732,4.527628272299467e-16,15.11425502009121,10,-1.1427490897997217e-16,-1.6241348543832856e-16,,-0.008462665893583132,0.7159038623388274,0.8036573497121959,0.1099224719174883,8.881784197001252e-16,0.001440458931028843,not_checked,0.001,not_checked,not_checked,,,
circle_vm2_importance_n200,930,2026492531,True,ok,0.00232195044896355,0.6156866238850016,0.004710473734877541,0.8892606992277365,0.9701839683339502,0.5525820606423741,0.5666494332746448,0.6156405649751857,0.6285183280557423,0.7002713278867667,153.44315720983613,200.0,0.00931806152183108,1.435993546294867e-10,17.329664235378424,9,1.7867651802561113e-16,1.6176296413483726e-16,,0.019759740178841745,0.659926665394551,0.921172458036612,0.1348451303390378,3.078213239859906e-10,0.00134049984626472,not_checked,0.001,not_checked,not_checked,,,
circle_vm2_importance_n200,931,2026492532,True,ok,0.007861098205380834,0.5520676551949595,0.00827364493674023,2.9807981167041957,3.6482194063339217,0.1336853344730185,0.1484072624134789,0.16136123959958673,0.20758390884476355,0.30298700485936214,151.89548984747464,200.0,0.009187502826708466,6.906031302378324e-12,15.146980991261087,9,1.2429640650069018e-13,8.326672684688674e-17,,0.081820582724069,0.7260557344726233,0.8365509602880704,0.16231053531324338,1.3419931832459042e-11,0.0013284159358590841,not_checked,0.001,not_checked,not_checked,,,
circle_vm2_importance_n200,932,2026492533,True,ok,0.007144626927555464,0.5374419114454263,0.0073293230393928445,2.7236416169758377,3.708080383469308,0.16210842850783397,0.1765090184932962,0.1566031795902548,0.23956622530496022,0.32521716977604026,157.217740898509,200.0,0.008976646915944677,3.2176483699686287e-12,13.851881614279474,9,3.392772174315439e-14,1.8908485888147197e-16,,0.06710457702317396,0.7105011212451982,0.8608223220671076,0.17001096452008782,6.128209051325939e-12,0.0013434169813990593,not_checked,0.001,not_checked,not_checked,,,
circle_vm2_importance_n200,933,2026492534,True,ok,0.001157881894390922,0.4902316231143611,0.003286529629803086,0.46618336864599685,0.5119127405039093,0.7611921422116648,0.7598360693088635,0.7741757451481197,0.7932821031920417,0.8453628221023031,145.08333649997607,200.0,0.009846551375166943,1.6629475574347907e-11,7.544434656599,8,-9.208729698922946e-13,1.5417354892743873e-16,,-0.0015153054448140413,0.7368713194781089,0.974819910424647,0.18598158010027244,2.8491431436350467e-11,0.0012244172394275665,not_checked,0.001,not_checked,not_checked,,,
circle_vm2_importance_n200,934,2026492535,True,ok,0.006044559844185837,0.625050577036516,0.0069990620139144975,2.3594712038062218,3.0705728483429566,0.20497785059807327,0.21296664846569135,0.21539398828892856,0.2985219039313413,0.3992635784724102,151.89418356057752,200.0,0.009140835132517887,3.985700658404312e-14,16.43839385471172,10,6.323067069935462e-15,7.979727989493313e-17,,0.029176366934056563,0.7379122632872405,0.7878392995503274,0.1416108121073853,9.281464485866309e-14,0.0014416670892387629,not_checked,0.001,not_checked,not_checked,,,
circle_vm2_importance_n200,935,2026492536,True,ok,0.003009667379793468,0.5065864125037884,0.004824791604263682,1.1795471375564432,1.5016300773279325,0.481190009550039,0.4883506258659892,0.4719817125880721,0.5477515471482794,0.6294092127058413,153.82884510242812,200.0,0.009218202501466032,5.930811397547586e-13,10.059578816964462,9,-6.895525817007808e-17,-8.239936510889834e-17,,0.012159907180471996,0.7850301379476922,0.8618740808764128,0.1973739169595877,1.0758061108617767e-12,0.0013436258304864168,not_checked,0.001,not_checked,not_checked,,,
circle_vm2_importance_n200,936,2026492537,True,ok,0.004900927092224672,0.5301864565008645,0.006871553961740323,1.867806226441076,2.015997767410918,0.3092730098496753,0.3268338224517475,0.3649485538443447,0.3752415157022829,0.4802619804549956,149.64995756003387,200.0,0.009689083136666088,2.1903590052829713e-12,13.351855303072929,9,3.70536934468646e-15,9.540979117872439e-17,,0.04628230522439636,0.7462526244662806,0.9283247382076604,0.18220516550686436,4.11537470768053e-12,0.001336415996775031,not_checked,0.001,not_checked,not_checked,,,
circle_vm2_importance_n200,937,2026492538,True,ok,0.000533815130381976,0.6055310415462307,0.002036504447778915,0.20931122018671414,0.27319240175653287,0.8693362761417915,0.8717422828824564,0.8723223980421682,0.8987386253755782,0.919644464822842,156.92349306429185,200.0,0.008763171529218008,9.103828801926284e-11,14.202781154594554,8,1.628844303359911e-12,-8.933825901280557e-17,,0.0021074159830381384,0.7306185589869747,0.795578643039036,0.1458639022771457,1.9201840117943902e-10,0.0012226670514792204,not_checked,0.001,not_checked,not_checked,,,
circle_vm2_importance_n200,938,2026492539,True,ok,0.0076236552562196636,0.6170082500520742,0.008090642290215848,3.0881061326282504,3.831042766112508,0.14296588826958934,0.13950699525831203,0.14726503107441735,0.2176795936491156,0.31943983277861004,149.69018159356358,200.0,0.009264993904516041,1.526833104392722e-10,12.456923599642924,9,-1.0319869958586025e-14,-1.734723475976807e-18,,-0.01932201507019249,0.694438295498256,0.8735370119696715,0.13283952882909822,3.270788084819287e-10,0.0013403319753706455,not_checked,0.001,not_checked,not_checked,,,
circle_vm2_importance_n200,939,2026492540,True,ok,0.0012282639147358498,0.632112325714733,0.003151120993752152,0.5019372189085397,0.6084951227156077,0.7331454290771044,0.7282416805893792,0.7376782232212582,0.7821937687955612,0.8240909370674723,157.51858564107613,200.0,0.008815339275876832,3.376205565119861e-16,12.015986667484805,10,-1.1904539853890839e-16,-1.5070410197548512e-16,,-0.005315826507099886,0.7107091317116027,0.8796488348673405,0.1305639781785348,4.440892098500626e-16,0.0014423341490328312,not_checked,0.001,not_checked,not_checked,,,
circle_vm2_importance_n200,940,2026492541,True,ok,0.0035089613655743257,0.5283031152543753,0.005400654740036551,1.3573450102959446,1.6278272493662413,0.4181799326534216,0.4303539574550561,0.4431204610994651,0.4956960844022218,0.580899348180943,154.79730879857377,200.0,0.009123688218095262,1.9769741399500163e-12,11.936248117360254,9,9.627715291671279e-17,-7.632783294297951e-17,,0.023119767966892857,0.7534845620408642,0.8583447070150824,0.177449766670796,3.708811036062798e-12,0.001364625059068203,not_checked,0.001,not_checked,not_checked,,,
circle_vm2_importance_n200,941,2026492542,True,ok,0.0008612838487782604,0.5349499253675558,0.0027030623800818406,0.34765109825084334,0.408614083828057,0.8206249804158396,0.8191503884098585,0.8152120284948415,0.841763006135707,0.879310231178801,149.33231042493736,200.0,0.009790548509032911,1.1943668276614972e-11,8.7566875181934,8,-7.75743401806861e-13,-1.7455654977016621e-16,,-0.0015687793697695962,0.7536563898910205,1.0053582350152366,0.17396031174954898,2.209232796701599e-11,0.001243166159838438,not_checked,0.001,not_checked,not_checked,,,
circle_vm2_importance_n200,942,2026492543,True,ok,0.0015304964235627327,0.5268796502965376,0.0035399059016967428,0.5982949583445984,0.7311680528693874,0.695257193673007,0.7010191937322514,0.6937913400506295,0.7363135111515928,0.7934942450815727,151.1333107716341,200.0,0.009533019732281265,1.8351986597053838e-12,10.909790530566195,9,-1.3639263329867646e-16,-5.2475385148298415e-17,,0.0069518055402473244,0.8060038078591464,0.8796125927274693,0.18871290144091793,3.426370298598158e-12,0.0013355826959013939,not_checked,0.001,not_checked,not_checked,,,
circle_vm2_importance_n200,943,2026492544,True,ok,0.004797903655776814,0.5236205738647723,0.0062504954076451034,1.836440843021522,2.3398999158100513,0.32104944504875355,0.33708362088367605,0.31038247306605543,0.3830534546914126,0.4911499898476408,148.19091222804678,200.0,0.009793645971027751,1.5343282200319663e-12,12.692284473603674,9,1.5317608292875207e-15,-1.3183898417423734e-16,,0.0413603096446018,0.7355609784474387,0.9600182087076016,0.17878386046771463,2.8532731732866523e-12,0.001331249950453639,not_checked,0.001,not_checked,not_checked,,,
circle_vm2_importance_n200,944,2026492545,True,ok,0.0037010340188292634,0.573533730218611,0.005623229416154816,1.4611711192694214,1.776368130566008,0.3981192033421803,0.4029127198532406,0.4114021542936265,0.4770152567684164,0.576240446585236,148.93952895278304,200.0,0.00947170932191999,2.0199397710030098e-11,12.244249102435925,9,-1.196959198423997e-16,-7.979727989493313e-17,,0.00962124413114196,0.7783343286902115,0.8294962655721497,0.1661874754200714,4.0531134004595515e-11,0.0013420418836176395,not_checked,0.001,not_checked,not_checked,,,
circle_vm2_importance_n200,945,2026492546,True,ok,0.0020626742464879833,0.596784732995044,0.0038170072227511837,0.8156882649300174,1.1363172455362578,0.5935097943403549,0.5970355122189919,0.5665677437102508,0.6619701270948974,0.7219834071047053,157.92756551718261,200.0,0.008855820803511667,6.102662819529314e-11,13.137965064553276,9,1.3010426069826053e-17,-2.6020852139652106e-17,,0.004690716832587927,0.7078869888110921,0.8805652784754198,0.14894674323726814,1.2683765149290593e-10,0.001345043070614338,not_checked,0.001,not_checked,not_checked,,,
circle_vm2_importance_n200,946,2026492547,True,ok,0.005445334062436302,0.574102482682626,0.006765523673962812,2.1845074992177422,2.4879817274781737,0.2685897317153789,0.2675606445934404,0.2882316264046699,0.3365303931809927,0.4258618191477601,156.76546998612008,200.0,0.009061560012804962,2.077327199145884e-11,11.015775846758737,9,-1.474514954580286e-17,-5.204170427930421e-17,,-0.0031869371216106668,0.7634707599020415,0.895237850086345,0.16290516557013351,4.1707748366093256e-11,0.0013332909438759089,not_checked,0.001,not_checked,not_checked,,,
circle_vm2_importance_n200,947,2026492548,True,ok,0.008905337633783095,0.5208492682582064,0.00865080817006433,3.6086775011333323,4.109432790055211,0.12974583011138302,0.12633276173189967,0.12812916849448436,0.16845821759115964,0.25734838183341496,152.41696570368111,200.0,0.009574742930571025,1.3195000647669985e-12,8.355901395935513,9,-3.157196726277789e-15,-2.7755575615628914e-17,,-0.023271223810047204,0.8351001537006693,0.9091484062129338,0.19858820353987444,2.441158386545794e-12,0.0013380830641835928,not_checked,0.001,not_checked,not_checked,,,
circle_vm2_importance_n200,948,2026492549,True,ok,0.0031794441832040388,0.6246965227742896,0.0049255069624634185,1.2023954658893423,1.5990384121015098,0.4413402492948354,0.4614757841124657,0.4495450507067895,0.5294646715088995,0.6074990952241162,156.7584031650781,200.0,0.008987940539367424,1.2434497875801753e-14,19.4200875773359,10,2.6979286860129292e-15,-1.2836953722228372e-16,,0.034691103696136594,0.751948665733818,0.8034106642587171,0.14020599040176426,2.9753977059954195e-14,0.001451333286240697,not_checked,0.001,not_checked,not_checked,,,
circle_vm2_importance_n200,949,2026492550,True,ok,0.0002498287004422117,0.5703443029586688,0.0015076463759615816,0.09962107852067464,0.11445573714906289,0.9406326874010262,0.9408113539611207,0.9443788505841558,0.9512620140949235,0.9626545978414154,152.34680609987313,200.0,0.009404734150164433,1.7270185281859085e-11,11.032041342199847,8,2.043341624374806e-15,3.69712940817557e-17,,0.00015520082810502323,0.6365548612374817,1.0450773672278684,0.1362760730144057,3.4505731605349865e-11,0.0012254570610821247,not_checked,0.001,not_checked,not_checked,,,
circle_vm2_importance_n200,950,2026492551,True,ok,0.0007346879232164039,0.577619573512677,0.0024888595159283182,0.29217875426025847,0.3520266447231757,0.8272315574880992,0.8281373938509032,0.8386068110394869,0.8633478618994656,0.8932299812027502,153.68592562054317,200.0,0.008952550888572787,2.4569679624164564e-11,11.610635307132434,8,3.051666992021085e-13,-1.3053794156725473e-16,,0.0008482075131515388,0.7043044950881227,0.8514014752544079,0.14739558668191047,4.973754741399716e-11,0.0012211662251502275,not_checked,0.001,not_checked,not_checked,,,
circle_vm2_importance_n200,951,2026492552,True,ok,0.0036079683545853225,0.5829757622903107,0.005237617338204744,1.39422660953214,1.906071678940194,0.3990196775206536,0.4116382886815235,0.3855687201534686,0.4859771508411256,0.5773111107600534,152.26684855082064,200.0,0.009195519411670634,3.1873614858568544e-11,14.659377135463371,9,3.174543961037557e-16,2.3418766925686896e-17,,0.02448036615099447,0.7310066132914244,0.8419345585764936,0.15640756238499023,6.486211567846567e-11,0.0013368749059736729,not_checked,0.001,not_checked,not_checked,,,
circle_vm2_importance_n200,952,2026492553,True,ok,0.0009663435624287509,0.5815830729165232,0.002788698141322774,0.38508559697257844,0.4713586548542788,0.7964516968374695,0.7971326963739451,0.7900339755447775,0.8242604553021526,0.8626867819459398,152.84791091582247,200.0,0.009516854044551814,2.970090839937711e-11,11.634811552588816,8,5.37666482516852e-13,-3.361026734705064e-17,,0.0007259139994609531,0.804148073094912,0.8964773537385718,0.17385407944662956,6.055045354003141e-11,0.0012192910071462393,not_checked,0.001,not_checked,not_checked,,,
circle_vm2_importance_n200,953,2026492554,True,ok,0.00026147971354140154,0.5271981203880471,0.0014131889233057616,0.10445369320518043,0.13868552303762977,0.9384572980935593,0.9385360446962047,0.933006826427681,0.9490479614549883,0.9617303307026053,149.23218555016297,200.0,0.009491367859665985,1.8659518374875006e-12,9.223801983617147,8,6.020574663812006e-16,2.222614453595284e-17,,6.909610569009322e-05,0.7377368687768336,0.9184935879900828,0.17984708218657777,3.4863223419279166e-12,0.0012099160812795162,not_checked,0.001,not_checked,not_checked,,,
circle_vm2_importance_n200,954,2026492555,True,ok,0.007684102856514663,0.5155677748180056,0.008327363860923202,2.90022651220025,3.329058955735107,0.1485328984073993,0.16532370088276907,0.18927969731966146,0.21506379556653354,0.3113362480939469,151.85660435164655,200.0,0.009341168230097854,9.846568005400513e-13,13.747561339829147,9,9.569688791399855e-14,-7.025630077706069e-17,,0.0867073152028075,0.724946313582792,0.8872258713263114,0.18263495252249393,1.808331262509455e-12,0.001330957980826497,not_checked,0.001,not_checked,not_checked,,,
circle_vm2_importance_n200,955,2026492556,True,ok,0.0001513943978017629,0.6101321275798515,0.0011015517213962538,0.06007170833062383,0.07550827226987983,0.9607821348189449,0.9610906894690295,0.9629496663157118,0.9701749338588811,0.9764775336298499,157.22864459437793,200.0,0.008686939851120795,1.1201628513646256e-10,13.360101136789776,8,2.6707423165378552e-15,-4.767779053505006e-17,,0.00024302539504066425,0.7108192318474474,0.8057517126689501,0.14611710848976273,2.380935448798027e-10,0.0012294170446693897,not_checked,0.001,not_checked,not_checked,,,
circle_vm2_importance_n200,956,2026492557,True,ok,0.003916182463409745,0.5127287292500744,0.00600972355371747,1.5367691770159306,1.6287492595650277,0.39503403826338146,0.4020314584439937,0.44291622738726133,0.45692478189132724,0.5492772222653417,152.99389441896875,200.0,0.009426307784556213,8.40549851943706e-13,10.226629002556653,9,1.5872719805187785e-16,1.7694179454963432e-16,,0.014851904173983743,0.7490457016431202,0.9435325920571779,0.18209322923671406,1.5347723092418164e-12,0.0013399170711636543,not_checked,0.001,not_checked,not_checked,,,
circle_vm2_importance_n200,957,2026492558,True,ok,0.009429930183297186,0.6845911976903529,0.008088529894861472,4.066600121299923,5.8052077055672235,0.09433109159015479,0.07861542681710842,0.05488013405997929,0.15167942419590202,0.23528107381637373,153.44487102527503,200.0,0.008989052282580389,8.090494940660165e-11,11.305942439259223,10,-2.6697033472800058e-11,2.5673907444456745e-16,,-0.1473140239905244,0.6885536037158427,0.9063249563770768,0.1099381483661105,1.6422796456083688e-10,0.0014552499633282423,not_checked,0.001,not_checked,not_checked,,,
circle_vm2_importance_n200,958,2026492559,True,ok,0.002552371313912394,0.4962220312633374,0.0047562186742027305,0.998307786383928,1.1225595675216027,0.5691257200105475,0.5762839323423357,0.5704785073417673,0.6002108536308075,0.6876002387278275,146.7449725053535,200.0,0.01027517347887375,3.260725023324085e-13,9.827110820344416,9,-2.5543803183758484e-16,-1.3140530330524314e-16,,0.011320369590514745,0.8892449558513131,0.9222751876176175,0.22433627233295034,5.835332217429823e-13,0.0013358751311898232,not_checked,0.001,not_checked,not_checked,,,
circle_vm2_importance_n200,959,2026492560,True,ok,0.008934828245025894,0.550808991788184,0.008726408059855868,3.4563185435121353,4.251940324404124,0.09553947506159272,0.10317521750639658,0.11931715510308784,0.1674675548269945,0.2583735107184291,151.46894690241822,200.0,0.009017215056429521,6.4325211823756945e-12,13.290671788939393,9,4.4797499043625066e-14,-1.0408340855860843e-16,,0.0588063772491112,0.6888917712400302,0.831895440857872,0.15683075015046985,1.2557732631535146e-11,0.0013324159663170576,not_checked,0.001,not_checked,not_checked,,,
circle_vm2_importance_n200,960,2026492561,True,ok,0.0026323211192904594,0.5847248650500521,0.00513632461097343,1.0839007071648645,1.0957901714067426,0.5382510932164655,0.5285697157851899,0.5781655193174883,0.5906898287125433,0.678373022998142,147.42044884989446,200.0,0.009889473667090217,3.440803197918285e-11,9.27852619339922,9,-8.673617379884035e-17,-9.107298248878237e-17,,-0.01548612972434038,0.7247440610656196,0.9892423360293959,0.15616389483024692,7.069078655774774e-11,0.0013374998234212399,not_checked,0.001,not_checked,not_checked,,,
circle_vm2_importance_n200,961,2026492562,True,ok,0.009023551786548456,0.5855513630571045,0.008270872915380608,3.670900950184823,4.880056523539209,0.09142679164013873,0.08777676629402892,0.08715838817688731,0.16452210230102973,0.25547460184375104,151.2300602090337,200.0,0.008834915956059423,3.562239392351785e-11,10.616057330083262,9,-2.5158694572091633e-14,1.8735013540549517e-16,,-0.030740117782720233,0.7430969689230378,0.7656882974302206,0.15650331101052553,7.36151140046104e-11,0.0013387498911470175,not_checked,0.001,not_checked,not_checked,,,
circle_vm2_importance_n200,962,2026492563,True,ok,0.002676620137127994,0.6037103747863712,0.0045131561771951986,1.1130701923640862,1.4544326813594355,0.5077855882632247,0.4943372761529936,0.48325232937401963,0.5854795479749493,0.6626071515661538,153.7659342384418,200.0,0.008936762028404821,8.387179839530745e-11,9.372132403677323,9,6.678685382510707e-17,2.5240226575462543e-16,,-0.021211068756444296,0.7524393027262654,0.82860960935091,0.15021681316392274,1.7624901538226823e-10,0.0013481660280376673,not_checked,0.001,not_checked,not_checked,,,
circle_vm2_importance_n200,963,2026492564,True,ok,0.00141754212230083,0.5033894608667142,0.003503123338161417,0.5585082889941275,0.6549583517479515,0.7126088471535434,0.7162410386277152,0.7207382998644568,0.7531367773425586,0.8108679840251293,147.89685367286296,200.0,0.009639061504067539,8.719658328715241e-11,9.481550453800567,8,8.534398448362124e-12,7.15573433840433e-18,,0.0042542799631022366,0.8175603963986097,0.8563038355742654,0.20556005284752532,1.648179370761227e-10,0.001216250006109476,not_checked,0.001,not_checked,not_checked,,,
circle_vm2_importance_n200,964,2026492565,True,ok,0.0031480343808902855,0.6940232164466908,0.005038991032612385,1.3376527516567636,1.5707955134533291,0.45690581047969836,0.43518935114665835,0.4559383131827498,0.5328012166916948,0.6099779780281145,157.02891526868032,200.0,0.008882488483156144,8.426592756904938e-14,12.622117149527675,10,-1.9895543545978e-14,-7.589415207398531e-17,,-0.039219499650324674,0.7279667982202058,0.8842693990659962,0.12281549943582498,1.8252066524837574e-13,0.0014442922547459602,not_checked,0.001,not_checked,not_checked,,,
circle_vm2_importance_n200,965,2026492566,True,ok,0.0013575975789590355,0.5639354420568088,0.0032383243263253056,0.5411447394643046,0.6915797324063552,0.7161845212193951,0.717018746640028,0.7076611750133467,0.7622204079880927,0.8107387513704496,154.54462463183677,200.0,0.009152016172968349,5.6882720755879745e-11,10.8591192079008,8,1.542582901692402e-12,9.562663161322149e-17,,0.0009471460596547909,0.7677541367643305,0.8612367800600838,0.17456156097331382,1.1408962663495004e-10,0.0012147498782724142,not_checked,0.001,not_checked,not_checked,,,
circle_vm2_importance_n200,966,2026492567,True,ok,0.0026461547607072866,0.5854826033340927,0.004654107307323362,1.0895902041526329,1.277281748303084,0.54052715067835,0.5308361756238569,0.5280095680403396,0.5890578091751179,0.6679446204450928,152.50431244604323,200.0,0.009477999508924112,3.580091778587757e-11,9.310852689852682,9,2.0556473190325164e-16,5.117434254131581e-17,,-0.015564149934859106,0.8420242631429606,0.8787345260923951,0.17291280613362506,7.336864449314362e-11,0.0013409999664872885,not_checked,0.001,not_checked,not_checked,,,
circle_vm2_importance_n200,967,2026492568,True,ok,0.00041349627512454745,0.47266328721625417,0.0018680824672668002,0.16701006589519213,0.20097844117724836,0.9084923540646703,0.9076436320443788,0.9043948612044823,0.9206279798288914,0.9414959558901598,145.79387992349348,200.0,0.009871519101389122,7.575051697017443e-13,6.840583179717054,8,-4.2300147759521955e-14,2.8471149049469346e-16,,-0.0008057779226865736,0.751349589802759,0.9874412696995444,0.19938112357468035,1.255440196246127e-12,0.0012240409851074219,not_checked,0.001,not_checked,not_checked,,,
circle_vm2_importance_n200,968,2026492569,True,ok,0.0020465436838168483,0.5128519931526667,0.004206418230961453,0.813139027478838,0.927732072988825,0.6203520927147035,0.6223362677058908,0.6288477914792573,0.6641091657536924,0.7340084577495394,151.1009660139496,200.0,0.009579230095229228,1.7640644500716007e-10,9.21523479022661,8,9.764092746139541e-12,1.227316859253591e-16,,0.002739223023950632,0.7966019354863925,0.9213465915594005,0.19321084846285377,3.318163521726092e-10,0.0012268747668713331,not_checked,0.001,not_checked,not_checked,,,
circle_vm2_importance_n200,969,2026492570,True,ok,0.0008859805398400145,0.6089593459572884,0.002705758801899011,0.3622239299191895,0.4443406303310173,0.7972068286562344,0.7932269318298313,0.8007789679173429,0.8376155053405719,0.8725540438908991,153.87548515030525,200.0,0.009000388063697561,1.1109990705193695e-10,10.807832245722393,8,-1.1454346152128814e-11,-9.139824314052802e-17,,-0.0039158569915918595,0.6974618309276709,0.8751368586831297,0.1381225794441843,2.2543744648828579e-10,0.0012162092607468367,not_checked,0.001,not_checked,not_checked,,,
circle_vm2_importance_n200,970,2026492571,True,ok,0.0037303175405252187,0.5179516556766899,0.005398546975055676,1.5114017761659506,1.8963439130880095,0.40939494634608475,0.40470182931955867,0.3874486494400595,0.4742296845430285,0.5679926930695993,151.63500654107207,200.0,0.009350641756162735,1.1226575225009583e-12,8.056210683673138,9,6.418476861114186e-17,6.418476861114186e-17,,-0.00963737997793157,0.7937601978909001,0.8781947957918546,0.19793185825763981,2.071010030135767e-12,0.0013464579824358225,not_checked,0.001,not_checked,not_checked,,,
circle_vm2_importance_n200,971,2026492572,True,ok,0.000804297661744835,0.5692214207463071,0.0025583296631700226,0.3149076886888767,0.3926288808822571,0.8196248900952974,0.8230828694808778,0.8217538014215642,0.8514116585036063,0.8842309706379499,152.97442392507625,200.0,0.009277550259531794,5.3248405684769295e-11,12.512890357233873,8,5.398583164707704e-12,1.7889335846010823e-16,,0.0034056880045286453,0.7501416436146037,0.8713672014770636,0.16546246358261513,1.1149503542640105e-10,0.0012282079551368952,not_checked,0.001,not_checked,not_checked,,,
circle_vm2_importance_n200,972,2026492573,True,ok,0.002727507346865332,0.5967123039135731,0.0045022749293019615,1.1338850456951641,1.4968413320179268,0.49709786151246227,0.4836316108739248,0.47311316671521153,0.5795510833389428,0.6551339828609555,155.05568143200628,200.0,0.008765232867132806,6.058942236819576e-11,9.094658380633627,9,1.1666015375944028e-16,6.158268339717665e-17,,-0.021441053474515637,0.7465642473739147,0.8152958467105598,0.1499233848802866,1.264000015765987e-10,0.0013489988632500172,not_checked,0.001,not_checked,not_checked,,,
circle_vm2_importance_n200,973,2026492574,True,ok,0.0027734054447505763,0.4805039894550531,0.004898340529628818,1.086866324996113,1.2802742230636817,0.5209107627069152,0.527845536200531,0.5272201311272695,0.5742553683798641,0.6668808879471834,146.08171645811063,200.0,0.009824652768516413,1.2811973704174306e-13,9.188641647927343,9,2.740863092043355e-16,2.975050761300224e-16,,0.011247926452058743,0.8488868834043859,0.852130374043876,0.21868814564671246,2.2226664952995634e-13,0.0013413331471383572,not_checked,0.001,not_checked,not_checked,,,
circle_vm2_importance_n200,974,2026492575,True,ok,0.0070619866349475036,0.633766635928886,0.007432830807591446,2.974060213794867,3.501225281357911,0.19015748635714785,0.17427133824520857,0.1736675150682519,0.24355869287842866,0.33113144057694793,156.50551864804973,200.0,0.009051870062279968,1.1638467967145516e-12,10.108813146653851,10,-2.9547631702486754e-13,2.8796409701215e-16,,-0.07463277990793271,0.7573298485657504,0.9462134054124376,0.1382088046795021,2.277511512716046e-12,0.0014522499404847622,not_checked,0.001,not_checked,not_checked,,,
circle_vm2_importance_n200,975,2026492576,True,ok,0.011327688530933022,0.6562123509297666,0.009759389819371378,4.765083011495857,5.051337164387318,0.07659493902830475,0.06710927541453196,0.0800048051134689,0.10377421949626119,0.1663319993608981,158.35264951953098,200.0,0.00919847419369174,3.2088998125345825e-11,11.761670920284491,10,-8.77472747240482e-12,-5.551115123125783e-17,,-0.11700379956132423,0.8166071498774635,0.9456358501623289,0.14268345276770222,6.574785160751162e-11,0.0014405411202460527,not_checked,0.001,not_checked,not_checked,,,
circle_vm2_importance_n200,976,2026492577,True,ok,0.00020519514844163922,0.5234406313053608,0.0013695142933707787,0.0827307293515151,0.09087761150126669,0.9532492805193467,0.9528864463752413,0.9555780766659099,0.9597916688470614,0.970145531316523,147.70907930102146,200.0,0.009777941130585895,1.5192291868970642e-12,8.432379105109767,8,-3.840515145486778e-15,3.3610267347050637e-18,,-0.000326334987429705,0.7990234286278205,0.9193826652153883,0.19419931323267275,2.822631017806998e-12,0.0012283341493457556,not_checked,0.001,not_checked,not_checked,,,
circle_vm2_importance_n200,977,2026492578,True,ok,0.009883580662573666,0.5805994286347835,0.009014584950229991,4.192214660842666,5.101483054932264,0.09469559582599785,0.08213366713592826,0.07802378776301568,0.13852338366011052,0.23266726041732916,147.53215082017525,200.0,0.009591971008580266,2.8418156716725207e-11,7.39641389512544,9,-1.5004178455235717e-12,-5.724587470723463e-17,,-0.1193911979065998,0.8195816379179854,0.8575942518608703,0.1719834222010298,5.767675226309166e-11,0.0013595412019640207,not_checked,0.001,not_checked,not_checked,,,
circle_vm2_importance_n200,978,2026492579,True,ok,0.005662627555449662,0.6119096459704201,0.00679746781991026,2.3970000227206976,2.865974048644348,0.2445823022325099,0.22542023915583576,0.23859516720502508,0.32221846167040985,0.41773235788955554,154.15358596595235,200.0,0.008954223017547974,1.2162681972682776e-10,8.582780917326096,9,-8.663902928418565e-14,1.682681771697503e-16,,-0.0659745002704164,0.708576286001869,0.9033594871942486,0.14261587523350636,2.58573829015063e-10,0.0013438339810818434,not_checked,0.001,not_checked,not_checked,,,
circle_vm2_importance_n200,979,2026492580,True,ok,0.002118953985644767,0.556635396017338,0.004089968152530937,0.8188748102044914,1.0675631167292108,0.5846598453201122,0.5953708002906966,0.5863833289114209,0.6545608035855399,0.7211335419102883,154.28883469580438,200.0,0.009093564639265646,8.713141319560691e-12,13.144772952282825,9,1.938553484404082e-16,2.7929047963226594e-16,,0.014353392026707712,0.7125529081448563,0.8725395350111869,0.15974495300618752,1.7052581569032554e-11,0.001338874688372016,not_checked,0.001,not_checked,not_checked,,,
circle_vm2_importance_n200,980,2026492581,True,ok,0.0008872866156037773,0.6216003915737356,0.0026860222154175177,0.36081334170192053,0.4460682519074807,0.7957115316195513,0.7926954545614351,0.800087545078114,0.8373967360525669,0.8719156862056512,154.47381654215033,200.0,0.008921548985365376,1.8697809966994328e-10,11.85192814221546,8,-6.092587697369145e-12,8.153200337090993e-17,,-0.0029493477302048043,0.7453053310785277,0.8089605444161326,0.14362246737934056,4.033089417987412e-10,0.0012232912704348564,not_checked,0.001,not_checked,not_checked,,,
circle_vm2_importance_n200,981,2026492582,True,ok,0.0023057839407250036,0.6048930392160794,0.004322487179367944,0.903116615888038,1.1524389315244477,0.5535237806003173,0.5603796763793807,0.5620190877134761,0.630553806285737,0.7029180254471376,152.88292823331778,200.0,0.009125488391762783,8.859535327587764e-11,14.496946006979774,9,3.5561831257524545e-17,1.201296007113939e-16,,0.009598480200981696,0.765823923085428,0.7937617340804389,0.150140895257916,1.8634671583583895e-10,0.001352167222648859,not_checked,0.001,not_checked,not_checked,,,
circle_vm2_importance_n200,982,2026492583,True,ok,0.0008163463927592929,0.5769820534595278,0.0025446727050624377,0.3324064570369163,0.4195553298106553,0.8132657225381864,0.8102507503116072,0.8107644873315024,0.8493624425292647,0.8826987559330153,152.84111922566717,200.0,0.009022632158065595,4.3541392713564164e-11,9.702407324374049,8,-3.981856944862416e-12,-2.0057740190981832e-17,,-0.0029339499665995694,0.763602938590927,0.8169964062509261,0.16849624209328057,8.45525871540076e-11,0.0012387088499963284,not_checked,0.001,not_checked,not_checked,,,
circle_vm2_importance_n200,983,2026492584,True,ok,0.0015218380166979184,0.5602850922300826,0.0034194744307712833,0.5999324702619291,0.8066384946101701,0.6912759520164842,0.6949715092151678,0.6680987765400692,0.7375896761802141,0.797266113186917,148.87705514742999,200.0,0.009625453184669808,1.6713774808607695e-10,11.62536784220698,8,1.6182138311629513e-11,-6.158268339717665e-17,,0.004401368208619139,0.7278453095933417,0.9310623639425061,0.16243051161813435,3.4743119492475216e-10,0.0012309171725064516,not_checked,0.001,not_checked,not_checked,,,
circle_vm2_importance_n200,984,2026492585,True,ok,0.008493752834547674,0.5521457910452781,0.007826607928832859,3.494864438806684,4.675200063716306,0.1312477178185701,0.12388231212468358,0.0965590991317218,0.18291191754425015,0.2710909074086825,153.67777801962998,200.0,0.009267486089664483,6.940337193839241e-12,8.379068701965766,9,-2.136311960665438e-14,-1.0408340855860843e-16,,-0.04868165249380718,0.7358461267156092,0.9370176376355677,0.16631957125503088,1.3475665028295225e-11,0.0013434167485684156,not_checked,0.001,not_checked,not_checked,,,
circle_vm2_importance_n200,985,2026492586,True,ok,0.003695418619419799,0.6031657051103061,0.0052430113815592275,1.404427068108012,1.9423637655177468,0.39563810508195585,0.41432853921548707,0.3786352710526836,0.47755128395098,0.568112959252293,153.00973078906836,200.0,0.009303600612503444,8.174849686071184e-11,17.49451351261183,9,3.071761595085931e-15,-3.903127820947816e-18,,0.036870189829953826,0.7209440228804914,0.8772936741334921,0.14251629748904696,1.7177836930670765e-10,0.0013455839361995459,not_checked,0.001,not_checked,not_checked,,,
circle_vm2_importance_n200,986,2026492587,True,ok,0.007923016035425556,0.596711689083834,0.008500950267058318,3.282506306721033,3.7160463760046527,0.15819989489442415,0.14815164747452741,0.15598067025958207,0.2050291310851256,0.3176164183546014,144.75685152548542,200.0,0.01012701152750323,6.012657038922953e-11,9.650438891698538,9,-6.687358999890591e-14,1.1622647289044608e-16,,-0.056649946275405316,0.7762405446580707,0.9431311585365335,0.1660577659759204,1.263973370413396e-10,0.0014057508669793606,not_checked,0.001,not_checked,not_checked,,,
circle_vm2_importance_n200,987,2026492588,True,ok,0.0016240860642819932,0.5653482349665073,0.0036399318002992855,0.6666519640761026,0.7983553163346266,0.6849350650231514,0.6781865312128579,0.6708715049635787,0.722659434424185,0.7837454903918551,150.03573166258104,200.0,0.009589679471755782,1.3482104321838051e-11,8.700183012332921,9,4.336808689942018e-18,-7.28583859910259e-17,,-0.008508769181652664,0.768416453526746,0.9565781018137703,0.1667809985547619,2.6754820581231797e-11,0.00138366618193686,not_checked,0.001,not_checked,not_checked,,,
circle_vm2_importance_n200,988,2026492589,True,ok,0.001956088921028165,0.6052461298993692,0.00377746629154852,0.8037077724326933,1.0861749921174542,0.609717221695897,0.6015825597301228,0.5809517941474829,0.6762328671634779,0.7373535281846768,155.76378612893058,200.0,0.008888178875864754,8.996892120194389e-11,10.295742172964584,9,-2.3158558404290375e-16,-3.2569433261464553e-16,,-0.010636102010713633,0.7093755024038617,0.8788944824335878,0.13907963129326784,1.894633339105667e-10,0.00136208301410079,not_checked,0.001,not_checked,not_checked,,,
circle_vm2_importance_n200,989,2026492590,True,ok,0.00046104501561750055,0.6047137048516007,0.002016215451018679,0.18234171883026462,0.2061687024604988,0.8946009407253941,0.8957232320334578,0.9020508811707473,0.9119145366399151,0.9315489830052418,153.7951888377182,200.0,0.00934965355190494,8.760780989547357e-11,13.40377602574684,8,2.283358506612043e-13,1.229485263598562e-16,,0.0010381437083678002,0.7636243024587548,0.8972518529646061,0.1508350162623048,1.8477930296967315e-10,0.001226833090186119,not_checked,0.001,not_checked,not_checked,,,
circle_vm2_importance_n200,990,2026492591,True,ok,0.009678765299884873,0.647360711044201,0.008100810922746563,4.18907232922753,5.8423403857949285,0.1010056174596542,0.08391378373517841,0.053870611395228925,0.14431554962816245,0.2236193353062405,154.75218401158165,200.0,0.009176839516818205,5.866918062480408e-11,8.891597292160432,10,-2.010570182564564e-11,3.122502256758253e-16,,-0.15878310463679046,0.7148606414392771,0.9708644526506416,0.1268916406313297,1.1217937689877999e-10,0.001450166804715991,not_checked,0.001,not_checked,not_checked,,,
circle_vm2_importance_n200,991,2026492592,True,ok,0.012177610471440392,0.42627872751610174,0.010159484714191612,4.715647721177851,5.422669201715616,0.06671953006280137,0.07271002427229867,0.06644806586567781,0.0875520247014019,0.16066588278749122,150.14672515726375,200.0,0.009980943732669764,1.1324274851176597e-13,8.732720191333057,9,2.7543939351559743e-14,1.9081958235744878e-17,,0.07769823369915274,0.8242159173670931,0.9728483874452285,0.24133094224442925,2.0738966099997924e-13,0.0013408749364316463,not_checked,0.001,not_checked,not_checked,,,
circle_vm2_importance_n200,992,2026492593,True,ok,0.0034232699149567836,0.6116354462898419,0.004919363899382542,1.433017780866298,1.994294968973958,0.4272552413687748,0.41074728704710173,0.36893032109738055,0.5042646835484297,0.5912459128188896,153.51499152424063,200.0,0.009036594858632804,1.201626576019521e-10,9.274123644368624,9,-1.392982951209376e-15,8.413408858487514e-17,,-0.03185490744179231,0.7001937124799321,0.9185325143832529,0.13618092722304412,2.553088851442453e-10,0.0013366241473704576,not_checked,0.001,not_checked,not_checked,,,
circle_vm2_importance_n200,993,2026492594,True,ok,0.008041133717167082,0.5077478355723455,0.00808721902254445,3.030347415914551,3.7875722541779,0.138464948652604,0.1552423596703294,0.15050091319226114,0.20024238055241292,0.2927138329213327,152.7844045241702,200.0,0.009330888715963737,6.350475700855895e-13,13.555032605567177,9,1.2716216968300387e-13,-1.196959198423997e-16,,0.09305303547614074,0.794702766063993,0.832125002587495,0.1942726087894591,1.1524114995609125e-12,0.0013478328473865986,not_checked,0.001,not_checked,not_checked,,,
circle_vm2_importance_n200,994,2026492595,True,ok,0.00027347380256870224,0.6525341253690031,0.0014540662417930428,0.11064203175506646,0.14347487739676865,0.9293472528022099,0.9285679303874641,0.9307752492918837,0.9467740966908361,0.9576688033033609,158.16241695245478,200.0,0.008590814073251527,1.1393108678703356e-12,14.019896728896901,9,-6.521888064325854e-14,1.5807667674838655e-16,,-0.0006262553637927798,0.7041621053399835,0.7911867117779365,0.13212837338254296,2.5268676040468563e-12,0.0013401249889284372,not_checked,0.001,not_checked,not_checked,,,
circle_vm2_importance_n200,995,2026492596,True,ok,0.0062290695873852275,0.5083553395896596,0.0071654443965488875,2.4236701524926056,2.9020082784825108,0.2294789825881391,0.2388772184294728,0.23433486508121404,0.2877066433423216,0.38507175217423517,153.20515839281532,200.0,0.009480881031208076,6.578071420904053e-13,10.832670085816089,9,7.667477763817487e-16,-1.0581813203458523e-16,,0.033978841230742685,0.8262709885880123,0.8666023735419942,0.20244162220875866,1.1928236176572682e-12,0.0013330411165952682,not_checked,0.001,not_checked,not_checked,,,
circle_vm2_importance_n200,996,2026492597,True,ok,0.005603316157808846,0.4980715068994983,0.006799385642445084,2.141625472521822,2.6111785880680967,0.27506868687280916,0.2912527800746796,0.2710127817639508,0.32606346731075825,0.43280333697914786,149.46003717849786,200.0,0.009820384868727933,3.6615155352137663e-13,11.815923318246037,9,3.393986480748623e-15,-1.231653667943533e-16,,0.04985049530085828,0.7682794872906779,0.9724308950099331,0.1917553700404419,6.536993168992922e-13,0.00133983395062387,not_checked,0.001,not_checked,not_checked,,,
circle_vm2_importance_n200,997,2026492598,True,ok,0.011687845539972486,0.5008946268518366,0.009496881550103566,4.409871448534203,5.804654858845621,0.0642442654577573,0.07496857944318835,0.05489530630796266,0.09656208515830758,0.16843348758331966,152.39886029196094,200.0,0.009703853937884614,2.6242341633064825e-12,13.389268594286028,9,8.709682280949593e-13,8.153200337090993e-17,,0.13263338372739542,0.749668834829694,0.9490189629655552,0.19007841011377502,5.561551219557259e-12,0.0013377091381698847,not_checked,0.001,not_checked,not_checked,,,
circle_vm2_importance_n200,998,2026492599,True,ok,0.001726927075619944,0.5433634367763676,0.0038901255204835416,0.6988427247964849,0.7751597320287472,0.6709200824073007,0.6677989857979993,0.6786974272283155,0.7079474472269314,0.7704680697351775,150.9948333827201,200.0,0.009604701000543682,1.9166279674465159e-10,8.908671098563412,8,-1.637198579831911e-11,7.979727989493313e-17,,-0.0040359472742536595,0.8289753502649809,0.9030931844782868,0.18827619805288315,3.537456993996102e-10,0.0012240409851074219,not_checked,0.001,not_checked,not_checked,,,
circle_vm2_importance_n200,999,2026492600,True,ok,0.004983176938164746,0.6653213389245722,0.006231638632500763,1.9092383264712738,2.609818374587026,0.2557245739873901,0.2708504220798267,0.271197162075639,0.36911929753716094,0.45848793117683073,156.49079286462154,200.0,0.008751444422687599,9.43689570931383e-14,21.634085615392934,10,2.122173964336227e-14,8.847089727481716e-17,,0.04201622439731234,0.7052566691304587,0.756744391857577,0.11824703067363167,2.384759056894836e-13,0.0014355420134961605,not_checked,0.001,not_checked,not_checked,,,
