cell,replicate,seed,valid,status,gap,I1,se,score,wald,p_gap,p_score,p_wald,naive_p,kish_p,ess,a2,max_weight,moment_error,condition,iterations,gap_kl_error,gap_score_error,lr_identity_error,score_discrepancy,eig_min,eig_max,min_sampling_eigenvalue,dual_entropy_discrepancy,fit_seconds,refinement_status,refinement_tolerance,refined_full_status,refined_reduced_status,scaled_refinement,reference_refinement,scaled_rotation
circle_vm2_direct_n800,0,2026691601,True,ok,0.00048826845069194214,0.577902519793996,0.0010791905542840705,0.7728970171296844,0.8263271342966328,0.673113947425074,0.6759610413464419,0.6615540654657417,0.6766407745532319,0.6766407745532318,800.0000000000005,800.0000000000005,0.00125,2.4946933407932192e-11,12.018209713853041,8,1.9843122370938326e-13,2.1553939189011828e-16,3.4416913763379853e-13,0.004166251988711733,0.9352942139381676,1.0405519901586786,0.2019569109405944,5.044253903463414e-11,0.0016485420055687428,ok,0.001,ok,ok,7.105427357601002e-13,2.220446049250313e-16,1.7763568394002505e-13
circle_vm2_direct_n800,1,2026691602,True,ok,0.000723636575517439,0.6713251990936011,0.001311116495526849,1.135320428507794,1.2377478635158141,0.5533488108089033,0.559744242345342,0.5385505409346755,0.5605094030582449,0.5605094030582445,800.0000000000005,800.0000000000005,0.00125,6.318556788897922e-11,18.6435775123314,9,6.184141631941642e-12,-8.890457814381136e-18,-1.509903313490213e-14,0.01124904616005451,0.9143074404643602,1.0453246848477473,0.15935330618677515,1.5211054638086807e-10,0.0023766248486936092,ok,0.001,ok,ok,3.552713678800501e-13,1.1102230246251565e-16,0.0
circle_vm2_direct_n800,2,2026691603,True,ok,0.0028972995391585155,0.5620181279202909,0.0026305633553877334,4.555826847233352,4.927629702337539,0.0885600565301723,0.09231091843585343,0.08510965022623675,0.09848612227622444,0.09848612227622434,800.0000000000005,800.0000000000005,0.00125,1.1438183733503138e-11,12.029444768878983,9,-9.71445146547012e-17,-1.1362438767648086e-16,-1.8030021919912542e-13,0.039926207710137884,0.8544812701813871,1.0555839698827327,0.18731667542027683,2.254640918408768e-11,0.0014326670207083225,ok,0.001,ok,ok,7.105427357601002e-13,1.3877787807814457e-16,7.105427357601002e-13
circle_vm2_direct_n800,3,2026691604,True,ok,0.000938100695476507,0.556318924872454,0.0014770683987144042,1.491978868438163,1.622637016806826,0.46811552328448136,0.4702430349193696,0.44427190363936486,0.47213960851394265,0.47213960851394254,800.0000000000005,800.0000000000005,0.00125,1.4165446593494835e-11,10.721621439281748,8,6.588506866814225e-13,-5.865533753146579e-17,-9.392486788328824e-14,0.00449112216212455,0.8971888164350716,1.0858327162086787,0.2041148319541546,2.854450009692755e-11,0.0014422489330172539,ok,0.001,ok,ok,1.7763568394002505e-13,2.220446049250313e-16,1.7763568394002505e-13
circle_vm2_direct_n800,4,2026691605,True,ok,0.0009707805911669531,0.5732956169904415,0.0016048921008700544,1.5682889147636083,1.4413291245099658,0.46847976751997455,0.4650555318072104,0.4864288862446876,0.4599559877257561,0.45995598772575563,800.0000000000005,800.0000000000005,0.00125,2.830002898690509e-11,10.17011609123381,8,-1.908102040086568e-12,-1.4246416546459528e-16,-2.2648549702353193e-13,-0.0075199844482412015,0.9581586316013424,1.0930282156184419,0.20648540053582082,5.513434153670005e-11,0.0014316670130938292,ok,0.001,ok,ok,7.105427357601002e-13,1.1102230246251565e-16,1.7763568394002505e-13
circle_vm2_direct_n800,5,2026691606,True,ok,0.0013096938099619315,0.5936051557913045,0.0018737105389955845,2.031958535512287,2.015930532739542,0.33326366194281354,0.3445403641011203,0.3649608226486093,0.3507242250416163,0.35072422504161616,800.0000000000005,800.0000000000005,0.00125,5.2649884452193874e-11,14.622246044903605,9,-6.895525817007808e-17,-7.871307772244762e-17,-1.2523315717771766e-13,0.03177578021340244,0.8851555149907332,1.0241777308373072,0.19018517858409892,1.0888090429261865e-10,0.0016035421285778284,ok,0.001,ok,ok,3.552713678800501e-13,2.220446049250313e-16,3.552713678800501e-13
circle_vm2_direct_n800,6,2026691607,True,ok,0.0005950564373802258,0.5562810770837201,0.0012456750431962726,0.9401492642283522,0.9247235270492451,0.609285575894545,0.6130803173658146,0.6297944620610618,0.6212354328939849,0.6212354328939846,800.0000000000005,800.0000000000005,0.00125,8.555933739273769e-12,11.22369317282112,8,4.699628273346912e-13,7.45931094670027e-17,1.199040866595169e-13,0.005970517790004848,0.8834074648555019,1.0431809185490877,0.19555053979598142,1.6740608899112885e-11,0.0014354169834405184,ok,0.001,ok,ok,5.329070518200751e-13,2.220446049250313e-16,1.7763568394002505e-13
circle_vm2_direct_n800,7,2026691608,True,ok,2.8897413914874548e-05,0.5681926689028285,0.0002668813552605241,0.04628134387648802,0.04689380958842097,0.9771811688004659,0.9771589806991238,0.9768258380608752,0.9771472408978976,0.9771472408978976,800.0000000000005,800.0000000000005,0.00125,1.5542456210937416e-11,10.590669563574497,8,6.539771979161002e-17,7.304812137121086e-17,1.170175067954915e-13,-2.274080634435613e-05,0.9667896567202628,1.0374502538873416,0.21020203507635238,3.093436617973566e-11,0.001474957913160324,ok,0.001,ok,ok,5.329070518200751e-13,0.0,1.7763568394002505e-13
circle_vm2_direct_n800,8,2026691609,True,ok,0.00026661347878098596,0.6225479670565051,0.0008004710717740681,0.4219412167884806,0.4508714144009395,0.799649586524273,0.8015958166995711,0.7981683752776295,0.8079211732938226,0.8079211732938225,800.0000000000005,800.0000000000005,0.00125,1.949560513025972e-10,14.335791932719673,8,4.007861750809916e-14,-4.466912950640278e-17,-7.216449660063518e-14,0.002320174630548566,0.8668196437249425,1.048821862692611,0.1625197427572249,4.2102410446887006e-10,0.0014795840252190828,ok,0.001,ok,ok,3.552713678800501e-13,0.0,0.0
circle_vm2_direct_n800,9,2026691610,True,ok,0.0016327560618800696,0.5276692698319965,0.0020483803869331737,2.5767611833074326,2.5665683867498124,0.2572110255502288,0.26201167697158345,0.277125669997818,0.2708460096976888,0.2708460096976886,800.0000000000005,800.0000000000005,0.00125,1.4782952639791347e-10,10.248484873264763,8,1.4081106506497187e-11,-1.1796119636642288e-16,-1.8829382497642655e-13,0.01782425785034003,0.888706893966434,1.0370440082756118,0.20776266432534235,2.9172575466418493e-10,0.0018075001426041126,ok,0.001,ok,ok,1.7763568394002505e-13,2.220446049250313e-16,1.7763568394002505e-13
circle_vm2_direct_n800,10,2026691611,True,ok,9.599140793437044e-05,0.5942193070979551,0.0004798482006115178,0.15286826655298547,0.1607536277442031,0.9259892678172164,0.9263221643817545,0.922768568869565,0.9260814156362123,0.9260814156362122,800.0000000000005,800.0000000000005,0.00125,5.4181326092361815e-11,12.24596173085978,8,1.5476986012230576e-16,1.328147661294743e-18,2.4424906541753444e-15,0.0003589930710036632,0.9473139246815934,1.0527730975383363,0.19485386735642532,1.1214629225264616e-10,0.0014454158954322338,ok,0.001,ok,ok,3.552713678800501e-13,0.0,
circle_vm2_direct_n800,11,2026691612,True,ok,0.001736006435288262,0.5718717015771075,0.0020319389787208726,2.727339261175662,2.9552217022484304,0.23724396503452794,0.2434931054268246,0.22818219891045058,0.2493730905697179,0.24937309056971768,800.0000000000005,800.0000000000005,0.00125,1.8611223673303812e-11,12.479009159481043,9,2.8427780962569926e-16,2.7777259659078624e-16,4.440892098500626e-13,0.025135517642779437,0.9036086460549658,1.0282016543695434,0.19412229508853868,3.7275960096394556e-11,0.0019519999623298645,ok,0.001,ok,ok,7.105427357601002e-13,2.7755575615628914e-16,
circle_vm2_direct_n800,12,2026691613,True,ok,0.0005634944167811629,0.5700200338474795,0.0012204874284797902,0.9118893681824964,0.8427354236921256,0.6420905185850432,0.638851430109858,0.6561487833637158,0.6371210988299454,0.6371210988299452,800.0000000000005,800.0000000000005,0.00125,1.7000956198387485e-11,9.885299921699572,8,-3.6858060006861315e-13,5.204170427930421e-18,8.881784197001252e-15,-0.005149150666317659,0.9451401590160011,1.0941794909765212,0.2036088481654481,3.3943070576469836e-11,0.0013667489401996136,ok,0.001,ok,ok,5.329070518200751e-13,2.220446049250313e-16,
circle_vm2_direct_n800,13,2026691614,True,ok,0.0013985809097203372,0.5923413712552363,0.0018141602360160654,2.2041260922781345,2.422810847202643,0.3129894671343695,0.3184737885850637,0.29777848029955273,0.3266504213523483,0.32665042135234823,800.0000000000005,800.0000000000005,0.00125,1.7643930760868898e-10,13.188340688781098,8,1.6981937123877744e-11,5.5077470362263625e-17,8.970602038971265e-14,0.016801681637203192,0.8500464799280845,1.0822423357418063,0.17404683240338711,3.8187497608532794e-10,0.0015209158882498741,ok,0.001,ok,ok,3.552713678800501e-13,2.220446049250313e-16,
circle_vm2_direct_n800,14,2026691615,True,ok,0.0014688522154227002,0.5927081994043897,0.0018814446622547507,2.330832129501155,2.450226527989754,0.3051395475460007,0.30813199014789583,0.29372443003706666,0.3087937278704466,0.30879372787044645,800.0000000000005,800.0000000000005,0.00125,1.3045231561648052e-10,12.59763625598074,8,7.902033411291698e-12,-7.524363077049401e-17,-1.199040866595169e-13,0.009665707587583228,0.9506802162203939,1.0299058290410574,0.205160858596734,2.7912938627139283e-10,0.0013118740171194077,ok,0.001,ok,ok,0.0,2.220446049250313e-16,
circle_vm2_direct_n800,15,2026691616,True,ok,0.0008946510422522813,0.5612825895036682,0.001473437583981284,1.4602807674640856,1.4567708212452717,0.4979480349981972,0.4910112896844525,0.48268770370865755,0.4888396126484763,0.4888396126484761,800.0000000000005,800.0000000000005,0.00125,6.69323485524842e-11,8.941447850489437,8,-6.4998694360857145e-12,-9.248244531301353e-17,-1.474376176702208e-13,-0.014419549930217324,0.9394758783361403,1.1185598650685165,0.20712653709850187,1.2527534565265341e-10,0.0013964578974992037,ok,0.001,ok,ok,1.7763568394002505e-13,2.220446049250313e-16,
circle_vm2_direct_n800,16,2026691617,True,ok,0.0014873112750717343,0.5306267775204103,0.0019401103921608584,2.3635140968298356,2.3682209678947452,0.29768078356875183,0.30014296963870896,0.3060182666283997,0.30426719884322195,0.3042671988432218,800.0000000000005,800.0000000000005,0.00125,6.436406962961883e-11,9.821487867285127,8,3.5093427729754323e-12,-5.442694905877232e-17,-8.615330671091215e-14,0.00809197164247033,0.9448341415588012,1.0196055994396678,0.2201226387590325,1.2462741949548217e-10,0.0014505002181977034,ok,0.001,ok,ok,5.329070518200751e-13,2.220446049250313e-16,
circle_vm2_direct_n800,17,2026691618,True,ok,0.0013322403083828593,0.5966696389811414,0.0018155514643361673,2.186014424847751,2.089849191605894,0.36540271385666356,0.3561295835610706,0.35171833941716585,0.34445485341620513,0.3444548534162049,800.0000000000005,800.0000000000005,0.00125,6.066724900222198e-11,10.0087055677003,9,-7.32920668600201e-17,-1.491862189340054e-16,-2.3803181647963356e-13,-0.027214965717587303,1.0401169882467214,1.0773272001744878,0.21110506955555217,1.2614220779028074e-10,0.0017131657805293798,ok,0.001,ok,ok,7.105427357601002e-13,2.220446049250313e-16,
circle_vm2_direct_n800,18,2026691619,True,ok,0.003281595657901093,0.6169242479533954,0.002844874721851116,5.475163280771776,5.057441375797781,0.09069671897672703,0.08187179686978244,0.07976099424886682,0.07241972830411689,0.07241972830411679,800.0000000000005,800.0000000000005,0.00125,1.5171541800640398e-10,9.773262480778808,9,-8.413408858487514e-16,1.3660947373317356e-16,2.1671553440683056e-13,-0.1123051140650122,1.017020195156824,1.1694251849674306,0.20516756091679508,3.2582114783963334e-10,0.002086459193378687,ok,0.001,ok,ok,0.0,1.1102230246251565e-16,
circle_vm2_direct_n800,19,2026691620,True,ok,0.003800486376286827,0.5924164215873611,0.003223032626700091,6.354598509129749,5.237753759973644,0.0663098325808272,0.058762444033735636,0.07288467511360189,0.04781628051007422,0.047816280510074145,800.0000000000005,800.0000000000005,0.00125,4.9806936353036235e-11,8.566952987857528,9,-1.6510230682609262e-15,-2.0903417885520525e-16,-3.3573144264664734e-13,-0.13691015353541136,0.9769367373808314,1.2576698561104402,0.21131422657522428,1.0281175910620277e-10,0.0014961252454668283,ok,0.001,ok,ok,7.105427357601002e-13,1.1102230246251565e-16,
circle_vm2_direct_n800,20,2026691621,True,ok,0.0007954034958885803,0.5395391454294527,0.0013639076856318845,1.2520665099601918,1.3808480652082893,0.522204185550639,0.5277132807200877,0.5013634295455438,0.529234954830497,0.5292349548304969,800.0000000000005,800.0000000000005,0.00125,2.2581936320875684e-11,10.840012864965283,8,2.008061902522562e-12,3.881443777498106e-17,6.261657858885883e-14,0.010289541730768681,0.9010676822868455,1.062234660662161,0.20982869628112422,4.528133423775671e-11,0.001513458089902997,ok,0.001,ok,ok,3.552713678800501e-13,0.0,
circle_vm2_direct_n800,21,2026691622,True,ok,0.0026180168299005935,0.5759581207611681,0.0024312516590369792,4.135438385319213,4.639604924473061,0.11842044605125776,0.12165889475568602,0.09829300026617127,0.12314244996592026,0.12314244996592005,800.0000000000005,800.0000000000005,0.00125,2.273403687524933e-11,12.265876253100277,9,8.716985466783456e-17,9.454242944073599e-17,1.545430450278218e-13,0.026694271260869762,0.8614515773517831,1.1008581617698603,0.18767275860570407,4.577693779594938e-11,0.0015085001941770315,ok,0.001,ok,ok,3.552713678800501e-13,1.6653345369377348e-16,
circle_vm2_direct_n800,22,2026691623,True,ok,0.000964329746390824,0.5455877004151004,0.001525656424811113,1.5098356599588534,1.6384170984828454,0.4467687643870101,0.4545445801932917,0.4407803724513977,0.4623358069262712,0.4623358069262711,800.0000000000005,800.0000000000005,0.00125,7.820111225242954e-11,11.508431474804592,8,8.320069676617803e-12,2.6107588313450947e-16,4.18554080283684e-13,0.016545967133232975,0.8764690870054244,1.0428218779425757,0.19954941394245773,1.5861445490372716e-10,0.0017233327962458134,ok,0.001,ok,ok,7.105427357601002e-13,2.220446049250313e-16,
circle_vm2_direct_n800,23,2026691624,True,ok,0.0011563290543072924,0.5982547626728096,0.0017651201284120007,1.884260524928958,1.673092245816627,0.41242662461209323,0.40575092939373547,0.43320417647836773,0.39650634185466244,0.3965063418546622,800.0000000000005,800.0000000000005,0.00125,1.554253392654914e-10,10.592163984288819,8,-1.5566411224257615e-11,3.187554387107383e-16,5.098144129078719e-13,-0.01706701901864449,0.9656393583056306,1.1267104520835634,0.19928212928405617,3.0591107424982056e-10,0.0013455830048769712,ok,0.001,ok,ok,8.881784197001252e-13,2.220446049250313e-16,
circle_vm2_direct_n800,24,2026691625,True,ok,0.0021243162139577,0.5378760844590895,0.002315447922023196,3.44769321514598,3.31733790427048,0.18918786643978913,0.1847206764493114,0.19039223269326264,0.18278348454600235,0.18278348454600216,800.0000000000005,800.0000000000005,0.00125,3.3026914536549157e-12,8.54605365823327,9,1.7780915628762273e-16,2.0643209364124004e-16,3.3306690738754696e-13,-0.024393636406829122,1.0013823195967808,1.0400458435751774,0.23008253688042657,6.27475849057646e-12,0.0019047919195145369,ok,0.001,ok,ok,5.329070518200751e-13,1.3877787807814457e-16,
circle_vm2_direct_n800,25,2026691626,True,ok,0.000625970003819809,0.5217649363975658,0.0012602814573171009,0.9863314077852895,1.0002148656310619,0.5975704287800581,0.602264376341386,0.6064655019162601,0.6060601726405441,0.6060601726405439,800.0000000000005,800.0000000000005,0.00125,8.91697826688187e-12,10.076924837279458,8,7.118776054748643e-13,-1.3769367590565906e-17,-2.4202861936828413e-14,0.007610299163202827,0.9551844808386646,0.9902528428387625,0.23402911330073864,1.72100111939244e-11,0.001343333162367344,not_checked,0.001,not_checked,not_checked,,,
circle_vm2_direct_n800,26,2026691627,True,ok,0.00038209827624302584,0.6292744759584572,0.0009632209110656633,0.6216434829514295,0.6235716092492278,0.7459038379203078,0.7422372655311599,0.7321383320792575,0.736623316688306,0.736623316688306,800.0000000000005,800.0000000000005,0.00125,6.234901483992417e-12,12.234934122593076,9,-4.596544499191335e-13,-5.198749417067994e-17,-8.304468224196171e-14,-0.005143120481293895,0.9299820052963679,1.1668890257832778,0.17942740760963405,1.3175904811646433e-11,0.0018020840361714363,not_checked,0.001,not_checked,not_checked,,,
circle_vm2_direct_n800,27,2026691628,True,ok,0.0014964376660233647,0.5595544237953058,0.0019131740395064963,2.3940952386826333,2.4425479287322585,0.3019788132165516,0.30200977424203623,0.29485429368693816,0.30205379968564405,0.3020537996856438,800.0000000000005,800.0000000000005,0.00125,7.598000006936445e-11,10.408991022068765,8,-1.2275900782010574e-13,1.9884267843384151e-16,3.1752378504279477e-13,0.00010251347737577632,0.9794199236230764,1.0203333182544538,0.22167439142530834,1.4917667101599363e-10,0.0013392502442002296,not_checked,0.001,not_checked,not_checked,,,
circle_vm2_direct_n800,28,2026691629,True,ok,0.0013598654170858815,0.6029569691622088,0.0018008546042486298,2.1083380566399184,2.340062513294522,0.31007917354496783,0.3215183274721155,0.3103572403870897,0.33692587319557343,0.3369258731955731,800.0000000000005,800.0000000000005,0.00125,8.11005707035406e-11,15.228791539675234,9,8.109832250191573e-17,3.2959746043559335e-17,5.284661597215745e-14,0.03372330534874668,0.8535929509332284,1.0072064637397782,0.16931930965121145,1.7009393893374636e-10,0.0020035409834235907,not_checked,0.001,not_checked,not_checked,,,
circle_vm2_direct_n800,29,2026691630,True,ok,0.00033663814788043034,0.5457251978607494,0.0009308096645638703,0.5341096766788133,0.5287844322570281,0.7615733514727301,0.7633125388890942,0.7676723871104844,0.7639060120163305,0.7639060120163303,800.0000000000005,800.0000000000005,0.00125,4.9817927560980024e-12,10.446670127967469,8,2.5682418431510756e-14,9.128982292327947e-17,1.4654943925052066e-13,0.0022556799649378068,0.9518402016302202,1.0269342592250845,0.21449156092591432,9.581668791724951e-12,0.0014619161374866962,not_checked,0.001,not_checked,not_checked,,,
circle_vm2_direct_n800,30,2026691631,True,ok,0.0008144654720099176,0.5946864519381891,0.0014594058566587112,1.3179715025672585,1.2349831066378592,0.530067778408966,0.5262573723542749,0.539295536404962,0.5212255686787202,0.5212255686787197,800.0000000000005,800.0000000000005,0.00125,5.536660019345163e-11,10.960635083393935,8,-1.6299852093060174e-12,4.7271214720367993e-17,7.438494264988549e-14,-0.007413373675694834,0.9462398009741589,1.1112879743343593,0.19014409640439528,1.1469403204955597e-10,0.001343832816928625,not_checked,0.001,not_checked,not_checked,,,
circle_vm2_direct_n800,31,2026691632,True,ok,0.0012495125145814967,0.5484771272134328,0.0018025111521969104,2.0228766731679557,1.8944172744978858,0.3739088617275447,0.3695849114630063,0.38782206603073716,0.36802293784130785,0.36802293784130763,800.0000000000005,800.0000000000005,0.00125,6.660838547389858e-11,9.059254804207386,8,-5.3583411579322116e-12,1.1449174941446927e-16,1.836308882730009e-13,-0.011828324918779942,0.9602768017244735,1.0735853813469556,0.21578600943792908,1.2325651610467503e-10,0.0013621249236166477,not_checked,0.001,not_checked,not_checked,,,
circle_vm2_direct_n800,32,2026691633,True,ok,0.0015877116848668216,0.5554249399547391,0.0019678460180930684,2.5749254608567536,2.5606404914105454,0.29067866112751795,0.2858355192644657,0.2779482744576756,0.28078406756153224,0.28078406756153207,800.0000000000005,800.0000000000005,0.00125,1.9091828118433796e-10,9.20412210199112,8,-1.7418774322236485e-11,1.8735013540549517e-16,3.0109248427834245e-13,-0.017293382534918855,0.9654354373579204,1.0921152181927813,0.22605962564363272,3.5406721998754165e-10,0.0014457490760833025,not_checked,0.001,not_checked,not_checked,,,
circle_vm2_direct_n800,33,2026691634,True,ok,0.000867283341338343,0.6493476880696487,0.0014692932151216724,1.3779666685729335,1.405091852480798,0.5038425821798831,0.5062589127771318,0.49532264223949973,0.49966036914601397,0.49966036914601364,800.0000000000005,800.0000000000005,0.00125,3.121902736324955e-11,15.70495712844459,9,1.5041674503168956e-12,1.089623183347932e-16,1.745270594710746e-13,0.004843338784208062,0.9805297632145137,1.0444526042124929,0.18082996922710184,7.169109750293501e-11,0.0021717920899391174,not_checked,0.001,not_checked,not_checked,,,
circle_vm2_direct_n800,34,2026691635,True,ok,0.0005391530284779567,0.6113049053285025,0.0011849115420649778,0.8702344936706655,0.8181581170530092,0.6545179308884947,0.6520822089920477,0.6642617146938838,0.6496494152314756,0.6496494152314753,800.0000000000005,800.0000000000005,0.00125,1.1833112267822798e-10,11.953760975883219,8,-2.692340708015939e-13,8.185726402265558e-17,1.3078427230084344e-13,-0.003794824052967216,0.9729298301103265,1.0639014018523423,0.18937220468107913,2.51423992736477e-10,0.0017117091920226812,not_checked,0.001,not_checked,not_checked,,,
circle_vm2_direct_n800,35,2026691636,True,ok,0.00044104911260145485,0.5420771405941112,0.0010532961767612404,0.6960215800805468,0.7106988307019909,0.6934389108357981,0.6969205302171144,0.7009284852423341,0.7026901135744201,0.7026901135744201,800.0000000000005,800.0000000000005,0.00125,4.120925822803656e-12,10.712694805565645,8,2.0662155797088189e-13,5.3017486234541167e-17,8.548717289613705e-14,0.004828500040890693,0.9074893856129498,1.0229312343722092,0.20930038659992023,7.878142582740111e-12,0.0013641240075230598,not_checked,0.001,not_checked,not_checked,,,
circle_vm2_direct_n800,36,2026691637,True,ok,0.0012005464124587029,0.5460500547413758,0.001718192506829294,1.9342090759397574,1.9282354640025863,0.3908669916816123,0.38832654642696063,0.3813194773461848,0.38272554859727154,0.38272554859727137,800.0000000000005,800.0000000000005,0.00125,3.623146227482721e-11,9.326011773811127,8,-2.0062532364584218e-12,1.3877787807814457e-16,2.2359891715950653e-13,-0.0066674080029158755,1.0030881688958944,1.041922036964188,0.23198816227774258,6.785572104206494e-11,0.0015820423141121864,not_checked,0.001,not_checked,not_checked,,,
circle_vm2_direct_n800,37,2026691638,True,ok,0.0007747134830471403,0.5549600640874583,0.0014332601534406426,1.2574116131268067,1.149596496003126,0.5486506717368975,0.543927024044986,0.5628184070916704,0.5380677558881011,0.5380677558881009,800.0000000000005,800.0000000000005,0.00125,2.0207946427319712e-11,9.094931431110748,8,-1.626439976622207e-12,1.0364972768961422e-16,1.6608936448392342e-13,-0.008935020125690807,0.9572339208448629,1.1116990228988182,0.222295805483686,3.783262592094161e-11,0.0015971669927239418,not_checked,0.001,not_checked,not_checked,,,
circle_vm2_direct_n800,38,2026691639,True,ok,0.0012971882115202504,0.5485844658643693,0.0018238415448514121,2.0727469442930007,2.0206391967401762,0.3517651222999908,0.3522530244356748,0.3641025943785467,0.3542506487014748,0.3542506487014746,800.0000000000005,800.0000000000005,0.00125,3.782463231516431e-11,10.060926421269764,8,3.607756454693245e-13,-1.0885389811754465e-16,-1.7408297026122455e-13,0.0013770970697006835,0.9608833592831209,1.026150271875687,0.2147092687135607,7.341927066306653e-11,0.001329583115875721,not_checked,0.001,not_checked,not_checked,,,
circle_vm2_direct_n800,39,2026691640,True,ok,0.0018080519975078868,0.593512747485001,0.0020961847501651133,2.8196848094962252,3.0488649857106953,0.2191865055387342,0.2277582915220162,0.21774459342045396,0.2354064703285497,0.2354064703285495,800.0000000000005,800.0000000000005,0.00125,5.2413406947948715e-11,14.23471275528824,9,-1.470178145890344e-16,-1.687018580387445e-16,-2.7045032879868813e-13,0.036599193258197715,0.9005074054465462,1.0061275384926212,0.1819752225636068,1.0839662500927716e-10,0.001525416038930416,not_checked,0.001,not_checked,not_checked,,,
circle_vm2_direct_n800,40,2026691641,True,ok,0.003096027600882456,0.5710003265331827,0.0025625434637928943,4.882237719733282,5.843026562565025,0.07722103589141244,0.08006599464295938,0.05385213218434637,0.08400977812143298,0.08400977812143287,800.0000000000005,800.0000000000005,0.00125,1.7845724897824766e-11,12.210890601503847,9,3.8163916471489756e-16,3.443426099813962e-16,5.506706202140776e-13,0.03570322083932531,0.7898489851557602,1.1352901254787993,0.1735965570545936,3.5668135112132404e-11,0.001478667138144374,not_checked,0.001,not_checked,not_checked,,,
circle_vm2_direct_n800,41,2026691642,True,ok,0.0009494422541025394,0.5761743192127355,0.0015221907271033782,1.5056805766439112,1.5690358228872596,0.4592655001918665,0.46243288454955067,0.45633964488597123,0.467875144795878,0.4678751447958779,800.0000000000005,800.0000000000005,0.00125,2.3256840897545317e-11,11.821635667326348,8,1.4592671689073189e-12,1.0364972768961422e-16,1.6653345369377348e-13,0.006713514960076328,0.9189589038137038,1.035424584500377,0.19532480137257222,4.838907052828745e-11,0.001586957834661007,not_checked,0.001,not_checked,not_checked,,,
circle_vm2_direct_n800,42,2026691643,True,ok,0.002207674268952964,0.562347609320853,0.002334218096167199,3.438202248902506,3.657717827169738,0.15092990215399538,0.15869306145333367,0.1605967179934037,0.17099184474569967,0.17099184474569948,800.0000000000005,800.0000000000005,0.00125,1.16174847519801e-11,12.808304883574118,9,1.3010426069826053e-16,9.974659986866641e-17,1.580957587066223e-13,0.04703829071111909,0.8462329538594794,1.0222042546689782,0.1835143733344597,2.2929436127583358e-11,0.0014653338585048914,not_checked,0.001,not_checked,not_checked,,,
circle_vm2_direct_n800,43,2026691644,True,ok,0.0035667818134403895,0.605358014750242,0.0030200566112478294,5.880595312447084,5.382434051262282,0.06858738682114365,0.06322894172590576,0.06779837677926633,0.057646516979546245,0.05764651697954614,800.0000000000005,800.0000000000005,0.00125,9.046752236230304e-11,10.151610118796237,9,-1.6306400674181987e-16,6.505213034913027e-17,1.0302869668521453e-13,-0.08687220547122854,0.9952563269342898,1.132926178003169,0.20908281088700756,1.9046297872193918e-10,0.0014776659663766623,not_checked,0.001,not_checked,not_checked,,,
circle_vm2_direct_n800,44,2026691645,True,ok,0.00018042034357002024,0.561960448314021,0.0006884508482793362,0.28813019395963096,0.2751549263383857,0.8625630834209047,0.8628026627603607,0.8714668407991186,0.8655966207335434,0.8655966207335434,800.0000000000005,800.0000000000005,0.00125,1.1396661392382157e-11,10.574648688309773,8,2.571456502592495e-16,-9.2970336290632e-18,-1.509903313490213e-14,0.0002711778762007899,0.9044395029673048,1.0533191617910147,0.19611288698109394,2.2477797401165844e-11,0.001345291966572404,not_checked,0.001,not_checked,not_checked,,,
circle_vm2_direct_n800,45,2026691646,True,ok,7.46701313159015e-06,0.5588858639863887,0.00013909532304180885,0.01196307068988127,0.011508571687856912,0.9940723903355189,0.9940645499199363,0.9942622383486898,0.9940441960318799,0.9940441960318799,800.0000000000005,800.0000000000005,0.00125,1.445441544234427e-10,10.184782848193965,7,-1.1218310673721246e-12,-1.4667222514655465e-16,-2.347011474057581e-13,-7.924839668511235e-06,0.971113011913689,1.0395912805968852,0.2158821530824158,2.7999780272125463e-10,0.0013322909362614155,not_checked,0.001,not_checked,not_checked,,,
circle_vm2_direct_n800,46,2026691647,True,ok,0.0010460396457723231,0.5457412053494779,0.001581244507205516,1.6377376769880925,1.7894374537055677,0.4119064703279891,0.41980734630579175,0.40872254515102,0.4330804737558174,0.43308047375581726,800.0000000000005,800.0000000000005,0.00125,9.808331924432423e-11,11.526453557121448,8,1.0671481059931764e-11,-2.7755575615628914e-17,-4.3520742565306136e-14,0.017962878123812698,0.8539987273773915,1.037951682410293,0.19317801552555733,1.9894574876389015e-10,0.0013905840460211039,not_checked,0.001,not_checked,not_checked,,,
circle_vm2_direct_n800,47,2026691648,True,ok,0.0011381363661862043,0.5491481376280738,0.0017137264816406083,1.820522690439326,1.7647003235310033,0.40346493461303723,0.4035645675373829,0.41380924932173846,0.4023193539427776,0.4023193539427774,800.0000000000005,800.0000000000005,0.00125,2.245370556153148e-11,9.991270031867597,8,1.3915951724285947e-14,-6.461844948013606e-17,-1.0258460747536446e-13,0.00024774772930102884,0.970245071026419,1.0366197792909775,0.2171141202981218,4.345857007592713e-11,0.0013574999757111073,not_checked,0.001,not_checked,not_checked,,,
circle_vm2_direct_n800,48,2026691649,True,ok,0.0005444507828644696,0.5691810297317246,0.0011852796721503252,0.8564842982908104,0.8589468752903422,0.639919003699182,0.6447362252348909,0.6508517185225524,0.6469018951872942,0.646901895187294,800.0000000000005,800.0000000000005,0.00125,1.6300072402941623e-11,12.120561876286997,8,8.459279284001031e-13,4.438723694155655e-16,7.103206911551752e-13,0.007318477146170677,0.9394966115735418,1.0129538863364929,0.20502468939231264,3.2529090532307237e-11,0.0013382500037550926,not_checked,0.001,not_checked,not_checked,,,
circle_vm2_direct_n800,49,2026691650,True,ok,0.0019031908025519684,0.6268579585423124,0.002176363859770533,2.941820239658301,3.1353908180214134,0.19428798315165108,0.20538286583121274,0.20852519431280953,0.21815430574996333,0.2181543057499631,800.0000000000005,800.0000000000005,0.00125,6.661338147750939e-16,17.12940939234777,10,1.3921155894713877e-16,1.3574211199518516e-16,2.1671553440683056e-13,0.051642522212425046,0.8908148075203041,0.9680439612560348,0.16582762243008586,8.881784197001252e-16,0.0016672501806169748,not_checked,0.001,not_checked,not_checked,,,
circle_vm2_direct_n800,50,2026691651,True,ok,0.0004516756920847076,0.5431912069547213,0.0010286836286675291,0.7177956294248891,0.7814797565735969,0.6950188936289874,0.696728356175484,0.6765561200892967,0.6967416801246984,0.6967416801246984,800.0000000000005,800.0000000000005,0.00125,4.36384262059164e-12,10.232818276561538,8,4.5779569371462436e-14,-1.1828645701816853e-16,-1.894040480010517e-13,0.002442738955321766,0.8848926333682147,1.1121040532277888,0.20363855699136196,8.363310044501304e-12,0.0012908331118524075,not_checked,0.001,not_checked,not_checked,,,
circle_vm2_direct_n800,51,2026691652,True,ok,0.00029527659662109684,0.6210325182801162,0.0008266429015216435,0.46575354067586067,0.5185843690501888,0.7783753866151532,0.7811398211586285,0.7715975412430092,0.7896059327339919,0.7896059327339918,800.0000000000005,800.0000000000005,0.00125,1.823984296933645e-10,14.545978365089626,8,1.1379693845223193e-13,3.3480163086352377e-16,5.360156762890256e-13,0.00334450695894728,0.8549154518203724,1.038539904359611,0.16105372495449014,3.9303893473174867e-10,0.0017948746681213379,not_checked,0.001,not_checked,not_checked,,,
circle_vm2_direct_n800,52,2026691653,True,ok,0.00019687147644953384,0.5877086659142856,0.000693180737024868,0.312061432302682,0.32752112955972384,0.8473860137044545,0.8486931366318615,0.8489452649438589,0.8542792216818453,0.8542792216818453,800.0000000000005,800.0000000000005,0.00125,3.991140751224975e-11,12.330764853312356,8,7.849813464175237e-15,-1.323810852604801e-16,-2.1160850849355484e-13,0.0014664650082861497,0.8658060767408711,1.0439860244503605,0.17744209324204804,8.180456312345541e-11,0.001672249985858798,not_checked,0.001,not_checked,not_checked,,,
circle_vm2_direct_n800,53,2026691654,True,ok,0.0009218247640958577,0.5726854280621738,0.0015187210389931735,1.4968802608355374,1.4563858710951272,0.47982670927802884,0.4746098520772051,0.4827806180022213,0.4783274155159636,0.47832741551596336,800.0000000000005,800.0000000000005,0.00125,4.20239398835065e-11,9.751928405625948,8,-3.6109020504562772e-12,-1.951563910473908e-16,-3.12194714524594e-13,-0.010980319141082107,0.9746239416058995,1.0344636349512304,0.20766997569367923,8.106892934733878e-11,0.001425334019586444,not_checked,0.001,not_checked,not_checked,,,
circle_vm2_direct_n800,54,2026691655,True,ok,0.00017783972478691012,0.6158803537660624,0.0006608442982906701,0.2830362916446057,0.29114930936475,0.8669346414077328,0.8675906119215133,0.8645253467995843,0.8673854865689365,0.8673854865689364,800.0000000000005,800.0000000000005,0.00125,1.4524270675053685e-10,13.434818656737596,8,1.8987361596195518e-15,-1.1787988120348647e-16,-1.887379141862766e-13,0.0007536340072253345,0.9701374492649313,1.0232373380899333,0.18952070252486192,3.1057512117627084e-10,0.0018105839844793081,not_checked,0.001,not_checked,not_checked,,,
circle_vm2_direct_n800,55,2026691656,True,ok,0.004637428568168733,0.5490045699206088,0.003449142811685831,7.711474801898744,6.874796532397808,0.034234541654608194,0.030012305473544193,0.03214821772090565,0.024478922091070113,0.024478922091070072,800.0000000000005,800.0000000000005,0.00125,5.9073856917279954e-12,7.359577834355882,9,-1.0304257447302234e-15,-7.112366251504909e-17,-1.127986593019159e-13,-0.14579454641438305,0.9945829050688844,1.197715192381426,0.23390113100209403,1.1413758826961384e-11,0.0015230420976877213,not_checked,0.001,not_checked,not_checked,,,
circle_vm2_direct_n800,56,2026691657,True,ok,0.00011180714003100611,0.5795546965723777,0.0005138752324881961,0.17748968523934278,0.19096818389177456,0.9127180604394755,0.9133713914173627,0.9089328208911613,0.9144379067592201,0.9144379067592201,800.0000000000005,800.0000000000005,0.00125,2.7046032080590976e-11,11.807919589500607,8,8.40080500823237e-16,-6.776263578034403e-18,-1.1324274851176597e-14,0.0007008694051335584,0.917720019671318,1.044996639913651,0.19401923163298584,5.476286091266047e-11,0.001997666899114847,not_checked,0.001,not_checked,not_checked,,,
circle_vm2_direct_n800,57,2026691658,True,ok,0.0009577207044404457,0.5854776562638364,0.0015053559601683314,1.5111858948712498,1.6281365007691975,0.45167450183845204,0.4566577295413705,0.4430519485843628,0.4647867579864723,0.46478675798647207,800.0000000000005,800.0000000000005,0.00125,4.2808423472706636e-11,12.695486641691282,8,3.6405531367300625e-12,5.637851296924623e-18,9.769962616701378e-15,0.010583616116732086,0.9116920365663006,1.0180644516736501,0.18973607181045046,9.111000842665362e-11,0.0014334588777273893,not_checked,0.001,not_checked,not_checked,,,
circle_vm2_direct_n800,58,2026691659,True,ok,0.00045858425920708434,0.5951601197664198,0.001078851826919199,0.7460372184192202,0.7085544203961118,0.7027641752583743,0.6986202515861029,0.7016804274221555,0.6929015125906646,0.6929015125906643,800.0000000000005,800.0000000000005,0.00125,5.660916180261211e-11,10.566575747863522,8,-6.256480793512265e-13,1.4148838350935833e-16,2.262634524186069e-13,-0.006151201843942411,1.0217012016680869,1.0587068426666668,0.21041937241383743,1.1733725102658354e-10,0.001386124873533845,not_checked,0.001,not_checked,not_checked,,,
circle_vm2_direct_n800,59,2026691660,True,ok,0.0006105305509396253,0.5823406178583843,0.0013270412792542724,0.9945126519145976,0.827726463116413,0.6262046802749357,0.6209397610858018,0.6610913615185349,0.6135923841529101,0.6135923841529101,800.0000000000005,800.0000000000005,0.00125,3.090205868971907e-11,9.915639271077412,8,-1.7062483153792996e-12,8.543513119185775e-17,1.3655743202889425e-13,-0.0088318852055983,0.9018520473417346,1.2015067225578162,0.20011532205629742,6.286238196651084e-11,0.0014172086957842112,not_checked,0.001,not_checked,not_checked,,,
circle_vm2_direct_n800,60,2026691661,True,ok,0.0024384585841854545,0.6185355370098675,0.00238077766058821,4.0395863311197235,4.016852903959384,0.1627796924024718,0.15268157454772507,0.1341996782511704,0.1421650080704647,0.14216500807046456,800.0000000000005,800.0000000000005,0.00125,1.6323609131063677e-10,10.339713856171112,9,-1.5525775109992423e-16,-1.1449174941446927e-16,-1.8340884366807586e-13,-0.06902629821149708,0.9892448338872384,1.160558493991458,0.19415240422420774,3.5076119786481286e-10,0.001552416244521737,not_checked,0.001,not_checked,not_checked,,,
circle_vm2_direct_n800,61,2026691662,True,ok,0.001239763009377448,0.5804231170058545,0.0017770632510490146,2.0208377958856687,1.909809712117714,0.3814281814409918,0.3745939165797332,0.38484875883879716,0.37090459436105566,0.3709045943610555,800.0000000000005,800.0000000000005,0.00125,1.7205892266503042e-10,9.79946184233344,8,-1.769241112122011e-11,3.421742056364252e-16,5.471179065352771e-13,-0.018608490440875314,1.0001864954601016,1.0582935393623092,0.21200295528967908,3.302889073353299e-10,0.0014808750711381435,not_checked,0.001,not_checked,not_checked,,,
circle_vm2_direct_n800,62,2026691663,True,ok,0.0006310197062322498,0.6008169723303696,0.0012659686637147957,1.029336824574937,0.9711107275766109,0.6179747615913305,0.6121977024972676,0.6153553557684825,0.6036167725281845,0.6036167725281842,800.0000000000005,800.0000000000005,0.00125,7.343359254008419e-11,10.619758260174866,8,-2.6769016690797454e-12,6.299214622140781e-17,9.992007221626409e-14,-0.009852647301668349,1.0116643556248255,1.087048293797208,0.20415181420362144,1.537083793579086e-10,0.0013812088873237371,not_checked,0.001,not_checked,not_checked,,,
circle_vm2_direct_n800,63,2026691664,True,ok,0.0006299978457537936,0.5949041354296958,0.0012580113130371542,1.010645529406812,1.000909029014519,0.6010100216475416,0.6002064450875062,0.6062550453688,0.604110423977039,0.6041104239770385,800.0000000000005,800.0000000000005,0.00125,5.59211565942519e-11,11.68443870781767,8,-8.665637651894542e-14,1.0516761073109393e-17,1.7985612998927536e-14,-0.0013244881003707798,0.9697468752446278,1.0103515454128593,0.19515085921394118,1.1590151061113829e-10,0.0013688327744603157,not_checked,0.001,not_checked,not_checked,,,
circle_vm2_direct_n800,64,2026691665,True,ok,0.00020695653798674662,0.6125318407819853,0.0007154539609226984,0.3344149319560901,0.3314728460266846,0.847862048767936,0.8464752364797936,0.847269525509301,0.8474145842186978,0.8474145842186978,800.0000000000005,800.0000000000005,0.00125,1.2498468926480655e-10,11.913427896824285,8,-1.3568031247135348e-14,9.760530057800754e-17,1.56097357262297e-13,-0.001642235588647678,0.9973553750745479,1.0090733064366786,0.192970272955203,2.661308950990815e-10,0.001353248953819275,not_checked,0.001,not_checked,not_checked,,,
circle_vm2_direct_n800,65,2026691666,True,ok,0.0011759414789695999,0.5847510407079417,0.0017029471426905376,1.8871719061096617,1.9078055066101984,0.39152557187386383,0.3904216751450654,0.3852346101388451,0.39033373181580033,0.3903337318158001,800.0000000000005,800.0000000000005,0.00125,4.1761150093577726e-11,11.217990804018362,8,-1.0936676911321719e-12,7.177418381854039e-17,1.1590728377086634e-13,-0.0028327698791503764,0.9891592832447887,1.0174491909045038,0.20894175315372293,8.425082853591448e-11,0.001373999984934926,not_checked,0.001,not_checked,not_checked,,,
circle_vm2_direct_n800,66,2026691667,True,ok,0.00014433209047859386,0.6118407792400054,0.0005824251423729521,0.23084157256422655,0.24695054786889162,0.8904733480078058,0.8905134930945449,0.8838434949460949,0.8909511559423005,0.8909511559423005,800.0000000000005,800.0000000000005,0.00125,1.2109602209875447e-10,12.762677912941458,8,9.169639873796154e-17,6.120321263680673e-17,9.792167077193881e-14,4.488610076187893e-05,0.9014174856938474,1.0985038773438374,0.18404666401971587,2.577507096646059e-10,0.0014008339494466782,not_checked,0.001,not_checked,not_checked,,,
circle_vm2_direct_n800,67,2026691668,True,ok,0.0010278855880236915,0.5936473661399397,0.0015112836807354118,1.6008219954234972,1.8868158325868618,0.41418272660529143,0.423996317932844,0.3892988741741728,0.4394161036954962,0.4394161036954961,800.0000000000005,800.0000000000005,0.00125,5.27534682603914e-11,14.246734193838934,9,-1.222980050563649e-16,-7.936359902593892e-17,-1.2678746941219288e-13,0.02189747270720499,0.8384474055396229,1.0330297168704474,0.16910285859383223,1.0910117254070428e-10,0.0017433739267289639,not_checked,0.001,not_checked,not_checked,,,
circle_vm2_direct_n800,68,2026691669,True,ok,0.0046070089026708505,0.5485698754658532,0.0033210880406866388,7.675098390996084,7.37570382144645,0.03188478764118423,0.027666192830802447,0.025025701787357215,0.025081942297510713,0.025081942297510654,800.0000000000005,800.0000000000005,0.00125,5.775380174100064e-12,7.210260705827719,9,-1.4346163146328195e-15,-8.500145032286355e-17,-1.3944401189291966e-13,-0.15194207336135923,1.034955966398972,1.1035444892954034,0.23159049896698325,1.1153744594594173e-11,0.0015665830578655005,not_checked,0.001,not_checked,not_checked,,,
circle_vm2_direct_n800,69,2026691670,True,ok,0.0010406441444517078,0.5683480467139674,0.001518496582156395,1.6450826182195266,1.9014233828791272,0.42184361978631746,0.42620801628981797,0.3864658810986236,0.43495386301132233,0.4349538630113222,800.0000000000005,800.0000000000005,0.00125,4.0453973504384066e-11,11.73985659905623,8,3.1837254187150332e-12,-2.448128505472269e-16,-3.9035441545820504e-13,0.009974006451603401,0.8284711248728036,1.1124510076001317,0.1807646447989548,8.321010547263086e-11,0.0014025410637259483,not_checked,0.001,not_checked,not_checked,,,
circle_vm2_direct_n800,70,2026691671,True,ok,0.00024963222794749385,0.5948747829434504,0.000828803484194801,0.394242773078079,0.3686834768129232,0.8180627535469964,0.8201908354740782,0.8316515479841293,0.818971673549378,0.8189716735493779,800.0000000000005,800.0000000000005,0.00125,5.585942819408274e-11,12.992994929440709,8,4.460115003018794e-14,1.1037178115902435e-16,1.765254609153999e-13,0.002584395818955698,0.9199203158908633,1.0744112734228954,0.19923430756145152,1.15736531469679e-10,0.0014957489911466837,not_checked,0.001,not_checked,not_checked,,,
circle_vm2_direct_n800,71,2026691672,True,ok,0.0004553732799954524,0.535307299914987,0.0010703343462815404,0.7185185314766337,0.7344236231584105,0.6893663252616513,0.6929226713156895,0.6926629154794453,0.6946837145381255,0.6946837145381255,800.0000000000005,800.0000000000005,0.00125,3.198552533945076e-12,10.462150541462748,8,2.2497298078280603e-13,2.9652929417478546e-16,4.742872761198669e-13,0.005039358258045301,0.9694921659431704,0.9892762048711315,0.2252350775876843,6.2736482675518346e-12,0.00137449917383492,not_checked,0.001,not_checked,not_checked,,,
circle_vm2_direct_n800,72,2026691673,True,ok,0.0034122027566385604,0.5244501174225953,0.002960914655357639,5.568809511458228,5.218556300158333,0.0711917670275986,0.06753194083550651,0.073587643830485,0.06523480031294222,0.06523480031294214,800.0000000000005,800.0000000000005,0.00125,1.6069368058424516e-12,7.772090717773489,9,1.6566609195578508e-16,6.852157730108388e-17,1.0835776720341528e-13,-0.05464255041826416,0.9733419528449101,1.091704841212734,0.22963803287262655,2.9893865161056965e-12,0.0018646668177098036,not_checked,0.001,not_checked,not_checked,,,
circle_vm2_direct_n800,73,2026691674,True,ok,0.0018999879272318942,0.596252673959969,0.0021786402873082635,2.985680791838422,3.0837806214521786,0.2040468851885523,0.20992063684417145,0.21397623731152726,0.21871399932873015,0.21871399932873004,800.0000000000005,800.0000000000005,0.00125,5.953848525308558e-11,13.700182651850861,9,-2.1250362580715887e-17,1.0733601507606494e-16,1.723066134218243e-13,0.02714994586630537,0.9275555929964723,0.9852757799524495,0.18566366432779796,1.2364709256473816e-10,0.0021801250986754894,not_checked,0.001,not_checked,not_checked,,,
circle_vm2_direct_n800,74,2026691675,True,ok,7.791787806854522e-05,0.5514236618256523,0.00043189183530760087,0.12500317361528399,0.13031870499155201,0.9403232572694942,0.9401680136099977,0.9369181512353509,0.9395687341487017,0.9395687341487017,800.0000000000005,800.0000000000005,0.00125,6.6885386118542556e-12,9.791068547279728,8,-1.9336745746278972e-16,-1.7856809780836258e-16,-2.857714065385153e-13,-0.0001672843528057813,0.9262146825575289,1.1077441056894906,0.21852661282341704,1.2971401730510479e-11,0.0017034581396728754,not_checked,0.001,not_checked,not_checked,,,
circle_vm2_direct_n800,75,2026691676,True,ok,0.002220416181852425,0.597611478016677,0.0024078895007598666,3.657290747993957,3.320185298571481,0.18440829624215627,0.17550906074583356,0.1901213646768636,0.16925768779864248,0.16925768779864228,800.0000000000005,800.0000000000005,0.00125,6.334521795992032e-11,9.802603071274122,9,2.654126918244515e-16,1.8388068845354155e-16,2.935429677108914e-13,-0.05231242851503759,0.9230286251633927,1.1807933483265138,0.18643954149117864,1.3195244896735403e-10,0.0016181250102818012,not_checked,0.001,not_checked,not_checked,,,
circle_vm2_direct_n800,76,2026691677,True,ok,0.00034686193275335064,0.581411450741705,0.0009240190441060142,0.5615347508001143,0.557556611578645,0.7630355078077518,0.7606020156004023,0.7567076423244443,0.757683485231161,0.7576834852311609,800.0000000000005,800.0000000000005,0.00125,2.955036215723794e-11,10.325778831205737,8,-8.891867277205368e-14,-5.637851296924623e-18,-8.215650382226158e-15,-0.0032778291973764584,0.9850227635742806,1.0684976292125665,0.21264979999993303,6.003886277028414e-11,0.0014038749504834414,not_checked,0.001,not_checked,not_checked,,,
circle_vm2_direct_n800,77,2026691678,True,ok,4.172946269975775e-05,0.5779558625340964,0.00030462107751097803,0.06679921972808373,0.07532447122277255,0.9678301755823004,0.9678149734371149,0.9630381659607216,0.9671675118350842,0.9671675118350841,800.0000000000005,800.0000000000005,0.00125,2.5038748852068693e-11,11.050616875246503,8,5.8140341499535175e-18,8.876905287225068e-18,1.4432899320127035e-14,-1.6039704235644436e-05,0.875218885009175,1.1904770019694781,0.19606124012152357,5.057776419903348e-11,0.0016755831893533468,not_checked,0.001,not_checked,not_checked,,,
circle_vm2_direct_n800,78,2026691679,True,ok,0.00033439165793858194,0.5626710810029101,0.0009008075732682446,0.5378121099967709,0.5495825540706828,0.7641084619142239,0.7630389392187269,0.7597306799170358,0.76528013216332,0.7652801321633199,800.0000000000005,800.0000000000005,0.00125,1.1814105249641216e-11,10.048610993823441,8,-1.216398943376662e-14,1.1275702593849246e-16,1.8030021919912542e-13,-0.0013927286475197143,0.9782538669742452,1.01058361803113,0.2173504457103416,2.3314683517128287e-11,0.001945208990946412,not_checked,0.001,not_checked,not_checked,,,
circle_vm2_direct_n800,79,2026691680,True,ok,0.0020977809364250977,0.5666021694197674,0.002223723985508202,3.270412355053246,3.65685067635629,0.17687877236329785,0.18488144723991096,0.16066636387800656,0.18670513045475146,0.18670513045475134,800.0000000000005,800.0000000000005,0.00125,1.4370171719235714e-11,12.914073389854016,9,2.246466901389965e-16,2.5760643618255585e-16,4.107825191113079e-13,0.043018571613456125,0.8814405370356414,1.0571927036581272,0.19772541734607404,2.8524516082484297e-11,0.0016850840765982866,not_checked,0.001,not_checked,not_checked,,,
circle_vm2_direct_n800,80,2026691681,True,ok,0.0024544404072666115,0.5619059768541663,0.0025562815675773563,3.858277973345654,3.773483610756311,0.13057241055671345,0.13530572710654187,0.1515648329395195,0.140358933612471,0.1403589336124709,800.0000000000005,800.0000000000005,0.00125,1.137079319590839e-11,12.021133797716303,9,1.0625181290357943e-16,3.0791341698588326e-17,5.0182080713057076e-14,0.034413339140463295,0.9035702610001216,1.0253538104343976,0.1968049166479565,2.2416069000996686e-11,0.0015212919097393751,not_checked,0.001,not_checked,not_checked,,,
circle_vm2_direct_n800,81,2026691682,True,ok,9.987552421586443e-05,0.593078773174502,0.0005065364886944163,0.15933729938629893,0.15623722800824433,0.9244812545496255,0.9246918465776339,0.9248547193157718,0.9232082754685895,0.9232082754685895,800.0000000000005,800.0000000000005,0.00125,5.13306064320318e-11,12.039321117483428,8,5.07000040908534e-17,-2.5912431922403556e-17,-4.1522341120980855e-14,0.00023176967954212369,0.9880503980458286,1.0478907150010945,0.20672256032571815,1.0615197609809002e-10,0.001837833784520626,not_checked,0.001,not_checked,not_checked,,,
circle_vm2_direct_n800,82,2026691683,True,ok,0.0023286717341659546,0.5488056917602164,0.002378542174398962,3.744280050478465,3.8087419006821692,0.16082231930906193,0.15937799151910836,0.1489162889057141,0.15521603048915103,0.15521603048915086,800.0000000000005,800.0000000000005,0.00125,5.845435246953912e-12,9.639504171292783,9,3.7513395167998453e-16,3.131175874138137e-16,5.013767179207207e-13,-0.009202637906467581,0.9810237389522255,1.0579334020610762,0.22811740470745565,1.1292300428067392e-11,0.0017959161195904016,not_checked,0.001,not_checked,not_checked,,,
circle_vm2_direct_n800,83,2026691684,True,ok,0.001082440247593297,0.5763704165410184,0.0017417249538350848,1.697279349447478,1.5807602774353555,0.41067608341879386,0.4180315058061377,0.45367230409121995,0.42065081896877343,0.4206508189687732,800.0000000000005,800.0000000000005,0.00125,1.1159928536841335e-10,12.795483516237454,8,1.2016316977905839e-11,2.229119666630197e-16,3.566036355096003e-13,0.017312523350899056,0.8766965141047934,1.0749679576331765,0.191769661354036,2.3761126399790555e-10,0.0017673748079687357,not_checked,0.001,not_checked,not_checked,,,
circle_vm2_direct_n800,84,2026691685,True,ok,0.0007351082518105567,0.5114428031544964,0.0013447204870616976,1.1571981609928472,1.2140455687124232,0.5434662311757363,0.5488370560394211,0.5449709522537911,0.555388949127857,0.5553889491278566,800.0000000000005,800.0000000000005,0.00125,1.505939817292301e-11,9.788784587724235,8,1.2898012735976239e-12,-1.4517467089580904e-16,-2.3292479056635784e-13,0.0094875209520221,0.9176029008528697,1.012855412794184,0.22389143574780532,2.8722579870077425e-11,0.0014397921040654182,not_checked,0.001,not_checked,not_checked,,,
circle_vm2_direct_n800,85,2026691686,True,ok,0.0007894124428302618,0.5658234477374218,0.0013798825338379576,1.269637878503793,1.3099930221003349,0.5357412603021213,0.5340040419022051,0.519443874897507,0.5317775829268996,0.5317775829268994,800.0000000000005,800.0000000000005,0.00125,1.3812728738571423e-11,10.201237604673647,8,-3.353751738127686e-13,9.812029660993815e-17,1.5631940186722204e-13,-0.003288984987686705,0.9441376932026375,1.0829313953601925,0.20824800228992485,2.741118443339019e-11,0.0014387918636202812,not_checked,0.001,not_checked,not_checked,,,
circle_vm2_direct_n800,86,2026691687,True,ok,0.0003270176894214494,0.5478331449872009,0.000919478384292898,0.5260687250219622,0.5042864925166327,0.7720865495945216,0.7710036029952447,0.777133408642374,0.7698079956426102,0.76980799564261,800.0000000000005,800.0000000000005,0.00125,5.5596638404153964e-12,9.460478970007092,8,-1.0543974547638779e-14,-5.323432666903827e-17,-8.504308368628699e-14,-0.0014202109738214452,0.9349746439001112,1.0932638326490267,0.21800918365719715,1.0722756016434687e-11,0.00136141711845994,not_checked,0.001,not_checked,not_checked,,,
circle_vm2_direct_n800,87,2026691688,True,ok,0.0024116663891411427,0.5883141307116457,0.0026832185223275742,3.926210124541572,3.14577613488377,0.1566041936276529,0.1517231632040013,0.2074452006502646,0.14524502845896223,0.14524502845896206,800.0000000000005,800.0000000000005,0.00125,4.1054160071496426e-11,10.293710649901508,9,-3.139849491518021e-16,-2.688821387764051e-16,-4.3076653355456074e-13,-0.03377195095787067,0.8058911514162594,1.2786413139656239,0.16993892489550796,8.42546032941982e-11,0.0015430408529937267,not_checked,0.001,not_checked,not_checked,,,
circle_vm2_direct_n800,88,2026691689,True,ok,0.0010892995918594384,0.5867465223761246,0.001680922871966301,1.7729404510621205,1.665629377407333,0.43666298124080827,0.43048959346412186,0.4348236689958652,0.41834882977334553,0.4183488297733453,800.0000000000005,800.0000000000005,0.00125,1.0379830328588469e-10,10.171128700429854,8,-9.931281057945496e-12,1.2880321809127793e-16,2.0650148258027912e-13,-0.015030552043509116,0.9176183810319603,1.19660679839184,0.20220079541011374,2.01979100111771e-10,0.0013512496370822191,not_checked,0.001,not_checked,not_checked,,,
circle_vm2_direct_n800,89,2026691690,True,ok,0.0001304384639015943,0.5477052946509362,0.0005590553465558943,0.20755756621040916,0.2193793923400087,0.8989320029744295,0.8994571073747053,0.8961121591934608,0.9009092290501758,0.9009092290501757,800.0000000000005,800.0000000000005,0.00125,5.5108140273318895e-12,10.283416403739421,8,3.7448343037649323e-16,-3.290553593493506e-17,-5.284661597215745e-14,0.0005719880160709179,0.9205027859210426,1.0418084822425613,0.2066386925293446,1.0652145832068527e-11,0.001758958213031292,not_checked,0.001,not_checked,not_checked,,,
circle_vm2_direct_n800,90,2026691691,True,ok,0.00025002798959650185,0.6151016194219787,0.0007491913061170199,0.39800527570801475,0.44761301720065566,0.8167217574054713,0.8175646185199572,0.7994698099372068,0.818712420528493,0.818712420528493,800.0000000000005,800.0000000000005,0.00125,1.4030243633555983e-10,13.381710863990488,8,6.3759761359527545e-15,1.0625181290357943e-17,1.687538997430238e-14,0.0010197538231942194,0.8797740251652242,1.1079900484467806,0.17674872707232062,2.9964830616791005e-10,0.0014441658277064562,not_checked,0.001,not_checked,not_checked,,,
circle_vm2_direct_n800,91,2026691692,True,ok,5.6069817026216384e-05,0.5633420853912505,0.0003789424985682023,0.08932013904861738,0.08840248011383657,0.9561057250126093,0.956293052536964,0.9567613993800272,0.9561352953408854,0.9561352953408854,800.0000000000005,800.0000000000005,0.00125,1.2217338252185073e-11,10.817494905907205,8,8.390369562322197e-17,6.69494841509799e-17,1.0724754417879012e-13,0.00019578409666444474,0.931936684233291,1.0714390845423503,0.21480536147269094,2.413824695679523e-11,0.0016412921249866486,not_checked,0.001,not_checked,not_checked,,,
circle_vm2_direct_n800,92,2026691693,True,ok,0.002359134135363483,0.5976283360097483,0.0024157844924209285,3.802535805947891,3.802247251750976,0.16139500510228044,0.1592494445190178,0.14940065443437842,0.1514791468151997,0.1514791468151995,800.0000000000005,800.0000000000005,0.00125,6.347311565235714e-11,11.532428987228233,9,1.5872719805187785e-16,1.6132928326584306e-16,2.566835632933362e-13,-0.013960594683157801,0.8986036217315632,1.172453869412685,0.19010662807832646,1.320594744669279e-10,0.0016287511680275202,not_checked,0.001,not_checked,not_checked,,,
circle_vm2_direct_n800,93,2026691694,True,ok,0.0005751468755359479,0.5796690690561721,0.0012104984605821574,0.9153148952920352,0.914072089791617,0.6301359208275077,0.6316925560318718,0.6331575175546942,0.6312094737656018,0.6312094737656017,800.0000000000005,800.0000000000005,0.00125,2.720113023713111e-11,11.656632456481136,8,1.1082801343320625e-13,1.1687699419393738e-16,1.8784973576657649e-13,0.0024600527827409735,0.9176390419140782,1.0800755162443194,0.19291448809838446,5.5077720162444166e-11,0.0013840836472809315,not_checked,0.001,not_checked,not_checked,,,
circle_vm2_direct_n800,94,2026691695,True,ok,0.000482888960649408,0.5497577700560858,0.001079622023788219,0.7735215861327122,0.7950970282429642,0.6823491255130878,0.6820457096731227,0.6719653420485647,0.6795590353984928,0.6795590353984926,800.0000000000005,800.0000000000005,0.00125,6.139533326177116e-12,9.866520719520917,8,-7.655443119702898e-15,4.996003610813204e-16,7.989164885202626e-13,-0.0004496245468294524,0.964318197328948,1.05891138475649,0.22686652975788937,1.1875833649810374e-11,0.0018969587981700897,not_checked,0.001,not_checked,not_checked,,,
circle_vm2_direct_n800,95,2026691696,True,ok,0.003177136465421837,0.5423987566423218,0.0028134048991423142,5.234119233856808,4.961573022605574,0.09135091696527292,0.08512775948498125,0.08367738649372743,0.07873171865122253,0.07873171865122242,800.0000000000005,800.0000000000005,0.00125,4.1912029402624285e-12,7.711408233141102,9,1.0104764247564901e-16,3.2656169435263394e-16,5.222489107836736e-13,-0.07535044459093321,0.9610022608415646,1.1613559367061776,0.2290881846854858,8.01581023779363e-12,0.0015257908962666988,not_checked,0.001,not_checked,not_checked,,,
circle_vm2_direct_n800,96,2026691697,True,ok,0.0007503860204680635,0.5652977580275045,0.0014072920932111789,1.2225290420225563,1.1154553668037277,0.5598683599754386,0.5539765658773022,0.5725085075001617,0.5486421802410293,0.5486421802410291,800.0000000000005,800.0000000000005,0.00125,3.3061664517219924e-11,9.220941185197251,8,-2.93477373479456e-12,-1.1785277614917433e-16,-1.8740564655672642e-13,-0.010955704636827046,0.9685129286589919,1.1044954121706319,0.21780741256775474,6.249356587773036e-11,0.0015395830851048231,not_checked,0.001,not_checked,not_checked,,,
circle_vm2_direct_n800,97,2026691698,True,ok,0.0002239198018307853,0.5633621934929378,0.0007530010115378724,0.36197751353654267,0.3514366093172957,0.8383219924789693,0.8367944479988787,0.8388542513923971,0.8359923292610185,0.8359923292610185,800.0000000000005,800.0000000000005,0.00125,1.2232326263017512e-11,9.698250720362793,8,-1.3892722692740445e-14,-1.6696713456276768e-17,-2.6423307986078726e-14,-0.0018529153036429824,0.9535252652374965,1.0817193746390916,0.2145324699257626,2.4160895506497582e-11,0.0017215828411281109,not_checked,0.001,not_checked,not_checked,,,
circle_vm2_direct_n800,98,2026691699,True,ok,0.0023248894488303584,0.5811778694711878,0.0022943213052628725,3.59627315093797,4.228987527950853,0.13940407774329555,0.14877105386651712,0.12069437393034452,0.15568639880992996,0.15568639880992977,800.0000000000005,800.0000000000005,0.00125,2.92350588182444e-11,14.35452957242001,9,2.3722343533982837e-16,1.6089560239684886e-16,2.55351295663786e-13,0.06177498359530276,0.8354845736707254,1.0525322149326994,0.1794588490247546,5.935141267343624e-11,0.0016912498977035284,not_checked,0.001,not_checked,not_checked,,,
circle_vm2_direct_n800,99,2026691700,True,ok,0.0009712908486012584,0.5875980477349452,0.0015913678625629915,1.550545102589963,1.5033712583510723,0.45645121657142873,0.4572623410534064,0.47157098859960367,0.4597682692725049,0.4597682692725046,800.0000000000005,800.0000000000005,0.00125,3.9704128873552236e-11,11.786404987336132,8,3.278950461843566e-13,-9.86623976961809e-18,-1.5987211554602254e-14,0.0017601275860256171,0.9364002989648748,1.0470104473506288,0.1928260551132664,8.136735729635802e-11,0.0014404170215129852,not_checked,0.001,not_checked,not_checked,,,
circle_vm2_direct_n800,100,2026691701,True,ok,0.0009349230349566806,0.5959889829831093,0.0014808126604263653,1.4574695862035865,1.6247124592654385,0.45145900758860624,0.4607665322204262,0.44381111238116033,0.47334137490405137,0.47334137490405104,800.0000000000005,800.0000000000005,0.00125,1.5244228102062607e-10,14.274014104088115,8,1.7843327943661835e-11,-1.437652080715779e-16,-2.2937207688755734e-13,0.0192036348635517,0.889519533883754,0.9931653737004325,0.17865651096717516,3.342142118611946e-10,0.001325082965195179,not_checked,0.001,not_checked,not_checked,,,
circle_vm2_direct_n800,101,2026691702,True,ok,0.002353065989291192,0.5592295719088203,0.002420842092886129,3.7936412789116796,3.7554180611965124,0.15272404950362228,0.15054965869876433,0.15294008576385165,0.1522162926828933,0.1522162926828932,800.0000000000005,800.0000000000005,0.00125,9.942824341635514e-12,9.838967466000433,9,2.3201926491189795e-16,1.7997756063259374e-16,2.886579864025407e-13,-0.014367848022885044,0.9817215490903846,1.0218471278433647,0.21452479831890178,1.9515278282256077e-11,0.0014500420074909925,not_checked,0.001,not_checked,not_checked,,,
circle_vm2_direct_n800,102,2026691703,True,ok,0.00045322254571678044,0.5876068382983846,0.0011345840885450128,0.7239179436527498,0.6427739139888239,0.6837594189690823,0.6842017129167985,0.7251425976931416,0.6958800074684369,0.6958800074684368,800.0000000000005,800.0000000000005,0.00125,3.972122630813146e-11,11.702193782212959,8,1.2379474615548114e-14,9.784924606681678e-17,1.5631940186722204e-13,0.0006190647470497024,0.7795554557031249,1.158236771984365,0.1595471410511042,8.140110807630663e-11,0.0013633330818265676,not_checked,0.001,not_checked,not_checked,,,
circle_vm2_direct_n800,103,2026691704,True,ok,0.0007097014802739388,0.6037955820147685,0.001360473553391045,1.1111411293144933,1.1124248580686356,0.5536288686190656,0.5606991556132237,0.5733766610872594,0.5667929643249212,0.5667929643249209,800.0000000000005,800.0000000000005,0.00125,8.427247788489467e-11,14.295969373997917,8,4.823424428965217e-12,-1.485356976305141e-17,-2.3092638912203256e-14,0.012190619561904703,0.9099214750315353,1.0125183416461643,0.18461517536061972,1.7696066834105295e-10,0.001579625066369772,not_checked,0.001,not_checked,not_checked,,,
circle_vm2_direct_n800,104,2026691705,True,ok,0.00047712780250463993,0.5844822040151012,0.0010809018851699723,0.7686453334871642,0.7728008577457371,0.6853210823268545,0.6835458113563452,0.6794983804259587,0.6826983018228578,0.6826983018228577,800.0000000000005,800.0000000000005,0.00125,3.422162553334829e-11,10.842510120868207,8,-8.803949323038518e-14,-1.1281123604711674e-16,-1.8118839761882555e-13,-0.002620424739869953,0.974418012470863,1.0469323090364162,0.20256241072041828,6.985323430797052e-11,0.0013692500069737434,not_checked,0.001,not_checked,not_checked,,,
circle_vm2_direct_n800,105,2026691706,True,ok,0.001777579694033804,0.5695055200927543,0.0021471333763890717,2.9005539238417404,2.668364743029966,0.26272885487082054,0.2558746898858504,0.26337342906309524,0.24121569271764773,0.24121569271764745,800.0000000000005,800.0000000000005,0.00125,1.6559087434586672e-11,9.305682275474142,9,-6.396792817664476e-17,8.391724815037804e-17,1.3322676295501878e-13,-0.0282132066938261,0.9632517078637346,1.167829387061436,0.21917128564114044,3.306865892227506e-11,0.0014653338585048914,not_checked,0.001,not_checked,not_checked,,,
circle_vm2_direct_n800,106,2026691707,True,ok,0.0007950233367581827,0.5599845406714439,0.0014107407929321632,1.250329111026516,1.2920204250196035,0.5197275712212674,0.5255638375285432,0.5241327890697574,0.5293959341085167,0.5293959341085164,800.0000000000005,800.0000000000005,0.00125,2.930045095439482e-11,11.763614507845123,8,2.6659215199981157e-12,-2.203098814490545e-16,-3.532729664357248e-13,0.010854113893288497,0.9415947037993124,1.0027242502173257,0.20522068936885682,6.016231957062246e-11,0.0018469991628080606,not_checked,0.001,not_checked,not_checked,,,
circle_vm2_direct_n800,107,2026691708,True,ok,0.00020908927017160295,0.5926348932198777,0.0007213213565784358,0.3321984379302356,0.33836807465354596,0.8439669759688848,0.844970833691137,0.8443534965257894,0.8459699702728644,0.8459699702728642,800.0000000000005,800.0000000000005,0.00125,5.0310089427796356e-11,12.38185389563457,8,4.946048995715935e-15,-1.1731067506293158e-16,-1.8740564655672642e-13,0.0011721971721646296,0.9512260165592715,1.021988485595701,0.19226869315575557,1.0390333038401423e-10,0.0014253330882638693,not_checked,0.001,not_checked,not_checked,,,
circle_vm2_direct_n800,108,2026691709,True,ok,0.002045235224332753,0.6135010702338479,0.0021245144503057056,3.179359734203398,3.7896075807165204,0.18234106647725923,0.19130128917594788,0.15034783184675038,0.194720870454228,0.19472087045422787,800.0000000000005,800.0000000000005,0.00125,1.3061685066872997e-10,15.728346795871472,9,1.209969624493823e-16,3.5431726996826285e-16,5.657696533489798e-13,0.04650831236450448,0.8261445113376068,1.0994843702689128,0.16820005115167583,2.783300256936627e-10,0.0018850420601665974,not_checked,0.001,not_checked,not_checked,,,
circle_vm2_direct_n800,109,2026691710,True,ok,0.002264829328450846,0.5941948555816947,0.002332069561841912,3.75322840693024,3.606900382008551,0.1848888652854757,0.17407114988390138,0.16472955819785742,0.16334945738068643,0.16334945738068626,800.0000000000005,800.0000000000005,0.00125,5.410782932813163e-11,9.217632800989376,9,-2.1510571102112408e-16,2.992397996059992e-17,4.884981308350689e-14,-0.06475074070444231,1.035259390862252,1.1117098553724394,0.2091740800695003,1.1201906069402412e-10,0.0016509168781340122,not_checked,0.001,not_checked,not_checked,,,
circle_vm2_direct_n800,110,2026691711,True,ok,0.0001830712596324613,0.5541528603290584,0.0006727383672111118,0.2935351485609498,0.29525836169464253,0.8652003982746601,0.8649348033162774,0.8627509802197524,0.8637628666836487,0.8637628666836485,800.0000000000005,800.0000000000005,0.00125,7.688183423226747e-12,9.944449025128247,8,-1.669129244541434e-16,1.6886448836461732e-16,2.6978419498391304e-13,-0.0003105665745057884,0.9713822809910264,1.0531177758115038,0.22476699154667124,1.497379997772441e-11,0.001885083969682455,not_checked,0.001,not_checked,not_checked,,,
circle_vm2_direct_n800,111,2026691712,True,ok,0.0017333766607297019,0.6040703668644043,0.0019823845500049945,2.8640274604039826,2.9769408977579297,0.264535941975617,0.25332296684899547,0.22571763830449923,0.24989827883403865,0.24989827883403845,800.0000000000005,800.0000000000005,0.00125,8.532663464677626e-11,9.84248998975627,9,-2.6150956400350367e-16,-2.209604027525458e-16,-3.5349501104064984e-13,-0.045312401618228915,0.9432884744659965,1.1456017807991248,0.18728805085419664,1.7926704565240925e-10,0.0016393749974668026,not_checked,0.001,not_checked,not_checked,,,
circle_vm2_direct_n800,112,2026691713,True,ok,0.0028101375745199775,0.6179033647722636,0.002500596988836207,4.5747334001796816,4.928293907581802,0.12201834602897475,0.11766678434430017,0.08508138978117163,0.1055986111678587,0.10559861116785853,800.0000000000005,800.0000000000005,0.00125,1.587079356824006e-10,11.727513079962852,9,4.423544863740858e-17,6.201636426617085e-17,9.769962616701378e-14,-0.03925664047385746,0.9120486579692128,1.2240454991203709,0.18775723946646036,3.4076474975108795e-10,0.0016915418673306704,not_checked,0.001,not_checked,not_checked,,,
circle_vm2_direct_n800,113,2026691714,True,ok,9.403228475535208e-05,0.5455211318823627,0.0004942893667804169,0.15001057338114868,0.14535517957899494,0.9270313982823735,0.9272373342669936,0.9299005911455109,0.9275339997089407,0.9275339997089406,800.0000000000005,800.0000000000005,0.00125,4.931166586175095e-12,10.002436089102025,8,-9.363441012127938e-17,-9.580281446625039e-17,-1.532107773982716e-13,0.00022054111370736762,0.9474359609079038,1.040347032635238,0.21335463355040288,9.477529872015111e-12,0.0018487910274416208,not_checked,0.001,not_checked,not_checked,,,
circle_vm2_direct_n800,114,2026691715,True,ok,0.0010345318612163812,0.6090199768324724,0.0016291465600004437,1.6817859643342676,1.5753059355883696,0.4537624549342695,0.44805163622721134,0.4549112346275239,0.43708592042265637,0.43708592042265626,800.0000000000005,800.0000000000005,0.00125,1.0681366902076661e-10,11.278202940806791,8,-8.517782833228349e-12,7.632783294297951e-17,1.2145839889399213e-13,-0.013267493194028424,1.0190909529136623,1.0761523937011688,0.20464246945214923,2.2607071770153198e-10,0.0014098749961704016,not_checked,0.001,not_checked,not_checked,,,
circle_vm2_direct_n800,115,2026691716,True,ok,0.0010183794692093517,0.5597036497333712,0.0016285118037768608,1.6479984280816926,1.540941435006081,0.45091477155713955,0.44683846112127323,0.46279517124384273,0.44277055601004356,0.44277055601004334,800.0000000000005,800.0000000000005,0.00125,3.5138114640176354e-11,9.499400304559707,8,-2.659101020971444e-12,2.992397996059992e-17,4.6407322429331543e-14,-0.00929563867336447,0.9631321071076431,1.0848124511652462,0.2170810781489248,6.660982876383059e-11,0.0017964160069823265,not_checked,0.001,not_checked,not_checked,,,
circle_vm2_direct_n800,116,2026691717,True,ok,0.003467764772162596,0.6131503815459858,0.002868687588000634,5.24607187607094,6.149330266959993,0.04783129430758934,0.056380773964343295,0.04620509833183617,0.062398638813551344,0.06239863881355121,800.0000000000005,800.0000000000005,0.00125,1.2860190690133777e-10,18.62703349387871,9,4.0314973581701e-15,3.426078865054194e-16,5.488942633746774e-13,0.15117587969460855,0.817717672375888,1.0024618338190363,0.16001536924452003,2.7385693712744796e-10,0.0017998761031776667,not_checked,0.001,not_checked,not_checked,,,
circle_vm2_direct_n800,117,2026691718,True,ok,0.002092062925194149,0.5742782966867712,0.002330780184627961,3.306440626046184,3.2419706775105968,0.1755675910315032,0.17933005694160575,0.19770379786341627,0.18756115248573565,0.1875611524857354,800.0000000000005,800.0000000000005,0.00125,2.095013051928163e-11,12.104120116090415,9,3.3957212042246e-16,3.204901621867151e-16,5.124789481669723e-13,0.02043002713222819,0.9045936663637861,1.0198867829580682,0.1915200637464708,4.207545423184911e-11,0.0017832908779382706,not_checked,0.001,not_checked,not_checked,,,
circle_vm2_direct_n800,118,2026691719,True,ok,0.0014659373908973983,0.6147940755365304,0.0018896996971939695,2.343698204108363,2.4131136705353247,0.31565192494850225,0.315931440664062,0.2992257914377186,0.30951463169204374,0.3095146316920435,800.0000000000005,800.0000000000005,0.00125,1.383877457072913e-10,13.064038872055425,8,4.623222377847513e-13,-7.958043946043603e-17,-1.2878587085651816e-13,0.0009008106637378166,0.9681422516571883,1.06692804779482,0.19968856491408565,2.9543278934340833e-10,0.0016480418853461742,not_checked,0.001,not_checked,not_checked,,,
circle_vm2_direct_n800,119,2026691720,True,ok,0.000848121612444519,0.5561765225360014,0.001531709199933507,1.380776746491898,1.196271589992842,0.527541319896677,0.5216704683996627,0.549835687716564,0.507378863100709,0.507378863100709,800.0000000000005,800.0000000000005,0.00125,4.021660782171921e-11,8.927841501273209,8,-3.6109145187812608e-12,3.3772897672923463e-16,5.409006575973763e-13,-0.011891083290333504,0.9617576513609885,1.1668432284437078,0.2242172029541784,7.477596319915847e-11,0.00145595776848495,not_checked,0.001,not_checked,not_checked,,,
circle_vm2_direct_n800,120,2026691721,True,ok,0.0028937244208417923,0.5771203383792076,0.00265321085781851,4.44052647850069,4.920074725291659,0.08245487825576284,0.09130041541943354,0.08543175895113825,0.09876820510748767,0.09876820510748752,800.0000000000005,800.0000000000005,0.00125,2.4041102442140527e-11,14.916657304462172,9,1.8735013540549517e-16,-1.3227266504323154e-16,-2.078337502098293e-13,0.09471629742309018,0.8744322781798126,0.9801380886036168,0.18908987295458057,4.8511639150206065e-11,0.0015544171910732985,not_checked,0.001,not_checked,not_checked,,,
circle_vm2_direct_n800,121,2026691722,True,ok,0.0016293418917610047,0.6051052819811309,0.0019446409435497625,2.5343015862671314,2.8569175338688404,0.24743868991608187,0.2572378564669857,0.23967803744081193,0.2715867923829425,0.27158679238294225,800.0000000000005,800.0000000000005,0.00125,8.931355655050766e-11,15.109642750314414,9,-1.3856103764364747e-16,-7.28583859910259e-17,-1.1723955140041653e-13,0.03632272027523875,0.8618975491360136,1.0064347949298402,0.1691723754182538,1.882152211862831e-10,0.0017167909536510706,not_checked,0.001,not_checked,not_checked,,,
circle_vm2_direct_n800,122,2026691723,True,ok,0.00023264549068646723,0.5838549124837482,0.0007296864680992622,0.3765064356620348,0.4031284926180956,0.8300652593592253,0.8282925614219159,0.81745105765973,0.8301769629454347,0.8301769629454346,800.0000000000005,800.0000000000005,0.00125,3.3235192375968836e-11,10.459723754188142,8,-2.4282876057157843e-14,1.0028870095490916e-18,1.1102230246251565e-15,-0.002136825281843502,0.9328416379504502,1.0699759390138983,0.19230026267875297,6.773226424172663e-11,0.001931541133671999,not_checked,0.001,not_checked,not_checked,,,
circle_vm2_direct_n800,123,2026691724,True,ok,0.0013251286636351,0.5994502968040314,0.0017405565363261735,2.1089110696888147,2.3289248750974565,0.3510482110579115,0.35300525409278516,0.3120903850202075,0.3464201511541378,0.34642015115413755,800.0000000000005,800.0000000000005,0.00125,8.326295208860301e-11,12.66525316359274,8,3.2988375486125987e-12,-4.466912950640278e-17,-7.061018436615996e-14,0.005647396063673371,0.9049683371175623,1.1261275571974445,0.19433174248181012,1.7716228484232488e-10,0.0017324578948318958,not_checked,0.001,not_checked,not_checked,,,
circle_vm2_direct_n800,124,2026691725,True,ok,6.488563739726061e-05,0.5610821892751556,0.0003981425011216781,0.10354558097332438,0.1067638726320683,0.9494750315023259,0.9496037425530554,0.9480178608779575,0.9494157249922128,0.9494157249922128,800.0000000000005,800.0000000000005,0.00125,1.0898615343535312e-11,10.589780286045942,8,4.312414141061094e-17,3.098107707877329e-17,4.951594689828198e-14,0.0001357194311463264,0.9487301441992283,1.0565025729806117,0.21979643686579528,2.148237143728693e-11,0.0014856250490993261,not_checked,0.001,not_checked,not_checked,,,
circle_vm2_direct_n800,125,2026691726,True,ok,0.001730915757757856,0.6016014213262748,0.0019674028040538,2.6960244805050397,3.144869921016355,0.2334659329337343,0.24261362561890348,0.2075392168071213,0.2503907437719831,0.25039074377198295,800.0000000000005,800.0000000000005,0.00125,7.618472519510533e-11,14.792611777304256,9,-4.119968255444917e-17,2.0209528495129803e-16,3.197442310920451e-13,0.03672036595376582,0.8561272918043537,1.0503393570873483,0.17528036753204135,1.5952905663141337e-10,0.001917166169732809,not_checked,0.001,not_checked,not_checked,,,
circle_vm2_direct_n800,126,2026691727,True,ok,0.001277830122025092,0.5552357991826207,0.001792114027419732,2.090634831441875,1.999046261523112,0.37260794934938235,0.36441833588341344,0.3680549133957208,0.3597794415598198,0.35977944155981945,800.0000000000005,800.0000000000005,0.00125,8.117506666849295e-12,8.563625615239683,9,-3.642919299551295e-17,-7.37257477290143e-18,-1.1546319456101628e-14,-0.023053318100863196,0.951144657363733,1.1234585052591544,0.212833182000026,1.584887776573396e-11,0.0017790421843528748,not_checked,0.001,not_checked,not_checked,,,
circle_vm2_direct_n800,127,2026691728,True,ok,0.0005808537753480003,0.5581583576793423,0.00123768126502011,0.9439184219052397,0.8659295888557353,0.6388062049536689,0.6343412669813959,0.6485833251500808,0.628334242840042,0.6283342428400419,800.0000000000005,800.0000000000005,0.00125,1.0622946966520885e-11,9.126556290492587,8,-8.210051562207443e-13,-8.912141857830846e-17,-1.425526363618701e-13,-0.007276190674219307,0.9715821699466742,1.105536661612813,0.22620268743351638,1.9979573551154317e-11,0.0017190410289913416,not_checked,0.001,not_checked,not_checked,,,
circle_vm2_direct_n800,128,2026691729,True,ok,2.9024149128309418e-05,0.5931027086112501,0.00027938328440483005,0.04623743311825081,0.0435069676202698,0.9771468363600535,0.977244713985562,0.9784814168331132,0.9770481747487443,0.9770481747487443,800.0000000000005,800.0000000000005,0.00125,5.1387782917799996e-11,12.144581401842562,8,-1.5482745836271905e-16,-1.4535085374883794e-16,-2.324807013565078e-13,0.00010060274352214141,0.9289095464013418,1.085879026429422,0.19847226156029882,1.0627454472000863e-10,0.0014873759355396032,not_checked,0.001,not_checked,not_checked,,,
circle_vm2_direct_n800,129,2026691730,True,ok,0.0019751481026730744,0.5562303416384411,0.002168402965333626,3.1284401399889945,3.3131062230603163,0.2007513606444301,0.20401542401387007,0.19079549878302643,0.2059506952804626,0.20595069528046245,800.0000000000005,800.0000000000005,0.00125,8.545497642842292e-12,11.113295563739028,9,-1.1752751549742868e-16,-1.0972125985553305e-16,-1.7852386235972517e-13,0.015898412143963148,0.9204255706724975,1.048544833376904,0.2074711714176327,1.6695533844313104e-11,0.001564833102747798,not_checked,0.001,not_checked,not_checked,,,
circle_vm2_direct_n800,130,2026691731,True,ok,0.0002948837409444405,0.5655413729437708,0.0008451220261066168,0.4674577240161244,0.49157831601089486,0.7873551788260931,0.7890948802337061,0.7820871043481079,0.7898541326730478,0.7898541326730478,800.0000000000005,800.0000000000005,0.00125,1.3628986827995959e-11,11.325112073975665,8,2.3974637379520214e-14,-7.296680620827445e-17,-1.163513729807164e-13,0.00217813074749032,0.9423866089747797,1.0329324848265102,0.2106890827055322,2.701971979490736e-11,0.0015349581371992826,not_checked,0.001,not_checked,not_checked,,,
circle_vm2_direct_n800,131,2026691732,True,ok,4.984742108637974e-05,0.5190231750981162,0.0003420136215430552,0.07946640075586436,0.08522787697550152,0.9604355212133657,0.9605762460831928,0.9582812741812969,0.9609067232772863,0.9609067232772862,800.0000000000005,800.0000000000005,0.00125,1.1943779298917434e-12,9.099968981180307,8,2.861616109003928e-17,3.9302328752599536e-17,6.306066779870889e-14,0.00014473649117163062,0.9291306469083936,1.0501999209525847,0.2221743232012803,2.2026824808563106e-12,0.0017191250808537006,not_checked,0.001,not_checked,not_checked,,,
circle_vm2_direct_n800,132,2026691733,True,ok,0.00033902498247262436,0.5848929290754574,0.0009147193314100697,0.5440945781688796,0.5477897033388567,0.7679085575680469,0.7672903526598913,0.7604120271126041,0.7624487499208026,0.7624487499208025,800.0000000000005,800.0000000000005,0.00125,3.491285038847991e-11,11.164404477266569,8,-8.046948524187414e-15,-1.7553233172540317e-16,-2.8133051444001467e-13,-0.0008273031063401604,0.9714847763763503,1.0852884498731445,0.21309630891813203,7.127720635935475e-11,0.001744499895721674,not_checked,0.001,not_checked,not_checked,,,
circle_vm2_direct_n800,133,2026691734,True,ok,0.000651692546194349,0.5384979694900218,0.001287327101669829,1.0340664206328096,1.0345247891819709,0.5845216263199371,0.5871281680657778,0.5961503404846185,0.5937160899333153,0.593716089933315,800.0000000000005,800.0000000000005,0.00125,4.066524894597023e-12,10.184428336550209,8,2.3597150709125936e-13,-9.920449878242366e-17,-1.574296248918472e-13,0.004320826639074737,0.9353812164932847,1.0074647486517694,0.2181163081993189,7.985168082313976e-12,0.0014369171112775803,not_checked,0.001,not_checked,not_checked,,,
circle_vm2_direct_n800,134,2026691735,True,ok,0.001329808189621584,0.5282635076263522,0.0017419164085121963,2.078458474843638,2.380278807837009,0.32776556829126036,0.33631324373699933,0.30417885738629813,0.3451257099347797,0.3451257099347795,800.0000000000005,800.0000000000005,0.00125,1.9768631176475537e-12,10.977488573962956,9,1.233822072288504e-16,1.1839487723541708e-16,1.8918200339612667e-13,0.024617314275448887,0.8625483873881483,1.0489341092356557,0.2032908139937144,3.699485162655947e-12,0.0015566239599138498,not_checked,0.001,not_checked,not_checked,,,
circle_vm2_direct_n800,135,2026691736,True,ok,0.0009120232493364799,0.5720067756709455,0.0013639003579391034,1.4255170497643461,1.8179362177978364,0.45909215763138445,0.4673779524629691,0.4029397995758629,0.48209282549005894,0.4820928254900586,800.0000000000005,800.0000000000005,0.00125,9.4710461695513e-11,12.819326491344475,8,1.0378119370824113e-11,-6.049848122469115e-17,-9.658940314238862e-14,0.01686007458701133,0.7836111811321242,1.1078482120792548,0.166104192614977,2.0006796219718126e-10,0.0014278339222073555,not_checked,0.001,not_checked,not_checked,,,
circle_vm2_direct_n800,136,2026691737,True,ok,0.005131212938982221,0.5501938023597126,0.003523633624332844,8.566010722731162,8.060141173171148,0.023050327357510468,0.019590692999828012,0.01777307536867611,0.01649050775511498,0.01649050775511493,800.0000000000005,800.0000000000005,0.00125,6.27875529346511e-12,7.1463560241945085,9,-3.714042962066344e-15,-2.3071822230491534e-16,-3.659295089164516e-13,-0.1780350101798014,1.0050986425097106,1.1671975602959002,0.22670338976520862,1.2153611450571589e-11,0.0015587499365210533,not_checked,0.001,not_checked,not_checked,,,
circle_vm2_direct_n800,137,2026691738,True,ok,0.0020086866671769066,0.6188706219306945,0.002178877079509927,3.1399101637940277,3.429971929495219,0.1847863540162905,0.192087203377436,0.17996624656707896,0.20049833555495325,0.2004983355549531,800.0000000000005,800.0000000000005,0.00125,1.6582002437814936e-10,15.516622061807585,9,9.280770596475918e-17,-8.673617379884035e-18,-1.3322676295501878e-14,0.03699425184451233,0.8686389289450606,1.0358371025389481,0.1658639728580575,3.561710926192063e-10,0.0023673749528825283,not_checked,0.001,not_checked,not_checked,,,
circle_vm2_direct_n800,138,2026691739,True,ok,0.00014411705216565984,0.5850166322915309,0.000600407341604581,0.23087893288413952,0.2306030838624689,0.8912797422315903,0.8911500129150162,0.8910974001591514,0.8911044400334878,0.8911044400334878,800.0000000000005,800.0000000000005,0.00125,3.512901081137443e-11,11.30672836757731,8,1.496198998029996e-16,2.270048298641525e-16,3.6348701826227625e-13,-0.00014582470954181692,0.9508906603735361,1.0550791536543873,0.1985873518421467,7.171152560658811e-11,0.0015575829893350601,not_checked,0.001,not_checked,not_checked,,,
circle_vm2_direct_n800,139,2026691740,True,ok,0.0007540027594103993,0.6381175317063799,0.0014012224469181062,1.1767188231714325,1.1851521445576767,0.5334718556346774,0.5417820712759505,0.5529011353035842,0.5470570381340185,0.5470570381340183,800.0000000000005,800.0000000000005,0.00125,9.776535137007158e-11,16.721998158375037,9,1.082031653946297e-11,6.483528991463317e-17,1.0391687510491465e-13,0.014842795942603515,0.9208459362134058,1.0002388169175798,0.1791367694772013,2.2720048065139054e-10,0.0015453738160431385,not_checked,0.001,not_checked,not_checked,,,
circle_vm2_direct_n800,140,2026691741,True,ok,0.0022102201996581083,0.6095527251580735,0.0022867769170159206,3.5748411525031605,3.7380510565901552,0.177750764469564,0.17445494621018992,0.15427392416394223,0.1706439324599054,0.17064393245990517,800.0000000000005,800.0000000000005,0.00125,1.0938094874290982e-10,11.811786609739423,9,-1.8257964584655895e-16,-2.6237692574149207e-16,-4.241051954068098e-13,-0.019244416525092456,0.9205018666855369,1.1281564381988543,0.1838548231589913,2.317561698106374e-10,0.0016695011872798204,not_checked,0.001,not_checked,not_checked,,,
circle_vm2_direct_n800,141,2026691742,True,ok,0.007733387827182359,0.5778263114501592,0.004412370880120128,12.719066638901358,11.780682019592831,0.002808265573371079,0.002383642155922369,0.0027660332916191145,0.002056581250933816,0.0020565812509338094,800.0000000000005,800.0000000000005,0.00125,2.487932082573252e-11,9.390416965223599,9,-1.825969930813187e-14,8.673617379884035e-18,1.4210854715202004e-14,-0.17282305770478867,1.02357524930506,1.0809565871970095,0.21526278211325797,5.024936022834936e-11,0.0018346670549362898,not_checked,0.001,not_checked,not_checked,,,
circle_vm2_direct_n800,142,2026691743,True,ok,0.00024683075557097034,0.5779206137307715,0.0007535998430575044,0.39502241129265514,0.431650178742528,0.8230698839161126,0.8230320903319001,0.8058762458676672,0.8208091931008306,0.8208091931008304,800.0000000000005,800.0000000000005,0.00125,2.5001334336138825e-11,11.083084735879742,8,-2.9680034471790684e-16,-1.1796119636642288e-16,-1.8851586958135158e-13,-4.660118955118753e-05,0.8972197694997505,1.1446079776611624,0.19905603437354882,5.0488724312458544e-11,0.001893332926556468,not_checked,0.001,not_checked,not_checked,,,
circle_vm2_direct_n800,143,2026691744,True,ok,0.001551502413119632,0.5974370089326506,0.0018352754335151785,2.4093473218058428,2.8912926981002522,0.2616354001329847,0.27212956533355614,0.23559375153607967,0.2890366071663755,0.2890366071663754,800.0000000000005,800.0000000000005,0.00125,6.286093867657883e-11,14.799562164265458,9,-2.252972114424878e-16,-2.5110122314764283e-16,-3.9968028886505635e-13,0.03652826959278488,0.8330625052944278,1.021516896910166,0.1681654160086334,1.3085887928809825e-10,0.0018973341211676598,not_checked,0.001,not_checked,not_checked,,,
circle_vm2_direct_n800,144,2026691745,True,ok,0.0003058381307587954,0.511310327717706,0.0008843745064141393,0.49365173089505493,0.47551584096300603,0.7842948977185482,0.782618425807952,0.7883935219188937,0.782962478273963,0.7829624782739629,800.0000000000005,800.0000000000005,0.00125,7.764899834228345e-13,7.9903856525405565,8,-1.6599677361839316e-14,-8.02851708725516e-17,-1.2878587085651816e-13,-0.002155360840491005,0.9441018480266008,1.0735457688338046,0.23111462577381267,1.4146461779773745e-12,0.0018785828724503517,not_checked,0.001,not_checked,not_checked,,,
circle_vm2_direct_n800,145,2026691746,True,ok,0.004204392846072658,0.5488404304459846,0.0031436721787389626,6.442330189746672,7.355863195358905,0.02578381422992554,0.030078543365357882,0.025275200087704664,0.03461340386971375,0.034613403869713684,800.0000000000005,800.0000000000005,0.00125,5.857536677922326e-12,13.731018306153965,9,1.2906342661267445e-15,1.8908485888147197e-16,2.9753977059954195e-13,0.14234918198479196,0.848949107585459,0.9857969114372441,0.18955548724470556,1.1314504888559895e-11,0.0017588329501450062,not_checked,0.001,not_checked,not_checked,,,
circle_vm2_direct_n800,146,2026691747,True,ok,1.294500189930048e-06,0.579467272612034,5.72215421812985e-05,0.0020727092257158,0.002066367701467112,0.998947018705576,0.9989462519885455,0.9989673496999334,0.9989649358968333,0.9989649358968333,800.0000000000005,800.0000000000005,0.00125,2.6848745449115086e-11,11.09585197053222,7,-2.163271579420532e-14,1.178256710948622e-16,1.8851586958135158e-13,-7.544609138610599e-07,0.886336407034738,1.0901452149581072,0.18590723858433822,5.452349682855129e-11,0.0013484579976648092,not_checked,0.001,not_checked,not_checked,,,
circle_vm2_direct_n800,147,2026691748,True,ok,0.0006653741844675487,0.5688597656737995,0.0012820862403666894,1.0514673855890244,1.089602402308515,0.5833989116471539,0.5872893231283225,0.5799570666758049,0.5872531170543872,0.5872531170543871,800.0000000000005,800.0000000000005,0.00125,1.606648147856049e-11,11.761061737963033,8,7.227193019390676e-13,-9.324138683375338e-17,-1.4921397450962104e-13,0.006565654779527086,0.9648828907668349,1.0110731376515607,0.20959773608563162,3.200151255100536e-11,0.0015938328579068184,not_checked,0.001,not_checked,not_checked,,,
circle_vm2_direct_n800,148,2026691749,True,ok,0.002649426641097019,0.5383225994107605,0.0024541215678203308,4.091641666941885,4.761832203976372,0.10199208578999552,0.11039224647238441,0.09246583056662705,0.12008669810262441,0.12008669810262426,800.0000000000005,800.0000000000005,0.00125,3.383293645242702e-12,12.443353602865983,9,-3.8163916471489756e-17,8.153200337090993e-17,1.305622276959184e-13,0.07372047940667414,0.8569969237565682,0.9991406637194258,0.1958359640034123,6.430411758628907e-12,0.0016960829962044954,not_checked,0.001,not_checked,not_checked,,,
circle_vm2_direct_n800,149,2026691750,True,ok,0.0004877773337268465,0.6287812031446243,0.0011054555641500062,0.7908987961839788,0.7776963688216262,0.6767656372426474,0.6732391988179072,0.6778371684520814,0.6769066745959469,0.6769066745959469,800.0000000000005,800.0000000000005,0.00125,7.586264949566157e-12,12.479081047087744,9,-5.299954268858653e-13,4.412702842016003e-17,7.083222897108499e-14,-0.005227531110511996,0.8966346072765838,1.1115798794797476,0.16557785181265358,1.5899725980261792e-11,0.0014865421690046787,not_checked,0.001,not_checked,not_checked,,,
circle_vm2_direct_n800,150,2026691751,True,ok,0.0021361595366140573,0.5307630249304487,0.0023005622279651085,3.5053935114180685,3.3572066915428285,0.19478868300140512,0.18679618927335306,0.18663445790034774,0.1810598518284503,0.18105985182845008,800.0000000000005,800.0000000000005,0.00125,2.261968390371294e-12,7.552590691281509,9,-1.196959198423997e-16,-7.45931094670027e-17,-1.199040866595169e-13,-0.04376912641778752,1.0432239562944252,1.046134351250215,0.24264908873323066,4.249267604450324e-12,0.0016332499217242002,not_checked,0.001,not_checked,not_checked,,,
circle_vm2_direct_n800,151,2026691752,True,ok,4.489643930205567e-05,0.5178786163364515,0.00032942943573162294,0.07171610914700971,0.07457810267904655,0.9645869132613873,0.964644136655599,0.9633976237252824,0.9647202158514505,0.9647202158514505,800.0000000000005,800.0000000000005,0.00125,1.1198819649393954e-12,8.92098606580315,8,-8.001412032943023e-17,-7.200457678019356e-17,-1.1524114995609125e-13,5.9096868139700554e-05,0.9407605092277758,1.0547752212634316,0.23602653198091947,2.0614621121239907e-12,0.0014099578838795424,not_checked,0.001,not_checked,not_checked,,,
circle_vm2_direct_n800,152,2026691753,True,ok,0.0007360396198090591,0.5972847366837386,0.0014763151863671977,1.1519837322382864,1.0235065656033284,0.5507053032537583,0.5578966421144307,0.5994436626641704,0.5549752860608602,0.5549752860608599,800.0000000000005,800.0000000000005,0.00125,6.24721385733551e-11,13.971024496824556,8,5.403381735102908e-12,-3.583288180064592e-16,-5.733191699164308e-13,0.01283982972810438,0.860473498645477,1.1261411564091324,0.18455535389177147,1.2990608588836494e-10,0.0017735417932271957,not_checked,0.001,not_checked,not_checked,,,
circle_vm2_direct_n800,153,2026691754,True,ok,0.0026809808699526094,0.5798617728473334,0.0025554488599124937,4.26645078549854,4.386256951729858,0.1162062928888193,0.11756167962042705,0.1115671668845287,0.11709324497880017,0.1170932449788,800.0000000000005,800.0000000000005,0.00125,2.7410407277272952e-11,11.80967812757222,9,8.500145032286355e-17,7.112366251504909e-17,1.1191048088221578e-13,0.01155930321281895,0.970670856412241,1.0222129774659343,0.21068582016399792,5.5605520188350965e-11,0.001656792126595974,not_checked,0.001,not_checked,not_checked,,,
circle_vm2_direct_n800,154,2026691755,True,ok,0.0006665849271081381,0.6295433865659408,0.001296068383654294,1.0714558745446865,1.0518076193878838,0.5829669858589579,0.5815177835883305,0.5910209524337189,0.5866845825267247,0.5866845825267245,800.0000000000005,800.0000000000005,0.00125,8.349654301298415e-12,13.310803012155759,9,-2.9064402794209965e-13,-1.9949319973733282e-17,-3.2862601528904634e-14,-0.0024599955858324307,0.9582749170474676,1.0188426236437027,0.17670004636575232,1.7873480473440395e-11,0.0016004578210413456,not_checked,0.001,not_checked,not_checked,,,
circle_vm2_direct_n800,155,2026691756,True,ok,0.0006944631665879442,0.5712251418035594,0.0013185154681260765,1.1292028295557603,1.093884681790587,0.5809919444810194,0.5758870638967926,0.5787166260045575,0.573744827286687,0.5737448272866867,800.0000000000005,800.0000000000005,0.00125,2.1123103266518228e-11,9.58968048276976,8,-1.7495544943346708e-12,-9.107298248878237e-18,-1.5987211554602254e-14,-0.009030881507524513,0.9873810172623825,1.0597829397184908,0.21100139696620984,4.043476664605805e-11,0.0015065409243106842,not_checked,0.001,not_checked,not_checked,,,
circle_vm2_direct_n800,156,2026691757,True,ok,0.0009054590088002357,0.6404931433811767,0.0015104875181057098,1.4874152813810904,1.4138459083787407,0.498708526709039,0.48955173785549516,0.49315933906367015,0.48463114312161815,0.48463114312161804,800.0000000000005,800.0000000000005,0.00125,5.551115123125783e-16,12.067338537904332,10,7.448468924975415e-17,1.0072238182390336e-16,1.6209256159527285e-13,-0.019340433650356204,0.9254121878874424,1.1659410874472151,0.16953324801429706,1.3322676295501878e-15,0.002022957894951105,not_checked,0.001,not_checked,not_checked,,,
circle_vm2_direct_n800,157,2026691758,True,ok,0.0006522334153273857,0.5620562152974586,0.0013099320701841124,1.0244424895889463,1.0103311429966586,0.5845603805129105,0.590340174170886,0.6034056603764376,0.5934592473391493,0.5934592473391491,800.0000000000005,800.0000000000005,0.00125,2.015398958832293e-11,11.935768303349302,8,1.7976872161012958e-12,2.9067460244336374e-16,4.660716257376407e-13,0.009565487467435685,0.9216402671845024,1.0240516696030344,0.20811090044218777,4.150524368640163e-11,0.0016027498058974743,not_checked,0.001,not_checked,not_checked,,,
circle_vm2_direct_n800,158,2026691759,True,ok,0.00027349806835741397,0.5850381490463032,0.000844147565074936,0.4398758871220903,0.41805156170067426,0.8054946190545986,0.8045879123631684,0.8113743174539225,0.8034836401983767,0.8034836401983767,800.0000000000005,800.0000000000005,0.00125,3.515077118265708e-11,10.989267133369399,8,-7.430362748694908e-15,-1.8875959822972632e-16,-3.019806626980426e-13,-0.0011394888751138643,0.9573758579448222,1.0684555070137018,0.2025165135840766,7.178746486147247e-11,0.0014461670070886612,not_checked,0.001,not_checked,not_checked,,,
circle_vm2_direct_n800,159,2026691760,True,ok,0.0016744238831480907,0.5048090538289256,0.0020209226333497534,2.6816875767716177,2.76282222055436,0.2670479735017677,0.26670634193562404,0.2512237983359007,0.26196637935740924,0.2619663793574091,800.0000000000005,800.0000000000005,0.00125,6.17248474554799e-11,8.382717243235126,8,-6.978933490137118e-13,1.3595895242968226e-16,2.1804780203638074e-13,-0.0013046818673356775,0.897819355218231,1.1360108065797572,0.2273156176680704,1.1059797522250392e-10,0.0014350817073136568,not_checked,0.001,not_checked,not_checked,,,
circle_vm2_direct_n800,160,2026691761,True,ok,0.0021054015074006838,0.5947479616647147,0.0023123753628504127,3.4025459973030006,3.2728916853034358,0.19186438408207443,0.1887074213496226,0.1946707045176955,0.18557035327093668,0.18557035327093652,800.0000000000005,800.0000000000005,0.00125,5.527256430326588e-11,11.15579776338123,9,1.3010426069826053e-16,1.981921571303502e-16,3.170796958329447e-13,-0.016951792730952375,0.9591363834985112,1.081912246290472,0.20029065664739817,1.1503464847351097e-10,0.0013423329219222069,not_checked,0.001,not_checked,not_checked,,,
circle_vm2_direct_n800,161,2026691762,True,ok,0.0010165932804702127,0.5434615855880618,0.0016457425576381103,1.631968067992914,1.5209454429742026,0.44451946357791083,0.4433227718238726,0.4674454032865132,0.44340370569717824,0.44340370569717824,800.0000000000005,800.0000000000005,0.00125,1.471067712088825e-11,9.492280521405238,8,-4.3334758524637973e-13,-1.5460722979643293e-16,-2.4646951146678475e-13,-0.0027094096202864293,0.9074134575024223,1.1045358340614226,0.20804228536228603,2.7719160300421208e-11,0.0014551659114658833,not_checked,0.001,not_checked,not_checked,,,
circle_vm2_direct_n800,162,2026691763,True,ok,0.0003299713522453285,0.6020213112900845,0.0009141457519042753,0.5352921973156776,0.5130921243209915,0.7732364643530623,0.7704775851962713,0.7737193545535629,0.7679911404324412,0.7679911404324411,800.0000000000005,800.0000000000005,0.00125,7.765876830490015e-11,11.094298233648852,8,-1.3879143060530064e-13,2.824346659324739e-17,4.4853010194856324e-14,-0.0036690168615758356,1.009192053539662,1.0440004917911136,0.2057021324990244,1.627324941466668e-10,0.0012587918899953365,not_checked,0.001,not_checked,not_checked,,,
circle_vm2_direct_n800,163,2026691764,True,ok,0.0020558766795679695,0.5592799592969615,0.0023866287277580327,3.372528980046416,2.8914339460011647,0.21555092082103294,0.2074321486750072,0.23557711356217007,0.1930702158292192,0.19307021582921902,800.0000000000005,800.0000000000005,0.00125,9.96736027047973e-12,8.55183231685362,9,-3.469446951953614e-18,1.6046192152785466e-17,2.531308496145357e-14,-0.041563146368831516,0.9043142353767163,1.2454488207807504,0.21010621777181918,1.956657058599376e-11,0.001349167199805379,not_checked,0.001,not_checked,not_checked,,,
circle_vm2_direct_n800,164,2026691765,True,ok,0.0011905931830615835,0.5482109421521828,0.0017202551276707836,1.9411775022002702,1.8724691760001777,0.4027554807490119,0.39585627420170677,0.3921014828010069,0.3857851979331912,0.385785197933191,800.0000000000005,800.0000000000005,0.00125,1.2259859794028216e-10,8.546922286662824,8,-1.2473045166161434e-11,-4.098284211995207e-17,-6.461498003318411e-14,-0.01811420465086777,0.9801996867947376,1.1169037142727896,0.23018497965793913,2.2361135165738233e-10,0.0012215832248330116,not_checked,0.001,not_checked,not_checked,,,
circle_vm2_direct_n800,165,2026691766,True,ok,7.378012262782008e-05,0.5314417969276692,0.0004353403644598234,0.1181171151514551,0.11524452070897545,0.9429285094471216,0.9428961624618226,0.9440064687653118,0.9426840519867006,0.9426840519867006,800.0000000000005,800.0000000000005,0.00125,2.346345340242806e-12,9.219417899806096,8,7.90247858470372e-17,7.635493799729165e-17,1.2212453270876722e-13,-3.445947347145012e-05,0.933537970701869,1.0804976526932275,0.22097182430599338,4.411582210650522e-12,0.0012298331130295992,not_checked,0.001,not_checked,not_checked,,,
circle_vm2_direct_n800,166,2026691767,True,ok,0.0029514576463649522,0.5541064660495989,0.0026253138457699907,4.53798298150109,5.2047683318440034,0.07830281221613603,0.0864574178161168,0.0740967086072759,0.09431018233294179,0.09431018233294167,800.0000000000005,800.0000000000005,0.00125,7.669753721017969e-12,13.565391512756758,9,-9.454242944073599e-17,-9.107298248878237e-18,-1.509903313490213e-14,0.09217462634141826,0.8541478871423672,0.9982574246300449,0.19143751150787836,1.4939161019356106e-11,0.0013490829151123762,not_checked,0.001,not_checked,not_checked,,,
circle_vm2_direct_n800,167,2026691768,True,ok,1.7285724454030316e-06,0.5823566540213354,6.732918311221553e-05,0.0027632634639714283,0.00264485687819767,0.9986108861637779,0.9986121170781677,0.9986784455840693,0.9986180977511546,0.9986180977511546,800.0000000000005,800.0000000000005,0.00125,3.0924818261723885e-11,11.356331483010587,7,4.8684362137919705e-14,1.3681953790409263e-16,2.1893598045608087e-13,1.2262243367119723e-06,0.9280584215885994,1.0663482603803571,0.19637760718312103,6.291300813643375e-11,0.0011082920245826244,not_checked,0.001,not_checked,not_checked,,,
circle_vm2_direct_n800,168,2026691769,True,ok,0.00020774017698754754,0.5803029744474102,0.0007302087423668747,0.3347421149221565,0.3212611457940827,0.8494532419237658,0.848470682789114,0.851606619568538,0.8468834970139173,0.8468834970139172,800.0000000000005,800.0000000000005,0.00125,2.804234622288959e-11,10.630300009875802,8,-5.023271295451215e-15,-3.116810195352704e-16,-4.984901380566953e-13,-0.0011789158710401315,0.9834916318129228,1.0547920183284734,0.21354729738547265,5.6834981165820864e-11,0.0012175827287137508,not_checked,0.001,not_checked,not_checked,,,
circle_vm2_direct_n800,169,2026691770,True,ok,0.00022850442120114778,0.5081635411888081,0.0007591768605695328,0.36242247270708255,0.3652542973924907,0.8301238742842811,0.831471168335943,0.8330787123217989,0.8329317799723485,0.8329317799723485,800.0000000000005,800.0000000000005,0.00125,6.508127370352668e-13,9.11116553923419,8,6.237686148852228e-15,1.4647571350279165e-16,2.3447910280083306e-13,0.0015923006073770563,0.9636695499288697,1.0003668261178582,0.2412656597164207,1.1797229859666913e-12,0.0012166248634457588,not_checked,0.001,not_checked,not_checked,,,
circle_vm2_direct_n800,170,2026691771,True,ok,0.0004846675044292148,0.525739994024446,0.001113527091708261,0.782738441967278,0.7493920408762732,0.6860706141290662,0.6836515712753792,0.6874982324420231,0.6785928225459057,0.6785928225459057,800.0000000000005,800.0000000000005,0.00125,1.7245094241502557e-12,8.414146959259869,8,-9.924309637976414e-14,1.6105823272272168e-16,2.582378755278114e-13,-0.003635217440266958,0.998760910731509,1.060156374264751,0.24475851839826265,3.213651567079978e-12,0.001218792051076889,not_checked,0.001,not_checked,not_checked,,,
circle_vm2_direct_n800,171,2026691772,True,ok,4.736801637461596e-05,0.6191894875963497,0.00032744398215879403,0.07622355804559973,0.08351401556208378,0.9617210677221479,0.9615057872824788,0.9591028067787887,0.9628145961331505,0.9628145961331503,800.0000000000005,800.0000000000005,0.00125,1.6811729786070373e-10,12.610395119635939,8,-1.5990626791445584e-16,-1.391573488385145e-16,-2.227107387398064e-13,-0.00021736592310707403,0.9067237782446297,1.0394902417523766,0.17149917096946501,3.613929155932283e-10,0.0012101263273507357,not_checked,0.001,not_checked,not_checked,,,
circle_vm2_direct_n800,172,2026691773,True,ok,9.464415241722257e-05,0.5704215694331387,0.0004899892328861814,0.15162833610070064,0.15022658304684047,0.9271973455190998,0.9271058656966511,0.9276383868091983,0.9270800883637075,0.9270800883637075,800.0000000000005,800.0000000000005,0.00125,1.7349233161212396e-11,10.661895359932863,8,1.3254371558635292e-16,1.5181540920228276e-16,2.431388423929093e-13,-9.884611657222375e-05,0.920184494148907,1.0900822813281528,0.19811944786004337,3.4641178814354134e-11,0.0012243760284036398,not_checked,0.001,not_checked,not_checked,,,
circle_vm2_direct_n800,173,2026691774,True,ok,0.004132890592396077,0.568780596315098,0.0030974047587791743,6.460009502478205,7.236021495219598,0.03303972463726326,0.035729499080232666,0.026836007022222566,0.03665107667306484,0.036651076673064775,800.0000000000005,800.0000000000005,0.00125,1.5997092539521418e-11,12.949333352434966,9,2.5500435096859064e-16,2.1250362580715887e-16,3.375077994860476e-13,0.07630772267776065,0.8880516306378041,1.0465166532435697,0.2014095528323839,3.187472508159317e-11,0.0013456251472234726,not_checked,0.001,not_checked,not_checked,,,
circle_vm2_direct_n800,174,2026691775,True,ok,0.0009148764555395594,0.6016008321278123,0.001506369621706509,1.4712800387906855,1.4715831450859693,0.4814159448913187,0.47962151880070325,0.4791260458056933,0.48099367221953715,0.48099367221953704,800.0000000000005,800.0000000000005,0.00125,7.620104547356732e-11,11.814888117778056,8,-8.459746575137372e-13,3.445594504158933e-16,5.511147094239277e-13,-0.003738854963694749,0.996399875523005,1.006015604579433,0.1975174820770089,1.595266141407592e-10,0.0012220419012010098,not_checked,0.001,not_checked,not_checked,,,
circle_vm2_direct_n800,175,2026691776,True,ok,0.0012554248321829942,0.5507558701396105,0.0016726870092285255,1.968165703870914,2.2763114122145414,0.34362955347951496,0.35109646909242576,0.32040940633895765,0.3662863531803097,0.36628635318030944,800.0000000000005,800.0000000000005,0.00125,1.4755063837412763e-10,11.65956321555024,8,1.642625835698852e-11,1.5894403848637495e-16,2.540190280342358e-13,0.02025701381093903,0.8553297817571498,1.028843127572002,0.191404264666619,3.0208324730551794e-10,0.0012131240218877792,not_checked,0.001,not_checked,not_checked,,,
circle_vm2_direct_n800,176,2026691777,True,ok,0.001991971344659005,0.5511778554887967,0.002298764630035035,3.137050086899022,3.1115239959518797,0.19740456980063947,0.20247844488736955,0.21102851805588654,0.20319745748618978,0.2031974574861896,800.0000000000005,800.0000000000005,0.00125,6.604383706587669e-12,11.369525257606941,9,-3.122502256758253e-17,4.336808689942018e-17,6.927791673660977e-14,0.025052032277693703,0.8730309621466354,1.0936285889898254,0.2030182886413537,1.2803536009187155e-11,0.001341249793767929,not_checked,0.001,not_checked,not_checked,,,
circle_vm2_direct_n800,177,2026691778,True,ok,0.0005884306853272125,0.5777585072216382,0.0011688823400612437,0.9238144674362401,1.0303962938528743,0.6088779914009752,0.6145711627713044,0.5973822134406901,0.6245370971229268,0.6245370971229266,800.0000000000005,800.0000000000005,0.00125,2.4805935083804798e-11,12.689103918853737,8,1.5669525139233587e-12,-3.859759734048396e-17,-6.283862319378386e-14,0.008837314543650276,0.8754920226873826,1.0266692741085675,0.18403066603038137,5.0081938596235887e-11,0.001219624886289239,not_checked,0.001,not_checked,not_checked,,,
circle_vm2_direct_n800,178,2026691779,True,ok,0.0025510274099909136,0.5451258660924141,0.002586737264796396,4.170393061415259,3.799357711706301,0.14294361563620983,0.13704837971254918,0.1496166600228488,0.129921880550529,0.12992188055052875,800.0000000000005,800.0000000000005,0.00125,4.832578781588381e-12,8.30736188288658,9,-1.48318857196017e-16,-6.678685382510707e-17,-1.0480505352461478e-13,-0.04437460271489746,0.9517257176549693,1.1467059334932963,0.2259572279450192,9.281464485866309e-12,0.0013223341666162014,not_checked,0.001,not_checked,not_checked,,,
circle_vm2_direct_n800,179,2026691780,True,ok,0.0010741063644201798,0.5695181258263715,0.0016859108240629803,1.740086860425628,1.60036262752915,0.42880617394596554,0.42428986441724037,0.44924750197653196,0.4234647126355794,0.42346471263557905,800.0000000000005,800.0000000000005,0.00125,5.1839643688822434e-11,9.806065911081298,8,-4.176112580744906e-12,-2.862293735361732e-17,-4.39648317751562e-14,-0.010758338676669754,0.9390015051859244,1.0940156361158402,0.20183128841375225,9.94446747171196e-11,0.0012306240387260914,not_checked,0.001,not_checked,not_checked,,,
circle_vm2_direct_n800,180,2026691781,True,ok,0.00208350380078981,0.5466653820929201,0.0022859976350249243,3.3277246408662395,3.312487278822082,0.1879919213987975,0.1885470523230265,0.19085455380782335,0.1888498468789379,0.18884984687893777,800.0000000000005,800.0000000000005,0.00125,5.2311488474288126e-12,10.062919991112317,9,-1.6306400674181987e-16,-1.43982048506075e-16,-2.3092638912203256e-13,0.002940720198729041,0.9861312365516061,1.0084406965559731,0.22186000577372325,1.0075273948473296e-11,0.0013310839422047138,not_checked,0.001,not_checked,not_checked,,,
circle_vm2_direct_n800,181,2026691782,True,ok,0.0009143872943571107,0.5619201490558869,0.0015033206849349267,1.4304618689270518,1.5022862434735567,0.462092709718536,0.4700992580204829,0.47182688877641976,0.4811819358003916,0.48118193580039137,800.0000000000005,800.0000000000005,0.00125,8.178868693420327e-11,12.278593968407035,8,8.771863877626851e-12,1.7780915628762273e-16,2.8421709430404007e-13,0.016278901022163117,0.9278889348232724,0.9674935351905725,0.20523082695607073,1.6996093421539626e-10,0.0012161671184003353,not_checked,0.001,not_checked,not_checked,,,
circle_vm2_direct_n800,182,2026691783,True,ok,0.00025237090214380586,0.5514911816888077,0.0007759083468861913,0.40425035414848237,0.42278996743739206,0.8168499614607483,0.8166630141443962,0.8094542824680118,0.8171793204629226,0.8171793204629225,800.0000000000005,800.0000000000005,0.00125,6.709965916229521e-12,9.92269792735496,8,-7.536289300946741e-16,-1.7146657357858253e-16,-2.744471316873387e-13,-0.00022845535919638338,0.9557475793283999,1.0419390786431164,0.2239732527483152,1.301692087452011e-11,0.00121674919500947,not_checked,0.001,not_checked,not_checked,,,
circle_vm2_direct_n800,183,2026691784,True,ok,0.0001045929143212998,0.5435490249162249,0.0004957283496015735,0.1667747435092956,0.17890874764076303,0.9188718962739075,0.9191385284703959,0.9144299861193077,0.919730734695382,0.9197307346953819,800.0000000000005,800.0000000000005,0.00125,4.450106949605015e-12,9.966468616652769,8,2.392021043046144e-16,1.971079549578647e-16,3.157474282033945e-13,0.00028695970239207835,0.9195487818229002,1.0633691904203433,0.21183605812474668,8.525846695306427e-12,0.0012146250810474157,not_checked,0.001,not_checked,not_checked,,,
circle_vm2_direct_n800,184,2026691785,True,ok,0.002085987460358485,0.5891803707882572,0.0022105425920050715,3.436014208707151,3.4587060017894795,0.200440689098627,0.1911683818715098,0.17739914993883094,0.1884749884271799,0.18847498842717977,800.0000000000005,800.0000000000005,0.00125,4.274713916174733e-11,9.43344152249663,9,-9.280770596475918e-17,-8.066464163292153e-17,-1.305622276959184e-13,-0.04921713606678657,0.9927875835841924,1.0842018184297544,0.2033024758083026,8.788747507537664e-11,0.0013312078081071377,not_checked,0.001,not_checked,not_checked,,,
circle_vm2_direct_n800,185,2026691786,True,ok,0.00044471701897008664,0.580741606470474,0.0010876740694317805,0.7183198613601263,0.6604554785655327,0.706579870206604,0.7042490045116986,0.7187600248986502,0.700631214557049,0.700631214557049,800.0000000000005,800.0000000000005,0.00125,2.8639091098625613e-11,10.46989810410157,8,-1.2081113019701828e-13,-9.557242150459722e-17,-1.5232259897857148e-13,-0.0033863155039935977,0.9507601482743118,1.1025678273216943,0.20581685453166199,5.8083537979314315e-11,0.0013354159891605377,not_checked,0.001,not_checked,not_checked,,,
circle_vm2_direct_n800,186,2026691787,True,ok,0.0005447973288144059,0.5750318975267652,0.0011121792760267122,0.8562202668850892,0.977896260112732,0.630721159042068,0.6358894022221051,0.6132711365082244,0.6467225750600818,0.6467225750600818,800.0000000000005,800.0000000000005,0.00125,2.171984814225425e-11,12.466926824075351,8,1.0313349566720698e-12,-1.8192912454306764e-16,-2.90878432451791e-13,0.007727729608980327,0.8461280905722187,1.0539210818964433,0.1788174785829194,4.370059869529541e-11,0.0012728748843073845,not_checked,0.001,not_checked,not_checked,,,
circle_vm2_direct_n800,187,2026691788,True,ok,0.0016669798531125934,0.5669884702247836,0.0021012101168592,2.728617971513274,2.460264975029446,0.27720206067047004,0.269145335124614,0.29225385512885443,0.2635311023480008,0.2635311023480006,800.0000000000005,800.0000000000005,0.00125,1.4647949519996928e-11,8.978597209547694,9,1.476683358925257e-16,4.92227786308419e-17,7.771561172376096e-14,-0.030725103266561637,0.9557965948682966,1.125520534910097,0.20958313882864024,2.9092728226487452e-11,0.0013576243072748184,not_checked,0.001,not_checked,not_checked,,,
circle_vm2_direct_n800,188,2026691789,True,ok,0.0018218767863937835,0.5753930270390228,0.002118021780410557,2.95070473449255,2.9230126931475744,0.23912589531577555,0.23497461762628097,0.23188670976210546,0.23281725903722078,0.23281725903722056,800.0000000000005,800.0000000000005,0.00125,2.210998051310753e-11,10.109550204070857,9,-3.165870343657673e-16,-2.5392014879610514e-16,-4.076738946423575e-13,-0.017850938131247274,0.9768921283301195,1.0609747628398032,0.2177673637010332,4.4499071094605824e-11,0.0013685000594705343,not_checked,0.001,not_checked,not_checked,,,
circle_vm2_direct_n800,189,2026691790,True,ok,4.140104355032648e-05,0.5755142900241608,0.00032011060850148967,0.06615127810317872,0.06701599753831247,0.9674677109384364,0.9675113744612546,0.9670471760133427,0.9674216542849966,0.9674216542849966,800.0000000000005,800.0000000000005,0.00125,2.2248647368883212e-11,11.097663555301004,8,6.958545068283528e-17,7.115076756936123e-17,1.1368683772161603e-13,4.5195788671840986e-05,0.9866748885878432,1.0164211937297214,0.21214265531329085,4.477018755721929e-11,0.0012404578737914562,not_checked,0.001,not_checked,not_checked,,,
circle_vm2_direct_n800,190,2026691791,True,ok,0.00041413784307220425,0.5595677609309662,0.001006886860398033,0.6624161251768516,0.6849026458525435,0.7159116220730393,0.715985318446331,0.710027680614133,0.7179823628884998,0.7179823628884997,800.0000000000005,800.0000000000005,0.00125,1.0108358594607125e-11,10.364431668872138,8,7.341132909899351e-16,-1.8919327909872052e-16,-3.035349749325178e-13,0.00010221186933778714,0.8609318397858082,1.1378311183248018,0.1937213720847791,1.9860779687519425e-11,0.0012382080312818289,not_checked,0.001,not_checked,not_checked,,,
circle_vm2_direct_n800,191,2026691792,True,ok,0.0013977419096926624,0.6161994410223519,0.0019341555516183412,2.302138561076916,2.035785846326441,0.3480423360000229,0.33744493578229084,0.3613555424613002,0.3268697427184111,0.3268697427184108,800.0000000000005,800.0000000000005,0.00125,1.4721535102069083e-10,10.626933961324966,9,4.85722573273506e-17,-2.927345865710862e-17,-4.796163466380676e-14,-0.032875752784327306,0.9424031623512458,1.182961192149486,0.19534266046874785,3.1516145249099736e-10,0.0013548340648412704,not_checked,0.001,not_checked,not_checked,,,
circle_vm2_direct_n800,192,2026691793,True,ok,0.005811790466867528,0.6119478251306472,0.003885144606699625,8.673298969416035,9.502271914173885,0.005568078637809976,0.007887791582283074,0.00864187282859479,0.009567030889903742,0.009567030889903714,800.0000000000005,800.0000000000005,0.00125,1.2184653286340108e-10,20.43296341230822,9,2.2034978008900197e-13,-6.245004513516506e-17,-9.947598300641403e-14,0.3127828887860078,0.8520181509403036,0.9362640513606665,0.1672866355893384,2.590310188566036e-10,0.0013434591237455606,not_checked,0.001,not_checked,not_checked,,,
circle_vm2_direct_n800,193,2026691794,True,ok,0.0005855560613656774,0.5611268629113,0.001244392812416196,0.9483707259905032,0.8715158377209393,0.6329631037425787,0.6294271210745885,0.6467742788398629,0.6259749973015472,0.625974997301547,800.0000000000005,800.0000000000005,0.00125,1.093469759183563e-11,9.475329618564658,8,-4.586359503983006e-13,-1.680513367352532e-17,-2.55351295663786e-14,-0.00574051390270941,0.9632919633289285,1.0881917917528663,0.21555000894485302,2.1531665339580286e-11,0.0012348329182714224,not_checked,0.001,not_checked,not_checked,,,
circle_vm2_direct_n800,194,2026691795,True,ok,0.0002613822864641069,0.5756627979527094,0.0008353321507486379,0.4132553191866156,0.3968773118113015,0.8082299610929211,0.8102713636517358,0.8200100719727698,0.8113093709016157,0.8113093709016155,800.0000000000005,800.0000000000005,0.00125,2.2411184019688335e-11,11.976883190087367,8,3.462925475886114e-14,-3.1929753979698106e-17,-5.10702591327572e-14,0.002478169577977807,0.9153875354225173,1.0532056796145624,0.20068247422146776,4.5104586732236385e-11,0.0012320841196924448,not_checked,0.001,not_checked,not_checked,,,
circle_vm2_direct_n800,195,2026691796,True,ok,0.0006271780505275881,0.5667619596947249,0.001341841030098931,0.9863413459287348,0.8920647501605615,0.5947351611117067,0.6000241083033633,0.6401630463961314,0.6054747363828286,0.6054747363828283,800.0000000000005,800.0000000000005,0.00125,1.567679319691706e-11,12.045736702724485,8,1.3416292816287312e-12,1.7954387976359953e-16,2.8688162956314045e-13,0.008571767457703439,0.8328759306184729,1.1132587042424473,0.18685519598069592,3.2446045850065275e-11,0.0012275411281734705,not_checked,0.001,not_checked,not_checked,,,
circle_vm2_direct_n800,196,2026691797,True,ok,5.490947111597144e-05,0.5766261411801179,0.00037285643694766053,0.08827502530729028,0.08727757744701595,0.9563608967509707,0.9561570056574311,0.9572996824696943,0.9570232655618394,0.9570232655618394,800.0000000000005,800.0000000000005,0.00125,2.3449686636922706e-11,10.652651997668793,8,1.807771597348018e-16,1.966742740888705e-16,3.1463720517876936e-13,-0.00020993576086796029,0.8848694431950631,1.0950335247815108,0.18740712485430092,4.733080594121475e-11,0.0012329998426139355,not_checked,0.001,not_checked,not_checked,,,
circle_vm2_direct_n800,197,2026691798,True,ok,0.0010240278403170766,0.5489478619477346,0.0016578775816415232,1.6535422748537167,1.516198542224572,0.4502894410142394,0.4469992460779616,0.4685561794187215,0.4407743236584559,0.4407743236584558,800.0000000000005,800.0000000000005,0.00125,2.557698497440697e-11,9.255732559402507,8,-1.7032293544300137e-12,-1.5764299587939234e-16,-2.5290880500961066e-13,-0.007548865173196639,0.9161532848206526,1.1450354698092002,0.21225078330805583,4.8016479681223245e-11,0.001230624970048666,not_checked,0.001,not_checked,not_checked,,,
circle_vm2_direct_n800,198,2026691799,True,ok,0.0004431852102828593,0.521130246814735,0.0010526490424786253,0.7099799784156569,0.7076180112043556,0.7046752715276334,0.7043679787832064,0.7020090343447449,0.7014903272328419,0.7014903272328417,800.0000000000005,800.0000000000005,0.00125,1.340705324537339e-12,8.835964491839688,8,-4.28991694598202e-15,1.6284716630732277e-16,2.611244553918368e-13,-0.00044182098154077476,1.00296711562134,1.0229988308400981,0.24190916324671413,2.480904370827375e-12,0.0012274577748030424,not_checked,0.001,not_checked,not_checked,,,
circle_vm2_direct_n800,199,2026691800,True,ok,0.0024100622279108475,0.5384682915932124,0.002512624862165002,3.8466705213865406,3.675265929998572,0.13961840526692276,0.14028565236487822,0.15919379777997117,0.1454315452694159,0.1454315452694158,800.0000000000005,800.0000000000005,0.00125,3.4098279755312433e-12,9.820642159892522,9,6.071532165918825e-18,2.5587171270657905e-17,4.085620730620576e-14,0.004714521635408753,0.8419332478108662,1.1168360855140447,0.19413418438325786,6.481482017761664e-12,0.0013373340480029583,not_checked,0.001,not_checked,not_checked,,,
circle_vm2_direct_n800,200,2026691801,True,ok,0.0016244665902087618,0.6066927542884657,0.0019784914624860405,2.5064386298058685,2.782793271878738,0.24933050110516347,0.26198068239429273,0.24872767991870032,0.27264811475256734,0.2726481147525671,800.0000000000005,800.0000000000005,0.00125,9.614242735267453e-11,15.938633220214369,9,-7.068998164605489e-17,-6.071532165918825e-17,-9.769962616701378e-14,0.04635395726407587,0.8840124999369082,0.9881396638885078,0.1736473027478584,2.027737977527977e-10,0.0013464170042425394,not_checked,0.001,not_checked,not_checked,,,
circle_vm2_direct_n800,201,2026691802,True,ok,0.007478539991002231,0.513664983055578,0.00414723684193398,11.584647167430653,13.04459182890649,0.0017389976484201,0.002125757465392725,0.0014702895652112101,0.0025216748056316675,0.0025216748056316584,800.0000000000005,800.0000000000005,0.00125,8.860689959533374e-13,11.476450966706748,9,6.157400977979677e-15,6.938893903907228e-17,1.1368683772161603e-13,0.19050840908646194,0.8698208231025117,1.0029701820338195,0.2121388722656127,1.6218137943724287e-12,0.0013453741557896137,not_checked,0.001,not_checked,not_checked,,,
circle_vm2_direct_n800,202,2026691803,True,ok,0.0018215509633758842,0.5805659081830057,0.0022158972535767313,2.9750659262696457,2.6265776608227798,0.24828507907026964,0.24121441164150814,0.2689341216207953,0.2328779527246041,0.23287795272460393,800.0000000000005,800.0000000000005,0.00125,2.8363644766216112e-11,9.684814459642126,9,-8.456776945386935e-18,-6.635317295611287e-17,-1.0391687510491465e-13,-0.03029219243411463,0.9613737177901612,1.1327160941000314,0.2057368298434319,5.7579496726134494e-11,0.0013397501315921545,not_checked,0.001,not_checked,not_checked,,,
circle_vm2_direct_n800,203,2026691804,True,ok,0.0008501443545758658,0.5394928221869757,0.0014863669759272746,1.341940398194086,1.3245713425880288,0.4947533022603754,0.49945260288027615,0.515671331296617,0.5065584897588546,0.5065584897588544,800.0000000000005,800.0000000000005,0.00125,1.9174994925208466e-11,10.634555344476379,8,1.5866320843965775e-12,2.9804717721626517e-16,4.767297667740422e-13,0.009145284563649936,0.8969683907967927,1.0394114373856085,0.20537084621386187,3.849409679901328e-11,0.0012359172105789185,not_checked,0.001,not_checked,not_checked,,,
circle_vm2_direct_n800,204,2026691805,True,ok,0.0004982487732738683,0.5579132433202649,0.0010840768823886088,0.7871359742098727,0.8533502590007545,0.6625924318494691,0.6660424520101975,0.6526755528226034,0.6712598100816383,0.6712598100816382,800.0000000000005,800.0000000000005,0.00125,9.302003611821874e-12,11.288597993960648,8,2.714534326486717e-13,1.0484235007934828e-16,1.6786572132332367e-13,0.005031031514158513,0.9143223216004238,1.0250391492859394,0.20113186444720618,1.8227419573690895e-11,0.0012387919705361128,not_checked,0.001,not_checked,not_checked,,,
circle_vm2_direct_n800,205,2026691806,True,ok,0.0024741231812477338,0.5438012544898876,0.002493389469594837,3.926462046341731,3.9866626662794182,0.13180572134670893,0.13397857373139327,0.13624080511102335,0.13816612064367767,0.13816612064367756,800.0000000000005,800.0000000000005,0.00125,4.504507877811648e-12,10.475383412082264,9,-1.0842021724855044e-17,6.678685382510707e-17,1.0480505352461478e-13,0.01606752182732274,0.8696284412609372,1.083667106837889,0.19853431677357472,8.643752380521619e-12,0.0013421669136732817,not_checked,0.001,not_checked,not_checked,,,
circle_vm2_direct_n800,206,2026691807,True,ok,0.0009683258625630131,0.5391015368239938,0.0015809367878265024,1.575173079151419,1.4777171813410321,0.4739037215395704,0.4680412796632204,0.47765880870936306,0.4608601288993711,0.460860128899371,800.0000000000005,800.0000000000005,0.00125,4.712130685646798e-11,8.381284579728078,8,-4.2833676059186865e-12,2.3462135012586316e-16,3.75921516138078e-13,-0.012925849525298516,0.9637631662983689,1.114410610191106,0.23254600434305583,8.544542851041115e-11,0.0012340829707682133,not_checked,0.001,not_checked,not_checked,,,
circle_vm2_direct_n800,207,2026691808,True,ok,0.0004454156696651612,0.5621238248631399,0.0009998271242332235,0.7211616993281436,0.7856820628939751,0.7040956780832364,0.7011593299162799,0.6751360644591569,0.7002397267844893,0.7002397267844892,800.0000000000005,800.0000000000005,0.00125,1.1498690888345209e-11,9.535047237497986,8,-1.757177302968982e-13,1.8230859530343757e-16,2.913225216616411e-13,-0.004248313931942582,0.9178798055893984,1.1218544256848801,0.2020574039123609,2.2668977806006296e-11,0.0012356250081211329,not_checked,0.001,not_checked,not_checked,,,
circle_vm2_direct_n800,208,2026691809,True,ok,0.00035443755356934226,0.564935342631385,0.0009415561754168307,0.5709251231995138,0.5664769369677426,0.7532620202281413,0.7518243890328783,0.7533401185619233,0.75310543365068,0.7531054336506798,800.0000000000005,800.0000000000005,0.00125,1.3227530182291503e-11,10.022402923467157,8,-2.436158913488029e-14,-2.977219165645195e-16,-4.758415883543421e-13,-0.0019125187442829428,0.9287305047011507,1.0774762196544343,0.20021115923614366,2.6189939106302518e-11,0.0012341670226305723,not_checked,0.001,not_checked,not_checked,,,
circle_vm2_direct_n800,209,2026691810,True,ok,0.001385491430176522,0.568971450274639,0.0019832719511870506,2.2521239384255116,1.9077200573372854,0.34120225415435557,0.33543545753272075,0.3852510694991214,0.3300889405088527,0.33008894050885246,800.0000000000005,800.0000000000005,0.00125,1.6943535463553872e-10,9.54728850161112,8,-1.638678906110136e-11,1.951563910473908e-18,3.552713678800501e-15,-0.017668825071537553,0.8887786514459822,1.1824405603208068,0.1936547787938929,3.195466113936618e-10,0.00123504176735878,not_checked,0.001,not_checked,not_checked,,,
circle_vm2_direct_n800,210,2026691811,True,ok,0.00016360549903482458,0.5582940491549151,0.0006311058098529145,0.26279058474037553,0.2686717077536983,0.8780815393657868,0.877636071555022,0.8742963794598908,0.877319187304691,0.8773191873046909,800.0000000000005,800.0000000000005,0.00125,9.485745522397337e-12,9.967327012439636,8,-6.183747090771075e-16,-1.1405806854547507e-16,-1.8274270985330077e-13,-0.0005108931423280227,0.9504129577523048,1.0660508896470748,0.2102369654820198,1.859090659195317e-11,0.0012317488435655832,not_checked,0.001,not_checked,not_checked,,,
circle_vm2_direct_n800,211,2026691812,True,ok,0.0008184082279663052,0.5613518789097993,0.0014643324844036884,1.2821992078804934,1.2761118136695113,0.5091265353326098,0.5163285780576357,0.5283185267371535,0.5195841066209284,0.5195841066209281,800.0000000000005,800.0000000000005,0.00125,5.088762744520636e-11,12.124391480063998,8,5.143395475151746e-12,6.505213034913027e-19,8.881784197001252e-16,0.01362697843279781,0.9332629749409496,1.0074382714877537,0.2127597323778272,1.0563350194559007e-10,0.0012271238956600428,not_checked,0.001,not_checked,not_checked,,,
circle_vm2_direct_n800,212,2026691813,True,ok,0.00041002737127171507,0.60330636488962,0.0010235891033811859,0.6477266769933854,0.6510001273116703,0.7162308858257576,0.7192677816032012,0.7221661342960297,0.7203472460764431,0.720347246076443,800.0000000000005,800.0000000000005,0.00125,8.241007876108597e-11,13.446269299800598,8,2.0404641518090294e-13,-3.651592916931179e-16,-5.848654893725325e-13,0.004158558520679534,0.9691338806451139,0.9966853791689796,0.19450087457860857,1.7292167697746663e-10,0.0012356252409517765,not_checked,0.001,not_checked,not_checked,,,
circle_vm2_direct_n800,213,2026691814,True,ok,0.0005853960938952962,0.5496581277336621,0.0012005517460486534,0.9248249999177476,0.9613212792667721,0.6151141232339983,0.6188929372895644,0.6183747339756753,0.6260551109371403,0.62605511093714,800.0000000000005,800.0000000000005,0.00125,6.106892769253136e-12,10.952984923310575,8,4.290563130476821e-13,-5.648693318649478e-17,-9.037215420448774e-14,0.005904375157363473,0.9123637834159364,1.0172332002179012,0.20338332245388652,1.191580167869688e-11,0.0012398341204971075,not_checked,0.001,not_checked,not_checked,,,
circle_vm2_direct_n800,214,2026691815,True,ok,0.0005316240891852786,0.5986961781527704,0.00115825798818274,0.835328570762546,0.8610613469578493,0.6390030607501969,0.6441557239254183,0.6501639783790922,0.6535741598388064,0.6535741598388063,800.0000000000005,800.0000000000005,0.00125,6.667055796327759e-11,13.675950296257831,8,1.1563824984378579e-12,2.3635607360183997e-17,3.730349362740526e-14,0.007634985966950114,0.8601151812056077,1.0462630978899041,0.17390840618077988,1.3896128692181264e-10,0.0012306671123951674,not_checked,0.001,not_checked,not_checked,,,
circle_vm2_direct_n800,215,2026691816,True,ok,0.001328838415858069,0.5866169004957578,0.0017806919046961225,2.0820889584934026,2.2687651734584566,0.33277864367808085,0.3404465223128641,0.3216206328931522,0.3453935689132757,0.34539356891327544,800.0000000000005,800.0000000000005,0.00125,3.790234792688807e-11,13.398959719225301,9,3.3393426912553537e-17,-7.871307772244762e-17,-1.2612133559741778e-13,0.022026253439754617,0.9164819623863928,1.0170628835499156,0.19131259460302172,7.755818209886911e-11,0.001350749982520938,not_checked,0.001,not_checked,not_checked,,,
circle_vm2_direct_n800,216,2026691817,True,ok,0.0002932838877505173,0.5531723112622513,0.0008472594529711482,0.4654091734796657,0.48399531829147724,0.7893034095884777,0.7908347645918175,0.785058015256079,0.7908657004044191,0.7908657004044191,800.0000000000005,800.0000000000005,0.00125,7.312594973996056e-12,10.725323173233923,8,1.6324290010027998e-14,1.2782743613604097e-16,2.049471703458039e-13,0.0019225234605811103,0.9296333065322093,1.0572703916653365,0.21755692333454033,1.4222401034658105e-11,0.0012436669785529375,not_checked,0.001,not_checked,not_checked,,,
circle_vm2_direct_n800,217,2026691818,True,ok,0.0015811798902829466,0.49371680998121814,0.002013474583104988,2.4817478404987403,2.514183201840867,0.2709810068806252,0.2777971856905628,0.2844802064574988,0.2822551267582262,0.28225512675822606,800.0000000000005,800.0000000000005,0.00125,1.7333834367860845e-10,9.460850595769122,8,1.9780117647971718e-11,8.326672684688674e-17,1.3322676295501878e-13,0.02406999197698778,0.9497928378959082,0.9878995666623386,0.24379582831010221,3.265552273035155e-10,0.0012284996919333935,not_checked,0.001,not_checked,not_checked,,,
circle_vm2_direct_n800,218,2026691819,True,ok,0.001009810580363979,0.5734227362594599,0.001653235366803578,1.6508750287810623,1.4597316119001051,0.45868650882133233,0.4509814172826716,0.48197366374860173,0.44581622462416426,0.44581622462416415,800.0000000000005,800.0000000000005,0.00125,1.2293366324911403e-10,9.298715733039021,8,-1.2806795988279385e-11,-7.48099499014998e-17,-1.1945999744966684e-13,-0.017589050099347525,0.9439227428925794,1.13444558899763,0.21323847927478914,2.3348900590747235e-10,0.001231958856806159,not_checked,0.001,not_checked,not_checked,,,
circle_vm2_direct_n800,219,2026691820,True,ok,0.00031784144655833124,0.5807935404215889,0.0008846366719200265,0.5149461394121027,0.5099043609989725,0.7799006320262736,0.7774647772692733,0.77495355496697,0.7754799451460095,0.7754799451460094,800.0000000000005,800.0000000000005,0.00125,2.866629156272893e-11,10.245191003072028,8,-8.030468651165634e-14,-1.2902005852577503e-17,-2.1316282072803006e-14,-0.003199912459386167,0.9906636994618047,1.0559826219282076,0.2062523516769654,5.823164173079931e-11,0.0012303749099373817,not_checked,0.001,not_checked,not_checked,,,
circle_vm2_direct_n800,220,2026691821,True,ok,0.0024644771757613704,0.5572653152897131,0.002498773578068331,3.7983373158981917,4.026105400705239,0.12158491044541632,0.13134942892783097,0.1335802710784473,0.13923644600420304,0.13923644600420287,800.0000000000005,800.0000000000005,0.00125,9.005129975037107e-12,13.461107914230022,9,-2.0729945537922845e-16,-1.8214596497756474e-16,-2.9265478929119126e-13,0.07241308266000157,0.8789728730906211,0.9921724452244618,0.1976848943500861,1.762257006987511e-11,0.0013486661482602358,not_checked,0.001,not_checked,not_checked,,,
circle_vm2_direct_n800,221,2026691822,True,ok,0.0007720443461691762,0.6070536073504289,0.0014097375673501214,1.2054140026959745,1.2298890892245269,0.5245062559771378,0.532746076411079,0.5406708775911241,0.539217924626266,0.5392179246262658,800.0000000000005,800.0000000000005,0.00125,9.770906306272309e-11,14.731329723538483,8,9.056203269935947e-12,9.996344030316351e-17,1.603162047558726e-13,0.014928475587353995,0.8987420101366846,1.0180389786051762,0.18458314672563383,2.062281456716164e-10,0.0012343749403953552,not_checked,0.001,not_checked,not_checked,,,
circle_vm2_direct_n800,222,2026691823,True,ok,0.0005093721140307927,0.6113049612434058,0.001095158926269282,0.8077910895837462,0.8726709057636126,0.6598826068262718,0.6623093041371935,0.6464008525332852,0.6653129874544911,0.665312987454491,800.0000000000005,800.0000000000005,0.00125,1.1838119373663858e-10,13.546312126931031,8,2.089706446078976e-13,-6.16911036144252e-17,-9.836575998178887e-14,0.0036021464327612995,0.8850864536190378,1.0834148985980756,0.1741734833935173,2.514253250041065e-10,0.001230207970365882,not_checked,0.001,not_checked,not_checked,,,
circle_vm2_direct_n800,223,2026691824,True,ok,6.384479099330598e-05,0.5700566112051555,0.00038650849368692286,0.10198574676560945,0.10926855494366798,0.9501148489677018,0.9501938175646137,0.9468313621999808,0.9502066109774224,0.9502066109774223,800.0000000000005,800.0000000000005,0.00125,1.7030488130842514e-11,10.885019734303082,8,8.277883586926826e-17,8.143713568081745e-17,1.3034018309099338e-13,8.295941184008337e-05,0.9322768311004652,1.0684707618137133,0.2113711948811076,3.4004354887429145e-11,0.001235125120729208,not_checked,0.001,not_checked,not_checked,,,
circle_vm2_direct_n800,224,2026691825,True,ok,0.0011717549823482276,0.5837759708589929,0.001643773956388063,1.8239577068525812,2.087850697874753,0.37208031813601594,0.38216713861321994,0.35206996851827227,0.3916432281520941,0.3916432281520938,800.0000000000005,800.0000000000005,0.00125,3.311362295477238e-11,13.78793029019637,9,-1.3617579286417936e-16,-2.430781270712501e-16,-3.892441924335799e-13,0.025425132452292054,0.8542812537531875,1.0470011825372252,0.17868094923980618,6.746958547410031e-11,0.0013297919649630785,not_checked,0.001,not_checked,not_checked,,,
circle_vm2_direct_n800,225,2026691826,True,ok,0.003436307534675054,0.5865988673594118,0.002810426749903842,5.31445995458411,6.073274884472646,0.054193771031816385,0.059709713479332585,0.0479960078062463,0.06398887571138236,0.06398887571138225,800.0000000000005,800.0000000000005,0.00125,3.784283997276816e-11,14.792603287804685,9,4.189357194483989e-16,2.498001805406602e-16,3.9968028886505635e-13,0.0918160504479899,0.8663299266918618,1.0169151482603773,0.1802583385471267,7.748934827134235e-11,0.0013343330938369036,not_checked,0.001,not_checked,not_checked,,,
circle_vm2_direct_n800,226,2026691827,True,ok,9.94830892311338e-05,0.5870112767717715,0.0004997675386905073,0.15885359311333158,0.15939398460094903,0.9236059333878326,0.9237531957531031,0.9233961001287773,0.9234981603509856,0.9234981603509855,800.0000000000005,800.0000000000005,0.00125,3.861766462165406e-11,11.674925321581659,8,2.3340162268181697e-16,1.9491244555858156e-16,3.11972669919669e-13,0.00015967482824129353,0.9451714836038926,1.0609776806285531,0.20247292429126532,7.906830745696425e-11,0.0012262931559234858,not_checked,0.001,not_checked,not_checked,,,
circle_vm2_direct_n800,227,2026691828,True,ok,0.0015582704972476602,0.5637246887965497,0.002015032541979783,2.5578078541589884,2.3315541562603497,0.30259622930829827,0.2933832612449746,0.31168036790660086,0.28747585703591444,0.28747585703591416,800.0000000000005,800.0000000000005,0.00125,1.244315761539383e-11,8.65767030559305,9,1.8583225236401546e-16,1.4181364416110398e-16,2.291500322826323e-13,-0.03228752928136536,0.975786947024348,1.1117602193237266,0.2194646213853027,2.4616086946593896e-11,0.0013347500935196877,not_checked,0.001,not_checked,not_checked,,,
circle_vm2_direct_n800,228,2026691829,True,ok,0.0009632377098192091,0.5804789127609677,0.001608979842016195,1.563345173764479,1.4180564601281511,0.4758203170064751,0.4707803396354169,0.49212219472529894,0.46273989349912126,0.4627398934991209,800.0000000000005,800.0000000000005,0.00125,4.916900220308662e-11,10.112570018857134,8,-4.1463631573340765e-12,-9.432558900623889e-17,-1.4988010832439613e-13,-0.011082419026871793,0.9102924178775474,1.1753890317216629,0.20099918661159547,9.498868358548407e-11,0.0012239161878824234,not_checked,0.001,not_checked,not_checked,,,
circle_vm2_direct_n800,229,2026691830,True,ok,0.0005458518506666898,0.5718788899896485,0.0011429315185374801,0.8586591488950016,0.9245067448438289,0.6348127263666685,0.6396874367947358,0.6298627298770292,0.6461772186583097,0.6461772186583095,800.0000000000005,800.0000000000005,0.00125,1.8620327502105738e-11,12.248041692920129,8,8.723512363861818e-13,3.802297018906664e-16,6.084022174945858e-13,0.00735190608585129,0.9285660842175498,0.9942067935589081,0.19773168253094295,3.728906072808513e-11,0.0012250419240444899,not_checked,0.001,not_checked,not_checked,,,
circle_vm2_direct_n800,230,2026691831,True,ok,0.0011448846785000466,0.6170700296785125,0.0017462220326663318,1.7764440868685878,1.76688341471484,0.38187058763740434,0.39313746796894455,0.41335780409109546,0.40015322496951883,0.40015322496951855,800.0000000000005,800.0000000000005,0.00125,1.529287807500168e-10,15.971701731051297,9,3.7730235602495554e-17,6.613633252161577e-17,1.0591527654923993e-13,0.027685699365743943,0.898375317918743,1.0060456394336823,0.18302665024949097,3.2800340221683655e-10,0.0013492079451680183,not_checked,0.001,not_checked,not_checked,,,
circle_vm2_direct_n800,231,2026691832,True,ok,0.00028273391909627854,0.5499785884760839,0.0008475449270602176,0.4532347318699938,0.44362677298714714,0.7986961670074932,0.7983547666747883,0.8010648399057949,0.7975688344347508,0.7975688344347507,800.0000000000005,800.0000000000005,0.00125,6.209144309821113e-12,9.806522835493688,8,-1.6194185749329737e-15,-8.158621347953421e-17,-1.305622276959184e-13,-0.000430230657973929,0.9910874449106287,1.0216868353023616,0.22086198026328574,1.2015499706308219e-11,0.0012246249243617058,not_checked,0.001,not_checked,not_checked,,,
circle_vm2_direct_n800,232,2026691833,True,ok,0.000509947953804657,0.6212137958441186,0.001183768066454759,0.8255290494591855,0.732022726052428,0.672180071776026,0.669045932197206,0.693494920964018,0.6650065670953265,0.6650065670953265,800.0000000000005,800.0000000000005,0.00125,1.8367207754721449e-10,12.211015395311541,8,-4.2965999681732203e-13,2.2367090818375956e-16,3.5726976932437537e-13,-0.00480616168586695,0.9143818927790927,1.1504892813740926,0.18122013723534183,3.96290111837061e-10,0.0012251250445842743,not_checked,0.001,not_checked,not_checked,,,
circle_vm2_direct_n800,233,2026691834,True,ok,0.0006845216629722817,0.5686913767502955,0.0012533155882125853,1.087473025233002,1.2014312309566229,0.5761778928237322,0.5784307870969569,0.5484190384837777,0.5783261301737536,0.5783261301737532,800.0000000000005,800.0000000000005,0.00125,1.5931256314161146e-11,11.320037133260175,8,2.878074297982258e-13,-2.0599841277224584e-17,-3.352873534367973e-14,0.003880817761324651,0.9028321472864052,1.0900492191138873,0.20500528641728538,3.1728841776157424e-11,0.0012314999476075172,not_checked,0.001,not_checked,not_checked,,,
circle_vm2_direct_n800,234,2026691835,True,ok,0.0006236709681082253,0.5891725707824023,0.0012452283518516187,0.9806624753975579,1.0262169337029972,0.5975223164634322,0.6028491099015827,0.5986318563714652,0.6071758815320788,0.6071758815320786,800.0000000000005,800.0000000000005,0.00125,4.276135001646253e-11,13.136392222080488,8,1.5731414651845577e-12,-2.9891453895425357e-16,-4.760636329592671e-13,0.008605536787801571,0.8963896919590612,1.0456287930475259,0.19435642958564248,8.785372429542804e-11,0.0012223750818520784,not_checked,0.001,not_checked,not_checked,,,
circle_vm2_direct_n800,235,2026691836,True,ok,0.0010430039956861314,0.5728458936718896,0.0015805620822940492,1.6341345241998364,1.7863041019316386,0.4192939544879223,0.4269150265306358,0.40936338276831163,0.43413349650370825,0.434133496503708,800.0000000000005,800.0000000000005,0.00125,1.0712275511082225e-10,12.686686664653157,8,1.1557354899494054e-11,-2.237793284010081e-16,-3.5771385853422544e-13,0.0173359344489874,0.8584586159260629,1.0679628355247996,0.19173893613544318,2.256017594959303e-10,0.0012263339012861252,not_checked,0.001,not_checked,not_checked,,,
circle_vm2_direct_n800,236,2026691837,True,ok,0.002897083419714175,0.5561158589215967,0.002595795339869723,4.454515785049323,5.135424288074159,0.08192255369077986,0.09028921996035175,0.0767108481851534,0.09850315156114314,0.09850315156114303,800.0000000000005,800.0000000000005,0.00125,8.494871472919385e-12,13.654585578476517,9,-3.2959746043559335e-17,-7.806255641895632e-18,-1.3322676295501878e-14,0.09040884324667964,0.8535466852810885,0.9976979333507252,0.18765488062921817,1.659605786130669e-11,0.0013349589426070452,not_checked,0.001,not_checked,not_checked,,,
circle_vm2_direct_n800,237,2026691838,True,ok,0.0034348221682649616,0.5525831851861833,0.002948410055861445,5.671491366023286,5.234025035170503,0.07502525467591328,0.06906783845785697,0.07302068530828508,0.06406495844800725,0.06406495844800714,800.0000000000005,800.0000000000005,0.00125,7.094991261169525e-12,7.918067721917204,9,-1.968911145233676e-16,-8.977193988179977e-17,-1.438849039914203e-13,-0.08788794839967196,1.0153175097841236,1.1060634872202764,0.22754685091204083,1.3786527475190269e-11,0.0013340830337256193,not_checked,0.001,not_checked,not_checked,,,
circle_vm2_direct_n800,238,2026691839,True,ok,0.0027515292939914726,0.6195211330967403,0.0026244578858883663,4.184384091428377,4.591397790067671,0.09153998192189328,0.10304713741007387,0.10069099623388053,0.11066768076980389,0.11066768076980378,800.0000000000005,800.0000000000005,0.00125,1.705303676047265e-10,18.4046398703315,9,7.086345399365257e-16,4.9439619065339e-17,7.993605777301127e-14,0.10903138947899071,0.9048463970537441,0.9363742182421428,0.17191724929259544,3.6690317450904786e-10,0.001340834191069007,not_checked,0.001,not_checked,not_checked,,,
circle_vm2_direct_n800,239,2026691840,True,ok,0.0008484397431109958,0.5780291378710585,0.0014887260894279092,1.359816902895077,1.2936797343020818,0.5064455799983465,0.5058592382793043,0.5236981202061327,0.507249749310729,0.5072497493107287,800.0000000000005,800.0000000000005,0.00125,2.5132451675347056e-11,11.004932147797023,8,-1.5635919208695226e-13,5.681219383824043e-17,9.08162434143378e-14,-0.0011566569587415643,0.9307116502086408,1.0677259134401897,0.1963392218331752,5.076183917651633e-11,0.0012303339317440987,not_checked,0.001,not_checked,not_checked,,,
circle_vm2_direct_n800,240,2026691841,True,ok,0.00028986536297481713,0.5616427601334437,0.0008429598916271843,0.4681010407401256,0.4713783051542362,0.7950423291268076,0.7933476720750919,0.7900262133806119,0.7930315358322143,0.7930315358322142,800.0000000000005,800.0000000000005,0.00125,1.1222800466725857e-11,9.701616884645784,8,-2.3292186322049213e-14,4.765068548073792e-17,7.593925488436071e-14,-0.002158229990208954,0.9299577092304883,1.0983211376004778,0.20183831906673522,2.2110313580014918e-11,0.0012252090964466333,not_checked,0.001,not_checked,not_checked,,,
circle_vm2_direct_n800,241,2026691842,True,ok,0.00041443043505773325,0.5714161486778047,0.0010058088316305237,0.6541900185872879,0.6907112256154022,0.7084003641437364,0.7116835756514106,0.7079685460150635,0.7178143218481459,0.7178143218481458,800.0000000000005,800.0000000000005,0.00125,1.8208545782272267e-11,11.934120524427879,8,1.963872857738136e-13,6.711211447685272e-17,1.0813572259849025e-13,0.004449338752542831,0.8871572720669919,1.0413661378742283,0.18868393358465083,3.642663948255631e-11,0.001225207932293415,not_checked,0.001,not_checked,not_checked,,,
circle_vm2_direct_n800,242,2026691843,True,ok,3.101792512949508e-05,0.5741500243656463,0.00027216384440673417,0.04979396137702838,0.05178735841381069,0.9756383488277711,0.9755582167193898,0.9744386871954077,0.9754910047758718,0.9754910047758718,800.0000000000005,800.0000000000005,0.00125,2.080813299443207e-11,10.658465783609811,8,1.1420714634419182e-16,1.2317891932150937e-16,1.9695356456850277e-13,-8.264058491810888e-05,0.9582200013576601,1.0563915649582876,0.20695306121329193,4.1806558215284895e-11,0.0012172909919172525,not_checked,0.001,not_checked,not_checked,,,
circle_vm2_direct_n800,243,2026691844,True,ok,0.00020546253117026403,0.6141231530636369,0.0007211370031152956,0.33148649783858686,0.32154383810179177,0.8514911457144646,0.8503482993437539,0.8514862567548757,0.8484280242647572,0.8484280242647572,800.0000000000005,800.0000000000005,0.00125,1.3429646283924512e-10,12.11924557019044,8,-8.597316651995368e-15,1.050049804052211e-16,1.6786572132332367e-13,-0.0013732239830821225,0.9938381438209836,1.0517492561055948,0.2007323134474519,2.864395387547347e-10,0.001220958074554801,not_checked,0.001,not_checked,not_checked,,,
circle_vm2_direct_n800,244,2026691845,True,ok,0.0003297787572154043,0.6052215333460793,0.0009026344910673963,0.5203653526302184,0.5406236882604376,0.7611759315478879,0.7640473888184414,0.7631414760366486,0.7681094785700804,0.7681094785700803,800.0000000000005,800.0000000000005,0.00125,8.992662170470567e-11,13.629812296466413,8,1.3219091619942613e-13,-5.865533753146579e-17,-9.392486788328824e-14,0.003640329457214375,0.9434065102243001,0.9906344700401257,0.18502687843283358,1.8924573019774016e-10,0.0012214579619467258,not_checked,0.001,not_checked,not_checked,,,
circle_vm2_direct_n800,245,2026691846,True,ok,0.00268930453520988,0.6010785973306216,0.0024206974972765605,4.142165872237168,5.0713232311700525,0.09985126627274202,0.10872741548968146,0.0792092958199664,0.11631611928395254,0.11631611928395237,800.0000000000005,800.0000000000005,0.00125,7.441114391326664e-11,15.935996875991398,9,-2.909998630951094e-16,-4.119968255444917e-17,-6.572520305780927e-14,0.08036069204932117,0.8041138009816957,1.0606098721815016,0.1656041302443853,1.5562662269985594e-10,0.0013336660340428352,not_checked,0.001,not_checked,not_checked,,,
circle_vm2_direct_n800,246,2026691847,True,ok,0.0014705873373279665,0.5470221225167065,0.0019836507799994695,2.384332662617883,2.169194721661675,0.3139596542124321,0.3091535210578398,0.33803786578275224,0.3083653894178474,0.3083653894178471,800.0000000000005,800.0000000000005,0.00125,1.3267387188875546e-10,8.909024245016921,8,-1.1806101018682624e-11,-1.2858637765678083e-16,-2.0516921495072893e-13,-0.015696461446567556,0.9342551887533479,1.0996112056815093,0.21240834669751746,2.429758616528943e-10,0.0012202088255435228,not_checked,0.001,not_checked,not_checked,,,
circle_vm2_direct_n800,247,2026691848,True,ok,0.0009335313285843139,0.6470089431207968,0.001577989210141843,1.5265385183330697,1.3641342729623547,0.4886093827600124,0.4809756274583886,0.5055708275539366,0.4738686701518522,0.47386867015185186,800.0000000000005,800.0000000000005,0.00125,1.663628124148886e-10,12.801597615217938,9,-1.766157847141875e-11,1.0061396160665481e-16,1.603162047558726e-13,-0.016444196299083336,0.9524822552923947,1.13837370049084,0.1812082877782285,3.5583069823985625e-10,0.0013244589790701866,not_checked,0.001,not_checked,not_checked,,,
circle_vm2_direct_n800,248,2026691849,True,ok,0.0001849253323393807,0.5939586313074765,0.0007132387104429208,0.29353301592155034,0.2713618199560763,0.8613112570941284,0.8623318253553318,0.8731211923039546,0.8624826330517632,0.8624826330517632,800.0000000000005,800.0000000000005,0.00125,5.3505644359574944e-11,12.521603427171689,8,4.7562865104766594e-15,3.4298735726578933e-16,5.488942633746774e-13,0.0011737579107294616,0.9069648303539204,1.0819672436581844,0.18806145888475806,1.1074940964306279e-10,0.0012249171268194914,not_checked,0.001,not_checked,not_checked,,,
circle_vm2_direct_n800,249,2026691850,True,ok,0.0012244522959792281,0.593866626563756,0.0018002131355091312,1.9089341393144543,1.9102067081427672,0.364625201138051,0.37416754045697165,0.3847723747063443,0.37547558240239387,0.3754755824023937,800.0000000000005,800.0000000000005,0.00125,5.329481300719863e-11,14.204912625780043,9,8.456776945386935e-18,3.0357660829594124e-17,4.6407322429331543e-14,0.02509476712615588,0.9286781839588014,1.0141226163793229,0.20114946717197194,1.102589131107834e-10,0.0013347920030355453,not_checked,0.001,not_checked,not_checked,,,
circle_vm2_direct_n800,250,2026691851,True,ok,0.0014958951608248228,0.5862961529161419,0.0019231240300548625,2.3446583212572687,2.4570521186311867,0.28166240541619314,0.2890112580527364,0.2927237172618836,0.3021849207423829,0.3021849207423827,800.0000000000005,800.0000000000005,0.00125,3.73273634224347e-11,13.369789944470302,9,1.3791051634015616e-16,1.945058697438995e-16,3.1175062531474396e-13,0.024386968031224532,0.8616577043369242,1.030072916382877,0.17660197736964817,7.635136967110157e-11,0.0013362497556954622,not_checked,0.001,not_checked,not_checked,,,
circle_vm2_direct_n800,251,2026691852,True,ok,0.00100001579401221,0.5334913075624192,0.0014940248724427156,1.5698450932170194,1.8198026962098106,0.4336866684890861,0.44055865826032525,0.40256393576994526,0.4493232867873721,0.449323286787372,800.0000000000005,800.0000000000005,0.00125,5.923117551986934e-11,10.826132942509313,8,5.9688582201844476e-12,-1.5265566588595902e-16,-2.438049762076844e-13,0.015090088601258822,0.8584277390350714,1.0631357907592212,0.19883216470032172,1.1743939154484906e-10,0.001219708938151598,not_checked,0.001,not_checked,not_checked,,,
circle_vm2_direct_n800,252,2026691853,True,ok,0.0021590066235879224,0.5696029434790324,0.0023341579511355027,3.5232411310330005,3.3273794829273458,0.19220473240590413,0.18599672493752173,0.1894387091266738,0.1777805598831281,0.17778055988312796,800.0000000000005,800.0000000000005,0.00125,1.666400351041375e-11,9.322318135512319,9,-4.588343593958655e-16,-3.3480163086352377e-16,-5.369038547087257e-13,-0.03441526664616146,0.9996752744429309,1.0953120655984536,0.22614345364759242,3.323186170689496e-11,0.0013367088977247477,not_checked,0.001,not_checked,not_checked,,,
circle_vm2_direct_n800,253,2026691854,True,ok,0.00037770714817386697,0.5647038712053958,0.0009448496546212631,0.6124448567085908,0.6315057578977605,0.7424565562288254,0.7394947017988387,0.7292396383685098,0.7392155530170468,0.7392155530170468,800.0000000000005,800.0000000000005,0.00125,1.3078316207781882e-11,9.531864924487802,8,-1.4724040129504568e-13,-9.497611030973019e-17,-1.5143442055887135e-13,-0.004056709815201676,0.9656503310497149,1.0658350963962728,0.2081628700964547,2.5886626175974925e-11,0.0012215408496558666,not_checked,0.001,not_checked,not_checked,,,
circle_vm2_direct_n800,254,2026691855,True,ok,0.000131844602361042,0.5601938461824096,0.0005834080833240115,0.21055379766900595,0.20516961058100697,0.8982016058762082,0.8983833410430577,0.9025016095962847,0.8998963563603317,0.8998963563603316,800.0000000000005,800.0000000000005,0.00125,1.0434875186149384e-11,10.499925659211335,8,1.0782390605368342e-16,2.924635360279648e-17,4.6629367034256575e-14,0.00019878305433068677,0.9192517100313893,1.0497275766911316,0.20040989755627497,2.0518253762702443e-11,0.001230665948241949,not_checked,0.001,not_checked,not_checked,,,
circle_vm2_direct_n800,255,2026691856,True,ok,0.005324032566900172,0.5870480121170243,0.003643603441231167,8.957168896649486,8.05568773539525,0.02050435258263522,0.016788182584334656,0.017812695105934653,0.014133236547074454,0.014133236547074409,800.0000000000005,800.0000000000005,0.00125,3.86433107735229e-11,7.977912227681271,9,-2.093897971677805e-14,1.1102230246251565e-16,1.794120407794253e-13,-0.21935839480460295,1.0581998179649523,1.1320810316674836,0.2248678555437691,7.92106380487212e-11,0.0013319160789251328,not_checked,0.001,not_checked,not_checked,,,
circle_vm2_direct_n800,256,2026691857,True,ok,0.0001898298925375741,0.5392007839033506,0.0006829056562924164,0.30422480480165065,0.3095170221683283,0.8610173416054898,0.860806601207081,0.8566220172300772,0.8591051849488066,0.8591051849488066,800.0000000000005,800.0000000000005,0.00125,3.5401681586222367e-12,9.422003324956863,8,-1.093959992037874e-16,1.052218208397182e-16,1.6830981053317373e-13,-0.00024848837076596464,0.9338603353007059,1.1023121680258439,0.22279780529974444,6.743050562363351e-12,0.00122420908883214,not_checked,0.001,not_checked,not_checked,,,
circle_vm2_direct_n800,257,2026691858,True,ok,0.0025484239028144007,0.5646662968613338,0.0025371734674433178,4.118841650686791,3.9645276889384866,0.13323631668761943,0.1305424363862201,0.13775702356665404,0.13019276459073914,0.13019276459073897,800.0000000000005,800.0000000000005,0.00125,1.3043455204808652e-11,9.874379952871132,9,-2.1597307275911248e-16,-1.6523241108679088e-16,-2.646771690706373e-13,-0.020681703091873782,0.9657270317468574,1.0571847473585834,0.21312366139084157,2.5833779560002768e-11,0.0013430840335786343,not_checked,0.001,not_checked,not_checked,,,
circle_vm2_direct_n800,258,2026691859,True,ok,0.0012171414277926118,0.5741090669357019,0.0017442541280518877,1.993664140076164,1.899413985857148,0.3967046909231753,0.3881001258120921,0.38685435791227196,0.3776780589224111,0.37767805892241085,800.0000000000005,800.0000000000005,0.00125,2.077094052310713e-11,9.194100986651621,9,7.632783294297951e-17,-4.640385298237959e-17,-7.505107646466058e-14,-0.02311892780399205,0.9840965584961691,1.124747157207667,0.21670800351859545,4.172262535462323e-11,0.0013414998538792133,not_checked,0.001,not_checked,not_checked,,,
circle_vm2_direct_n800,259,2026691860,True,ok,0.0008288354584089497,0.5626056201328851,0.0014729265772491845,1.3347893764989802,1.2552345414752288,0.52020485879741,0.5179935875737056,0.5338623361455788,0.5152678756126646,0.5152678756126645,800.0000000000005,800.0000000000005,0.00125,1.1776912778316273e-11,9.971347480826365,8,-5.262471231351484e-13,-2.1618991319360958e-16,-3.459454944731988e-13,-0.004326321522330034,0.9374671553223939,1.0958738066974982,0.20874818815657065,2.3240520619083327e-11,0.001214166870340705,not_checked,0.001,not_checked,not_checked,,,
circle_vm2_direct_n800,260,2026691861,True,ok,0.0010112645025717182,0.5512642486647772,0.0015867120624767118,1.5819520287931865,1.6504608040231359,0.4268299972994727,0.4350082065229592,0.438134033872124,0.4452979803896713,0.44529798038967106,800.0000000000005,800.0000000000005,0.00125,1.0125911220626449e-10,11.821935493328802,8,1.1143407811081696e-11,-2.211772431870429e-17,-3.4638958368304884e-14,0.018035587660781727,0.9368480826551165,0.9637560412025182,0.21306022497164936,2.0755819285511734e-10,0.0012285420671105385,not_checked,0.001,not_checked,not_checked,,,
circle_vm2_direct_n800,261,2026691862,True,ok,3.4475457111771135e-05,0.6013450723524758,0.00028633783577715306,0.05502345534235205,0.05816574865420683,0.9729893431948851,0.9730556477239527,0.9713359623166018,0.9727964999505158,0.9727964999505158,800.0000000000005,800.0000000000005,0.00125,7.529910028836184e-11,12.402595628216858,8,-6.531640462867361e-17,-5.713745448998608e-17,-9.126033262418787e-14,6.863801824090118e-05,0.9453049341177391,1.0731714528456513,0.19437947713665502,1.5760659444197245e-10,0.0012289171572774649,not_checked,0.001,not_checked,not_checked,,,
circle_vm2_direct_n800,262,2026691863,True,ok,0.00066109801416947,0.5813267184122672,0.001328412167229151,1.0768225820553285,0.9704898931982837,0.6016566319343577,0.5961753764966462,0.6155464022988864,0.589265512699708,0.5892655126997077,800.0000000000005,800.0000000000005,0.00125,2.943334465044245e-11,9.876667523986661,8,-2.142179879663364e-12,3.946495907847236e-17,6.306066779870889e-14,-0.009532879692087937,0.9702333255395359,1.1154604864078006,0.21580318748965893,5.978972872355826e-11,0.001221334096044302,not_checked,0.001,not_checked,not_checked,,,
circle_vm2_direct_n800,263,2026691864,True,ok,0.004057121750701498,0.5504376453959334,0.003103193302233496,6.293986304665981,6.986704750444879,0.033515744627986926,0.03714648242202185,0.03039879300252652,0.03894139713295325,0.038941397132953186,800.0000000000005,800.0000000000005,0.00125,6.3575811282134964e-12,12.731161467219948,9,1.4051260155412137e-16,-2.636779683484747e-16,-4.227729277772596e-13,0.09870424822820967,0.8874204334780957,1.0209399387173583,0.20753930039674948,1.2311707209278211e-11,0.0013455839361995459,not_checked,0.001,not_checked,not_checked,,,
circle_vm2_direct_n800,264,2026691865,True,ok,0.0006080209842558304,0.54112378038104,0.001236094582162325,0.9811161052277545,0.9653189117102723,0.6161469390232843,0.6136136192932061,0.6171399509895231,0.6148255023794464,0.6148255023794464,800.0000000000005,800.0000000000005,0.00125,3.919975455346503e-12,9.004121803092307,8,-2.0675952269733067e-13,-1.2858637765678083e-16,-2.0539125955565396e-13,-0.004141265209212652,0.9296464756758314,1.0836923360210513,0.2111474316161591,7.48268114136863e-12,0.0012287911958992481,not_checked,0.001,not_checked,not_checked,,,
circle_vm2_direct_n800,265,2026691866,True,ok,0.0030648278065719126,0.6183066298453634,0.0027491462853876914,4.990797719350622,4.84138144137651,0.09801034793956104,0.09406159973579123,0.08886021866572365,0.08613303621555757,0.08613303621555747,800.0000000000005,800.0000000000005,0.00125,1.616872191689822e-10,11.743148598349197,9,-1.5699247457590104e-16,-1.7780915628762273e-16,-2.851052727237402e-13,-0.043536614417779784,0.9812119690735528,1.129176386386467,0.20158561169433767,3.4710834206919117e-10,0.0013297908008098602,not_checked,0.001,not_checked,not_checked,,,
circle_vm2_direct_n800,266,2026691867,True,ok,0.000869635335189356,0.5609069033908254,0.0014576639526807885,1.3687981038374533,1.4390663585844075,0.4851411869278296,0.4908789546224762,0.486979535037783,0.498721094597655,0.498721094597655,800.0000000000005,800.0000000000005,0.00125,3.4659275449655524e-11,11.74739604680061,8,3.1528299936078863e-12,-1.2880321809127793e-16,-2.0605739337042905e-13,0.011309216232758601,0.9490191395297675,0.9747559871533182,0.20692644250321168,7.128431178671235e-11,0.0012274158652871847,not_checked,0.001,not_checked,not_checked,,,
circle_vm2_direct_n800,267,2026691868,True,ok,0.00016811275497685685,0.5499637732199598,0.0006251758667829193,0.2706188397965762,0.28726628742201177,0.8756495996177356,0.8749417362715664,0.8662054626993871,0.874161442136301,0.8741614421363009,800.0000000000005,800.0000000000005,0.00125,6.197597990365011e-12,9.486509601323792,8,-1.1748956842139169e-15,9.264507563888635e-17,1.4810375148499588e-13,-0.0008192159168025348,0.9419241850267308,1.0886499102627982,0.21492797105823508,1.2006395877506293e-11,0.001225125975906849,not_checked,0.001,not_checked,not_checked,,,
circle_vm2_direct_n800,268,2026691869,True,ok,0.0007171342870553321,0.5343520722571453,0.0012728839693816555,1.1657278711078625,1.252587505906869,0.5685047331932449,0.5634097647451324,0.5345693802312714,0.5634326747082383,0.5634326747082381,800.0000000000005,800.0000000000005,0.00125,1.7249535133601057e-11,8.265192608226906,8,-1.4131469432132615e-12,-2.216109240560371e-16,-3.5349501104064984e-13,-0.009156505909665213,0.925164804728446,1.1127807822132525,0.21457262983991246,3.1141977885340566e-11,0.0012321248650550842,not_checked,0.001,not_checked,not_checked,,,
circle_vm2_direct_n800,269,2026691870,True,ok,0.005082132651686999,0.541374531254047,0.0034010895885736173,7.722164609641271,9.222205380267264,0.011425370656519038,0.014281247423128831,0.009940850584100375,0.017150874398243074,0.017150874398243032,800.0000000000005,800.0000000000005,0.00125,3.969935491454635e-12,14.179930934160732,9,7.483597075363946e-15,8.673617379884035e-18,1.4210854715202004e-14,0.20462381652896644,0.8216642553617474,0.9872916865407618,0.18670466870300773,7.58371143660952e-12,0.0013236249797046185,not_checked,0.001,not_checked,not_checked,,,
circle_vm2_direct_n800,270,2026691871,True,ok,0.0021879624567640032,0.5801005821109824,0.002397345184539283,3.6124453921397413,3.2399982139137355,0.19291480841085856,0.18309578440536187,0.19789887581576768,0.17370966499313625,0.17370966499313611,800.0000000000005,800.0000000000005,0.00125,2.773958840407431e-11,8.900222393422997,9,-2.636779683484747e-16,-1.6479873021779667e-16,-2.646771690706373e-13,-0.05585273065866714,0.9483629959347825,1.1813257512214554,0.21057895894725553,5.626588084339801e-11,0.0013333328533917665,not_checked,0.001,not_checked,not_checked,,,
circle_vm2_direct_n800,271,2026691872,True,ok,0.0017291687026570468,0.5482330381653739,0.0020883510064142797,2.7852944133373994,2.7159451797567287,0.2566110195953407,0.25427286687404094,0.2571816614554141,0.2507409455846029,0.2507409455846027,800.0000000000005,800.0000000000005,0.00125,1.4568668493808445e-10,9.450573221438047,8,-8.155376114010737e-12,2.187919984075748e-16,3.490541189421492e-13,-0.009312244543061343,0.9855082027907456,1.0488331686451253,0.22103381109961087,2.729052539507393e-10,0.0012183759827166796,not_checked,0.001,not_checked,not_checked,,,
circle_vm2_direct_n800,272,2026691873,True,ok,0.000224558196035618,0.5865802065884873,0.000758894354817364,0.3633086417999662,0.34607838308078254,0.8388176566501275,0.8371716068890249,0.8411046500117919,0.8355654841418487,0.8355654841418486,800.0000000000005,800.0000000000005,0.00125,3.783362512166377e-11,10.6004389667134,8,-2.070782781360414e-14,-3.3810844748960456e-16,-5.411227022023013e-13,-0.002007764071488588,0.9924073614890492,1.0526042016248833,0.21125537075915524,7.741940422079097e-11,0.001223457045853138,not_checked,0.001,not_checked,not_checked,,,
circle_vm2_direct_n800,273,2026691874,True,ok,0.0005719370107852839,0.5914998576933066,0.001240556799517952,0.9112463958374255,0.8513114577878094,0.6229375581675884,0.6241782059730248,0.6533412299151501,0.6328324342993998,0.6328324342993996,800.0000000000005,800.0000000000005,0.00125,4.771250061708088e-11,12.114299159715028,8,8.93881323127399e-14,-5.095750210681871e-18,-8.215650382226158e-15,0.0019264107095146588,0.8598957166691188,1.0833471612306151,0.17407072984265004,9.835465775154262e-11,0.0012158341705799103,not_checked,0.001,not_checked,not_checked,,,
circle_vm2_direct_n800,274,2026691875,True,ok,0.0010217118314834739,0.5655339246916591,0.0015473667697307606,1.6009801093093816,1.771464543569556,0.42475738758682025,0.4323296151877821,0.4124120649609778,0.44159175047347543,0.4415917504734752,800.0000000000005,800.0000000000005,0.00125,9.489253827155153e-11,12.330110760258203,8,1.0146874659944238e-11,-2.7885679876327174e-16,-4.4564352208453784e-13,0.016879410532088746,0.9013544513676168,1.009612764574307,0.19491560067013064,1.9800272532677354e-10,0.0012394578661769629,not_checked,0.001,not_checked,not_checked,,,
circle_vm2_direct_n800,275,2026691876,True,ok,0.00043132980285265354,0.5756457422075016,0.001060705891924304,0.6819323849391594,0.6696240917948815,0.7018503252402948,0.7048067413146093,0.7154725497166814,0.7081751405074534,0.7081751405074532,800.0000000000005,800.0000000000005,0.00125,2.239242125057217e-11,12.00660434038189,8,1.6627281149150797e-13,-1.240327285323417e-16,-1.9895196601282805e-13,0.004097649812543347,0.9324849847955965,1.0183922670543237,0.20109970977787647,4.5064840747954804e-11,0.0012250002473592758,not_checked,0.001,not_checked,not_checked,,,
circle_vm2_direct_n800,276,2026691877,True,ok,0.0017510216890592734,0.5635947088099051,0.00206464923159334,2.791165586848511,2.880071282377057,0.24314750844961247,0.24443425764965698,0.23691931444568914,0.246395489954243,0.2463954899542428,800.0000000000005,800.0000000000005,0.00125,1.5530587926804174e-10,10.888566146225955,8,4.448530085965352e-12,-2.992397996059992e-17,-4.796163466380676e-14,0.0052345578231640655,0.9346342385771885,1.047539066440783,0.20801222988359355,3.1129476774083287e-10,0.0012496670242398977,not_checked,0.001,not_checked,not_checked,,,
circle_vm2_direct_n800,277,2026691878,True,ok,1.0061614174272648e-05,0.6009890622229783,0.00016249922187629425,0.016058819235236,0.015463340099233936,0.991909896400355,0.9919297977492187,0.992298142428368,0.9919830174603513,0.9919830174603513,800.0000000000005,800.0000000000005,0.00125,7.381428801522816e-11,12.374076086427158,8,-1.570229677620022e-17,-8.754932542820448e-18,-1.3988810110276972e-14,1.988172180012425e-05,0.9052832417782859,1.084633067992008,0.18431146407939047,1.549680384016483e-10,0.0012212079018354416,not_checked,0.001,not_checked,not_checked,,,
circle_vm2_direct_n800,278,2026691879,True,ok,0.001164163111568417,0.5636857128967976,0.001704032943159319,1.830389802559373,1.9040211238207245,0.3794532139901983,0.38586918876210496,0.38596423783303113,0.39402910996452617,0.39402910996452595,800.0000000000005,800.0000000000005,0.00125,9.551126556317513e-11,11.98708219134135,8,9.73295749551184e-12,1.6002824065886045e-16,2.5490720645393594e-13,0.01613558797504766,0.8919178730538346,1.032949739832024,0.19264370488451144,1.9980062049285152e-10,0.001229583052918315,not_checked,0.001,not_checked,not_checked,,,
circle_vm2_direct_n800,279,2026691880,True,ok,0.0008815226014362576,0.6003394994721727,0.001453761826014333,1.3875608428427046,1.4877074791729323,0.4820474020571953,0.487784995374708,0.47527878107384836,0.49400083023943064,0.4940008302394304,800.0000000000005,800.0000000000005,0.00125,7.192757500718017e-11,13.666585601795031,8,4.407680275451964e-12,-1.603535013106061e-16,-2.5623947408348613e-13,0.011437659727654204,0.9326243602928774,1.0010085308444316,0.18943406519128642,1.502622470894721e-10,0.0012289590667933226,not_checked,0.001,not_checked,not_checked,,,
circle_vm2_direct_n800,280,2026691881,True,ok,0.0023860571639726658,0.5921931508402594,0.002319730162712427,3.681825212302237,4.331032050312284,0.1286111658203143,0.13829990791133723,0.1146907360196522,0.14825140985325846,0.14825140985325833,800.0000000000005,800.0000000000005,0.00125,4.926836716379057e-11,15.196164197021634,9,7.979727989493313e-17,5.724587470723463e-17,9.459100169806334e-14,0.0679331250270152,0.8376550990021691,1.0234993802154362,0.1698321016023748,1.0170841946433029e-10,0.0013439168687909842,not_checked,0.001,not_checked,not_checked,,,
circle_vm2_direct_n800,281,2026691882,True,ok,0.001868554631996755,0.5578981911399556,0.002113601527148227,3.067541997908006,3.048053955337891,0.23888193033767308,0.2301433158804953,0.21783291006550312,0.2242836562713531,0.22428365627135294,800.0000000000005,800.0000000000005,0.00125,9.296896585908598e-12,8.442714872895104,9,2.8102520310824275e-16,8.630249292984615e-17,1.3855583347321954e-13,-0.03892729335659806,1.0063706221541662,1.0821020909001942,0.22137885878177038,1.8210322139111668e-11,0.0013382087927311659,not_checked,0.001,not_checked,not_checked,,,
circle_vm2_direct_n800,282,2026691883,True,ok,0.00044131413512249473,0.5519679175027987,0.0010477832017868616,0.7153015210436048,0.7098496748325154,0.7049207321253066,0.7017205008550291,0.7012261471968746,0.7025411464025129,0.7025411464025126,800.0000000000005,800.0000000000005,0.00125,6.875944258410982e-12,9.076475165840801,8,-2.002798968336883e-13,1.8745855562274372e-16,2.9953817204386723e-13,-0.004599452423806383,0.9001417146613275,1.1299655056420448,0.2017055297237275,1.3345990979019007e-11,0.0012296668719500303,not_checked,0.001,not_checked,not_checked,,,
circle_vm2_direct_n800,283,2026691884,True,ok,0.00012425460466225502,0.5874486212132186,0.0005596449849035797,0.1984383806044044,0.19866584462135903,0.9051216754211662,0.9052891286759277,0.9054412162577645,0.9053771482191677,0.9053771482191677,800.0000000000005,800.0000000000005,0.00125,3.9369618676232676e-11,11.684246108618982,8,1.470178145890344e-16,6.559423143537302e-17,1.0480505352461478e-13,0.0001844934276018645,0.9222513271514542,1.0778457770958063,0.19122809736002028,8.077583046883774e-11,0.0012153750285506248,not_checked,0.001,not_checked,not_checked,,,
circle_vm2_direct_n800,284,2026691885,True,ok,0.0016706256128629082,0.5869897654009231,0.0019699889263896206,2.7475298032552926,2.808366183916527,0.27452835028968503,0.2648190880421093,0.2455675806682906,0.2627636052673356,0.2627636052673355,800.0000000000005,800.0000000000005,0.00125,3.857836272658233e-11,9.440287989316735,9,-1.3097162243624894e-16,-8.521829075736065e-17,-1.3500311979441904e-13,-0.03726441133731906,0.9780903496247142,1.0907588519329676,0.20164913351512448,7.898481868551244e-11,0.0013447089586406946,not_checked,0.001,not_checked,not_checked,,,
circle_vm2_direct_n800,285,2026691886,True,ok,0.00023973251930176076,0.5209672922665927,0.0007765540430646455,0.3870527703676703,0.37804569442854236,0.8282239011675594,0.8268086953521429,0.8277675942950931,0.8254834903141365,0.8254834903141364,800.0000000000005,800.0000000000005,0.00125,1.3286038935689248e-12,8.278114745549221,8,-9.12787098510115e-15,-2.402592014227878e-16,-3.843592111252292e-13,-0.0017403697424264175,0.9809327466843303,1.0554732380523564,0.23850657203229983,2.4580337765200966e-12,0.0012210418935865164,not_checked,0.001,not_checked,not_checked,,,
circle_vm2_direct_n800,286,2026691887,True,ok,0.002150693029984607,0.5808873083484891,0.002377923478136118,3.5458303675529503,3.1780305410055805,0.20193164281412856,0.19239397898587224,0.2041265222043227,0.17896689685983286,0.17896689685983275,800.0000000000005,800.0000000000005,0.00125,2.873956628235419e-11,9.031274497632396,9,-1.730386667286865e-16,-2.641116492174689e-16,-4.218847493575595e-13,-0.05236075978878851,0.945014070619213,1.2091171513658716,0.20992455896504972,5.85038684164374e-11,0.0013396251015365124,not_checked,0.001,not_checked,not_checked,,,
circle_vm2_direct_n800,287,2026691888,True,ok,0.0009828110291552061,0.5392506145792269,0.0015314542058528088,1.5521448755242147,1.6623742486366195,0.44383655863932536,0.4485262398617068,0.43553194874252754,0.4555504443883782,0.4555504443883781,800.0000000000005,800.0000000000005,0.00125,2.8691604647690383e-11,10.595796716527081,8,2.3809671682167854e-12,-4.0549161250957866e-17,-6.572520305780927e-14,0.010176385562058021,0.9333507046002014,1.0032596264410252,0.2189360662044068,5.712919026734653e-11,0.0012211669236421585,not_checked,0.001,not_checked,not_checked,,,
circle_vm2_direct_n800,288,2026691889,True,ok,0.00021671596613725974,0.562521383809065,0.0007206963045543452,0.3434240871945526,0.36497373461136945,0.8383224765462858,0.8397396749756998,0.8331955859594165,0.8408241199632186,0.8408241199632185,800.0000000000005,800.0000000000005,0.00125,1.1729728299769704e-11,11.210002701382296,8,9.790128777109608e-15,1.730386667286865e-16,2.76667577736589e-13,0.0016607293125316114,0.9354133785847829,1.0330015838375448,0.20621826046549105,2.3138158056212887e-11,0.0012280007358640432,not_checked,0.001,not_checked,not_checked,,,
circle_vm2_direct_n800,289,2026691890,True,ok,0.001532260462010493,0.6353748327033046,0.0019612643437155854,2.376283828680886,2.5030563252195437,0.2715400245372197,0.2826352820643545,0.2860673053063642,0.29352033148016493,0.29352033148016465,800.0000000000005,800.0000000000005,0.00125,1.5543122344752192e-15,17.320778833720563,10,-2.0534789146875454e-16,-2.7994100093575724e-16,-4.476419235288631e-13,0.03766645526795198,0.9133847344201004,0.9674710952016651,0.1662909424395662,3.3306690738754696e-15,0.0014495830982923508,not_checked,0.001,not_checked,not_checked,,,
circle_vm2_direct_n800,290,2026691891,True,ok,0.0006213362308373771,0.5725867346820692,0.0012882849078731564,1.0054609042401328,0.9163447275410155,0.6113322639418279,0.6079182755985013,0.632438457335061,0.6083110182289119,0.6083110182289118,800.0000000000005,800.0000000000005,0.00125,1.926570014632034e-11,9.993964193923619,8,-5.222636559332194e-13,-8.738669510233166e-17,-1.396660564978447e-13,-0.005661467450164437,0.9282064611317994,1.0972550659100748,0.20121311932597874,3.8644865085757374e-11,0.0012297919020056725,not_checked,0.001,not_checked,not_checked,,,
circle_vm2_direct_n800,291,2026691892,True,ok,0.00016076265769604525,0.5782909094825928,0.0006379048334408336,0.25629321005756145,0.255686616750173,0.8796090858395977,0.8800158190536815,0.8799912556020686,0.8793167213149843,0.8793167213149842,800.0000000000005,800.0000000000005,0.00125,2.54362086948845e-11,11.416414496398529,8,6.782768791069316e-16,1.8892222855559915e-16,3.019806626980426e-13,0.00046352112805556067,0.9600969767923674,1.046841297323106,0.2100469960859965,5.1427972991291426e-11,0.001223208149895072,not_checked,0.001,not_checked,not_checked,,,
circle_vm2_direct_n800,292,2026691893,True,ok,9.588015120587379e-05,0.5332740177287247,0.0004922187011869158,0.15365870676629031,0.1529576926066746,0.925893870745572,0.9257775103544272,0.9263725102846367,0.9261638455354103,0.9261638455354103,800.0000000000005,800.0000000000005,0.00125,2.5867086250741522e-12,9.206362004206264,8,-1.5772431104232876e-16,-1.5567787944176237e-16,-2.489120021209601e-13,-0.00012523241844608624,0.8963884372143631,1.106681893126046,0.2146638423630845,4.878986104017713e-12,0.0012292489409446716,not_checked,0.001,not_checked,not_checked,,,
circle_vm2_direct_n800,293,2026691894,True,ok,0.002880507687557543,0.5420289154202993,0.002689229240484582,4.72891974280741,4.429216450441338,0.11357774989431149,0.10732044852188863,0.10919628622036479,0.09981806000663497,0.09981806000663483,800.0000000000005,800.0000000000005,0.00125,4.106937012693379e-12,7.924568180156417,9,-6.505213034913027e-17,-4.2500725161431774e-17,-6.838973831690964e-14,-0.060053721357669065,1.0327632084844884,1.0859116790797412,0.24608399400211917,7.860156969741183e-12,0.001341833034530282,not_checked,0.001,not_checked,not_checked,,,
circle_vm2_direct_n800,294,2026691895,True,ok,0.0022620526360954685,0.5271185177797559,0.0023299457930813397,3.7183145669735818,3.663168415354085,0.17780673950487041,0.1696066856808962,0.16015964055943088,0.16371271764776724,0.16371271764776707,800.0000000000005,800.0000000000005,0.00125,1.855293696451099e-12,7.3268350808142095,9,-1.3270634591222574e-16,-1.205632815803881e-16,-1.9229062786507711e-13,-0.04951517461041499,1.0019348615949255,1.0939757791671274,0.2357047132419935,3.469002862743764e-12,0.0013507918920367956,not_checked,0.001,not_checked,not_checked,,,
circle_vm2_direct_n800,295,2026691896,True,ok,0.00018925006929015886,0.5375022877680737,0.000681305913634947,0.3016459426215696,0.31103253774630124,0.8596254238907977,0.860121101123426,0.8559731510970351,0.8595037807142628,0.8595037807142627,800.0000000000005,800.0000000000005,0.00125,3.2387426074365067e-12,9.776037105285068,8,6.897152120266536e-16,-3.371868756429919e-17,-5.440092820663267e-14,0.0005770841213423861,0.9381045725016178,1.067636935274184,0.22689627339255722,6.149747378003667e-12,0.0012356247752904892,not_checked,0.001,not_checked,not_checked,,,
circle_vm2_direct_n800,296,2026691897,True,ok,6.660652122780775e-05,0.6281744018507696,0.00041433871750350945,0.10584151871444962,0.1041306835108121,0.9477929602711836,0.948140617082079,0.9492668380548295,0.9481095569682015,0.9481095569682015,800.0000000000005,800.0000000000005,0.00125,5.218048215738236e-15,14.247777688784064,9,2.0635077847830363e-16,6.434739893701469e-17,1.028066520802895e-13,0.00036445762502141515,0.9714478098462949,1.016593636944884,0.1851553202409033,1.1546319456101628e-14,0.0013342080637812614,not_checked,0.001,not_checked,not_checked,,,
circle_vm2_direct_n800,297,2026691898,True,ok,0.0005608356179951368,0.5759682606245338,0.0011990393489492296,0.8861018007458872,0.8847711211200664,0.6320038082147237,0.6356449750183579,0.6425018643145832,0.6384777225575694,0.6384777225575693,800.0000000000005,800.0000000000005,0.00125,2.2744361949378344e-11,12.090274491172776,8,4.472436960709092e-13,-1.6263032587282567e-17,-2.5979218776228663e-14,0.005617594023166139,0.9530886695931355,1.0029813302652133,0.20493355717204684,4.580003043486158e-11,0.0012204169761389494,not_checked,0.001,not_checked,not_checked,,,
circle_vm2_direct_n800,298,2026691899,True,ok,0.0005118516291335862,0.58930258330699,0.001085242723046682,0.8054730473069519,0.9035601190553887,0.6526714628081893,0.6572712499653048,0.6364941451542967,0.6639945726182073,0.6639945726182072,800.0000000000005,800.0000000000005,0.00125,4.300115818978156e-11,13.058287044746343,8,7.546318171042232e-13,-1.244664094013359e-16,-1.9961809982760315e-13,0.006744779653393207,0.8818847029887283,1.0427921219230794,0.17974733016263036,8.840883580774062e-11,0.0012296249624341726,not_checked,0.001,not_checked,not_checked,,,
circle_vm2_direct_n800,299,2026691900,True,ok,0.0017068909859483394,0.5432544538084119,0.002126856510463572,2.6563520662803155,2.6362620130022694,0.23694342586958173,0.2464428461317409,0.2676350429694133,0.25524975321898,0.2552497532189799,800.0000000000005,800.0000000000005,0.00125,4.3796077875413175e-12,11.957000458797296,9,1.93421667571414e-16,1.0104764247564901e-16,1.6298074001497298e-13,0.03733675561851446,0.8848662794193025,1.0129752709387012,0.20804790273216098,8.393064021561258e-12,0.00133733288384974,not_checked,0.001,not_checked,not_checked,,,
circle_vm2_direct_n800,300,2026691901,True,ok,0.0002515311605562065,0.5888054580979567,0.0007914624068333529,0.4009881556140487,0.4049826206526538,0.8159832953889326,0.8165862049328596,0.8166935793679722,0.8177284804712034,0.8177284804712033,800.0000000000005,800.0000000000005,0.00125,4.202271863817941e-11,11.910874875215724,8,3.3470405266800007e-15,2.5560066216345767e-16,4.0900616227190767e-13,0.0007308506379409552,0.9748748058047636,1.0043103073282291,0.19953171396482372,8.629941206095282e-11,0.0012283327523618937,not_checked,0.001,not_checked,not_checked,,,
circle_vm2_direct_n800,301,2026691902,True,ok,0.0005276850533331157,0.5512545562653888,0.0011440178923146258,0.854555224442767,0.84032612305792,0.6654487359141323,0.6621649342193605,0.6569396894906739,0.6556369699631259,0.6556369699631259,800.0000000000005,800.0000000000005,0.00125,6.628586568524497e-12,9.110574754229066,8,-2.9485355129699187e-13,1.8821749714348357e-16,3.0242475190789264e-13,-0.005129569554890745,0.971073416420441,1.105328059895356,0.22704152183460916,1.2856826714369163e-11,0.0012230840511620045,not_checked,0.001,not_checked,not_checked,,,
circle_vm2_direct_n800,302,2026691903,True,ok,0.0005110336580069763,0.5806228854446971,0.001136843371657123,0.8310248141450395,0.7950710921477726,0.6716773095903676,0.6673205999971161,0.6719740561836057,0.6644292175243927,0.6644292175243924,800.0000000000005,800.0000000000005,0.00125,2.8473112756444152e-11,9.966531328741096,8,-7.315196625529152e-13,-1.474514954580286e-16,-2.3714363805993344e-13,-0.00668548066693847,0.9962024869817735,1.0590925147321686,0.21218165246330592,5.774136724312484e-11,0.0012275420594960451,not_checked,0.001,not_checked,not_checked,,,
circle_vm2_direct_n800,303,2026691904,True,ok,0.0014904608460226676,0.5656681408002087,0.0018854101090138191,2.3344871268109078,2.5363137412694075,0.2879545284197751,0.2956028052098817,0.28134970809056414,0.3035015149739417,0.30350151497394157,800.0000000000005,800.0000000000005,0.00125,1.371902591529306e-11,12.421710058601287,9,5.2475385148298415e-17,-1.3877787807814457e-17,-2.3092638912203256e-14,0.025125113412680866,0.9114468526431103,1.0049383456987067,0.1973895401269669,2.719402480977351e-11,0.0013349580112844706,not_checked,0.001,not_checked,not_checked,,,
circle_vm2_direct_n800,304,2026691905,True,ok,0.00038200620998285473,0.5606770386156594,0.0009607527718458027,0.6096109692672097,0.637292898053136,0.7358252479591403,0.7364155797674021,0.7271325822988143,0.7366775732094974,0.7366775732094974,800.0000000000005,800.0000000000005,0.00125,1.0693890217794433e-11,10.59396683562989,8,7.542306623004036e-15,-1.8041124150158794e-16,-2.8910207561239076e-13,0.0007994833526790979,0.9047308985609843,1.0954350359342688,0.2023499276966452,2.103628382599254e-11,0.0012293339241296053,not_checked,0.001,not_checked,not_checked,,,
circle_vm2_direct_n800,305,2026691906,True,ok,0.00023505235123955082,0.612510945184521,0.0007483954516666144,0.37107220918889194,0.400724590284663,0.8230604425173531,0.8251983628603816,0.8184341846291624,0.8285800047537459,0.8285800047537458,800.0000000000005,800.0000000000005,0.00125,1.2497403112377015e-10,13.964749138279823,8,4.5512259325836135e-14,1.4105470264036413e-16,2.2515322939398175e-13,0.002505776397194792,0.8964934900723402,1.039641568029009,0.1735716021003965,2.658773201602571e-10,0.0012264580000191927,not_checked,0.001,not_checked,not_checked,,,
circle_vm2_direct_n800,306,2026691907,True,ok,0.0007111360398952549,0.536201757733392,0.0013721985523185217,1.130868874620075,1.0824258409445309,0.5624204195049456,0.5643997430065235,0.5820418535778922,0.5661428588021151,0.566142858802115,800.0000000000005,800.0000000000005,0.00125,4.1767700409423014e-12,9.93344470998713,8,1.9542538160638445e-13,-2.3852447794681098e-17,-3.9745984281580604e-14,0.0034743946061667197,0.9344680138600391,1.0447983330751633,0.21549120649125722,8.092193581887841e-12,0.0012322920374572277,not_checked,0.001,not_checked,not_checked,,,
circle_vm2_direct_n800,307,2026691908,True,ok,0.004222098508568584,0.5934207820089239,0.003321172052229976,6.476483471769235,6.726817583002584,0.025838946636299535,0.030027316796857058,0.03461705526955341,0.03412657724692955,0.034126577246929496,800.0000000000005,800.0000000000005,0.00125,5.2191917454535997e-11,16.058337862828655,9,1.6046192152785466e-15,-3.7643499428696714e-16,-6.004086117172847e-13,0.13943707097025104,0.8546643273541836,0.9890800479792652,0.17346900016158165,1.0791634252882432e-10,0.0013371673412621021,not_checked,0.001,not_checked,not_checked,,,
circle_vm2_direct_n800,308,2026691909,True,ok,0.0017420376331633847,0.5437788392918199,0.001990796528009853,2.727492206100348,3.1045364229505767,0.2327494985288931,0.24011482923127214,0.21176709610924868,0.24817277387418954,0.24817277387418937,800.0000000000005,800.0000000000005,0.00125,4.504396855509185e-12,11.508810498449494,9,-1.8995222061946038e-16,-1.3010426069826053e-16,-2.0827783941967937e-13,0.02988400348053455,0.8643129428787433,1.0500954569446908,0.19675513505632056,8.633094239485217e-12,0.001337040914222598,not_checked,0.001,not_checked,not_checked,,,
circle_vm2_direct_n800,309,2026691910,True,ok,0.0009114701003611891,0.6102627869760147,0.0015495855927651664,1.4940871283018173,1.3429021811915456,0.5023261577246729,0.49392817320154214,0.5109665807641903,0.4823062080214403,0.48230620802144,800.0000000000005,800.0000000000005,0.00125,1.5687595666946663e-10,10.695553019271646,8,-1.7047216503002227e-11,-7.719519468096792e-17,-1.2434497875801753e-13,-0.017867483861956912,0.9948628480925852,1.1259361301808681,0.20318285220254986,3.16101367303645e-10,0.0012217089533805847,not_checked,0.001,not_checked,not_checked,,,
circle_vm2_direct_n800,310,2026691911,True,ok,0.0018894710294736772,0.6089578041925567,0.0021635507149769546,2.9683453087792047,3.0854604292459333,0.20352528812079046,0.20946863110316633,0.21379659328838835,0.22056191638527436,0.22056191638527414,800.0000000000005,800.0000000000005,0.00125,1.0651846071851878e-10,14.429594692646154,9,6.223320470066795e-17,-2.992397996059992e-17,-4.618527782440651e-14,0.0274041691893403,0.8713122707457364,1.0290241454456712,0.16939505129832902,2.2542101518752133e-10,0.0013360409066081047,not_checked,0.001,not_checked,not_checked,,,
circle_vm2_direct_n800,311,2026691912,True,ok,5.054574956142588e-05,0.6114124130822944,0.0003603559650050252,0.08038970021119962,0.07923637248875594,0.9603367850276281,0.960569171864875,0.961156351818142,0.9603700503794488,0.9603700503794487,800.0000000000005,800.0000000000005,0.00125,1.189006670898607e-10,13.222534896169837,8,2.2371156576522777e-16,1.9199865222002677e-16,3.0730973321624333e-13,0.0002417495435409131,0.9774317246966844,1.0213288494370683,0.19647507928234648,2.5268054315574773e-10,0.0012490837834775448,not_checked,0.001,not_checked,not_checked,,,
circle_vm2_direct_n800,312,2026691913,True,ok,0.00026169619472349304,0.5808828316412846,0.0007884895800800371,0.419714233194176,0.4409440136441719,0.813488724721033,0.8130878311125675,0.8021400929976824,0.8111056551119591,0.8111056551119591,800.0000000000005,800.0000000000005,0.00125,2.883226990491039e-11,11.035229489906852,8,-2.0150981577815585e-15,4.607859233063394e-17,7.394085344003543e-14,-0.0005001608182934603,0.9233527037731902,1.1130089627321866,0.20494160830978125,5.849032369553697e-11,0.0014118750113993883,not_checked,0.001,not_checked,not_checked,,,
circle_vm2_direct_n800,313,2026691914,True,ok,0.0001490808059800841,0.5384340246830965,0.0006035928095412281,0.2370915133089295,0.24540391898783406,0.8865463512570448,0.8871900845639009,0.884527248227973,0.8875728781451179,0.8875728781451179,800.0000000000005,800.0000000000005,0.00125,3.401834369753942e-12,9.972715411933216,8,8.909431352399633e-16,1.4387362828882644e-16,2.3026025530725747e-13,0.0007188881296026073,0.9660282108728994,1.015328796203222,0.223815150912283,6.467937296861237e-12,0.0015178751200437546,not_checked,0.001,not_checked,not_checked,,,
circle_vm2_direct_n800,314,2026691915,True,ok,0.0058010586505654604,0.594654676227347,0.003378223807690486,8.689966189077225,11.941576915094613,0.0053277309011377175,0.007364672834822792,0.0025522283018015626,0.009649521788525552,0.009649521788525527,800.0000000000005,800.0000000000005,0.00125,5.5273563503988044e-11,18.755342553711504,9,1.2569979779275542e-13,2.203098814490545e-16,3.5349501104064984e-13,0.2958638259137585,0.7247647207629953,1.0106736583553098,0.14599460478180357,1.1452194748073907e-10,0.0013718330301344395,not_checked,0.001,not_checked,not_checked,,,
circle_vm2_direct_n800,315,2026691916,True,ok,0.0009190766204212331,0.5880687453080169,0.0014903765429898983,1.4982756976506146,1.4960077337685618,0.48890793802297783,0.482350998092542,0.47331040096965105,0.4793801823227768,0.4793801823227767,800.0000000000005,800.0000000000005,0.00125,7.50122186587987e-11,10.103204605175975,8,-7.1766538024820026e-12,7.546047120499111e-17,1.2034817586936697e-13,-0.013876552488320426,0.9921312650107528,1.0636732126259925,0.20272429090208938,1.4610335163922628e-10,0.0012497920542955399,not_checked,0.001,not_checked,not_checked,,,
circle_vm2_direct_n800,316,2026691917,True,ok,5.813845974689258e-05,0.5310882939768995,0.0003801169166723762,0.09346076623306465,0.09316071946094853,0.9548946838609131,0.9546866055325687,0.9544878551012194,0.9545542820674066,0.9545542820674064,800.0000000000005,800.0000000000005,0.00125,2.300715173930712e-12,8.911340742634927,8,-1.215119584813129e-16,-1.0446287931897835e-16,-1.6697754290362354e-13,-0.00021961531901823483,0.9884792433421821,1.0273368005909431,0.23157840825743364,4.32542890393961e-12,0.0012470001820474863,not_checked,0.001,not_checked,not_checked,,,
circle_vm2_direct_n800,317,2026691918,True,ok,0.0029072582331313157,0.5892666164540725,0.002688890139056393,4.464183344891794,4.847667420172673,0.08105392695280282,0.08966474373875999,0.08858137037869844,0.09770460504447445,0.09770460504447433,800.0000000000005,800.0000000000005,0.00125,4.295297451051283e-11,15.54808985955598,9,3.5952144039619327e-16,7.28583859910259e-17,1.1546319456101628e-13,0.0937149140591571,0.8623645134689155,0.9878229557033582,0.176298371468212,8.825229436126847e-11,0.0014956670347601175,not_checked,0.001,not_checked,not_checked,,,
circle_vm2_direct_n800,318,2026691919,True,ok,0.0011306070050431938,0.56992476926107,0.0015742229392780552,1.8402207962127615,2.0367599782482113,0.41371848307845427,0.4074818588521031,0.36117958133260686,0.404750033347288,0.40475003334728765,800.0000000000005,800.0000000000005,0.00125,1.0166611996709207e-10,9.47750937938918,8,-9.85658559979341e-12,2.47198095326695e-17,3.863576125695545e-14,-0.015624794071825154,0.8975108659876478,1.1616354664727944,0.19796861397463955,1.9368751047466048e-10,0.0012762497644871473,not_checked,0.001,not_checked,not_checked,,,
circle_vm2_direct_n800,319,2026691920,True,ok,0.000701400964661758,0.561029955909117,0.0013173727836642145,1.135352011862402,1.120923329952971,0.5794787329324265,0.5757974291659094,0.5709454174926119,0.5705692275006939,0.5705692275006939,800.0000000000005,800.0000000000005,0.00125,1.0879519507511759e-11,9.51645638509791,8,-7.590283653338692e-13,-3.469446951953614e-17,-5.5067062021407764e-14,-0.006555234201794269,0.9913550581570059,1.0664363780530195,0.22797039340342065,2.1423973706191646e-11,0.0012317087966948748,not_checked,0.001,not_checked,not_checked,,,
circle_vm2_direct_n800,320,2026691921,True,ok,0.0007083434542953793,0.5836676039016075,0.0013478392064577309,1.137740738116016,1.0964268899020746,0.5652160364036047,0.5639682932231747,0.5779814842739153,0.5674090745978378,0.5674090745978377,800.0000000000005,800.0000000000005,0.00125,3.294464701042443e-11,11.065597479374071,8,-1.8613843105752537e-13,8.673617379884035e-18,1.354472090042691e-14,-0.0021956056217042885,0.9499975712537502,1.0378147295355828,0.1965031246716298,6.711253774938086e-11,0.0012717919889837503,not_checked,0.001,not_checked,not_checked,,,
circle_vm2_direct_n800,321,2026691922,True,ok,5.667834916089909e-05,0.5717318881803348,0.0003766185397657184,0.09046140141214123,0.09126572762605642,0.9556369213985657,0.9557440149843932,0.9553926570275548,0.9556699373823295,0.9556699373823295,800.0000000000005,800.0000000000005,0.00125,1.850031239314376e-11,11.025241343100017,8,-8.36326450801006e-17,-8.212831456577696e-17,-1.3167245072054357e-13,0.0001119786226486813,0.9379152018648724,1.0644748100576182,0.21100861314109118,3.7014613596397794e-11,0.0012053328100591898,not_checked,0.001,not_checked,not_checked,,,
circle_vm2_direct_n800,322,2026691923,True,ok,0.000522186394234847,0.6356802923494453,0.0011766755621676257,0.8203389167878857,0.8031675951881526,0.6499379883550236,0.6550365997274912,0.6692592350361675,0.6585274220985504,0.6585274220985504,800.0000000000005,800.0000000000005,0.00125,1.6617596187984418e-11,15.88006835693359,9,1.4415961913788466e-12,-4.0679265511656126e-16,-6.503686478254167e-13,0.00757965699393498,0.9062145035613649,1.0362627894637069,0.1680277239832334,3.8238967547954417e-11,0.001305958954617381,not_checked,0.001,not_checked,not_checked,,,
circle_vm2_direct_n800,323,2026691924,True,ok,0.0006139457860034891,0.5819663579940453,0.0011786713117646985,0.9914293218482352,1.074211090310239,0.6201148375816281,0.6173751668339911,0.5844374343275518,0.6119182224763984,0.6119182224763982,800.0000000000005,800.0000000000005,0.00125,3.035394158246163e-11,10.548827409183115,8,-3.6206985760262045e-13,-9.421716878899034e-17,-1.5054624213917123e-13,-0.0045580321213259944,0.9172043927722888,1.1483573723917557,0.20119417961146244,6.17115247791844e-11,0.0013942501973360777,not_checked,0.001,not_checked,not_checked,,,
circle_vm2_direct_n800,324,2026691925,True,ok,0.0007705209090800302,0.5795447373547344,0.0014020446433660248,1.2159612946445308,1.2247894400490826,0.5257925027342769,0.5304357364511567,0.5420512525978496,0.5398754969212878,0.5398754969212876,800.0000000000005,800.0000000000005,0.00125,2.702593704384526e-11,12.378723257420242,8,1.6238233630991306e-12,-2.6768951638667104e-16,-4.2676973066591017e-13,0.0084360799417591,0.8991211167202632,1.0212838628490783,0.18759625042591732,5.473776987230394e-11,0.0012734578922390938,not_checked,0.001,not_checked,not_checked,,,
circle_vm2_direct_n800,325,2026691926,True,ok,0.0008233221309790206,0.6020449509116297,0.0015037442583275943,1.3128106194093372,1.2008361698226473,0.5034617935744305,0.5046408488385121,0.548582234187896,0.5175455673942913,0.517545567394291,800.0000000000005,800.0000000000005,0.00125,7.778422350668279e-11,12.586129047488479,8,3.192507022631297e-13,-6.25584653524136e-17,-9.947598300641403e-14,0.0022523950785482416,0.8337822750435843,1.0976926286605928,0.16452945379338418,1.629161250349398e-10,0.0012056680861860514,not_checked,0.001,not_checked,not_checked,,,
circle_vm2_direct_n800,326,2026691927,True,ok,0.0001233912547475846,0.529862492763808,0.0005551803017700734,0.1978652438986567,0.19812724800581252,0.9052576895016944,0.905057261877152,0.9056850828800516,0.9060026900458211,0.9060026900458211,800.0000000000005,800.0000000000005,0.00125,2.1522783555383285e-12,9.0451164910206,8,-3.1051550219984847e-16,-2.484991379336776e-16,-3.9745984281580604e-13,-0.00021961815126060602,0.9338854989875046,1.0529798039210665,0.21827846181237992,4.04254407726512e-12,0.001200792146846652,not_checked,0.001,not_checked,not_checked,,,
circle_vm2_direct_n800,327,2026691928,True,ok,0.0014664211480102107,0.5744062219937169,0.0018904115015309524,2.409580232969911,2.34680092893483,0.32341790699787565,0.313717514859619,0.30931334188871773,0.30939487094390355,0.30939487094390333,800.0000000000005,800.0000000000005,0.00125,2.107070073975592e-11,8.990714648619038,9,6.917209860457518e-17,1.4159680372660688e-16,2.2737367544323206e-13,-0.03165319807678624,1.0151255245236037,1.0636587604058931,0.21528425483322194,4.234923522972167e-11,0.001307876082137227,not_checked,0.001,not_checked,not_checked,,,
circle_vm2_direct_n800,328,2026691929,True,ok,0.00040960952900803704,0.5091373622516233,0.0010487850184735888,0.654573618799841,0.6124810304372995,0.7189953575749054,0.7192853507139116,0.7362095285646919,0.720588079545509,0.7205880795455089,800.0000000000005,800.0000000000005,0.00125,6.871170299405094e-13,8.622925794288408,8,2.594875269518182e-15,4.2717565595928875e-17,6.750155989720952e-14,0.00040081380650930365,0.9070005647193833,1.086333963108331,0.22147891427454766,1.247668635073751e-12,0.001190918032079935,not_checked,0.001,not_checked,not_checked,,,
circle_vm2_direct_n800,329,2026691930,True,ok,0.001343925522117484,0.5294488223972238,0.0018946868490338064,2.191196011401604,1.9685631626632472,0.3557695435973982,0.3488576914010827,0.3737076090426107,0.3412498344217798,0.3412498344217795,800.0000000000005,800.0000000000005,0.00125,1.5273970976892315e-10,7.915270990358822,8,-1.6045037260631334e-11,7.41594285980085e-17,1.1812772982011666e-13,-0.020457588006814076,0.9448830206011277,1.140176084202405,0.2247873618245501,2.707198909490671e-10,0.001422791974619031,not_checked,0.001,not_checked,not_checked,,,
circle_vm2_direct_n800,330,2026691931,True,ok,0.0012389892649469214,0.592681097613331,0.001793683548047572,1.9666530097705475,1.915211401805607,0.36112007318439343,0.3640465958303789,0.3838107444416927,0.37113425372409886,0.37113425372409853,800.0000000000005,800.0000000000005,0.00125,6.837108657009594e-11,12.55294554565977,8,3.950948943010069e-12,-8.044780119842443e-17,-1.3078427230084344e-13,0.00786490707226395,0.9042870853001062,1.0444774368838203,0.1826061526370413,1.4508372281341053e-10,0.001264624996110797,not_checked,0.001,not_checked,not_checked,,,
circle_vm2_direct_n800,331,2026691932,True,ok,0.0018377381291201367,0.5757988048372169,0.002196477262515674,3.0210561327623315,2.6937031786511327,0.25309878581365763,0.24374460482981813,0.2600577416574508,0.22988168779584225,0.22988168779584212,800.0000000000005,800.0000000000005,0.00125,2.2558732659661018e-11,9.023907298488323,9,2.0079424234431542e-16,3.0921445959286586e-16,4.933831121434196e-13,-0.04033756308505554,1.0127213356070326,1.1283081746131691,0.2269413389105723,4.540967601940338e-11,0.0013657079543918371,not_checked,0.001,not_checked,not_checked,,,
circle_vm2_direct_n800,332,2026691933,True,ok,0.00125800038701529,0.6135165228140109,0.0017351630746448008,1.9794492163160955,2.1208985140065977,0.3560404419395441,0.3621803233325166,0.34630019758860736,0.3655324176983608,0.36553241769836065,800.0000000000005,800.0000000000005,0.00125,1.7050783007732662e-10,14.477784688977584,8,1.704756821818698e-11,4.640385298237959e-17,7.460698725481052e-14,0.016675701454184955,0.9204190846975896,1.0301185503227084,0.18017255894922224,3.8009373426461934e-10,0.0012338748201727867,not_checked,0.001,not_checked,not_checked,,,
circle_vm2_direct_n800,333,2026691934,True,ok,0.004067439549478857,0.540637899397252,0.0031767759996079625,6.229881616293445,6.834615987795142,0.030254220349001278,0.03508625181243482,0.03280061565175632,0.03862128847733036,0.038621288477330304,800.0000000000005,800.0000000000005,0.00125,3.821387650759789e-12,13.362135461204065,9,7.199102425303749e-16,-1.6046192152785466e-16,-2.5845992013273644e-13,0.13901083143636495,0.832633847053929,1.0205905245924847,0.1973430633647679,7.288614156664153e-12,0.0013438330497592688,not_checked,0.001,not_checked,not_checked,,,
circle_vm2_direct_n800,334,2026691935,True,ok,0.0003587711444221764,0.5043752400561112,0.0009498095041507533,0.5798967775269119,0.5639239878360603,0.7555881964295728,0.753428498163061,0.7543023520653378,0.7504990336349671,0.750499033634967,800.0000000000005,800.0000000000005,0.00125,6.943334796005729e-13,7.690605667770949,8,-3.886198004024455e-14,-2.9327668765732895e-16,-4.689582056016661e-13,-0.002931473225714687,1.0073889793550554,1.0410771633459124,0.24969305113691365,1.212363542890671e-12,0.001236623851582408,not_checked,0.001,not_checked,not_checked,,,
circle_vm2_direct_n800,335,2026691936,True,ok,0.0010258304778263394,0.5745246509972397,0.001591604934136078,1.600711101792403,1.700212255538928,0.42371432222728533,0.4328126677233166,0.42736957376228746,0.4401391367101084,0.44013913671010807,800.0000000000005,800.0000000000005,0.00125,1.5697787514312722e-10,13.094866389071841,8,1.835832874608201e-11,-1.695692197767329e-16,-2.722266856380884e-13,0.020308831364870494,0.9257516358974565,0.9862144535845735,0.1964977289322664,3.337077281173606e-10,0.0013722919393330812,not_checked,0.001,not_checked,not_checked,,,
circle_vm2_direct_n800,336,2026691937,True,ok,0.0011954419028177288,0.5861095409473096,0.0017266178825287555,1.9089777403376091,1.9095564745045175,0.3812396611264314,0.381957115113408,0.384897491014502,0.3842916450849167,0.3842916450849165,800.0000000000005,800.0000000000005,0.00125,4.322353586161398e-11,11.70468646555985,8,6.058838326883365e-13,1.6263032587282567e-16,2.6068036618198676e-13,0.0018646520853790038,0.9794772811522559,1.0040646130109823,0.20160194229628237,8.896816616754677e-11,0.001200708094984293,not_checked,0.001,not_checked,not_checked,,,
circle_vm2_direct_n800,337,2026691938,True,ok,0.0003152973233344625,0.5995591912118206,0.0008791519207558821,0.5089282134839825,0.5096996716038787,0.7812606157431643,0.7795605309146023,0.7750328714129057,0.777059885656419,0.777059885656419,800.0000000000005,800.0000000000005,0.00125,6.935818586129017e-11,11.366978030715313,8,-3.6865855420481486e-14,1.2023802092864244e-16,1.9273471707492718e-13,-0.002226248074421122,0.9819718372404649,1.0631219761339468,0.20738217261365688,1.4479017984569964e-10,0.001196166966110468,not_checked,0.001,not_checked,not_checked,,,
circle_vm2_direct_n800,338,2026691939,True,ok,0.0008927737432755656,0.5577458087638465,0.0014847633824077665,1.4050299890417852,1.4621537245212153,0.47599429358633727,0.48182011014738313,0.48139031980407754,0.48957432270223544,0.48957432270223533,800.0000000000005,800.0000000000005,0.00125,3.7315150969163824e-11,11.62211947694139,8,3.4216071816139948e-12,7.37257477290143e-17,1.1812772982011666e-13,0.011704000099560297,0.9596996665233305,0.9645165832741757,0.21101136066959783,7.62487850636262e-11,0.0012155422009527683,not_checked,0.001,not_checked,not_checked,,,
circle_vm2_direct_n800,339,2026691940,True,ok,0.0018069566716074625,0.5925781573128972,0.002146585418675481,2.98141998924578,2.7485913275777505,0.2567546146995803,0.24610327322619285,0.2530177426179389,0.23561283817462642,0.23561283817462622,800.0000000000005,800.0000000000005,0.00125,5.017841697707581e-11,9.446397487495233,9,3.5128150388530344e-17,2.2768245622195593e-17,3.552713678800501e-14,-0.04514465733691897,0.9809014574140942,1.1475883046418442,0.20964629033133658,1.0361689284366093e-10,0.0013591249007731676,not_checked,0.001,not_checked,not_checked,,,
circle_vm2_direct_n800,340,2026691941,True,ok,0.0007344575605907622,0.5795105503564912,0.001361019842236926,1.1818902654677275,1.1603564626950957,0.5653298058034828,0.5634805976425858,0.5597985840174924,0.5556781337595019,0.5556781337595017,800.0000000000005,800.0000000000005,0.00125,2.6993074442316356e-11,10.730281317908743,8,-3.310654701771387e-13,4.5102810375396984e-17,7.283063041541027e-14,-0.003379084261253662,0.9421134964266041,1.1240031658214,0.20717575043802108,5.4643845004420655e-11,0.0012226260732859373,not_checked,0.001,not_checked,not_checked,,,
circle_vm2_direct_n800,341,2026691942,True,ok,0.003896793842627533,0.5491881439778508,0.003194236593813198,6.434120787647764,5.669215924452424,0.056879010364307384,0.051920286897223306,0.058741550226941296,0.0442705736604002,0.044270573660400124,800.0000000000005,800.0000000000005,0.00125,5.952571768830239e-12,7.822945261098963,9,-2.0556473190325164e-16,-1.1709383462843448e-17,-2.1316282072803006e-14,-0.09962531972185396,1.0023781633722249,1.169646741064875,0.23725517172483424,1.152433704021405e-11,0.0013561660889536142,not_checked,0.001,not_checked,not_checked,,,
circle_vm2_direct_n800,342,2026691943,True,ok,0.0001822048853512559,0.551799141924822,0.0006860468104384671,0.2936666864568155,0.2800985233772394,0.8651171060730278,0.8641980100726334,0.8693154103989392,0.8643617477479387,0.8643617477479387,800.0000000000005,800.0000000000005,0.00125,6.8185457280378614e-12,9.466491298707421,8,-2.3530439749452903e-15,3.2208936039113123e-16,5.155875726359227e-13,-0.0010694349474029419,0.9651442456881812,1.048514802708293,0.2204123757483901,1.323097187366784e-11,0.0012314592022448778,not_checked,0.001,not_checked,not_checked,,,
circle_vm2_direct_n800,343,2026691944,True,ok,0.0002222213571441145,0.6236489689914966,0.000686837043609955,0.3513527612730783,0.420921747878266,0.8271177931803548,0.8289737545074303,0.8102107548885117,0.8371290107061475,0.8371290107061475,800.0000000000005,800.0000000000005,0.00125,5.185851748024106e-13,14.472844703095376,9,2.902634187694486e-14,2.3936473463048724e-16,3.8324898810060404e-13,0.0021007050787525683,0.8308659533262582,1.0543991427325143,0.15663194576660466,1.149080830487037e-12,0.001339209033176303,not_checked,0.001,not_checked,not_checked,,,
circle_vm2_direct_n800,344,2026691945,True,ok,0.0008334823097082555,0.5980538269126712,0.001540536068605949,1.3636802375957549,1.1432139532977426,0.5346731180716018,0.5271944129679846,0.5646173823333043,0.513355933061797,0.5133559330617968,800.0000000000005,800.0000000000005,0.00125,9.237255405025735e-11,10.274996503270446,8,-9.387033034560788e-12,-1.3931997916438732e-16,-2.2137847111025621e-13,-0.015054271031272659,0.915405169455911,1.230520823257511,0.196226546561656,1.829452145329924e-10,0.0012963761109858751,not_checked,0.001,not_checked,not_checked,,,
circle_vm2_direct_n800,345,2026691946,True,ok,0.0005820159134983793,0.5767436807318003,0.001220699267543784,0.9471580407509076,0.8930777503331153,0.6377317109774823,0.6328431972193795,0.6398388858585009,0.6277503453540827,0.6277503453540826,800.0000000000005,800.0000000000005,0.00125,2.3607227284117016e-11,9.75281040391734,8,-1.2085424891741803e-12,-1.2977900004651488e-16,-2.0805579481475434e-13,-0.007966289576750052,0.9946090897256615,1.0767919731836157,0.22050585444951268,4.760991600960551e-11,0.0012428341433405876,not_checked,0.001,not_checked,not_checked,,,
circle_vm2_direct_n800,346,2026691947,True,ok,0.00014030415588961453,0.6126950073669881,0.0006061652789582987,0.22423848062003263,0.21505517371952615,0.8938555105075505,0.8939663918578147,0.8980517476814518,0.8938267409038162,0.8938267409038162,800.0000000000005,800.0000000000005,0.00125,1.2600798182660355e-10,12.873287846237055,8,1.493217442055661e-16,6.299214622140781e-17,1.0058620603103918e-13,0.00012408440167538393,0.953066309119556,1.049709561932191,0.18423997917765658,2.6815105691468943e-10,0.0012344580609351397,not_checked,0.001,not_checked,not_checked,,,
circle_vm2_direct_n800,347,2026691948,True,ok,0.0013853710264750685,0.5523628934317526,0.0019088259284557217,2.2693872868629104,2.0447456631957506,0.3509955473062141,0.3423603064833176,0.3597403234367808,0.3301207371844,0.33012073718439977,800.0000000000005,800.0000000000005,0.00125,7.017053604840839e-12,8.379024084603728,9,-9.540979117872439e-18,-3.0140820395097023e-17,-4.707345624410664e-14,-0.02639682225139972,0.9927570709567967,1.126377928589506,0.23276462189441827,1.3628653761088572e-11,0.0013522910885512829,not_checked,0.001,not_checked,not_checked,,,
circle_vm2_direct_n800,348,2026691949,True,ok,0.001726175959281706,0.590096236623405,0.0020709894412787016,2.84760881921405,2.68615816427598,0.27130587935615924,0.26054544648668965,0.2610406642325478,0.2513419874461766,0.2513419874461764,800.0000000000005,800.0000000000005,0.00125,4.4650505515164696e-11,9.353530630662275,9,4.119968255444917e-17,-3.5344990823027445e-17,-5.728750807065808e-14,-0.04286364218165928,1.016684786224549,1.1010817524007617,0.21126451077588818,9.188849681152078e-11,0.0013507497496902943,not_checked,0.001,not_checked,not_checked,,,
circle_vm2_direct_n800,349,2026691950,True,ok,0.00032051613037320514,0.606712315114861,0.0008755679006117198,0.5174337483135723,0.5334570540776693,0.7738383603845573,0.7720580497254457,0.7658809592180443,0.7738223882282699,0.7738223882282698,800.0000000000005,800.0000000000005,0.00125,9.623091212773716e-11,11.698734420199745,8,-4.29458443633457e-14,1.4777675610977425e-16,2.3647750424515834e-13,-0.0023039698582218437,0.943022667998857,1.0601248500826108,0.18505991704629748,2.0295809477488547e-10,0.0012587509118020535,not_checked,0.001,not_checked,not_checked,,,
circle_vm2_direct_n800,350,2026691951,True,ok,0.000863698075505237,0.5652411163461908,0.0015292341340409465,1.4097785824167215,1.2509715521395,0.5153139073010191,0.5084841281653956,0.5350014744707954,0.5010955585760908,0.5010955585760906,800.0000000000005,800.0000000000005,0.00125,6.232814264706121e-11,9.089832811541658,8,-6.007343385759645e-12,-3.245017102249115e-16,-5.209166431541234e-13,-0.01393083080417068,0.937503230796011,1.1544359776620428,0.212530762974186,1.1748380046583407e-10,0.0012294990010559559,not_checked,0.001,not_checked,not_checked,,,
circle_vm2_direct_n800,351,2026691952,True,ok,0.0016149746686000555,0.5624347804683476,0.0020177925980205376,2.596756118373093,2.563220148246324,0.27669505224403446,0.27494496534813373,0.27758999998054834,0.27472635900450365,0.2747263590045035,800.0000000000005,800.0000000000005,0.00125,1.1972911551083598e-10,10.13261118499649,8,-5.1168338229684585e-12,1.0343288725511712e-16,1.6697754290362354e-13,-0.006398324306501557,0.9132574284660547,1.1009816558532364,0.20528678215076634,2.327185111283825e-10,0.0012225420214235783,not_checked,0.001,not_checked,not_checked,,,
circle_vm2_direct_n800,352,2026691953,True,ok,0.0007262749497383147,0.6022227860559166,0.0013586042974435206,1.137142506403776,1.1663175445767626,0.5487823668166385,0.5558832747841893,0.5581325654708076,0.5593275838818299,0.5593275838818297,800.0000000000005,800.0000000000005,0.00125,7.842404503577427e-11,14.207643175563373,8,5.082461144653716e-12,-9.161508357502512e-17,-1.4788170688007085e-13,0.01244870658876418,0.9606163369399261,0.9759874227234678,0.19131228450922777,1.6429124727324051e-10,0.001234208233654499,not_checked,0.001,not_checked,not_checked,,,
circle_vm2_direct_n800,353,2026691954,True,ok,0.0006274768197556124,0.5709485644249408,0.0012302826020806452,0.9849326414762253,1.057035630377307,0.5927137960443389,0.5986186320041078,0.589478037888681,0.6053300359006761,0.6053300359006759,800.0000000000005,800.0000000000005,0.00125,2.0781709686445993e-11,12.38695426752612,8,1.8709808008443574e-12,-1.6263032587282567e-17,-2.6201263381153694e-14,0.009515135066377634,0.9294546495277237,0.9907305328845111,0.19763350601680332,4.344280490897745e-11,0.0012190418783575296,not_checked,0.001,not_checked,not_checked,,,
circle_vm2_direct_n800,354,2026691955,True,ok,0.002209748490466401,0.577792270275965,0.0022994392346872092,3.6139147587902443,3.6057845954646934,0.18330164527661824,0.17654921709543164,0.16482148535044952,0.1707083400609644,0.1707083400609642,800.0000000000005,800.0000000000005,0.00125,2.484701333571593e-11,9.492040434705373,9,4.7704895589362195e-17,-8.239936510889834e-18,-1.1546319456101628e-14,-0.039158587022000146,0.9853380198464455,1.0990347324004233,0.21722070211437666,5.0167425769132024e-11,0.001344500109553337,not_checked,0.001,not_checked,not_checked,,,
circle_vm2_direct_n800,355,2026691956,True,ok,0.00803993231844835,0.5757285143532063,0.004621552606269445,13.004328754756328,11.634539844137354,0.002006613004444956,0.0018773233994204665,0.0029757180074302483,0.001609316290030422,0.0016093162900304172,800.0000000000005,800.0000000000005,0.00125,2.2467694371641755e-11,10.596001133362332,9,-4.336808689942018e-15,3.9898639947466563e-17,6.217248937900877e-14,-0.0702185226194798,0.9090719307426384,1.1358335911089104,0.19397516347701874,4.525091412688198e-11,0.0013389158993959427,not_checked,0.001,not_checked,not_checked,,,
circle_vm2_direct_n800,356,2026691957,True,ok,0.00025623493945858833,0.588256624520306,0.0008437345109357948,0.40656257496469417,0.3804130294726723,0.8148187228922757,0.8162075279070233,0.826788372328857,0.8146571316942596,0.8146571316942595,800.0000000000005,800.0000000000005,0.00125,4.094302674673145e-11,12.286059936063673,8,1.396468661193917e-14,-1.3286897623809857e-16,-2.1227464230832993e-13,0.0017066640845236902,0.8579506625023459,1.165024999618748,0.18676407116741306,8.402234463744662e-11,0.0012239988427609205,not_checked,0.001,not_checked,not_checked,,,
circle_vm2_direct_n800,357,2026691958,True,ok,0.00011571794054687778,0.5936897088806994,0.0005123436248307056,0.18560077751167747,0.20378444053130604,0.9126677512921901,0.9124641859591638,0.90312688519926,0.9115814301433454,0.9115814301433454,800.0000000000005,800.0000000000005,0.00125,5.2845949838342676e-11,11.606163486575285,8,-1.9225615023599207e-16,-8.978549240895584e-17,-1.4366285938649526e-13,-0.00022603631833645332,0.9094926322339747,1.1277634532637906,0.1965524451160954,1.0932521554707364e-10,0.0012269588187336922,not_checked,0.001,not_checked,not_checked,,,
circle_vm2_direct_n800,358,2026691959,True,ok,0.000871230634252651,0.6007883065471682,0.001515326626077579,1.4132837473535216,1.309226661551587,0.5005487516888749,0.4957781723119279,0.5196429536831082,0.498085013144005,0.49808501314400466,800.0000000000005,800.0000000000005,0.00125,7.343026187101032e-11,11.049851742809931,8,-3.2226712617933195e-12,-1.4647571350279165e-16,-2.349231920106831e-13,-0.009657366274639534,0.9224548057009205,1.0967297442261101,0.18402983806011797,1.5349743698322982e-10,0.0012255420442670584,not_checked,0.001,not_checked,not_checked,,,
circle_vm2_direct_n800,359,2026691960,True,ok,0.0005788395729542373,0.5467582684054966,0.0012038983640468143,0.9346887620656765,0.9203455694373426,0.6324933870471781,0.6298267639056474,0.63117457876264,0.62934753287809,0.6293475328780898,800.0000000000005,800.0000000000005,0.00125,5.257017043902579e-12,9.1542984154773,8,-2.1235530694996285e-13,2.2659825404947043e-17,3.6415315207705135e-14,-0.00427272266944817,0.9516990019567154,1.0728681490237195,0.21349645272964163,1.0123901716951877e-11,0.0012253751046955585,not_checked,0.001,not_checked,not_checked,,,
circle_vm2_direct_n800,360,2026691961,True,ok,0.0010700077446685885,0.5587919994479476,0.0016334056070894185,1.7096305390400859,1.7213858094544494,0.4199761449123137,0.420482831034923,0.42286897287071645,0.42485548816180696,0.42485548816180674,800.0000000000005,800.0000000000005,0.00125,1.9871437828555827e-11,10.458355466355318,8,2.0301945888312467e-13,-2.1293730667615307e-16,-3.388400671155978e-13,0.0011909262148283029,0.9195364231614938,1.0565245142704265,0.2048272219941201,3.9221736969352605e-11,0.001228333218023181,not_checked,0.001,not_checked,not_checked,,,
circle_vm2_direct_n800,361,2026691962,True,ok,0.0003657338278659772,0.5759273266027702,0.000960274703812081,0.5840401718611528,0.5829873760422206,0.7470822724918185,0.7475043636994039,0.7471467295624714,0.7463302649832246,0.7463302649832246,800.0000000000005,800.0000000000005,0.00125,2.2686519329795374e-11,11.185511349753034,8,5.23192600354605e-15,-1.4598782252517317e-16,-2.34035013590983e-13,0.0005669763622055402,0.9358392163005381,1.0751980109712787,0.20034901157688612,4.5705661477768444e-11,0.0012392501812428236,not_checked,0.001,not_checked,not_checked,,,
circle_vm2_direct_n800,362,2026691963,True,ok,3.198813693039426e-05,0.5476921488696977,0.00027739776895901,0.05111544538327109,0.05326821248183461,0.9747322472237283,0.9747642082214205,0.9737174534918374,0.9747341522291735,0.9747341522291735,800.0000000000005,800.0000000000005,0.00125,5.518252521596878e-12,9.953552256257984,8,9.530137096147584e-17,9.753753794222719e-17,1.5587531265737198e-13,3.278685267987802e-05,0.9582701727613807,1.0433634990849787,0.22259546725382498,1.06430420032666e-11,0.001243166858330369,not_checked,0.001,not_checked,not_checked,,,
circle_vm2_direct_n800,363,2026691964,True,ok,0.0005350068784137907,0.5823993073102487,0.001144104376841383,0.8403890445566685,0.8915459573277686,0.6410769506935843,0.6462977781495494,0.640329123935304,0.6518078280657007,0.6518078280657007,800.0000000000005,800.0000000000005,0.00125,3.0997648892139296e-11,12.862994800888558,8,1.1167708468054482e-12,1.199127602768968e-16,1.9229062786507711e-13,0.007810980452698513,0.9072336434005246,1.0206904895076798,0.1904188998505054,6.304534672096906e-11,0.001225374871864915,not_checked,0.001,not_checked,not_checked,,,
circle_vm2_direct_n800,364,2026691965,True,ok,0.0017249220412238753,0.5710771750385559,0.002025211214617341,2.8345950334734837,2.8295466954542157,0.2666097411446857,0.2572433910257297,0.2429806793313424,0.251594243753919,0.2515942437539187,800.0000000000005,800.0000000000005,0.00125,1.7912227256999813e-11,8.861415244081739,9,5.659535340374333e-17,7.155734338404329e-17,1.1501910535116622e-13,-0.037359883757640766,0.9948474123709505,1.0936443971117809,0.2142310873521882,3.5808467302445024e-11,0.0013787499628961086,not_checked,0.001,not_checked,not_checked,,,
circle_vm2_direct_n800,365,2026691966,True,ok,0.00032620604307642687,0.5836404356401164,0.0009497910674451824,0.5285056273522147,0.46981470073936143,0.7780591200088758,0.7756059954127761,0.7906440991189116,0.770308007434966,0.7703080074349659,800.0000000000005,800.0000000000005,0.00125,3.290134831246405e-11,10.364917556102766,8,-8.895575248635268e-14,3.404394821604484e-17,5.3734794391857577e-14,-0.0032879792149657083,0.9023778422060327,1.1953964544930153,0.19996675867254055,6.70223876397813e-11,0.0012249159626662731,not_checked,0.001,not_checked,not_checked,,,
circle_vm2_direct_n800,366,2026691967,True,ok,0.0008438199610147912,0.5609949268516146,0.0014518373957787259,1.3766197541642615,1.3268237278327188,0.5188288087072095,0.5121883153143811,0.5150909129405372,0.5091279245251039,0.5091279245251037,800.0000000000005,800.0000000000005,0.00125,5.3266058230860835e-11,8.964887681939837,8,-5.033941362711514e-12,-9.768661574094395e-17,-1.56097357262297e-13,-0.013253908270297488,1.000081288133947,1.057995117884669,0.22221746729302422,9.97915083900125e-11,0.0012317090295255184,not_checked,0.001,not_checked,not_checked,,,
circle_vm2_direct_n800,367,2026691968,True,ok,0.0009308285284499451,0.581040231137095,0.0015583436759406021,1.4999624679588364,1.4144150013307737,0.48366761913336054,0.48116580018305677,0.49301903227447275,0.47489439652986665,0.4748943965298663,800.0000000000005,800.0000000000005,0.00125,2.9036661963743882e-11,10.697175986976605,8,-1.1160310956631614e-12,5.388484797252957e-17,8.659739592076221e-14,-0.005318411219461638,0.9830293623914692,1.0685085059126003,0.2074088489339081,5.894995602773179e-11,0.0012255820911377668,not_checked,0.001,not_checked,not_checked,,,
circle_vm2_direct_n800,368,2026691969,True,ok,0.00015654175663359915,0.6027016590732783,0.0006227272124412638,0.25297332094369224,0.2502453787013041,0.8850490376901268,0.8839682106896039,0.8823886362543636,0.882290947160707,0.882290947160707,800.0000000000005,800.0000000000005,0.00125,8.015788033333138e-11,11.430190246218967,8,-5.373522807272657e-15,1.4181364416110398e-16,2.26929586233382e-13,-0.0012532551649667156,0.9827452429676906,1.0701213574198836,0.19509170037996962,1.6805512537132472e-10,0.0012239161878824234,not_checked,0.001,not_checked,not_checked,,,
circle_vm2_direct_n800,369,2026691970,True,ok,0.0009734239284615587,0.5483892120086533,0.0015793199691365202,1.5521601190266627,1.533454162186381,0.44975927846352903,0.45098356687811836,0.4645309551418906,0.45898436037037904,0.45898436037037893,800.0000000000005,800.0000000000005,0.00125,1.2809975302729981e-11,10.200589404092241,8,3.5338854238731177e-13,1.5178830414797062e-17,2.55351295663786e-14,0.002659083255916017,0.8476790836406954,1.112252178462053,0.19144097331854584,2.5148771953809046e-11,0.00122925010509789,not_checked,0.001,not_checked,not_checked,,,
circle_vm2_direct_n800,370,2026691971,True,ok,0.0009746234456577962,0.5783862588030027,0.0016246632212393816,1.5548943974896403,1.444086051600488,0.45316788479701176,0.4542029721093154,0.48575882369214063,0.4585441239261815,0.45854412392618116,800.0000000000005,800.0000000000005,0.00125,2.5552560067865215e-11,11.415465442222967,8,3.980754528093433e-13,-1.95590071916385e-16,-3.133049375492192e-13,0.0022515577814172794,0.8938246238082902,1.0817837139874316,0.18667315041319632,5.1672444101313886e-11,0.0012294580228626728,not_checked,0.001,not_checked,not_checked,,,
circle_vm2_direct_n800,371,2026691972,True,ok,0.0003412648770992899,0.5861241394693946,0.0009065209898911057,0.538333471739619,0.5762740030109217,0.7576489203260772,0.7606154275999242,0.7496588808081388,0.7610837294004621,0.761083729400462,800.0000000000005,800.0000000000005,0.00125,3.702682604966867e-11,12.66954173293466,8,1.378963132916966e-13,3.664603343001005e-16,5.864198016070077e-13,0.003845165809622575,0.9221619431569786,1.0487464935812552,0.19233525739986548,7.570966076286822e-11,0.001225959276780486,not_checked,0.001,not_checked,not_checked,,,
circle_vm2_direct_n800,372,2026691973,True,ok,0.002551130468820828,0.5711847790721374,0.0026062458495600296,4.052773941530953,3.8392200774083935,0.12236689015846791,0.1242009291643558,0.146664144319972,0.12991116931449812,0.12991116931449795,800.0000000000005,800.0000000000005,0.00125,1.8006263147185564e-11,11.551736340414633,9,-6.852157730108388e-17,-5.204170427930421e-18,-8.881784197001252e-15,0.014517404291187308,0.8817846243900167,1.060822187755076,0.18722461571391125,3.6002756331754426e-11,0.0013444158248603344,not_checked,0.001,not_checked,not_checked,,,
circle_vm2_direct_n800,373,2026691974,True,ok,0.002056742148754065,0.5764102197501677,0.0021199745437430672,3.2164374076278497,3.8048162395082628,0.17691586886255395,0.18393402420540356,0.14920887340543967,0.1929365850378481,0.19293658503784786,800.0000000000005,800.0000000000005,0.00125,2.323485848165774e-11,13.121632590336068,9,1.93421667571414e-16,1.2663481374630692e-16,2.0294876890147862e-13,0.037175015189327976,0.8387528055094396,1.0628872846443813,0.18031462409886784,4.68238781081709e-11,0.0013479988556355238,not_checked,0.001,not_checked,not_checked,,,
circle_vm2_direct_n800,374,2026691975,True,ok,0.0007753081772232662,0.5833839769369684,0.0014404373737676535,1.2360926438504456,1.1653508880835246,0.5282141321208114,0.529409334622506,0.5584023919071739,0.5378118281637893,0.5378118281637891,800.0000000000005,800.0000000000005,0.00125,3.249356339551923e-11,11.686979131392114,8,2.1765293560516152e-13,-2.338624086051233e-16,-3.75921516138078e-13,0.0022002198533904727,0.8738616139376846,1.0769230752773915,0.1818317825169126,6.617750791804156e-11,0.0012328329030424356,not_checked,0.001,not_checked,not_checked,,,
circle_vm2_direct_n800,375,2026691976,True,ok,0.0002824807826746767,0.5438511186171868,0.0008257170044882034,0.44984943378766645,0.4749647718640554,0.7933386359924295,0.7941997939694869,0.7886107815026511,0.7977303657665681,0.797730365766568,800.0000000000005,800.0000000000005,0.00125,4.519828955551475e-12,10.087022188513576,8,4.507407901782612e-15,3.903127820947816e-18,6.217248937900877e-15,0.0010599092459082637,0.8649061984961554,1.0998680627277584,0.1970525002392129,8.667511153248597e-12,0.0012267078272998333,not_checked,0.001,not_checked,not_checked,,,
circle_vm2_direct_n800,376,2026691977,True,ok,0.0002520935513894429,0.5825495870460278,0.0008091501188852557,0.39971484294251797,0.3926474971493438,0.8140496263079458,0.8155599512004394,0.8217461524630396,0.817360656820473,0.817360656820473,800.0000000000005,800.0000000000005,0.00125,3.12141423819412e-11,12.069903030797821,8,1.5629641678116535e-14,2.1738253558334364e-16,3.4772185131259903e-13,0.0018174196402954423,0.9187146699146431,1.0455002419434918,0.19114873196116813,6.35123065251264e-11,0.0012354999780654907,not_checked,0.001,not_checked,not_checked,,,
circle_vm2_direct_n800,377,2026691978,True,ok,0.002428669788227422,0.5819856172848228,0.002426063365727335,4.012073494310108,3.852101338491317,0.1609408780503223,0.15167240925800385,0.14572257017317175,0.1432826780210355,0.14328267802103534,800.0000000000005,800.0000000000005,0.00125,3.0397351302724473e-11,8.945411880712884,9,-3.469446951953614e-18,-1.0755285551056204e-16,-1.7319479184152442e-13,-0.06310091657311534,1.0412318327566799,1.0860510240412147,0.21675547180198163,6.176814615344028e-11,0.0013480419293045998,not_checked,0.001,not_checked,not_checked,,,
circle_vm2_direct_n800,378,2026691979,True,ok,0.000621280087412357,0.5987495182013374,0.0012588632094202906,1.0131918870650638,0.9691592324398347,0.6133485036250151,0.6076109518748605,0.6159560802906523,0.6083383409737371,0.6083383409737368,800.0000000000005,800.0000000000005,0.00125,6.684952591484716e-11,10.544744603639172,8,-2.4206897337314404e-12,-9.898765834792655e-17,-1.5831780331154732e-13,-0.009571873602646053,0.9052029082749633,1.1384405504802817,0.18545010179191804,1.3931589215587792e-10,0.0012313746847212315,not_checked,0.001,not_checked,not_checked,,,
circle_vm2_direct_n800,379,2026691980,True,ok,0.0010940897457027976,0.574041281227214,0.001544765748568676,1.7058764133209359,2.0516646899546624,0.39398685866178695,0.40342336814885604,0.3584979472223765,0.4167487334107386,0.4167487334107386,800.0000000000005,800.0000000000005,0.00125,2.0700108294136044e-11,13.14581881983131,9,-9.367506770274758e-17,-2.174909558005922e-16,-3.4861002973229915e-13,0.02233358990177059,0.8178020620783014,1.070656910441638,0.17363457747953875,4.157807431681704e-11,0.001345125027000904,not_checked,0.001,not_checked,not_checked,,,
circle_vm2_direct_n800,380,2026691981,True,ok,0.001495869914618142,0.6103379427589897,0.0019755039163183237,2.3367784531106093,2.3554689268377533,0.2883296078809551,0.2969289222448174,0.30797567899791917,0.30219102402238845,0.30219102402238834,800.0000000000005,800.0000000000005,0.00125,1.1328837867807806e-10,14.999150814695989,9,6.613633252161577e-17,1.0408340855860843e-17,1.7763568394002505e-14,0.02830670513920963,0.9081105241730714,1.0175536032915233,0.18704877239591933,2.4038082635513547e-10,0.0013460831250995398,not_checked,0.001,not_checked,not_checked,,,
circle_vm2_direct_n800,381,2026691982,True,ok,0.0017685964155467193,0.5253296727692893,0.002121573870166352,2.898023844054249,2.7052600420328154,0.25837069764031484,0.2500726880654376,0.2585593491104074,0.24295546296049683,0.24295546296049658,800.0000000000005,800.0000000000005,0.00125,1.6868728636154628e-12,7.464831739710595,9,1.2706849461530112e-16,6.982261990806649e-17,1.127986593019159e-13,-0.03413478958974814,1.0197215922146636,1.071395166648646,0.25033920131993387,3.141931159689193e-12,0.001348583260551095,not_checked,0.001,not_checked,not_checked,,,
circle_vm2_direct_n800,382,2026691983,True,ok,0.002090765884029011,0.5814787851235281,0.002353076762426851,3.380703725734418,3.110105821644975,0.19623632321965334,0.1928895936351715,0.21117820873264798,0.1877558731211403,0.1877558731211402,800.0000000000005,800.0000000000005,0.00125,2.966904499857037e-11,10.513593226150837,9,1.5612511283791264e-16,1.5916087892087205e-16,2.540190280342358e-13,-0.017739155643999194,0.9269039046625462,1.1291872388996285,0.1984244650539525,6.024003518234622e-11,0.0013443331699818373,not_checked,0.001,not_checked,not_checked,,,
circle_vm2_direct_n800,383,2026691984,True,ok,0.0014962370601683261,0.5900006732315883,0.0018859450204445271,2.3705416484064936,2.5304357062364145,0.29711847959973026,0.30066658674802094,0.282177816126828,0.3021022785842032,0.302102278584203,800.0000000000005,800.0000000000005,0.00125,1.4868783981825118e-10,12.605369839707524,8,1.0509634395389211e-11,-6.938893903907228e-18,-9.325873406851315e-15,0.011718823931414768,0.9328918010403278,1.0408557631400022,0.19850781164506975,3.183604491141523e-10,0.001229375135153532,not_checked,0.001,not_checked,not_checked,,,
circle_vm2_direct_n800,384,2026691985,True,ok,5.6375768097138845e-05,0.5819282527825771,0.0003553829278567045,0.09039873865531446,0.10093616676616364,0.9560924858981958,0.9559985074540431,0.9507842740055094,0.9559012994845217,0.9559012994845216,800.0000000000005,800.0000000000005,0.00125,3.031597195501945e-11,11.08542251411184,8,8.985325504473618e-17,1.1649752343356745e-16,1.865174681370263e-13,-9.875484994612688e-05,0.8846494234771349,1.14007082767155,0.19070125695235682,6.159517340620368e-11,0.0012306252028793097,not_checked,0.001,not_checked,not_checked,,,
circle_vm2_direct_n800,385,2026691986,True,ok,0.0026591573538319313,0.5166670298659242,0.0026415803366242013,4.322912185465832,3.957792847905456,0.13108721090300274,0.12690119914811177,0.13822169132087853,0.11915550394822406,0.1191555039482239,800.0000000000005,800.0000000000005,0.00125,1.0481615575486103e-12,7.7584610450393185,9,-1.452830911130576e-16,-2.0643209364124004e-16,-3.277378368693462e-13,-0.03413020966736946,0.9496477179387015,1.1441235835348647,0.23640028681845332,1.9260149031197216e-12,0.0013356669805943966,not_checked,0.001,not_checked,not_checked,,,
circle_vm2_direct_n800,386,2026691987,True,ok,1.1545223570719187e-05,0.5999679670172329,0.00017336582199647754,0.0184868292795541,0.01772481714525426,0.9906702662157922,0.9906629914296183,0.9911767468145047,0.9908063436275695,0.9908063436275695,800.0000000000005,800.0000000000005,0.00125,7.070888319304913e-11,12.044323192474721,8,-1.17984913288946e-16,-1.3075478200175183e-16,-2.0938806244430452e-13,-7.235783201694004e-06,0.92839464263236,1.0457759084290488,0.1858778478186076,1.4763434919018437e-10,0.0012296249624341726,not_checked,0.001,not_checked,not_checked,,,
circle_vm2_direct_n800,387,2026691988,True,ok,0.00012046994502368236,0.5539138900241682,0.0005670333382309462,0.19160921516904095,0.18181655852904816,0.9074367000948933,0.9079593208080906,0.9131014573957984,0.9081225377483064,0.9081225377483064,800.0000000000005,800.0000000000005,0.00125,7.594036510738533e-12,10.561198572831476,8,7.767088838414593e-16,3.213575239247035e-16,5.138112157965224e-13,0.0005713484344254671,0.9278429346214758,1.060836328151448,0.20875007860952227,1.4786838420377535e-11,0.0012404171284288168,not_checked,0.001,not_checked,not_checked,,,
circle_vm2_direct_n800,388,2026691989,True,ok,0.002775849163631383,0.5865554545425304,0.002613098102625458,4.275948608571133,4.728257543223941,0.09707167864999294,0.10583538079059385,0.09403118733193971,0.10853535235611796,0.10853535235611785,800.0000000000005,800.0000000000005,0.00125,3.779243584745018e-11,15.083376210242234,9,1.93421667571414e-16,-1.2620113287731272e-16,-2.0339285811132868e-13,0.08270502661954149,0.8623017787634107,1.0405651280323551,0.18621864377521782,7.732436912988305e-11,0.0013527502305805683,not_checked,0.001,not_checked,not_checked,,,
circle_vm2_direct_n800,389,2026691990,True,ok,0.0007022281906978733,0.5548072011976466,0.0013213305586653149,1.1401263140047928,1.1135857642451836,0.578028525995973,0.5733772225856713,0.5730439394075921,0.5701917606383207,0.5701917606383204,800.0000000000005,800.0000000000005,0.00125,1.573541297261727e-11,9.065304047022403,8,-1.2446167143784215e-12,2.693158196453993e-16,4.298783551348606e-13,-0.008280604444097395,1.0224001114126435,1.027411654219915,0.22615291412409588,2.940336862877757e-11,0.0012661663349717855,not_checked,0.001,not_checked,not_checked,,,
circle_vm2_direct_n800,390,2026691991,True,ok,0.0008542654090955004,0.5826149343326643,0.0014349701239494263,1.3897829012981164,1.3897640143555665,0.5179272229741423,0.5122371638380414,0.49913333866202036,0.5048911955502207,0.5048911955502204,800.0000000000005,800.0000000000005,0.00125,4.52834436615035e-11,10.020219566814385,8,-4.0387706200240014e-12,1.24683249835833e-16,2.0050627824730327e-13,-0.011479123372657551,0.991552634104798,1.0874232649943067,0.21211421725746818,8.81452688616946e-11,0.0012334170751273632,not_checked,0.001,not_checked,not_checked,,,
circle_vm2_direct_n800,391,2026691992,True,ok,0.0017308884543922876,0.5956537866137985,0.0021001815646978076,2.7235983071269168,2.7743605209081865,0.24840017687791416,0.25419045463229695,0.24977862323968997,0.2503962130397244,0.25039621303972415,800.0000000000005,800.0000000000005,0.00125,5.792211155153382e-11,13.530957984729133,9,4.336808689942018e-19,3.122502256758253e-17,4.884981308350689e-14,0.022911609950372558,0.9815612850401199,1.0069947816810247,0.20002518677092523,1.2014833572493444e-10,0.0013353328686207533,not_checked,0.001,not_checked,not_checked,,,
circle_vm2_direct_n800,392,2026691993,True,ok,0.0020910239365297123,0.546185540497863,0.00225953108616552,3.262554150701107,3.4935949337407233,0.17329317022095436,0.1810007927305674,0.17433135234523042,0.18771711642371885,0.18771711642371872,800.0000000000005,800.0000000000005,0.00125,5.077938070030541e-12,11.91586155475638,9,5.637851296924623e-18,-2.0079424234431542e-16,-3.2107649872159527e-13,0.04154207387321729,0.9312894325221635,0.9775512668076615,0.21376425760722145,9.819256518994735e-12,0.0013409580569714308,not_checked,0.001,not_checked,not_checked,,,
circle_vm2_direct_n800,393,2026691994,True,ok,0.00016975740701230535,0.5665696576807058,0.0006285014618725769,0.2690887274225313,0.29433489601060236,0.8694215536004251,0.8705521978328103,0.8631494326640154,0.8730120453291366,0.8730120453291366,800.0000000000005,800.0000000000005,0.00125,1.4346968058021048e-11,11.352670194910475,8,4.300352391892193e-15,-3.4531839193663316e-17,-5.551115123125783e-14,0.0012615618985787058,0.9027531876208961,1.0430514089386875,0.19615807834793356,2.847744262624019e-11,0.0012175419833511114,not_checked,0.001,not_checked,not_checked,,,
circle_vm2_direct_n800,394,2026691995,True,ok,0.00025705927651964444,0.651348371168637,0.0007439232460515131,0.40686077552696276,0.48198497045602295,0.8098757384170834,0.811716973399894,0.7858475318311758,0.8141200671500395,0.8141200671500395,800.0000000000005,800.0000000000005,0.00125,7.72937269744034e-13,16.148582245580105,9,4.319949346159868e-14,-1.7997756063259374e-17,-2.842170943040401e-14,0.002217033452234285,0.84288759924925,1.1258170204762799,0.15481816635804163,1.7963408538435033e-12,0.0013346248306334019,not_checked,0.001,not_checked,not_checked,,,
circle_vm2_direct_n800,395,2026691996,True,ok,0.0018086261252647784,0.5739273018578237,0.0021663868690022523,2.939201705764172,2.7834363089403418,0.24743961333430803,0.24212570596105792,0.24864772221511344,0.2352983724442344,0.23529837244423416,800.0000000000005,800.0000000000005,0.00125,2.059707959745083e-11,9.787453998980725,9,-1.6783449630075609e-16,-1.1882855810441129e-16,-1.900701818158268e-13,-0.02269995267026248,0.8734992217341262,1.2065359011586292,0.1959290829913642,4.134292908020143e-11,0.0013362499885261059,not_checked,0.001,not_checked,not_checked,,,
circle_vm2_direct_n800,396,2026691997,True,ok,0.0021169154522966416,0.5533628966835051,0.002484801494027733,3.482160546536828,2.7902900525758922,0.20870922510994466,0.19982030365257636,0.24779709666809754,0.18386888409250848,0.18386888409250834,800.0000000000005,800.0000000000005,0.00125,7.379763466985878e-12,8.152579265024022,9,8.586881206085195e-17,2.1553939189011828e-16,3.4372504842394846e-13,-0.04754791143109993,0.9085873198853328,1.2592070729127585,0.2132923677865014,1.43642875372052e-11,0.0013333328533917665,not_checked,0.001,not_checked,not_checked,,,
circle_vm2_direct_n800,397,2026691998,True,ok,5.527136400007571e-05,0.5823656707552876,0.00035559008764916785,0.08839590573888562,0.09660041097723342,0.9569989146338758,0.9570171189773089,0.9528476940287385,0.9567462337383293,0.9567462337383293,800.0000000000005,800.0000000000005,0.00125,3.0955571439506e-11,11.324694499086839,8,7.653789711389858e-17,6.413055850251759e-17,1.0258460747536446e-13,1.9138330617785027e-05,0.9146527116518057,1.1062677393016227,0.20335661681564202,6.293965348902475e-11,0.0012195841409265995,not_checked,0.001,not_checked,not_checked,,,
circle_vm2_direct_n800,398,2026691999,True,ok,0.000666987166152877,0.5641811267103436,0.0012791447902859784,1.0583042417768762,1.0974392173267273,0.5837553163047203,0.5863730990455533,0.5776890050476093,0.5864958229421127,0.5864958229421124,800.0000000000005,800.0000000000005,0.00125,1.2739032051456434e-11,11.225071663585604,8,3.2489917874134466e-13,5.4643789493269423e-17,8.748557434046234e-14,0.004437612033863836,0.9324077312186786,1.052862651054952,0.21431847959191702,2.5198731989917178e-11,0.001216790871694684,not_checked,0.001,not_checked,not_checked,,,
circle_vm2_direct_n800,399,2026692000,True,ok,0.0034696527184949755,0.5383287276430764,0.002847823276453284,5.679520881162739,5.775400510477398,0.07074645038367011,0.06656486399224315,0.05570417079447405,0.062304465723914314,0.06230446572391422,800.0000000000005,800.0000000000005,0.00125,3.385181024384565e-12,8.026733877777094,9,3.0357660829594124e-17,-7.112366251504909e-17,-1.163513729807164e-13,-0.06403826578538752,0.9778516925002221,1.1166002765023924,0.23128617007899,6.433742427702782e-12,0.0013273342046886683,not_checked,0.001,not_checked,not_checked,,,
circle_vm2_direct_n800,400,2026692001,True,ok,5.1465304978126625e-05,0.6109846652289048,0.00035176511007447474,0.08202410518775557,0.08610767301901043,0.9587187838845371,0.9588760447853477,0.9578598208495399,0.9596638193932188,0.9596638193932188,800.0000000000005,800.0000000000005,0.00125,1.1669132327085663e-10,13.024979329482514,8,-1.0686845288918057e-16,-1.153455586253016e-16,-1.8429702208777599e-13,0.00016019138862353316,0.9214159911954359,1.0350776858992332,0.17859722422338803,2.477160698788339e-10,0.001221667043864727,not_checked,0.001,not_checked,not_checked,,,
circle_vm2_direct_n800,401,2026692002,True,ok,0.00019355133622278586,0.5585958485837867,0.0006768053409072428,0.3067340372606975,0.3293178580733575,0.8513259777776446,0.8526313502672729,0.8481829453334542,0.8565512992395298,0.8565512992395298,800.0000000000005,800.0000000000005,0.00125,9.63062962711092e-12,11.034902580196912,8,6.508438536376171e-15,-1.016168486162039e-16,-1.6253665080512292e-13,0.0014740503478800349,0.917444772897934,1.0085031878711976,0.20062440517593433,1.8884005470454213e-11,0.0012222498189657927,not_checked,0.001,not_checked,not_checked,,,
circle_vm2_direct_n800,402,2026692003,True,ok,0.0012576273784798975,0.5544605086745096,0.0016305962566333272,1.9613461233246268,2.425237350335947,0.33803670533877406,0.347371681385405,0.2974174191650969,0.365641511344107,0.3656415113441068,800.0000000000005,800.0000000000005,0.00125,7.809752844423201e-12,12.230287880447955,9,-6.049848122469115e-17,-1.238158880978446e-16,-1.9895196601282805e-13,0.02542884112160526,0.7898363130877317,1.0754216069649225,0.1744061518184403,1.521871517695672e-11,0.0013270010240375996,not_checked,0.001,not_checked,not_checked,,,
circle_vm2_direct_n800,403,2026692004,True,ok,0.0018213578084342874,0.5911380444601992,0.0019915530087718054,2.810434504593883,3.4322718400250807,0.2042257846955221,0.21602534735768408,0.17975941238215237,0.23291394072692284,0.23291394072692262,800.0000000000005,800.0000000000005,0.00125,4.680711374049906e-11,15.048334587154638,9,-9.194034422677078e-17,-8.673617379884035e-18,-1.687538997430238e-14,0.051868994450489314,0.797727495042563,1.040029568666999,0.1622416639038956,9.664580247203958e-11,0.001328666927292943,not_checked,0.001,not_checked,not_checked,,,
circle_vm2_direct_n800,404,2026692005,True,ok,0.0008800090804084171,0.590954492580221,0.001567601973854795,1.3737040454445737,1.3124875845697928,0.4850719725707542,0.49367089574971096,0.5187963861840555,0.49459933702282055,0.49459933702282044,800.0000000000005,800.0000000000005,0.00125,1.1012712963776039e-10,13.87808420631963,8,1.233887601467809e-11,2.0166160408230382e-17,3.175237850427948e-14,0.017155241604447258,0.8466643300970188,1.1109884246116997,0.1823808666677236,2.3915402991292467e-10,0.0012684168759733438,not_checked,0.001,not_checked,not_checked,,,
circle_vm2_direct_n800,405,2026692006,True,ok,0.00014522869022659535,0.5811477177260198,0.0006272051089028275,0.2342272658710906,0.21350964931296806,0.89030661667553,0.8894786664142125,0.8987459963386615,0.89031232381486,0.89031232381486,800.0000000000005,800.0000000000005,0.00125,2.9201863149808105e-11,10.599813454209556,8,-1.8263385595518322e-15,1.6970474504829358e-16,2.715605518233133e-13,-0.000930680754268956,0.8941967979295178,1.1173916196683868,0.19184340830093294,5.926525936672533e-11,0.0012350829783827066,not_checked,0.001,not_checked,not_checked,,,
circle_vm2_direct_n800,406,2026692007,True,ok,0.0027941419902495213,0.5992484198459895,0.0026809119305326343,4.47828243488306,4.299129469371931,0.10733600055425968,0.10692855827134247,0.1165348703229165,0.10695858321602887,0.10695858321602876,800.0000000000005,800.0000000000005,0.00125,6.836753385641714e-11,12.133554364321071,9,2.47198095326695e-17,-5.2909066017292616e-17,-8.526512829121202e-14,-0.003827625241911825,0.9080267784722688,1.0941048508409679,0.18422845386415165,1.4266721137801142e-10,0.0013423741329461336,not_checked,0.001,not_checked,not_checked,,,
circle_vm2_direct_n800,407,2026692008,True,ok,0.0003117375361962882,0.5644569049073311,0.0008580921194625671,0.5048029230005177,0.5303262988639221,0.7811896540358207,0.7788665229708644,0.7670807909710079,0.7792759739089123,0.7792759739089123,800.0000000000005,800.0000000000005,0.00125,1.291189377639057e-11,9.617262120701682,8,-6.027611135911437e-14,-1.8561541192951836e-16,-2.973177259946169e-13,-0.0030114325432281375,0.8788053584116075,1.1578976705716184,0.1950339456344849,2.555977651752528e-11,0.001222207909449935,not_checked,0.001,not_checked,not_checked,,,
circle_vm2_direct_n800,408,2026692009,True,ok,0.00024071564488736819,0.6026842040086833,0.0007640447724660422,0.3810886323493663,0.40128746000161053,0.8209914436341903,0.8226984408636765,0.8182038811294777,0.8248345024103766,0.8248345024103765,800.0000000000005,800.0000000000005,0.00125,8.00653987553801e-11,13.197120092243983,8,2.3058351018498402e-14,-3.290553593493506e-17,-5.3290705182007514e-14,0.002028199735211511,0.9201382831976473,1.0355819381894253,0.1920173415109352,1.6791545931482688e-10,0.0012232500594109297,not_checked,0.001,not_checked,not_checked,,,
circle_vm2_direct_n800,409,2026692010,True,ok,0.00206080158672739,0.5540393468122451,0.0022938786504310546,3.1948271968208686,3.3349500532462755,0.17274348588216987,0.182389803060358,0.18872298505683552,0.19231103006847874,0.19231103006847863,800.0000000000005,800.0000000000005,0.00125,7.64510676987129e-12,12.781643795875521,9,2.970713952610282e-16,2.489328188026718e-16,3.979039320256561e-13,0.05122767097147851,0.8473216286421055,1.0315438497030676,0.18993069230859763,1.4886092358779024e-11,0.0013548759743571281,not_checked,0.001,not_checked,not_checked,,,
circle_vm2_direct_n800,410,2026692011,True,ok,0.00042743170272308006,0.5649454817121276,0.00104722386438714,0.687648589680244,0.6618669800551553,0.7133428358472618,0.712020124245083,0.7182529384351097,0.7103870176479321,0.7103870176479321,800.0000000000005,800.0000000000005,0.00125,1.322164600026099e-11,10.122453154805676,8,-3.399017178828956e-14,1.9027748127120603e-16,3.0331293032759277e-13,-0.0018789326616577284,0.9812849071731635,1.0441094869379774,0.21461323637658927,2.620681449627682e-11,0.0012232502922415733,not_checked,0.001,not_checked,not_checked,,,
circle_vm2_direct_n800,411,2026692012,True,ok,0.0012360395583332906,0.5724192870584286,0.0017933209757442024,1.9316133982789818,1.9521563680499385,0.3627640787005687,0.3714304165490602,0.37678588995386525,0.37201107759669094,0.37201107759669066,800.0000000000005,800.0000000000005,0.00125,1.912481284449541e-11,12.900830442914323,9,8.695301423333746e-17,2.0166160408230382e-16,3.2240876635114546e-13,0.023024947527142126,0.9562981331104046,0.9942370916339849,0.20470695142992698,3.8322234274801303e-11,0.001336792018264532,not_checked,0.001,not_checked,not_checked,,,
circle_vm2_direct_n800,412,2026692013,True,ok,0.00039031377613918394,0.6330319583117041,0.0009768902161229256,0.6264163815134605,0.6368697310805864,0.732665093516511,0.7319668644352231,0.7272864478226891,0.7317978086177044,0.7317978086177042,800.0000000000005,800.0000000000005,0.00125,9.774403508799878e-13,13.631482270161694,9,-2.282858147309441e-14,1.212138028838794e-16,1.9451107391432743e-13,-0.0009571698453829103,0.970218472010062,1.0383736165144515,0.1823211687332409,2.120525977034049e-12,0.0013353750109672546,not_checked,0.001,not_checked,not_checked,,,
circle_vm2_direct_n800,413,2026692014,True,ok,0.0005455402436773671,0.5764223094205623,0.001130004700518996,0.8836568080407134,0.9213602493278761,0.6527118180260356,0.6492794906000675,0.6308544399028795,0.6463383214079126,0.6463383214079124,800.0000000000005,800.0000000000005,0.00125,2.3229307366534613e-11,10.077379253332154,8,-4.1805881673129264e-13,-2.0177002429955238e-16,-3.2440716779547074e-13,-0.0053962090784628325,0.9577245740058024,1.0917268653054963,0.20419074224657352,4.6850523460761906e-11,0.0012236661277711391,not_checked,0.001,not_checked,not_checked,,,
circle_vm2_direct_n800,414,2026692015,True,ok,0.000938008197154172,0.5388116646840417,0.0015536981350666376,1.4774077089441842,1.4813553980407868,0.4647196625087886,0.47030540244498054,0.47679068542659986,0.47217454750400223,0.472174547504002,800.0000000000005,800.0000000000005,0.00125,3.4360070344519045e-11,10.780462675720061,8,3.0938037505132132e-12,-3.211406834902064e-16,-5.142553050063725e-13,0.011702703251246005,0.9441332702716649,1.0151257709974253,0.22643866794456124,6.802958196772124e-11,0.0012127498630434275,not_checked,0.001,not_checked,not_checked,,,
circle_vm2_direct_n800,415,2026692016,True,ok,0.0008659575502587558,0.5488126978721912,0.0014794489715913343,1.3917292944860893,1.3718497316996956,0.50471290262181,0.503172523212666,0.503624229263354,0.500190606498077,0.5001906064980768,800.0000000000005,800.0000000000005,0.00125,9.00302055129032e-12,9.596833769505853,8,-3.3620198638950605e-13,1.1535911115245767e-16,1.8451906669270102e-13,-0.003098607036039591,0.9567384347965301,1.0717343190415614,0.21548481589973953,1.706790264677238e-11,0.0012111237738281488,not_checked,0.001,not_checked,not_checked,,,
circle_vm2_direct_n800,416,2026692017,True,ok,0.0007734451331946612,0.570537707496354,0.0014084609705633743,1.2290065359885545,1.220195453700888,0.5335838097343926,0.5358913173358495,0.543297771699941,0.5386139994994799,0.5386139994994795,800.0000000000005,800.0000000000005,0.00125,1.7448043010404035e-11,11.389292284473148,8,4.414511291239709e-13,-1.9125326322644298e-16,-3.064215547965432e-13,0.004252838561452088,0.9309983437543667,1.0412407270669484,0.20404590743151385,3.484501576167531e-11,0.0012199999764561653,not_checked,0.001,not_checked,not_checked,,,
circle_vm2_direct_n800,417,2026692018,True,ok,0.0027361238377674457,0.6071974971140397,0.0027268501553438127,4.196570078237951,4.218231195112852,0.09951798725818273,0.10947534043682101,0.1213452370153397,0.11204002894848132,0.11204002894848121,800.0000000000005,800.0000000000005,0.00125,9.835754433140664e-11,16.729758094991467,9,1.2923689896027213e-16,8.023096076392733e-17,1.270095140171179e-13,0.09061403109498256,0.8962988624595094,1.0005304873808447,0.18034748511908474,2.076252503258047e-10,0.0013374581467360258,not_checked,0.001,not_checked,not_checked,,,
circle_vm2_direct_n800,418,2026692019,True,ok,0.0001850543878541,0.5288081206821584,0.0006917677549972581,0.2983993582277662,0.2839321345677052,0.8641724131848103,0.8631878116356497,0.8676506977312417,0.8623935911362663,0.8623935911362663,800.0000000000005,800.0000000000005,0.00125,2.0360380048600746e-12,8.61992151379999,8,-2.85719798515105e-15,-1.2977900004651488e-16,-2.071676163950542e-13,-0.001156168830603016,0.9736146078661996,1.0561721783284461,0.23378145075160853,3.814282223402188e-12,0.0012305828277021646,not_checked,0.001,not_checked,not_checked,,,
circle_vm2_direct_n800,419,2026692020,True,ok,0.0012129572319459214,0.585577704672593,0.001715292305135154,1.9699248485020635,1.9631169158518826,0.3914924894524412,0.386013899098132,0.37472664783415327,0.3789444003606443,0.37894440036064414,800.0000000000005,800.0000000000005,0.00125,1.1610934436134812e-10,10.292504160985656,8,-1.0575351141670075e-11,1.7824283715661693e-16,2.873257187729905e-13,-0.014596638694294062,0.9698788487540126,1.101829570214667,0.21383797781003003,2.2585733283619902e-10,0.0012346659786999226,not_checked,0.001,not_checked,not_checked,,,
circle_vm2_direct_n800,420,2026692021,True,ok,0.0074552057848842335,0.6304973479434008,0.004419493247144065,12.113186660347658,10.971366460856956,0.0031099514348077546,0.002845998971951868,0.004145701641939002,0.002569189940762206,0.002569189940762198,800.0000000000005,800.0000000000005,0.00125,1.559863349598345e-13,12.953523642486047,10,-1.6334156249797616e-14,-1.2836953722228372e-16,-2.042810365310288e-13,-0.09242870226643873,0.9468287160670968,1.107539785625143,0.1760352897875013,3.26183524634871e-13,0.0014609158970415592,not_checked,0.001,not_checked,not_checked,,,
circle_vm2_direct_n800,421,2026692022,True,ok,0.0014143350406830013,0.6211865704818857,0.0018336072622284543,2.184272921886048,2.4597697444310067,0.2969039239326363,0.30967435164440704,0.29232623061490925,0.32255938100562725,0.3225593810056269,800.0000000000005,800.0000000000005,0.00125,1.836483187744875e-10,16.730665927890257,9,2.2941717969793274e-16,1.201296007113939e-16,1.936228954946273e-13,0.039331571603377746,0.8495268970936801,1.016920813867988,0.16400147947846777,3.95801391661621e-10,0.0013471248093992472,not_checked,0.001,not_checked,not_checked,,,
circle_vm2_direct_n800,422,2026692023,True,ok,0.0009550190386433677,0.5700520216199916,0.0015639762560540078,1.5549322623238373,1.4679906747796263,0.4820344169850364,0.47588803327591256,0.4799874422556565,0.46579240315144266,0.46579240315144266,800.0000000000005,800.0000000000005,0.00125,6.375000527469865e-11,9.453335330514701,8,-5.929774683430256e-12,2.706168622523819e-16,4.347633364432113e-13,-0.013450900247224062,0.9672287352850659,1.1307622089063964,0.22002000344762607,1.207201005826164e-10,0.0012300829403102398,not_checked,0.001,not_checked,not_checked,,,
circle_vm2_direct_n800,423,2026692024,True,ok,7.562211476330738e-05,0.5522674655644939,0.00043148497558798013,0.120647733934866,0.12323953188217004,0.9409204749941604,0.9410851207262723,0.9402403302278161,0.9412959417051698,0.9412959417051698,800.0000000000005,800.0000000000005,0.00125,6.984191003311935e-12,10.257287426357458,8,1.4234219272019066e-16,1.2221668989342849e-16,1.9539925233402755e-13,0.00017382484321293995,0.9617897258036345,1.0261167004153804,0.21478589340676998,1.3562040379611062e-11,0.001219749916344881,not_checked,0.001,not_checked,not_checked,,,
circle_vm2_direct_n800,424,2026692025,True,ok,0.00039084146424106514,0.5534909735527644,0.0009821867775586376,0.6289985552692897,0.6296964577320829,0.735012567713448,0.7336922263938088,0.7298996435596327,0.7314889450184774,0.7314889450184774,800.0000000000005,800.0000000000005,0.00125,7.432943149865423e-12,9.645284168168056,8,-2.4194947260969268e-14,-2.949029909160572e-17,-4.729550084903167e-14,-0.00182610624179258,0.9925269475704481,1.0391434852967825,0.22921747027034464,1.4461098984952514e-11,0.0012322922702878714,not_checked,0.001,not_checked,not_checked,,,
circle_vm2_direct_n800,425,2026692026,True,ok,0.0010183890683062025,0.5635070721882927,0.0015627674900073288,1.6613013385728712,1.684533101509876,0.44478932263198756,0.4377996353484178,0.43073313768191146,0.44276715586513926,0.44276715586513904,800.0000000000005,800.0000000000005,0.00125,9.166911674185485e-11,9.065881036370023,8,-9.12498375471582e-12,1.8756697583999227e-16,3.0020430585864233e-13,-0.015939414641473193,0.9486436695415533,1.064592665433825,0.2053458753536346,1.7213475089761232e-10,0.0012264580000191927,not_checked,0.001,not_checked,not_checked,,,
circle_vm2_direct_n800,426,2026692027,True,ok,0.005906102089696885,0.6056083472874745,0.0038111928635806073,9.311703355675848,9.705494066937062,0.007641860987505282,0.008200703418467672,0.007806902244289185,0.008871763628019289,0.008871763628019266,800.0000000000005,800.0000000000005,0.00125,9.151357449610487e-11,14.227489986453373,9,1.0807327255335508e-15,-2.5847379792054426e-16,-4.1389114358025836e-13,0.06902999391958708,0.8801282790221583,1.0481361201234831,0.17585741299522828,1.927162873727184e-10,0.0013363761827349663,not_checked,0.001,not_checked,not_checked,,,
circle_vm2_direct_n800,427,2026692028,True,ok,0.0008409122733599173,0.5287206229053627,0.001543727591626794,1.3206647414192645,1.2294008696557077,0.5025564652843046,0.5089425445054732,0.5408028767529773,0.5103136110175661,0.5103136110175659,800.0000000000005,800.0000000000005,0.00125,3.347599975001003e-11,10.592990493396497,8,3.1784784223012896e-12,-7.502679033599691e-17,-1.2034817586936697e-13,0.01239744797830189,0.8323509018306966,1.1388193870341579,0.20404876864596597,6.58240129070009e-11,0.0012214169837534428,not_checked,0.001,not_checked,not_checked,,,
circle_vm2_direct_n800,428,2026692029,True,ok,0.00027947055919019803,0.5872771893547875,0.0008530774133768401,0.44273447047220965,0.43391038850188945,0.7942949124046834,0.7961040828724903,0.8049660356031959,0.7996537581184175,0.7996537581184174,800.0000000000005,800.0000000000005,0.00125,3.910760604242114e-11,12.371603118169736,8,2.8031505068526474e-14,-1.0440866921035408e-16,-1.6697754290362354e-13,0.002209212116053738,0.9100741663337483,1.0350908420989275,0.1883965322708695,8.010259122670504e-11,0.0012248330749571323,not_checked,0.001,not_checked,not_checked,,,
circle_vm2_direct_n800,429,2026692030,True,ok,5.6570963917312866e-05,0.5384719859972249,0.0003752159356198956,0.09056451523433287,0.09090740874354973,0.9556335173984272,0.955609095407145,0.9555638399762283,0.9557520407881678,0.9557520407881678,800.0000000000005,800.0000000000005,0.00125,3.4109381985558684e-12,9.470233992152552,8,-1.4304692413230624e-16,-1.3755815063409838e-16,-2.2004620348070603e-13,-2.5486483316114472e-05,0.9723777026239468,1.022778889386629,0.22691390650507934,6.484368597625689e-12,0.0012072911486029625,not_checked,0.001,not_checked,not_checked,,,
circle_vm2_direct_n800,430,2026692031,True,ok,0.0011100890763415805,0.6096920411640625,0.0016574995538801201,1.7291087729703094,1.8358899503809383,0.39216301434484746,0.402005362380105,0.39933884967599753,0.4114485648061279,0.41144856480612757,800.0000000000005,800.0000000000005,0.00125,1.1010736766792206e-10,15.165681639765277,9,-1.4181364416110398e-16,-1.5157146371347352e-16,-2.4136248555350903e-13,0.023516874588110248,0.9417766391462176,0.9556811712403087,0.18270102744146646,2.332631865442636e-10,0.001335000153630972,not_checked,0.001,not_checked,not_checked,,,
circle_vm2_direct_n800,431,2026692032,True,ok,0.0002983872872264204,0.5823517710050021,0.0008605870225231625,0.47223917738908283,0.4870929026308445,0.7840663168367543,0.7861384527489483,0.7838430646451637,0.7876433998743257,0.7876433998743257,800.0000000000005,800.0000000000005,0.00125,3.092237577106971e-11,12.217827458988381,8,4.24351309299964e-14,-1.7341813748905643e-16,-2.773337115513641e-13,0.00259024108659503,0.9386121750520059,1.0256593507870155,0.19418227196089413,6.289369025580527e-11,0.0012179589830338955,not_checked,0.001,not_checked,not_checked,,,
circle_vm2_direct_n800,432,2026692033,True,ok,0.0009643126115195244,0.564527133739144,0.0015395373501533814,1.508720553755544,1.6058345084439642,0.44965677644434876,0.4576866001523211,0.44802006742006606,0.4623421446213486,0.46234214462134837,800.0000000000005,800.0000000000005,0.00125,9.461886829598143e-11,12.397616089744844,8,1.0313171540723975e-11,-1.3162214373974024e-16,-2.1094237467877974e-13,0.01708981233784801,0.925435285939538,1.0059576996840194,0.19969822857272865,1.978817110170894e-10,0.0012050843797624111,not_checked,0.001,not_checked,not_checked,,,
circle_vm2_direct_n800,433,2026692034,True,ok,0.0008551874624602718,0.5844292384592709,0.0014301934660041896,1.3847818340013174,1.4161986830669155,0.5159107434844536,0.5118173761690337,0.49257953376325125,0.504518903575768,0.5045189035757678,800.0000000000005,800.0000000000005,0.00125,3.415989713317913e-11,10.453505275151269,8,-1.973075999459062e-12,-1.732555071631836e-16,-2.7844393457598926e-13,-0.008240947032440826,0.9654893366246365,1.1051399804118973,0.21118482146134077,6.967160182114185e-11,0.0012160430196672678,not_checked,0.001,not_checked,not_checked,,,
circle_vm2_direct_n800,434,2026692035,True,ok,0.00034572126509302414,0.5634564979624701,0.0009377419392596541,0.5488082284080522,0.5533711169842134,0.7580128585446589,0.7596635673581811,0.7582928983893096,0.7583752128343757,0.7583752128343756,800.0000000000005,800.0000000000005,0.00125,1.2278067451632069e-11,11.13148817725458,8,2.8125613817098216e-14,-8.651933336434325e-17,-1.3722356584366935e-13,0.0021728978703933755,0.9075496994669477,1.0967063591230162,0.20884366277946886,2.4278357102502923e-11,0.001219000667333603,not_checked,0.001,not_checked,not_checked,,,
circle_vm2_direct_n800,435,2026692036,True,ok,0.00034168139125645425,0.5517607955792223,0.0008839695942662489,0.542303676869773,0.6012965490961643,0.7580181636882068,0.7597040928621828,0.7403381227189532,0.7608301699287858,0.7608301699287857,800.0000000000005,800.0000000000005,0.00125,6.8050010071374345e-12,10.65978128712977,8,2.5754029985003424e-14,6.922630871319946e-17,1.1124434706744069e-13,0.0021932745702770706,0.8982970690489964,1.0823551242199456,0.20387395161228158,1.3203660387262062e-11,0.0012165422085672617,not_checked,0.001,not_checked,not_checked,,,
circle_vm2_direct_n800,436,2026692037,True,ok,0.00011608243865945944,0.559674609284903,0.0005313573687620094,0.18659245611066488,0.18991174438357572,0.9120705705044165,0.9116817159940414,0.9094130639880843,0.9113156531267156,0.9113156531267155,800.0000000000005,800.0000000000005,0.00125,1.0167755526424571e-11,9.965070011677442,8,-3.893098950852325e-16,-1.5626063810947333e-16,-2.5002222514558525e-13,-0.0004302771277648332,0.9822921329382264,1.0363930147907672,0.21793531118171602,1.9972468123796716e-11,0.0012214998714625835,not_checked,0.001,not_checked,not_checked,,,
circle_vm2_direct_n800,437,2026692038,True,ok,0.0007076294747954126,0.5915852127349392,0.0013008844472828871,1.153301675664923,1.1638586428801236,0.5752188325338219,0.5693236768238041,0.5588191840222925,0.5677332619321548,0.5677332619321545,800.0000000000005,800.0000000000005,0.00125,4.790412511113118e-11,10.270306846218578,8,-3.11979999126355e-12,-1.7705021476688287e-16,-2.8377300509419e-13,-0.010547257996131099,0.9882177311767792,1.0600675984703893,0.20027435681373432,9.876499618144408e-11,0.0012147501111030579,not_checked,0.001,not_checked,not_checked,,,
circle_vm2_direct_n800,438,2026692039,True,ok,0.0001864014412977788,0.6271510418752977,0.0006851039319333274,0.29932702194435135,0.2966197116232064,0.8632363469704485,0.8627748581743164,0.8621639270459721,0.8614647395058748,0.8614647395058748,800.0000000000005,800.0000000000005,0.00125,5.828670879282072e-14,13.224998008339272,9,-1.7703937274515802e-15,-2.6904476910227793e-16,-4.303224443447107e-13,-0.0005423579339525475,0.9318406405289981,1.1027605469923962,0.1840475730899211,1.247890679678676e-13,0.0013142498210072517,not_checked,0.001,not_checked,not_checked,,,
circle_vm2_direct_n800,439,2026692040,True,ok,0.0023007955558376203,0.6125603088281897,0.0022130073392885303,3.5673956594963507,4.410611078112837,0.14676792247676052,0.15562994586758405,0.11021684460866006,0.15871637976117148,0.15871637976117128,800.0000000000005,800.0000000000005,0.00125,1.2521694792155813e-10,15.954156834428742,9,3.391384395534658e-16,4.0462425077159025e-16,6.474820679613913e-13,0.05693861492192198,0.8036067298599271,1.1156915266508174,0.16240832708919994,2.664841680655172e-10,0.001330041792243719,not_checked,0.001,not_checked,not_checked,,,
circle_vm2_direct_n800,440,2026692041,True,ok,0.0002081629999912682,0.5405818489653069,0.0007176481063999481,0.331701838905806,0.3373164370453805,0.8450184089624677,0.8455992165370644,0.8447975902177305,0.8465970799989222,0.8465970799989221,800.0000000000005,800.0000000000005,0.00125,3.810285420513537e-12,9.911934988100292,8,9.713638313840756e-16,-1.5693826446727677e-16,-2.5135449277513544e-13,0.0006794805401116322,0.9832022677222462,0.9946606604322547,0.22528291961866062,7.2668537853815e-12,0.001217707758769393,not_checked,0.001,not_checked,not_checked,,,
circle_vm2_direct_n800,441,2026692042,True,ok,3.578527313319313e-05,0.5606384938037623,0.00031133841600598225,0.05706696372905151,0.05310664701043846,0.9717824255009122,0.971874473397841,0.9737961162287802,0.9717776862741526,0.9717776862741525,800.0000000000005,800.0000000000005,0.00125,1.067390620335118e-11,10.621095105305674,8,-9.648044082405383e-17,-9.177771390089795e-17,-1.4699352846037073e-13,9.4736642028765e-05,0.9234157167429253,1.0832061394568169,0.21058531634230798,2.0994983529476485e-11,0.0012231669388711452,not_checked,0.001,not_checked,not_checked,,,
circle_vm2_direct_n800,442,2026692043,True,ok,0.0012650842811841034,0.5435984279502246,0.0017476851461468114,2.0422937119743163,2.076726349795595,0.37401421800083934,0.3707340042663648,0.3540336992004041,0.36346676201148814,0.36346676201148787,800.0000000000005,800.0000000000005,0.00125,5.1027182479401745e-11,9.090520583407509,8,-3.4171977313784963e-12,1.4116312285761268e-16,2.2470914018413168e-13,-0.009079431039874741,0.9489619423006216,1.1125110279666977,0.22714923399429102,9.37914190757283e-11,0.0012151258997619152,not_checked,0.001,not_checked,not_checked,,,
circle_vm2_direct_n800,443,2026692044,True,ok,0.0020081483592617744,0.6198076584505843,0.0021750369282207446,3.10109509513212,3.541802601575258,0.17802158163277937,0.18898827991579942,0.17017953673205616,0.20058469802225856,0.2005846980222583,800.0000000000005,800.0000000000005,0.00125,1.7277590469433335e-10,16.768195560057503,9,3.9898639947466563e-17,-1.6783449630075609e-16,-2.6911806116913795e-13,0.05597113984336044,0.8219831557768214,1.041468950522928,0.15518673283979753,3.7172331879276044e-10,0.0013186659198254347,not_checked,0.001,not_checked,not_checked,,,
circle_vm2_direct_n800,444,2026692045,True,ok,0.002630933806558655,0.6083126656139142,0.0025534861480167015,4.0997825527848555,4.319296989441394,0.10447500027455128,0.11078966837743065,0.11536566555233158,0.12187649961007235,0.12187649961007221,800.0000000000005,800.0000000000005,0.00125,1.0341627554311117e-10,15.246032452094841,9,-2.3505503099485736e-16,-4.0766001685454967e-17,-6.661338147750939e-14,0.05485576885449772,0.860944152998492,1.0019471779634423,0.1672996045164015,2.1873280964257447e-10,0.0013344590552151203,not_checked,0.001,not_checked,not_checked,,,
circle_vm2_direct_n800,445,2026692046,True,ok,0.0026040288048707616,0.5515324013483183,0.0025605708493666147,4.015292377872321,4.267366733532315,0.10870868226819672,0.11782003664265328,0.1184003776689055,0.12452820483235244,0.12452820483235229,800.0000000000005,800.0000000000005,0.00125,6.725731083179198e-12,13.16497607253686,9,2.8015784137025435e-16,2.5370330836160804e-16,4.0678571622265736e-13,0.0755768549604503,0.9190127300174737,0.9584942863226323,0.20602685388539757,1.3045786673160364e-11,0.0013285840395838022,not_checked,0.001,not_checked,not_checked,,,
circle_vm2_direct_n800,446,2026692047,True,ok,0.0003440945233641468,0.5903671859809705,0.0009080053494942132,0.5506945808012715,0.5748742082897205,0.7599186262404858,0.7598643174614124,0.7501837487355799,0.7593627997984536,0.7593627997984534,800.0000000000005,800.0000000000005,0.00125,4.523470487072245e-11,11.653584849745707,8,-8.751137835216749e-16,-3.1604493327952454e-17,-5.062616992290714e-14,-7.167170931815514e-05,0.9539821988129005,1.0534764514958987,0.2061145855719591,9.310352488967055e-11,0.0012287499848753214,not_checked,0.001,not_checked,not_checked,,,
circle_vm2_direct_n800,447,2026692048,True,ok,0.0002440791289779476,0.5302760480940616,0.0007662540264446208,0.39365196875592,0.40318314970551555,0.8245682820844717,0.8232965074782416,0.8174287182180237,0.8226180315924678,0.8226180315924678,800.0000000000005,800.0000000000005,0.00125,2.198907722572585e-12,8.655029290063103,8,-7.01600778342526e-15,1.869435595908131e-16,2.9953817204386723e-13,-0.0015626811956018227,0.9627873840484675,1.0640516620763434,0.2239957619013405,4.134692588309008e-12,0.0012170409318059683,not_checked,0.001,not_checked,not_checked,,,
circle_vm2_direct_n800,448,2026692049,True,ok,0.004901888621928752,0.6250198876152473,0.003608755224853901,8.187508400377071,6.963162198351655,0.0282198703003185,0.024146490802477206,0.03075873994760342,0.019811139518407732,0.01981113951840768,800.0000000000005,800.0000000000005,0.00125,5.5844218138645374e-14,10.173814106105546,10,-1.1761425167122752e-14,8.933825901280557e-17,1.4299672557172016e-13,-0.17224330264553211,1.0142430017603172,1.1792051690317822,0.19975972299219008,1.0969003483296547e-13,0.0014359171036630869,not_checked,0.001,not_checked,not_checked,,,
circle_vm2_direct_n800,449,2026692050,True,ok,0.0010027795787019844,0.5588127289260425,0.0016005333866269318,1.578214179335868,1.5951042458118863,0.4373411468416459,0.44329470364341916,0.45043021350785983,0.4483309180124754,0.4483309180124754,800.0000000000005,800.0000000000005,0.00125,5.2665760641446013e-11,11.676191750557189,8,5.0068801101671445e-12,4.5536491244391186e-17,7.172040739078511e-14,0.01311657329365401,0.9506348220932261,0.9895779150240076,0.2101764896211692,1.0881473500035099e-10,0.0012168327812105417,not_checked,0.001,not_checked,not_checked,,,
circle_vm2_direct_n800,450,2026692051,True,ok,0.0003179663160128854,0.5858273252394126,0.000918368517532026,0.5116107550119308,0.4758643152188386,0.776822289040684,0.7757188662787993,0.7882561664625244,0.7754024820089714,0.7754024820089713,800.0000000000005,800.0000000000005,0.00125,3.649425206475598e-11,10.99273839428157,8,-1.4307023447901468e-14,8.673617379884035e-17,1.3877787807814457e-13,-0.0014323246956569058,0.9291329535730336,1.0910317480813267,0.1958606142316836,7.461786744045185e-11,0.001219332916662097,not_checked,0.001,not_checked,not_checked,,,
circle_vm2_direct_n800,451,2026692052,True,ok,0.0014701885683725546,0.5927597592902749,0.0019331580792448751,2.4084064229257947,2.2505929830487377,0.32575556660750316,0.3171620562496861,0.3245562249216509,0.3084637783461717,0.3084637783461715,800.0000000000005,800.0000000000005,0.00125,5.054823226657845e-11,9.962890144358049,9,2.6150956400350367e-16,1.0538445116559103e-16,1.7053025658242404e-13,-0.02805235676485296,0.9997881337265482,1.0984897788505088,0.2177139030742275,1.0452905208069296e-10,0.0013218338135629892,not_checked,0.001,not_checked,not_checked,,,
circle_vm2_direct_n800,452,2026692053,True,ok,0.00042315708301177146,0.5606913562838693,0.001072905490451789,0.6811563275887523,0.6183390139297369,0.7138503599214876,0.712394206927669,0.7340563318191408,0.7128204836117219,0.7128204836117218,800.0000000000005,800.0000000000005,0.00125,1.0700440533639721e-11,9.90889521753104,8,-3.6808772176100124e-14,1.5233040523421337e-17,2.4646951146678475e-14,-0.002052497384958829,0.9061227456490711,1.1111255322146663,0.19780531292820647,2.1052048992942218e-11,0.0012114581186324358,not_checked,0.001,not_checked,not_checked,,,
circle_vm2_direct_n800,453,2026692054,True,ok,0.0006657359613271296,0.5930922589931795,0.0013241215118573735,1.0807676228930212,0.9951869089637947,0.5960943883017225,0.5915996087422111,0.6079920611125472,0.5870831779768102,0.58708317797681,800.0000000000005,800.0000000000005,0.00125,5.1381121579652245e-11,10.629283980052435,8,-1.379811521116936e-12,-1.702197410802242e-17,-2.6867397195928788e-14,-0.00779504238480655,0.9727537965742147,1.0885447172159761,0.20063448601075537,1.0622303037166603e-10,0.0012164998333901167,not_checked,0.001,not_checked,not_checked,,,
circle_vm2_direct_n800,454,2026692055,True,ok,0.001658230442712183,0.5675681706179583,0.001973107518938321,2.5832490106739514,2.8988008266090697,0.24318854225944497,0.2523892428062917,0.234710975490621,0.26538216649263735,0.2653821664926372,800.0000000000005,800.0000000000005,0.00125,1.50739420945456e-11,12.977001985666275,9,1.0690233420707074e-16,7.719519468096792e-17,1.247890679678676e-13,0.03495984883277137,0.8466543818426407,1.0324959274808934,0.18125770176012349,2.996558556844775e-11,0.001331958919763565,not_checked,0.001,not_checked,not_checked,,,
circle_vm2_direct_n800,455,2026692056,True,ok,0.0034248782596510985,0.565887974143616,0.0027737513476776845,5.374932090951068,6.235927892667863,0.06322013920605543,0.06661165046531925,0.0442471663735783,0.06457663585265913,0.06457663585265902,800.0000000000005,800.0000000000005,0.00125,1.3869794202037156e-11,12.409605746897075,9,1.713039432527097e-16,1.1796119636642288e-16,1.8829382497642655e-13,0.05243656224534643,0.8618309439293049,1.1164500378548743,0.19507582974969795,2.7502888855224228e-11,0.0013352083042263985,not_checked,0.001,not_checked,not_checked,,,
circle_vm2_direct_n800,456,2026692057,True,ok,0.0021486725256969486,0.5872922341556168,0.002391523523780938,3.482921871892189,3.1584513094536506,0.18862862320493434,0.18455914528586412,0.20613465581693877,0.17925641349059734,0.1792564134905972,800.0000000000005,800.0000000000005,0.00125,3.913236401587028e-11,10.574888433102398,9,-1.3964523981613297e-16,-3.2959746043559335e-17,-5.062616992290714e-14,-0.02252291538853468,0.9590181144904865,1.1029189983102499,0.19774728891902657,8.016054486859048e-11,0.0013334578834474087,not_checked,0.001,not_checked,not_checked,,,
circle_vm2_direct_n800,457,2026692058,True,ok,0.005962584737221999,0.6242123027789601,0.004009078675639348,10.097249499987768,8.154098678677041,0.014921431663863987,0.011703068328415056,0.01695742752050199,0.008479805296353423,0.008479805296353404,800.0000000000005,800.0000000000005,0.00125,5.677680547933051e-13,9.163391186181459,10,-1.4608626808243486e-13,-2.8275992658421956e-16,-4.5297099404706387e-13,-0.2785569602162825,1.0164842033797905,1.2400711470740335,0.20282792299837116,1.0815792705898275e-12,0.0014392498414963484,not_checked,0.001,not_checked,not_checked,,,
circle_vm2_direct_n800,458,2026692059,True,ok,0.00033758828611096803,0.572823017838684,0.0008343569201336927,0.5327413971267434,0.6602119579844127,0.7503820039785623,0.7533349201878239,0.718847546656354,0.7633255795954466,0.7633255795954466,800.0000000000005,800.0000000000005,0.00125,1.9498069825374387e-11,12.006148506122091,8,1.1263456530311022e-13,4.586175189613684e-17,7.37188088351104e-14,0.0036999303254028892,0.8037360914951049,1.096592887362485,0.1700197558824786,3.910805013163099e-11,0.0012229580897837877,not_checked,0.001,not_checked,not_checked,,,
circle_vm2_direct_n800,459,2026692060,True,ok,1.2746067330260402e-05,0.5888018621467952,0.00017837300934448052,0.020447870725693797,0.020366908321817697,0.9900288487561452,0.9900024995515782,0.9898682216469169,0.9898549577953073,0.9898549577953073,800.0000000000005,800.0000000000005,0.00125,4.2028380775605e-11,11.362251103310548,8,-1.7418385527337432e-17,-1.7564075194265172e-17,-2.7977620220553945e-14,-2.7081498638571386e-05,0.9935324914427022,1.0421013383814277,0.20592087464569045,8.628386893860807e-11,0.001229667104780674,not_checked,0.001,not_checked,not_checked,,,
circle_vm2_direct_n800,460,2026692061,True,ok,0.0025443553926665086,0.527916949064074,0.00246448870424564,3.9837744026394857,4.301270290573187,0.11987963413900099,0.1254427216411374,0.1164101969001607,0.13061720742315883,0.13061720742315872,800.0000000000005,800.0000000000005,0.00125,1.9393375794152234e-12,10.920637671055449,9,8.413408858487514e-17,1.192622389734055e-16,1.9184653865522705e-13,0.043597112813465344,0.9059331578743113,1.0130043142101768,0.21294101357033648,3.6273206660553114e-12,0.0013352502137422562,not_checked,0.001,not_checked,not_checked,,,
circle_vm2_direct_n800,461,2026692062,True,ok,0.004906596514788086,0.6034761526823385,0.003517018011100921,8.195200517335763,7.4678416331100275,0.025582390811446736,0.02179482995199375,0.023898948506534026,0.019736664876079238,0.019736664876079193,800.0000000000005,800.0000000000005,0.00125,8.304479326426417e-11,9.178410824727633,9,-7.815796621013504e-15,1.7867651802561113e-16,2.8421709430404007e-13,-0.1723230468374104,0.9962026851633436,1.1412281819985406,0.19806927465808577,1.7431478482876628e-10,0.0013377091381698847,not_checked,0.001,not_checked,not_checked,,,
circle_vm2_direct_n800,462,2026692063,True,ok,0.0005692731668849316,0.5781213721713501,0.0012503967811077208,0.9238645398214239,0.8138523668396215,0.6464942188922816,0.6424779974448456,0.665693327692827,0.634182485775062,0.634182485775062,800.0000000000005,800.0000000000005,0.00125,2.5242807843994797e-11,10.007224942663752,8,-6.978189727446793e-13,-1.3118846287074604e-16,-2.1027624086400465e-13,-0.0065137364027664235,0.9427098686408245,1.1537775334469473,0.2094603021416464,5.099476396708269e-11,0.001215833006426692,not_checked,0.001,not_checked,not_checked,,,
circle_vm2_direct_n800,463,2026692064,True,ok,0.00024238852678770684,0.5628339888978717,0.0007402954256077148,0.3839988982964248,0.43759823126262004,0.8162729689105931,0.8179062703998747,0.8034831091397532,0.8237313601778102,0.8237313601778101,800.0000000000005,800.0000000000005,0.00125,1.1907475006012191e-11,11.249159461439794,8,1.52329592082584e-14,2.2115013813273077e-16,3.5416114485542494e-13,0.0019113722819531775,0.8258497261647972,1.1024568561016796,0.17871942113752556,2.3514079572350965e-11,0.0012280007358640432,not_checked,0.001,not_checked,not_checked,,,
circle_vm2_direct_n800,464,2026692065,True,ok,4.654833103856504e-05,0.5426734559284747,0.0003378985585920784,0.07462075551007023,0.07587386413255154,0.9635362502807561,0.9634673294620755,0.9627736591218177,0.9634461671909617,0.9634461671909615,800.0000000000005,800.0000000000005,0.00125,4.238609463413923e-12,9.519834628449917,8,3.220080452281948e-17,3.7486290113686316e-17,5.995204332975845e-14,-7.171292418306496e-05,0.9595221870518096,1.0474011162310115,0.22976589207131604,8.136158413662997e-12,0.0012135410215705633,not_checked,0.001,not_checked,not_checked,,,
circle_vm2_direct_n800,465,2026692066,True,ok,0.00044041878274514445,0.5618309437463977,0.0010328168401404845,0.7105339698463156,0.7229740329154498,0.7050088122040836,0.7029616764635065,0.6966396408670064,0.703044544176842,0.7030445441768419,800.0000000000005,800.0000000000005,0.00125,1.131428284395497e-11,9.78436337262637,8,-7.553858797151869e-14,1.3064636178450328e-17,2.0650148258027912e-14,-0.0029319587270419945,0.9524533160189546,1.0661551037701928,0.20762266380423014,2.2328139337446373e-11,0.0012152909766882658,not_checked,0.001,not_checked,not_checked,,,
circle_vm2_direct_n800,466,2026692067,True,ok,0.0005500588271984963,0.6042526788142926,0.0011728497066758477,0.8779667549011856,0.8804964608833382,0.6409078516612692,0.6415973300430236,0.6438765714784747,0.6440061123096334,0.6440061123096334,800.0000000000005,800.0000000000005,0.00125,8.604728041206045e-11,12.586784093513227,8,4.5821419575320377e-14,6.375108774214766e-17,1.0169642905566434e-13,0.0010636843082045266,0.9562434217368803,1.0229502588210881,0.19145649956664504,1.808100336120333e-10,0.0012207080144435167,not_checked,0.001,not_checked,not_checked,,,
circle_vm2_direct_n800,467,2026692068,True,ok,5.593830753225504e-05,0.6062757041625906,0.000338246562270951,0.08916016940411145,0.10967316126548794,0.9552939737499182,0.9554604473125523,0.946639834596532,0.9562358933277079,0.9562358933277079,800.0000000000005,800.0000000000005,0.00125,9.433620551391186e-11,12.772050986791887,8,-1.7229327773510272e-16,-2.0456184489370255e-16,-3.275157922644212e-13,0.00017056132374833333,0.8125534323596656,1.1772938802423165,0.16565797139565547,1.988451625578591e-10,0.001225791871547699,not_checked,0.001,not_checked,not_checked,,,
circle_vm2_direct_n800,468,2026692069,True,ok,0.0036298922247448573,0.5459080392776845,0.0031104980034667986,5.578421229394735,5.711744552586787,0.046033203964484994,0.05196090834896931,0.057505638432346136,0.05480829215403634,0.054808292154036244,800.0000000000005,800.0000000000005,0.00125,5.026978833200246e-12,13.284982012795274,9,2.740863092043355e-16,-2.7321894746634712e-17,-4.618527782440651e-14,0.11470316509852019,0.8739806373943203,1.010004343579679,0.20827044679511778,9.675815704213164e-12,0.0013400828465819359,not_checked,0.001,not_checked,not_checked,,,
circle_vm2_direct_n800,469,2026692070,True,ok,0.0005607367045397105,0.5301155771666306,0.0011859146631075896,0.9099757280152583,0.8806936328570654,0.6464189740367263,0.642408901658329,0.6438130974001359,0.6385282477867937,0.6385282477867935,800.0000000000005,800.0000000000005,0.00125,6.399436536241865e-12,8.234911954362302,8,-4.663937422030862e-13,1.3227266504323154e-17,2.020605904817785e-14,-0.006398500375860483,1.0014255269899626,1.0554283273771035,0.2370741417333602,1.1540768340978502e-11,0.0012212509755045176,not_checked,0.001,not_checked,not_checked,,,
circle_vm2_direct_n800,470,2026692071,True,ok,0.00021175087831415418,0.5975476544447083,0.0007388193182185321,0.34112655974773953,0.32614057680844816,0.8460632049686199,0.8450932670152715,0.8495314741043501,0.8441705742186055,0.8441705742186054,800.0000000000005,800.0000000000005,0.00125,6.323763734883414e-11,11.42659640017578,8,-5.346743013612265e-15,4.434386885465713e-17,7.083222897108499e-14,-0.0011625772225463404,0.9606931790101739,1.0687387972568096,0.20156213203104356,1.3155099232164957e-10,0.0012241252698004246,not_checked,0.001,not_checked,not_checked,,,
circle_vm2_direct_n800,471,2026692072,True,ok,0.000592105891794592,0.6175804593615131,0.0012317255679646871,0.9553255836491736,0.9187604301733794,0.6282682567000972,0.6258232506849084,0.6316750268600313,0.6227035516842281,0.6227035516842278,800.0000000000005,800.0000000000005,0.00125,1.5662859897958015e-10,12.313406413682575,8,-3.71600862060506e-13,-4.4885969940899884e-17,-7.283063041541027e-14,-0.003978078388912898,0.9260037589409623,1.119304276318147,0.18695532334435883,3.357640832035713e-10,0.001223292201757431,not_checked,0.001,not_checked,not_checked,,,
circle_vm2_direct_n800,472,2026692073,True,ok,0.0011969756428786837,0.5977339664767602,0.0017447371943234485,1.9233127323867978,1.8869863705897578,0.38673001226349457,0.38517656773351405,0.3892656804631245,0.38382041145107254,0.3838204114510723,800.0000000000005,800.0000000000005,0.00125,6.372435912282981e-11,11.721273049494519,8,-1.9251310615087114e-12,4.87890977618477e-17,7.838174553853605e-14,-0.004075851890451343,0.8726173671517409,1.1535205491876979,0.18159480082826687,1.3272583032630791e-10,0.001227665925398469,not_checked,0.001,not_checked,not_checked,,,
circle_vm2_direct_n800,473,2026692074,True,ok,0.001797303446873899,0.5067691641839858,0.002134308772647313,2.8129564556020656,2.9103117167636894,0.22827782228220567,0.23575289657090076,0.23336398933282604,0.2374394210042162,0.23743942100421606,800.0000000000005,800.0000000000005,0.00125,6.018519016492974e-13,10.119437251455134,9,6.765421556309548e-17,-3.599551212651875e-17,-5.684341886080802e-14,0.03136452969808734,0.9603938191867509,0.9863759357126589,0.2384512094488112,1.0889067425523535e-12,0.0013341668527573347,not_checked,0.001,not_checked,not_checked,,,
circle_vm2_direct_n800,474,2026692075,True,ok,0.0011118009489994307,0.5458148970553502,0.0017051784826658638,1.8130807402697526,1.6549466645180382,0.4295760438335603,0.4226569803940039,0.43715243103997126,0.41088547243254836,0.4108854724325479,800.0000000000005,800.0000000000005,0.00125,1.0030798414106812e-10,8.44697182984568,8,-1.0113945705242378e-11,6.483528991463317e-17,1.0458300891968975e-13,-0.01709961093533119,1.0076740434795872,1.098757111071559,0.23855801624410392,1.8334400664343775e-10,0.0012356671504676342,not_checked,0.001,not_checked,not_checked,,,
circle_vm2_direct_n800,475,2026692076,True,ok,0.0034099236743285744,0.592842565217484,0.0029491459343339824,5.638179753258376,5.131340114277997,0.07909687823245759,0.07267789900450386,0.07686765845878253,0.06535384919235174,0.06535384919235164,800.0000000000005,800.0000000000005,0.00125,5.080946774427275e-11,9.375039487563944,9,-1.5612511283791264e-16,-1.9081958235744878e-17,-3.2862601528904634e-14,-0.09115093716632705,1.0213458334163557,1.1283901005942831,0.2217740935027522,1.049489384286062e-10,0.001338333822786808,not_checked,0.001,not_checked,not_checked,,,
circle_vm2_direct_n800,476,2026692077,True,ok,0.0008321400515891586,0.5492185097043589,0.0014480510671069063,1.3045778694987018,1.3498593556705443,0.4997043661912328,0.5067377025493864,0.5091922268482028,0.5139074740682689,0.5139074740682688,800.0000000000005,800.0000000000005,0.00125,4.586531154870954e-11,11.545480842787258,8,4.559479746882311e-12,2.5977484052752686e-16,4.1655567883935873e-13,0.013423106521976313,0.8947633650550306,1.0274306382752825,0.20500664769950533,9.327272287862343e-11,0.001223874045535922,not_checked,0.001,not_checked,not_checked,,,
circle_vm2_direct_n800,477,2026692078,True,ok,0.0011568761041544917,0.5962804557346506,0.0016721611475408744,1.8170732884411167,1.9379487893696785,0.37727404316456026,0.3840691402588976,0.37947202712267075,0.3963328528333083,0.3963328528333081,800.0000000000005,800.0000000000005,0.00125,1.335809240998742e-10,13.671968235994486,8,1.394471669212416e-11,-1.6436504934880247e-16,-2.6134649999676185e-13,0.016964239103035572,0.8908530220315051,1.0099450618988435,0.17850879194466704,2.910787166854334e-10,0.0012292091269046068,not_checked,0.001,not_checked,not_checked,,,
circle_vm2_direct_n800,478,2026692079,True,ok,0.00013986066327165148,0.6333223062680375,0.0005848415437831781,0.2238773259167427,0.22818782500309237,0.8945097785791457,0.89446510066687,0.8921741656402842,0.8941439216164739,0.8941439216164738,800.0000000000005,800.0000000000005,0.00125,1.4210854715202004e-14,13.87632073470744,9,-1.645276796746753e-16,-1.0023449084628488e-16,-1.6009416015094757e-13,-5.013234105009923e-05,0.9772792767580754,1.0307318566365182,0.1869899931332536,3.086420008457935e-14,0.0013275407254695892,not_checked,0.001,not_checked,not_checked,,,
circle_vm2_direct_n800,479,2026692080,True,ok,0.0013284121164767182,0.5948464023324089,0.0018132416268307452,2.096401990368829,2.167338347704978,0.3375297024517772,0.34257851229157765,0.33835177378808523,0.34551138185336755,0.3455113818533674,800.0000000000005,800.0000000000005,0.00125,1.3682333044329198e-10,13.1893901382742,8,1.2159684717460983e-11,-9.75781955236954e-17,-1.5720758028692217e-13,0.014528697996960771,0.9640605554909263,0.9929987512681001,0.19587730416758475,2.9434255033322643e-10,0.0012234998866915703,not_checked,0.001,not_checked,not_checked,,,
circle_vm2_direct_n800,480,2026692081,True,ok,0.0007933486645179677,0.5658718282791184,0.0013907145665622532,1.252317187694946,1.3165607854985881,0.5235730220792276,0.5281402068790804,0.5177408804096306,0.5301056611663875,0.5301056611663875,800.0000000000005,800.0000000000005,0.00125,1.9106161097681706e-11,11.729116167403534,8,1.5406580091553712e-12,-6.179952383167375e-17,-9.9253938401489e-14,0.008520337766901531,0.9487429605160654,1.0136578909181873,0.2068347054131867,3.951661220469305e-11,0.0012166248634457588,not_checked,0.001,not_checked,not_checked,,,
circle_vm2_direct_n800,481,2026692082,True,ok,0.002154646252047865,0.6129114682790189,0.0023941096260906357,3.3371514374598736,3.3603389323752655,0.16351149577342705,0.17324645873902722,0.18634239462828286,0.17840179421313415,0.178401794213134,800.0000000000005,800.0000000000005,0.00125,1.2718026631830526e-10,16.061241804039994,9,-9.540979117872439e-17,3.9898639947466563e-17,6.350475700855895e-14,0.05514128290835596,0.8930761868841139,1.0110088863627587,0.18318301256644945,2.7084867681992364e-10,0.001342250034213066,not_checked,0.001,not_checked,not_checked,,,
circle_vm2_direct_n800,482,2026692083,True,ok,0.00024181871661177468,0.6366510076174718,0.0007363542292567006,0.39195960045611505,0.4295912625043482,0.8267953946502202,0.8247475064890093,0.806706288885914,0.8241069421844972,0.8241069421844971,800.0000000000005,800.0000000000005,0.00125,9.78106484694763e-13,12.948009065101026,9,-5.672160874672927e-14,2.6042536183101817e-16,4.1677772344428377e-13,-0.0025248269386376754,0.8833769713424751,1.1689340678568967,0.166227386064508,2.0958790258873705e-12,0.0013333740644156933,not_checked,0.001,not_checked,not_checked,,,
circle_vm2_direct_n800,483,2026692084,True,ok,0.0011273125001010076,0.6149981598698657,0.001744556437787371,1.7537148207179556,1.7166408860979634,0.3901019795113685,0.40040216542198637,0.42387340432020515,0.40581820115077405,0.4058182011507738,800.0000000000005,800.0000000000005,0.00125,1.395943360904539e-10,15.604415699956887,9,-5.616167253474913e-17,-3.8163916471489756e-17,-6.23945339839338e-14,0.02499258972182883,0.8960531329933152,1.0222281032152307,0.1807739999793097,2.982243341165258e-10,0.0013399990275502205,not_checked,0.001,not_checked,not_checked,,,
circle_vm2_direct_n800,484,2026692085,True,ok,0.0021453639014865633,0.576761110162894,0.002269708014688698,3.3574206474801493,3.6405231373724294,0.1688045641808249,0.1755041602475323,0.16198337561334614,0.17973151567468282,0.17973151567468265,800.0000000000005,800.0000000000005,0.00125,2.3608892618653954e-11,13.084639727966799,9,2.8015784137025435e-16,2.684484579074109e-16,4.2943426592501055e-13,0.03758079744917686,0.9222273505770342,1.0074661222543149,0.19972300440987706,4.7649661993887094e-11,0.0013382919132709503,not_checked,0.001,not_checked,not_checked,,,
circle_vm2_direct_n800,485,2026692086,True,ok,0.0017447717606857704,0.6282293578653704,0.0020406833974181936,2.7624261324677044,2.9416944179974385,0.2391299870368671,0.24272855113726666,0.22973077273935402,0.2476305382977742,0.247630538297774,800.0000000000005,800.0000000000005,0.00125,5.204170427930421e-16,14.800879814117208,10,1.9884267843384151e-16,1.6306400674181987e-16,2.6201263381153694e-13,0.01460434231476504,0.8990719451535504,1.0538415617211823,0.17153674553032983,4.440892098500626e-16,0.00144912488758564,not_checked,0.001,not_checked,not_checked,,,
circle_vm2_direct_n800,486,2026692087,True,ok,7.61086159237756e-05,0.545515179053083,0.0004480117236545389,0.12246295228226818,0.11470631539019635,0.9419149375259583,0.9415960134344351,0.9442605376003039,0.9409296597340482,0.9409296597340482,800.0000000000005,800.0000000000005,0.00125,4.93005636315047e-12,9.356776403669125,8,-2.4543626679640607e-17,3.4423418976414766e-17,5.484501741648273e-14,-0.0003445834021135741,0.9695669363826916,1.0677067125025574,0.23094885045309707,9.475309425965861e-12,0.0012178332544863224,not_checked,0.001,not_checked,not_checked,,,
circle_vm2_direct_n800,487,2026692088,True,ok,4.161710069428004e-05,0.5833940097034684,0.00032036891278025364,0.06625422841320366,0.06784511252718127,0.9668279543442284,0.9669911415931731,0.9666463624449293,0.9672544540476363,0.9672544540476363,800.0000000000005,800.0000000000005,0.00125,3.251554581140681e-11,11.742694751041027,8,2.5435382966509934e-16,2.2115013813273077e-16,3.5371705564557487e-13,0.00016656634882222104,0.9632597221968753,1.011164415329341,0.200413364780612,6.621125869799016e-11,0.001217041863128543,not_checked,0.001,not_checked,not_checked,,,
circle_vm2_direct_n800,488,2026692089,True,ok,0.0025591180052462192,0.573292920612263,0.0025436941927551946,4.04245705933256,4.06770464986898,0.1205172600054975,0.12380362684487389,0.13083054733170263,0.12908367981363988,0.12908367981363966,800.0000000000005,800.0000000000005,0.00125,1.9918067195590083e-11,12.135204741149039,9,1.734723475976807e-17,-1.5612511283791264e-17,-2.398081733190338e-14,0.026065874530696753,0.918213779986147,1.0167343342384105,0.19430125378985053,4.004596654283432e-11,0.0013312080409377813,not_checked,0.001,not_checked,not_checked,,,
circle_vm2_direct_n800,489,2026692090,True,ok,0.0009703375657479363,0.5788439017566922,0.0015976013158491482,1.5692573854698795,1.461954242947625,0.46888155621446437,0.46507864213623173,0.48143833644789924,0.4601190343729261,0.460119034372926,800.0000000000005,800.0000000000005,0.00125,3.353939348471613e-11,10.318978209378157,8,-2.3994669098859056e-12,-1.8171228410857054e-16,-2.8954616482224083e-13,-0.008358640136590267,0.9380940579334636,1.1165408745297032,0.2046069947155023,6.525158191550418e-11,0.0012260002549737692,not_checked,0.001,not_checked,not_checked,,,
circle_vm2_direct_n800,490,2026692091,True,ok,0.0010565968807643156,0.5759708144796531,0.0015756720570117887,1.6879224399567536,1.80125413911667,0.4277688503623549,0.4283344553990249,0.406314792201822,0.42943817060127276,0.42943817060127265,800.0000000000005,800.0000000000005,0.00125,2.3280932737179683e-11,11.200304277243655,8,2.6238603303974095e-13,7.15573433840433e-18,1.1324274851176597e-14,0.0013162846330760924,0.9369283378986978,1.0559443773852815,0.21080583469486197,4.717892743144603e-11,0.0012191259302198887,not_checked,0.001,not_checked,not_checked,,,
circle_vm2_direct_n800,491,2026692092,True,ok,0.00013944404127186338,0.5433343389587995,0.0006054909136746602,0.22289208839169186,0.2126447333048601,0.8933061538252035,0.893404792066635,0.8991347502922102,0.8944419873089824,0.8944419873089823,800.0000000000005,800.0000000000005,0.00125,4.401257136521508e-12,9.771846741935805,8,7.177418381854039e-17,4.0549161250957866e-17,6.483702463810914e-14,0.00010918882164484556,0.9136279689571408,1.0696468296730466,0.206969535619494,8.429479336768964e-12,0.0012280000373721123,not_checked,0.001,not_checked,not_checked,,,
circle_vm2_direct_n800,492,2026692093,True,ok,6.0114470221694916e-06,0.5522913253333064,0.00011350014804821459,0.009603067238341359,0.011234777959661178,0.9950829731148856,0.9950907487863917,0.9943983590482466,0.9952023878653297,0.9952023878653297,800.0000000000005,800.0000000000005,0.00125,1.2055445530734232e-10,10.14926243193612,7,9.588394302782852e-13,-2.3456036375366085e-17,-3.752553823233029e-14,7.623998564916523e-06,0.8546644570124212,1.1137266266480046,0.1901810502196948,2.35444774787652e-10,0.0011023750994354486,not_checked,0.001,not_checked,not_checked,,,
circle_vm2_direct_n800,493,2026692094,True,ok,9.152863841399572e-05,0.5455048423467701,0.0005079866101743017,0.1469874850273902,0.12936854331931025,0.9287315552085216,0.9284777035058065,0.9373633688428195,0.9293936351188927,0.9293936351188927,800.0000000000005,800.0000000000005,0.00125,4.925504448749507e-12,9.4938809995425,8,-1.0202342443088597e-16,-1.8648277366750676e-17,-2.9976021664879227e-14,-0.00027083178249848183,0.8612552980406413,1.1380028639868023,0.19677698132321034,9.468870132423035e-12,0.0012074578553438187,not_checked,0.001,not_checked,not_checked,,,
circle_vm2_direct_n800,494,2026692095,True,ok,0.0010382773843136128,0.5683287966463815,0.001607504561920986,1.6575508282554507,1.6713039038967792,0.4341788775329932,0.43498479844422966,0.4335917083067251,0.4357781883290852,0.4357781883290849,800.0000000000005,800.0000000000005,0.00125,2.0110579868060086e-11,10.922021435624908,8,3.417999390464832e-13,4.2500725161431774e-17,6.927791673660977e-14,0.0018464933231653324,0.973539030704902,1.0179354040034287,0.21150379984531265,4.0346614937902814e-11,0.0012158341705799103,not_checked,0.001,not_checked,not_checked,,,
circle_vm2_direct_n800,495,2026692096,True,ok,5.579133219413279e-06,0.5992540066481602,0.0001237747495220646,0.008922860127222015,0.008133208496145308,0.9953364714577988,0.9953384275266558,0.9959416531899462,0.9955466391747834,0.9955466391747834,800.0000000000005,800.0000000000005,0.00125,6.841816002634005e-11,12.114952027762222,7,1.879419132800285e-13,-8.7454457738112e-17,-1.3988810110276972e-13,1.8765119196182886e-06,0.8292610094421295,1.099368817155042,0.16497525315796216,1.4270207238098465e-10,0.0011104990262538195,not_checked,0.001,not_checked,not_checked,,,
circle_vm2_direct_n800,496,2026692097,True,ok,0.000418012163338366,0.5539432698073561,0.000993152962831217,0.6779244627487528,0.7013349971693006,0.7212221558452587,0.7180226942877634,0.7042178683697078,0.7157604531278323,0.7157604531278323,800.0000000000005,800.0000000000005,0.00125,7.597034112905021e-12,9.110207452778637,8,-1.942135688381974e-13,-1.0462550964485118e-17,-1.5987211554602254e-14,-0.00455250070368346,0.9346588895370106,1.1187806897942698,0.20807325047890488,1.4809486970079888e-11,0.0012141671031713486,not_checked,0.001,not_checked,not_checked,,,
circle_vm2_direct_n800,497,2026692098,True,ok,0.00045118826409140667,0.565956733598973,0.0010653799398471153,0.7119855233344708,0.7270847274022115,0.6919436959369216,0.6954523932911987,0.695209274954381,0.6970134222223312,0.6970134222223311,800.0000000000005,800.0000000000005,0.00125,1.3917422769793575e-11,11.719051241269733,8,2.626172933631321e-13,2.1250362580715887e-17,3.3084646133829665e-14,0.00495784960589013,0.9626653328238379,0.9979463398700068,0.21310566315386775,2.7599478258366617e-11,0.0012130830436944962,not_checked,0.001,not_checked,not_checked,,,
circle_vm2_direct_n800,498,2026692099,True,ok,0.001729359261508634,0.5830821412164442,0.00211494741731135,2.8248974852943736,2.6207835260614933,0.2611229276438143,0.25389194410259686,0.2697143715646957,0.25070272377276964,0.2507027237727694,800.0000000000005,800.0000000000005,0.00125,3.2021052476238765e-11,9.774145488975885,9,-1.8583225236401546e-16,-7.741203511546502e-17,-1.2212453270876722e-13,-0.028961333440278736,0.9769368845540569,1.0846432738352998,0.20450718270149307,6.520428641465514e-11,0.0013324590399861336,not_checked,0.001,not_checked,not_checked,,,
circle_vm2_direct_n800,499,2026692100,True,ok,0.00019876673856278337,0.5869359134507015,0.0007264189812697162,0.3187181383252069,0.30232727810111454,0.8537679559861848,0.8534748099017089,0.8597070055099336,0.8529849366991218,0.8529849366991217,800.0000000000005,800.0000000000005,0.00125,3.8465231000373024e-11,11.321068064938983,8,-4.692155951974142e-16,1.63091111796132e-16,2.602362769721367e-13,-0.00034567831237666824,0.8733179900836061,1.1565794120566395,0.18485138775176438,7.877587471227798e-11,0.0012118329759687185,not_checked,0.001,not_checked,not_checked,,,
circle_vm2_direct_n800,500,2026692101,True,ok,0.002332164775166845,0.555903639299921,0.0025238948023836934,3.8170938260649834,3.319985121626072,0.16595229672930112,0.15929138065105702,0.19014039458620396,0.15478289518795973,0.1547828951879595,800.0000000000005,800.0000000000005,0.00125,8.402945006480422e-12,8.598991809383616,9,-1.8431436932253575e-16,-2.3201926491189795e-16,-3.703704010149522e-13,-0.04281509289901453,0.9199103632530838,1.1590447921279514,0.2066577305583737,1.641109470540414e-11,0.0013316241092979908,not_checked,0.001,not_checked,not_checked,,,
circle_vm2_direct_n800,501,2026692102,True,ok,0.004793302814881661,0.5674050737344638,0.003441704916947672,7.253560267561166,8.00827846687001,0.014147579307835351,0.017819211913566835,0.018239982870841307,0.021609067690330337,0.021609067690330292,800.0000000000005,800.0000000000005,0.00125,1.4944823156781695e-11,15.89327502875278,9,1.1658209120302132e-14,-4.336808689942018e-17,-7.105427357601002e-14,0.2078621181247482,0.8827443155344021,0.9179251921680956,0.1919776200174194,2.9719116056980965e-11,0.0013340830337256193,not_checked,0.001,not_checked,not_checked,,,
circle_vm2_direct_n800,502,2026692103,True,ok,0.0011608178442741313,0.5981263594314892,0.0016789652212645114,1.8704778777016653,1.9181791138586115,0.39510154341758097,0.39251183740687723,0.3832416468893542,0.39508502842174914,0.39508502842174903,800.0000000000005,800.0000000000005,0.00125,6.495459725641695e-11,11.49615867579934,8,-3.079547467726984e-12,1.684850176042474e-16,2.6845192735436285e-13,-0.0065846634315270824,0.9282406380821963,1.0747200964551469,0.18839624565356336,1.352378209418248e-10,0.0012096669524908066,not_checked,0.001,not_checked,not_checked,,,
circle_vm2_direct_n800,503,2026692104,True,ok,0.0016110210033570826,0.5879425743261226,0.002061745310445306,2.628778715578449,2.381254454841903,0.2959324313584454,0.28889178040014085,0.3040305079778236,0.27559667550051176,0.27559667550051153,800.0000000000005,800.0000000000005,0.00125,4.03318489716753e-11,10.054495780983347,9,1.5612511283791264e-17,1.8648277366750676e-17,3.019806626980426e-14,-0.025572555103557715,0.9507677648441705,1.1706219706453633,0.2075965750007813,8.274536611452277e-11,0.0013270839117467403,not_checked,0.001,not_checked,not_checked,,,
circle_vm2_direct_n800,504,2026692105,True,ok,0.0019099221096192665,0.5582880723245904,0.002124287915305481,3.136162300372722,3.182854795089076,0.22443108195487765,0.21579897806620457,0.20363473646346647,0.21698269228119982,0.21698269228119968,800.0000000000005,800.0000000000005,0.00125,9.4814156526013e-12,8.442687775476838,9,1.1687699419393738e-16,2.1684043449710089e-16,3.468336728928989e-13,-0.04014346249094691,0.9733254869610883,1.072457851114956,0.2128047212604383,1.8584023209200495e-11,0.001328582875430584,not_checked,0.001,not_checked,not_checked,,,
circle_vm2_direct_n800,505,2026692106,True,ok,0.0009292712753095067,0.5784406018015238,0.0015578645026171412,1.455182180032859,1.4541256086453822,0.4630447766455601,0.4706945620376458,0.4833265318724411,0.4754863898389752,0.47548638983897507,800.0000000000005,800.0000000000005,0.00125,8.468103995795673e-11,12.985656329478177,8,8.993547660068879e-12,-9.71445146547012e-17,-1.5543122344752192e-13,0.01582593023117629,0.9281988160015882,1.003837061495992,0.2046115135148912,1.8000356760694558e-10,0.0012142090126872063,not_checked,0.001,not_checked,not_checked,,,
circle_vm2_direct_n800,506,2026692107,True,ok,0.0003734502564380904,0.6028247034728982,0.0009549614514910431,0.5942325515033867,0.6168756007139977,0.7392010789769943,0.7404305730009204,0.7345936422405013,0.7417372528841313,0.7417372528841313,800.0000000000005,800.0000000000005,0.00125,8.038070209437365e-11,12.778615916710715,8,2.837178192036105e-14,-7.892991815694472e-17,-1.2567724638756772e-13,0.0016439293987791093,0.9084510801476774,1.0748132563921242,0.18208010259583837,1.6903389798983426e-10,0.0012091249227523804,not_checked,0.001,not_checked,not_checked,,,
circle_vm2_direct_n800,507,2026692108,True,ok,0.002175893281665564,0.5787820438421147,0.002417270992869506,3.3919018599064055,3.3565512143635563,0.16633385543483897,0.17417791951797879,0.1866956352388973,0.1753950140998808,0.1753950140998807,800.0000000000005,800.0000000000005,0.00125,2.604438886777416e-11,13.53203898579381,9,-4.5536491244391186e-17,4.683753385137379e-17,7.549516567451064e-14,0.0447636953792494,0.9234896668396348,1.0176020129207046,0.20022668743924454,5.270228697895618e-11,0.0013349589426070452,not_checked,0.001,not_checked,not_checked,,,
circle_vm2_direct_n800,508,2026692109,True,ok,0.0007989401172083799,0.5668875005622318,0.0014350038753086812,1.2853191838607112,1.2337052195086706,0.5291851082105667,0.5273409310417179,0.5396402259242108,0.5277397081768693,0.5277397081768693,800.0000000000005,800.0000000000005,0.00125,1.4572454354322417e-11,10.223200961780952,8,-3.7976956648866356e-13,-2.9696297504377966e-16,-4.769518113789672e-13,-0.003507498163651368,0.9537798282586843,1.0566093678342028,0.20452698079784878,2.8940627672113806e-11,0.0012223750818520784,not_checked,0.001,not_checked,not_checked,,,
circle_vm2_direct_n800,509,2026692110,True,ok,0.002569854860817511,0.5689283798155502,0.002552014141979125,3.9512278784896706,4.241596798875609,0.1135068384570999,0.12354012018279723,0.11993583357313554,0.12797966579561623,0.12797966579561604,800.0000000000005,800.0000000000005,0.00125,1.6119106049927723e-11,14.263938296531443,9,6.288372600415926e-17,-1.448494102440634e-16,-2.3092638912203256e-13,0.08026994940917476,0.8733360124467354,1.0158749106536107,0.19221465531256834,3.211519938872698e-11,0.0013205830473452806,not_checked,0.001,not_checked,not_checked,,,
circle_vm2_direct_n800,510,2026692111,True,ok,0.002289938949422199,0.5754814524191831,0.0025452511617808787,3.782941128751825,3.088914055194196,0.18688485400095378,0.17704415004908566,0.21342772513209213,0.1601008804630386,0.16010088046303844,800.0000000000005,800.0000000000005,0.00125,2.2195023596793817e-11,8.68282865224263,9,-2.5673907444456745e-16,6.375108774214766e-17,1.021405182655144e-13,-0.05951940483815221,0.9514910273752061,1.2358941097168632,0.21437346064477028,4.469380421312508e-11,0.0013327503111213446,not_checked,0.001,not_checked,not_checked,,,
circle_vm2_direct_n800,511,2026692112,True,ok,0.0012353364450319315,0.5745897310592192,0.0017573158087144086,1.977634352998302,1.9898860576093673,0.37456790097098847,0.3743640145552455,0.3697445087306514,0.3722203892086124,0.3722203892086122,800.0000000000005,800.0000000000005,0.00125,4.258793318001608e-11,10.974625860192429,8,-2.828158714163198e-13,7.26415455565288e-17,1.163513729807164e-13,-0.0005480204736052485,0.9849101568159192,1.0281306811341995,0.21265487876913414,8.529310591143258e-11,0.0012137079611420631,not_checked,0.001,not_checked,not_checked,,,
circle_vm2_direct_n800,512,2026692113,True,ok,0.00422480771281597,0.5850046037381547,0.002910303882648369,6.400092025451281,8.418797919346574,0.020792512312144303,0.02546268237909849,0.01485529428632197,0.03405269264881797,0.03405269264881792,800.0000000000005,800.0000000000005,0.00125,3.510258750338835e-11,16.756401237556204,9,6.87817858224804e-15,1.9949319973733282e-16,3.1796787425264483e-13,0.1798001575271373,0.746466892042327,0.9835051404361094,0.15348211065756037,7.166844895323266e-11,0.001338041853159666,not_checked,0.001,not_checked,not_checked,,,
circle_vm2_direct_n800,513,2026692114,True,ok,0.00021366764578600872,0.573103509715911,0.0006945407639311585,0.33907038260903066,0.3830522477958982,0.8373985711179102,0.8386149022955098,0.825698054373019,0.8428771032274182,0.842877103227418,800.0000000000005,800.0000000000005,0.00125,1.9779511362116864e-11,11.563743620821821,8,6.652664530371055e-15,-2.927345865710862e-18,-5.329070518200751e-15,0.0013989253242917554,0.8587215313569666,1.0792548283888206,0.18251444352872298,3.966582617920267e-11,0.0012089579831808805,not_checked,0.001,not_checked,not_checked,,,
circle_vm2_direct_n800,514,2026692115,True,ok,0.0002817556655188014,0.5586335743697388,0.0008331463097728363,0.445681329959593,0.461912061569539,0.7930104443909596,0.7951051035609153,0.7937743669039381,0.7981932583933256,0.7981932583933254,800.0000000000005,800.0000000000005,0.00125,9.642731058079335e-12,11.192310703830229,8,3.423780356448525e-14,-2.2876665839444144e-16,-3.6615155352137663e-13,0.0025638674352447544,0.9551459952061369,0.9889357518564573,0.21204937602475968,1.8923307365525943e-11,0.001215500058606267,not_checked,0.001,not_checked,not_checked,,,
circle_vm2_direct_n800,515,2026692116,True,ok,0.001597918300608514,0.5631693702902623,0.0020348152085799685,2.6071786269263546,2.4032857896552375,0.29269211612597057,0.28567892140687234,0.30069978775399736,0.2785007182880707,0.2785007182880705,800.0000000000005,800.0000000000005,0.00125,1.2114531600104783e-11,9.058874592597757,9,-1.8865117801247777e-17,-1.7997756063259374e-17,-2.9753977059954195e-14,-0.02525467297636541,0.9875404221190465,1.0944212946900076,0.22359600052882148,2.3922419600808098e-11,0.0013212510384619236,not_checked,0.001,not_checked,not_checked,,,
circle_vm2_direct_n800,516,2026692117,True,ok,7.978891496462914e-05,0.5079079696028723,0.0004513202964225131,0.12823031571534238,0.12457592512118354,0.9381404689493806,0.937873954841614,0.9396122746733013,0.9381634119605535,0.9381634119605535,800.0000000000005,800.0000000000005,0.00125,6.399325513939402e-13,8.17360301221897,8,-8.417474616634335e-17,-6.451002926288751e-18,-1.021405182655144e-14,-0.00028402588596783407,0.9619665127691619,1.0386923002156083,0.23803758381354678,1.1599610161283636e-12,0.0012239578645676374,not_checked,0.001,not_checked,not_checked,,,
circle_vm2_direct_n800,517,2026692118,True,ok,0.0018546561046119958,0.5272049519210622,0.0021478252400552052,3.000423416955042,2.944192485510399,0.23660746372128227,0.2328485725625712,0.22944401037451828,0.2267913417212251,0.22679134172122487,800.0000000000005,800.0000000000005,0.00125,1.863842413740713e-12,8.398656348458678,9,-1.3314002678121994e-16,-1.5200514458246772e-16,-2.424727085781342e-13,-0.016486824787923515,1.011175284219463,1.047710157294112,0.245116717390293,3.4865443865328416e-12,0.001329665770754218,not_checked,0.001,not_checked,not_checked,,,
circle_vm2_direct_n800,518,2026692119,True,ok,0.0011881087538980761,0.5657027883357235,0.001729836551111749,1.8788451692032848,1.9064284822413489,0.37739433774191045,0.3816948375949918,0.3854999401927939,0.38655272522467615,0.38655272522467593,800.0000000000005,800.0000000000005,0.00125,5.965361538073921e-11,11.60422669032506,8,4.7385916805003925e-12,1.3921155894713877e-16,2.2382096176443156e-13,0.011064418516819052,0.9099734787892748,1.0431433460046817,0.19609323984190785,1.229865098650862e-10,0.0012127920053899288,not_checked,0.001,not_checked,not_checked,,,
circle_vm2_direct_n800,519,2026692120,True,ok,0.0012323992651308568,0.5810406090285019,0.0017177254773041897,1.925228691194944,2.099839493518508,0.35554766728837894,0.3643380555275909,0.3499658338765126,0.37309604018025516,0.373096040180255,800.0000000000005,800.0000000000005,0.00125,2.905153895227386e-11,13.357653144562388,9,6.353424730765056e-17,2.211772431870429e-17,3.552713678800501e-14,0.02330506650721398,0.8985492468038476,1.0098420973679585,0.18657468202728295,5.895084420615149e-11,0.0013375410344451666,not_checked,0.001,not_checked,not_checked,,,
circle_vm2_direct_n800,520,2026692121,True,ok,0.0032406278198173766,0.5504940214208864,0.003003300548140921,5.0290477193435,4.834193364976471,0.0667283954179278,0.07235799059024292,0.08918016028287384,0.07483255541599376,0.07483255541599367,800.0000000000005,800.0000000000005,0.00125,6.367351090830198e-12,12.643238028341708,9,2.5326962749261384e-16,1.9081958235744878e-16,3.019806626980426e-13,0.07797839618215274,0.87023301319929,1.0423234693379855,0.19991366496307655,1.2349232747510541e-11,0.001334624132141471,not_checked,0.001,not_checked,not_checked,,,
circle_vm2_direct_n800,521,2026692122,True,ok,0.0001338570218620827,0.6387267789683777,0.0005572911304268453,0.21497233319210293,0.23076050691212338,0.8990843361095935,0.898726737850337,0.8910272632843417,0.8984487467709453,0.8984487467709452,800.0000000000005,800.0000000000005,0.00125,2.0095036745715333e-14,13.879042201784996,9,-5.962027746497789e-16,-8.825405684032006e-17,-1.4099832412739488e-13,-0.0004005491063852479,0.9185329940606681,1.1027251087869268,0.17296057476832716,4.374278717023117e-14,0.0013238759711384773,not_checked,0.001,not_checked,not_checked,,,
circle_vm2_direct_n800,522,2026692123,True,ok,0.0006875544886335572,0.5992526731206793,0.0013113223980964071,1.0805345727757967,1.1157051366558153,0.561270464374624,0.5670611686503648,0.5724370142818487,0.5769246611631902,0.57692466116319,800.0000000000005,800.0000000000005,0.00125,6.841072153207506e-11,13.719529864224116,8,2.477679519885534e-12,1.0907073855204175e-16,1.745270594710746e-13,0.009776304518947732,0.9281547668428568,0.9770313058344753,0.1859202394735127,1.4269518899823197e-10,0.0012206248939037323,not_checked,0.001,not_checked,not_checked,,,
circle_vm2_direct_n800,523,2026692124,True,ok,0.00015852712670350044,0.5679831305377725,0.0006746944710788685,0.2523760422671971,0.2246804495873253,0.8781076622510675,0.8786775992174884,0.8937401332155686,0.8808907202109886,0.8808907202109885,800.0000000000005,800.0000000000005,0.00125,1.5386580898280044e-11,11.07791423504816,8,7.763700706625576e-16,2.417770844642675e-17,3.863576125695545e-14,0.0006336802292018773,0.8175507372515496,1.161994032363151,0.1812431759375483,3.0607960610495866e-11,0.0012142080813646317,not_checked,0.001,not_checked,not_checked,,,
circle_vm2_direct_n800,524,2026692125,True,ok,0.0017466042679907812,0.6230364053492978,0.002124552590783863,2.8901617814418015,2.5957244451253487,0.2711922190858611,0.25936167632867146,0.2731150285438514,0.2472677764519375,0.24726777645193723,800.0000000000005,800.0000000000005,0.00125,1.9916224225369206e-10,10.61764045160857,9,1.3444106938820255e-17,-5.854691731421724e-17,-9.414691248821327e-14,-0.04779747632827491,1.0204164062524264,1.121969407810297,0.1998050257452157,4.304396838961111e-10,0.0013271670322865248,not_checked,0.001,not_checked,not_checked,,,
circle_vm2_direct_n800,525,2026692126,True,ok,0.0014706064139458075,0.5195757743193141,0.002050171505217245,2.3902351271679896,2.015004760816203,0.322580666047964,0.31689455616929096,0.365129796994882,0.30836068339880596,0.30836068339880585,800.0000000000005,800.0000000000005,0.00125,1.334136134900632e-10,7.814842869361325,8,-1.3073182944176032e-11,-3.1008182133085427e-17,-4.884981308350689e-14,-0.018632432427348133,0.8778990165043247,1.2134827931055066,0.21706014092019507,2.3217605615855064e-10,0.0012082087341696024,not_checked,0.001,not_checked,not_checked,,,
circle_vm2_direct_n800,526,2026692127,True,ok,1.745365563698975e-05,0.5966065002510321,0.0002083034569838001,0.027835706819494745,0.02845469310246209,0.9859832388728107,0.9860281646225149,0.9858733838690081,0.986134104990655,0.986134104990655,800.0000000000005,800.0000000000005,0.00125,6.053546552919897e-11,12.222228405330863,8,-7.766275686785229e-17,-6.764066303593941e-17,-1.0835776720341528e-13,4.507109984443723e-05,0.8953805781067552,1.0926877958706158,0.18098538797288738,1.2576162333743923e-10,0.0012190421111881733,not_checked,0.001,not_checked,not_checked,,,
circle_vm2_direct_n800,527,2026692128,True,ok,0.0005056879902980427,0.5693774387588868,0.0011728613099939197,0.8214773253471856,0.7380053742131997,0.6736407543423626,0.6695894418208765,0.6914235525190209,0.6672767562332524,0.6672767562332522,800.0000000000005,800.0000000000005,0.00125,1.6443957306933044e-11,9.583499625124462,8,-5.411732260235391e-13,-6.830473686658678e-17,-1.0857981180834031e-13,-0.0061882704351584605,0.8941819533051238,1.1685771691481515,0.19780993136847327,3.285482996773226e-11,0.0012153340503573418,not_checked,0.001,not_checked,not_checked,,,
circle_vm2_direct_n800,528,2026692129,True,ok,0.00032782437427636424,0.5709857420754234,0.0009096159146380406,0.5286495752062212,0.5172274791440683,0.7732992530287197,0.7717357124239947,0.7721212053191976,0.769311361949576,0.769311361949576,800.0000000000005,800.0000000000005,0.00125,1.7830181775480014e-11,10.181336214699416,8,-2.6136211250804564e-14,-1.0592655225183378e-16,-1.6897594434794883e-13,-0.002065288182019065,0.952247371286747,1.0921510447603229,0.21598426411831764,3.5643488160985726e-11,0.0012124578934162855,not_checked,0.001,not_checked,not_checked,,,
circle_vm2_direct_n800,529,2026692130,True,ok,4.990701311657908e-05,0.5516898040739799,0.00034853419839871993,0.08012265061365927,0.082137726162539,0.9612800851311647,0.9611510677791119,0.9597630354321806,0.9608609144632532,0.9608609144632532,800.0000000000005,800.0000000000005,0.00125,6.778910766058743e-12,9.748009210972427,8,-1.14044516018319e-16,-1.1226913496087398e-16,-1.7963408538435033e-13,-0.0001357148135663483,0.9305678046632768,1.0983323328240058,0.21830903674242957,1.315458852957363e-11,0.0012046671472489834,not_checked,0.001,not_checked,not_checked,,,
circle_vm2_direct_n800,530,2026692131,True,ok,0.0007791417340832218,0.5082053830110091,0.0014152476569343154,1.2468176443136163,1.2075091596222016,0.5395478533656186,0.5394968936651593,0.5467549424313803,0.5361649690072976,0.5361649690072975,800.0000000000005,800.0000000000005,0.00125,3.006928039894774e-12,8.510304198421744,8,-7.77947584823524e-15,-2.0729945537922845e-16,-3.3306690738754696e-13,-9.543489023033924e-05,0.9746096223614049,1.0466655673574086,0.23885125596459805,5.446976203415943e-12,0.0012135410215705633,not_checked,0.001,not_checked,not_checked,,,
circle_vm2_direct_n800,531,2026692132,True,ok,0.00221131068017133,0.5993836177838707,0.0023098761063108835,3.4078481002595877,3.8142309309728413,0.15279857265551566,0.1636923958552033,0.14850814622849454,0.1704951302692607,0.1704951302692605,800.0000000000005,800.0000000000005,0.00125,6.87965240331323e-11,15.709143400447054,9,1.734723475976807e-16,3.469446951953614e-17,5.595524044110789e-14,0.06512449400727127,0.851253739339575,1.03259228948462,0.17726037165990877,1.4358736422082075e-10,0.0013411252293735743,not_checked,0.001,not_checked,not_checked,,,
circle_vm2_direct_n800,532,2026692133,True,ok,0.0011558962122579786,0.5875444065137332,0.0016797397010317383,1.8357304712941793,1.9022704460631656,0.3921613104223238,0.394884444091792,0.38630223524578133,0.3966436653230983,0.39664366532309814,800.0000000000005,800.0000000000005,0.00125,4.8039350275530524e-11,12.247837029760607,8,2.6330766993848398e-12,2.1467203015212988e-16,3.4416913763379853e-13,0.006851734159293743,0.8919590283824824,1.0889752790282388,0.1858719288631775,1.015860728870166e-10,0.001222916878759861,not_checked,0.001,not_checked,not_checked,,,
circle_vm2_direct_n800,533,2026692134,True,ok,0.0011847661461672487,0.5172397842537906,0.0017112097378062094,1.9218618352973782,1.8859503815083691,0.39656768457577996,0.39152501244965854,0.3894673701930639,0.3875877838280128,0.38758778382801257,800.0000000000005,800.0000000000005,0.00125,5.2484017132314875e-11,7.863969772105053,8,-4.577564455959804e-12,-8.109832250191573e-17,-1.3078427230084344e-13,-0.013118000714889555,0.9892731490666103,1.0609278874134,0.24799285610160376,9.18372045077831e-11,0.0012367500457912683,not_checked,0.001,not_checked,not_checked,,,
circle_vm2_direct_n800,534,2026692135,True,ok,0.001106521034335728,0.5286543151072638,0.0016449557994573257,1.7725683319980012,1.810555919979886,0.41324930386467773,0.4128102407766133,0.40442945427106425,0.4126246952106115,0.4126246952106114,800.0000000000005,800.0000000000005,0.00125,1.5919598972402582e-11,9.126418027761513,8,-1.9595826697416108e-13,-1.0430024899310553e-16,-1.6697754290362354e-13,-0.0010673385304177385,0.9018279286671823,1.1074762407684826,0.21743136792080853,2.9601654460975624e-11,0.0012144169304519892,not_checked,0.001,not_checked,not_checked,,,
circle_vm2_direct_n800,535,2026692136,True,ok,0.0005512214281124805,0.5637839209904616,0.0011726180571848088,0.8962179531123035,0.8711055614114832,0.6496888848689444,0.6451736808074922,0.6469069705315487,0.6434074130962671,0.6434074130962668,800.0000000000005,800.0000000000005,0.00125,1.2491674361569949e-11,9.305251681020728,8,-7.961496045760796e-13,-1.5807667674838655e-16,-2.531308496145357e-13,-0.00713183406616702,0.9930196447631239,1.0527198010495196,0.22006257260710888,2.4694690736737357e-11,0.0012180423364043236,not_checked,0.001,not_checked,not_checked,,,
circle_vm2_direct_n800,536,2026692137,True,ok,0.0006854560216265071,0.5553194819441976,0.0013123897515608738,1.1137685518469587,1.0722854624745253,0.5887249848625193,0.5839002170467773,0.5850004098002588,0.5778940004797679,0.5778940004797677,800.0000000000005,800.0000000000005,0.00125,1.6505796729404665e-11,9.029474117504261,8,-1.3251773810230016e-12,-9.898765834792655e-17,-1.5920598173124745e-13,-0.008519458622273324,0.9925553970654768,1.0788643775410633,0.2296027076125015,3.076228161091876e-11,0.0012175419833511114,not_checked,0.001,not_checked,not_checked,,,
circle_vm2_direct_n800,537,2026692138,True,ok,0.0004871317830572597,0.5660732728448603,0.0010850465555044908,0.7833163955704768,0.802283443045609,0.6808897273952124,0.6795798046811241,0.6695551639361779,0.6772563469262846,0.6772563469262844,800.0000000000005,800.0000000000005,0.00125,1.3998135983683824e-11,10.20921789688227,8,-4.9749538256343984e-14,-2.4936649967166602e-17,-4.0190073491430667e-14,-0.001952771339430448,0.9760336236350258,1.0529871322496616,0.21838570816358585,2.7764457399825915e-11,0.0012202500365674496,not_checked,0.001,not_checked,not_checked,,,
circle_vm2_direct_n800,538,2026692139,True,ok,0.0015931692972950273,0.5912094663052869,0.001998550956287453,2.468587365910387,2.6213462102435874,0.26330532014785313,0.2746349293432031,0.2696385002328144,0.27956081143447353,0.2795608114344734,800.0000000000005,800.0000000000005,0.00125,4.706346423688501e-11,14.65002604230446,9,1.209969624493823e-16,1.487525380650112e-16,2.375877272697835e-13,0.04024175488082893,0.9372679677459412,0.973059839414151,0.18987406282003036,9.698175595929115e-11,0.0013275418896228075,not_checked,0.001,not_checked,not_checked,,,
circle_vm2_direct_n800,539,2026692140,True,ok,0.002857610902218699,0.5605112872061888,0.002558750107605859,4.388346679198571,5.1220659210614485,0.08375187477479185,0.09250386714748915,0.07722492892575432,0.10166331876402543,0.10166331876402532,800.0000000000005,800.0000000000005,0.00125,1.0605849531941658e-11,13.973395438423772,9,2.2638141361497333e-16,-1.6176296413483726e-16,-2.566835632933362e-13,0.0919153821756753,0.853981284653512,0.9885274508430758,0.18583296933777224,2.085798200823774e-11,0.0013220827095210552,not_checked,0.001,not_checked,not_checked,,,
circle_vm2_direct_n800,540,2026692141,True,ok,0.0001736437783774747,0.5258020865008557,0.0006824777051736067,0.27980296178919734,0.26015864356881696,0.8698957172235353,0.8690356841506345,0.878025781586491,0.8703019812268802,0.8703019812268801,800.0000000000005,800.0000000000005,0.00125,1.730393606180769e-12,8.567146846298758,8,-1.554691705235589e-15,1.5701957963021318e-16,2.517985819849855e-13,-0.0009864581926188332,0.8713068530310355,1.1386011999797558,0.20823178029586464,3.2249758419311547e-12,0.0012196660973131657,not_checked,0.001,not_checked,not_checked,,,
circle_vm2_direct_n800,541,2026692142,True,ok,0.0007214681117957422,0.5850194921800156,0.0013386384700473104,1.1774210973899768,1.1394268063323003,0.5713148177221121,0.5649581755062207,0.565687539727441,0.5614826023981265,0.5614826023981263,800.0000000000005,800.0000000000005,0.00125,4.196265557254719e-11,9.8939315961919,8,-3.871380971874616e-12,4.7271214720367993e-17,7.527312106958561e-14,-0.011536059258394293,1.0149692208079353,1.047231634801605,0.2123049292902134,8.19002643481781e-11,0.0012202924117445946,not_checked,0.001,not_checked,not_checked,,,
circle_vm2_direct_n800,542,2026692143,True,ok,0.001146925980135327,0.5018647472997044,0.0017224875602777521,1.840002780151987,1.7793652052406876,0.40112636845865235,0.40014694029204645,0.41078611449935376,0.399500291502291,0.39950029150229077,800.0000000000005,800.0000000000005,0.00125,1.3863687975401717e-11,8.150070445946799,8,-3.5967214449816876e-13,-4.7704895589362195e-18,-8.215650382226158e-15,-0.002460605967731233,0.9117749553480062,1.1020041104452527,0.22947915373898647,2.4654278618641e-11,0.0012157077435404062,not_checked,0.001,not_checked,not_checked,,,
circle_vm2_direct_n800,543,2026692144,True,ok,0.0006488474691663804,0.5738689530732208,0.0013400326722259861,1.0524525560936175,0.9268055103188836,0.6046893913747837,0.6005244153267759,0.6291391924186833,0.5950689633678092,0.5950689633678091,800.0000000000005,800.0000000000005,0.00125,2.053801573254077e-11,9.872290073259515,8,-9.407635261082792e-13,-3.686287386450715e-18,-5.995204332975845e-15,-0.007148302713704147,0.9006151443447076,1.1769555459589647,0.20171707818614454,4.122147068130744e-11,0.0012165410444140434,not_checked,0.001,not_checked,not_checked,,,
circle_vm2_direct_n800,544,2026692145,True,ok,0.0007001350214612678,0.5459352106091069,0.0013639122038987138,1.1232390648359263,1.04834943365279,0.5700589907932274,0.5691959619330736,0.5920437665626193,0.5711473667950531,0.571147366795053,800.0000000000005,800.0000000000005,0.00125,5.0354165281873975e-12,9.615461039817207,8,-8.054863200046558e-14,-1.8171228410857054e-16,-2.899902540320909e-13,-0.0015115152489485473,0.9133807316220137,1.0851465840688677,0.20712179143179796,9.690026558928366e-12,0.0012220828793942928,not_checked,0.001,not_checked,not_checked,,,
circle_vm2_direct_n800,545,2026692146,True,ok,0.00011669220845988981,0.5640293200166637,0.0005405185111968079,0.1874774765606202,0.18625271918527492,0.9118673524265373,0.9115205218331985,0.9110783695307207,0.9108712073282306,0.9108712073282305,800.0000000000005,800.0000000000005,0.00125,1.2634671087141669e-11,10.176945859456804,8,-7.982438494924526e-17,1.1370570283941728e-16,1.8185453143360064e-13,-0.00038497151239819116,0.9460343089198658,1.0820130618407289,0.21726215506831498,2.50028886483733e-11,0.0012207499239593744,not_checked,0.001,not_checked,not_checked,,,
circle_vm2_direct_n800,546,2026692147,True,ok,0.0010963347102348475,0.5617805362165231,0.0017026020165236955,1.7733718404932803,1.6405807250436286,0.4264696338930787,0.4225112482945961,0.4403037882247963,0.4160009362227798,0.41600093622277945,800.0000000000005,800.0000000000005,0.00125,4.4172443480761103e-11,9.616637608019127,8,-3.297582259337295e-12,-8.044780119842443e-17,-1.2878587085651816e-13,-0.009618152058761709,0.9283153852066656,1.1360159728407073,0.2105091725107693,8.383871374917362e-11,0.001220292178913951,not_checked,0.001,not_checked,not_checked,,,
circle_vm2_direct_n800,547,2026692148,True,ok,0.0027880235587594004,0.5118844205257445,0.0026089560425324376,4.463767524773318,4.547559670466278,0.10978164486190858,0.10962256370430598,0.10292241415435853,0.10748340160530014,0.10748340160529997,800.0000000000005,800.0000000000005,0.00125,8.026912468039882e-13,8.677602411619036,9,-7.632783294297951e-17,-1.0885389811754465e-16,-1.7408297026122455e-13,-0.0014649153791372882,0.9756944189384417,1.0433395594912236,0.24600901382549573,1.4634959910608814e-12,0.0013354998081922531,not_checked,0.001,not_checked,not_checked,,,
circle_vm2_direct_n800,548,2026692149,True,ok,0.0008125050791105703,0.5697647080950543,0.0014652619818977415,1.3140021041826264,1.2262909296654827,0.5262078393859377,0.5225945559296508,0.5416444631508225,0.5220436555427473,0.5220436555427472,800.0000000000005,800.0000000000005,0.00125,1.6795675961134293e-11,9.934499917607642,8,-1.164455034133316e-12,-4.954803928258755e-17,-8.038014698286133e-14,-0.006996988802856596,0.8798417592692837,1.1578262422198193,0.19757167991325464,3.35054206601626e-11,0.0012266249395906925,not_checked,0.001,not_checked,not_checked,,,
circle_vm2_direct_n800,549,2026692150,True,ok,0.0007618072885051674,0.5520376909033584,0.0013748319920675756,1.2051905044936613,1.2406928206654204,0.5339030871395223,0.5376813535672869,0.5377581203560393,0.5436520608365782,0.543652060836578,800.0000000000005,800.0000000000005,0.00125,1.1426637414047036e-11,10.958088527200939,8,8.217336316604373e-13,1.726049858596923e-16,2.753353101070388e-13,0.006850578557303644,0.9281699437120321,1.0155072006091344,0.20595464299851582,2.2961854639902413e-11,0.001217041863128543,not_checked,0.001,not_checked,not_checked,,,
circle_vm2_direct_n800,550,2026692151,True,ok,0.0012815109721480145,0.5521277408032383,0.001811471838422992,2.0015769160293138,2.0796358984615697,0.3414968681164622,0.35031185477624716,0.35351903451305167,0.3587215645176204,0.3587215645176202,800.0000000000005,800.0000000000005,0.00125,6.93411994490134e-12,12.013808101146099,9,-1.6154612370034016e-16,-1.4051260155412137e-16,-2.2470914018413168e-13,0.024420319703755355,0.8371957525590541,1.0782253414825316,0.18778997357371993,1.3462786441209573e-11,0.001336999936029315,not_checked,0.001,not_checked,not_checked,,,
circle_vm2_direct_n800,551,2026692152,True,ok,0.0019478428872254927,0.6043214512267383,0.0021104005434173013,3.0013991570461735,3.510125331190683,0.1861435941602249,0.19802531925923372,0.1728964072959336,0.21049901403700313,0.21049901403700297,800.0000000000005,800.0000000000005,0.00125,8.624256864209201e-11,15.976679738943131,9,1.0191500421363742e-16,9.280770596475918e-17,1.474376176702208e-13,0.057574731257308276,0.8367849661491253,1.0183405142157507,0.16421727502512878,1.8139711954745508e-10,0.0013284580782055855,not_checked,0.001,not_checked,not_checked,,,
circle_vm2_direct_n800,552,2026692153,True,ok,0.001604630334599122,0.5997214402973061,0.0019951312711204016,2.5338665882371663,2.6300738265255608,0.26508315723556,0.26971654237484066,0.2684644131589009,0.27700928107247463,0.27700928107247447,800.0000000000005,800.0000000000005,0.00125,6.986000666842074e-11,13.413036399514356,9,-4.423544863740858e-17,6.201636426617085e-17,9.947598300641403e-14,0.016770973560715108,0.9130748557927572,1.0216581249140022,0.19144636779702556,1.459128373682006e-10,0.0013301670551300049,not_checked,0.001,not_checked,not_checked,,,
circle_vm2_direct_n800,553,2026692154,True,ok,0.00042235239739873975,0.5652007104081502,0.0009984114735128848,0.6762980689887698,0.7234165754777235,0.7151400138534045,0.7149508428167279,0.696485511574003,0.7132795084544139,0.7132795084544138,800.0000000000005,800.0000000000005,0.00125,1.3402057241762577e-11,10.506205775720804,8,-4.139483894549656e-15,-2.557632924893305e-16,-4.092282068768327e-13,-0.00026711657539291167,0.8660051283786658,1.168330633685453,0.19577271397327567,2.6551205678515544e-11,0.0012123750057071447,not_checked,0.001,not_checked,not_checked,,,
circle_vm2_direct_n800,554,2026692155,True,ok,0.0001299858913985652,0.5584643138006282,0.0005729121691642483,0.2077330508406456,0.20652918030502007,0.9021051001571638,0.9022143084489431,0.9018883111432642,0.9012354695014296,0.9012354695014295,800.0000000000005,800.0000000000005,0.00125,9.560685576559536e-12,10.372869116630628,8,-1.848564704087785e-16,-2.159188626504882e-16,-3.4572344986827375e-13,0.0001221876985294107,0.9818206624976594,1.0376341251879537,0.2202565055276493,1.875410937657307e-11,0.0012235830072313547,not_checked,0.001,not_checked,not_checked,,,
circle_vm2_direct_n800,555,2026692156,True,ok,0.0007538021656585681,0.5736617573555296,0.0013536596405144543,1.1894089378217676,1.258683473423738,0.5386325003776069,0.5432573444627293,0.5329425020512073,0.5471448341573595,0.5471448341573593,800.0000000000005,800.0000000000005,0.00125,2.033229140607773e-11,12.112219743561907,8,1.4745318681341768e-12,-2.0643209364124004e-16,-3.3217872896784684e-13,0.00833726361597098,0.9190217870032178,1.0325760600204614,0.20662169489547802,4.079558912906123e-11,0.001215917058289051,not_checked,0.001,not_checked,not_checked,,,
circle_vm2_direct_n800,556,2026692157,True,ok,0.0002975287152766626,0.5638866961452411,0.0008133298617829848,0.48168950103709085,0.5325843940171555,0.7865017899356148,0.7842671273418675,0.7662152089964582,0.7881845845350723,0.7881845845350723,800.0000000000005,800.0000000000005,0.00125,1.2556733430812983e-11,9.61078035744635,8,-4.9011576047641725e-14,2.4860755815092617e-16,3.9745984281580604e-13,-0.0028217782972152217,0.8943570956315946,1.0969335907906679,0.19317161739964195,2.4821700250754475e-11,0.0012214579619467258,not_checked,0.001,not_checked,not_checked,,,
circle_vm2_direct_n800,557,2026692158,True,ok,0.00041363811156447383,0.5675496449505422,0.0009996990225384537,0.6615684805531156,0.6858488903657834,0.7182774640766519,0.7183681104214922,0.7096918301710428,0.7182694590000491,0.7182694590000491,800.0000000000005,800.0000000000005,0.00125,1.504396607288072e-11,10.69891545030749,8,8.553270938738144e-16,-4.0511214174920873e-16,-6.483702463810914e-13,0.00012624897502144794,0.9308382680748718,1.073469474244456,0.20779505225086198,2.9938052037437046e-11,0.0012198328040540218,not_checked,0.001,not_checked,not_checked,,,
circle_vm2_direct_n800,558,2026692159,True,ok,0.000825647184471201,0.592281605870383,0.0014684610832228168,1.2909068061383626,1.308160749798736,0.5040374767401767,0.5119607779210353,0.5199199742622322,0.5165838052279077,0.5165838052279074,800.0000000000005,800.0000000000005,0.00125,7.895106790556383e-11,13.805417602419059,8,8.427200343802399e-12,1.5829351718288365e-17,2.6645352591003757e-14,0.015064344507779825,0.868240696361228,1.066686473845891,0.1794442815727306,1.7123391593543147e-10,0.001225123880431056,not_checked,0.001,not_checked,not_checked,,,
circle_vm2_direct_n800,559,2026692160,True,ok,6.469561179889283e-05,0.5811676497914493,0.00041354342447089365,0.10322952795038236,0.0984563185894389,0.9494336399913261,0.9495685468772592,0.9519639055053094,0.9495600665963679,0.9495600665963678,800.0000000000005,800.0000000000005,0.00125,2.9229285658516346e-11,11.465414057113136,8,3.7487645366401923e-16,3.6765295668983455e-16,5.881961584464079e-13,0.00014172546392311053,0.9329168327028416,1.0662892985246533,0.1992641371119233,5.932077051795659e-11,0.0012199999764561653,not_checked,0.001,not_checked,not_checked,,,
circle_vm2_direct_n800,560,2026692161,True,ok,4.488781818046128e-05,0.6051949484884149,0.00032515481488854935,0.07166509387662595,0.07644753450238281,0.9647774155026034,0.9648522762191094,0.9624975413633088,0.9647268694506234,0.9647268694506234,800.0000000000005,800.0000000000005,0.00125,8.981904109361949e-11,12.570660148541906,8,-5.939395026147154e-17,-6.31276714929685e-17,-1.0103029524088925e-13,7.770760605606969e-05,0.9330508265095534,1.0747907959329377,0.19667313862673896,1.8900903064889008e-10,0.001218500081449747,not_checked,0.001,not_checked,not_checked,,,
circle_vm2_direct_n800,561,2026692162,True,ok,0.0002491602621683686,0.5408874181015269,0.0007835383747531956,0.402662303719647,0.40335924672106305,0.8213117585534331,0.81968935834307,0.8173567480076545,0.819280953216662,0.8192809532166618,800.0000000000005,800.0000000000005,0.00125,3.872235865287621e-12,8.883473552324201,8,-1.5381359380617354e-14,-1.612208630485945e-16,-2.582378755278114e-13,-0.0020029421251284985,0.9284044776133387,1.1035675083848628,0.2153214184652206,7.388312184275492e-12,0.0012226239778101444,not_checked,0.001,not_checked,not_checked,,,
circle_vm2_direct_n800,562,2026692163,True,ok,0.0004669328838018405,0.5467697486592817,0.0010777369556756386,0.7471707423234341,0.7519895886626778,0.6855502471147996,0.685523193885275,0.6866059072758518,0.6882891129258701,0.6882891129258701,800.0000000000005,800.0000000000005,0.00125,5.2619020252109294e-12,9.834466555030076,8,-1.1430743504514673e-15,-1.3769367590565906e-16,-2.2071233729548112e-13,-3.906412024440309e-05,0.9221677867708296,1.0606366842787192,0.2116382133514971,1.0132561456543954e-11,0.001223541097715497,not_checked,0.001,not_checked,not_checked,,,
circle_vm2_direct_n800,563,2026692164,True,ok,0.0010176859025206042,0.5622874549028731,0.001714049270607521,1.6634382222012665,1.386155174577388,0.4573399043891343,0.4497302367178162,0.5000347978464597,0.4430162969055441,0.4430162969055439,800.0000000000005,800.0000000000005,0.00125,1.1407330635648805e-10,8.883879199220527,8,-1.1839011541947553e-11,-2.1684043449710089e-16,-3.4638958368304884e-13,-0.01757038908414943,0.8671673051078681,1.2337398045560586,0.19890272915876,2.134106225071264e-10,0.0012194998562335968,not_checked,0.001,not_checked,not_checked,,,
circle_vm2_direct_n800,564,2026692165,True,ok,0.0008242084701450825,0.6864615342692344,0.0013537913497782528,1.3289899004035284,1.5448152234420576,0.5204787539752189,0.5178661315374604,0.4618996534940889,0.5171787207446006,0.5171787207446004,800.0000000000005,800.0000000000005,0.00125,4.362055161521994e-11,16.77791239746026,9,-2.3144121168161558e-12,1.6263032587282567e-17,2.6423307986078726e-14,-0.005128174085697879,0.7904682526561485,1.2664785320623462,0.13153818657587235,1.0124967531055518e-10,0.0013269169721752405,not_checked,0.001,not_checked,not_checked,,,
circle_vm2_direct_n800,565,2026692166,True,ok,0.0003101943766468107,0.5531314467637811,0.0008648510462059364,0.49055018229529135,0.5197659109686824,0.775294831876274,0.7775884140469456,0.77114183844466,0.7802386057130906,0.7802386057130904,800.0000000000005,800.0000000000005,0.00125,7.295719584021754e-12,10.9849413125943,8,4.722258825293202e-14,-1.0879968800892037e-16,-1.7363888105137448e-13,0.0028804101698030327,0.9417954827288263,1.0092735207266839,0.20845617888272683,1.4192425012993226e-11,0.0012226260732859373,not_checked,0.001,not_checked,not_checked,,,
circle_vm2_direct_n800,566,2026692167,True,ok,0.0036082817827580715,0.5501057813233625,0.0029891910030521657,5.857296428855909,5.748139333270579,0.06051797357547199,0.058100734327759335,0.056468649742892195,0.05576407544232116,0.05576407544232106,800.0000000000005,800.0000000000005,0.00125,6.249889494824856e-12,9.042711712153157,9,7.32920668600201e-17,4.90059381963448e-17,7.638334409421077e-14,-0.04202278822149541,0.9782315577726144,1.0791067194673993,0.22965266041615626,1.2096545987105856e-11,0.0013311260845512152,not_checked,0.001,not_checked,not_checked,,,
circle_vm2_direct_n800,567,2026692168,True,ok,0.000317175389703106,0.5707500975455253,0.000924433379590224,0.505696627565314,0.47343402244119936,0.7722078651624087,0.772909535951952,0.7892145952944,0.775893266241213,0.775893266241213,800.0000000000005,800.0000000000005,0.00125,1.763134083176965e-11,11.087946332188357,8,5.8806041633441275e-15,-9.367506770274758e-17,-1.503241975342462e-13,0.0008919979798279742,0.8950582838276802,1.0752975752462677,0.19203529634341449,3.522448999149219e-11,0.0012087919749319553,not_checked,0.001,not_checked,not_checked,,,
circle_vm2_direct_n800,568,2026692169,True,ok,0.0010093074883053,0.6049609339569004,0.0015914691832307132,1.654905242393713,1.568338400372357,0.4612840367516736,0.45252525142657973,0.4564988034059353,0.44599569001857886,0.44599569001857864,800.0000000000005,800.0000000000005,0.00125,8.8846041634838e-11,10.42964965388679,9,7.806255641895632e-18,-1.3660947373317356e-17,-2.2426505097428162e-14,-0.02000663055261609,1.0259992866548633,1.0613051562344824,0.2074946780520968,1.869415733324331e-10,0.001324041048064828,not_checked,0.001,not_checked,not_checked,,,
circle_vm2_direct_n800,569,2026692170,True,ok,9.809997063325859e-05,0.557389793269951,0.0005077660570056374,0.15621108995302663,0.15016019914784032,0.9238560864826924,0.9242052224018115,0.9276691774466854,0.9245205718777784,0.9245205718777784,800.0000000000005,800.0000000000005,0.00125,9.05464592193539e-12,10.610668020587344,8,-8.559776151773058e-17,-2.146178200435056e-16,-3.4350300381902343e-13,0.0003744315300936024,0.938814471398674,1.0458003860568568,0.20809990616892368,1.773381441694255e-11,0.0012137929443269968,not_checked,0.001,not_checked,not_checked,,,
circle_vm2_direct_n800,570,2026692171,True,ok,0.0019280558864922526,0.6014164350505669,0.0023480832456574383,3.179401600649601,2.588710824190675,0.23912625968277218,0.2289402698298983,0.2740744724955348,0.2138576420909767,0.2138576420909765,800.0000000000005,800.0000000000005,0.00125,7.557987569128954e-11,9.873306528726964,9,-1.5612511283791264e-16,-1.1731067506293158e-16,-1.8740564655672642e-13,-0.0472560911309976,0.9331432480720769,1.2286844791844704,0.19672121576761056,1.5813972353839745e-10,0.0013368749059736729,not_checked,0.001,not_checked,not_checked,,,
circle_vm2_direct_n800,571,2026692172,True,ok,0.0022450780966103423,0.5919667760463887,0.0023745132845081622,3.6302942832600555,3.5217963627707767,0.17041719609833444,0.16724328002655225,0.17189040570500005,0.1659510394357069,0.16595103943570674,800.0000000000005,800.0000000000005,0.00125,4.8766657378962464e-11,10.99071345670779,9,1.214306433183765e-17,-3.5561831257524545e-17,-5.861977570020827e-14,-0.01908466434175282,0.9976244250323074,1.0324259159170748,0.20326746290386072,1.0060219324259378e-10,0.0013249581679701805,not_checked,0.001,not_checked,not_checked,,,
circle_vm2_direct_n800,572,2026692173,True,ok,0.0015590745081317525,0.5277752296652223,0.0019155039888417618,2.4836962998586913,2.640757659203102,0.27811616572773334,0.2796635794809864,0.2670341223719691,0.28729100951567804,0.2872910095156779,800.0000000000005,800.0000000000005,0.00125,6.597422608223269e-11,9.533867445723983,8,2.353050480158325e-12,-2.0990154059319366e-16,-3.3661962106634746e-13,0.005411456576057017,0.9299240565949595,1.0201016919760066,0.22488722073910006,1.2576917285400668e-10,0.0012169578112661839,not_checked,0.001,not_checked,not_checked,,,
circle_vm2_direct_n800,573,2026692174,True,ok,0.0019286148768449252,0.5746446587842797,0.002229933866977277,3.129244152738929,2.932635607412534,0.22394273673161957,0.2192748288813668,0.23077367660139994,0.21376202798449603,0.21376202798449587,800.0000000000005,800.0000000000005,0.00125,2.132038989799412e-11,9.944491837590132,9,2.5500435096859064e-16,2.207435623180487e-16,3.5438318946034997e-13,-0.02173017489352347,0.9941181429419508,1.068405254907561,0.21253622233009029,4.285793941960492e-11,0.0013392919208854437,not_checked,0.001,not_checked,not_checked,,,
circle_vm2_direct_n800,574,2026692175,True,ok,0.0014583082540797765,0.5682375227904726,0.0018817663082579047,2.2930434028988955,2.432570316582124,0.29985334930231744,0.3061472603884121,0.29632893988205367,0.311409471785603,0.31140947178560285,800.0000000000005,800.0000000000005,0.00125,1.5580425838379597e-11,12.213585243927586,9,5.204170427930421e-18,8.673617379884035e-17,1.4033219031261979e-13,0.020124901814374097,0.9425086814661392,0.9949821569544811,0.2059558581356619,3.100453227489197e-11,0.0013355419505387545,not_checked,0.001,not_checked,not_checked,,,
circle_vm2_direct_n800,575,2026692176,True,ok,0.008319043688039374,0.540766112389701,0.0041974651985262155,12.537105807999286,15.931928074167208,0.0006624605819303766,0.0010041999933940553,0.0003470769526354916,0.0012872656641340532,0.0012872656641340489,800.0000000000005,800.0000000000005,0.00125,3.845146423486767e-12,15.195924404782385,9,2.53481263756683e-13,1.9949319973733282e-16,3.161915174132446e-13,0.38668204643185966,0.7859642241744418,0.9994517479420665,0.18150452225543262,7.340350549611685e-12,0.001330917002633214,not_checked,0.001,not_checked,not_checked,,,
circle_vm2_direct_n800,576,2026692177,True,ok,0.00022222453330100755,0.5562160447761817,0.0007569592882985397,0.35353482811587394,0.34654939742280755,0.8345370242052919,0.8353968505113707,0.8409065871586687,0.8371268836263877,0.8371268836263877,800.0000000000005,800.0000000000005,0.00125,8.524958516886727e-12,10.647621391818625,8,2.9347184404837634e-15,-7.895702321125686e-17,-1.2678746941219288e-13,0.001012212582869182,0.9423926601325561,1.024921397797701,0.2116764945026938,1.6681767078807752e-11,0.0012167089153081179,not_checked,0.001,not_checked,not_checked,,,
circle_vm2_direct_n800,577,2026692178,True,ok,0.0011878348202152278,0.5690256379701835,0.0017237566914467127,1.9211645578936203,1.874930885958408,0.3979193575084433,0.39395980222223037,0.3916191596344118,0.3866374463568346,0.3866374463568344,800.0000000000005,800.0000000000005,0.00125,6.186084977599648e-11,9.917737817684248,8,-4.649888547120229e-12,1.220811646218678e-16,1.9473311851925246e-13,-0.010314422774627352,1.0031719652638322,1.0596690483978302,0.22491600415725882,1.1898437790591743e-10,0.0012115007266402245,not_checked,0.001,not_checked,not_checked,,,
circle_vm2_direct_n800,578,2026692179,True,ok,0.0005638060464558947,0.6387149461264225,0.0012231350724970017,0.8950090656147287,0.8577293268962545,0.6280312638030567,0.6303259191344066,0.6512480608841513,0.6369622819549539,0.6369622819549536,800.0000000000005,800.0000000000005,0.00125,6.16973139244692e-12,15.06941590956571,9,3.1847441350763006e-13,5.5294310796760726e-17,8.748557434046234e-14,0.003540304357351698,0.8779158009255517,1.068551717622466,0.16240911417659454,1.3885781413591758e-11,0.0013207080774009228,not_checked,0.001,not_checked,not_checked,,,
circle_vm2_direct_n800,579,2026692180,True,ok,0.0002484969949811955,0.5551534057883665,0.0008099692580775028,0.40089354524952847,0.3729417712974573,0.8249858800635483,0.8236704574714084,0.8298827230967405,0.8197157903104055,0.8197157903104055,800.0000000000005,800.0000000000005,0.00125,8.08908495741889e-12,9.524297841374556,8,-1.0260238839099323e-14,-1.4094628242311558e-16,-2.2604140781368187e-13,-0.0016491766398077368,0.9748543232497149,1.0949167123679782,0.22678118383380222,1.5778489625972725e-11,0.0012112499680370092,not_checked,0.001,not_checked,not_checked,,,
circle_vm2_direct_n800,580,2026692181,True,ok,0.0002860573141638678,0.5616885983595064,0.0008479903677250305,0.46303189374332554,0.4495247964792087,0.799528903870548,0.797444513919406,0.7987059701603996,0.7954511417895858,0.7954511417895856,800.0000000000005,800.0000000000005,0.00125,1.1230127938688383e-11,9.53893849051932,8,-4.087659030704849e-14,1.3709736471079204e-16,2.1893598045608087e-13,-0.002670095540568379,1.0149127576207115,1.0308510250017466,0.22350527807506557,2.2164048374406775e-11,0.0012207080144435167,not_checked,0.001,not_checked,not_checked,,,
circle_vm2_direct_n800,581,2026692182,True,ok,0.0004509035639281844,0.5603505769029131,0.0010615659702045614,0.7244293175609304,0.7180643463573648,0.700293303967578,0.6992624317097613,0.6983518827902249,0.6971721921704366,0.6971721921704366,800.0000000000005,800.0000000000005,0.00125,1.0519807247533208e-11,10.045592835851744,8,-2.702704596582728e-14,-2.4936649967166602e-17,-4.0190073491430667e-14,-0.0014918076379174527,0.9744696618577641,1.0518206384807343,0.22086562746277744,2.0684343127186366e-11,0.00122187496162951,not_checked,0.001,not_checked,not_checked,,,
circle_vm2_direct_n800,582,2026692183,True,ok,0.0012302561120500766,0.5515894135648385,0.0017621193048846548,2.0126580686174322,1.9001960619739104,0.3918310659807974,0.3836683935740865,0.38670311270852026,0.3737362704103282,0.3737362704103279,800.0000000000005,800.0000000000005,0.00125,1.9997592470843983e-10,8.43702430134537,8,-2.2154878192431893e-11,-2.8189256484623115e-17,-4.4853010194856324e-14,-0.02212414466865431,1.0062381521781465,1.0957008037470453,0.23095451464788738,3.6620928511865714e-10,0.0012079589068889618,not_checked,0.001,not_checked,not_checked,,,
circle_vm2_direct_n800,583,2026692184,True,ok,0.0012631304671206767,0.5504442815938828,0.0017549750027091799,2.065582251066664,2.0231962271476567,0.3790538101750742,0.371032513152452,0.3636373811303878,0.3640353234180062,0.364035323418006,800.0000000000005,800.0000000000005,0.00125,6.359357485052897e-12,8.425015496422793,9,5.204170427930421e-17,2.0556473190325164e-16,3.2862601528904634e-13,-0.022286751836789964,1.0051347455461392,1.0788859050501935,0.22753974591956222,1.2316148101376712e-11,0.001323416829109192,not_checked,0.001,not_checked,not_checked,,,
circle_vm2_direct_n800,584,2026692185,True,ok,0.0038469767511835062,0.6141650397207732,0.0031710762971303643,5.798092126588659,6.1853674701460815,0.03384885888819179,0.04118865431680287,0.045380002929614936,0.04607054819422292,0.04607054819422284,800.0000000000005,800.0000000000005,0.00125,1.3456757930185859e-10,19.159445901476257,9,1.0123846205800646e-14,-2.1684043449710089e-16,-3.4727776210274897e-13,0.1785353376524772,0.8794845577359357,0.9377749848010837,0.179123820865103,2.869948723116522e-10,0.0013333740644156933,not_checked,0.001,not_checked,not_checked,,,
circle_vm2_direct_n800,585,2026692186,True,ok,0.0005158294890788007,0.5280976323164444,0.0011185680933165913,0.8319039362345293,0.8465068357772262,0.6656436000966073,0.6634892918264477,0.6549126455007308,0.6618849092453446,0.6618849092453445,800.0000000000005,800.0000000000005,0.00125,1.9590995492535512e-12,8.590142628341328,8,-9.035936061885241e-14,5.594483210025203e-17,8.903988657493755e-14,-0.0032883768542238956,0.9460411831417613,1.0856077011067302,0.22190244636860715,3.664402115077792e-12,0.0012159589678049088,not_checked,0.001,not_checked,not_checked,,,
circle_vm2_direct_n800,586,2026692187,True,ok,0.0013633798168237732,0.5683264173613363,0.001895722077253532,2.1871841288234806,2.0648726952449175,0.3339206375507142,0.33295391959934695,0.35613822620872915,0.33597992982757746,0.33597992982757724,800.0000000000005,800.0000000000005,0.00125,6.10368422471197e-11,10.543398652899294,8,-1.467111154784817e-12,-5.160802341031001e-17,-8.304468224196171e-14,-0.002888210952721071,0.9153375145054031,1.0763927103418336,0.19756028181256244,1.1995870963232846e-10,0.0012146658264100552,not_checked,0.001,not_checked,not_checked,,,
circle_vm2_direct_n800,587,2026692188,True,ok,0.005279292255218282,0.5853956416326194,0.003440871371140544,8.050932457668523,9.597241363996641,0.010003174526375728,0.012391283013807448,0.008241106319496202,0.01464825879487841,0.014648258794878377,800.0000000000005,800.0000000000005,0.00125,3.5732972136770513e-11,16.266775795482722,9,1.1815201594878033e-14,-3.8510861166685117e-16,-6.163958232718869e-13,0.19796757534036669,0.8331973273534935,0.9921355681102102,0.1733884781350963,7.305556160019933e-11,0.0013275840319693089,not_checked,0.001,not_checked,not_checked,,,
circle_vm2_direct_n800,588,2026692189,True,ok,2.2753417988630176e-05,0.578787405351125,0.0002434709295536734,0.036287597689433584,0.035169516759415625,0.9817743264859595,0.9818327955463726,0.9825689511833406,0.9819619347222867,0.9819619347222867,800.0000000000005,800.0000000000005,0.00125,2.6068369685106063e-11,11.389632040158002,8,-2.0491759873154936e-16,-2.0154640760147724e-16,-3.228528555609955e-13,5.893554618735877e-05,0.9193413042272933,1.0652010118788802,0.19551219475120213,5.271427738762213e-11,0.0012162919156253338,not_checked,0.001,not_checked,not_checked,,,
circle_vm2_direct_n800,589,2026692190,True,ok,0.0012212166130154412,0.5789201382846272,0.0017450649527368408,1.9629165860873172,1.9472835690158434,0.38105278077925986,0.3793692184320193,0.37770501013149627,0.3764487773954019,0.37644877739540167,800.0000000000005,800.0000000000005,0.00125,4.8374859673572246e-11,10.830327479806213,8,-1.8489142508681944e-12,-9.540979117872439e-18,-1.554312234475219e-14,-0.004485002631305135,0.9787223430205351,1.0470728966076408,0.21159169849834197,9.6090690959727e-11,0.001206499757245183,not_checked,0.001,not_checked,not_checked,,,
circle_vm2_direct_n800,590,2026692191,True,ok,0.0009180434602347187,0.5776102246794483,0.0015915234452416069,1.500675324418826,1.304505327949317,0.4981682635148611,0.49073041539433027,0.5208711066118854,0.479776567326757,0.4797765673267568,800.0000000000005,800.0000000000005,0.00125,9.543188461691443e-11,9.473421907180626,8,-9.685228530634249e-12,2.979387569990166e-16,4.769518113789672e-13,-0.01590289402163758,0.9227580618971943,1.19678699523516,0.20597086650837423,1.8286772096587356e-10,0.0012145841028541327,not_checked,0.001,not_checked,not_checked,,,
circle_vm2_direct_n800,591,2026692192,True,ok,0.0014051867371271953,0.5844530030622623,0.0019621149985737207,2.2491217371305723,2.053851275099783,0.3185113800510123,0.3183788750327391,0.3581062182556042,0.3249287375729221,0.32492873757292184,800.0000000000005,800.0000000000005,0.00125,8.005407448052893e-11,11.443422672752616,8,-4.302591269378375e-13,-2.207435623180487e-16,-3.526068326209497e-13,-0.00041147886352921326,0.8404037516542161,1.1340658330779612,0.17449684654477463,1.6282442061310576e-10,0.0012082080356776714,not_checked,0.001,not_checked,not_checked,,,
circle_vm2_direct_n800,592,2026692193,True,ok,0.0010951937172096748,0.5900846987142605,0.001569156712291835,1.7120396872160888,1.9770324723648565,0.39811796593975973,0.40661600512600327,0.37212843229728354,0.41638083291354855,0.41638083291354844,800.0000000000005,800.0000000000005,0.00125,1.7192369750063108e-10,13.74939608036196,8,1.992494103736364e-11,1.695692197767329e-16,2.7133850721838826e-13,0.020135130159695924,0.8612876817146571,1.0461521277412165,0.17973906355996128,3.738251930229808e-10,0.0012096248101443052,not_checked,0.001,not_checked,not_checked,,,
circle_vm2_direct_n800,593,2026692194,True,ok,0.001048160960213984,0.5786611160442567,0.0016563165073033772,1.7020215186898437,1.5786920760889567,0.43809280343744905,0.4327477052616029,0.4541416895803889,0.43234613714489667,0.43234613714489656,800.0000000000005,800.0000000000005,0.00125,6.699174548430165e-11,10.002741477688806,8,-5.876095617030064e-12,1.8431436932253575e-17,2.9976021664879227e-14,-0.012481991173734164,0.9551706178405717,1.079043426296326,0.2029656320143725,1.2909628921420335e-10,0.0012138341553509235,not_checked,0.001,not_checked,not_checked,,,
circle_vm2_direct_n800,594,2026692195,True,ok,0.004805601701354245,0.5294972706334216,0.0034560493980506923,7.810376830868677,7.594700876396504,0.024172146365326164,0.022792313368718627,0.022430123191545456,0.021397496258114934,0.021397496258114896,800.0000000000005,800.0000000000005,0.00125,2.112310326651823e-12,8.286400756837613,9,8.673617379884035e-17,2.0816681711721685e-16,3.304023721284466e-13,-0.06070705435094004,1.023857117889173,1.0415845690703143,0.23925616823423543,3.960165528837933e-12,0.0013310001231729984,not_checked,0.001,not_checked,not_checked,,,
circle_vm2_direct_n800,595,2026692196,True,ok,0.00016583260426172863,0.5446810836917575,0.0006335751644027365,0.26471558950380875,0.2754766010764365,0.8757555864892161,0.8760255754064541,0.8713266876364867,0.875757473240271,0.8757574732402709,800.0000000000005,800.0000000000005,0.00125,4.719891144588928e-12,9.92821866960213,8,1.9510218093876652e-16,-5.767955557622884e-17,-9.192646643896296e-14,0.000308288657478617,0.9331339849397033,1.071283801288062,0.21549596834025445,9.060086014756052e-12,0.001215748954564333,not_checked,0.001,not_checked,not_checked,,,
circle_vm2_direct_n800,596,2026692197,True,ok,0.002140593765561194,0.6191489532316483,0.0022922587369778855,3.553220065425931,3.329965809290447,0.20658659464414686,0.19475977104371656,0.18919389229104638,0.1804187010356481,0.18041870103564797,800.0000000000005,800.0000000000005,0.00125,1.6788304080250782e-10,10.209372436760841,9,-4.2934406030425976e-17,3.469446951953614e-18,4.440892098500626e-15,-0.06413502026400941,1.0132091808204708,1.1595951702386302,0.19949573020861666,3.6072722586766304e-10,0.0013282077852636576,not_checked,0.001,not_checked,not_checked,,,
circle_vm2_direct_n800,597,2026692198,True,ok,0.0004164990465644891,0.5733605578346961,0.0010257416925285197,0.6649797061240283,0.672855955739829,0.7105001911578916,0.711016199797802,0.7143173283790939,0.7166274010575173,0.7166274010575173,800.0000000000005,800.0000000000005,0.00125,2.0035972880805275e-11,11.092311484897506,8,9.837725252481722e-15,1.4034997122824855e-16,2.2493118478905672e-13,0.0007093841895772779,0.8256533128843033,1.145784802868248,0.17751988789926462,4.0182079885653366e-11,0.0012107500806450844,not_checked,0.001,not_checked,not_checked,,,
circle_vm2_direct_n800,598,2026692199,True,ok,0.00037341247426958546,0.47889865332123027,0.0009730368372354146,0.5997743013626522,0.587440657487593,0.7414705979794836,0.7406119990519133,0.7454849530048642,0.7417596727764583,0.7417596727764582,800.0000000000005,800.0000000000005,0.00125,1.6486811915683575e-13,7.377827286732787,8,-5.257730015251205e-15,9.134403303190375e-17,1.4632739464559563e-13,-0.001157171265657564,0.9767993140681421,1.0210105111880141,0.2531870957337515,2.786659791809143e-13,0.001222332939505577,not_checked,0.001,not_checked,not_checked,,,
circle_vm2_direct_n800,599,2026692200,True,ok,0.00012305110514376771,0.5607840737125724,0.0005467815229881722,0.19624439755829542,0.20395058330953802,0.9047011769305873,0.9049945151391787,0.9030518643104464,0.9062492647580768,0.9062492647580768,800.0000000000005,800.0000000000005,0.00125,1.0749956480538003e-11,10.631849948611618,8,1.8710618991668593e-16,4.393729303997507e-17,7.038813976123492e-14,0.00031868533586651426,0.9202215047299649,1.049681274324039,0.20221913774415645,2.1155521778837283e-11,0.0012182500213384628,not_checked,0.001,not_checked,not_checked,,,
circle_vm2_direct_n800,600,2026692201,True,ok,1.168918818894582e-05,0.5542170563279132,0.00017597322248244737,0.01871841159837418,0.01763139084417189,0.9906903082029801,0.990682524561068,0.991223048884541,0.9906922373530046,0.9906922373530046,800.0000000000005,800.0000000000005,0.00125,7.70949970529955e-12,10.037856282409313,8,7.125241152303174e-18,8.429671891074797e-18,1.3766765505351941e-14,-7.855248030428849e-06,0.9413401922943391,1.0618548991313617,0.20919655188574554,1.502575841527687e-11,0.001209166133776307,not_checked,0.001,not_checked,not_checked,,,
circle_vm2_direct_n800,601,2026692202,True,ok,9.115432796136247e-06,0.5338302500756538,0.00015318980685417275,0.014603284734367138,0.014162860147612592,0.9927474382658521,0.9927382265420317,0.9929435841717678,0.9927341784051235,0.9927341784051235,800.0000000000005,800.0000000000005,0.00125,1.791247150606523e-10,9.249824690452787,7,-1.441379374661272e-12,-1.717782817031721e-17,-2.7533531010703882e-14,-9.296130274566959e-06,0.9544232815041255,1.0515929003964744,0.2208531894402968,3.3757774353659897e-10,0.001101125031709671,not_checked,0.001,not_checked,not_checked,,,
circle_vm2_direct_n800,602,2026692203,True,ok,0.0010608686542659118,0.5449600899494749,0.0016081253862900487,1.7068624617295227,1.7276734229696016,0.4328734267051688,0.4308563345428451,0.42154164206523914,0.4279731053197374,0.42797310531973687,800.0000000000005,800.0000000000005,0.00125,2.032873869239893e-11,9.380261161556096,8,-9.320549974184411e-13,-1.249000902703301e-16,-1.9984014443252818e-13,-0.004736307452031463,0.9673173725327381,1.0611386073478708,0.2298801394082043,3.807798520938377e-11,0.0012124581262469292,not_checked,0.001,not_checked,not_checked,,,
circle_vm2_direct_n800,603,2026692204,True,ok,0.0018423647327905357,0.5582933692242467,0.0021352044875301793,2.8896499262600637,3.0316590158981747,0.21585155845685794,0.2224768939871477,0.2196259278134361,0.22903240331806804,0.2290324033180678,800.0000000000005,800.0000000000005,0.00125,9.48452427707025e-12,12.002151588623011,9,-2.1684043449710089e-16,-1.689186984732416e-16,-2.7045032879868813e-13,0.02906682310239761,0.9446494433241773,0.9780979114241795,0.21357955998226236,1.8588908190508846e-11,0.0013200407847762108,not_checked,0.001,not_checked,not_checked,,,
circle_vm2_direct_n800,604,2026692205,True,ok,0.00023640365892574344,0.5933919990767107,0.0007596626958415277,0.37806278739057986,0.3903495823474325,0.8292131919858687,0.8292883356366649,0.8226908463892335,0.8276847555205613,0.8276847555205612,800.0000000000005,800.0000000000005,0.00125,5.212730247450281e-11,11.853774898723083,8,1.4446993948369347e-16,-1.1492543028346347e-16,-1.829647544582258e-13,9.153344530493657e-05,0.936152601915416,1.0887701596211135,0.19851617662378387,1.0776424197445067e-10,0.0012205010280013084,not_checked,0.001,not_checked,not_checked,,,
circle_vm2_direct_n800,605,2026692206,True,ok,0.0005145342556842625,0.5433171599411755,0.001145523123711763,0.8173931373009077,0.8143919761466905,0.6592205567124239,0.6611792112645773,0.6655137447624331,0.6625711010455988,0.6625711010455988,800.0000000000005,800.0000000000005,0.00125,4.39781544514517e-12,10.269643772202521,8,8.034848827942476e-14,-1.5785983631388945e-16,-2.511324481702104e-13,0.002930835896956363,0.9647489147753878,1.0113533605969232,0.22225995736513748,8.423262087831063e-12,0.0012221250217407942,not_checked,0.001,not_checked,not_checked,,,
circle_vm2_direct_n800,606,2026692207,True,ok,0.0006610774005610942,0.5855803383718472,0.0012908311488066472,1.0597994810815763,1.051953198951917,0.5910666763135106,0.5904571910594378,0.5909779337131045,0.58927523029064,0.5892752302906397,800.0000000000005,800.0000000000005,0.00125,3.608413567945945e-11,11.308905821680545,8,-7.07337834138233e-14,6.114900252818245e-17,9.880984919163893e-14,-0.0010378200919124447,0.9706863925997071,1.0417851030437806,0.20190567797346623,7.372102928115964e-11,0.0012102499604225159,not_checked,0.001,not_checked,not_checked,,,
circle_vm2_direct_n800,607,2026692208,True,ok,0.002054395400028941,0.6380246124639839,0.0021799530010734847,3.218642857806754,3.6162988247766648,0.19057921611341927,0.19723687277927343,0.16395727352488862,0.19329914421344466,0.19329914421344457,800.0000000000005,800.0000000000005,0.00125,5.863365348801608e-16,16.538259760604767,10,-7.892991815694472e-17,-8.066464163292153e-17,-1.305622276959184e-13,0.034194891119776694,0.8889968231151578,1.0957299763699992,0.17266959519665526,1.1102230246251565e-15,0.0014397089835256338,not_checked,0.001,not_checked,not_checked,,,
circle_vm2_direct_n800,608,2026692209,True,ok,0.00016558175494751914,0.534318695315138,0.0006548614199958233,0.26280152457550626,0.2579647536483245,0.8747868060905428,0.8757278213184541,0.8789894559948298,0.8759332374050701,0.87593323740507,800.0000000000005,800.0000000000005,0.00125,2.7333690866271354e-12,9.966681388028356,8,2.193801780861482e-15,5.4752209710517974e-17,8.704148513061227e-14,0.0010646416702622674,0.9584882026517095,1.022909100883892,0.2334401834596872,5.1669779566054785e-12,0.0012170008849352598,not_checked,0.001,not_checked,not_checked,,,
circle_vm2_direct_n800,609,2026692210,True,ok,0.004537419787943531,0.6017934172711918,0.0033070943540091566,7.029951701735637,7.704314605267827,0.022391035450552668,0.025238185530490148,0.02123387908878504,0.026517885997633692,0.02651788599763363,800.0000000000005,800.0000000000005,0.00125,7.689693326540237e-11,15.612133884751934,9,1.0859368959614812e-15,-2.0383000842727483e-16,-3.2507330161024584e-13,0.1149599794870082,0.8813440426813465,1.024742159241642,0.17650641609079534,1.6098700150735112e-10,0.0013308341149240732,not_checked,0.001,not_checked,not_checked,,,
circle_vm2_direct_n800,610,2026692211,True,ok,0.000651433451160921,0.6011247755554328,0.0012299225772659673,1.0448610549488815,1.1244067011822865,0.5960178818533846,0.5952594332090939,0.5699518755422281,0.5938391658003475,0.5938391658003472,800.0000000000005,800.0000000000005,0.00125,7.457390260867669e-11,12.001682926214507,8,-9.912676148665645e-14,4.0549161250957866e-17,6.461498003318411e-14,-0.001283766545703613,0.9172851501926729,1.103221600154328,0.19238216154132565,1.559667950346011e-10,0.0012105840723961592,not_checked,0.001,not_checked,not_checked,,,
circle_vm2_direct_n800,611,2026692212,True,ok,0.0003174029216350682,0.5788873608134866,0.0008445990272956223,0.5094166051906489,0.564199915489232,0.7783441600560483,0.7777411783445312,0.7541982928048161,0.7757520466992937,0.7757520466992935,800.0000000000005,800.0000000000005,0.00125,2.6186386392623717e-11,10.892830750281306,8,-5.804005279858027e-15,1.1167282376600696e-17,1.7541523789077473e-14,-0.0007859652872697076,0.9027828360250953,1.135498709116822,0.2004572245676893,5.297673411064352e-11,0.0012162078637629747,not_checked,0.001,not_checked,not_checked,,,
circle_vm2_direct_n800,612,2026692213,True,ok,0.0007316621962309977,0.5915750989052937,0.0013703467695250658,1.194741641018964,1.1297581345035321,0.5618547191954323,0.5552397410712342,0.5684288842682987,0.5569221825493935,0.5569221825493935,800.0000000000005,800.0000000000005,0.00125,4.895228666867979e-11,10.132726135485479,8,-4.597921652790826e-12,3.0574501264091225e-17,4.907185768843192e-14,-0.012041063524683482,0.92038410896641,1.1169690082115158,0.19389302074612152,9.871303774389162e-11,0.0012122509069740772,not_checked,0.001,not_checked,not_checked,,,
circle_vm2_direct_n800,613,2026692214,True,ok,0.0023066493776562336,0.6476159371711268,0.0025061126320945555,3.7983824378719344,3.264545478822537,0.18366130957691268,0.17484287276150295,0.19548478290069118,0.1579748395287023,0.15797483952870214,800.0000000000005,800.0000000000005,0.00125,9.992007221626409e-16,12.325546865727942,10,-2.90132501357121e-16,-1.2836953722228372e-16,-2.0650148258027912e-13,-0.05387171681097924,0.9686126295642759,1.2112225307300652,0.18415946993065102,2.220446049250313e-15,0.0014307929668575525,not_checked,0.001,not_checked,not_checked,,,
circle_vm2_direct_n800,614,2026692215,True,ok,0.0007370720498058869,0.5603185852241237,0.0013703169885821332,1.1914938121906016,1.1448318528638852,0.5651562693828007,0.5618387078510791,0.564160819917279,0.5545170967999806,0.5545170967999805,800.0000000000005,800.0000000000005,0.00125,1.0503597991373681e-11,9.589615015491436,8,-6.996699226935466e-13,-8.803721640582296e-17,-1.4011014570769476e-13,-0.006089266250590919,0.9522120484670035,1.119211950923776,0.2198704555015023,2.0650148258027912e-11,0.0012134579010307789,not_checked,0.001,not_checked,not_checked,,,
circle_vm2_direct_n800,615,2026692216,True,ok,0.00035284555419212715,0.5394794250588457,0.0009301324075960635,0.5641724860518414,0.5773971536836044,0.7525649027886547,0.7527090387423954,0.7492380090566662,0.7540651994046195,0.7540651994046194,800.0000000000005,800.0000000000005,0.00125,3.5952352206436444e-12,9.61701507586659,8,8.836247705756861e-16,-1.1297386637298956e-16,-1.8096635301390052e-13,0.0001902003277811648,0.9441677711836007,1.0439703979668649,0.2218399337342847,6.84496903602394e-12,0.0012132511474192142,not_checked,0.001,not_checked,not_checked,,,
circle_vm2_direct_n800,616,2026692217,True,ok,0.000218494960948723,0.5995181060127917,0.0007272389997908718,0.3456039663936654,0.36549214592065843,0.8352547498882597,0.8369716314102043,0.8329796449398865,0.8396283137008997,0.8396283137008996,800.0000000000005,800.0000000000005,0.00125,6.925726658835174e-11,13.099024538532582,8,2.1146387592374527e-14,8.348356728138384e-17,1.3367085216486885e-13,0.001993985562145806,0.9319887109574938,1.0114685414740072,0.18507571691495686,1.4451084773270395e-10,0.0012277078349143267,not_checked,0.001,not_checked,not_checked,,,
circle_vm2_direct_n800,617,2026692218,True,ok,0.0009308438332573665,0.5414222939869666,0.001463720661800855,1.4589489730296923,1.641088927384741,0.4578292103799776,0.4651819382072745,0.4401919207302408,0.4748885820316351,0.47488858203163475,800.0000000000005,800.0000000000005,0.00125,6.096323446058705e-11,11.252795264223517,8,6.303807519383864e-12,7.15573433840433e-18,1.0880185641326534e-14,0.015200580091047522,0.8878506257719867,1.0213413264729845,0.20153158783230968,1.233493307495337e-10,0.0012150409165769815,not_checked,0.001,not_checked,not_checked,,,
circle_vm2_direct_n800,618,2026692219,True,ok,5.525259090188861e-05,0.5842971701395256,0.0003733572557116349,0.08790305150021212,0.08817777681024246,0.9565187593717743,0.9567598114701124,0.9568688991423981,0.9567606027190181,0.9567606027190181,800.0000000000005,800.0000000000005,0.00125,3.389943881160207e-11,11.841603605636363,8,-9.261797058457422e-17,-1.1281123604711674e-16,-1.8030021919912542e-13,0.00025054697140485666,0.9688190755474102,1.0204629414347244,0.20551959688957466,6.921951900551448e-11,0.0012045421171933413,not_checked,0.001,not_checked,not_checked,,,
circle_vm2_direct_n800,619,2026692220,True,ok,0.0002461528217287956,0.583145393223935,0.0007793781765556892,0.39817986098152536,0.3953670925471946,0.8240703405763397,0.8223171455147726,0.8206295033163513,0.8212544773031849,0.8212544773031849,800.0000000000005,800.0000000000005,0.00125,3.2132296823306206e-11,10.461804878792854,8,-2.518070387619309e-14,2.093594395069509e-16,3.352873534367973e-13,-0.002167673107726087,0.969274390630599,1.0682780348661955,0.20108639093718444,6.54052367821123e-11,0.0012206248939037323,not_checked,0.001,not_checked,not_checked,,,
circle_vm2_direct_n800,620,2026692221,True,ok,0.0009198094742868257,0.6115445014874861,0.0014806950473187355,1.4350692729824572,1.6013400931048307,0.4673094109862694,0.4762126290038492,0.4490279936372912,0.4790992121990785,0.47909921219907836,800.0000000000005,800.0000000000005,0.00125,1.471929245155934e-10,15.092017976294182,8,1.7028001296319484e-11,4.705437428587089e-17,7.527312106958561e-14,0.01831294293823238,0.8457898535074384,1.0989436848169627,0.1706483009245231,3.295179684670302e-10,0.0012184171937406063,not_checked,0.001,not_checked,not_checked,,,
circle_vm2_direct_n800,621,2026692222,True,ok,0.0022661368204981436,0.6034327827341317,0.0024191797583552398,3.7060619921735114,3.414846265261329,0.17947950948675545,0.17279973511034075,0.1813324607891059,0.16317868421691362,0.16317868421691342,800.0000000000005,800.0000000000005,0.00125,8.287370789616944e-11,10.609998811321335,9,-2.0166160408230382e-16,-2.7582103268031233e-16,-4.440892098500626e-13,-0.04012153968823973,0.9797843846732596,1.1318474581696885,0.2057809114784638,1.7395995755009608e-10,0.0013339999131858349,not_checked,0.001,not_checked,not_checked,,,
circle_vm2_direct_n800,622,2026692223,True,ok,0.00085855844718985,0.5312758662907071,0.0014540572935455578,1.353413286424154,1.4171129780353575,0.4954874172288778,0.5006503316259874,0.4923544037313472,0.5031601561102372,0.503160156110237,800.0000000000005,800.0000000000005,0.00125,2.230726714458342e-11,10.41922049841185,8,1.9187916229859714e-12,-1.7976072019809664e-16,-2.877698079828406e-13,0.010140114539803458,0.9549881544729861,1.001606172739934,0.2243269323665146,4.38105107747333e-11,0.0012130411341786385,not_checked,0.001,not_checked,not_checked,,,
circle_vm2_direct_n800,623,2026692224,True,ok,0.0002488992261209244,0.5632144775255994,0.000844729278440421,0.40260968195712055,0.34354902642719887,0.8219207137676259,0.8201553750085657,0.8421690497529999,0.8194520605715344,0.8194520605715343,800.0000000000005,800.0000000000005,0.00125,1.2131406990079086e-11,9.647521764600338,8,-2.285481916566856e-14,-1.2793585635328952e-16,-2.0450308113595383e-13,-0.0021854600818206338,0.875472680070556,1.1750459203134214,0.2018801240294493,2.3977930752039356e-11,0.001212417148053646,not_checked,0.001,not_checked,not_checked,,,
circle_vm2_direct_n800,624,2026692225,True,ok,0.0006917391008949281,0.5926787793655008,0.0012808796221208992,1.0954950532935355,1.1735669749960953,0.5710732630100099,0.5743438225523629,0.5561131559749033,0.5749965255550824,0.5749965255550822,800.0000000000005,800.0000000000005,0.00125,5.040479145179688e-11,12.710952639837506,8,6.856574769759094e-13,1.4257258568184383e-16,2.282618538629322e-13,0.005643754069175055,0.9295571911513617,1.0485810936574134,0.1941129177648647,1.0412204431986538e-10,0.0012132921256124973,not_checked,0.001,not_checked,not_checked,,,
circle_vm2_direct_n800,625,2026692226,True,ok,0.0002216102175010004,0.5503263720931899,0.0007230665392298344,0.35191806686764143,0.381211691187506,0.8359424114343966,0.8370656356610735,0.8264582761324178,0.8375383929537559,0.8375383929537559,800.0000000000005,800.0000000000005,0.00125,6.3222760360304164e-12,10.549675725249406,8,5.241277247283738e-15,1.2918268885164785e-16,2.0672352718520415e-13,0.0013291405669797196,0.888819891487096,1.1001406164853793,0.2079128512443903,1.2239986801887426e-11,0.0012144169304519892,not_checked,0.001,not_checked,not_checked,,,
circle_vm2_direct_n800,626,2026692227,True,ok,0.0013166141494536099,0.5634612751208683,0.0017765823629356423,2.0507390575569415,2.2537240404945353,0.3321031336243282,0.34194452504735495,0.3240485203460819,0.3487878854740732,0.348787885474073,800.0000000000005,800.0000000000005,0.00125,1.2289391726483245e-11,12.751276157667908,9,-8.673617379884035e-19,-8.456776945386935e-17,-1.341149413747189e-13,0.02792179078441781,0.9099042704118669,1.002157034465852,0.19699826408321355,2.428568457446545e-11,0.0013239169493317604,not_checked,0.001,not_checked,not_checked,,,
circle_vm2_direct_n800,627,2026692228,True,ok,0.0009349776083835692,0.5786846769165852,0.0015827995011172757,1.488151886091824,1.4033114925858878,0.46256766529742066,0.46442792727600035,0.4957637648332559,0.47332070986642605,0.4733207098664257,800.0000000000005,800.0000000000005,0.00125,2.5929813851632844e-11,11.625707333727139,8,6.821138705953578e-13,2.1272046624165597e-16,3.397282455352979e-13,0.0039061436609438838,0.851038603994599,1.0990631892011997,0.17784202590245995,5.244360501421852e-11,0.0012298750225454569,not_checked,0.001,not_checked,not_checked,,,
circle_vm2_direct_n800,628,2026692229,True,ok,7.060652184698313e-05,0.5855125752230921,0.0004162465679207434,0.11261462215887874,0.11563229589904611,0.9440356621064641,0.9442069136282143,0.9438234553639726,0.9450804550648959,0.9450804550648959,800.0000000000005,800.0000000000005,0.00125,3.596067887912113e-11,11.699601058247909,8,2.4283418158244086e-16,1.9737900550098608e-16,3.157474282033945e-13,0.00017790639814716652,0.9478623463730375,1.0148350532656036,0.19555421443697402,7.347455976969286e-11,0.0012097919825464487,not_checked,0.001,not_checked,not_checked,,,
circle_vm2_direct_n800,629,2026692230,True,ok,0.0005449372697088339,0.6020981980118161,0.0012144934502535234,0.8784281035713682,0.7965522509834071,0.6487453180074318,0.6466490778313296,0.6714765902575386,0.6466501767642696,0.6466501767642695,800.0000000000005,800.0000000000005,0.00125,7.7947981402815e-11,11.610084569404702,8,-1.954849043056539e-13,1.3227266504323154e-16,2.1116441928370477e-13,-0.0032642360186167507,0.9102377114915591,1.1126682300271362,0.18377670765321472,1.6332646346484125e-10,0.0012152078561484814,not_checked,0.001,not_checked,not_checked,,,
circle_vm2_direct_n800,630,2026692231,True,ok,0.0003794342838889797,0.5507198480791009,0.0010010312008427835,0.6148618431039166,0.5674948474077514,0.7451294868660594,0.742331330365357,0.752956799730477,0.7381948778510163,0.7381948778510163,800.0000000000005,800.0000000000005,0.00125,6.430855847838757e-12,9.047911347608544,8,-1.1824916046343503e-13,-1.2593008233419134e-16,-2.0095036745715333e-13,-0.003883494440774349,0.9576916727187588,1.1107057381826453,0.22220893981177792,1.2497780588205387e-11,0.0012145419605076313,not_checked,0.001,not_checked,not_checked,,,
circle_vm2_direct_n800,631,2026692232,True,ok,0.0011620407206207606,0.5717008910682757,0.001587150176300322,1.8460050345925159,2.1480955268659034,0.38942878219213384,0.3920440525213188,0.3416229062896039,0.39469870531378565,0.39469870531378537,800.0000000000005,800.0000000000005,0.00125,4.018130272953613e-11,11.488390223697262,8,2.1857596028268533e-12,1.6349768761081407e-16,2.611244553918368e-13,0.0066300592003510905,0.8491222902889967,1.133143973013204,0.18946879537718914,8.378231441952266e-11,0.0012168751563876867,not_checked,0.001,not_checked,not_checked,,,
circle_vm2_direct_n800,632,2026692233,True,ok,0.00035714425038602116,0.5544741123307027,0.0009398130417006128,0.56696311293444,0.5842813676358871,0.7438643663570395,0.7455863368835223,0.7466634851142475,0.7514764554832715,0.7514764554832714,800.0000000000005,800.0000000000005,0.00125,7.811307156657676e-12,10.755051242970067,8,2.925773772560758e-14,2.7294789692322574e-16,4.369837824924616e-13,0.002233843841597083,0.8866260585837564,1.050472501130027,0.19559169508508487,1.5229373317993122e-11,0.0012193741276860237,not_checked,0.001,not_checked,not_checked,,,
circle_vm2_direct_n800,633,2026692234,True,ok,0.0007624986739038775,0.557857861208964,0.0013275125828482168,1.1994946963252224,1.3423743254566434,0.5246610025733778,0.5303706750970449,0.5111014568821906,0.54335144550319,0.54335144550319,800.0000000000005,800.0000000000005,0.00125,2.4688362465496994e-11,11.646169805272592,8,2.2113905758652797e-12,-6.353424730765056e-17,-1.0058620603103918e-13,0.010251590960491108,0.8572940650187212,1.040146357346866,0.18764608631457672,5.066680408560842e-11,0.0012143331114202738,not_checked,0.001,not_checked,not_checked,,,
circle_vm2_direct_n800,634,2026692235,True,ok,0.0007873504667852416,0.6174007738132676,0.0014447818181309183,1.2872288695490859,1.1606813108763765,0.5468481363784425,0.5397044671385476,0.5597076666253289,0.532655516949208,0.5326555169492079,800.0000000000005,800.0000000000005,0.00125,1.5530432495580726e-10,11.236373747362144,8,-8.139806753973411e-12,9.432558900623889e-17,1.4988010832439613e-13,-0.013734061346349358,0.9678291964414978,1.1233463294895945,0.1914439764254088,3.330140607715748e-10,0.001216790871694684,not_checked,0.001,not_checked,not_checked,,,
circle_vm2_direct_n800,635,2026692236,True,ok,0.002089071487579197,0.6242950979852775,0.0022275012456499034,3.221683172503222,3.6068744619168935,0.16287469211797678,0.1738922133092355,0.16473169311431535,0.18801055200081854,0.18801055200081832,800.0000000000005,800.0000000000005,0.00125,5.551115123125783e-16,17.217192833552478,10,1.6132928326584306e-16,2.8622937353617317e-16,4.574118861455645e-13,0.0604156038117476,0.8547337431786225,0.9875394667953452,0.15953657944828553,1.3322676295501878e-15,0.0014485842548310757,not_checked,0.001,not_checked,not_checked,,,
circle_vm2_direct_n800,636,2026692237,True,ok,0.0014443571198412553,0.5480605714773592,0.001925682401231234,2.3664055770840555,2.195983243754258,0.33070852764697667,0.3220518563345717,0.3335402864814897,0.3149045519130771,0.31490455191307687,800.0000000000005,800.0000000000005,0.00125,5.624389842751043e-12,8.217817731942041,9,8.543513119185775e-17,7.112366251504909e-17,1.1546319456101628e-13,-0.02771709266902289,0.9942053601063066,1.0953972052473615,0.23339776057570955,1.085398437794538e-11,0.0013306657783687115,not_checked,0.001,not_checked,not_checked,,,
circle_vm2_direct_n800,637,2026692238,True,ok,0.0009937616650668168,0.5998945007368333,0.001606104678565083,1.6268365386889752,1.491014544796118,0.469468644408387,0.461322920555604,0.47449354140338396,0.45157702076203277,0.45157702076203243,800.0000000000005,800.0000000000005,0.00125,1.6230250476922947e-10,10.315642315427395,8,-1.7484483695942576e-11,-5.854691731421724e-17,-9.14823772291129e-14,-0.018408937291033656,1.0077923943505698,1.0961329643836295,0.21485390718021166,3.2091418411539507e-10,0.001212625065818429,not_checked,0.001,not_checked,not_checked,,,
circle_vm2_direct_n800,638,2026692239,True,ok,0.000667324991774132,0.5372925884743807,0.0013312597883188585,1.0602972097894667,1.0079349775580908,0.5742730677031205,0.5764880198528173,0.6041290235087606,0.5863373377066274,0.5863373377066271,800.0000000000005,800.0000000000005,0.00125,3.68904906622447e-12,10.036862657180365,8,1.8927730476708815e-13,-3.213575239247035e-16,-5.140332604014475e-13,0.003711388524572534,0.8612037311842571,1.0721673114081245,0.19733151378673108,7.1873618168183384e-12,0.0012229171115905046,not_checked,0.001,not_checked,not_checked,,,
circle_vm2_direct_n800,639,2026692240,True,ok,0.0006078410917584876,0.5479001392397547,0.001261559809242184,0.9819450776896981,0.9188492477432812,0.6217933409981864,0.6189457308522921,0.6316469755624708,0.6149139907426935,0.6149139907426933,800.0000000000005,800.0000000000005,0.00125,5.5777604757167865e-12,9.16560966202283,8,-2.79285709142707e-13,3.5453411040275995e-17,5.684341886080802e-14,-0.00469966543805872,0.9638853854253118,1.0857061292350563,0.22402404801736592,1.0760725643876867e-11,0.0012221250217407942,not_checked,0.001,not_checked,not_checked,,,
circle_vm2_direct_n800,640,2026692241,True,ok,0.0018220189752520266,0.5786741542663372,0.001989341739353565,2.8384677331314347,3.4057241710838584,0.20613615912872707,0.2148190115639363,0.18216141569559044,0.23279077732721754,0.2327907773272173,800.0000000000005,800.0000000000005,0.00125,2.5926372160256506e-11,13.544600131531245,9,2.7755575615628914e-17,1.973247953923618e-16,3.161915174132446e-13,0.0383813136359048,0.7935770781581091,1.056291257447402,0.16608353257499484,5.241718170623244e-11,0.0013246668968349695,not_checked,0.001,not_checked,not_checked,,,
circle_vm2_direct_n800,641,2026692242,True,ok,0.00104693262587352,0.5911788699456235,0.001644784783742233,1.6573061315144182,1.6342560169499032,0.42176039191923365,0.4256417437017995,0.44169838863924715,0.4327711984434257,0.4327711984434255,800.0000000000005,800.0000000000005,0.00125,4.695577260349637e-11,12.703478624004294,8,3.2225910308325556e-12,8.933825901280557e-17,1.4299672557172016e-13,0.008893034941607425,0.9171757500924611,1.0248162058585264,0.18588053807082683,9.683831514450958e-11,0.0012223341036587954,not_checked,0.001,not_checked,not_checked,,,
circle_vm2_direct_n800,642,2026692243,True,ok,0.0025198815543634456,0.629796214617355,0.0025856674669283647,4.046877904263442,3.755984812188821,0.1334643099655437,0.13247090014092527,0.15289675243125875,0.13319977054789187,0.13319977054789167,800.0000000000005,800.0000000000005,0.00125,8.881784197001252e-16,13.573654186627577,10,-2.7755575615628914e-17,-6.678685382510707e-17,-1.056932319443149e-13,-0.007533708640963255,0.8803169549862009,1.1214983452798852,0.16516531860430175,1.7763568394002505e-15,0.0014410000294446945,not_checked,0.001,not_checked,not_checked,,,
circle_vm2_direct_n800,643,2026692244,True,ok,0.005670053529455821,0.5420211790896396,0.003835092914411451,8.586551782835592,9.153171392345223,0.006980816770007487,0.009095130644899058,0.0102899694692404,0.010715726785508516,0.010715726785508486,800.0000000000005,800.0000000000005,0.00125,4.1093795033475544e-12,14.567678415675033,9,1.9290992414600083e-14,-1.1796119636642288e-16,-1.9184653865522705e-13,0.2427669321468633,0.8560375067556771,0.9663747852977461,0.20357540516472322,7.854827899222983e-12,0.001324665965512395,not_checked,0.001,not_checked,not_checked,,,
circle_vm2_direct_n800,644,2026692245,True,ok,0.00031617101507008805,0.5269081743851787,0.0009069745620400653,0.5051595989219496,0.48755033293337746,0.7754829309994749,0.7757612089320511,0.7836638083601598,0.7765169467828581,0.7765169467828581,800.0000000000005,800.0000000000005,0.00125,1.8373080834521716e-12,9.223166771511066,8,1.3446275343165226e-15,6.722053469410127e-17,1.0724754417879012e-13,0.00035701259509579586,0.9268153788929335,1.0670110799244057,0.2179973012301584,3.4301450568818836e-12,0.0012249168939888477,not_checked,0.001,not_checked,not_checked,,,
circle_vm2_direct_n800,645,2026692246,True,ok,0.0005807357341636177,0.5585558123073668,0.0012128205911641314,0.9146021563724867,0.9323923185390217,0.621065688168817,0.6257231543397874,0.6273842047488566,0.6283935810963115,0.6283935810963114,800.0000000000005,800.0000000000005,0.00125,9.824918656420323e-12,11.565401137194065,8,7.883279532633347e-13,-1.612208630485945e-16,-2.580158309228864e-13,0.007287509144651094,0.9566011148245851,0.9944261630055571,0.21655638945431063,2.0034640613175725e-11,0.0012318328954279423,not_checked,0.001,not_checked,not_checked,,,
circle_vm2_direct_n800,646,2026692247,True,ok,0.00015490054647893103,0.5623048250187876,0.0006352492591202811,0.24981651327420926,0.23644162141398362,0.8863614811426214,0.885509687429305,0.8884998406745845,0.8834501278673228,0.8834501278673227,800.0000000000005,800.0000000000005,0.00125,1.1602607763450123e-11,9.826075069095632,8,-2.15840257992983e-15,-8.207410445715269e-17,-1.318944953254686e-13,-0.0009878194539597318,0.9606422846968553,1.098229536621476,0.22130257036174503,2.2881252448314626e-11,0.0013685000594705343,not_checked,0.001,not_checked,not_checked,,,
circle_vm2_direct_n800,647,2026692248,True,ok,0.0013256389534066493,0.5659460888492396,0.0018432850069655775,2.1726119422428156,2.0192720435594596,0.3606733926533441,0.35184222984785607,0.3643515714763155,0.34627876028839233,0.3462787602883921,800.0000000000005,800.0000000000005,0.00125,1.3910428364738436e-11,8.841874579185186,9,-3.122502256758253e-17,1.22514845490862e-16,1.9451107391432743e-13,-0.02579480839608772,0.9917931594453582,1.0892015432711877,0.22086048462084026,2.7584379225231714e-11,0.001392083941027522,not_checked,0.001,not_checked,not_checked,,,
circle_vm2_direct_n800,648,2026692249,True,ok,0.003707254117782277,0.5638939384921577,0.002955119563642476,5.760786150276603,6.408902528607058,0.04748664384695506,0.051823075127519005,0.04058116386249038,0.051519067648946815,0.05151906764894673,800.0000000000005,800.0000000000005,0.00125,1.2559953077584396e-11,13.199417470305463,9,-1.48318857196017e-16,-2.484991379336776e-16,-3.9612757518625585e-13,0.08541021908752189,0.8981995287779473,1.0453772758368665,0.19985301781008083,2.4831914302581026e-11,0.0014209169894456863,not_checked,0.001,not_checked,not_checked,,,
circle_vm2_direct_n800,649,2026692250,True,ok,0.0013839625550713386,0.5862871518653769,0.0017837509299369158,2.153778480414909,2.4450329974129708,0.3064801976454863,0.3165411546060646,0.2944881546189199,0.33049291932266367,0.33049291932266345,800.0000000000005,800.0000000000005,0.00125,3.725986186253749e-11,13.974154452372101,9,-1.951563910473908e-17,-5.594483210025203e-17,-8.79296635503124e-14,0.030280803849616955,0.8729301099899428,1.0012963755029154,0.17917119036053322,7.631761889115296e-11,0.0014114580117166042,not_checked,0.001,not_checked,not_checked,,,
circle_vm2_direct_n800,650,2026692251,True,ok,0.0005738771335519477,0.6091517480750059,0.0011756602278273326,0.9124315855797461,0.9594137387552238,0.6285075251417664,0.6303441016641724,0.6189648027541576,0.6318509780640484,0.6318509780640484,800.0000000000005,800.0000000000005,0.00125,1.0745693224123443e-10,13.19967714476535,8,1.8371610656375825e-13,3.642919299551295e-17,5.795364188543317e-14,0.0028859140516853676,0.9263518559931267,1.0539589258872397,0.18506737446389102,2.2746560190967102e-10,0.0012867499608546495,not_checked,0.001,not_checked,not_checked,,,
circle_vm2_direct_n800,651,2026692252,True,ok,0.00020329865374346667,0.570181357215892,0.0007332913640671384,0.32522919439682296,0.3082174699504689,0.848071695179905,0.848092590357767,0.8571788106271899,0.8498980116466432,0.8498980116466432,800.0000000000005,800.0000000000005,0.00125,1.7131629448385866e-11,10.777818287878134,8,2.249177406821179e-16,2.050226308170089e-16,3.2818192607919627e-13,2.432579636194032e-05,0.8961263845964049,1.0861413123012513,0.19209408341630146,3.422173655565075e-11,0.0012911672238260508,not_checked,0.001,not_checked,not_checked,,,
circle_vm2_direct_n800,652,2026692253,True,ok,0.0011313901828302608,0.5829339492707839,0.0016896541777882787,1.8536580693915168,1.7418423900796727,0.42418000202318673,0.41554177340416465,0.4185657908651741,0.40449651978571155,0.40449651978571144,800.0000000000005,800.0000000000005,0.00125,3.177946794608033e-11,9.530670327973588,9,-6.591949208711867e-17,3.252606517456513e-17,5.3512749786932545e-14,-0.021716888431549175,1.032857216044387,1.0782303426146416,0.22060595539876823,6.472888891551065e-11,0.0014107502065598965,not_checked,0.001,not_checked,not_checked,,,
circle_vm2_direct_n800,653,2026692254,True,ok,0.0008593217351036131,0.546565642157459,0.0015429898436859462,1.3538334853626284,1.2715933509454065,0.49598525431985363,0.5013361180455778,0.5295134698401168,0.5028530050449826,0.5028530050449824,800.0000000000005,800.0000000000005,0.00125,2.6797453145377403e-11,11.064552241798113,8,2.363319609455239e-12,1.3997050046787862e-16,2.255973186038318e-13,0.010540645401576731,0.8798791774200185,1.0880626975583345,0.20708630192871225,5.4088289402898226e-11,0.0012711670715361834,not_checked,0.001,not_checked,not_checked,,,
circle_vm2_direct_n800,654,2026692255,True,ok,0.0007259360358771172,0.557050083650162,0.0014436434136438938,1.176573831199936,0.9910504529950297,0.5696720960570407,0.5655387024715774,0.609250828567956,0.5594792555392537,0.5594792555392536,800.0000000000005,800.0000000000005,0.00125,1.3732903703100874e-11,9.272546367629992,8,-1.0407130886236349e-12,3.948664312192207e-16,6.31494856406789e-13,-0.007538086898273955,0.8911923300839356,1.1882954864666064,0.202288067394123,2.6052937585063773e-11,0.0012780409306287766,not_checked,0.001,not_checked,not_checked,,,
circle_vm2_direct_n800,655,2026692256,True,ok,0.00019132350879047522,0.595194182212762,0.0007016297799116162,0.3091396807608883,0.29700679786874273,0.8620745804406948,0.8608129578125405,0.8619970772940254,0.8580792592328487,0.8580792592328486,800.0000000000005,800.0000000000005,0.00125,5.669797964458212e-11,11.084466853687912,8,-9.57117414837616e-15,-2.650061160097694e-16,-4.247713292215849e-13,-0.001511033348063906,0.9262610436622624,1.1472739336214637,0.19892871594581568,1.1752954165444862e-10,0.001280791126191616,not_checked,0.001,not_checked,not_checked,,,
circle_vm2_direct_n800,656,2026692257,True,ok,0.0008758810032682973,0.5315322577165322,0.0015247567664772527,1.404857284351282,1.313397888471311,0.49959610562081336,0.49874440968178135,0.5185603087264704,0.4962354324804972,0.49623543248049673,800.0000000000005,800.0000000000005,0.00125,6.791345263934545e-12,9.122245088667288,8,-1.5340550010845e-13,1.470178145890344e-16,2.3425705819590803e-13,-0.001723839561002749,0.951928330524289,1.0697679431626588,0.22086177902088688,1.2644330027455908e-11,0.0012714997865259647,not_checked,0.001,not_checked,not_checked,,,
circle_vm2_direct_n800,657,2026692258,True,ok,0.0010099969012142829,0.5440803899129933,0.00155340297135697,1.611651157088805,1.6904924626188103,0.44623399196939817,0.4472024540218803,0.4294516007608944,0.4457497776900261,0.4457497776900259,800.0000000000005,800.0000000000005,0.00125,1.3709033908071433e-11,9.9794600648649,8,2.9724746969383986e-13,9.237402509576498e-17,1.474376176702208e-13,0.0021719424270242316,0.9523881765209183,1.051773358704345,0.2278057608929533,2.6575852629662222e-11,0.0012784169521182775,not_checked,0.001,not_checked,not_checked,,,
circle_vm2_direct_n800,658,2026692259,True,ok,0.0009668486983349656,0.5586410526239267,0.0015303286930516392,1.5131584868977677,1.623903268995104,0.44447643910624024,0.4524202458624802,0.44399071252838584,0.4614050636964654,0.46140506369646517,800.0000000000005,800.0000000000005,0.00125,8.916400950909065e-11,12.105962381808606,8,9.616607423573731e-12,8.239936510889834e-18,1.2434497875801753e-14,0.016899715219089062,0.9314916047473902,0.9766290327692512,0.20365773857866176,1.8433143900153937e-10,0.0012882081791758537,not_checked,0.001,not_checked,not_checked,,,
circle_vm2_direct_n800,659,2026692260,True,ok,0.00559079898887771,0.5931760620222681,0.003780920353637451,9.42581919397227,8.166519627129734,0.017834810782660894,0.014374047607311997,0.016852440201905322,0.01141714402848451,0.011417144028484478,800.0000000000005,800.0000000000005,0.00125,5.1607496054373314e-11,8.089320597431579,9,-3.8034679572529484e-14,-1.1535911115245767e-16,-1.8474111129762605e-13,-0.24027040588396442,1.0533145446904415,1.16536145513025,0.2236464129875996,1.0665157645917134e-10,0.0013991240411996841,not_checked,0.001,not_checked,not_checked,,,
circle_vm2_direct_n800,660,2026692261,True,ok,0.001629320608508511,0.5416856086117396,0.0020365543868535525,2.613337124838294,2.5407101625457877,0.2693146344896066,0.2684458156258016,0.2807319214305606,0.2715914166225309,0.2715914166225307,800.0000000000005,800.0000000000005,0.00125,8.945089113865379e-11,9.524492985526214,8,-2.1111502303272633e-12,9.6710833785707e-17,1.5276668818842154e-13,-0.003212075612337495,0.9556563808140461,1.0320138863598511,0.21766767291895026,1.6862133911388355e-10,0.0012786670122295618,not_checked,0.001,not_checked,not_checked,,,
circle_vm2_direct_n800,661,2026692262,True,ok,0.0014504778924369077,0.5607259217064511,0.0017965214603733173,2.3683009837796885,2.5658877031653273,0.32212935574451035,0.3147668662733111,0.277220003496927,0.3133663536499411,0.3133663536499408,800.0000000000005,800.0000000000005,0.00125,1.0720757614990362e-11,8.910369752400896,9,6.5052130349130266e-18,1.474514954580286e-17,2.3092638912203256e-14,-0.02376817794031738,0.9136154084519206,1.1405108152765644,0.199979779332329,2.10900186203844e-11,0.0014005419798195362,not_checked,0.001,not_checked,not_checked,,,
circle_vm2_direct_n800,662,2026692263,True,ok,0.00013216784004077553,0.6044925630427072,0.000572334124212944,0.2114214259465921,0.21380009896872118,0.8984670076575758,0.8984884398384105,0.8986154855829689,0.8996636821170768,0.8996636821170767,800.0000000000005,800.0000000000005,0.00125,8.686706909344366e-11,12.368135742897149,8,5.421010862427522e-17,4.22296746183104e-17,6.750155989720952e-14,2.35590593244267e-05,0.9371564385086719,1.0405390543506527,0.18837169470621548,1.828646123414046e-10,0.0012779580429196358,not_checked,0.001,not_checked,not_checked,,,
circle_vm2_direct_n800,663,2026692264,True,ok,0.0003505610124068248,0.5277879202854678,0.0009291609398209799,0.5591639188293567,0.5711890302623965,0.754957970379805,0.7556141621038583,0.7515673033390379,0.755444614318564,0.7554446143185639,800.0000000000005,800.0000000000005,0.00125,1.9266810369344967e-12,9.381500000867453,8,4.848768955789673e-15,-4.092863201132779e-17,-6.572520305780927e-14,0.0008668505107816693,0.9714010898495231,1.0246239812131626,0.2318406938934348,3.602007581093858e-12,0.0012794581707566977,not_checked,0.001,not_checked,not_checked,,,
circle_vm2_direct_n800,664,2026692265,True,ok,0.0007433257355848877,0.5685520845757568,0.001343302474334333,1.1670644932725258,1.238176797813419,0.5361084423533881,0.5423994494432118,0.5384350519204176,0.5517498043370048,0.5517498043370046,800.0000000000005,800.0000000000005,0.00125,3.155931072029716e-11,12.27511278314301,8,2.9560621528715303e-12,1.730386667286865e-16,2.7688962234151404e-13,0.01112834183164757,0.9425440816628577,0.9652894945101536,0.2018366082487024,6.575340272263475e-11,0.0012814169749617577,not_checked,0.001,not_checked,not_checked,,,
circle_vm2_direct_n800,665,2026692266,True,ok,0.0002826801417668001,0.5393885177392723,0.0008269029697172842,0.45352690841907106,0.4665979978789392,0.7996403042175337,0.7991508387216855,0.7919167558518139,0.7976031480704567,0.7976031480704566,800.0000000000005,800.0000000000005,0.00125,3.578137786064417e-12,9.350420332679718,8,-2.0450221377421585e-15,1.2083433212350947e-16,1.9317880628477724e-13,-0.0006193407960952968,0.9697963009792138,1.054598798659645,0.23344854945673277,6.812994612914736e-12,0.0012882919982075691,not_checked,0.001,not_checked,not_checked,,,
circle_vm2_direct_n800,666,2026692267,True,ok,0.0015668121804246482,0.547294686784302,0.001934372390979246,2.445869161262024,2.679713667513451,0.2633146852078915,0.27198076027092977,0.2618831587246118,0.28551813140920035,0.2855181314092001,800.0000000000005,800.0000000000005,0.00125,5.400679903289074e-12,11.876404283966394,9,1.0516761073109393e-16,6.787105599759258e-17,1.092459456231154e-13,0.030515163708707327,0.8475177362280882,1.034222746098488,0.19014635627710527,1.0418776952292319e-11,0.0014040840324014425,not_checked,0.001,not_checked,not_checked,,,
circle_vm2_direct_n800,667,2026692268,True,ok,0.00036743586608700696,0.5728250611815526,0.0009675363612128948,0.5829070333782448,0.5814938042674735,0.7408736130872218,0.7427621394004269,0.7477048965855935,0.7453147304223728,0.7453147304223726,800.0000000000005,800.0000000000005,0.00125,1.9517054639095477e-11,11.594150388242786,8,4.4038340682450716e-14,-9.6710833785707e-17,-1.5432100042289676e-13,0.0024951761804833383,0.9579960097836432,1.0025814573737708,0.20442724679825322,3.911204693451964e-11,0.0012763750273734331,not_checked,0.001,not_checked,not_checked,,,
circle_vm2_direct_n800,668,2026692269,True,ok,0.0009943113598509523,0.6105572808551576,0.0015526862767630105,1.5642616280332282,1.6547629142593485,0.4307803370592368,0.43689345367052523,0.43719259632118324,0.4513784807934278,0.45137848079342735,800.0000000000005,800.0000000000005,0.00125,1.1443912484310204e-10,14.294097765977126,8,7.661601388042616e-12,-1.1839487723541708e-16,-1.887379141862766e-13,0.013318273864148189,0.8922159418472742,0.9985926894786277,0.17250776542236906,2.4284307897914914e-10,0.001278791343793273,not_checked,0.001,not_checked,not_checked,,,
circle_vm2_direct_n800,669,2026692270,True,ok,0.00024248455369124677,0.6041269999554315,0.0007819026167108689,0.3885267267544712,0.3847015753753042,0.8240410742793625,0.8238144424242617,0.825017411775575,0.823668082310899,0.8236680823108989,800.0000000000005,800.0000000000005,0.00125,8.552591967969647e-11,12.211404136251176,8,-7.958857097672967e-16,3.241493445188537e-16,5.184741524999481e-13,-0.0002757204242380684,0.9701519456916828,1.035488168411024,0.19231133021643598,1.7974799426667687e-10,0.0013016262091696262,not_checked,0.001,not_checked,not_checked,,,
circle_vm2_direct_n800,670,2026692271,True,ok,0.0005588947804695543,0.6030377069110926,0.0011940362465481878,0.9054035552972743,0.8775334356291388,0.6368591772941669,0.633284793315483,0.6448311897142929,0.639469837790595,0.6394698377905947,800.0000000000005,800.0000000000005,0.00125,8.139433571585641e-11,11.249058441397434,8,-5.749233554508404e-13,2.2746561578745883e-16,3.637090628672013e-13,-0.005585953272993438,0.8806633112839334,1.1115995313943907,0.17369700430743032,1.7074386349236192e-10,0.0012218339834362268,not_checked,0.001,not_checked,not_checked,,,
circle_vm2_direct_n800,671,2026692272,True,ok,0.004880912443016028,0.6162880368386838,0.0033995860608642746,8.204569375124244,7.838148576294064,0.02676879871535476,0.022296163155821468,0.0198594703849129,0.020146394201622304,0.020146394201622266,800.0000000000005,800.0000000000005,0.00125,1.4786150082102267e-10,9.278863827923017,9,-1.9083692959220855e-14,7.19910242530375e-17,1.092459456231154e-13,-0.1975547331492975,1.0290041941527168,1.1262182734993227,0.19603716550640315,3.164464246196985e-10,0.0013495830353349447,not_checked,0.001,not_checked,not_checked,,,
circle_vm2_direct_n800,672,2026692273,True,ok,0.0019246614489336622,0.596937478298365,0.0021823358600466876,3.073774236250227,3.1196124499384803,0.21490320734628637,0.21551142385108774,0.21017679426985497,0.21443917245101848,0.2144391724510182,800.0000000000005,800.0000000000005,0.00125,6.147504727493924e-11,12.26993373880485,9,4.7488055154865094e-17,6.852157730108388e-17,1.0969003483296547e-13,0.0028420410218170655,0.8981886459108722,1.1071249565689338,0.1857710469406774,1.2776979474438122e-10,0.0013437080197036266,not_checked,0.001,not_checked,not_checked,,,
circle_vm2_direct_n800,673,2026692274,True,ok,0.0013469936522625403,0.586434255383979,0.0018673675752834467,2.1533455235726606,2.0645912560301647,0.3380934612710582,0.3384070516567086,0.35618834536638416,0.3404132624033233,0.3404132624033231,800.0000000000005,800.0000000000005,0.00125,6.906386573746204e-11,11.635874214040088,8,3.2987458251088064e-13,1.0842021724855044e-16,1.7408297026122455e-13,0.0009221600237026006,0.9345510536726611,1.0544933687675502,0.19234494443248046,1.4161027905856827e-10,0.0012281667441129684,not_checked,0.001,not_checked,not_checked,,,
circle_vm2_direct_n800,674,2026692275,True,ok,0.0005938468833057708,0.590178244953188,0.0012635172105547661,0.9668856224966277,0.8673100223764756,0.6313285874352383,0.6262410135541017,0.648135816525308,0.6218368581088268,0.6218368581088266,800.0000000000005,800.0000000000005,0.00125,4.484224103151746e-11,10.282929009048118,8,-1.5317620219099104e-12,-6.938893903907228e-18,-1.1102230246251565e-14,-0.008365304603696888,0.9447555445990024,1.1273223851602983,0.20098684898340413,9.225331609741261e-11,0.0012281250674277544,not_checked,0.001,not_checked,not_checked,,,
circle_vm2_direct_n800,675,2026692276,True,ok,0.0022042119303891106,0.5871828262278551,0.002387940455891008,3.6166442020765746,3.3095523250427923,0.18510974412193654,0.1773276399316006,0.1911348340569155,0.17146612661876984,0.17146612661876967,800.0000000000005,800.0000000000005,0.00125,3.892530742177769e-11,9.639073453327278,9,-2.1163626406917047e-16,-2.710505431213761e-16,-4.347633364432113e-13,-0.04495255672699772,0.9908633465362915,1.1003630642843432,0.20602845001338918,7.973377513792457e-11,0.0013479990884661674,not_checked,0.001,not_checked,not_checked,,,
circle_vm2_direct_n800,676,2026692277,True,ok,0.0029748471696819934,0.5639178861712952,0.002708526678047045,4.601133449401147,4.99591298445986,0.07886680701845172,0.08581072095752093,0.08225291146355658,0.09256189382947388,0.09256189382947382,800.0000000000005,800.0000000000005,0.00125,1.257516313302176e-11,13.545247982162287,9,3.3566899260151217e-16,2.7755575615628914e-16,4.4231285301066237e-13,0.07931101104502236,0.8695675688544309,1.003062251668019,0.1877429482606198,2.4861002145826205e-11,0.0013392497785389423,not_checked,0.001,not_checked,not_checked,,,
circle_vm2_direct_n800,677,2026692278,True,ok,0.0006551242238781452,0.5772530616741509,0.0012598487338769482,1.0287013517332069,1.0935856979903444,0.5753663904818778,0.581312434376704,0.5788031459194626,0.5920883714726239,0.5920883714726237,800.0000000000005,800.0000000000005,0.00125,2.4205304427482588e-11,12.662979892996313,8,2.095291171469449e-12,8.218252467440124e-17,1.3167245072054357e-13,0.009748703235913037,0.9350301033397946,0.9614432921411972,0.19582534942118662,4.8834714050371986e-11,0.0012229999992996454,not_checked,0.001,not_checked,not_checked,,,
circle_vm2_direct_n800,678,2026692279,True,ok,0.0034130245104770918,0.578319830698385,0.0030000497049591196,5.5803363013261205,5.01333646783502,0.07762543261640445,0.07344707731285108,0.081539457571103,0.06519192884835211,0.06519192884835202,800.0000000000005,800.0000000000005,0.00125,2.5483726240338456e-11,9.600498685580373,9,5.984795992119984e-17,2.220446049250313e-16,3.552713678800501e-13,-0.059748542281385486,0.928725257556947,1.202864440698021,0.2054376691096496,5.150302406775609e-11,0.0013451667036861181,not_checked,0.001,not_checked,not_checked,,,
circle_vm2_direct_n800,679,2026692280,True,ok,7.158185053368626e-05,0.5421681988251765,0.0004400008987934911,0.11514995009939137,0.10525348727802208,0.9454931161071946,0.9452067758461566,0.9487340674271115,0.9443433314141764,0.9443433314141764,800.0000000000005,800.0000000000005,0.00125,4.140798814944446e-12,9.253150070036288,8,1.465841337200402e-16,1.826880660638075e-16,2.915445662665661e-13,-0.0003094946227466394,0.9465053215765412,1.1027094053621096,0.22476130638248776,7.916778343997066e-12,0.001220541074872017,not_checked,0.001,not_checked,not_checked,,,
circle_vm2_direct_n800,680,2026692281,True,ok,0.009239050187042741,0.5431557409395498,0.004780413270190646,14.428580844126914,14.778347605207728,0.0004284711776915246,0.000514291567465736,0.0006179062552147004,0.0006166307647160579,0.0006166307647160549,800.0000000000005,800.0000000000005,0.00125,4.36073399612269e-12,12.12940528638908,9,2.0518309273853674e-14,2.0816681711721685e-17,3.197442310920451e-14,0.17694972757074012,0.8475238074773502,1.0328629107133676,0.1922739647772846,8.351541680440278e-12,0.0013398751616477966,not_checked,0.001,not_checked,not_checked,,,
circle_vm2_direct_n800,681,2026692282,True,ok,0.0002563131199908586,0.5655059855378501,0.0008175169235071876,0.4145466068610388,0.39050676455932565,0.8182914786138855,0.8165152687882745,0.8226261927463976,0.8146061810250775,0.8146061810250774,800.0000000000005,800.0000000000005,0.00125,1.3609002813552706e-11,9.74620628316981,8,-2.4313558978639183e-14,1.2685165418080402e-17,2.0872192862952943e-14,-0.0022228074378324025,0.9345048760637777,1.1178990987772477,0.2063378462963172,2.6971092026428778e-11,0.0012252500746399164,not_checked,0.001,not_checked,not_checked,,,
circle_vm2_direct_n800,682,2026692283,True,ok,0.0005904508254619412,0.609279660693052,0.001199471544259796,0.9270133181977525,0.9860907612484009,0.6147874416823775,0.6204183480889283,0.6107635516057605,0.6235285903080472,0.6235285903080469,800.0000000000005,800.0000000000005,0.00125,1.0803880012844047e-10,14.341349053668603,8,1.928372826004443e-12,1.2923689896027213e-16,2.0694557179012918e-13,0.008854001270676981,0.9389936370393362,1.0037823554014955,0.1845265355609414,2.2882895578391071e-10,0.0012231250293552876,not_checked,0.001,not_checked,not_checked,,,
circle_vm2_direct_n800,683,2026692284,True,ok,0.002721935063340508,0.5620830708213718,0.002472059136978898,4.186575796347924,4.981526613214218,0.09515732567519616,0.10417690697216286,0.08284670499695253,0.1133190428293715,0.11331904282937132,800.0000000000005,800.0000000000005,0.00125,1.1473821892593605e-11,13.902305110951641,9,3.647256108241237e-16,2.445960101127298e-16,3.9257486150745535e-13,0.08426015249844587,0.83741561250197,1.0125798575235523,0.18156039434519342,2.261923981450309e-11,0.0013417911250144243,not_checked,0.001,not_checked,not_checked,,,
circle_vm2_direct_n800,684,2026692285,True,ok,0.0022869851061784185,0.5301977074394226,0.0023589262476430635,3.68759404257131,3.721355001166013,0.16694895331965337,0.16465458978858777,0.15556719778951442,0.16047965815000478,0.16047965815000456,800.0000000000005,800.0000000000005,0.00125,2.1923574067272966e-12,8.756769730982153,9,1.8041124150158794e-16,2.5326962749261384e-16,4.063416270128073e-13,-0.014208936342918976,0.9195306034938288,1.1256951164562994,0.22394881189221258,4.1175951537297806e-12,0.0013337091077119112,not_checked,0.001,not_checked,not_checked,,,
circle_vm2_direct_n800,685,2026692286,True,ok,0.0019999804024946055,0.5544737211709221,0.0021408396463041338,3.1364448854116658,3.541195914651766,0.18815068156386702,0.19447021743566645,0.17023116741236557,0.20189968335394898,0.20189968335394884,800.0000000000005,800.0000000000005,0.00125,7.813971691916777e-12,11.855960850402083,9,-1.929879867024198e-16,-4.0332320816460765e-17,-6.394884621840902e-14,0.03176187928985241,0.8662395999440284,1.0507715829014201,0.1937319163729429,1.5229373317993122e-11,0.00133770820684731,not_checked,0.001,not_checked,not_checked,,,
circle_vm2_direct_n800,686,2026692287,True,ok,0.0015782818266141252,0.5440371957699708,0.0020673024204073934,2.587271978154926,2.268417951369078,0.2991854638736562,0.2904695480871231,0.3216764746344536,0.2829102805983341,0.2829102805983339,800.0000000000005,800.0000000000005,0.00125,4.566236277980806e-12,8.04463405263519,9,4.0332320816460765e-17,2.47198095326695e-17,3.8191672047105385e-14,-0.03101052778616209,0.9553266830502267,1.1406266102449354,0.22833424300417945,8.75499672758906e-12,0.0013341240119189024,not_checked,0.001,not_checked,not_checked,,,
circle_vm2_direct_n800,687,2026692288,True,ok,0.0039067491646052055,0.5839955604039822,0.002934560401762113,6.458042105932531,6.918865453033723,0.049883943482467205,0.045203264537979515,0.03144759634693468,0.043919391716459304,0.04391939171645922,800.0000000000005,800.0000000000005,0.00125,3.3438585234080165e-11,9.052481250877905,9,-6.817463260588852e-16,-4.597017211338539e-16,-7.354117315117037e-13,-0.10362172128209934,0.9283280300084978,1.1506362223310032,0.19383945438733458,6.820322084877262e-11,0.0013429161626845598,not_checked,0.001,not_checked,not_checked,,,
circle_vm2_direct_n800,688,2026692289,True,ok,0.00326306645117147,0.6504837732345412,0.0026602882538273014,5.010208552309296,6.139707639712649,0.05811415038263168,0.06509086461170782,0.046427941204520415,0.07350122832948729,0.07350122832948719,800.0000000000005,800.0000000000005,0.00125,4.773959005888173e-15,19.842245672666447,10,1.0928757898653885e-15,-8.977193988179977e-17,-1.438849039914203e-13,0.10534888478252968,0.7885123806344682,1.038997632389943,0.13957619143683656,1.1546319456101628e-14,0.001449917908757925,not_checked,0.001,not_checked,not_checked,,,
circle_vm2_direct_n800,689,2026692290,True,ok,0.0005488833532303339,0.5598808702978824,0.0011741758510425706,0.8749375305846749,0.876926888635231,0.6414594483017741,0.6425225374664454,0.6450267795812548,0.6446120070866845,0.6446120070866845,800.0000000000005,800.0000000000005,0.00125,1.0268230710153148e-11,10.66167605217245,8,4.783109672223951e-14,5.713745448998608e-17,9.192646643896296e-14,0.001637917291929858,0.9509500092083103,1.0281380045864263,0.2086428128608177,2.018718525675922e-11,0.0012236239854246378,not_checked,0.001,not_checked,not_checked,,,
circle_vm2_direct_n800,690,2026692291,True,ok,0.0022754757177312346,0.5686239556558783,0.0023977872074154864,3.6602108395490482,3.6243566246560732,0.1597534126129368,0.15819919616588124,0.16329803497028827,0.1619640998479221,0.16196409984792193,800.0000000000005,800.0000000000005,0.00125,1.588063014423824e-11,10.39509755819724,9,6.331740687315346e-17,1.0148132334464322e-16,1.6431300764452317e-13,-0.009724845589535347,0.9237816654870794,1.06162423335302,0.19867946420811777,3.1622038321188484e-11,0.00133966701105237,not_checked,0.001,not_checked,not_checked,,,
circle_vm2_direct_n800,691,2026692292,True,ok,0.0024200434554033645,0.5763432777185704,0.0024127127408689075,3.79164730498021,4.0961941289531785,0.13897721190833762,0.14477569238972954,0.12898011104193718,0.14427490103638893,0.14427490103638876,800.0000000000005,800.0000000000005,0.00125,2.3141710769891688e-11,12.985656554161753,9,-2.749536709423239e-16,-3.2959746043559335e-16,-5.302425165609748e-13,0.04021111183258763,0.9071362412898039,1.0550160836919151,0.20346364219790705,4.6664672126439655e-11,0.0013301658909767866,not_checked,0.001,not_checked,not_checked,,,
circle_vm2_direct_n800,692,2026692293,True,ok,0.00017773451607361324,0.5579860758603177,0.0006775364016633591,0.2836169106986308,0.27666995698340247,0.8661423228312732,0.8664742510920587,0.8708069412877069,0.8674584948501158,0.8674584948501157,800.0000000000005,800.0000000000005,0.00125,9.319989224820802e-12,10.476030945630697,8,3.067750047047735e-16,-9.183192400952223e-17,-1.4654943925052066e-13,0.00037915750957526195,0.9291927656356195,1.0532829147508447,0.20789427001373803,1.8295365222797955e-11,0.0012199580669403076,not_checked,0.001,not_checked,not_checked,,,
circle_vm2_direct_n800,693,2026692294,True,ok,0.0008950203796258549,0.5673531394321423,0.0015062077202485113,1.4451144475979962,1.397525781534122,0.49374803963212643,0.49057531386114384,0.4972000142092403,0.4886951965939179,0.4886951965939176,800.0000000000005,800.0000000000005,0.00125,1.9035550913315546e-11,9.964918142882775,8,-1.2153011886770204e-12,-1.3617579286417936e-16,-2.1826984664130578e-13,-0.006540920098313752,0.9953119340060128,1.034078709586367,0.2143245098875742,3.662337100251989e-11,0.0012238749768584967,not_checked,0.001,not_checked,not_checked,,,
circle_vm2_direct_n800,694,2026692295,True,ok,0.0023845012382599506,0.5485128069400025,0.0023412060080712257,3.880490525684208,4.078825263665912,0.15987407854665675,0.15495333734969302,0.13010510803843112,0.1484360592941722,0.148436059294172,800.0000000000005,800.0000000000005,0.00125,5.7592819402429996e-12,8.74001034575609,9,1.0234868508263162e-16,2.7321894746634712e-17,4.3520742565306136e-14,-0.03264427223414246,0.9499794188954533,1.1316475175437637,0.21813907344560574,1.1119105636225868e-11,0.0013361249584704638,not_checked,0.001,not_checked,not_checked,,,
circle_vm2_direct_n800,695,2026692296,True,ok,0.0005253687365034398,0.5418799096723383,0.0011633870470034162,0.8523265848236323,0.8075083213447337,0.6629730781701602,0.6591816743271679,0.6678082746276489,0.6568530266823549,0.6568530266823548,800.0000000000005,800.0000000000005,0.00125,5.473177466797097e-12,8.652966334194586,8,-3.8952369975364665e-13,1.3769367590565906e-16,2.2026824808563106e-13,-0.005868303209064063,0.9455393361567008,1.1044902578739801,0.21917214700895488,1.006794647651077e-11,0.0012225420214235783,not_checked,0.001,not_checked,not_checked,,,
circle_vm2_direct_n800,696,2026692297,True,ok,0.00021029186869458982,0.5434949488146821,0.0006949685457224052,0.33356862495663575,0.36886767809329835,0.8421599029334956,0.8434066844266352,0.8315749558712926,0.8451564718710094,0.8451564718710094,800.0000000000005,800.0000000000005,0.00125,4.437339384821826e-12,10.362828549221032,8,5.813546258975899e-15,-1.8648277366750676e-17,-2.9976021664879227e-14,0.0014491824773540662,0.9026030698528696,1.0619621989890677,0.20502173757753164,8.504308368628699e-12,0.001228542998433113,not_checked,0.001,not_checked,not_checked,,,
circle_vm2_direct_n800,697,2026692298,True,ok,0.004511303463508254,0.5786758651208868,0.003349352107326361,7.176378944797839,7.230286285623663,0.02609273554388615,0.026643571090881453,0.02691307252861559,0.02707775408149931,0.027077754081499247,800.0000000000005,800.0000000000005,0.00125,2.5924928870324493e-11,11.904964862906269,9,-9.107298248878237e-17,-7.719519468096792e-17,-1.2523315717771766e-13,0.020853298407685905,0.8904397746420156,1.0815799793555454,0.18994745236702287,5.242295486596049e-11,0.0013294578529894352,not_checked,0.001,not_checked,not_checked,,,
circle_vm2_direct_n800,698,2026692299,True,ok,0.0001295690836768948,0.5903847185428441,0.0005519245170978108,0.20566939406813128,0.22323200471077767,0.8987648542608548,0.8995243988666228,0.8943876343131398,0.9015360331317267,0.9015360331317266,800.0000000000005,800.0000000000005,0.00125,4.527467289960896e-11,12.332457772777726,8,1.3420254491025574e-15,-1.1964170973377541e-16,-1.9162449405030202e-13,0.000820569907450247,0.8834380978740939,1.0670763567565216,0.1793120377812174,9.318235072441894e-11,0.0012227501720190048,not_checked,0.001,not_checked,not_checked,,,
circle_vm2_direct_n800,699,2026692300,True,ok,0.00019460666908388546,0.6111255349336693,0.0007026913154571917,0.3149445454260578,0.30312188296155607,0.8592246209899397,0.8577296395640601,0.8593655096704224,0.8558284470356962,0.855828447035696,800.0000000000005,800.0000000000005,0.00125,1.1743406247433086e-10,11.725149374859212,8,-1.6853787246015606e-14,1.2598429244281562e-16,2.0161650127192843e-13,-0.0017869374459204557,0.9996705680025793,1.0531794851540124,0.20108965718784616,2.4934010411925556e-10,0.0012320838868618011,not_checked,0.001,not_checked,not_checked,,,
circle_vm2_direct_n800,700,2026692301,True,ok,0.00043281672210637723,0.5907551979273542,0.001048729462517873,0.6924262604826782,0.6821412856745762,0.7028222252959049,0.7028510304597844,0.7110086787618511,0.7073332419396596,0.7073332419396595,800.0000000000005,800.0000000000005,0.00125,4.6075476767271084e-11,11.710766331069255,8,6.765421556309548e-17,-9.855397747893235e-17,-1.5787371410169726e-13,4.0247443762908564e-05,0.9395236604010775,1.0257504167083666,0.19155275990811652,9.487166607868858e-11,0.0012225410901010036,not_checked,0.001,not_checked,not_checked,,,
circle_vm2_direct_n800,701,2026692302,True,ok,0.0012391367905646433,0.6121197280042348,0.0017850080145124585,2.01632888540678,1.9174109609824659,0.3739479690244587,0.3677607312720337,0.3833888692465221,0.37109045486070075,0.3710904548607005,800.0000000000005,800.0000000000005,0.00125,1.8679979785218848e-10,11.363541056666456,8,-1.8452679705419084e-11,-9.324138683375338e-18,-1.554312234475219e-14,-0.016855010251674796,0.9111785040837509,1.1093607766993847,0.1756164001726108,3.807436588232349e-10,0.001245708204805851,not_checked,0.001,not_checked,not_checked,,,
circle_vm2_direct_n800,702,2026692303,True,ok,9.745215334699964e-07,0.5206972090248485,4.944247125982529e-05,0.0015600387401246071,0.001553429624335607,0.9992263848994909,0.9992259860067201,0.9992235867527002,0.9992206865957739,0.9992206865957739,800.0000000000005,800.0000000000005,0.00125,2.408184762714427e-12,8.85541401881559,7,-6.947825019303078e-15,-6.262961611998297e-18,-9.992007221626409e-15,-4.0214328630603854e-07,0.9929234442849117,1.0220239941733813,0.24065647315688976,4.439115741661226e-12,0.001108457800000906,not_checked,0.001,not_checked,not_checked,,,
circle_vm2_direct_n800,703,2026692304,True,ok,0.0013556368605158742,0.5449146296414868,0.001704567660297054,2.124748745716793,2.5563921314993623,0.31885620841252604,0.3263369840382102,0.2785393141260403,0.33806757129256915,0.33806757129256887,800.0000000000005,800.0000000000005,0.00125,1.823563522407312e-10,11.44098508189724,8,2.0751858998552253e-11,-8.977193988179977e-17,-1.425526363618701e-13,0.022135115554303475,0.8148451769925349,1.0913741778301282,0.18466609238830475,3.695823647120733e-10,0.0012097491417080164,not_checked,0.001,not_checked,not_checked,,,
circle_vm2_direct_n800,704,2026692305,True,ok,0.001600466882923035,0.5731964301756318,0.0020735572761965936,2.595154525532875,2.3408087952747705,0.2825193769819684,0.27777888470392853,0.31024145498260297,0.2779334711508138,0.2779334711508136,800.0000000000005,800.0000000000005,0.00125,1.9840129539261397e-11,9.91506837431482,9,5.0306980803327406e-17,-4.5102810375396984e-17,-7.149836278586008e-14,-0.017203756428008754,0.9068405836134066,1.1232942037078317,0.19732594323466274,3.985034524589537e-11,0.001342416973784566,not_checked,0.001,not_checked,not_checked,,,
circle_vm2_direct_n800,705,2026692306,True,ok,0.000519231172029011,0.5411451848914361,0.0011679977781312114,0.8253047754032519,0.7934686800260223,0.6556994709518256,0.6575218996609897,0.6725126616083239,0.6600861398041546,0.6600861398041544,800.0000000000005,800.0000000000005,0.00125,3.923306124420378e-12,10.144733391076262,8,7.135069444996756e-14,-8.229094489164979e-17,-1.3145040611561853e-13,0.002732549921583116,0.9305934258718594,1.0402167749844287,0.21303018075995103,7.490896791750856e-12,0.0012195829767733812,not_checked,0.001,not_checked,not_checked,,,
circle_vm2_direct_n800,706,2026692307,True,ok,0.0014125460368448195,0.5941421151879125,0.0019168453376778424,2.32452415647053,2.105173506931371,0.34407441788553983,0.3337769803706018,0.349033716185116,0.3230213594958151,0.32302135949581484,800.0000000000005,800.0000000000005,0.00125,5.397815527885541e-11,9.69226303602123,9,-1.708702623837155e-16,-2.7950732006676304e-16,-4.4853010194856324e-13,-0.0322252487594088,0.9872425919419301,1.133470761957769,0.2079437562413271,1.117324011090659e-10,0.0013305831234902143,not_checked,0.001,not_checked,not_checked,,,
circle_vm2_direct_n800,707,2026692308,True,ok,0.00017326843652809565,0.5690862329898403,0.0006639165284142696,0.2763465512731694,0.2732747255853687,0.8696747126315008,0.8700615575489521,0.8722864923212543,0.8705633490699538,0.8705633490699537,800.0000000000005,800.0000000000005,0.00125,1.6233014932254264e-11,10.979262928104133,8,5.398784717891569e-16,1.3552527156068805e-19,4.440892098500626e-16,0.00044147358589188834,0.9683492828086175,1.0175908915618834,0.20659531120958088,3.2371882952020314e-11,0.0012208751868456602,not_checked,0.001,not_checked,not_checked,,,
circle_vm2_direct_n800,708,2026692309,True,ok,0.005812191746951578,0.5822315572001953,0.0037986300796779933,9.550202579791154,9.014260955548929,0.012544118329426668,0.0111493751609462,0.011030065826599569,0.00956396013565543,0.009563960135655407,800.0000000000005,800.0000000000005,0.00125,3.075983912026459e-11,9.53355930475095,9,-2.555247680113837e-15,4.683753385137379e-17,7.815970093361102e-14,-0.12534789233431187,1.0234240014615505,1.0988813844464091,0.22486607944892287,6.252642847925927e-11,0.0013270829804241657,not_checked,0.001,not_checked,not_checked,,,
circle_vm2_direct_n800,709,2026692310,True,ok,5.169812830718712e-05,0.6046519240483081,0.0003641080014637627,0.08312916825670247,0.08053054955498115,0.959318957071617,0.9591204612409516,0.960534599750364,0.9594850903384848,0.9594850903384848,800.0000000000005,800.0000000000005,0.00125,8.75810535205801e-11,11.924824032428196,8,7.482350242865587e-17,3.36034910834726e-17,5.3734794391857577e-14,-0.0002060814826015181,0.93145553549408,1.0645560771356848,0.1851702911760483,1.8424350933798905e-10,0.0012127088848501444,not_checked,0.001,not_checked,not_checked,,,
circle_vm2_direct_n800,710,2026692311,True,ok,0.001062284875665398,0.5821331451359513,0.001626800782266833,1.7355237745335759,1.6626400903689584,0.4452975597275543,0.43775991398077807,0.43547406130596567,0.4274884961609935,0.42748849616099316,800.0000000000005,800.0000000000005,0.00125,1.399885762864983e-10,9.697458575186149,8,-1.4638778687500742e-11,-9.77950359581925e-17,-1.567634910770721e-13,-0.01793398673446911,1.0374597627582014,1.0635382777603624,0.2147490781074269,2.6959878773880064e-10,0.001223457744345069,not_checked,0.001,not_checked,not_checked,,,
circle_vm2_direct_n800,711,2026692312,True,ok,0.0013501812667386925,0.6386302207629027,0.0018137649824881774,2.1342332337397667,2.2271281875941584,0.32323109886606727,0.32765804241505736,0.328386472696681,0.3395462833166972,0.33954628331669695,800.0000000000005,800.0000000000005,0.00125,1.9631152259336204e-10,15.580049374686363,9,1.5564436241580215e-11,-7.19910242530375e-17,-1.163513729807164e-13,0.01302839652107135,0.8891696054668594,1.025747947074818,0.16152748663940006,4.473852399655698e-10,0.0013349589426070452,not_checked,0.001,not_checked,not_checked,,,
circle_vm2_direct_n800,712,2026692313,True,ok,0.002669260045421895,0.593003863409197,0.0025502778909514733,4.38187032651267,4.250201092231869,0.13067117486749755,0.12393969234676783,0.11942096034933074,0.11819635212919527,0.11819635212919508,800.0000000000005,800.0000000000005,0.00125,5.115452506032625e-11,9.875412704264527,9,-8.023096076392733e-17,-1.9081958235744878e-17,-2.930988785010413e-14,-0.05552712691881778,1.0152318234890223,1.0833561488789714,0.21535165113415053,1.0576961528840911e-10,0.0013357491698116064,not_checked,0.001,not_checked,not_checked,,,
circle_vm2_direct_n800,713,2026692314,True,ok,0.0018294448062683433,0.6016732487164715,0.0020341914516830233,2.9397785791445417,3.206712451288832,0.24385913632588158,0.24238315652328996,0.2012200435588661,0.23141194499299775,0.2314119449929976,800.0000000000005,800.0000000000005,0.00125,7.643086163966473e-11,11.954365941101745,9,1.3422422895370545e-16,1.196959198423997e-16,1.9184653865522705e-13,-0.006333444557595325,0.9064164859220766,1.1728363344938735,0.1939083710905774,1.6007462022571417e-10,0.00133666698820889,not_checked,0.001,not_checked,not_checked,,,
circle_vm2_direct_n800,714,2026692315,True,ok,0.0006601131579222486,0.5849425461594595,0.0012655740905255918,1.0623439177640142,1.0850034334255516,0.594997957440191,0.593199000207502,0.5812922034021091,0.5897299691019607,0.5897299691019605,800.0000000000005,800.0000000000005,0.00125,3.5002667431172085e-11,10.957867237924026,8,-2.3665683128448745e-13,-7.849623728795052e-17,-1.2523315717771766e-13,-0.003081432544207896,0.9560660859270711,1.0810316989113864,0.21097839549416555,7.144929092817165e-11,0.0012308338191360235,not_checked,0.001,not_checked,not_checked,,,
circle_vm2_direct_n800,715,2026692316,True,ok,0.00018727060427314868,0.6033710912835724,0.0006592352488069209,0.30250431624366103,0.3202927548668696,0.8629514474640148,0.8617336658439358,0.8520190634741865,0.8608659451050376,0.8608659451050376,800.0000000000005,800.0000000000005,0.00125,8.264822159986807e-11,11.490627040543627,8,-8.526003254100134e-15,-6.006480035569695e-17,-9.57012247226885e-14,-0.0014356747033114903,0.9412131934153743,1.0971515559017662,0.1893618185583669,1.7345147540481776e-10,0.0012266659177839756,not_checked,0.001,not_checked,not_checked,,,
circle_vm2_direct_n800,716,2026692317,True,ok,0.0015641415604039643,0.5743056490819394,0.0019141789325456025,2.5647346466495486,2.5836756978204694,0.30517637412678955,0.296329224853349,0.2747653415858586,0.286128791864137,0.28612879186413676,800.0000000000005,800.0000000000005,0.00125,2.097444440352092e-11,9.136430239922545,9,-9.606031248221569e-17,2.45029690981724e-17,4.04121180963557e-14,-0.031054075001602177,0.9884575704150403,1.1218580768314488,0.20893728201341147,4.213385196294439e-11,0.0013449171092361212,not_checked,0.001,not_checked,not_checked,,,
circle_vm2_direct_n800,717,2026692318,True,ok,0.0003624383933396036,0.5588604698589534,0.0009528837275864067,0.5798591973886585,0.5776469680279913,0.7487235740595558,0.7487393531714828,0.749144429700143,0.7483004469029584,0.7483004469029584,800.0000000000005,800.0000000000005,0.00125,9.760303676387139e-12,10.314021271741366,8,1.2045486136313954e-16,8.68445940160889e-17,1.3855583347321954e-13,2.1115977353769466e-05,0.9869014218032988,1.01720133687212,0.21776342332670268,1.914601810426575e-11,0.0012247080449014902,not_checked,0.001,not_checked,not_checked,,,
circle_vm2_direct_n800,718,2026692319,True,ok,0.0005726645015029508,0.5619482063177512,0.0011662064239565618,0.9011576291244383,0.9791624403864347,0.622132786983546,0.6270181918260784,0.6128830034750468,0.6324642376762097,0.6324642376762096,800.0000000000005,800.0000000000005,0.00125,1.1398215704616632e-11,11.774772479240836,8,8.896830754751006e-13,-8.847089727481716e-17,-1.4210854715202004e-13,0.007552786640141751,0.9176340053161925,1.0148250184974539,0.2009378287660506,2.2465806992499893e-11,0.0012237501796334982,not_checked,0.001,not_checked,not_checked,,,
circle_vm2_direct_n800,719,2026692320,True,ok,0.00023990951298746843,0.5792611108673487,0.0007972679079775624,0.38473780341749153,0.3663560952188253,0.8243972566433762,0.8240315746037545,0.8326198965567551,0.8253666142965053,0.8253666142965053,800.0000000000005,800.0000000000005,0.00125,2.6666113761564247e-11,10.96976342033012,8,-1.2859721967850568e-15,1.2327378701160185e-16,1.9695356456850277e-13,-0.0004412913187709089,0.8791753476137948,1.1220130444602405,0.184050714792304,5.397371438675691e-11,0.0012249161954969168,not_checked,0.001,not_checked,not_checked,,,
circle_vm2_direct_n800,720,2026692321,True,ok,0.0010668987151785103,0.584446310241381,0.0017169240816089979,1.741274043966064,1.5047705103521603,0.44074408743584303,0.43357831702034577,0.471241180659435,0.42591351398313526,0.42591351398313504,800.0000000000005,800.0000000000005,0.00125,1.2874323829237255e-10,9.868127228645562,8,-1.3192672865605659e-11,1.7932703932910243e-16,2.8688162956314045e-13,-0.01711804984022325,0.9334317121736493,1.1572048286260788,0.2012058926370835,2.4930457698246755e-10,0.0012272929307073355,not_checked,0.001,not_checked,not_checked,,,
circle_vm2_direct_n800,721,2026692322,True,ok,0.0010740396225077387,0.5699003264195839,0.0016035993146246358,1.6800130694214985,1.826922514377338,0.4067526476977259,0.41501946082792185,0.40113339257083347,0.42348732351502916,0.42348732351502905,800.0000000000005,800.0000000000005,0.00125,1.3518675068269204e-10,12.682863847246452,8,1.5231596149287152e-11,-5.898059818321144e-17,-9.459100169806334e-14,0.019225163295442105,0.9172846796584943,0.9939197618885721,0.19585373928732383,2.8438984500667175e-10,0.0012226670514792204,not_checked,0.001,not_checked,not_checked,,,
circle_vm2_direct_n800,722,2026692323,True,ok,3.488943897078656e-05,0.5729547566665059,0.00028600433494707596,0.055587946066908304,0.05982559096927361,0.9718597490416108,0.97197661051999,0.9705301644709933,0.9724743772118536,0.9724743772118536,800.0000000000005,800.0000000000005,0.00125,1.9641288595551032e-11,11.210191550325316,8,2.225392721662278e-16,2.2177355438190993e-16,3.5482727867020003e-13,0.00011757814317511078,0.9178238663625992,1.0417437099625615,0.19409636587726595,3.9368730497812976e-11,0.0012276249472051859,not_checked,0.001,not_checked,not_checked,,,
circle_vm2_direct_n800,723,2026692324,True,ok,0.0027757276449995594,0.5709278028321279,0.002564597963721845,4.2655553297325355,4.8406548025874345,0.09113576477157193,0.1001757993981191,0.08889250917209622,0.10854590412302241,0.10854590412302227,800.0000000000005,800.0000000000005,0.00125,1.7785772854495008e-11,14.441105850469324,9,1.8865117801247777e-16,3.859759734048396e-17,6.394884621840902e-14,0.08780445113338109,0.8796423448447407,0.9739164114682797,0.18706228234398858,3.553912719667096e-11,0.0013490829151123762,not_checked,0.001,not_checked,not_checked,,,
circle_vm2_direct_n800,724,2026692325,True,ok,0.0007825189718113634,0.5488779030567423,0.0013669250905686034,1.2376572614159775,1.322487626220255,0.5249527525566362,0.5288480672931639,0.5162088676630321,0.5347183189103466,0.5347183189103464,800.0000000000005,800.0000000000005,0.00125,1.2489564937823161e-11,10.849622906628504,8,9.167068146243018e-13,-1.3845261742639892e-16,-2.2137847111025621e-13,0.0071865467411023065,0.9081916069481089,1.0375220166707886,0.2043030828263838,2.5051738461456807e-11,0.001228958833962679,not_checked,0.001,not_checked,not_checked,,,
circle_vm2_direct_n800,725,2026692326,True,ok,0.0008102141894434922,0.560227720711904,0.001474901627919456,1.3100135063247358,1.1902745690449312,0.5303582582271846,0.5268261916060046,0.5514868500617878,0.5230012883401328,0.5230012883401325,800.0000000000005,800.0000000000005,0.00125,1.4818923865789202e-11,9.573322691912624,8,-1.0187701376951352e-12,-1.571008947931496e-16,-2.5135449277513544e-13,-0.006835401607573788,0.9472526265965158,1.1007303712232943,0.2099138180522605,2.8097302262608537e-11,0.0012238328345119953,not_checked,0.001,not_checked,not_checked,,,
circle_vm2_direct_n800,726,2026692327,True,ok,0.000985070443470848,0.5953519040793169,0.0015620221639553137,1.5707497363594414,1.5896606627677525,0.4501458964839167,0.45137006097015786,0.4516578605860906,0.4547277663641276,0.4547277663641274,800.0000000000005,800.0000000000005,0.00125,5.710665273994664e-11,12.26121523176067,8,5.949526895449031e-13,2.883977778811442e-17,4.618527782440651e-14,0.0026814865969581048,0.970767998171184,1.0040247158218916,0.19657001322403395,1.1842238301085217e-10,0.001231417991220951,not_checked,0.001,not_checked,not_checked,,,
circle_vm2_direct_n800,727,2026692328,True,ok,0.0057423877364770615,0.5571895132519442,0.003788645492040862,9.128928378367174,9.08134060238879,0.009128999346205886,0.009405524622924273,0.010666254553626653,0.010113236291796491,0.010113236291796465,800.0000000000005,800.0000000000005,0.00125,8.971601239693427e-12,11.06110748792922,9,5.377642775528102e-16,3.191891195797325e-16,5.098144129078719e-13,0.029445999998064742,0.8881928894139473,1.058202337498161,0.19711289850472669,1.755373624234835e-11,0.0013475408777594566,not_checked,0.001,not_checked,not_checked,,,
circle_vm2_direct_n800,728,2026692329,True,ok,0.0001517716005068337,0.6034008160429984,0.0006299825184243306,0.24453328185808823,0.23046588993697276,0.885649316326721,0.884897391380906,0.8911585288309116,0.8856643121116483,0.8856643121116482,800.0000000000005,800.0000000000005,0.00125,8.275213847497298e-11,11.6957554558986,8,-1.636006868172002e-15,2.986434884111322e-16,4.782840790085174e-13,-0.0008493605235770918,0.9371513664861059,1.0664951919159877,0.1875729461942617,1.7369616855944514e-10,0.0012296668719500303,not_checked,0.001,not_checked,not_checked,,,
circle_vm2_direct_n800,729,2026692330,True,ok,0.0016441160493767537,0.5489932992386726,0.0019937025126956945,2.5729926055182952,2.7716321426334796,0.2544716722197158,0.2622039825958876,0.2501196010504891,0.26839571486266034,0.26839571486266006,800.0000000000005,800.0000000000005,0.00125,5.9041660449565825e-12,11.758476244673732,9,2.3505503099485736e-16,3.5561831257524545e-17,5.5067062021407764e-14,0.028796536742256018,0.9092799370639131,1.0137633823133798,0.21218151538066116,1.1407319533418558e-11,0.0013430009130388498,not_checked,0.001,not_checked,not_checked,,,
circle_vm2_direct_n800,730,2026692331,True,ok,0.000695657099293312,0.5852881760423956,0.0013282189638498993,1.1299081390509564,1.0861644448510337,0.5775442734690177,0.5727656253625681,0.5809548578822366,0.5731970787472214,0.5731970787472211,800.0000000000005,800.0000000000005,0.00125,3.5582092827723955e-11,10.250437795552395,8,-1.6306555715092652e-12,2.6790635682116815e-16,4.285460875053104e-13,-0.008428390090828297,0.9458676498647931,1.0851255559338588,0.19537721016244566,7.267342283512335e-11,0.0012241248041391373,not_checked,0.001,not_checked,not_checked,,,
circle_vm2_direct_n800,731,2026692332,True,ok,0.003579611069443489,0.6009509064258183,0.0030426292003341137,5.937011971485147,5.244912814921641,0.07384839718249883,0.06714536097505813,0.07262424879624876,0.0570578932491454,0.05705789324914531,800.0000000000005,800.0000000000005,0.00125,7.39797112458973e-11,9.507426971563726,9,-4.597017211338539e-16,4.7271214720367993e-17,7.72715225139109e-14,-0.10481713018778027,1.0339760779308922,1.1628583440943303,0.22102948546728757,1.546869299318132e-10,0.0013441659975796938,not_checked,0.001,not_checked,not_checked,,,
circle_vm2_direct_n800,732,2026692333,True,ok,0.005119372872649075,0.5635205054840182,0.0035761444697523966,8.557317139746806,7.796968634878312,0.022971136940649294,0.019408032433822817,0.020272615020539404,0.016647448823336946,0.016647448823336908,800.0000000000005,800.0000000000005,0.00125,1.232758339853035e-11,7.531283514723849,9,-5.5355026118419914e-15,-8.500145032286355e-17,-1.3500311979441904e-13,-0.18316027175414007,1.0462170981711225,1.1232236955227999,0.2359511032127707,2.435673884804146e-11,0.0013425408396869898,not_checked,0.001,not_checked,not_checked,,,
circle_vm2_direct_n800,733,2026692334,True,ok,5.368933795213415e-05,0.5636766070791683,0.0003583336303834143,0.08609991428797673,0.0896381435529033,0.957846126808662,0.9577515416387676,0.9561704644074478,0.9579578782883262,0.9579578782883262,800.0000000000005,800.0000000000005,0.00125,1.2423950757067814e-11,10.302159059637013,8,-2.326968912697014e-17,-2.9002408113987244e-17,-4.6407322429331543e-14,-9.84867822810126e-05,0.9589060366401265,1.0371785541691663,0.21717805717074118,2.4555912858659212e-11,0.0012214162852615118,not_checked,0.001,not_checked,not_checked,,,
circle_vm2_direct_n800,734,2026692335,True,ok,0.00032386565421838043,0.5941708289990839,0.0008680774585288557,0.5158157380172432,0.5598467884619206,0.7704820082939261,0.7714007124432491,0.7558416410681612,0.7717516146764595,0.7717516146764594,800.0000000000005,800.0000000000005,0.00125,5.405720315820872e-11,12.257129372366219,8,1.1697131978294362e-14,-2.927345865710862e-18,-4.440892098500626e-15,0.0011846543660828934,0.9153061651232748,1.0778368194881431,0.1985143380134751,1.118858339310691e-10,0.0012147501111030579,not_checked,0.001,not_checked,not_checked,,,
circle_vm2_direct_n800,735,2026692336,True,ok,0.0001556308498222858,0.5843962707535468,0.0006267040824658757,0.2467693252647676,0.25053019530251597,0.8825181015998088,0.8835107117534045,0.8822629857352514,0.8829341293505222,0.8829341293505221,800.0000000000005,800.0000000000005,0.00125,3.410005611215183e-11,12.137004169279113,8,3.536396436104594e-15,1.2918268885164785e-16,2.0694557179012918e-13,0.0011200172254449137,0.9346199857329363,1.061629549716622,0.20208928468620077,6.955747089421038e-11,0.001215500058606267,not_checked,0.001,not_checked,not_checked,,,
circle_vm2_direct_n800,736,2026692337,True,ok,0.0031266009260275673,0.577858029993993,0.002613355150517098,4.777300405113683,5.795285165900793,0.06129507904928798,0.06947079184249935,0.05515308574714592,0.08197993630844218,0.08197993630844207,800.0000000000005,800.0000000000005,0.00125,2.4925062014347077e-11,15.374783336161466,9,4.85722573273506e-16,-1.7997756063259374e-16,-2.886579864025407e-13,0.11263053826521352,0.8243366491384944,0.9651678707708233,0.17241624242544437,5.0331294687566697e-11,0.001339582959190011,not_checked,0.001,not_checked,not_checked,,,
circle_vm2_direct_n800,737,2026692338,True,ok,0.00029361291339058404,0.555022346379259,0.0008134812262318907,0.4641783679423568,0.5259728510444596,0.782279461010208,0.78457232518041,0.7687523326517834,0.7906575557249695,0.7906575557249694,800.0000000000005,800.0000000000005,0.00125,8.034461984607333e-12,11.084023196478789,8,4.399448470457368e-14,2.1532255145562118e-16,3.448352714485736e-13,0.002801146741288979,0.8730251649386351,1.0471437972012316,0.19370875895790635,1.5670797992584085e-11,0.0012237920891493559,not_checked,0.001,not_checked,not_checked,,,
circle_vm2_direct_n800,738,2026692339,True,ok,0.003182200917044131,0.5685965839114269,0.0027106964932630947,4.969301977673002,5.640774233082204,0.07223332653770276,0.07689921418723092,0.05958287272824242,0.07841337759164928,0.07841337759164918,800.0000000000005,800.0000000000005,0.00125,1.584976594415366e-11,12.955824096559923,9,1.3010426069826053e-16,7.025630077706069e-17,1.1191048088221578e-13,0.06110974479880538,0.860559031758643,1.0732374221103682,0.19574267826462655,3.157629713257393e-11,0.0013326660264283419,not_checked,0.001,not_checked,not_checked,,,
circle_vm2_direct_n800,739,2026692340,True,ok,0.0004281402846741944,0.557788830117063,0.0010348703491272334,0.6923889684205402,0.6796097555950462,0.7144146529761337,0.7118371924353366,0.7119092185060258,0.7099844378278211,0.709984437827821,800.0000000000005,800.0000000000005,0.00125,9.239276010930553e-12,9.451404306825763,8,-1.157662832783346e-13,6.727474480272555e-17,1.0835776720341528e-13,-0.003682256470914358,0.9600045535202802,1.079924569844543,0.2102977885797768,1.8107293442426453e-11,0.0012234160676598549,not_checked,0.001,not_checked,not_checked,,,
circle_vm2_direct_n800,740,2026692341,True,ok,0.00027189804335558954,0.5951532125237717,0.0008227127604513043,0.44060313855316546,0.4327827305350334,0.8063335397734737,0.804116072159863,0.8054200267594032,0.8045127738439859,0.8045127738439859,800.0000000000005,800.0000000000005,0.00125,5.6590621078100867e-11,10.86222318614849,8,-5.77721464417591e-14,8.131516293641283e-19,1.3322676295501878e-15,-0.002783134592110992,0.9621490212438861,1.0610117099735783,0.1970872779141596,1.17300391622166e-10,0.0012282079551368952,not_checked,0.001,not_checked,not_checked,,,
circle_vm2_direct_n800,741,2026692342,True,ok,0.0021657147035167856,0.5307197567408877,0.0023078386231753256,3.4221924252729248,3.5322580807930213,0.1664749703489482,0.17021491400628358,0.17099361875525543,0.17682906229100157,0.17682906229100143,800.0000000000005,800.0000000000005,0.00125,2.2571944313654058e-12,10.293716851299745,9,1.5092094240998222e-16,1.0625181290357943e-16,1.7141843500212417e-13,0.021475550176967007,0.9413711195458209,0.9913878712824714,0.21927470066942814,4.239275597228698e-12,0.001332750078290701,not_checked,0.001,not_checked,not_checked,,,
circle_vm2_direct_n800,742,2026692343,True,ok,0.0009089129100323667,0.5786294012352684,0.0014628246773467403,1.4546018711873958,1.5541710505144306,0.48711735513670595,0.4870352922485486,0.4597439728275733,0.4832938969769799,0.48329389697697966,800.0000000000005,800.0000000000005,0.00125,2.5866642161531672e-11,11.158157453512267,8,-4.534990005050643e-14,-1.349831704744453e-16,-2.162714451969805e-13,-0.00017060756780407083,0.9171547785925125,1.1106798002098104,0.2023591738402936,5.230371691311575e-11,0.0012240009382367134,not_checked,0.001,not_checked,not_checked,,,
circle_vm2_direct_n800,743,2026692344,True,ok,0.004719733782744706,0.5726596351884412,0.0034139314979063414,7.300376019524571,7.780866048973802,0.017202046423171323,0.019686308922762456,0.02043649461903894,0.02291904565261018,0.02291904565261013,800.0000000000005,800.0000000000005,0.00125,1.936228954946273e-11,14.139686158264832,9,6.557254739192331e-16,-3.9898639947466563e-17,-6.306066779870889e-14,0.12559901643348148,0.8881820096380912,0.9687593703889668,0.18794031614678705,3.8790082257378344e-11,0.0013359591830521822,not_checked,0.001,not_checked,not_checked,,,
circle_vm2_direct_n800,744,2026692345,True,ok,0.0002499863469245245,0.6069444644736341,0.0007807229144354891,0.3972279328624129,0.414983992080512,0.8127213213717734,0.8138805035577279,0.8126197459228017,0.8187396956810321,0.818739695681032,800.0000000000005,800.0000000000005,0.00125,9.715472870652775e-11,13.104665304348812,8,1.0211178690794354e-14,1.870790848623738e-16,2.9887203822909214e-13,0.001375111108413235,0.8834213681831026,1.0520143025608548,0.1728973979230488,2.0517809673492593e-10,0.0012253760360181332,not_checked,0.001,not_checked,not_checked,,,
circle_vm2_direct_n800,745,2026692346,True,ok,4.096653061314015e-05,0.5734042635866605,0.0003176848546950627,0.06534139867693836,0.06706796271607586,0.9665281020986624,0.9666310402884438,0.9670220499505606,0.9677579985195792,0.9677579985195792,800.0000000000005,800.0000000000005,0.00125,2.0041857062835788e-11,11.148459356897376,8,3.199751661547845e-17,4.537386091851836e-17,7.216449660063518e-14,0.0001025251520429607,0.8873032011566104,1.044270450602822,0.18744508025550835,4.026645683552488e-11,0.0012247490230947733,not_checked,0.001,not_checked,not_checked,,,
circle_vm2_direct_n800,746,2026692347,True,ok,0.0011371438924090427,0.5868057062281236,0.0017413680305734083,1.8306177558648604,1.6940990744192044,0.4032035351902523,0.4009675923893383,0.42867786600529467,0.40263891391501333,0.4026389139150131,800.0000000000005,800.0000000000005,0.00125,4.404210329767011e-11,11.047445985951251,8,-2.119558868696192e-12,-3.3003114130458755e-16,-5.282441151166495e-13,-0.005593764005195512,0.8686590546967032,1.1447813867773065,0.1830489274143543,8.783196392414538e-11,0.0012312086764723063,not_checked,0.001,not_checked,not_checked,,,
circle_vm2_direct_n800,747,2026692348,True,ok,0.00013517478153701745,0.541015566727082,0.0005809245586733181,0.21681620945574565,0.21637707366738107,0.8987419964867371,0.8985040116260536,0.8974583765181652,0.8975020942200483,0.8975020942200482,800.0000000000005,800.0000000000005,0.00125,3.897659972551537e-12,9.421393795930102,8,-2.514264837993885e-16,-1.5086673230135794e-16,-2.41140440948584e-13,-0.0002682794982588055,0.9582898104808817,1.0705134409810555,0.22803826453459355,7.441380844852574e-12,0.0012258330825716257,not_checked,0.001,not_checked,not_checked,,,
circle_vm2_direct_n800,748,2026692349,True,ok,0.00017325023524605854,0.6104150719396939,0.0006678970331654677,0.27576519852035275,0.2743386903494458,0.8729953075412107,0.8736092309554445,0.871822574684195,0.8705760254574822,0.8705760254574821,800.0000000000005,800.0000000000005,0.00125,1.1375045350092705e-10,13.127411879217968,8,1.7245319755554434e-15,1.0549287138283958e-16,1.6853185513809876e-13,0.0007175889366705379,0.9244559232746821,1.1256289532363808,0.19267063125763842,2.4124635622513324e-10,0.001219749916344881,not_checked,0.001,not_checked,not_checked,,,
circle_vm2_direct_n800,749,2026692350,True,ok,0.0007763466537644703,0.6058006014705577,0.0014091169878310032,1.2295357295883225,1.2424699110781634,0.517431691794503,0.5208884045774722,0.5372805101765505,0.5373652097368767,0.5373652097368766,800.0000000000005,800.0000000000005,0.00125,9.227307806725094e-11,13.395874557364136,8,1.1556005718310614e-12,-3.491130995403324e-17,-5.46229728115577e-14,0.0063094582174153535,0.7835610134144662,1.1219634241970915,0.1534600074107887,1.9446422250268824e-10,0.001220249803736806,not_checked,0.001,not_checked,not_checked,,,
circle_vm2_direct_n800,750,2026692351,True,ok,0.0010353995195713228,0.5798746588775099,0.0016582662851853717,1.61651110191067,1.598287194446472,0.4230350119802734,0.4319383377314212,0.4497139355115285,0.4367826326943407,0.4367826326943406,800.0000000000005,800.0000000000005,0.00125,1.5719037183004048e-10,13.319389550988022,8,1.8297478115991694e-11,1.706534219492184e-16,2.737809978725636e-13,0.020064064701723727,0.9156030503101549,1.0114066592186282,0.20164815891398416,3.3663716259013654e-10,0.0012212919536978006,not_checked,0.001,not_checked,not_checked,,,
circle_vm2_direct_n800,751,2026692352,True,ok,0.0001635385596976402,0.5478734873927102,0.0006112424916383001,0.26358482510070114,0.284759639417978,0.8773794818337939,0.8765364982055623,0.8672917794076678,0.8773661702946017,0.8773661702946016,800.0000000000005,800.0000000000005,0.00125,5.569433803032098e-12,9.32060563063652,8,-1.8064976597953475e-15,1.1140177322288558e-17,1.7763568394002505e-14,-0.0009615647922383286,0.9245952047587656,1.0813711304303166,0.2097119932478524,1.074673683376659e-11,0.001222875900566578,not_checked,0.001,not_checked,not_checked,,,
circle_vm2_direct_n800,752,2026692353,True,ok,0.0003995112550096991,0.572977230311714,0.000974283593081167,0.6331526311234734,0.6782977605908047,0.7237711972596619,0.7259941916059371,0.7123763823875192,0.7264330139502487,0.7264330139502486,800.0000000000005,800.0000000000005,0.00125,1.963107454372448e-11,11.6862085535896,8,7.472250899628885e-14,8.950088933867839e-17,1.4455103780619538e-13,0.0030326884460227244,0.9327706555328281,1.047297571224115,0.2024076676983805,3.941313941879798e-11,0.00122300093062222,not_checked,0.001,not_checked,not_checked,,,
circle_vm2_direct_n800,753,2026692354,True,ok,0.002507192561347571,0.5396346292458398,0.002529226794649148,3.9829093289767474,3.946834950217469,0.13105561276894806,0.1329624260744796,0.13898107932109505,0.13455879349731473,0.1345587934973145,800.0000000000005,800.0000000000005,0.00125,3.624434086191286e-12,10.23592882103268,9,-2.7755575615628914e-17,-3.469446951953614e-18,-6.217248937900877e-15,0.014299384589684383,0.9115821993718516,1.0623542501088779,0.20931669409118933,6.902922677909373e-12,0.0013429580722004175,not_checked,0.001,not_checked,not_checked,,,
circle_vm2_direct_n800,754,2026692355,True,ok,0.00013521258396198554,0.5814613706184659,0.0005948408306905541,0.21727522141792432,0.2056060168292973,0.8975139357832005,0.8970946099623689,0.9023047024091876,0.8974749524260003,0.8974749524260002,800.0000000000005,800.0000000000005,0.00125,2.964195555676952e-11,10.895595784716871,8,-3.739413292902505e-16,5.209591438792849e-17,8.348877145181177e-14,-0.00046754353937367155,0.9467295840994856,1.0569433226010416,0.19911822664338238,6.018718856637406e-11,0.0012207909021526575,not_checked,0.001,not_checked,not_checked,,,
circle_vm2_direct_n800,755,2026692356,True,ok,0.0011474620749678532,0.6358476955189831,0.001696872981604882,1.8380322052954818,1.819896569354399,0.3960948601119283,0.39567695519549506,0.40254504124209667,0.3993289922044904,0.3993289922044902,800.0000000000005,800.0000000000005,0.00125,6.672984387279257e-11,14.054262361841518,9,-7.348423085307143e-13,9.77950359581925e-17,1.5631940186722204e-13,-0.0010464426734577703,0.9719998649768002,1.0106407768405434,0.17608865191033365,1.4616374777176588e-10,0.00133733288384974,not_checked,0.001,not_checked,not_checked,,,
circle_vm2_direct_n800,756,2026692357,True,ok,0.0003377494341383347,0.5577328220381772,0.0009448641214502615,0.5385082876673164,0.5149486916762696,0.7582797949046376,0.7590137256766522,0.7730014567636092,0.7632271792092818,0.7632271792092818,800.0000000000005,800.0000000000005,0.00125,9.216849505833125e-12,10.54246537369401,8,6.720806636911769e-15,1.5178830414797062e-17,2.55351295663786e-14,0.0009454034770097208,0.8784606248254562,1.083817037784925,0.1924916047053405,1.805644522789862e-11,0.0012218747287988663,not_checked,0.001,not_checked,not_checked,,,
circle_vm2_direct_n800,757,2026692358,True,ok,0.0004989255818412808,0.5325346135321032,0.0010982275713222844,0.7876547834294326,0.837074230750251,0.6658882795133827,0.6695016807621841,0.6580087068989608,0.6708964569463828,0.6708964569463827,800.0000000000005,800.0000000000005,0.00125,3.711364549019436e-12,10.32447330576503,8,2.6247016712832583e-13,7.025630077706069e-17,1.1146639167236572e-13,0.005313073758308529,0.9392319871469199,1.0254214836535418,0.21942772031051988,7.239098209765871e-12,0.0012284999247640371,not_checked,0.001,not_checked,not_checked,,,
circle_vm2_direct_n800,758,2026692359,True,ok,0.0015829298134231173,0.5854560545991074,0.0020177094312994106,2.450748967353809,2.5433864501466035,0.26490136161176325,0.2765336212579541,0.28035651298158415,0.2818602633927343,0.281860263392734,800.0000000000005,800.0000000000005,0.00125,3.5863312319861507e-11,14.401072144027873,9,2.3830763751231387e-16,2.0166160408230382e-17,3.108624468950438e-14,0.040969367061590045,0.9415800169540567,0.9650417809745834,0.19746016763843746,7.32709448669766e-11,0.0013439578469842672,not_checked,0.001,not_checked,not_checked,,,
circle_vm2_direct_n800,759,2026692360,True,ok,0.0013051747066699093,0.6126787239049085,0.001818560949330319,2.021955408559844,2.1413968106376218,0.33261153225252904,0.34442180602667627,0.34276904208090286,0.3519944870361076,0.35199448703610725,800.0000000000005,800.0000000000005,0.00125,1.2585987807511856e-10,15.875968311711956,9,9.150666335777657e-17,2.5804011705155006e-17,4.1744385725905886e-14,0.033162061056006165,0.8684451643697032,1.0318026010778183,0.16993520132780524,2.679483301903929e-10,0.0013529160059988499,not_checked,0.001,not_checked,not_checked,,,
circle_vm2_direct_n800,760,2026692361,True,ok,0.0012150204977319223,0.5266811235181921,0.0016745660829158196,1.9020314078237746,2.166652614202422,0.3638584500630804,0.3718616063969208,0.3384678032517391,0.3783194258850731,0.37831942588507295,800.0000000000005,800.0000000000005,0.00125,1.3379075625152836e-10,10.789477733466533,8,1.5168455467368114e-11,6.765421556309548e-17,1.0769163338864018e-13,0.021000694273651144,0.8440406333256555,1.0863879289325893,0.2016518736675252,2.6494983984548526e-10,0.001240667188540101,not_checked,0.001,not_checked,not_checked,,,
circle_vm2_direct_n800,761,2026692362,True,ok,0.0022485244664196546,0.6423179477600736,0.002246426878916787,3.4400323530877803,4.17699054503453,0.14465493861256795,0.15732699714807163,0.12387339134674352,0.16549412667956812,0.1654941266795679,800.0000000000005,800.0000000000005,0.00125,6.661338147750939e-16,19.380808823873608,10,1.3704315460216776e-16,4.9439619065339e-17,7.771561172376096e-14,0.07880339659183466,0.8041770752278212,1.0570999760381834,0.14877527615182368,8.881784197001252e-16,0.0014661243185400963,not_checked,0.001,not_checked,not_checked,,,
circle_vm2_direct_n800,762,2026692363,True,ok,6.864142161600029e-05,0.6430503552387623,0.00040298758311283373,0.11067373602059531,0.1150961693385222,0.9476237835652193,0.9472305060805037,0.9440764936890321,0.9465673657865395,0.9465673657865395,800.0000000000005,800.0000000000005,0.00125,8.881784197001252e-15,13.787465827864203,9,-5.375880946997813e-16,-2.3475687539742385e-16,-3.75921516138078e-13,-0.00042373071749739893,0.9572951033975953,1.0882560554583007,0.1718921590537414,1.9539925233402755e-14,0.0013467918615788221,not_checked,0.001,not_checked,not_checked,,,
circle_vm2_direct_n800,763,2026692364,True,ok,0.0009610722666051341,0.6008949232549052,0.0015263795680628216,1.5161210176469218,1.5949415573315804,0.45108406888987074,0.4561524567370896,0.45046685490158245,0.46354221782338256,0.46354221782338245,800.0000000000005,800.0000000000005,0.00125,7.37605532208363e-11,13.507558072317098,8,4.330884609271557e-12,-1.3086320221900039e-16,-2.0894397323445446e-13,0.010797304460646862,0.9139334558433897,1.019354586231217,0.18189605936393197,1.5427747968033145e-10,0.0012262489181011915,not_checked,0.001,not_checked,not_checked,,,
circle_vm2_direct_n800,764,2026692365,True,ok,0.00018086982769993654,0.5616206397007077,0.000690855777401482,0.291403335541523,0.2781178821392353,0.8679738656829655,0.8671207751821024,0.870176737799021,0.8652854191338256,0.8652854191338256,800.0000000000005,800.0000000000005,0.00125,1.1206702232868793e-11,9.871019574855818,8,-2.5057538509398736e-15,-1.3444106938820255e-17,-2.1538326677728037e-14,-0.0010058056108121771,0.8695740316432023,1.1987366504567665,0.20123030385271315,2.208566662886824e-11,0.0012269169092178345,not_checked,0.001,not_checked,not_checked,,,
circle_vm2_direct_n800,765,2026692366,True,ok,0.001083126129775902,0.5601896349607793,0.0016665923461310266,1.7447360179482638,1.6792683737115208,0.4196733243796674,0.41721782252967143,0.43186847770216996,0.42042006876008253,0.4204200687600823,800.0000000000005,800.0000000000005,0.00125,2.8449465006019636e-11,9.871063268852057,8,-1.5070739795008947e-12,-4.358492733391728e-17,-7.038813976123492e-14,-0.005867105153409824,0.9081441984314986,1.0925759841117242,0.20429484840785309,5.44500000643211e-11,0.0012330000754445791,not_checked,0.001,not_checked,not_checked,,,
circle_vm2_direct_n800,766,2026692367,True,ok,0.0018352861860118086,0.5788358602112329,0.0021598700844062896,2.873616347049084,2.936139191517314,0.20963955794242745,0.21673804654180995,0.23036976299844192,0.23033305579867816,0.23033305579867797,800.0000000000005,800.0000000000005,0.00125,2.6117330520492033e-11,13.11610673259328,9,-6.071532165918825e-17,-3.5128150388530344e-17,-5.684341886080802e-14,0.03142077528490583,0.8440957294572158,1.037561324044048,0.17623239862956128,5.283951054479985e-11,0.0013439590111374855,not_checked,0.001,not_checked,not_checked,,,
circle_vm2_direct_n800,767,2026692368,True,ok,0.0032936872675530804,0.5663182590868414,0.0027432506654268456,5.05518853592832,5.899199182720822,0.05729033080920323,0.0643439472830741,0.05236066741518383,0.07172256878406232,0.07172256878406223,800.0000000000005,800.0000000000005,0.00125,1.4158452188439696e-11,14.372443768918858,9,4.345482307321902e-16,2.697495005143935e-16,4.32542890393961e-13,0.10735554607830577,0.8553294305558227,0.9855467681965369,0.18434602779019554,2.8112623340348364e-11,0.001330581959336996,not_checked,0.001,not_checked,not_checked,,,
circle_vm2_direct_n800,768,2026692369,True,ok,0.004753273722911011,0.5119506156968543,0.0031996996526568572,7.519795039195125,8.813692958163934,0.02212304590441643,0.02307273205429692,0.01219357044238915,0.022312259943635677,0.02231225994363563,800.0000000000005,800.0000000000005,0.00125,8.036904475261508e-13,9.639448880235776,9,-9.540979117872439e-18,-2.949029909160572e-17,-4.440892098500626e-14,0.042721458731248774,0.8479050639543609,1.1293667328414767,0.21358053423512774,1.4668266601347568e-12,0.0013393328990787268,not_checked,0.001,not_checked,not_checked,,,
circle_vm2_direct_n800,769,2026692370,True,ok,0.0004231869492856699,0.5422244671470551,0.0010046958553471834,0.6852786449678646,0.7029454294132835,0.7160827909949725,0.713200291290927,0.7036510490253649,0.7128034523817433,0.7128034523817433,800.0000000000005,800.0000000000005,0.00125,4.152789223610398e-12,8.790924268543558,8,-1.3338841749893637e-13,1.0955862952966022e-16,1.751931932858497e-13,-0.004089763055396212,0.9650889210193377,1.0644261566863134,0.21864490049821106,7.940093027514195e-12,0.0012201261706650257,not_checked,0.001,not_checked,not_checked,,,
circle_vm2_direct_n800,770,2026692371,True,ok,0.0005526624227591981,0.594752361310543,0.001161874446135019,0.8786657633587495,0.9119045059940863,0.6371937907969418,0.6390113789741177,0.6338441005321914,0.6426661231459572,0.642666123145957,800.0000000000005,800.0000000000005,0.00125,5.551492598954155e-11,12.459281181663822,8,1.4001148330999857e-13,-4.0657581468206416e-17,-6.439293542825908e-14,0.00279705652798401,0.8935562291770208,1.0749832381441817,0.18214101468989727,1.1506084973689212e-10,0.0012125831563025713,not_checked,0.001,not_checked,not_checked,,,
circle_vm2_direct_n800,771,2026692372,True,ok,0.00042824718133371853,0.5439325336927197,0.001052960287178497,0.6928522876146758,0.6525234999079216,0.7177047161030274,0.7150499023194199,0.7216162796815129,0.7099237244521066,0.7099237244521064,800.0000000000005,800.0000000000005,0.00125,4.538258657760252e-12,8.912435684320233,8,-1.1476442626084937e-13,-5.984795992119984e-17,-9.50350909079134e-14,-0.0038283987403628372,0.9849501309767325,1.0827052699223005,0.2354479252867158,8.705480780690777e-12,0.001223333878442645,not_checked,0.001,not_checked,not_checked,,,
circle_vm2_direct_n800,772,2026692373,True,ok,0.0011421226811834106,0.5622807630084241,0.0017783381945213432,1.8669738828202238,1.601085904657817,0.42181228110135727,0.4140164363009372,0.44908506612819055,0.40103838023485866,0.40103838023485844,800.0000000000005,800.0000000000005,0.00125,1.5872714254072662e-10,8.879950384700116,8,-1.7096312213138454e-11,2.2854981795994433e-16,3.652633751016765e-13,-0.01978879646338283,0.9568040895090721,1.1660808276774406,0.21944631938858458,2.9750690799801305e-10,0.001223124098032713,not_checked,0.001,not_checked,not_checked,,,
circle_vm2_direct_n800,773,2026692374,True,ok,0.00030276530966144577,0.5965504822416943,0.0009080738678622783,0.48828755091934306,0.4397518392243685,0.7881277494753536,0.7866334533866106,0.8026183809841813,0.7848895688426694,0.7848895688426691,800.0000000000005,800.0000000000005,0.00125,6.037503830214064e-11,11.293254087567837,8,-2.5261802198695005e-14,-2.1358782797964437e-17,-3.375077994860476e-14,-0.001931527730514776,0.9309106981903617,1.1106574186070313,0.190722296142783,1.2542478167176796e-10,0.0012193748261779547,not_checked,0.001,not_checked,not_checked,,,
circle_vm2_direct_n800,774,2026692375,True,ok,0.0007148898033397799,0.5791653699844652,0.0013534141720489244,1.1643712692373356,1.1065561920341533,0.5802894760768538,0.5746563584904452,0.5750616100468913,0.5644452759134952,0.564445275913495,800.0000000000005,800.0000000000005,0.00125,3.040545593080424e-11,9.791371189343105,8,-2.6631187489620234e-12,-3.0466081046842675e-17,-4.884981308350689e-14,-0.010273791946843525,0.924098143701063,1.189834594614995,0.20437652653942368,5.886358067641595e-11,0.001226541819050908,not_checked,0.001,not_checked,not_checked,,,
circle_vm2_direct_n800,775,2026692376,True,ok,4.042408434701272e-05,0.5698982756513291,0.0003193989174999673,0.06486542008661608,0.06504686139728798,0.9668482697541538,0.9667541048318031,0.9679997686547224,0.9681780550264701,0.9681780550264701,800.0000000000005,800.0000000000005,0.00125,1.6910361999578072e-11,10.511853459425597,8,-4.7244109666055856e-17,-3.478256094605059e-17,-5.551115123125783e-14,-9.344256569784187e-05,0.8362440017073534,1.0999594149654994,0.17816644822296757,3.373679113849448e-11,0.0012240831274539232,not_checked,0.001,not_checked,not_checked,,,
circle_vm2_direct_n800,776,2026692377,True,ok,0.0024297601367861965,0.5922449292851166,0.0023077091451079775,3.7741867320941047,4.478784254857136,0.12760763000554298,0.13545793531866918,0.10652323725673768,0.143157750065781,0.14315775006578085,800.0000000000005,800.0000000000005,0.00125,4.9408921398708117e-11,14.597559179059756,9,1.0495077029659683e-16,1.0755285551056204e-16,1.7053025658242404e-13,0.05671474338190596,0.8393234992495374,1.048594377179703,0.1735373757670614,1.0196421484920393e-10,0.0013377079740166664,not_checked,0.001,not_checked,not_checked,,,
circle_vm2_direct_n800,777,2026692378,True,ok,0.001332924513963496,0.5912282323973725,0.0018120181952028679,2.1371882878855484,2.1462479126798084,0.34403824299952956,0.34326308237674086,0.3419386457723138,0.34426636266109395,0.34426636266109367,800.0000000000005,800.0000000000005,0.00125,7.237088706091299e-11,11.604633957422115,8,-1.3965944286459253e-12,-1.734723475976807e-17,-2.842170943040401e-14,-0.002254532771976736,0.978388048243483,1.0205772013545398,0.20293407498884314,1.475433109021651e-10,0.0012248330749571323,not_checked,0.001,not_checked,not_checked,,,
circle_vm2_direct_n800,778,2026692379,True,ok,0.00034064528849464537,0.529223276610457,0.0009280816922908955,0.5386200353488232,0.5454988578734978,0.7560616399436535,0.7585527430890759,0.7612835193528907,0.7614610699558332,0.7614610699558331,800.0000000000005,800.0000000000005,0.00125,2.0793367028204557e-12,10.06966803929913,8,5.598191181455103e-14,2.846030702774449e-17,4.574118861455645e-14,0.0032062131213048684,0.9292855347942417,1.0217018749370086,0.2225920345341769,3.9004355301131e-12,0.0012215417809784412,not_checked,0.001,not_checked,not_checked,,,
circle_vm2_direct_n800,779,2026692380,True,ok,0.00041061540817199926,0.5892015867907185,0.0010438270161741085,0.6509247346553025,0.6246455361162665,0.7142634763158062,0.7164830375116384,0.7317453060963872,0.7200084531624161,0.720008453162416,800.0000000000005,800.0000000000005,0.00125,4.2812309253292824e-11,12.426573750595644,8,8.812145891462508e-14,-2.168404344971009e-18,-4.218847493575595e-15,0.0030299592099483075,0.911900603277052,1.0442118155960072,0.1901301338721402,8.797740314037128e-11,0.0012230840511620045,not_checked,0.001,not_checked,not_checked,,,
circle_vm2_direct_n800,780,2026692381,True,ok,0.00016259213199809608,0.5259809881786746,0.0006467734959803192,0.2620489813152757,0.25147781280515075,0.8791719787508248,0.8783449132480909,0.8818450608277044,0.8780307127563803,0.8780307127563803,800.0000000000005,800.0000000000005,0.00125,1.7473800184575339e-12,8.559718660384384,8,-1.442585200600588e-15,8.353777739000812e-17,1.3367085216486885e-13,-0.0009507850591609079,0.949816602374761,1.0739211358414487,0.22731016237881282,3.2573943542502093e-12,0.0012222907971590757,not_checked,0.001,not_checked,not_checked,,,
circle_vm2_direct_n800,781,2026692382,True,ok,0.004349094614940263,0.5319991598455334,0.0032297881025183635,6.976623454949775,7.1916516914816935,0.032528371786402624,0.032241335967522725,0.027438014249581016,0.030829733171570166,0.030829733171570103,800.0000000000005,800.0000000000005,0.00125,2.4168445023065033e-12,9.294102472635613,9,-8.673617379884035e-18,2.949029909160572e-17,4.618527782440651e-14,-0.009036035522675068,0.9467786912790681,1.0813442658576091,0.22615706643046407,4.548805776494191e-12,0.0013415408320724964,not_checked,0.001,not_checked,not_checked,,,
circle_vm2_direct_n800,782,2026692383,True,ok,0.00016235178509771409,0.560576245262757,0.0006446255010456912,0.2613401125183623,0.2519135935211012,0.880386115293571,0.879705381155359,0.8816529362235315,0.8781995545563024,0.8781995545563024,800.0000000000005,800.0000000000005,0.00125,1.063993337879765e-11,9.894253813049549,8,-1.2226276848575912e-15,-2.6806898714704097e-17,-4.263256414560601e-14,-0.0007886281810098039,1.001754527153938,1.0375798620360344,0.22035172343196022,2.092637174655465e-11,0.0012287907302379608,not_checked,0.001,not_checked,not_checked,,,
circle_vm2_direct_n800,783,2026692384,True,ok,0.001645647101079506,0.5989410449496282,0.0020369739334810547,2.611484303402882,2.6344263515392035,0.2655730160321077,0.26847066746030646,0.26788079940083614,0.268067173935991,0.26806717393599083,800.0000000000005,800.0000000000005,0.00125,6.742717495455963e-11,12.924424511861194,9,-9.562663161322149e-17,-4.466912950640278e-17,-7.016609515630989e-14,0.01077552916216451,0.9856419896834652,1.0002755337601206,0.19818998467915813,1.4059287067880177e-10,0.0013388749212026596,not_checked,0.001,not_checked,not_checked,,,
circle_vm2_direct_n800,784,2026692385,True,ok,0.0007024413536675933,0.5851211062114283,0.0013231994340226153,1.1131688907855912,1.145363515088974,0.563064530909849,0.5661595374207347,0.5640108683506455,0.5700945339134055,0.5700945339134054,800.0000000000005,800.0000000000005,0.00125,3.5303204803938115e-11,12.284432515519326,8,6.017072690794878e-13,1.117812439832555e-16,1.794120407794253e-13,0.005368637541279364,0.8986240388983916,1.0630912043681802,0.18572373961464356,7.207789920471441e-11,0.0012249578721821308,not_checked,0.001,not_checked,not_checked,,,
circle_vm2_direct_n800,785,2026692386,True,ok,0.0003052262582845522,0.5559271887359589,0.0008757712630067154,0.4828732560781622,0.49147310765095226,0.7800532756399451,0.7822339992403913,0.7821282464810129,0.7833458306424703,0.7833458306424702,800.0000000000005,800.0000000000005,0.00125,8.400280471221322e-12,11.072489787361736,8,4.2000907959915956e-14,1.6138349337446734e-16,2.5845992013273644e-13,0.002744378588560775,0.975469509554711,0.9906675183668123,0.21710090176474942,1.6433299165896642e-11,0.0012223341036587954,not_checked,0.001,not_checked,not_checked,,,
circle_vm2_direct_n800,786,2026692387,True,ok,0.000660371655489822,0.6007132874885159,0.0013208449653330633,1.0358645521754895,1.022452910958295,0.5837544168288178,0.5899510415969351,0.5997595491654852,0.5896080267010906,0.5896080267010904,800.0000000000005,800.0000000000005,0.00125,7.315481553860081e-11,13.954431505927056,8,2.9192156504598277e-12,-5.095750210681871e-18,-8.215650382226158e-15,0.010365048304113222,0.9483347627660834,1.0154307497656485,0.19354982014114328,1.529525395227438e-10,0.001231290865689516,not_checked,0.001,not_checked,not_checked,,,
circle_vm2_direct_n800,787,2026692388,True,ok,0.001204065039231983,0.6000142733572469,0.0017376308870770854,1.9549945810618792,1.9028599410216644,0.38470049005732565,0.3793084740419418,0.386188390414277,0.3816497287813143,0.3816497287813141,800.0000000000005,800.0000000000005,0.00125,1.256044157571523e-10,10.95882544297238,8,-1.131443181333347e-11,2.5153490401663703e-17,4.04121180963557e-14,-0.014245259145352684,0.9490397031247836,1.0695075484823464,0.18820665750403556,2.5035040707166445e-10,0.001224542036652565,not_checked,0.001,not_checked,not_checked,,,
circle_vm2_direct_n800,788,2026692389,True,ok,0.0008921549232174808,0.5853163555041112,0.0015089899877424385,1.4252450043425182,1.3991128464953189,0.48460203451455186,0.48514345462241837,0.496805626349095,0.48981674943334286,0.4898167494333425,800.0000000000005,800.0000000000005,0.00125,3.563471739909119e-11,11.611833612863425,8,1.4909048388217494e-13,1.0321604682062002e-16,1.6564527527407336e-13,0.0011014364027259749,0.9073569084695366,1.067225383348538,0.1888509597632965,7.277334290733961e-11,0.0012308340519666672,not_checked,0.001,not_checked,not_checked,,,
circle_vm2_direct_n800,789,2026692390,True,ok,0.0022612474963259466,0.5595346987362895,0.0024655904045502272,3.729476914693321,3.2454785356899234,0.1838536336893694,0.17453679921528703,0.19735734333835722,0.16381820091143237,0.16381820091143218,800.0000000000005,800.0000000000005,0.00125,1.0097034319755949e-11,8.196381753917017,9,4.627374872168133e-16,3.86843335142828e-16,6.203926261605375e-13,-0.05574046028590218,0.973611547794094,1.1639310913025014,0.22593442795025326,1.9826806862965896e-11,0.0013297090772539377,not_checked,0.001,not_checked,not_checked,,,
circle_vm2_direct_n800,790,2026692391,True,ok,0.000763225629605957,0.5473362479403263,0.0013972184825893114,1.2361910087619976,1.1865412597744824,0.546096105038036,0.5420480472617031,0.5525172469450872,0.543035543425587,0.5430355434255868,800.0000000000005,800.0000000000005,0.00125,1.3619216865379258e-11,8.96334472637576,8,-1.0123631533770494e-12,-3.2721221565612524e-16,-5.233591338082988e-13,-0.007515000696232899,0.9409015310270576,1.081070928964468,0.21144382960742072,2.5340396447859348e-11,0.0012358338572084904,not_checked,0.001,not_checked,not_checked,,,
circle_vm2_direct_n800,791,2026692392,True,ok,0.0002481887227860913,0.5446459300809829,0.0007872115142871524,0.39488520863826504,0.39905980713244843,0.8181526445219751,0.8190698193095678,0.8191157259653274,0.8199179717089746,0.8199179717089746,800.0000000000005,800.0000000000005,0.00125,4.7126746949288645e-12,10.183784326489558,8,3.629149931960729e-15,-1.8680803431925241e-16,-2.9909408283401717e-13,0.001108373909740612,0.9828057135483554,0.9957545159690937,0.22156892309790727,9.044320847806375e-12,0.0012212081346660852,not_checked,0.001,not_checked,not_checked,,,
circle_vm2_direct_n800,792,2026692393,True,ok,0.00035723442008528394,0.5869156146377512,0.000935831110175785,0.5793523251093615,0.5755880088219593,0.754862380246831,0.7519796625426648,0.749916055728712,0.7514222491136087,0.7514222491136087,800.0000000000005,800.0000000000005,0.00125,3.8365977061971535e-11,10.432885000100473,8,-1.501699155651015e-13,-8.142358315366138e-17,-1.3078427230084344e-13,-0.0038886264864534392,0.9830532172264377,1.0503901805619444,0.20197430586070653,7.870193385883795e-11,0.0012278747744858265,not_checked,0.001,not_checked,not_checked,,,
circle_vm2_direct_n800,793,2026692394,True,ok,0.0036568404465624482,0.5703718224304568,0.002987662967663296,5.985834021414462,5.830811213467729,0.06242898118483635,0.05857257454120668,0.05418204997111861,0.05363934899236567,0.05363934899236555,800.0000000000005,800.0000000000005,0.00125,1.7292278720049126e-11,9.208585112236307,9,-9.194034422677078e-17,-1.717376241217039e-16,-2.7355895326763857e-13,-0.06744465345727058,0.986804167682296,1.1209547472015695,0.22446461588033653,3.4551694838569347e-11,0.001349874772131443,not_checked,0.001,not_checked,not_checked,,,
circle_vm2_direct_n800,794,2026692395,True,ok,0.001942121558610399,0.5642212509791613,0.002258467972940681,3.1097819669895466,2.93833146028532,0.2103600797400334,0.21010866910318915,0.23011738512548635,0.21146468955589387,0.21146468955589365,800.0000000000005,800.0000000000005,0.00125,1.2767009671676988e-11,10.558350767633387,9,6.179952383167375e-17,7.806255641895632e-17,1.2434497875801753e-13,-0.0011937366064531663,0.9335106468019396,1.060662085545212,0.20177662597350635,2.525046838286471e-11,0.00133733288384974,not_checked,0.001,not_checked,not_checked,,,
circle_vm2_direct_n800,795,2026692396,True,ok,0.0005485375831761896,0.5203213915783098,0.0011863350486876745,0.875976934738823,0.8573847321924475,0.6452567054328815,0.6457990424145734,0.6513602788676273,0.6447903417735392,0.644790341773539,800.0000000000005,800.0000000000005,0.00125,1.2819745265346683e-12,9.046705859987656,8,1.4752522120575762e-14,-5.312590645178972e-18,-8.215650382226158e-15,0.0008415991715404192,0.9747729234518635,1.0291029927953488,0.232757099969274,2.368993889945159e-12,0.0012206670362502337,not_checked,0.001,not_checked,not_checked,,,
circle_vm2_direct_n800,796,2026692397,True,ok,0.0005219950872024093,0.5882099394271427,0.001153080034268322,0.826026584753282,0.8271637930500795,0.650500969560549,0.6535776881357889,0.6612773758436001,0.6586282145527963,0.6586282145527962,800.0000000000005,800.0000000000005,0.00125,4.087064020552589e-11,12.54032521670722,8,2.87084266949178e-13,-1.7455654977016621e-16,-2.793321129956894e-13,0.004582777385286674,0.9433512529107928,0.9995374963622152,0.1941400593237465,8.383183036642095e-11,0.0012303760740906,not_checked,0.001,not_checked,not_checked,,,
circle_vm2_direct_n800,797,2026692398,True,ok,0.0027069998721171995,0.5658324884975652,0.0024535701872392835,4.212168858002557,4.944057786283227,0.10512883349970437,0.11178985161680974,0.08441341933644213,0.11468111701997157,0.1146811170199714,800.0000000000005,800.0000000000005,0.00125,1.3808953980287697e-11,13.094172042773835,9,-5.898059818321144e-17,-1.5569143196891844e-16,-2.460254222569347e-13,0.059515468692482365,0.8471275209410234,1.0739067424649025,0.185857994320966,2.7425839377315242e-11,0.0013464170042425394,not_checked,0.001,not_checked,not_checked,,,
circle_vm2_direct_n800,798,2026692399,True,ok,0.0017846362537166094,0.5573972858538709,0.0021154368406290126,2.769192475766757,2.921733185105143,0.22288185377441283,0.233215804038937,0.23203510768116356,0.23985780677942434,0.23985780677942414,800.0000000000005,800.0000000000005,0.00125,9.05731045719449e-12,12.83220913693054,9,-1.940721888749053e-16,-2.1467203015212988e-17,-3.375077994860476e-14,0.04311276508990991,0.9315923872107796,0.9707079061702707,0.2082218943664387,1.7742030067324777e-11,0.001338292146101594,not_checked,0.001,not_checked,not_checked,,,
circle_vm2_direct_n800,799,2026692400,True,ok,0.002663873914251491,0.5640054738569995,0.0024417690516733005,4.148753046216942,4.881361872019637,0.10960013243278072,0.11619237315438408,0.08710152070209233,0.11870674780787473,0.11870674780787453,800.0000000000005,800.0000000000005,0.00125,1.262767668208653e-11,12.92596925556142,9,-2.719179048593645e-16,-2.5673907444456745e-16,-4.1389114358025836e-13,0.05672260829272302,0.8497129897564472,1.0766186554420136,0.1888420034742796,2.4970914225264096e-11,0.0013379999436438084,not_checked,0.001,not_checked,not_checked,,,
circle_vm2_direct_n800,800,2026692401,True,ok,0.002138825851949022,0.6005346128701583,0.0022223970541061944,3.359524104491584,3.7276330439860033,0.1732551852391071,0.17888187223064805,0.15507963466085833,0.18067405331134898,0.1806740533113488,800.0000000000005,800.0000000000005,0.00125,7.257505707514156e-11,13.99471024616006,9,-2.2898349882893854e-16,-3.131175874138137e-16,-5.044853423896711e-13,0.03129862931342675,0.8911998689711025,1.0618733873744501,0.18294915573900408,1.5166334854654906e-10,0.0013529588468372822,not_checked,0.001,not_checked,not_checked,,,
circle_vm2_direct_n800,801,2026692402,True,ok,0.002824268921425066,0.5058219159613051,0.0026930487743244483,4.5972653017156375,4.298792270939547,0.11376391715234549,0.10955488583150941,0.11655451966709746,0.10441153332849708,0.1044115333284969,800.0000000000005,800.0000000000005,0.00125,5.700995231450179e-13,7.349128376926954,9,1.240327285323417e-16,1.222980050563649e-16,1.9628743075372768e-13,-0.03921751371776461,1.0007951921504645,1.0780124461556413,0.251859960145962,1.0293987884324451e-12,0.0013637503143399954,not_checked,0.001,not_checked,not_checked,,,
circle_vm2_direct_n800,802,2026692403,True,ok,0.0012910092104008175,0.6012362300492875,0.0018033398260168304,2.043672352033598,2.075514415198302,0.3464570519497958,0.35037882690356115,0.3542482970578137,0.35600611606470145,0.35600611606470123,800.0000000000005,800.0000000000005,0.00125,1.0404133110597513e-10,13.240782598966325,8,7.62919393458572e-12,-1.201296007113939e-16,-1.9184653865522705e-13,0.01097119230385557,0.9390436023183714,1.010267723361855,0.19179969981515516,2.2487767203926978e-10,0.0012269581202417612,not_checked,0.001,not_checked,not_checked,,,
circle_vm2_direct_n800,803,2026692404,True,ok,0.00020481338801014992,0.5708657361732492,0.0006839783084882903,0.33069442015941203,0.35719756656197277,0.8511672694234949,0.8499161646600699,0.8364414263677538,0.8488687396888543,0.8488687396888542,800.0000000000005,800.0000000000005,0.00125,1.7731816015498225e-11,10.083674840078077,8,-7.618011039697836e-15,1.9857162789072014e-16,3.177458296477198e-13,-0.0014964996715859935,0.9019809973951063,1.144876762554939,0.19764140951108405,3.542699467118382e-11,0.001231333240866661,not_checked,0.001,not_checked,not_checked,,,
circle_vm2_direct_n800,804,2026692405,True,ok,0.00031115558271443966,0.5552794464019075,0.0008259956289131539,0.49169137503784893,0.572167626396061,0.7695799059246056,0.7720750719048162,0.7511996528630884,0.7796388602686197,0.7796388602686196,800.0000000000005,800.0000000000005,0.00125,8.141820551088585e-12,11.13094711744078,8,5.791293009385634e-14,-2.366813342535856e-16,-3.7836400679225335e-13,0.003078778652627401,0.8534459257363107,1.0568247432621163,0.18791817651656298,1.588462694712689e-11,0.0012277490459382534,not_checked,0.001,not_checked,not_checked,,,
circle_vm2_direct_n800,805,2026692406,True,ok,0.0007650811370842892,0.5172767433284369,0.001314457045235699,1.2077511912113108,1.377612334997421,0.5352803684715304,0.5397664064302503,0.5021752244536015,0.5422300561990601,0.5422300561990598,800.0000000000005,800.0000000000005,0.00125,1.1701528634944225e-11,9.798409180647747,8,9.347373135931702e-13,-5.746271514173174e-17,-9.08162434143378e-14,0.008189314061776254,0.8740753097819602,1.0930418544148544,0.21352816853100864,2.2566171153926007e-11,0.0012260009534657001,not_checked,0.001,not_checked,not_checked,,,
circle_vm2_direct_n800,806,2026692407,True,ok,0.00016278284568849166,0.5726760917280964,0.0006309155801337566,0.2625503973239467,0.26664557776037107,0.8776165274202742,0.876694462258206,0.8751825473156597,0.8778967609932059,0.8778967609932058,800.0000000000005,800.0000000000005,0.00125,1.9319212896107274e-11,10.237616926703831,8,-2.7821440897607408e-15,-5.914322850908427e-17,-9.50350909079134e-14,-0.001048922111179934,0.9094317061518342,1.093608469133686,0.19301159937260082,3.882028032364815e-11,0.0012242088560014963,not_checked,0.001,not_checked,not_checked,,,
circle_vm2_direct_n800,807,2026692408,True,ok,0.00020688181174710607,0.5865968218165705,0.0007264963141879018,0.327523799776339,0.32815961830344825,0.8469897866843303,0.8484728402658757,0.8486742872023674,0.8474652450171953,0.8474652450171952,800.0000000000005,800.0000000000005,0.00125,3.7796210605733904e-11,12.37733761776539,8,1.2920843865324438e-14,-3.003240017784847e-17,-4.8183679268731794e-14,0.0017435495095154407,0.9790069015831548,1.0145245985172622,0.20631210060468533,7.74817987547749e-11,0.0012263332027941942,not_checked,0.001,not_checked,not_checked,,,
circle_vm2_direct_n800,808,2026692409,True,ok,0.0014346699240270766,0.5489995377840868,0.0018911043089781454,2.237530455261884,2.352059043735503,0.30085690633964646,0.31011773192079695,0.3085012074000817,0.31735446641786785,0.31735446641786763,800.0000000000005,800.0000000000005,0.00125,5.902944799629495e-12,12.008043268809033,9,-1.3704315460216776e-16,-4.466912950640278e-17,-7.061018436615996e-14,0.028970711590719844,0.9455516042536993,0.9655990952251169,0.2134230877967737,1.1408429756443184e-11,0.0013513758312910795,not_checked,0.001,not_checked,not_checked,,,
circle_vm2_direct_n800,809,2026692410,True,ok,0.0012520401195548203,0.5944743226451932,0.0018723275113726224,2.0541696332391424,1.7309425022266638,0.3909153024130349,0.381725860143456,0.42085317836009384,0.3672795164384839,0.3672795164384836,800.0000000000005,800.0000000000005,0.00125,5.482281295599023e-11,9.920305829845596,9,-2.0187844451680093e-16,-2.0643209364124004e-16,-3.312905505481467e-13,-0.02545272097571427,0.944790164587073,1.1958277981485264,0.2044775203307609,1.1353118445356358e-10,0.0013422078918665648,not_checked,0.001,not_checked,not_checked,,,
circle_vm2_direct_n800,810,2026692411,True,ok,0.00019859538467947857,0.5640481380151234,0.0007003422280455019,0.32087929053317704,0.32116347987549576,0.8542087313712401,0.8528856545397259,0.8516482070553372,0.8531018745390829,0.8531018745390828,800.0000000000005,800.0000000000005,0.00125,1.2654766123887384e-11,9.76165728608748,8,-8.425633237982288e-15,-7.714098457234364e-17,-1.2367884494324244e-13,-0.0015633375230055813,0.9222945040991177,1.1014841139090268,0.2034038109010069,2.5028201733334754e-11,0.0012304158881306648,not_checked,0.001,not_checked,not_checked,,,
circle_vm2_direct_n800,811,2026692412,True,ok,0.0015455604915737275,0.5013069831879167,0.002086114631485872,2.5237940837307677,2.1361979244697458,0.3078864021347435,0.30054407826792995,0.34366120976391235,0.2904138241741699,0.2904138241741698,800.0000000000005,800.0000000000005,0.00125,4.3920422854171193e-13,6.965065713664638,9,-2.3375398838787476e-16,-2.938187887435717e-16,-4.702904732312163e-13,-0.02544864860640117,0.9241168408881748,1.1815349082149995,0.2387311972639532,7.87592213669086e-13,0.0013480831403285265,not_checked,0.001,not_checked,not_checked,,,
circle_vm2_direct_n800,812,2026692413,True,ok,0.0010473826545869258,0.5771370577718367,0.0016059413330447956,1.6448279470406963,1.735743251011821,0.4148806790271964,0.42167209303826103,0.4198441846335428,0.4326154189147051,0.432615418914705,800.0000000000005,800.0000000000005,0.00125,8.70138405772991e-11,12.70090682448954,8,8.914466820969524e-12,-5.334274688628682e-17,-8.593126210598712e-14,0.015492150149192918,0.8680158075050339,1.0412317279579644,0.18179154375506487,1.8476065122285945e-10,0.0012369167525321245,not_checked,0.001,not_checked,not_checked,,,
circle_vm2_direct_n800,813,2026692414,True,ok,0.00024176526621033645,0.5661571431244539,0.0008046914800966059,0.386862928853655,0.36164323775863283,0.8201673340181797,0.8201511587377386,0.8345842194867943,0.8241421820154353,0.8241421820154352,800.0000000000005,800.0000000000005,0.00125,1.4028112005348703e-11,10.590881146933881,8,1.6937948439654793e-16,2.3093506273941244e-16,3.6970426720017713e-13,-1.9251458558217083e-05,0.8788905595735672,1.081820541309835,0.18936947862884712,2.7886359887929757e-11,0.0012360408436506987,not_checked,0.001,not_checked,not_checked,,,
circle_vm2_direct_n800,814,2026692415,True,ok,0.00025963268577577914,0.558234602541068,0.0008148273003577296,0.4199184429621856,0.4024745244154247,0.815023841085073,0.8132177911614922,0.8177183948643305,0.8124457399399351,0.812445739939935,800.0000000000005,800.0000000000005,0.00125,9.455769500732458e-12,9.463794211143004,8,-2.4135966662786057e-14,-2.9544509200229996e-17,-4.75175454539567e-14,-0.002253072860469385,0.964772133353621,1.0685880202857831,0.21751565324996858,1.8533841128487438e-11,0.0012369591277092695,not_checked,0.001,not_checked,not_checked,,,
circle_vm2_direct_n800,815,2026692416,True,ok,0.004451876188632298,0.6224984345214539,0.003408863019238908,7.3183040282099245,6.543795653676599,0.03396130893967032,0.030963542776964843,0.037934365859326746,0.028396171452702134,0.02839617145270207,800.0000000000005,800.0000000000005,0.00125,1.9453372246402978e-10,11.275088189971045,9,-1.0217521273503394e-15,1.9949319973733282e-17,3.2862601528904634e-14,-0.09765106319912187,0.9836382429188707,1.119154736792062,0.18868310884645395,4.2008085898714853e-10,0.0013450828846544027,not_checked,0.001,not_checked,not_checked,,,
circle_vm2_direct_n800,816,2026692417,True,ok,0.001545546992929081,0.6374344167014832,0.0020284081239710437,2.4959181468485765,2.2934952480139024,0.28919560494757435,0.285882494295848,0.3176682677072367,0.29041696034551384,0.2904169603455137,800.0000000000005,800.0000000000005,0.00125,9.992007221626409e-16,13.407144424499558,10,3.3003114130458755e-16,3.0292608699244994e-16,4.840572387365683e-13,-0.011521479081022745,0.8960847773413526,1.1011127340105211,0.16477550357687681,2.220446049250313e-15,0.0014624581672251225,not_checked,0.001,not_checked,not_checked,,,
circle_vm2_direct_n800,817,2026692418,True,ok,0.001632947887357128,0.5571299392940205,0.0020232112131658843,2.541033476658489,2.6731834470336633,0.2540661113455761,0.2637987368914392,0.2627396335893423,0.2708044487547338,0.27080444875473353,800.0000000000005,800.0000000000005,0.00125,8.941958284935936e-12,12.573268037404873,9,1.951563910473908e-17,-3.946495907847236e-17,-6.394884621840902e-14,0.035841571556458396,0.9503232180950972,0.9565486406581947,0.20869254923171396,1.7498003046512167e-11,0.0013337908312678337,not_checked,0.001,not_checked,not_checked,,,
circle_vm2_direct_n800,818,2026692419,True,ok,0.0005601659217981947,0.6259999714045732,0.0012352750461208388,0.9120671184366906,0.8217702880998012,0.6512943258873871,0.6464041143226371,0.6630630839678524,0.638819883088931,0.6388198830889309,800.0000000000005,800.0000000000005,0.00125,1.9917401061775308e-11,11.99197649683988,9,-1.6537116728082557e-12,-9.128982292327947e-17,-1.474376176702208e-13,-0.007900821779789291,0.8815429174528355,1.231576668894386,0.17941721943563527,4.157962862905151e-11,0.001336792018264532,not_checked,0.001,not_checked,not_checked,,,
circle_vm2_direct_n800,819,2026692420,True,ok,0.0009153275384099491,0.545471974741051,0.0014228418437904605,1.4339494696139052,1.679116434742643,0.46119263873428495,0.4686891210373286,0.43190128777403236,0.4808201291293034,0.48082012912930316,800.0000000000005,800.0000000000005,0.00125,6.340550307015747e-11,11.453557129864125,8,6.566502766883198e-12,8.359198749863239e-17,1.3322676295501878e-13,0.015287295921007082,0.8503228790341154,1.0483140550055536,0.19155556183369232,1.284288231317987e-10,0.0012267499696463346,not_checked,0.001,not_checked,not_checked,,,
circle_vm2_direct_n800,820,2026692421,True,ok,0.0016483962294593368,0.526927818487551,0.002078416004671165,2.6807213766841556,2.4874905001958707,0.2738534251393687,0.2681120087175086,0.28830242871857736,0.26747826091191707,0.2674782609119168,800.0000000000005,800.0000000000005,0.00125,1.837419105754634e-12,8.017731367333473,9,4.119968255444917e-18,-3.859759734048396e-17,-6.261657858885883e-14,-0.02164370477460764,0.9189187153627665,1.1209760325210576,0.21633291145965136,3.4341418597705342e-12,0.001339541980996728,not_checked,0.001,not_checked,not_checked,,,
circle_vm2_direct_n800,821,2026692422,True,ok,0.0013302292225108037,0.5151886661405749,0.0018665365500024841,2.1540850196407,1.9968253072403421,0.3524130394051828,0.3480034086465232,0.3684638569830496,0.3450094820903383,0.34500948209033805,800.0000000000005,800.0000000000005,0.00125,6.174949440662658e-11,7.9229155586327416,8,-5.158632201962554e-12,9.627715291671279e-17,1.5365486660812167e-13,-0.012859131811706392,0.9626094535801903,1.0797124891903982,0.2353301149180882,1.083597656048596e-10,0.0012206670362502337,not_checked,0.001,not_checked,not_checked,,,
circle_vm2_direct_n800,822,2026692423,True,ok,0.000808639968707503,0.6111142640403366,0.0014056797978642575,1.3088659956618627,1.3243770473514997,0.5355619688002555,0.5316989663897838,0.5157214299717039,0.5236603588404465,0.5236603588404463,800.0000000000005,800.0000000000005,0.00125,1.173767749662602e-10,11.724918758270537,8,-1.919412979251023e-12,-8.521829075736065e-17,-1.3655743202889425e-13,-0.007521022864928617,0.903430734297125,1.1813309499745301,0.18946000120065165,2.49208431668535e-10,0.0012207920663058758,not_checked,0.001,not_checked,not_checked,,,
circle_vm2_direct_n800,823,2026692424,True,ok,0.0001444526358849174,0.5517996652301185,0.000570993284927081,0.22947627444852137,0.25743095975645,0.8878415199070988,0.8885947372133405,0.8792240869058899,0.8908652400297885,0.8908652400297884,800.0000000000005,800.0000000000005,0.00125,6.816880393500924e-12,10.57000841979275,8,1.1337231067137798e-15,1.3742262536253769e-17,2.2426505097428162e-14,0.0008239714836733164,0.8874363733605946,1.0628372831995543,0.19799074336854663,1.323186005208754e-11,0.001225207932293415,not_checked,0.001,not_checked,not_checked,,,
circle_vm2_direct_n800,824,2026692425,True,ok,0.0015248962267149224,0.581847889179183,0.002002800212540798,2.4039735656506123,2.347078097602263,0.2841409447920033,0.28943317216997155,0.30927047887546216,0.2952546775448397,0.29525467754483953,800.0000000000005,800.0000000000005,0.00125,3.0195734801452545e-11,12.643553860811194,9,-1.3834419720915037e-16,-1.8192912454306764e-16,-2.90878432451791e-13,0.01793019854663247,0.8897051448291449,1.0518183481442707,0.18433604236824533,6.135181251920585e-11,0.0013342509046196938,not_checked,0.001,not_checked,not_checked,,,
circle_vm2_direct_n800,825,2026692426,True,ok,0.004904751566643162,0.5971058274967282,0.0033290807129554953,7.585024594750373,8.718105590368301,0.01556547896986082,0.01787699545895166,0.012790497134031829,0.019765816882963555,0.019765816882963506,800.0000000000005,800.0000000000005,0.00125,6.193623391936853e-11,15.548457967738617,9,2.1892210266827306e-15,-3.469446951953614e-18,-8.881784197001252e-16,0.1312889559393451,0.8670438128868724,1.0121146176821911,0.1794976628036852,1.288031903357023e-10,0.0013388341758400202,not_checked,0.001,not_checked,not_checked,,,
circle_vm2_direct_n800,826,2026692427,True,ok,0.002280578496144603,0.5070284314661269,0.002337159125470073,3.5430085269775318,3.889138704413681,0.14447080476787638,0.152810474692808,0.143048813731205,0.1613042740122864,0.1613042740122862,800.0000000000005,800.0000000000005,0.00125,6.084022174945858e-13,10.701239011979304,9,8.847089727481716e-17,-5.204170427930421e-17,-8.43769498715119e-14,0.05295853342691759,0.9078498093241877,0.9782563612957634,0.22193450672159562,1.1017853296380054e-12,0.0013486668467521667,not_checked,0.001,not_checked,not_checked,,,
circle_vm2_direct_n800,827,2026692428,True,ok,0.0006612907638816612,0.5399253601487173,0.0012684868479315506,1.0507006904650134,1.0907492352943946,0.5849081882364018,0.5870954583553026,0.5796246050571734,0.5891746550986168,0.5891746550986166,800.0000000000005,800.0000000000005,0.00125,3.679612170515156e-12,10.1364315178948,8,1.8852345899655898e-13,2.0252896582029223e-16,3.241851231905457e-13,0.00368226587282261,0.9617751831759055,1.0115814964797447,0.22427136960387994,7.1802563894607374e-12,0.001219375990331173,not_checked,0.001,not_checked,not_checked,,,
circle_vm2_direct_n800,828,2026692429,True,ok,0.001754412995150778,0.5298543947113998,0.0021283383114809387,2.8202244169685424,2.7072307223901526,0.2498664662254919,0.24825137532026148,0.2583047056709673,0.2457279139247849,0.24572791392478463,800.0000000000005,800.0000000000005,0.00125,1.1242651254406155e-10,8.942396264776647,8,-4.745071956885338e-12,4.336808689942018e-17,7.016609515630989e-14,-0.006581812363647854,0.9214160392498518,1.1052200277322861,0.21992703284992593,2.0618573515207572e-10,0.0012300829403102398,not_checked,0.001,not_checked,not_checked,,,
circle_vm2_direct_n800,829,2026692430,True,ok,0.001002466435848559,0.5723898318342084,0.0015400807420231715,1.6390489532936767,1.660606424993044,0.46026120475435206,0.4525188015706677,0.4359170907715074,0.4484432453800491,0.448443245380049,800.0000000000005,800.0000000000005,0.00125,1.2075729305394134e-10,9.250384464461483,8,-1.2615663288334522e-11,1.2576745200831851e-16,2.0117241206207837e-13,-0.017551327967990638,0.9612696443963141,1.1090035477084035,0.20419106085592315,2.2969870450140206e-10,0.001227000029757619,not_checked,0.001,not_checked,not_checked,,,
circle_vm2_direct_n800,830,2026692431,True,ok,0.0014060622058780226,0.5872905061315543,0.0019151821449516424,2.18056933610238,2.232299794419356,0.30753088160310604,0.3188615832162003,0.327538426747515,0.32470124528238525,0.324701245282385,800.0000000000005,800.0000000000005,0.00125,3.910882728774823e-11,14.327460400356129,9,2.0317948712378353e-16,2.445960101127298e-16,3.9035441545820504e-13,0.034565096651228755,0.8866958385086516,1.023155622056282,0.18901136139177155,8.015144103978855e-11,0.0013431240804493427,not_checked,0.001,not_checked,not_checked,,,
circle_vm2_direct_n800,831,2026692432,True,ok,0.0013165448169787375,0.5724600670473259,0.001788183764462031,2.116414825510899,2.1632418561499636,0.3524108276116028,0.3506808743327834,0.3390455116103041,0.3488072318724459,0.3488072318724457,800.0000000000005,800.0000000000005,0.00125,6.066991353748108e-11,10.547714706224447,8,-2.3982372077818725e-12,1.8648277366750676e-16,3.006483950684924e-13,-0.004971559172458839,0.9700335932865102,1.050441787992902,0.21232671443412335,1.1889400575171294e-10,0.0012262498494237661,not_checked,0.001,not_checked,not_checked,,,
circle_vm2_direct_n800,832,2026692433,True,ok,0.003069245325389769,0.53230576174135,0.002540714813718315,4.739892406590041,5.883788045680713,0.06993919416474417,0.07665235184361852,0.052765694604020016,0.08582917800489293,0.08582917800489284,800.0000000000005,800.0000000000005,0.00125,2.456368441983159e-12,12.223581473678825,9,2.0383000842727483e-17,2.211772431870429e-16,3.561595462997502e-13,0.08545005701679598,0.8055453901632901,1.0356949234985926,0.18757345023129274,4.625189120588402e-12,0.0013378751464188099,not_checked,0.001,not_checked,not_checked,,,
circle_vm2_direct_n800,833,2026692434,True,ok,0.000633013645714442,0.5752216190718826,0.0012202100397605943,1.0224415488600962,1.0704794732117384,0.6057474729184456,0.6028715913634564,0.5855289006059408,0.602654679822156,0.6026546798221558,800.0000000000005,800.0000000000005,0.00125,2.192368508957543e-11,10.246259203464078,8,-3.96639318611669e-13,1.0180658399638887e-16,1.6187051699034782e-13,-0.004809857858494193,0.9495365914499921,1.073745194184471,0.20450313793544786,4.4120040953998796e-11,0.0012267089914530516,not_checked,0.001,not_checked,not_checked,,,
circle_vm2_direct_n800,834,2026692435,True,ok,0.0005745392296800933,0.5939610189026445,0.0012094823966771532,0.9295057860321847,0.8922033364659876,0.6361424234276933,0.6329458041992571,0.6401186890172454,0.631516389814792,0.6315163898147917,800.0000000000005,800.0000000000005,0.00125,5.352229770494432e-11,10.933662887757505,8,-4.56213842744968e-13,-1.8973538018496328e-16,-3.0375701953744283e-13,-0.005121509272017433,0.9507729083037094,1.0849216220189486,0.2036888547425947,1.1076073391791397e-10,0.0012241671793162823,not_checked,0.001,not_checked,not_checked,,,
circle_vm2_direct_n800,835,2026692436,True,ok,0.0022571773562112263,0.5265720696063649,0.002359512399472537,3.5671147979851843,3.676904072864527,0.15974705622626656,0.1633846885927942,0.1590634600731353,0.16435248070166783,0.1643524807016676,800.0000000000005,800.0000000000005,0.00125,1.8024470804789416e-12,10.134721703776211,9,3.8163916471489756e-17,1.491862189340054e-16,2.3803181647963356e-13,0.02218448597639,0.9433985358673126,1.0257521463160835,0.22328332086906175,3.3661962106634746e-12,0.001342416973784566,not_checked,0.001,not_checked,not_checked,,,
circle_vm2_direct_n800,836,2026692437,True,ok,0.00034176159409815554,0.5761448417311266,0.0008762917035523344,0.5398902632303759,0.6142024390194349,0.7522054814738834,0.7549224034295998,0.7355761424824923,0.7607813549015,0.7607813549014999,800.0000000000005,800.0000000000005,0.00125,2.2916557540497706e-11,12.079776206758712,8,9.498624760004293e-14,-2.2659825404947043e-16,-3.6259883984257613e-13,0.0034641436633366385,0.8716043056879542,1.056381028309458,0.1869440696011654,4.620281934819559e-11,0.0012242919765412807,not_checked,0.001,not_checked,not_checked,,,
circle_vm2_direct_n800,837,2026692438,True,ok,0.003405916799634756,0.6197898289703228,0.0029452801374131744,5.311563554019222,5.480222282679085,0.0597921922138627,0.06419902023606623,0.06456317085710458,0.06556367706185277,0.06556367706185269,800.0000000000005,800.0000000000005,0.00125,1.7241241767607107e-10,15.959907092628534,9,-3.4911309954033243e-16,-2.8796409701215e-16,-4.60964599824365e-13,0.06895166269819519,0.9094423437302162,1.0237480457014083,0.17239210705958943,3.7142466879913627e-10,0.0013409997336566448,not_checked,0.001,not_checked,not_checked,,,
circle_vm2_direct_n800,838,2026692439,True,ok,6.149849703374066e-05,0.5971457718877307,0.000399803530082332,0.09856670302573746,0.09560971887471559,0.9519991088177173,0.9519186440654508,0.9533198002897595,0.9519918571635425,0.9519918571635424,800.0000000000005,800.0000000000005,0.00125,6.203759728151681e-11,11.82918787499862,8,-5.221788713233311e-17,-4.1009947174264205e-17,-6.572520305780927e-14,-8.455388587617213e-05,0.8857363312165076,1.1289446075437026,0.1847917639927501,1.2905032598098387e-10,0.0012183340732008219,not_checked,0.001,not_checked,not_checked,,,
circle_vm2_direct_n800,839,2026692440,True,ok,0.00013361007464807173,0.5369576608721547,0.0005916324616927552,0.2152017128669158,0.20260872802517477,0.9006873304149083,0.9000593496675874,0.9036579500656438,0.8986262598368683,0.8986262598368683,800.0000000000005,800.0000000000005,0.00125,3.145372851065531e-12,8.977393863263009,8,-6.848363022504689e-16,-4.6566483308252415e-17,-7.460698725481052e-14,-0.0007127967150004633,0.9688203436176597,1.0777333682110424,0.2347935156985691,5.9683369357799165e-12,0.0012212498113512993,not_checked,0.001,not_checked,not_checked,,,
circle_vm2_direct_n800,840,2026692441,True,ok,0.0005418422409475543,0.5719487950316351,0.0011444417366191237,0.8575759992801096,0.909437436066328,0.6446465747132324,0.6477112072831979,0.6346264518214784,0.6482532813236032,0.648253281323603,800.0000000000005,800.0000000000005,0.00125,1.8698265158434424e-11,11.762690039611172,8,2.7687780453783395e-13,7.838781707070197e-17,1.254552017826427e-13,0.004685793117988835,0.909671058350657,1.069987708786781,0.2058089448518749,3.74218434018303e-11,0.0012268747668713331,not_checked,0.001,not_checked,not_checked,,,
circle_vm2_direct_n800,841,2026692442,True,ok,0.00014305025620475753,0.5502510076426421,0.0005945240377041885,0.230582385650942,0.23168591898159988,0.891984597248906,0.891226899337467,0.8906150749608701,0.8918652659396058,0.8918652659396058,800.0000000000005,800.0000000000005,0.00125,6.288969345291662e-12,9.403595327754003,8,-1.415236200799641e-15,-2.0873602325777174e-16,-3.346212196220222e-13,-0.0008509878616649036,0.9186686730947564,1.0906222042146954,0.206129436852474,1.2191359033408844e-11,0.0012242498341947794,not_checked,0.001,not_checked,not_checked,,,
circle_vm2_direct_n800,842,2026692443,True,ok,0.0036017381017547923,0.5962912797610374,0.0029970889346925293,5.682189189045911,5.819612159050784,0.05268639014134592,0.05488216376934982,0.05448629485293093,0.05605676273171756,0.056056762731717474,800.0000000000005,800.0000000000005,0.00125,5.966216409802882e-11,13.47361934302415,9,6.722053469410127e-17,1.0451708942760263e-16,1.687538997430238e-13,0.04029588688088026,0.8729219854305795,1.0797294211403312,0.17717127437309196,1.2387602055241587e-10,0.0013396248687058687,not_checked,0.001,not_checked,not_checked,,,
circle_vm2_direct_n800,843,2026692444,True,ok,0.0011271276157795995,0.592989232785839,0.0016393669938906843,1.7631815823963408,1.9225580383931047,0.38297023391702345,0.3912489571188127,0.3824034716755875,0.4058782291281452,0.405878229128145,800.0000000000005,800.0000000000005,0.00125,1.783745373629131e-10,13.848742622748986,8,2.046581090361932e-11,-3.942159099157294e-16,-6.31050767196939e-13,0.020111301425509764,0.880810204369051,1.0000991963570105,0.17767189615794685,3.8781911015917103e-10,0.0012272919993847609,not_checked,0.001,not_checked,not_checked,,,
circle_vm2_direct_n800,844,2026692445,True,ok,0.0067041107722281,0.6118756573976807,0.0043062694839235355,10.404855884261996,9.93598123130632,0.0037026772617897476,0.004369450031608858,0.006957113514033715,0.0046854720164873085,0.0046854720164872955,800.0000000000005,800.0000000000005,0.00125,1.2144640848532617e-10,16.267831388773192,9,1.6811205205691238e-14,1.1275702593849246e-16,1.8474111129762605e-13,0.16086067565148454,0.8500733830344518,1.0474828588446365,0.16465953709183906,2.581659330758157e-10,0.0013417089357972145,not_checked,0.001,not_checked,not_checked,,,
circle_vm2_direct_n800,845,2026692446,True,ok,0.000741975905740544,0.5394320957677259,0.0013872718147462835,1.1974335630238007,1.1349445987749966,0.5531172342856643,0.5502915555949282,0.566956725867976,0.5523459408342128,0.5523459408342128,800.0000000000005,800.0000000000005,0.00125,7.0928818374227376e-12,8.940066404569004,8,-4.299035086252623e-13,8.239936510889834e-17,1.3167245072054357e-13,-0.0051360569194648376,0.9490865951503372,1.0576962011773743,0.22032292396955544,1.3141265853278128e-11,0.0012310408055782318,not_checked,0.001,not_checked,not_checked,,,
circle_vm2_direct_n800,846,2026692447,True,ok,0.0006782125468507427,0.5384975507177756,0.001258139131872858,1.0702331132261191,1.1774133346300146,0.5724856189741694,0.5768862494579796,0.5550446781442107,0.5812524904290719,0.5812524904290716,800.0000000000005,800.0000000000005,0.00125,1.007061101176987e-11,10.603295361899463,8,7.880460606984885e-13,1.20346441145891e-16,1.9206858326015208e-13,0.007453480867534945,0.9089157430265501,1.0397604282871167,0.21073666562664337,1.9934942585564386e-11,0.0012564996723085642,not_checked,0.001,not_checked,not_checked,,,
circle_vm2_direct_n800,847,2026692448,True,ok,0.00015708661896463028,0.5944229446058711,0.0006377426015655325,0.2531045510059873,0.24092043544195213,0.8835113365007725,0.8827428766161178,0.8865123541257072,0.8819064492844645,0.8819064492844644,800.0000000000005,800.0000000000005,0.00125,5.4682813832585e-11,11.267233501710544,8,-1.97796423337393e-15,-3.4992625116969656e-17,-5.595524044110789e-14,-0.0008829803312893347,0.9728843060004171,1.0581556696121261,0.20449471750904705,1.1325029802833342e-10,0.0012188751716166735,not_checked,0.001,not_checked,not_checked,,,
circle_vm2_direct_n800,848,2026692449,True,ok,0.000838163641755818,0.6209736659318053,0.0013998563962639762,1.3647946498416887,1.409631090092734,0.5190184055077662,0.5130324907745847,0.4941997234364962,0.5114369769479615,0.5114369769479614,800.0000000000005,800.0000000000005,0.00125,1.818116768248501e-10,11.731393823433562,8,-5.827007604729262e-12,-1.5504091066542713e-17,-2.4646951146678475e-14,-0.011866411516189612,0.9673621383010449,1.0795817654596034,0.18570493117153505,3.919891078396631e-10,0.0012271669693291187,not_checked,0.001,not_checked,not_checked,,,
circle_vm2_direct_n800,849,2026692450,True,ok,5.7026134238746806e-05,0.5695804001080105,0.0003785538149606473,0.09126296908118346,0.09075308387244121,0.9550429369283957,0.9550327516626942,0.955637576454255,0.9554040801736572,0.9554040801736572,800.0000000000005,800.0000000000005,0.00125,1.6644463585180347e-11,10.711844611259696,8,-3.74049749507499e-17,-2.120970499924768e-17,-3.397282455352979e-14,-1.0577149594258317e-05,0.9768974973424833,1.006885685748207,0.2082763303938909,3.319522434708233e-11,0.001235041068866849,not_checked,0.001,not_checked,not_checked,,,
circle_vm2_direct_n800,850,2026692451,True,ok,4.9444303903856124e-05,0.5777426653274382,0.00037354492193735313,0.07947580953216779,0.07003604435248482,0.9619435194058754,0.9617713999993391,0.9655880141033869,0.961216659659637,0.961216659659637,800.0000000000005,800.0000000000005,0.00125,2.472400062458746e-11,10.713731754919474,8,-7.417975738874261e-17,-3.0710026535651913e-17,-4.929390229335695e-14,-0.00018246164299897533,0.8941078005779661,1.1620491663117356,0.19994815943247612,5.0044413058003556e-11,0.0012401659041643143,not_checked,0.001,not_checked,not_checked,,,
circle_vm2_direct_n800,851,2026692452,True,ok,0.001907774968599174,0.5687013297844656,0.0021113953387560357,2.9811923184690707,3.3968235513611726,0.19156662369474242,0.198980535794702,0.18297389699603875,0.21735572652372617,0.21735572652372595,800.0000000000005,800.0000000000005,0.00125,1.594113729908031e-11,12.798028133725586,9,-2.168404344971009e-19,1.6306400674181987e-16,2.602362769721367e-13,0.03562381564480477,0.7454152372442786,1.1076592702408967,0.15920112278865883,3.1743940809292326e-11,0.0013418328016996384,not_checked,0.001,not_checked,not_checked,,,
circle_vm2_direct_n800,852,2026692453,True,ok,0.0004834358628968971,0.5599778644942268,0.0010843417512776735,0.7841539122581945,0.7862241774768585,0.6846372905998772,0.6810742755427857,0.6749530887057463,0.6792617785404036,0.6792617785404034,800.0000000000005,800.0000000000005,0.00125,1.0325629240526268e-11,9.323844091250699,8,-3.2919614300144784e-13,-9.606031248221569e-17,-1.5232259897857148e-13,-0.005328265811579358,0.9604655753295154,1.0841824327786735,0.20963291120220606,2.0289325775024736e-11,0.0012280000373721123,not_checked,0.001,not_checked,not_checked,,,
circle_vm2_direct_n800,853,2026692454,True,ok,6.790066185380361e-05,0.6051564954303914,0.0004103504646346097,0.10929413030639858,0.10879483528340926,0.9484180584309814,0.948116174305576,0.9470556550775305,0.9471284752424679,0.9471284752424679,800.0000000000005,800.0000000000005,0.00125,8.965928000037593e-11,11.866324776317143,8,-2.877472565776529e-16,-1.909822126833216e-16,-3.0531133177191805e-13,-0.0003265356701563707,0.9988303217614367,1.0532564478659856,0.19950836710836986,1.886677480911203e-10,0.0012236658949404955,not_checked,0.001,not_checked,not_checked,,,
circle_vm2_direct_n800,854,2026692455,True,ok,0.00029813666483002876,0.5893185365362299,0.0008988565363687081,0.47040392323714225,0.44810874054385436,0.7877466033686551,0.7903565913212576,0.7992716765695709,0.7878013365678886,0.7878013365678886,800.0000000000005,800.0000000000005,0.00125,4.3061776366926097e-11,12.799888144551861,8,8.963169833078877e-14,1.1839487723541708e-16,1.8918200339612667e-13,0.0033073702454520237,0.9465435772040011,1.0554864018101724,0.20660187393489782,8.84823325719708e-11,0.00122000090777874,not_checked,0.001,not_checked,not_checked,,,
circle_vm2_direct_n800,855,2026692456,True,ok,0.0008260680913774188,0.6341105326338647,0.001397699760293858,1.31950050418422,1.407263673385501,0.519573632702385,0.5201416187023311,0.4947850581419275,0.5164098875578016,0.5164098875578014,800.0000000000005,800.0000000000005,0.00125,1.7520096484702208e-11,14.195113673197614,9,1.987689526861125e-13,7.39425881635114e-17,1.1857181902996672e-13,0.0011042210098253236,0.921603583160068,1.1024982238916654,0.1816604137548919,3.875499920980019e-11,0.0013328329659998417,not_checked,0.001,not_checked,not_checked,,,
circle_vm2_direct_n800,856,2026692457,True,ok,0.0009639656692357335,0.6013570127804051,0.0016472527980638295,1.569701030002919,1.337892019605917,0.47659215162944246,0.4703880814671282,0.5122481979384916,0.46247048726315854,0.4624704872631584,800.0000000000005,800.0000000000005,0.00125,8.389366978889257e-11,10.780147007438948,8,-7.944636701978647e-12,-7.45931094670027e-17,-1.1901590823981678e-13,-0.013677979612872315,0.9114879540389114,1.180609543469418,0.1894523767997461,1.6757173426640293e-10,0.0012287499848753214,not_checked,0.001,not_checked,not_checked,,,
circle_vm2_direct_n800,857,2026692458,True,ok,0.0013008084098795614,0.6260827188024689,0.0017702870204280349,2.054584102523072,2.1993207967944435,0.35631276688780433,0.36105361519588186,0.3329841464486811,0.35322616685479385,0.35322616685479363,800.0000000000005,800.0000000000005,0.00125,1.6046830531024625e-10,14.863555419154638,9,1.3367929376298382e-11,-1.6046192152785466e-16,-2.566835632933362e-13,0.01335467664211376,0.9226724649275672,1.0978671361706263,0.18747086251297307,3.5932656849979594e-10,0.0013320830184966326,not_checked,0.001,not_checked,not_checked,,,
circle_vm2_direct_n800,858,2026692459,True,ok,4.488578792427589e-06,0.5795285882757151,0.00010614968266551101,0.007190394326422857,0.007179753460683183,0.9963738384327162,0.996369469674043,0.9964165591734575,0.9964155764047022,0.9964155764047022,800.0000000000005,800.0000000000005,0.00125,6.205114200241724e-11,11.059416929895297,7,-4.1208123915394915e-13,-1.7732804157358228e-16,-2.8377300509419e-13,-4.334129269355138e-06,0.9192410442373293,1.062900484531796,0.19179755901642329,1.2604006727201522e-10,0.0011067921295762062,not_checked,0.001,not_checked,not_checked,,,
circle_vm2_direct_n800,859,2026692460,True,ok,0.002046008578888925,0.5770305583117394,0.0021943213991928996,3.2437253199571257,3.486324865540003,0.1920384214176572,0.1949486890521304,0.17496620591390102,0.1946004370952663,0.19460043709526606,800.0000000000005,800.0000000000005,0.00125,2.3947843708072014e-11,11.96115607746645,9,-1.2793585635328952e-16,-1.3617579286417936e-16,-2.1804780203638074e-13,0.014944203132577938,0.9300339574427429,1.054583850081428,0.20682016280083307,4.829603383882386e-11,0.0013355831615626812,not_checked,0.001,not_checked,not_checked,,,
circle_vm2_direct_n800,860,2026692461,True,ok,0.0006452952531932343,0.6089096918223829,0.0012406813155689152,1.034002634667557,1.0786660750629464,0.5936412916042849,0.5931830398216971,0.5831370532302994,0.596762419217967,0.5967624192179668,800.0000000000005,800.0000000000005,0.00125,1.062933074891248e-10,12.48064242390055,8,-6.320237302265275e-14,1.929879867024198e-16,3.084199562408685e-13,-0.0007651147791907231,0.9125648257682486,1.072068671592959,0.1869740195450188,2.2491697393434151e-10,0.001230540918186307,not_checked,0.001,not_checked,not_checked,,,
circle_vm2_direct_n800,861,2026692462,True,ok,0.0007285313018974282,0.541232337975661,0.0013704648546538352,1.185325731759113,1.107887214904117,0.5708479774760757,0.5654721602709547,0.5746790272903063,0.5583188625666967,0.5583188625666966,800.0000000000005,800.0000000000005,0.00125,2.152034106472911e-11,8.438292565157232,8,-1.8185409775273165e-12,7.871307772244762e-17,1.254552017826427e-13,-0.009837824361613623,1.0070623738020108,1.072856952335444,0.24085190330636747,3.926703406875731e-11,0.0012295839842408895,not_checked,0.001,not_checked,not_checked,,,
circle_vm2_direct_n800,862,2026692463,True,ok,0.0007250423047788779,0.6460668195692942,0.001353622024802184,1.1295177512396075,1.1914036007548394,0.5477196531135385,0.5564582785089112,0.551175614848001,0.5598794177847801,0.5598794177847799,800.0000000000005,800.0000000000005,0.00125,1.1036238589667846e-10,17.4385815428366,9,1.2530227831882013e-11,2.796157402840116e-16,4.4630965589931293e-13,0.015274968203298878,0.8679322471238485,1.0662376410295813,0.16239987593682226,2.5959190352864425e-10,0.001338958041742444,not_checked,0.001,not_checked,not_checked,,,
circle_vm2_direct_n800,863,2026692464,True,ok,0.0009707910526925989,0.5632031553291721,0.0015780029306571746,1.5486313576175368,1.513242700313178,0.4541194331291596,0.45518912335250805,0.4692491803893938,0.45995213826877523,0.4599521382687749,800.0000000000005,800.0000000000005,0.00125,1.4799717007463187e-11,10.763783173628797,8,3.48548447048902e-13,2.667137344314341e-17,4.3298697960381105e-14,0.0023171633453111795,0.9133979777054704,1.0574572968754792,0.19875872938950867,2.9672708734551634e-11,0.0012199582997709513,not_checked,0.001,not_checked,not_checked,,,
circle_vm2_direct_n800,864,2026692465,True,ok,0.0009798671252512214,0.5562092113150727,0.0015452623732833866,1.5912374536176692,1.5976491121782774,0.4601906633209616,0.45488552933862436,0.44985743564553915,0.456624586145294,0.45662458614529366,800.0000000000005,800.0000000000005,0.00125,4.538425191213946e-11,9.109924125682797,8,-3.919736930868556e-12,5.334274688628682e-17,8.548717289613705e-14,-0.011725026607857014,0.9340096116496346,1.0897055797324249,0.20516116185760758,8.435052656352582e-11,0.0012229157146066427,not_checked,0.001,not_checked,not_checked,,,
circle_vm2_direct_n800,865,2026692466,True,ok,0.0031802317445634998,0.5254561640935316,0.0027479582044156185,5.164042010156828,5.266242029544643,0.08488178275291178,0.08183033929320646,0.0718538549769636,0.07853700251381407,0.07853700251381394,800.0000000000005,800.0000000000005,0.00125,1.695088513997689e-12,8.141511625833836,9,9.020562075079397e-17,1.1796119636642288e-16,1.865174681370263e-13,-0.03783560942761266,0.9746358820767241,1.0876347197035123,0.2393069811049227,3.162803352552146e-12,0.0013450009282678366,not_checked,0.001,not_checked,not_checked,,,
circle_vm2_direct_n800,866,2026692467,True,ok,0.00025892883048728166,0.5845778882382962,0.0007929122464797149,0.40966998740294275,0.432600213110209,0.8066846930468431,0.8086173221988271,0.8054935317079286,0.81290334414724,0.81290334414724,800.0000000000005,800.0000000000005,0.00125,3.4389602276974074e-11,12.34033278851464,8,2.986293937828899e-14,2.0383000842727483e-17,3.2862601528904634e-14,0.0023080706883540636,0.8934112120315212,1.04006547577628,0.184216208697786,7.01811941894448e-11,0.001225458923727274,not_checked,0.001,not_checked,not_checked,,,
circle_vm2_direct_n800,867,2026692468,True,ok,5.787199164641876e-05,0.5558408178949623,0.00039450904039475875,0.093076351836837,0.08561602883287693,0.9557617657366244,0.9555370848952713,0.9580953128989541,0.9547577903710976,0.9547577903710975,800.0000000000005,800.0000000000005,0.00125,8.377298854611581e-12,9.778884931305843,8,8.262298180697347e-17,9.64939933512099e-17,1.5409895581797173e-13,-0.0002405826012834636,0.9539093928403682,1.097462246918905,0.22151834017900554,1.6357581955617206e-11,0.0012246239930391312,not_checked,0.001,not_checked,not_checked,,,
circle_vm2_direct_n800,868,2026692469,True,ok,0.0004988629646986986,0.5804885361227157,0.00111140395913447,0.8106882837435966,0.7933478594888912,0.6788592835329286,0.6747522005153537,0.6725532895059841,0.670930065483446,0.6709300654834458,800.0000000000005,800.0000000000005,0.00125,2.825506495440777e-11,10.008881255925951,8,-6.001421148232877e-13,1.691355389077387e-16,2.7133850721838826e-13,-0.006253770112839174,0.9829554266513167,1.0795333523828268,0.20562374914754775,5.736033870107349e-11,0.0012277921196073294,not_checked,0.001,not_checked,not_checked,,,
circle_vm2_direct_n800,869,2026692470,True,ok,0.0034902183050815605,0.574926237394052,0.0028799626903699494,5.658976419679914,5.78959386615743,0.06810358184193459,0.06571476016970393,0.055310255637704725,0.06128778976427937,0.061287789764279274,800.0000000000005,800.0000000000005,0.00125,2.162103829306261e-11,10.104559536009376,9,-1.5178830414797062e-16,-1.973247953923618e-16,-3.1530333899354446e-13,-0.03731356577470679,0.9440960120723448,1.1314700356357377,0.21288508906060732,4.346611959249458e-11,0.001333374995738268,not_checked,0.001,not_checked,not_checked,,,
circle_vm2_direct_n800,870,2026692471,True,ok,6.527209045792404e-05,0.5640819927874465,0.00040781295937445354,0.10432696459568665,0.10267021600954138,0.9485286930880317,0.9485807104104242,0.9499602778941091,0.9491222466705764,0.9491222466705764,800.0000000000005,800.0000000000005,0.00125,1.267974614194145e-11,10.586677857515648,8,1.8065518699039718e-16,1.7661653389788867e-16,2.8266278206956486e-13,5.419006849593372e-05,0.9566664399049182,1.0206658600392768,0.20648899217239047,2.5072388609714835e-11,0.0012240840587764978,not_checked,0.001,not_checked,not_checked,,,
circle_vm2_direct_n800,871,2026692472,True,ok,0.0001198762860941116,0.6181714066447188,0.0005425193419528263,0.19026733307258303,0.19730398116111678,0.9068883321403511,0.9075977791737015,0.9060579698713958,0.9085539322236138,0.9085539322236137,800.0000000000005,800.0000000000005,0.00125,1.6067958075183242e-10,13.792644032091143,8,1.5523877756190574e-15,1.9060274192295168e-16,3.0464519795714295e-13,0.0007673623389978235,0.9260075815207658,1.0395664519676888,0.17557578023279316,3.4496783207771387e-10,0.0012345840223133564,not_checked,0.001,not_checked,not_checked,,,
circle_vm2_direct_n800,872,2026692473,True,ok,0.0013878675716283428,0.5685310528770262,0.00184918493222073,2.2772205081208554,2.196954708452849,0.34447336559650016,0.33524017062389144,0.3333783145152489,0.32946206610305845,0.3294620661030583,800.0000000000005,800.0000000000005,0.00125,1.580835462533514e-11,8.861947654378145,9,4.5536491244391186e-17,2.992397996059992e-17,4.796163466380676e-14,-0.028316196757752765,1.003329375800716,1.0809604054972206,0.21949216461676221,3.147149207904931e-11,0.0013425000943243504,not_checked,0.001,not_checked,not_checked,,,
circle_vm2_direct_n800,873,2026692474,True,ok,0.002225443750133227,0.5370331328058635,0.0023404282020250446,3.6157036889573666,3.5364023594729517,0.17966352531187413,0.17496725001790364,0.17063966300042188,0.1685782913334018,0.16857829133340158,800.0000000000005,800.0000000000005,0.00125,3.159361661175808e-12,8.44580687214795,9,-7.19910242530375e-17,5.637851296924623e-18,8.43769498715119e-15,-0.02749684437210065,0.9878215805681321,1.0867079577193952,0.23936852930897,5.992539797716745e-12,0.0013437496963888407,not_checked,0.001,not_checked,not_checked,,,
circle_vm2_direct_n800,874,2026692475,True,ok,0.00048698906403643605,0.5760442051897512,0.0011394368662730288,0.7906891349323236,0.7256176604114389,0.6828028251048622,0.6789720190068786,0.6957194213257142,0.6773336772309466,0.6773336772309464,800.0000000000005,800.0000000000005,0.00125,2.2828627876947394e-11,9.888732284635424,8,-4.56884313368433e-13,-4.6132802439258214e-17,-7.416289804496046e-14,-0.005753316237012751,0.9010155140497014,1.1537625009761758,0.19408351033383833,4.597033864683908e-11,0.001226792111992836,not_checked,0.001,not_checked,not_checked,,,
circle_vm2_direct_n800,875,2026692476,True,ok,0.0004596540719252751,0.5602605783194199,0.001077013407019874,0.7302354428570625,0.7359136345231019,0.6893567551437676,0.6911756618552665,0.6921470698492851,0.6923087464058699,0.6923087464058697,800.0000000000005,800.0000000000005,0.00125,1.0470069256030001e-11,10.943690313942955,8,6.172590650416199e-14,-1.1449174941446927e-16,-1.836308882730009e-13,0.0026055361116890108,0.9355062191656038,1.0439391313900663,0.2139419102554112,2.0588641902463678e-11,0.0012197920586913824,not_checked,0.001,not_checked,not_checked,,,
circle_vm2_direct_n800,876,2026692477,True,ok,0.0011121276241994327,0.5402627265245141,0.0016879318708305992,1.7732151903903905,1.744025520458524,0.40514413330379706,0.40641631130524325,0.4181091482912914,0.41077810558768557,0.41077810558768535,800.0000000000005,800.0000000000005,0.00125,1.974709284979781e-11,9.902196218824672,8,5.575535692858846e-13,-1.3921155894713877e-16,-2.2315482794965646e-13,0.0030945041643514193,0.8868720633841203,1.0881888906108315,0.20369545273648587,3.814948357216963e-11,0.0012294170446693897,not_checked,0.001,not_checked,not_checked,,,
circle_vm2_direct_n800,877,2026692478,True,ok,3.597734986393597e-05,0.5705383092441865,0.00030090358236140757,0.05755764785375497,0.05731008382436797,0.9713342968302587,0.9713372963603427,0.9717516202366835,0.9716283730414947,0.9716283730414947,800.0000000000005,800.0000000000005,0.00125,1.7449930389545898e-11,10.778815316973457,8,-1.1076480444655035e-16,-1.070920695872557e-16,-1.7141843500212417e-13,3.0559642713069712e-06,0.9403589849370735,1.0413634601672044,0.20288383456299758,3.484612598469994e-11,0.0012214570306241512,not_checked,0.001,not_checked,not_checked,,,
circle_vm2_direct_n800,878,2026692479,True,ok,0.0008557730768250504,0.5566666954439017,0.0014580408749113349,1.3782202807289397,1.3657305419222632,0.5092339881904464,0.5069843123666997,0.5051674750305969,0.5042825961203172,0.504282596120317,800.0000000000005,800.0000000000005,0.00125,1.115674219676066e-11,9.736897955309969,8,-5.644273026392255e-13,1.3660947373317356e-17,2.3314683517128287e-14,-0.004491678904429031,1.0089328277556415,1.0200443708944864,0.22312583802789585,2.134514787144326e-11,0.0012215001042932272,not_checked,0.001,not_checked,not_checked,,,
circle_vm2_direct_n800,879,2026692480,True,ok,0.00041921714005388466,0.5882214058260293,0.0009989920060252718,0.6599186915669499,0.7153131665937988,0.7048739875346001,0.708863474008192,0.6993131896044928,0.7150708058408801,0.71507080584088,800.0000000000005,800.0000000000005,0.00125,4.089228955450608e-11,12.95763700992154,8,3.877196415487394e-13,1.805196617188365e-17,2.864375403532904e-14,0.00541436625963293,0.8942918367613722,1.0273817840139983,0.1833046873631538,8.388001404568968e-11,0.0012249578721821308,not_checked,0.001,not_checked,not_checked,,,
circle_vm2_direct_n800,880,2026692481,True,ok,0.0008672933127098492,0.5479065385796345,0.0014611295148927177,1.3592793157963456,1.4365765158748942,0.48658712177161556,0.49381014659446687,0.48758616378447384,0.49965638332257734,0.4996563833225771,800.0000000000005,800.0000000000005,0.00125,5.2800874783542895e-11,11.517420952107086,8,5.3438375686304385e-12,-4.141652298894627e-17,-6.59472476627343e-14,0.014194992269706996,0.9361793356847787,0.9907253120895344,0.21037552410223942,1.0726886046086292e-10,0.0012247511185705662,not_checked,0.001,not_checked,not_checked,,,
circle_vm2_direct_n800,881,2026692482,True,ok,0.0012610847650385004,0.5884830634266893,0.0017118024901440405,2.050158677507982,2.156412863383798,0.38014143828209357,0.3743040644127482,0.3402051599642791,0.3646315774434477,0.36463157744344754,800.0000000000005,800.0000000000005,0.00125,1.4902323819399044e-10,10.343098726877072,8,-1.4214800994269416e-11,2.4936649967166602e-17,3.9968028886505635e-14,-0.01621152672318993,0.9094400090064009,1.186142276077906,0.19855682050495901,2.909730234534891e-10,0.0012208749540150166,not_checked,0.001,not_checked,not_checked,,,
circle_vm2_direct_n800,882,2026692483,True,ok,0.0005685729093685143,0.5433146621949028,0.0012440547107892806,0.9216371316586316,0.8219744937655951,0.6440226042599535,0.6403238449786521,0.6629953868046847,0.6345378581485936,0.6345378581485934,800.0000000000005,800.0000000000005,0.00125,6.056932733145004e-12,8.760688825830561,8,-4.2788732626530823e-13,-5.074066167232161e-17,-8.171241461241152e-14,-0.005960238334504042,0.9371432083008959,1.1378832787965416,0.2173403147321069,1.1147083256446422e-11,0.0012298328801989555,not_checked,0.001,not_checked,not_checked,,,
circle_vm2_direct_n800,883,2026692484,True,ok,0.000575164373118886,0.5812410044627061,0.0012034784763462877,0.9343388982497034,0.9011846510880225,0.6380817313719043,0.6337129301373234,0.6372505800136803,0.6312006381153483,0.631200638115348,800.0000000000005,800.0000000000005,0.00125,2.9318436567393746e-11,10.066139530449686,8,-8.802325188184135e-13,-6.646159317336142e-17,-1.0613732115416497e-13,-0.0070379506297426064,0.9761303252924242,1.0739455034318088,0.2039676859967293,5.953482151710432e-11,0.001227417029440403,not_checked,0.001,not_checked,not_checked,,,
circle_vm2_direct_n800,884,2026692485,True,ok,0.000885026294343394,0.5567196092624014,0.0014477568265326465,1.4136931864780544,1.5072058780083057,0.4897315027953728,0.4903097649132359,0.47066770712021144,0.4926181072354062,0.492618107235406,800.0000000000005,800.0000000000005,0.00125,9.154677016454116e-12,10.38543077507937,8,1.1737355878893574e-13,-8.023096076392733e-17,-1.2811973704174306e-13,0.001174442235688411,0.8595038583554377,1.1364253131089386,0.19531696233448548,1.8039791882529244e-11,0.0012288761790841818,not_checked,0.001,not_checked,not_checked,,,
circle_vm2_direct_n800,885,2026692486,True,ok,0.0005919319984508675,0.522401505152871,0.0011994221353635575,0.9342915321614805,0.9941891190808982,0.6078252552330776,0.6119219821655579,0.6082954609523066,0.6227901849122661,0.6227901849122659,800.0000000000005,800.0000000000005,0.00125,5.8528737412189e-12,9.97572216769591,8,4.360551633317278e-13,5.0306980803327406e-17,8.038014698286133e-14,0.006399832679954032,0.8453020810585347,1.0666426659439943,0.20052493313029213,1.1269873922969964e-11,0.0012187499087303877,not_checked,0.001,not_checked,not_checked,,,
circle_vm2_direct_n800,886,2026692487,True,ok,0.0004578670706503196,0.5664656501264895,0.001061005369621917,0.7374299255685328,0.737372126674959,0.6994551420944399,0.6978044966025317,0.691642508311753,0.6932991794892511,0.693299179489251,800.0000000000005,800.0000000000005,0.00125,1.4243495272125983e-11,10.099276805838437,8,-5.993350347260895e-14,-3.3393426912553537e-17,-5.284661597215745e-14,-0.002421306264010492,0.9952461586824214,1.0549286189198581,0.2244244981347436,2.832689638410102e-11,0.001222875202074647,not_checked,0.001,not_checked,not_checked,,,
circle_vm2_direct_n800,887,2026692488,True,ok,0.0008924710146158699,0.5844737629303554,0.0014712963552601837,1.457649975465169,1.4399531559221956,0.5019302747553291,0.4947871581683909,0.48676365682376177,0.4896929036036173,0.48969290360361695,800.0000000000005,800.0000000000005,0.00125,8.330702794268063e-11,9.814033908214679,8,-8.297662036638176e-12,1.8865117801247777e-17,3.064215547965432e-14,-0.014848176039888195,1.0121621381668444,1.0598144743599054,0.20880404087757912,1.62083235721866e-10,0.0012285001575946808,not_checked,0.001,not_checked,not_checked,,,
circle_vm2_direct_n800,888,2026692489,True,ok,0.002531010615208107,0.5162885190159012,0.002535109364468027,4.161290072563081,3.8773843151392136,0.14451851869182264,0.1370141525914022,0.14389201485357386,0.1320191234633845,0.13201912346338432,800.0000000000005,800.0000000000005,0.00125,1.0258460747536446e-12,6.987613575613412,9,3.0097452308197603e-16,1.8041124150158794e-16,2.8954616482224083e-13,-0.05583654411505368,1.0190906771771302,1.0744643824849929,0.25500776693414445,1.8833823389741156e-12,0.001339290989562869,not_checked,0.001,not_checked,not_checked,,,
circle_vm2_direct_n800,889,2026692490,True,ok,0.00023811947004825917,0.58299954858044,0.0007808738838019458,0.38535545075053057,0.36801315864008655,0.8304870293198026,0.8287221161232186,0.831930330272769,0.826549414343666,0.8265494143436659,800.0000000000005,800.0000000000005,0.00125,3.187650143843257e-11,10.42428848333795,8,-2.556009332140008e-14,1.0354130747236567e-16,1.6564527527407336e-13,-0.002182149336657835,0.9715067528525173,1.0823840785854075,0.21099900729976107,6.493894311176973e-11,0.0012271248269826174,not_checked,0.001,not_checked,not_checked,,,
circle_vm2_direct_n800,890,2026692491,True,ok,0.0004949681230130842,0.5397697507039003,0.0010995611562029694,0.7809062354663177,0.8198431697251374,0.6637724714495825,0.6675761295202376,0.6637022924023142,0.6730238588967394,0.6730238588967392,800.0000000000005,800.0000000000005,0.00125,4.2338355044080345e-12,10.648363912534753,8,3.055602645907207e-13,-1.5363144784119598e-16,-2.4513724383723456e-13,0.005521380677308785,0.9419053654392431,0.9910421417012863,0.21464694080962857,8.354206215699378e-12,0.0012296249624341726,not_checked,0.001,not_checked,not_checked,,,
circle_vm2_direct_n800,891,2026692492,True,ok,0.0009879040418714347,0.5651903268624767,0.0015580982341471866,1.6040490875661093,1.583122755977457,0.46037352557401545,0.45511711558667745,0.4531367249352807,0.4536981211482881,0.453698121148288,800.0000000000005,800.0000000000005,0.00125,4.924227692271188e-11,9.463241003136059,8,-4.238828038571896e-12,6.418476861114186e-17,1.0302869668521453e-13,-0.011701310285906485,0.9913939981007039,1.0467241823696194,0.21344086655377034,9.278644519383761e-11,0.0012227077968418598,not_checked,0.001,not_checked,not_checked,,,
circle_vm2_direct_n800,892,2026692493,True,ok,0.00010824681996690622,0.5529828278933224,0.0005285355597881666,0.17383633030609946,0.16699286405159094,0.9176215918196362,0.9173294871874869,0.9198943688247601,0.917046172802127,0.9170461728021269,800.0000000000005,800.0000000000005,0.00125,7.243095012654521e-12,9.774754802016133,8,8.075950932301401e-17,2.0415526907902048e-16,3.26183524634871e-13,-0.000320709179524703,0.9746542565722861,1.040983275366473,0.21787229571980396,1.408184679974056e-11,0.001227417029440403,not_checked,0.001,not_checked,not_checked,,,
circle_vm2_direct_n800,893,2026692494,True,ok,0.0003909365500245343,0.6117739258043926,0.0009937912932460875,0.627317437500406,0.6174667730660807,0.7313048558297635,0.7306396931968275,0.734376538602845,0.731433303775232,0.7314333037752319,800.0000000000005,800.0000000000005,0.00125,1.2085676903694775e-10,12.479994291987785,8,-1.707510001447421e-14,2.610216730258852e-16,4.176659018639839e-13,-0.0009094787305753971,0.9829629042982443,1.016146951284829,0.18972167662406852,2.569569002019989e-10,0.0012288759462535381,not_checked,0.001,not_checked,not_checked,,,
circle_vm2_direct_n800,894,2026692495,True,ok,0.0024066322319198363,0.5403133777406373,0.002420993895699612,3.745011173884073,4.065462491311145,0.13212741422624152,0.13964032944514926,0.13097730099323998,0.145831156979093,0.1458311569790928,800.0000000000005,800.0000000000005,0.00125,3.75610653691183e-12,11.90266029532422,9,-1.8214596497756474e-17,-7.025630077706069e-17,-1.127986593019159e-13,0.05280019859383378,0.8691623754084695,1.0332260674574187,0.1977206968784658,7.160716464227335e-12,0.0013508338015526533,not_checked,0.001,not_checked,not_checked,,,
circle_vm2_direct_n800,895,2026692496,True,ok,0.0009740985916162348,0.5935442012346284,0.001599559499095266,1.5238370406371504,1.5215678425462413,0.4469266491130245,0.4550126006685534,0.4672999570096338,0.45873669934228767,0.45873669934228756,800.0000000000005,800.0000000000005,0.00125,1.1812884004314128e-10,13.853236207013634,8,1.3049588428078185e-11,-1.3530843112619095e-16,-2.1649348980190553e-13,0.017360352974413074,0.9150781082388816,1.0219116838770155,0.1985469502312596,2.568716350737077e-10,0.0012286680284887552,not_checked,0.001,not_checked,not_checked,,,
circle_vm2_direct_n800,896,2026692497,True,ok,0.0017344314451313014,0.5058779569188008,0.002018240750024855,2.7461656522911086,2.9929001943348448,0.23601962143460936,0.23957756147107345,0.22392365812303572,0.24968749673321416,0.2496874967332139,800.0000000000005,800.0000000000005,0.00125,1.1361722673797203e-10,9.244125066719535,8,9.093904015239351e-12,-6.049848122469115e-17,-9.769962616701378e-14,0.014462329959487707,0.841100659068225,1.0851956370524765,0.20773144541624822,2.1365043068044542e-10,0.0012322920374572277,not_checked,0.001,not_checked,not_checked,,,
circle_vm2_direct_n800,897,2026692498,True,ok,0.00026927642833385335,0.5940146015366672,0.0008142774558639234,0.42833143644548616,0.44050853142148494,0.8037887642307213,0.8048125193688469,0.8023147708895739,0.8062018426786154,0.8062018426786153,800.0000000000005,800.0000000000005,0.00125,5.3668514077287455e-11,12.354681434782037,8,8.283304597789254e-15,-3.9963692077815693e-16,-6.390443729742401e-13,0.001255424444339709,0.9620978140590357,1.0109934605308484,0.20339654858494957,1.1105028008273621e-10,0.0012221657671034336,not_checked,0.001,not_checked,not_checked,,,
circle_vm2_direct_n800,898,2026692499,True,ok,0.004439980684319167,0.5812921685673793,0.003516403207056854,7.416334695554919,5.975638071278266,0.04316642397487992,0.037673438050699753,0.050397231516629816,0.028667690771279376,0.028667690771279303,800.0000000000005,800.0000000000005,0.00125,2.939415377767318e-11,8.223848889116647,9,-2.985459102156085e-15,-1.1015494072452725e-16,-1.7408297026122455e-13,-0.15618280032212395,0.9701247090769669,1.2781343028905012,0.2161499007899723,5.968847638371244e-11,0.001339498907327652,not_checked,0.001,not_checked,not_checked,,,
circle_vm2_direct_n800,899,2026692500,True,ok,0.0037900761388629522,0.5749277596446529,0.0030382615456159864,5.876644350804611,6.353043421754661,0.04013493645149391,0.04431068432187736,0.04173055390688727,0.04821616642798636,0.048216166427986276,800.0000000000005,800.0000000000005,0.00125,2.162447998443895e-11,13.95833692059094,9,2.0469737016526324e-16,-2.0816681711721685e-17,-3.197442310920451e-14,0.09373873568805813,0.8708522442733577,1.011826546999355,0.18368149314672808,4.3472558886037405e-11,0.0013428321108222008,not_checked,0.001,not_checked,not_checked,,,
circle_vm2_direct_n800,900,2026692501,True,ok,0.0012916074233475516,0.5919186849613589,0.001742708703387849,2.0127469901935977,2.2392971200892418,0.33699863693901666,0.3466741892318529,0.3263944825312792,0.3558357828519684,0.3558357828519681,800.0000000000005,800.0000000000005,0.00125,4.8658521656363973e-11,14.147242362774199,9,2.3483819056036026e-16,3.5735303605122226e-16,5.728750807065808e-13,0.026912443581243117,0.8985661434643712,1.0027231296015755,0.18420883077898903,1.003681582290028e-10,0.0013473338913172483,not_checked,0.001,not_checked,not_checked,,,
circle_vm2_direct_n800,901,2026692502,True,ok,0.0005073836815641108,0.5491328514870666,0.0011165653894907172,0.8200519860138724,0.8213898462670652,0.6748713416123477,0.6721859577323077,0.6631892244321915,0.6663721736350212,0.6663721736350212,800.0000000000005,800.0000000000005,0.00125,5.945244296867713e-12,9.172828312217888,8,-1.6734530428053063e-13,4.9873299934333204e-18,7.327471962526033e-15,-0.004119047755647309,0.9402012050301447,1.1313572661715166,0.22223811786034936,1.1489698081845745e-11,0.0012261660303920507,not_checked,0.001,not_checked,not_checked,,,
circle_vm2_direct_n800,902,2026692503,True,ok,0.0019040840229476164,0.5957668083000673,0.00213842050507473,3.0026257334227244,3.193663480778598,0.21387029858258239,0.21867341574810661,0.202537192954541,0.21799847353336452,0.2179984735333643,800.0000000000005,800.0000000000005,0.00125,5.82248693703491e-11,13.353820619681153,9,3.187554387107383e-17,-2.4069288229178198e-17,-3.952393967665557e-14,0.021954351646731762,0.939489339702593,1.036261634229685,0.19733681825258312,1.2080025868499433e-10,0.0013491669669747353,not_checked,0.001,not_checked,not_checked,,,
circle_vm2_direct_n800,903,2026692504,True,ok,0.0005268458535250264,0.5736448314721765,0.0011328429819537679,0.8387610400695784,0.8689755699887953,0.6515705329628854,0.6529596493121681,0.6475962906771495,0.6560772860873658,0.6560772860873656,800.0000000000005,800.0000000000005,0.00125,2.031241841393694e-11,11.35046336902099,8,6.755501106431305e-14,-2.0513105103425744e-16,-3.2862601528904634e-13,0.0020961627852321696,0.928177055895747,1.0422368399766107,0.19949717810948125,4.075828563543382e-11,0.001222791150212288,not_checked,0.001,not_checked,not_checked,,,
circle_vm2_direct_n800,904,2026692505,True,ok,4.851813891759704e-06,0.5545164326315586,0.00011262505977590738,0.0077608943254642545,0.007440396619718243,0.9960387853878827,0.9960398079313413,0.996286713054668,0.9961260719813094,0.9961260719813094,800.0000000000005,800.0000000000005,0.00125,3.538325188401359e-11,10.13569113393286,7,7.533938615111521e-14,2.846369515953351e-16,4.554134847012392e-13,1.0039506756383265e-06,0.900700675659355,1.0617493263664461,0.1987827589965524,6.91477985981237e-11,0.0010989580769091845,not_checked,0.001,not_checked,not_checked,,,
circle_vm2_direct_n800,905,2026692506,True,ok,0.00012902365136957528,0.5498090770451356,0.0005924518132475084,0.20647369417010183,0.19054973792772698,0.8996947186203421,0.8996782111487696,0.909123010421724,0.9019295004723497,0.9019295004723497,800.0000000000005,800.0000000000005,0.00125,6.1519678240529174e-12,9.926217485369005,8,-1.0153553345326749e-16,-1.2522535092207576e-16,-2.0050627824730327e-13,-1.792598939064083e-05,0.8530853263706051,1.1167631530304383,0.19125614767517202,1.1908252162129429e-11,0.0012197077739983797,not_checked,0.001,not_checked,not_checked,,,
circle_vm2_direct_n800,906,2026692507,True,ok,0.0006137264754673133,0.6128853862186558,0.0013227724507121749,0.9991956921760872,0.862690483908988,0.625359027543672,0.620251840711711,0.6496345909387858,0.6120255919858024,0.6120255919858022,800.0000000000005,800.0000000000005,0.00125,1.2707135343958953e-10,11.334116976045605,8,-1.9743950398221077e-12,1.0701075442431929e-16,1.7119639039719914e-13,-0.008616665714192673,0.8552992718857094,1.2673900217197511,0.17878291713672892,2.7051960671542474e-10,0.001221375074237585,not_checked,0.001,not_checked,not_checked,,,
circle_vm2_direct_n800,907,2026692508,True,ok,0.0015773025600736013,0.6285224537570864,0.0020228102069197265,2.531748143214576,2.406418471587208,0.2890050847809813,0.2878617972284604,0.3002291580374988,0.2831320030945711,0.28313200309457087,800.0000000000005,800.0000000000005,0.00125,5.967448757360216e-16,13.467345453660785,10,1.8865117801247777e-16,1.1839487723541708e-16,1.8829382497642655e-13,-0.0040320235484063716,0.9700265701063896,1.0638742152546452,0.1810757602820127,2.220446049250313e-16,0.0014518329408019781,not_checked,0.001,not_checked,not_checked,,,
circle_vm2_direct_n800,908,2026692509,True,ok,0.003103806722544178,0.6151804136285486,0.0026927174660074595,4.710335352997775,5.548556817289548,0.0648753566741441,0.07461147646874922,0.06239448376946251,0.08348858374950868,0.08348858374950857,800.0000000000005,800.0000000000005,0.00125,1.4078616050738901e-10,18.378338291705266,9,1.4411215276677325e-15,-1.1319070680748666e-16,-1.8118839761882555e-13,0.12787770153645628,0.8088118723888913,1.002884892800325,0.15826644080534727,3.007361026874378e-10,0.0013394169509410858,not_checked,0.001,not_checked,not_checked,,,
circle_vm2_direct_n800,909,2026692510,True,ok,0.00025041725923924396,0.6069681161673428,0.0007477400627175831,0.4053708114566097,0.44395397129909614,0.8204838346947274,0.818581521107737,0.8009337970936445,0.8184575003104759,0.8184575003104759,800.0000000000005,800.0000000000005,0.00125,9.73459091113682e-11,11.495994109960998,8,-3.7991311485630064e-14,-1.0690233420707074e-16,-1.7075230118734908e-13,-0.002351598336909566,0.9084350650425334,1.1271800380148118,0.18069615273409712,2.054068026779987e-10,0.0012193331494927406,not_checked,0.001,not_checked,not_checked,,,
circle_vm2_direct_n800,910,2026692511,True,ok,0.0013866522956893501,0.5676328079632296,0.0018584324686047311,2.2219155206003216,2.2242580395073794,0.3302452039280104,0.32970790343106876,0.3288580699073709,0.32978253171687283,0.3297825317168725,800.0000000000005,800.0000000000005,0.00125,6.291023257887218e-11,10.610660004078595,8,-9.16015527319125e-13,-3.5344990823027445e-17,-5.639932965095795e-14,-0.001635923748680046,0.8931732942668812,1.1148135923069074,0.19766507027448463,1.2415268813015246e-10,0.0012198330368846655,not_checked,0.001,not_checked,not_checked,,,
circle_vm2_direct_n800,911,2026692512,True,ok,0.0005470363963946401,0.5775431492201948,0.0012175567145802334,0.86919294076048,0.8185450699159289,0.6433750922193568,0.6453427115216914,0.6641332081396651,0.6455651675340417,0.6455651675340417,800.0000000000005,800.0000000000005,0.00125,2.454525471762281e-11,11.692238197262467,8,1.319474043914859e-13,2.6172640443800077e-16,4.1944225870338414e-13,0.0030326467354722664,0.9080334449672481,1.0825277509549756,0.1945335598499407,4.954503474152716e-11,0.0012237911578267813,not_checked,0.001,not_checked,not_checked,,,
circle_vm2_direct_n800,912,2026692513,True,ok,3.2970088972072986e-05,0.5798535084189933,0.00029159649268467185,0.05258150914919345,0.05176962387319668,0.9735291448572705,0.9736136224277836,0.974447327844954,0.9739687391554072,0.9739687391554072,800.0000000000005,800.0000000000005,0.00125,2.7427726756457105e-11,11.44114107350871,8,-5.289551349013655e-17,-4.932442258451242e-17,-7.904787935331115e-14,8.531660306167893e-05,0.887668243804447,1.0887991896060902,0.18531883863954798,5.558109528180921e-11,0.0012227499391883612,not_checked,0.001,not_checked,not_checked,,,
circle_vm2_direct_n800,913,2026692514,True,ok,0.0007111403928341531,0.5623426413462611,0.001297231417225391,1.1549346410748895,1.1896896752025747,0.5723562709672239,0.5675771190865935,0.5516481542784698,0.5661408872973303,0.56614088729733,800.0000000000005,800.0000000000005,0.00125,1.7829404619362776e-11,9.328324124894037,8,-1.4440670881299411e-12,-9.475926987523309e-17,-1.5165646516379638e-13,-0.008555006270121956,0.9501144890425569,1.092607917629312,0.20605036345337327,3.400857373492272e-11,0.0012258749920874834,not_checked,0.001,not_checked,not_checked,,,
circle_vm2_direct_n800,914,2026692515,True,ok,0.0011445505513882903,0.5790546686827776,0.0017050391034401631,1.814419731315764,1.8068786971627164,0.3930157305805402,0.39640915164173496,0.4051737268840463,0.40026020089936054,0.4002602008993604,800.0000000000005,800.0000000000005,0.00125,4.857680924175156e-11,12.000673972065181,8,3.188346071533732e-12,-6.765421556309548e-17,-1.0813572259849025e-13,0.008430575452750833,0.9537377682281535,1.0075398953491552,0.19888303047811612,1.0117906512618902e-10,0.0012226658873260021,not_checked,0.001,not_checked,not_checked,,,
circle_vm2_direct_n800,915,2026692516,True,ok,0.00031147748026727484,0.585657479045971,0.0008760147234786041,0.4990164604373869,0.5152133117120419,0.7753055684617944,0.775047538570951,0.7728991876927994,0.7794381150445151,0.779438115044515,800.0000000000005,800.0000000000005,0.00125,3.620670430137807e-11,11.343630327061659,8,-2.190467859181089e-15,9.990923019453923e-17,1.5920598173124745e-13,-0.00032624600487343725,0.8618708293278369,1.110033281652795,0.1811211762675504,7.400013934955041e-11,0.0012183329090476036,not_checked,0.001,not_checked,not_checked,,,
circle_vm2_direct_n800,916,2026692517,True,ok,0.0010355477704064864,0.5375142136887041,0.001631838421358692,1.6592803205631057,1.615469498016566,0.4349634962068122,0.4344390594595985,0.44586692362484015,0.4367308330540719,0.43673083305407134,800.0000000000005,800.0000000000005,0.00125,1.363342772009446e-11,9.418530725874222,8,-1.9430160605460323e-13,1.7976072019809664e-16,2.871036741680655e-13,-0.001201943956363305,0.9226215749700613,1.0708563510880582,0.21471216022091014,2.5790924951252236e-11,0.0012234172318130732,not_checked,0.001,not_checked,not_checked,,,
circle_vm2_direct_n800,917,2026692518,True,ok,0.005025182722796284,0.5173666259722014,0.003631089319342963,8.041936461302095,7.556915722057413,0.017928556235113496,0.017913893503862313,0.02285791433930319,0.017950340798539407,0.017950340798539362,800.0000000000005,800.0000000000005,0.00125,1.088129586435116e-12,8.986602785380857,9,6.418476861114186e-17,9.367506770274758e-17,1.4921397450962104e-13,-0.000822052414017449,0.926324811174856,1.0679806295130136,0.221804400246595,2.0023982472139323e-12,0.00134891620837152,not_checked,0.001,not_checked,not_checked,,,
circle_vm2_direct_n800,918,2026692519,True,ok,0.0010890553918707635,0.536296209412781,0.0016876912350911287,1.7270323139381174,1.6852781352528141,0.40670055699471463,0.4099492929220254,0.4305727122034779,0.4184305663807111,0.41843056638071097,800.0000000000005,800.0000000000005,0.00125,2.562650092130525e-11,10.171633033760266,8,1.6817070739444384e-12,2.207435623180487e-16,3.530509218307998e-13,0.007728156527552543,0.85936987800526,1.0846106165289575,0.19727472740132196,5.022804394627656e-11,0.0014532080385833979,not_checked,0.001,not_checked,not_checked,,,
circle_vm2_direct_n800,919,2026692520,True,ok,0.0009433375639347208,0.50931012720803,0.0015416932516873203,1.530920201251021,1.4878347417457176,0.4820426942308764,0.47704942444448184,0.4752485394357807,0.4701657197803606,0.47016571978036037,800.0000000000005,800.0000000000005,0.00125,2.5657032054482443e-11,7.584059732079828,8,-2.141016097051418e-12,1.354168513434395e-16,2.169375790117556e-13,-0.010790049477733432,0.9304488606354513,1.1449810322969969,0.23621503069012834,4.4294790058074796e-11,0.0012912077363580465,not_checked,0.001,not_checked,not_checked,,,
circle_vm2_direct_n800,920,2026692521,True,ok,0.0007170940857732511,0.5981894017595788,0.0013436374360989627,1.1364611870342634,1.152617897941899,0.5569293024346165,0.5600311357433003,0.5619687986921875,0.5634507955723411,0.5634507955723409,800.0000000000005,800.0000000000005,0.00125,6.509404126830987e-11,12.929778834771813,8,7.203489107293626e-13,1.7293024651143796e-16,2.7711166694643907e-13,0.005444675101469509,0.9445257392629867,1.0166330266757901,0.1964244073519074,1.3564438461344253e-10,0.0012405011802911758,not_checked,0.001,not_checked,not_checked,,,
circle_vm2_direct_n800,921,2026692522,True,ok,0.0077129645400251245,0.5921110889624535,0.004515770160058346,12.62335832737122,11.189507945860862,0.0026808966641055443,0.002344743711564023,0.0037173137828196683,0.0020904589746485232,0.002090458974648515,800.0000000000005,800.0000000000005,0.00125,4.9097725884905685e-11,10.383535267525346,9,-1.5779912099223026e-14,-5.898059818321144e-17,-9.237055564881302e-14,-0.14130753166550658,0.9390218734262846,1.1281524605706437,0.19200030300320245,1.0130629668481106e-10,0.001345332944765687,not_checked,0.001,not_checked,not_checked,,,
circle_vm2_direct_n800,922,2026692523,True,ok,0.0015560529558420466,0.5456663019149068,0.002023776081360764,2.4792709361295473,2.364184991144447,0.27935392477282783,0.2808454569196627,0.30663643144797076,0.2879863013674915,0.28798630136749126,800.0000000000005,800.0000000000005,0.00125,8.016842745206532e-11,10.18688090025552,8,2.6813197929326238e-12,1.8995222061946038e-16,3.0375701953744283e-13,0.005206896608864309,0.9052583795630519,1.0489255630267387,0.20358719374960554,1.5695644783875196e-10,0.0012320829555392265,not_checked,0.001,not_checked,not_checked,,,
circle_vm2_direct_n800,923,2026692524,True,ok,0.0002523039617206013,0.5305127495629927,0.000831846692762542,0.40584485143744997,0.36694584856474,0.8167150974527575,0.815832116716867,0.8323744125673501,0.8172230834983552,0.817223083498355,800.0000000000005,800.0000000000005,0.00125,2.2295498780522394e-12,8.847074272723438,8,-3.52772281872471e-15,-1.0690233420707074e-16,-1.716404796070492e-13,-0.0010792563422438173,0.8792411900330828,1.1285845889773762,0.21038683126640081,4.189315561120566e-12,0.0012246249243617058,not_checked,0.001,not_checked,not_checked,,,
circle_vm2_direct_n800,924,2026692525,True,ok,0.00023828837012618287,0.5938020528414258,0.0008215170817712943,0.37646984707814246,0.34306588900966795,0.8262187421036712,0.8282021042669111,0.8423725160174629,0.8264377384802684,0.8264377384802684,800.0000000000005,800.0000000000005,0.00125,5.313660622618954e-11,12.905091196247662,8,3.512164517549543e-14,-2.2551405187698492e-17,-3.574918139293004e-14,0.0023957725618751757,0.8911636220405099,1.1176445426740171,0.19295160534455982,1.0991962895445795e-10,0.0014552921056747437,not_checked,0.001,not_checked,not_checked,,,
circle_vm2_direct_n800,925,2026692526,True,ok,0.0007270519624438254,0.5757351592731779,0.001339838085950012,1.1637257696679286,1.1746750135997768,0.560087797819353,0.5599642807483891,0.5558051438826861,0.5589800082099321,0.5589800082099319,800.0000000000005,800.0000000000005,0.00125,2.2469137661573768e-11,11.006519419701183,8,-2.2599652184374097e-14,4.4885969940899884e-17,7.172040739078511e-14,-0.00022131487890364454,0.9901942757374138,1.0167616412226363,0.21355947309462772,4.526667929383166e-11,0.0012632510624825954,not_checked,0.001,not_checked,not_checked,,,
circle_vm2_direct_n800,926,2026692527,True,ok,0.0032444966988252055,0.559037183243805,0.002756561271246242,5.061924923562657,5.5913166282791344,0.06413065756549785,0.06865415468275443,0.06107465478667774,0.07460129899964392,0.07460129899964385,800.0000000000005,800.0000000000005,0.00125,9.846568005400513e-12,12.585758461194786,9,2.5587171270657905e-17,-8.283304597789254e-17,-1.3145040611561853e-13,0.06463489727883731,0.8753010714626563,1.0127053694075874,0.19274694623278618,1.9322987654391e-11,0.0013516671024262905,not_checked,0.001,not_checked,not_checked,,,
circle_vm2_direct_n800,927,2026692528,True,ok,0.0007301628152318607,0.5379851816654877,0.0013339660008034634,1.1771475315169138,1.1907176923824094,0.5663208816751308,0.5638798844017379,0.5513646752501279,0.5575906141935405,0.5575906141935405,800.0000000000005,800.0000000000005,0.00125,5.834110972102735e-12,8.963800526059579,8,-3.2232365648060535e-13,1.2836953722228372e-16,2.0516921495072893e-13,-0.004443513572968016,0.9318002103967954,1.1296543131509609,0.225241934487452,1.0735412558915414e-11,0.001219332916662097,not_checked,0.001,not_checked,not_checked,,,
circle_vm2_direct_n800,928,2026692529,True,ok,0.0063214824720347895,0.5764436689770605,0.003859798981110561,9.949628072694553,10.578836114671663,0.005480846285808624,0.0059627330325588476,0.005044695128968598,0.006363441207286367,0.006363441207286352,800.0000000000005,800.0000000000005,0.00125,2.325784009826748e-11,12.850150526059744,9,1.4242079737769586e-15,1.6046192152785466e-16,2.611244553918368e-13,0.08237194128055769,0.8988312607418953,1.0360303833355373,0.19352614916182057,4.689937327384541e-11,0.0013382078614085913,not_checked,0.001,not_checked,not_checked,,,
circle_vm2_direct_n800,929,2026692530,True,ok,0.0009868439901805637,0.5682584845868874,0.0015267841879529859,1.5644430303754724,1.6762873245163368,0.4505563815706508,0.4538667166966839,0.432512668262783,0.4540830391067673,0.45408303910676706,800.0000000000005,800.0000000000005,0.00125,2.547950739284488e-11,11.497410123203327,8,1.661620710816103e-12,-3.859759734048396e-16,-6.177280909014371e-13,0.007253676956715194,0.9332764384366232,1.0492040308028354,0.20969704142816054,5.2444715237243145e-11,0.00122187496162951,not_checked,0.001,not_checked,not_checked,,,
circle_vm2_direct_n800,930,2026692531,True,ok,0.0021113624459678793,0.5980736665771464,0.0021621796850941313,3.491272695445712,3.738966514447471,0.1951819554997885,0.1848681268050733,0.15420332468485945,0.18468752116655848,0.1846875211665583,800.0000000000005,800.0000000000005,0.00125,6.47838449552296e-11,9.534088514195679,9,3.3393426912553537e-17,8.239936510889834e-17,1.3233858453531866e-13,-0.05654639094855174,0.8982956135705388,1.172635642140318,0.1791391395114696,1.3489676042865995e-10,0.0013412092812359333,not_checked,0.001,not_checked,not_checked,,,
circle_vm2_direct_n800,931,2026692532,True,ok,0.0006098984427242993,0.5455221684847626,0.0013015016305999013,0.9911033323896739,0.8635048779798544,0.6237515938552067,0.6191704328241356,0.6493701155097003,0.6139027480492313,0.6139027480492312,800.0000000000005,800.0000000000005,0.00125,1.1165179891747812e-11,8.668903644600121,8,-8.722575613184791e-13,3.0140820395097023e-17,4.729550084903167e-14,-0.007632912015397231,0.9172883592277549,1.1611098778820519,0.21690880615090677,2.0621282459387658e-11,0.0012241671793162823,not_checked,0.001,not_checked,not_checked,,,
circle_vm2_direct_n800,932,2026692533,True,ok,0.0020894250639746925,0.5762376626705248,0.00227026354171131,3.4229894163050574,3.3272745829017576,0.19787910040554613,0.19037604641905415,0.189448645449969,0.18795737864687698,0.18795737864687678,800.0000000000005,800.0000000000005,0.00125,2.3003043914116006e-11,9.29797895858671,9,9.454242944073599e-17,6.505213034913027e-17,1.0480505352461478e-13,-0.03995465697277378,0.9640017220726449,1.1003542708192553,0.2024032217926609,4.6419756927207345e-11,0.0013330001384019852,not_checked,0.001,not_checked,not_checked,,,
circle_vm2_direct_n800,933,2026692534,True,ok,0.0037345572892835133,0.5606578213140943,0.0029885871585523523,5.707390541771092,6.624670665977624,0.04108109891541426,0.0472732389772481,0.0364309958266714,0.050405961285412436,0.050405961285412325,800.0000000000005,800.0000000000005,0.00125,1.0682787987548181e-11,14.504350384617503,9,9.762156361059482e-16,3.165870343657673e-17,4.796163466380676e-14,0.1339505605412663,0.7798510641077866,1.0775241954435604,0.17583791360883974,2.1013191187080338e-11,0.0013367088977247477,not_checked,0.001,not_checked,not_checked,,,
circle_vm2_direct_n800,934,2026692535,True,ok,0.002753351790135472,0.5808211655766407,0.0026782179258696814,4.329133146357324,4.288265884080831,0.09878915601886613,0.10278448376789678,0.11716958583544038,0.11050644520167202,0.11050644520167187,800.0000000000005,800.0000000000005,0.00125,2.8737678903212327e-11,12.919867914606964,9,-5.551115123125783e-17,-2.5153490401663703e-17,-3.9968028886505635e-14,0.03811485892971689,0.8227688624000935,1.0775984783478902,0.17090973868197468,5.831268801159695e-11,0.0013382488396018744,not_checked,0.001,not_checked,not_checked,,,
circle_vm2_direct_n800,935,2026692536,True,ok,0.00026923593684480274,0.5213821871256108,0.0008634705411070105,0.43492761515366996,0.38379128229842807,0.8118702391363088,0.8102424850845771,0.8253930010622939,0.8062279585520697,0.8062279585520697,800.0000000000005,800.0000000000005,0.00125,1.358357870628879e-12,8.254409105247959,8,-1.5111935140754706e-14,-7.112366251504909e-17,-1.1390888232654106e-13,-0.002075058100992677,0.9412494739706965,1.133685214897443,0.2346894770256068,2.5148771953809046e-12,0.0012187499087303877,not_checked,0.001,not_checked,not_checked,,,
circle_vm2_direct_n800,936,2026692537,True,ok,0.0009401096127179542,0.5614531838462817,0.0014755579483351692,1.4764653636561316,1.6458980431912242,0.45547191134481757,0.46211104255681557,0.43913472532147635,0.471381426407245,0.4713814264072449,800.0000000000005,800.0000000000005,0.00125,5.650702128434659e-11,11.954243103840906,8,5.5932717225176676e-12,5.312590645178972e-17,8.526512829121202e-14,0.013855008346298048,0.8849357800635228,1.0311356978551809,0.19284252725540613,1.1693357393482984e-10,0.0012252081651240587,not_checked,0.001,not_checked,not_checked,,,
circle_vm2_direct_n800,937,2026692538,True,ok,0.0007319974222899095,0.5571084592807363,0.001354800965801324,1.1609873541171192,1.174874505977154,0.5516692498673563,0.5545363809134394,0.5557497072027753,0.5567728467120932,0.5567728467120929,800.0000000000005,800.0000000000005,0.00125,8.933076500738935e-12,10.963005425106534,8,4.62740848243548e-13,-3.7621815385247004e-17,-5.972999872483342e-14,0.005104260773368341,0.953159941276868,1.016594314250536,0.20938620598986818,1.747824107667384e-11,0.0012159990146756172,not_checked,0.001,not_checked,not_checked,,,
circle_vm2_direct_n800,938,2026692539,True,ok,1.2719109334646816e-06,0.5332159185877103,5.758364332509345e-05,0.0020355001239000174,0.0019526179456088397,0.9989766238546676,0.9989764013818054,0.999024167461739,0.9989829887600626,0.9989829887600626,800.0000000000005,800.0000000000005,0.00125,2.5762725286426758e-12,9.305778491429734,7,-4.3493799294286924e-15,-1.4822398950592452e-16,-2.3714363805993344e-13,-2.2131517826273067e-07,0.9391876276772335,1.0515382801084403,0.21696456752025706,4.864775249302511e-12,0.0011102498974651098,not_checked,0.001,not_checked,not_checked,,,
circle_vm2_direct_n800,939,2026692540,True,ok,0.003400354741458278,0.5624682000608874,0.002719226095016579,5.198119966756426,6.372430618413193,0.04971041519308991,0.05677164066662667,0.04132798898286819,0.06585606227372187,0.06585606227372177,800.0000000000005,800.0000000000005,0.00125,1.1693757073771849e-11,14.532937857950724,9,4.688090193827321e-16,-1.5569143196891844e-16,-2.4780177909633494e-13,0.12122380978841063,0.8144131769798973,0.9936922312393995,0.17652588686642773,2.3073543076179703e-11,0.0013372080866247416,not_checked,0.001,not_checked,not_checked,,,
circle_vm2_direct_n800,940,2026692541,True,ok,0.0032254214817304394,0.5900309819619256,0.0028820280835569717,5.199467536385344,4.9442742397061,0.07736468738081684,0.0758942778121634,0.08440428404401644,0.07574845844321526,0.07574845844321518,800.0000000000005,800.0000000000005,0.00125,4.45183889752343e-11,11.223163232073178,9,-1.8604909279851256e-16,-1.448494102440634e-16,-2.3092638912203256e-13,-0.01939658280831935,0.9444629421672913,1.0709210421792428,0.19537454244308536,9.159539793301974e-11,0.0013392088003456593,not_checked,0.001,not_checked,not_checked,,,
circle_vm2_direct_n800,941,2026692542,True,ok,2.8242126340449758e-05,0.5810519984464213,0.0002712551322999895,0.04515522098037636,0.043365199572103254,0.977411537115858,0.9774274407766672,0.978550777991699,0.9776596251460508,0.9776596251460508,800.0000000000005,800.0000000000005,0.00125,2.904454454721872e-11,11.28740966147569,8,-1.3339074853360722e-16,-1.4078365209724275e-16,-2.2515322939398175e-13,1.609058217164061e-05,0.9385276080722803,1.0419266550136657,0.1948370640906842,5.898548316451979e-11,0.0012201662175357342,not_checked,0.001,not_checked,not_checked,,,
circle_vm2_direct_n800,942,2026692543,True,ok,0.00019613306497379135,0.5339485802013799,0.0007085263247189956,0.3114851042742727,0.31095147687224256,0.8552240854883817,0.8562166228344483,0.8560078447660044,0.8547840184308733,0.8547840184308733,800.0000000000005,800.0000000000005,0.00125,2.6808555375623655e-12,9.913409822727655,8,2.7800841056330183e-15,-1.4316889687671086e-16,-2.291500322826323e-13,0.001163899841896826,0.9389787506684688,1.0716421453740037,0.2281552826963854,5.062172903080864e-12,0.0012349160388112068,not_checked,0.001,not_checked,not_checked,,,
circle_vm2_direct_n800,943,2026692544,True,ok,0.000111759063875283,0.5717123413114478,0.0005232929380556786,0.17743390443024776,0.18422398720102334,0.9137794867008473,0.9144158156216061,0.9120030053252038,0.9144730775629302,0.9144730775629301,800.0000000000005,800.0000000000005,0.00125,1.8481660646330056e-11,11.445008127150171,8,6.67922748359695e-16,-5.762534546760456e-17,-9.214851104388799e-14,0.0006902988851025804,0.9496124415827113,1.0353255591195987,0.2017849127833304,3.697864237039994e-11,0.0012208328116685152,not_checked,0.001,not_checked,not_checked,,,
circle_vm2_direct_n800,944,2026692545,True,ok,0.0010804406854210136,0.5799428637592814,0.0015477236865648729,1.7097761877294895,1.958064813281823,0.41669966005471015,0.4207005491748067,0.375674423124971,0.42132425142547736,0.421324251425477,800.0000000000005,800.0000000000005,0.00125,4.623856852958852e-11,12.18881974306267,8,3.4366615456193905e-12,-1.1145598333150986e-16,-1.7896795156957523e-13,0.009464454472066564,0.8731953101930647,1.1095212169299473,0.1919830763680097,9.688783109140786e-11,0.0012235420290380716,not_checked,0.001,not_checked,not_checked,,,
circle_vm2_direct_n800,945,2026692546,True,ok,0.00027365414343938355,0.5986222892659661,0.0008434220183619635,0.44102172148255714,0.41871330754387365,0.8038583312400416,0.8025868038691724,0.8111059000714662,0.8033833234412812,0.8033833234412812,800.0000000000005,800.0000000000005,0.00125,6.645795025406187e-11,11.447966329442478,8,-1.4881000078015294e-14,-3.5236570605778894e-18,-5.551115123125783e-15,-0.0015875459897716215,0.9526654524450521,1.0550773696301756,0.1940384188899194,1.3847367696939727e-10,0.0012215010356158018,not_checked,0.001,not_checked,not_checked,,,
circle_vm2_direct_n800,946,2026692547,True,ok,0.0020879587405584488,0.606322105730454,0.002261468065167024,3.204854563817823,3.535402041649793,0.16659789583627305,0.17918704014409248,0.17072503129561759,0.1881779930628649,0.18817799306286467,800.0000000000005,800.0000000000005,0.00125,9.446965432147181e-11,16.485538371426674,9,1.3530843112619095e-16,-4.336808689942018e-17,-6.972200594645983e-14,0.06793971053784831,0.8960572048019267,0.9681570409094673,0.17628454010625566,1.9927925976048755e-10,0.0013312080409377813,not_checked,0.001,not_checked,not_checked,,,
circle_vm2_direct_n800,947,2026692548,True,ok,0.00033968592954458643,0.6006726361021939,0.0009341810469469665,0.5352342286803894,0.5371969498603641,0.757149953150589,0.7603589985005674,0.764450139929017,0.7620457058714817,0.7620457058714816,800.0000000000005,800.0000000000005,0.00125,7.30073779209306e-11,13.50544792457849,8,1.8724832882149878e-13,-1.1254018550399536e-16,-1.7963408538435033e-13,0.004131629295474615,0.9481788244621376,1.0062273736698233,0.19319690097952852,1.5265766428740335e-10,0.0012237920891493559,not_checked,0.001,not_checked,not_checked,,,
circle_vm2_direct_n800,948,2026692549,True,ok,0.00031653059125291705,0.5403591262040892,0.0009020078741015865,0.5116973866066505,0.48692148895038295,0.7811244102829176,0.7791276483209895,0.7839102482364767,0.7762936053080074,0.7762936053080072,800.0000000000005,800.0000000000005,0.00125,3.763878098084206e-12,8.841873064986121,8,-3.470574522212999e-14,1.9353008778866254e-16,3.097522238704187e-13,-0.0026242203009914644,0.9754428649759499,1.0769877318811691,0.2344702620002854,7.1807004786705875e-12,0.0012192910071462393,not_checked,0.001,not_checked,not_checked,,,
circle_vm2_direct_n800,949,2026692550,True,ok,0.0003582882386590214,0.5646855960811805,0.0009951521629171403,0.5686258502796618,0.5247277876179102,0.7482327963644992,0.7499884453880102,0.7692310543527728,0.7507890258938013,0.7507890258938011,800.0000000000005,800.0000000000005,0.00125,1.3067324999838092e-11,11.203637598612042,8,3.4012181092391014e-14,-2.038842185358991e-16,-3.2573943542502093e-13,0.002317665787386347,0.8960151617526625,1.0884634826495396,0.19831505547021258,2.5863977626272572e-11,0.0012117917649447918,not_checked,0.001,not_checked,not_checked,,,
circle_vm2_direct_n800,950,2026692551,True,ok,0.00044652106446552153,0.5535971191330546,0.0010566343371696428,0.7038444572617018,0.7253745095887348,0.6927036938550724,0.6964831289529618,0.6958040088423243,0.6996207674202161,0.699620767420216,800.0000000000005,800.0000000000005,0.00125,7.473577312566704e-12,11.267475902282298,8,2.913645344958249e-13,6.461844948013606e-17,1.0347278589506459e-13,0.0052946229415665735,0.9377934864587202,1.0091493303616594,0.21026670812969225,1.454214526575015e-11,0.0012237511109560728,not_checked,0.001,not_checked,not_checked,,,
circle_vm2_direct_n800,951,2026692552,True,ok,0.0009453971687556351,0.5874766407924197,0.0015333826493794977,1.5469611779258892,1.4806189177783466,0.4854793376573424,0.4775833724347305,0.4769662912217323,0.469391673181052,0.469391673181052,800.0000000000005,800.0000000000005,0.00125,1.2384793190989285e-10,9.808447316061883,8,-1.2989930528797822e-11,1.8626593323300966e-16,2.9820590441431705e-13,-0.017162853958436086,1.0393146615068587,1.0539878184341485,0.21299051223929474,2.4078428140228425e-10,0.0012208330444991589,not_checked,0.001,not_checked,not_checked,,,
circle_vm2_direct_n800,952,2026692553,True,ok,0.000984905089390642,0.5910970030918974,0.0015947046872448664,1.583960568695919,1.5135693094818192,0.46037207543667924,0.4585398112857568,0.4691725561037662,0.45478792321615347,0.45478792321615324,800.0000000000005,800.0000000000005,0.00125,4.674383102809543e-11,11.316596335004782,8,-1.0220418261708275e-12,-9.020562075079397e-17,-1.432187701766452e-13,-0.0040562128354455496,0.9326786236929716,1.103159972547179,0.19539130268412475,9.645484411180405e-11,0.0012214591260999441,not_checked,0.001,not_checked,not_checked,,,
circle_vm2_direct_n800,953,2026692554,True,ok,0.003057022902962947,0.5670682968092664,0.002702440885084008,4.68360317577279,5.264289229364372,0.06965587804072632,0.07798992111452918,0.07192404734978279,0.08667252676768897,0.08667252676768886,800.0000000000005,800.0000000000005,0.00125,1.4704459871950348e-11,14.537961507620736,9,3.5778671692021646e-16,1.0191500421363742e-16,1.6253665080512292e-13,0.103816734483964,0.886730473065514,0.9488402074454991,0.1901050106146091,2.9211966179332194e-11,0.0013322499580681324,not_checked,0.001,not_checked,not_checked,,,
circle_vm2_direct_n800,954,2026692555,True,ok,0.0008004642319707767,0.54476553487194,0.001436390536562015,1.2571385931999894,1.2646425439992153,0.5162441610680362,0.5225723716750743,0.5313569443455768,0.5270966316015919,0.5270966316015918,800.0000000000005,800.0000000000005,0.00125,3.221689581778264e-11,11.223251023836218,8,3.03627923584765e-12,-1.6263032587282567e-17,-2.5757174171303632e-14,0.011802088976626934,0.9391440407665964,0.9985348209638167,0.2239672356299222,6.491185366996888e-11,0.0012166250962764025,not_checked,0.001,not_checked,not_checked,,,
circle_vm2_direct_n800,955,2026692556,True,ok,0.0023948488757867814,0.6116411380515521,0.002441235440329083,3.9827828829230882,3.6782866331135207,0.16829515062498707,0.156884259608779,0.1589535406615825,0.1472123612059189,0.14721236120591868,800.0000000000005,800.0000000000005,0.00125,1.199864652079441e-10,9.730691666190372,9,-2.3418766925686896e-17,-4.111294638065033e-16,-6.572520305780927e-13,-0.07551234083211789,1.0446963136891532,1.1056112823772335,0.20623683967199563,2.5537727488256223e-10,0.0013323752209544182,not_checked,0.001,not_checked,not_checked,,,
circle_vm2_direct_n800,956,2026692557,True,ok,0.0002276647328276482,0.5679754114142581,0.0007309143331995615,0.3626129875072775,0.3891055390033359,0.8330721117173912,0.8337616685755789,0.8232027371121404,0.8334914904495021,0.8334914904495019,800.0000000000005,800.0000000000005,0.00125,1.5377699114083043e-11,11.045827946303524,8,2.1618449218274716e-15,-2.507759624958972e-16,-4.0167869030938164e-13,0.0008252925084799301,0.9290254482498489,1.069984705361791,0.20665759319410096,3.0595082023410214e-11,0.0012220831122249365,not_checked,0.001,not_checked,not_checked,,,
circle_vm2_direct_n800,957,2026692558,True,ok,0.003951230271192818,0.5756067863184728,0.003134951272190956,6.4623073672516185,6.210233918823507,0.047624885804823575,0.0445141680905419,0.044819276216520695,0.04238400548865073,0.04238400548865066,800.0000000000005,800.0000000000005,0.00125,2.231426154963856e-11,9.497378826114016,9,-2.5326962749261384e-16,-3.209238430557093e-16,-5.133671265866724e-13,-0.07016946667155288,1.0118923137276012,1.0643508431903779,0.2127410181647769,4.497757721821927e-11,0.001335082808509469,not_checked,0.001,not_checked,not_checked,,,
circle_vm2_direct_n800,958,2026692559,True,ok,0.001588470107560802,0.5476305070884699,0.0020298005166016924,2.5694984998885753,2.4130332388111584,0.28614912441850004,0.28224213103503243,0.2992378253028534,0.2806137568266101,0.28061375682660994,800.0000000000005,800.0000000000005,0.00125,1.4137269133129848e-10,9.105743223452968,8,-1.1359197436833224e-11,-8.153200337090993e-17,-1.2967404927621828e-13,-0.01397316389564529,0.9659325083289882,1.0662168353504848,0.2191877110133748,2.6213076154135706e-10,0.001215459080412984,not_checked,0.001,not_checked,not_checked,,,
circle_vm2_direct_n800,959,2026692560,True,ok,0.00038112197219497546,0.6052905405028088,0.0009312272820691225,0.6169185470077584,0.6637659380266139,0.7415479262512028,0.7389642736273287,0.7175712960174119,0.7371988760882129,0.7371988760882127,800.0000000000005,800.0000000000005,0.00125,9.017553370682663e-11,11.416113043091158,8,-1.4015205012166132e-13,-1.1492543028346347e-17,-1.7985612998927536e-14,-0.0035616957478986633,0.9198163557381069,1.1285983411900238,0.18856552393741394,1.8986101579798742e-10,0.0012063337489962578,not_checked,0.001,not_checked,not_checked,,,
circle_vm2_direct_n800,960,2026692561,True,ok,0.00010188257151444446,0.5561123316858132,0.000509909398909967,0.16366026854790489,0.1591900705802641,0.921395920773588,0.9210960600423463,0.9234902516341298,0.9217271267407751,0.921727126740775,800.0000000000005,800.0000000000005,0.00125,8.49242898226521e-12,9.874786368122301,8,-3.9519169187096637e-17,3.889575293791747e-17,6.195044477408373e-14,-0.00032407706239682976,0.955465737865635,1.037368938577044,0.21064357615204432,1.6591839013813114e-11,0.0012143750209361315,not_checked,0.001,not_checked,not_checked,,,
circle_vm2_direct_n800,961,2026692562,True,ok,0.002864032633550062,0.5728496928907456,0.002758223587738259,4.659984019093503,4.173378436511157,0.11058986630019606,0.10655851085293885,0.12409731556186958,0.10114237444009558,0.10114237444009544,800.0000000000005,800.0000000000005,0.00125,1.9542034657149543e-11,9.711971152588513,9,-4.85722573273506e-17,-8.326672684688674e-17,-1.3500311979441904e-13,-0.03876590270670066,0.9610337587951678,1.1194569524844786,0.20734264099142083,3.9161340836812997e-11,0.0013359589502215385,not_checked,0.001,not_checked,not_checked,,,
circle_vm2_direct_n800,962,2026692563,True,ok,0.00247188675629606,0.5355369430986883,0.0025177811781066086,4.069947356809896,3.7210370400250765,0.15472280480996425,0.14656187072125615,0.15559193191743587,0.138413540439747,0.13841354043974685,800.0000000000005,800.0000000000005,0.00125,2.915889751875511e-12,7.493803410058971,9,-3.0791341698588326e-16,-2.0816681711721685e-16,-3.290701044988964e-13,-0.057464273368099006,1.0182448213371527,1.1012440441573075,0.2425716166209102,5.524025681324929e-12,0.0013214170467108488,not_checked,0.001,not_checked,not_checked,,,
circle_vm2_direct_n800,963,2026692564,True,ok,0.00047455831986353836,0.611871476851054,0.0010366182039109387,0.7448290663872236,0.8487136004047422,0.6683709432216647,0.6735180395452938,0.6541904249865722,0.6841030903085706,0.6841030903085705,800.0000000000005,800.0000000000005,0.00125,1.2144252270473999e-10,14.488086458837483,8,1.0754658882200507e-12,1.57968256531138e-16,2.531308496145357e-13,0.007232122697219123,0.8769264187875684,1.0114166796704953,0.16893059302147104,2.581190816641765e-10,0.0012174579314887524,not_checked,0.001,not_checked,not_checked,,,
circle_vm2_direct_n800,964,2026692565,True,ok,0.0011817006257397455,0.5618391295228713,0.001750854849462715,1.9281098144752655,1.78496168236791,0.4018125297186731,0.39463685504910617,0.40963824370951984,0.38853947693991914,0.38853947693991897,800.0000000000005,800.0000000000005,0.00125,1.4369905265709804e-10,8.992294442017533,8,-1.4904829974404787e-11,-1.0798653637955624e-16,-1.7319479184152442e-13,-0.01869440664583577,0.9856467933177946,1.0894489952437791,0.22628592849925538,2.6774049644018305e-10,0.001211624825373292,not_checked,0.001,not_checked,not_checked,,,
circle_vm2_direct_n800,965,2026692566,True,ok,0.00012463960487774095,0.5631667917780849,0.0005690830519787998,0.1988084533272324,0.19321401422268553,0.9045666662819574,0.9048464289516596,0.9079127392819452,0.9050983348409278,0.9050983348409277,800.0000000000005,800.0000000000005,0.00125,1.211131195333337e-11,10.71802128608285,8,2.5961221020165404e-16,1.426267957904681e-16,2.278177646530821e-13,0.0003074572385766139,0.9260898819699419,1.0669258308812917,0.2070381735246754,2.3917534619499747e-11,0.0012172919232398272,not_checked,0.001,not_checked,not_checked,,,
circle_vm2_direct_n800,966,2026692567,True,ok,7.546780276568299e-05,0.5496245697355195,0.00044210488463019177,0.12141075503066773,0.11635965833883521,0.9421523650805357,0.941844523502045,0.9434802669077416,0.9414121514837437,0.9414121514837437,800.0000000000005,800.0000000000005,0.00125,6.098122007358597e-12,9.52057104113666,8,-1.0340578220080499e-17,3.514170291568641e-17,5.639932965095795e-14,-0.00033113530278743725,0.9390675157821603,1.0929755453299286,0.220944571199062,1.1794787369012738e-11,0.0012227501720190048,not_checked,0.001,not_checked,not_checked,,,
circle_vm2_direct_n800,967,2026692568,True,ok,0.0015377139005661178,0.5922840225810706,0.0018781872546850275,2.453103413178251,2.69175161211726,0.3003793582961605,0.3014395419648913,0.26031162549785436,0.2922425647218311,0.29224256472183097,800.0000000000005,800.0000000000005,0.00125,1.2834899809632816e-10,12.110099172595133,8,2.7310217889237043e-12,5.898059818321144e-17,9.459100169806334e-14,0.003619413863769294,0.9028185998855963,1.148717230360788,0.19548432576594918,2.6751445503236937e-10,0.0012167918030172586,not_checked,0.001,not_checked,not_checked,,,
circle_vm2_direct_n800,968,2026692569,True,ok,0.002981919845068237,0.5714350168219289,0.0027782015737641405,4.607815159413161,4.823934739514915,0.08398447855936611,0.09139122830056412,0.08963876838103177,0.09203964452015208,0.09203964452015194,800.0000000000005,800.0000000000005,0.00125,1.8231527398882008e-11,14.007366959806124,9,-6.461844948013606e-17,4.423544863740858e-17,6.927791673660977e-14,0.08162829634801039,0.8955391295838794,1.0293960775747644,0.2028048402399599,3.646016821789999e-11,0.0013301249127835035,not_checked,0.001,not_checked,not_checked,,,
circle_vm2_direct_n800,969,2026692570,True,ok,0.0011057601477186818,0.5477482715509738,0.0016379936594599779,1.774117115507404,1.813812439861185,0.4162001050955164,0.41519109769530294,0.4037714738188335,0.41287594015717977,0.41287594015717954,800.0000000000005,800.0000000000005,0.00125,2.0897839014821784e-11,9.699901012708137,8,-5.259145983288471e-13,-6.071532165918825e-18,-1.1324274851176597e-14,-0.002450439578756014,0.9670654947067474,1.0522396450296336,0.22821858025907596,3.991074137843498e-11,0.0012260843068361282,not_checked,0.001,not_checked,not_checked,,,
circle_vm2_direct_n800,970,2026692571,True,ok,0.0006828103597094071,0.5550524304393281,0.00134072909967364,1.1026155950791323,1.0285895132420644,0.5826419996941716,0.5797356299072203,0.5979221265803627,0.5791184255078989,0.5791184255078987,800.0000000000005,800.0000000000005,0.00125,8.04889488392746e-12,9.463914876934622,8,-4.14330679140984e-13,9.790345617544105e-17,1.5565326805244695e-13,-0.005059509772040172,0.9503938993154417,1.0748587452142415,0.21107823267397416,1.5696555166755388e-11,0.001229626126587391,not_checked,0.001,not_checked,not_checked,,,
circle_vm2_direct_n800,971,2026692572,True,ok,0.0004704844172631617,0.5594080015619678,0.001109943666939526,0.754237336950388,0.7213905034517227,0.6879302020348554,0.6874312369952749,0.6971914339818006,0.6863363029750111,0.6863363029750109,800.0000000000005,800.0000000000005,0.00125,1.0028200492229189e-11,10.181642345818258,8,-1.3484981360722958e-14,5.9631119486702744e-18,9.325873406851315e-15,-0.0007311346646644012,0.8873449145571044,1.1376813273179183,0.19862917936002922,1.9697132813689677e-11,0.0012265830300748348,not_checked,0.001,not_checked,not_checked,,,
circle_vm2_direct_n800,972,2026692573,True,ok,6.564488002291924e-05,0.5415967083935862,0.00041167575206441033,0.10557447343223024,0.1013353669115228,0.949063925231187,0.9488076179896834,0.9505945163337679,0.9488392305792815,0.9488392305792814,800.0000000000005,800.0000000000005,0.00125,4.014566457044566e-12,9.249463593552132,8,-6.96870946365058e-17,-2.2036409155767878e-17,-3.5083047578154947e-14,-0.0002713326977797012,0.9534659965348007,1.058251878539078,0.2240036895098785,7.674083590814007e-12,0.0012187918182462454,not_checked,0.001,not_checked,not_checked,,,
circle_vm2_direct_n800,973,2026692574,True,ok,0.00042319722016270767,0.5479247952194153,0.0010113760528960114,0.6758911783402771,0.7018636339626217,0.7164995883578511,0.7169315102161326,0.7040317552294877,0.7127975955125163,0.7127975955125161,800.0000000000005,800.0000000000005,0.00125,5.582423412420212e-12,10.025771916539426,8,6.638027801042501e-15,-2.7592945289756088e-17,-4.418687638008123e-14,0.0006121869600277385,0.9562856181016987,1.0778193138155696,0.22434627651870948,1.0776046721616694e-11,0.0012244998943060637,not_checked,0.001,not_checked,not_checked,,,
circle_vm2_direct_n800,974,2026692575,True,ok,0.00038838992550593865,0.5882858550420926,0.0009796501472931886,0.6272142536235377,0.623925176689535,0.7395702794877324,0.737494972044271,0.7320089133811419,0.732924971534455,0.7329249715344549,800.0000000000005,800.0000000000005,0.00125,4.100364492387598e-11,10.813070872861726,8,-7.700589298165195e-14,1.7265919596831658e-16,2.76667577736589e-13,-0.002895186407017747,0.9602341692221544,1.1038502620717803,0.21082840236945105,8.414535734857509e-11,0.0012297078501433134,not_checked,0.001,not_checked,not_checked,,,
circle_vm2_direct_n800,975,2026692576,True,ok,0.00045203410725802584,0.5777178339314872,0.001077699397610314,0.7313495956490315,0.6938024416876449,0.701930738128349,0.6991559572727717,0.7068751493400337,0.696541930531349,0.6965419305313489,800.0000000000005,800.0000000000005,0.00125,2.4754642780067115e-11,10.215788150252882,8,-1.78481036373912e-13,9.443400922348744e-17,1.5143442055887135e-13,-0.004047512018094834,0.9900349934884154,1.0543484833178802,0.2122679392220348,4.998135239020485e-11,0.001219457946717739,not_checked,0.001,not_checked,not_checked,,,
circle_vm2_direct_n800,976,2026692577,True,ok,0.003195274758525324,0.6062084006216095,0.002888678750773103,5.212197613701056,4.783172871516435,0.08903208502395421,0.08496556547394413,0.09148443451534176,0.0775975203295011,0.07759752032950097,800.0000000000005,800.0000000000005,0.00125,9.387768340474167e-11,11.008272506118743,9,-8.760353553682876e-17,-1.6219664500383146e-16,-2.566835632933362e-13,-0.04987900003026757,0.9240611263411498,1.1861088265029303,0.1918829366463612,1.9822010699499515e-10,0.0013362078461796045,not_checked,0.001,not_checked,not_checked,,,
circle_vm2_direct_n800,977,2026692578,True,ok,0.00010405850587358323,0.5517794060407224,0.0005130767362489915,0.16558302233458483,0.1663241756342438,0.9199718300429142,0.9203915749378029,0.9202019816009775,0.9201240282605496,0.9201240282605495,800.0000000000005,800.0000000000005,0.00125,6.807776564698997e-12,10.43890636542465,8,4.3612032388229416e-17,-1.5146304349622497e-16,-2.418065747633591e-13,0.0004552935315742107,0.9322175260723784,1.0682536248829062,0.21944963908293522,1.3216538974347714e-11,0.0012134171556681395,not_checked,0.001,not_checked,not_checked,,,
circle_vm2_direct_n800,978,2026692579,True,ok,0.001085729989371842,0.5894123894812073,0.0016255097288070184,1.7071140000067069,1.8116532095040023,0.40283018727809183,0.4092078459605272,0.40420762702709867,0.41954520841754206,0.4195452084175417,800.0000000000005,800.0000000000005,0.00125,9.435463521612064e-11,13.21289604781964,8,9.379052005528687e-12,-1.1752751549742868e-16,-1.8962609260597674e-13,0.015026991494120567,0.8809128571556479,1.0329540355187836,0.17940707563663505,2.0280976897879555e-10,0.001217999029904604,not_checked,0.001,not_checked,not_checked,,,
circle_vm2_direct_n800,979,2026692580,True,ok,0.0022873790662822913,0.5656780407990125,0.0022786982485980896,3.6685327081223145,3.9973611020582096,0.16304643951736103,0.16234753730048523,0.13551396909431707,0.16042908805322817,0.16042908805322806,800.0000000000005,800.0000000000005,0.00125,1.3726353387255585e-11,10.509240321464679,9,9.020562075079397e-17,1.214306433183765e-16,1.949551631241775e-13,-0.004363101035323114,0.8875355723159479,1.1316399287776935,0.2026258414016065,2.7210456110537962e-11,0.0013357920106500387,not_checked,0.001,not_checked,not_checked,,,
circle_vm2_direct_n800,980,2026692581,True,ok,0.00011519758429900939,0.5401525760905985,0.0005204066479686135,0.18396926398060437,0.1974330776422713,0.91312725189661,0.9132833986207682,0.905999487311073,0.9119609868138309,0.9119609868138308,800.0000000000005,800.0000000000005,0.00125,3.7267966490617255e-12,9.722090100189481,8,1.0798653637955624e-16,9.18861341181465e-17,1.4632739464559563e-13,0.00017343544890538465,0.9128287532169471,1.1259601190400625,0.21987147488097433,7.1025407777369765e-12,0.0012150420807301998,not_checked,0.001,not_checked,not_checked,,,
circle_vm2_direct_n800,981,2026692582,True,ok,0.00024854484003311583,0.548065286320149,0.0007784422059062158,0.3940868608991064,0.41519805075608274,0.8139932118708648,0.815503905342623,0.8125327764237512,0.8196844154352245,0.8196844154352244,800.0000000000005,800.0000000000005,0.00125,5.624833931960893e-12,10.577259251108341,8,1.151287181908045e-14,-1.5449880957918438e-17,-2.4646951146678475e-14,0.0017924415769395852,0.8683711980672941,1.0736822481619888,0.19445682696302885,1.0855538690179856e-11,0.0012321672402322292,not_checked,0.001,not_checked,not_checked,,,
circle_vm2_direct_n800,982,2026692583,True,ok,0.0004399423916277012,0.6238926815011059,0.00104234960203725,0.7058827375857065,0.7183690998533481,0.7037567941039988,0.7030639712348254,0.6982454783083617,0.7033125345817077,0.7033125345817076,800.0000000000005,800.0000000000005,0.00125,1.3776757512573568e-12,13.142487129542342,9,-3.03278994799594e-14,-3.63207727782644e-17,-5.839773109528323e-14,-0.0009874554906920685,0.9130506629602761,1.0975349278086626,0.1751454505634048,2.9474200857748656e-12,0.0013350420631468296,not_checked,0.001,not_checked,not_checked,,,
circle_vm2_direct_n800,983,2026692584,True,ok,0.0014895826975007687,0.5699156742734772,0.0019264267113279858,2.343368437381045,2.438027513819295,0.2902395925080238,0.29630529297386154,0.2955214792649857,0.30371480541085705,0.30371480541085694,800.0000000000005,800.0000000000005,0.00125,1.6910028932670684e-11,12.252639101681488,9,-9.8879238130678e-17,-5.551115123125783e-17,-8.926193117986259e-14,0.019981939310093066,0.8716261995589225,1.0584478170531435,0.1858433507456692,3.376321444648056e-11,0.0013361249584704638,not_checked,0.001,not_checked,not_checked,,,
circle_vm2_direct_n800,984,2026692585,True,ok,0.0031031584427416714,0.5639465901904768,0.002847449018562684,5.128229681353046,4.515347180962971,0.10059253975293136,0.0932917384549978,0.10459352931673455,0.08353189414950869,0.08353189414950855,800.0000000000005,800.0000000000005,0.00125,1.25910393222739e-11,8.253431463355534,9,-1.0668549377257364e-16,-2.1684043449710089e-16,-3.4638958368304884e-13,-0.08158808648318461,1.0216125306926898,1.1397476272310207,0.23337943788793516,2.490141426392256e-11,0.0013314171228557825,not_checked,0.001,not_checked,not_checked,,,
circle_vm2_direct_n800,985,2026692586,True,ok,0.00152558582780693,0.5793864318799349,0.001955469269777835,2.4515558899191836,2.417537479624898,0.29531465987230354,0.2937529990456702,0.2985646639946665,0.2950918361087784,0.2950918361087783,800.0000000000005,800.0000000000005,0.00125,1.1462319982058489e-10,10.890245157790288,8,-4.2632609682097256e-12,2.2811613709095013e-16,3.659295089164516e-13,-0.00530928271404707,0.9524267761253867,1.0497332634293974,0.2038074693071273,2.2805313193430266e-10,0.0012314170598983765,not_checked,0.001,not_checked,not_checked,,,
circle_vm2_direct_n800,986,2026692587,True,ok,0.0010572678864315677,0.5704773089085224,0.0016470791881801838,1.701019037052445,1.6328345163148863,0.4363444947665519,0.4343428602646292,0.44201243750115915,0.429207708106497,0.42920770810649667,800.0000000000005,800.0000000000005,0.00125,2.6668667274520885e-11,10.38193599826133,8,-1.1895796847571916e-12,-1.0148132334464322e-16,-1.63202784619898e-13,-0.004695209380967902,0.9422076323262076,1.1011851838614872,0.20751024166618742,5.204014996706974e-11,0.001227374654263258,not_checked,0.001,not_checked,not_checked,,,
circle_vm2_direct_n800,987,2026692588,True,ok,0.0011764432374108402,0.5627480264607632,0.0017800745804663093,1.834519068038,1.8052699233067546,0.376050521057379,0.38547992049526014,0.40549977445013285,0.39017708066244766,0.39017708066244744,800.0000000000005,800.0000000000005,0.00125,1.1851519765571084e-11,12.606739909324933,9,3.5713619561672516e-16,3.382710778154774e-16,5.397904345727511e-13,0.02389505590967278,0.8636378802663626,1.0663976669406894,0.1968225534756722,2.34106067864559e-11,0.0013300827704370022,not_checked,0.001,not_checked,not_checked,,,
circle_vm2_direct_n800,988,2026692589,True,ok,0.001313052058859565,0.6099572280646535,0.0016836381298778607,2.033322868223584,2.5288594027320777,0.3172303384025328,0.3290530590025462,0.28240030273211825,0.3497832342464324,0.3497832342464322,800.0000000000005,800.0000000000005,0.00125,1.1123035825733041e-10,15.746422123868584,9,-2.962040335230398e-16,-2.502338614096544e-16,-3.9968028886505635e-13,0.033780212975860646,0.7570955145121727,1.08516984268483,0.14769003025238087,2.3616109068314017e-10,0.0013299998827278614,not_checked,0.001,not_checked,not_checked,,,
circle_vm2_direct_n800,989,2026692590,True,ok,0.000745450476913545,0.5573978383228844,0.0013784572207228782,1.2141295879323357,1.1460562415422495,0.5637513400503564,0.5579828032241647,0.5638155495540016,0.5508127404800651,0.5508127404800649,800.0000000000005,800.0000000000005,0.00125,2.958344680337177e-11,8.943711213207155,8,-2.596868683632514e-12,9.497611030973019e-17,1.5276668818842154e-13,-0.01070441243533149,0.9984253568917447,1.083846427463853,0.22875053179641006,5.529421365224607e-11,0.0012238749768584967,not_checked,0.001,not_checked,not_checked,,,
circle_vm2_direct_n800,990,2026692591,True,ok,0.00016471375496140972,0.5848227871879368,0.0006806017029028513,0.2659662026527489,0.23246034736767263,0.8801472856961183,0.8791147989431103,0.8902702829218068,0.8765416966679936,0.8765416966679935,800.0000000000005,800.0000000000005,0.00125,3.480726817883806e-11,10.671348490954248,8,-4.6536667748509064e-15,-1.6615398293340355e-16,-2.657873920952625e-13,-0.0012120973572465887,0.9130521427664618,1.1656801279085296,0.20195419855871174,7.103206911551752e-11,0.0012096250429749489,not_checked,0.001,not_checked,not_checked,,,
circle_vm2_direct_n800,991,2026692592,True,ok,0.00027546156373170483,0.6033633169868229,0.0008474705286425379,0.43578746196272855,0.4479843229461916,0.8019053128575535,0.8038916719718667,0.7993213998471067,0.802222521809055,0.8022225218090548,800.0000000000005,800.0000000000005,0.00125,8.260747641486432e-11,13.299944091431765,8,4.211062921977149e-14,-1.0993810029003015e-16,-1.7608137170554983e-13,0.002475520003999726,0.8073266512467672,1.2282119078155076,0.17172805044072245,1.7338774860320427e-10,0.0012122499756515026,not_checked,0.001,not_checked,not_checked,,,
circle_vm2_direct_n800,992,2026692593,True,ok,0.0007193465973984736,0.5456174211047673,0.0013460938028741311,1.1550663195156547,1.1341940658775764,0.5655787599062032,0.564428475499982,0.5671695256308733,0.5624363662785457,0.5624363662785457,800.0000000000005,800.0000000000005,0.00125,4.952704912852823e-12,9.538032849317366,8,-1.2075887165230448e-13,2.6129272356900657e-16,4.1655567883935873e-13,-0.002055881839048146,0.9923019247969249,1.0274695765256987,0.22350627351291177,9.525269462073993e-12,0.0012225420214235783,not_checked,0.001,not_checked,not_checked,,,
circle_vm2_direct_n800,993,2026692594,True,ok,0.0014057757894507805,0.6209110651726033,0.0019058017361202819,2.2376890670443785,2.194010626170738,0.31644221406250705,0.31830629291556345,0.33386942248663815,0.32477565362324395,0.32477565362324384,800.0000000000005,800.0000000000005,0.00125,1.813774685999192e-10,13.81274239314426,8,4.928852898739011e-12,2.4936649967166602e-17,4.085620730620576e-14,0.005776098038435817,0.8390418066578467,1.1245869009521214,0.16024426141742495,3.9087444392293946e-10,0.0012077090796083212,not_checked,0.001,not_checked,not_checked,,,
circle_vm2_direct_n800,994,2026692595,True,ok,0.005432792439591827,0.5366961693480143,0.0038135474140698834,9.05399052684832,7.634409796108332,0.019377933783056574,0.016463808554352574,0.02198917706958364,0.012955511904845021,0.012955511904844993,800.0000000000005,800.0000000000005,0.00125,3.1016300638953e-12,6.8262337167637295,9,-3.3697003520849478e-15,8.500145032286355e-17,1.3322676295501878e-13,-0.18076131175069587,1.0114948397764094,1.1859488057437158,0.2446438414286792,5.88462611972318e-12,0.0013362499885261059,not_checked,0.001,not_checked,not_checked,,,
circle_vm2_direct_n800,995,2026692596,True,ok,0.00033895944947825996,0.507696870432498,0.0009350710282754765,0.542695415669273,0.5269536299584743,0.7616574045448699,0.7615196888457898,0.768375437033173,0.7624887234083318,0.7624887234083317,800.0000000000005,800.0000000000005,0.00125,6.328271240363392e-13,8.438763052135766,8,-6.786021397586772e-16,2.5912431922403556e-17,4.1300296516055823e-14,-0.00018014825202838924,0.9366880116151269,1.0585144455672226,0.22938628209118456,1.1466383398328617e-12,0.0012109160888940096,not_checked,0.001,not_checked,not_checked,,,
circle_vm2_direct_n800,996,2026692597,True,ok,0.0002721641981131562,0.5475973288745302,0.0008508900362753384,0.43895241503400395,0.4107338746035829,0.8048804199361739,0.8034829510940504,0.8143484467597841,0.804341492157782,0.8043414921577818,800.0000000000005,800.0000000000005,0.00125,5.4927173920304995e-12,9.262811176459751,8,-1.2028247321771435e-14,-2.2703193491846463e-16,-3.630429290524262e-13,-0.0017448490264769245,0.8758240310055891,1.1465753072339797,0.19730415891158767,1.0589751298084593e-11,0.001220917096361518,not_checked,0.001,not_checked,not_checked,,,
circle_vm2_direct_n800,997,2026692598,True,ok,0.0010750556903649233,0.5439167275452605,0.0015642414328528355,1.6871997858634116,1.9128078560799455,0.4069700715862532,0.4140161591874614,0.3842722750507588,0.4231432298970823,0.4231432298970822,800.0000000000005,800.0000000000005,0.00125,8.045508703702353e-11,11.27174262248626,8,8.337799851584893e-12,-1.2880321809127793e-16,-2.05613304160579e-13,0.016444659360233316,0.8815086396584842,1.0351880419874038,0.20208000718312746,1.6206347375202768e-10,0.0012184579391032457,not_checked,0.001,not_checked,not_checked,,,
circle_vm2_direct_n800,998,2026692599,True,ok,0.001205826913575514,0.5477113101405542,0.0017854230005847713,1.924708713343182,1.8269087886966877,0.37410152787299267,0.37498108439397293,0.40113614549470233,0.38111217262058966,0.3811121726205894,800.0000000000005,800.0000000000005,0.00125,2.849864788601053e-11,10.106022154822247,8,5.37665615155114e-13,6.461844948013606e-17,1.0347278589506459e-13,0.0023071741888207598,0.9091833085694166,1.0558333489913938,0.20353697920398053,5.560085725164754e-11,0.001213375013321638,not_checked,0.001,not_checked,not_checked,,,
circle_vm2_direct_n800,999,2026692600,True,ok,0.0007040423757309622,0.597352404296821,0.0013733250229167736,1.141427590160688,1.0344201744437487,0.578161654431018,0.5739731359211293,0.5961815243560898,0.5693648141905132,0.5693648141905131,800.0000000000005,800.0000000000005,0.00125,6.26397822500735e-11,10.927615178934367,8,-1.375166365329139e-12,-7.28583859910259e-17,-1.163513729807164e-13,-0.007479894495573958,0.9550323956797718,1.104896665046105,0.19682006463288754,1.3032996903916683e-10,0.001217834185808897,not_checked,0.001,not_checked,not_checked,,,
