cell,replicate,seed,regime,b,beta,n,population_gap,valid,status,gap,I1,se,score,wald,p_gap,p_score,p_wald,naive_p,kish_p,ess,a2,max_weight,moment_error,condition,iterations,gap_kl_error,gap_score_error,lr_identity_error,score_discrepancy,eig_min,eig_max,min_sampling_eigenvalue,dual_entropy_discrepancy,fit_seconds,refinement_status,refinement_tolerance,refined_full_status,refined_reduced_status,scaled_refinement,lower,upper,error,covered
local_b1_n800,0,2035191601,local,1,0.035355339059327376,800,0.00013083107026967689,True,ok,0.00020461420917960993,0.5855392690967605,0.0007160560305981713,0.3250110093018709,0.32841311215139346,0.8459819188234512,0.8470076003322317,0.8485667271636058,0.849004011812188,0.8490040118121879,800.0000000000005,800.0000000000005,0.00125,3.6003977577081514e-11,12.058787141271733,8,4.647486822467739e-15,-7.947201924318748e-17,-1.270095140171179e-13,0.0011858626927525873,0.9618975576896954,0.9957303792059152,0.1978585620569818,7.35707050836254e-11,0.0012602079659700394,ok,0.001,ok,ok,3.552713678800501e-13,-0.0011988298217055168,0.0016080582400647366,7.378313890993304e-05,True
local_b1_n800,1,2035191602,local,1,0.035355339059327376,800,0.00013083107026967689,True,ok,0.0020215786166351,0.6217159132065782,0.0022082156203420676,3.117290723857753,3.464295757362631,0.16985009819107327,0.18106883093782355,0.1769040332129727,0.19844111091809505,0.19844111091809483,800.0000000000005,800.0000000000005,0.00125,1.8794965583879275e-10,17.039798941631613,9,-4.336808689942018e-17,-4.2500725161431774e-17,-6.88338275267597e-14,0.05861753137920456,0.8181937229299264,1.007388859174367,0.15422385812782186,4.0542924573117034e-10,0.001350125065073371,ok,0.001,ok,ok,1.7763568394002505e-13,-0.0023064444693341258,0.006349601702604326,0.0018907475463654233,True
local_b1_n800,2,2035191603,local,1,0.035355339059327376,800,0.00013083107026967689,True,ok,0.00020416270513079482,0.6131054236907671,0.0007022333282291419,0.33007584166638676,0.3349584235625772,0.8508362161815866,0.849400432337637,0.8457941996608977,0.849310730201726,0.8493107302017259,800.0000000000005,800.0000000000005,0.00125,1.2813217153961887e-10,11.900652155030604,8,-1.5282968033464295e-14,-1.199940754398332e-16,-1.9229062786507711e-13,-0.0017077567285574413,0.9792273310403659,1.0439427822675944,0.18823617180207683,2.732885029388399e-10,0.0012331248726695776,ok,0.001,ok,ok,0.0,-0.0011721893269420179,0.0015805147372036075,7.333163486111793e-05,True
local_b1_n800,3,2035191604,local,1,0.035355339059327376,800,0.00013083107026967689,True,ok,0.0008169440813350359,0.6421184923999932,0.001485982865886549,1.3386552266142089,1.179271682946144,0.5413226182890267,0.5333773794699468,0.5545291845014817,0.5201930610462298,0.5201930610462295,800.0000000000005,800.0000000000005,0.00125,1.3690082401041082e-10,12.354754011275102,9,-1.4567159653013084e-11,-7.578573185673676e-17,-1.2079226507921703e-13,-0.015772348239075362,0.9579632410147596,1.1797766313784661,0.18844052917467538,2.8963409448579114e-10,0.0013353340327739716,ok,0.001,ok,ok,1.7763568394002505e-13,-0.0020955288174462133,0.003729416980116285,0.000686113011065359,True
local_b1_n800,4,2035191605,local,1,0.035355339059327376,800,0.00013083107026967689,True,ok,0.0007587645408417831,0.5558281432518131,0.0013403856635151128,1.2263670655228434,1.2764216114189415,0.5518652488714348,0.5485445833343388,0.5282366971296915,0.5449770296308641,0.544977029630864,800.0000000000005,800.0000000000005,0.00125,1.0854761534062618e-11,9.430329256163397,8,-7.238028535902497e-13,-1.08528637465799e-16,-1.7363888105137448e-13,-0.006171900087994842,0.9237785476499134,1.1254683287081786,0.21574427953963435,2.0528911903738845e-11,0.0012336659710854292,ok,0.001,ok,ok,7.105427357601002e-13,-0.0018683430850416614,0.0033858721667252276,0.0006279334705721062,True
local_b1_n800,5,2035191606,local,1,0.035355339059327376,800,0.00013083107026967689,True,ok,0.0006803824775007961,0.5880975173787808,0.0012962255979760613,1.08807947714082,1.1036337688193194,0.579453092565346,0.5796076583488734,0.575902510963942,0.5802443436501596,0.5802443436501594,800.0000000000005,800.0000000000005,0.00125,4.065303649269936e-11,11.635778190912538,8,1.316394909745e-14,-8.695301423333746e-17,-1.3944401189291966e-13,0.00026624343022718655,0.9251507499733334,1.0738753547883932,0.1951139322215002,8.337175394501628e-11,0.0012229590211063623,ok,0.001,ok,ok,0.0,-0.0018601730103711793,0.0032209379653727714,0.0005495514072311192,True
local_b1_n800,6,2035191607,local,1,0.035355339059327376,800,0.00013083107026967689,True,ok,0.00183848043010304,0.5927036560429053,0.002106674570759062,2.8400102530238867,3.143510471573878,0.20942942281166754,0.2210161629720362,0.207680334298502,0.22974521519910812,0.2297452151991079,800.0000000000005,800.0000000000005,0.00125,5.0470627677157154e-11,15.042849197955325,9,1.6002824065886045e-16,4.466912950640278e-17,6.927791673660977e-14,0.05077921757048953,0.8672455393488008,1.0155834991635675,0.18101861254013954,1.042481656554628e-10,0.0013411249965429306,ok,0.001,ok,ok,7.105427357601002e-13,-0.0022905258557310995,0.0059674867159371795,0.001707649359833363,True
local_b1_n800,7,2035191608,local,1,0.035355339059327376,800,0.00013083107026967689,True,ok,0.00016736617370205487,0.60043623951422,0.0006618137554825936,0.26757322127396327,0.25681115270206883,0.8718941147786592,0.8719890168908595,0.8794966037764016,0.8746837041362698,0.8746837041362697,800.0000000000005,800.0000000000005,0.00125,7.223754927565551e-11,12.21896539327562,8,4.412702842016003e-17,-8.814563662307151e-17,-1.4077627952246985e-13,0.00010632832466234143,0.8996250589308017,1.0598862899967054,0.1795652492834905,1.509532498999988e-10,0.001252833055332303,ok,0.001,ok,ok,1.0658141036401503e-12,-0.0011297649515170263,0.001464497298921136,3.653510343237798e-05,True
local_b1_n800,8,2035191609,local,1,0.035355339059327376,800,0.00013083107026967689,True,ok,0.0009438208531298287,0.6446721557078099,0.0015147935666724919,1.5537543376238105,1.5101303602029925,0.48569947392653107,0.4756721034900081,0.46997998038935107,0.4699839741070888,0.4699839741070885,800.0000000000005,800.0000000000005,0.00125,6.661338147750939e-16,12.13132147679775,10,-1.0733601507606494e-16,-1.1720225484568303e-16,-1.871836019518014e-13,-0.021820486308041898,0.9969211668773115,1.0956589764285192,0.18013161956017507,1.5543122344752192e-15,0.001446541864424944,ok,0.001,ok,ok,1.7763568394002505e-13,-0.0020251199815612287,0.003912761687820886,0.0008129897828601518,True
local_b1_n800,9,2035191610,local,1,0.035355339059327376,800,0.00013083107026967689,True,ok,0.0005119934857646946,0.5822131271685516,0.0010754893259118652,0.832281397647551,0.8959558325276908,0.6661706741566418,0.661863163223346,0.6389187935901816,0.6639192232672934,0.6639192232672932,800.0000000000005,800.0000000000005,0.00125,3.070643739278012e-11,10.058936915739212,8,-6.961972231350755e-13,-3.165870343657673e-17,-4.9960036108132044e-14,-0.006545910212019612,0.9263792473843876,1.0959643366802636,0.19196624809507923,6.246669848053443e-11,0.001219665864482522,ok,0.001,ok,ok,3.552713678800501e-13,-0.0015959268587798217,0.002619913830309211,0.0003811624154950177,True
local_b1_n800,10,2035191611,local,1,0.035355339059327376,800,0.00013083107026967689,True,ok,0.0002113260922809168,0.5733505620980206,0.0007623902240157352,0.3397003399613929,0.3062897850532108,0.8432318114817203,0.8425611837640963,0.8580053942351312,0.8444574964637477,0.8444574964637476,800.0000000000005,800.0000000000005,0.00125,2.0025869851281186e-11,10.522388900019381,8,-2.137287742620675e-15,-7.283128093671376e-17,-1.163513729807164e-13,-0.0007892961559629319,0.8829106959311894,1.112138076579746,0.1879677402653421,4.016165178200026e-11,0.001226541819050908,not_checked,0.001,not_checked,not_checked,,-0.0012829312889553479,0.0017055834735171815,8.049502201123993e-05,True
local_b1_n800,11,2035191612,local,1,0.035355339059327376,800,0.00013083107026967689,True,ok,0.001823105663093294,0.597553359301439,0.0022350692253006437,2.9276551821700814,2.637439966730129,0.23253302995728614,0.23129908056576198,0.26747745853247673,0.23258848854403777,0.23258848854403755,800.0000000000005,800.0000000000005,0.00125,6.3255845006438e-11,11.80929811258472,9,-7.827939685345342e-17,7.806255641895632e-18,1.199040866595169e-14,-0.005343060610404571,0.8924771057006686,1.110389798728585,0.17822893487032157,1.3158718559225235e-10,0.0013367501087486744,not_checked,0.001,not_checked,not_checked,,-0.002557549521449807,0.006203760847636395,0.0016922745928236171,True
local_b1_n800,12,2035191613,local,1,0.035355339059327376,800,0.00013083107026967689,True,ok,0.0030736392286332404,0.5871805361915152,0.002682121224832005,4.853892090058265,5.345303639854108,0.0827552962677569,0.0854640216166581,0.06906882415916551,0.08552800755762612,0.085528007557626,800.0000000000005,800.0000000000005,0.00125,3.892841604624664e-11,12.86969923190734,9,5.5077470362263625e-17,1.6740081543176188e-16,2.7000623958883807e-13,0.03196533787746114,0.8901239951245935,1.0811188739547328,0.1958174773233367,7.972422721991279e-11,0.0013358329888433218,not_checked,0.001,not_checked,not_checked,,-0.002183221774207946,0.008330500231474428,0.0029428081583635635,True
local_b1_n800,13,2035191614,local,1,0.035355339059327376,800,0.00013083107026967689,True,ok,0.00012095208391449397,0.6196820359106017,0.0005308491813289659,0.19462515050526003,0.20745042497870303,0.9076455748305997,0.9071450368506879,0.9014729769052725,0.9077723323372507,0.9077723323372507,800.0000000000005,800.0000000000005,0.00125,1.7186030376592498e-10,12.631238123109833,8,-6.225488874411766e-16,5.334274688628682e-17,8.548717289613705e-14,-0.0005509081210347822,0.9231803805127465,1.0797708191678033,0.1773952441803685,3.696012385034919e-10,0.0012282500974833965,not_checked,0.001,not_checked,not_checked,,-0.0009194931927128517,0.0011613973605418396,-9.878986355182917e-06,True
local_b1_n800,14,2035191615,local,1,0.035355339059327376,800,0.00013083107026967689,True,ok,0.0019630486165183036,0.5838462186548923,0.0022534323030706247,3.2226952136600913,2.938940721828259,0.2245111044920886,0.21594917755947912,0.23004729496527884,0.2079538927727998,0.20795389277279955,800.0000000000005,800.0000000000005,0.00125,3.32264216140743e-11,9.449301925075797,9,-6.982261990806649e-17,6.765421556309548e-17,1.0791367799356522e-13,-0.040908713615401826,1.0036005416238647,1.0995194594161437,0.21699433921335962,6.770428662150607e-11,0.0013397918082773685,not_checked,0.001,not_checked,not_checked,,-0.0024535975390992688,0.006379694772135876,0.0018322175462486268,True
local_b1_n800,15,2035191616,local,1,0.035355339059327376,800,0.00013083107026967689,True,ok,0.004047468684402533,0.607045092169707,0.003283451594938229,6.753318585910632,5.724983916742545,0.0530259580015997,0.04678107109551133,0.05712622656669281,0.039243284398422944,0.039243284398422854,800.0000000000005,800.0000000000005,0.00125,9.769252073965617e-11,9.36106522386181,9,-2.086872341600099e-15,1.0061396160665481e-16,1.6076029396572267e-13,-0.13868434543328778,1.0224773146319581,1.1798506625184488,0.20980940013490254,2.061482096138434e-10,0.0013351659290492535,not_checked,0.001,not_checked,not_checked,,-0.0023879781866569935,0.01048291555546206,0.003916637614132856,True
local_b1_n800,16,2035191617,local,1,0.035355339059327376,800,0.00013083107026967689,True,ok,0.0030545303301561244,0.5595122336752103,0.002825589091272338,4.791402912147973,4.767440178045457,0.08050959577691057,0.08458364082212716,0.0922069207361204,0.08684552926554807,0.08684552926554795,800.0000000000005,800.0000000000005,0.00125,1.0085488000299847e-11,12.13269175279988,9,1.2663481374630692e-16,8.066464163292153e-17,1.2967404927621828e-13,0.04792280805091442,0.9329270454091722,1.0065715916407019,0.2059206015600023,1.9805268536288168e-11,0.0013499159831553698,not_checked,0.001,not_checked,not_checked,,-0.0024835225238469174,0.008592583184159166,0.0029236992598864475,True
local_b1_n800,17,2035191618,local,1,0.035355339059327376,800,0.00013083107026967689,True,ok,0.00043915729885957155,0.5649569592915267,0.001027349689461627,0.7128165455409669,0.7223428969331648,0.7090129301503181,0.7054957544430789,0.6968595127294614,0.703754405798849,0.7037544057988487,800.0000000000005,800.0000000000005,0.00125,1.3244294549963342e-11,9.468771729528603,8,-2.9015873904969514e-13,-2.3136874360840665e-16,-3.714806240395774e-13,-0.00508243368282596,0.9587944387551031,1.0878751577385588,0.20987368809329923,2.6223911930856048e-11,0.0012274989858269691,not_checked,0.001,not_checked,not_checked,,-0.0015744110920136263,0.0024527256897327694,0.00030832622858989467,True
local_b1_n800,18,2035191619,local,1,0.035355339059327376,800,0.00013083107026967689,True,ok,0.0038713268344146012,0.630144351730132,0.003195054776390504,6.494810154025208,5.4952797957681,0.06391768550413868,0.05598212459416063,0.06407891566907234,0.04518177562744207,0.04518177562744199,800.0000000000005,800.0000000000005,0.00125,2.4202861936828413e-14,10.024506046056759,10,-4.909267437014364e-15,2.688821387764051e-16,4.298783551348606e-13,-0.15034360948092118,1.0125326318725407,1.2355537530344773,0.20401289085371607,4.796163466380676e-14,0.0014515409711748362,not_checked,0.001,not_checked,not_checked,,-0.0023908654559434625,0.010133519124772665,0.0037404957641449244,True
local_b1_n800,19,2035191620,local,1,0.035355339059327376,800,0.00013083107026967689,True,ok,0.0007677561360610596,0.5741167843573369,0.0013554339490838444,1.2093700622661392,1.310669688511073,0.5356924676772622,0.5408944263762472,0.5192681595131543,0.5410709250348886,0.5410709250348884,800.0000000000005,800.0000000000005,0.00125,2.3946955529652314e-11,12.274405429123929,8,2.063029543204753e-12,1.7911019889460533e-16,2.873257187729905e-13,0.009519877715778446,0.9023984019760111,1.0705267578627247,0.2002955278072529,5.005507119903996e-11,0.001225916901603341,not_checked,0.001,not_checked,not_checked,,-0.001888845587566173,0.003424357859688292,0.0006369250657913827,True
local_b1_n800,20,2035191621,local,1,0.035355339059327376,800,0.00013083107026967689,True,ok,0.00026800328391640704,0.5861859302160912,0.0008467975675113249,0.43396358650852984,0.3966725594712356,0.8106189416904812,0.8085750818393462,0.820094025760687,0.8070233900872662,0.8070233900872661,800.0000000000005,800.0000000000005,0.00125,3.7112646289472195e-11,10.518826969206161,8,-4.319163299584816e-14,1.9651164376299768e-16,3.141931159689193e-13,-0.002579166121139176,0.930539796470377,1.1196269107816113,0.19921086208176902,7.593947692896563e-11,0.0012282498646527529,not_checked,0.001,not_checked,not_checked,,-0.0013916894506019147,0.0019276960184347288,0.00013717221364673016,True
local_b1_n800,21,2035191622,local,1,0.035355339059327376,800,0.00013083107026967689,True,ok,0.0007380881709369014,0.608110315267379,0.0013454442301746147,1.1540460381998285,1.2366493054541148,0.5371118885326354,0.5447596564789736,0.5388464367110966,0.5540665147315235,0.5540665147315231,800.0000000000005,800.0000000000005,0.00125,1.0249601167799938e-10,14.66186651803594,8,6.651065440586856e-12,5.4643789493269423e-17,8.681944052568724e-14,0.013447517649607166,0.8680183381344097,1.037161604591395,0.17044125242832645,2.1667756477938838e-10,0.0012212919536978006,not_checked,0.001,not_checked,not_checked,,-0.0018989340634125622,0.003375110405286365,0.0006072571006672245,True
local_b1_n800,22,2035191623,local,1,0.035355339059327376,800,0.00013083107026967689,True,ok,0.0020353082165871506,0.5764668251235374,0.002190978980438371,3.3595363299911023,3.355466751518555,0.20983492303467632,0.1997267610656964,0.18679689492937956,0.19627342364881,0.1962734236488097,800.0000000000005,800.0000000000005,0.00125,2.3292590078938247e-11,8.77044715540876,9,3.3089850304257595e-16,9.454242944073599e-17,1.5010215292932116e-13,-0.05152159172582982,0.998286121732342,1.0877120376985598,0.2099921981695643,4.6953330112842195e-11,0.001337291905656457,not_checked,0.001,not_checked,not_checked,,-0.0022589316759563435,0.006329548109130645,0.0019044771463174737,True
local_b1_n800,23,2035191624,local,1,0.035355339059327376,800,0.00013083107026967689,True,ok,0.0018884432431807152,0.5774702382397883,0.0022312465428298523,3.1121892020834285,2.7632616502815117,0.24272932397046826,0.23265150311040245,0.25116860679674513,0.22074334337385007,0.2207433433738499,800.0000000000005,800.0000000000005,0.00125,2.4461987990775924e-11,8.915860157013125,9,-1.5612511283791264e-16,-3.7947076036992655e-17,-6.128431095930864e-14,-0.045340006497141205,0.9887770628896513,1.147056143627692,0.21591120350591994,4.9365622700747736e-11,0.0013377079740166664,not_checked,0.001,not_checked,not_checked,,-0.0024847196213953022,0.006261606107756733,0.0017576121729110383,True
local_b1_n800,24,2035191625,local,1,0.035355339059327376,800,0.00013083107026967689,True,ok,0.0004207486787555226,0.6010703935504549,0.0010215669806236775,0.667203469577943,0.6844891523325105,0.7072209825000559,0.7094056509220292,0.7101744917124584,0.7141952154597926,0.7141952154597925,800.0000000000005,800.0000000000005,0.00125,7.436162796636836e-11,12.997322456053483,8,9.88305574531334e-14,1.2804427657053807e-16,2.042810365310288e-13,0.002997208215446745,0.941558309460575,1.0025776381845248,0.19556011466774598,1.5556311794284738e-10,0.0012279590591788292,not_checked,0.001,not_checked,not_checked,,-0.0015814858110622127,0.002422983168573258,0.0002899176084858457,True
local_b1_n800,25,2035191626,local,1,0.035355339059327376,800,0.00013083107026967689,True,ok,0.0006258530897969017,0.580771810185478,0.0012318780126819495,1.016624831294312,1.016454096051315,0.6129455377123525,0.6083908097270845,0.6015611729788171,0.6061168608378869,0.6061168608378865,800.0000000000005,800.0000000000005,0.00125,2.8678059926789956e-11,10.050876226354555,8,-1.1369661722521185e-12,-1.1481701006621492e-16,-1.8318679906315083e-13,-0.007629943809634332,0.9974486699323031,1.0488146397297462,0.21085521728124645,5.817057946444493e-11,0.0012214998714625835,not_checked,0.001,not_checked,not_checked,,-0.0017885834484064954,0.0030402896280002987,0.0004950220195272248,True
local_b1_n800,26,2035191627,local,1,0.035355339059327376,800,0.00013083107026967689,True,ok,0.0013510036586394936,0.6362987643780786,0.0018693606280770078,2.21968146273227,2.0204083482142043,0.36166183613820835,0.35192933267310417,0.3641446230776733,0.33932296469624507,0.33932296469624484,800.0000000000005,800.0000000000005,0.00125,7.771561172376096e-16,11.832221488809735,10,1.0668549377257364e-16,5.117434254131581e-17,8.260059303211165e-14,-0.029037804454539407,0.9793915550191072,1.1493203996486359,0.19497662177462974,1.5543122344752192e-15,0.0014430000446736813,not_checked,0.001,not_checked,not_checked,,-0.0023128758465086165,0.005014883163787604,0.0012201725883698167,True
local_b1_n800,27,2035191628,local,1,0.035355339059327376,800,0.00013083107026967689,True,ok,0.001284937813728737,0.570646379247618,0.0018759109526507026,2.107273420790722,1.8186989300094738,0.37904626593834345,0.3699877777937991,0.40278616531955985,0.35773948572552583,0.35773948572552555,800.0000000000005,800.0000000000005,0.00125,1.7540746632960236e-11,8.97606846435858,9,2.404760418572849e-16,3.144186300207963e-16,5.031530747601209e-13,-0.025686459412370688,0.963103874903838,1.1609156997117949,0.21888505935448793,3.503641821112069e-11,0.0013394590932875872,not_checked,0.001,not_checked,not_checked,,-0.0023917800916708628,0.004961655719128337,0.0011541067434590602,True
local_b1_n800,28,2035191629,local,1,0.035355339059327376,800,0.00013083107026967689,True,ok,0.0009652959408064099,0.6012882846800369,0.0015531835515256236,1.5049760175487177,1.579836878445469,0.4432790465241253,0.45259545892289765,0.4538818127261822,0.46197857998450576,0.4619785799845053,800.0000000000005,800.0000000000005,0.00125,1.686537576262026e-10,14.567390930678867,8,1.999650293439681e-11,-6.5052130349130266e-18,-8.659739592076221e-15,0.019748743870769525,0.912864898568357,0.9864033935488045,0.1826971837204209,3.738207521308823e-10,0.0012250409927219152,not_checked,0.001,not_checked,not_checked,,-0.002078887881563824,0.004009479763176643,0.000834464870536733,True
local_b1_n800,29,2035191630,local,1,0.035355339059327376,800,0.00013083107026967689,True,ok,3.904927660780544e-06,0.6151736497049562,0.00010084534336777516,0.006237772734150253,0.006015435170462937,0.9968564940527398,0.9968615734708779,0.9969968010658941,0.9968809323014535,0.9968809323014535,800.0000000000005,800.0000000000005,0.00125,1.4075340892816257e-10,13.034092831889815,7,5.410267494630034e-13,2.12334219217708e-16,3.397282455352979e-13,5.055761549310495e-06,0.9357478033479811,1.052081113734132,0.1852770697815205,3.0064195577494957e-10,0.0011063746642321348,not_checked,0.001,not_checked,not_checked,,-0.00019374831334863398,0.00020155816867019506,-0.00012692614260889634,True
local_b1_n800,30,2035191631,local,1,0.035355339059327376,800,0.00013083107026967689,True,ok,0.00048065067028435493,0.5796542140496015,0.0011250470673513863,0.7787278781749334,0.7254694310700298,0.6851208572856196,0.6818681656085805,0.6957709862523637,0.6807769658590053,0.6807769658590053,800.0000000000005,800.0000000000005,0.00125,2.7181146222687858e-11,10.194185882361692,8,-2.9552304613850167e-13,6.505213034913027e-17,1.0458300891968975e-13,-0.004843402859982526,0.9212564777226252,1.1202658254003866,0.2052314898713761,5.503508759829856e-11,0.0012330838944762945,not_checked,0.001,not_checked,not_checked,,-0.0017244010626367707,0.0026857024032054806,0.00034981960001467804,True
local_b1_n800,31,2035191632,local,1,0.035355339059327376,800,0.00013083107026967689,True,ok,0.0007181242007168187,0.5759951573046804,0.0012839958858852285,1.133849512425973,1.2607013072816051,0.5555724252314171,0.5598902392494274,0.5324050784921905,0.5629866515796867,0.5629866515796865,800.0000000000005,800.0000000000005,0.00125,2.2775004104858e-11,12.16356410633126,8,1.1470324473225602e-12,2.0090266256156397e-16,3.204103649068202e-13,0.007574604360468751,0.8993411371123893,1.0602179034414612,0.19553038656345198,4.585953838898149e-11,0.0012264580000191927,not_checked,0.001,not_checked,not_checked,,-0.00179846149191583,0.0032347098933494674,0.0005872931304471418,True
local_b1_n800,32,2035191633,local,1,0.035355339059327376,800,0.00013083107026967689,True,ok,0.001687199893685598,0.5601566769702695,0.0021043432514786507,2.7699762228546034,2.4980440694653088,0.2807591680554084,0.2716309138975186,0.28678512565401665,0.25930250782923525,0.2593025078292351,800.0000000000005,800.0000000000005,0.00125,1.0417555706965231e-11,8.515749376938905,9,4.0332320816460765e-17,1.7629127324614302e-16,2.815525590449397e-13,-0.03522819647882258,0.962079664321625,1.166677888156468,0.22208091035755192,2.0478507778420862e-11,0.0013412500265985727,not_checked,0.001,not_checked,not_checked,,-0.002437237090322471,0.005811636877693667,0.0015563688234159212,True
local_b1_n800,33,2035191634,local,1,0.035355339059327376,800,0.00013083107026967689,True,ok,0.0019554216038824013,0.6357985527913599,0.00220746005125894,3.2021271763069876,3.078749873076298,0.22852469141906587,0.22078504863183662,0.21451514510893097,0.20922662525717395,0.20922662525717378,800.0000000000005,800.0000000000005,0.00125,1.1102230246251565e-16,12.110784110106302,10,-1.9949319973733282e-16,-2.3028454143592114e-16,-3.694822225952521e-13,-0.036726305047571906,0.9308253065211923,1.1929232841350066,0.18545216833335004,2.220446049250313e-16,0.0014420000370591879,not_checked,0.001,not_checked,not_checked,,-0.0023711205938960625,0.006281963801660865,0.0018245905336127244,True
local_b1_n800,34,2035191635,local,1,0.035355339059327376,800,0.00013083107026967689,True,ok,0.002642321202593667,0.6192834040184465,0.002644748795719248,4.367719503050806,3.8283756878791273,0.13673092549049728,0.1280372102094327,0.14746154575476006,0.12077125681402728,0.1207712568140271,800.0000000000005,800.0000000000005,0.00125,1.6887102827212175e-10,10.552515227158144,9,1.4137996329210978e-16,2.7798943702528334e-16,4.4231285301066237e-13,-0.07000278945046778,0.981040224076434,1.143739271377114,0.19200620604901944,3.6294323102481485e-10,0.0013405419886112213,not_checked,0.001,not_checked,not_checked,,-0.00254129118517174,0.007825933590359074,0.00251149013232399,True
local_b1_n800,35,2035191636,local,1,0.035355339059327376,800,0.00013083107026967689,True,ok,0.0018595796306188905,0.6090904592083313,0.0021419376660951235,2.9616809014618872,3.01275597226667,0.2223022904655163,0.22383438355211055,0.22171156777120177,0.22589980821393324,0.22589980821393307,800.0000000000005,800.0000000000005,0.00125,1.0716183496128906e-10,13.143495887925717,9,-2.500170209751573e-16,-2.0361316799277773e-16,-3.255173908200959e-13,0.006823253764169701,0.8865950529286961,1.0947525547175692,0.17662777358854395,2.2681656552947516e-10,0.0013456239830702543,not_checked,0.001,not_checked,not_checked,,-0.002338541052057332,0.006057700313295113,0.0017287485603492136,True
local_b1_n800,36,2035191637,local,1,0.035355339059327376,800,0.00013083107026967689,True,ok,8.570539895780271e-06,0.577063893675392,0.00014805588393904053,0.013696300523643633,0.013432147351640148,0.9931661659499635,0.9931743920585576,0.9933064287428408,0.99316701978375,0.99316701978375,800.0000000000005,800.0000000000005,0.00125,1.7073187308369597e-10,11.149249104532439,7,1.3319690063905675e-12,-1.1756309088121336e-16,-1.8807178037150152e-13,8.281654802403879e-06,0.9665963004013453,1.0342946120452818,0.20981740253859138,3.497502287785892e-10,0.001107166986912489,not_checked,0.001,not_checked,not_checked,,-0.00028161366032398137,0.0002987547401155419,-0.00012226053037389661,True
local_b1_n800,37,2035191638,local,1,0.035355339059327376,800,0.00013083107026967689,True,ok,0.00013131064489746436,0.5556030506373053,0.0005733971516417356,0.21113050258041116,0.20877377579201234,0.9015313790120683,0.9010718162994629,0.900876691702073,0.9002808435751523,0.9002808435751523,800.0000000000005,800.0000000000005,0.00125,8.275158336346067e-12,9.785437230259422,8,-3.465110143263672e-16,2.8406096919120216e-17,4.529709940470639e-14,-0.0005167353722340395,0.9752432018696622,1.052950183755602,0.22807765126484225,1.6157741811184678e-11,0.0012250000145286322,not_checked,0.001,not_checked,not_checked,,-0.0009925271211581894,0.001255148410953118,4.795746277874713e-07,True
local_b1_n800,38,2035191639,local,1,0.035355339059327376,800,0.00013083107026967689,True,ok,0.002495680717681248,0.564758111724293,0.0024052586265329314,3.9135490230226893,4.3491717586669525,0.1275254795322096,0.13285151330651962,0.11365521089809708,0.13580373315427477,0.1358037331542746,800.0000000000005,800.0000000000005,0.00125,1.3111511876218174e-11,12.361735088557504,9,-7.589415207398531e-17,-1.0668549377257364e-16,-1.7275070263167436e-13,0.03977006263365479,0.8996815297747218,1.0390833769246628,0.20163411445986212,2.5957236360341085e-11,0.0013438756577670574,not_checked,0.001,not_checked,not_checked,,-0.0022185395638275743,0.00720990099919007,0.002364849647411571,True
local_b1_n800,39,2035191640,local,1,0.035355339059327376,800,0.00013083107026967689,True,ok,0.004577054702937344,0.5751896158060015,0.003743037065636292,7.617086689651015,5.632302506398735,0.03805120241821798,0.03355784213025069,0.05983579292415126,0.02569024933577393,0.02569024933577387,800.0000000000005,800.0000000000005,0.00125,2.188937919811451e-11,8.257868185559463,9,-1.8370721610594387e-15,1.0234868508263162e-16,1.6342482922482304e-13,-0.14689958247562984,0.8475305012588906,1.3546081331051192,0.18747101261832375,4.404476783292921e-11,0.001335666049271822,not_checked,0.001,not_checked,not_checked,,-0.0027591631385082737,0.011913272544382961,0.004446223632667667,True
local_b1_n800,40,2035191641,local,1,0.035355339059327376,800,0.00013083107026967689,True,ok,2.2425301699380285e-05,0.622447451106108,0.0002566407147686576,0.035830770302460416,0.03059824727642187,0.9812959511240245,0.9813216167148837,0.9848173134026709,0.9822197267200725,0.9822197267200725,800.0000000000005,800.0000000000005,0.00125,1.9404422513247255e-10,13.418492668356464,8,2.4503646724530204e-16,2.353396340651348e-16,3.765876499528531e-13,2.485620827403015e-05,0.7704112797925041,1.171372296389429,0.14588937305687477,4.191074154391572e-10,0.0012264992110431194,not_checked,0.001,not_checked,not_checked,,-0.0004805812562138054,0.000525431859612566,-0.0001084057685702966,True
local_b1_n800,41,2035191642,local,1,0.035355339059327376,800,0.00013083107026967689,True,ok,0.001352605556186326,0.5699304851964602,0.0019219838422796858,2.1593902799342217,1.9814800993314265,0.32977561643666886,0.33058074545523874,0.37130180754232717,0.3388883947105722,0.3388883947105719,800.0000000000005,800.0000000000005,0.00125,5.836242600310015e-11,11.00904031010573,8,9.56145102329331e-13,1.5742615544489524e-16,2.517985819849855e-13,0.0023893049819505574,0.8546266637516383,1.1032603227151796,0.18226222661545569,1.17537313215621e-10,0.0012305420823395252,not_checked,0.001,not_checked,not_checked,,-0.00241441355354977,0.005119624665922422,0.001221774485916649,True
local_b1_n800,42,2035191643,local,1,0.035355339059327376,800,0.00013083107026967689,True,ok,0.00046529062731748283,0.6507891684386751,0.0011031796258488345,0.7470653387349815,0.7132266391975692,0.6879543547858682,0.6870573954230119,0.7000431383671365,0.6891939850155882,0.6891939850155879,800.0000000000005,800.0000000000005,0.00125,2.454481062841296e-12,14.678426355203065,9,-6.422141464457187e-14,1.5937771935536915e-17,2.5757174171303632e-14,-0.0013001675135042579,0.8804949229905258,1.1217334589049028,0.15897735052118817,5.452749363143994e-12,0.001329542137682438,not_checked,0.001,not_checked,not_checked,,-0.0016969017078246047,0.0026274829624595704,0.00033445955704780594,True
local_b1_n800,43,2035191644,local,1,0.035355339059327376,800,0.00013083107026967689,True,ok,0.00026220429367507236,0.6330619607811996,0.0007924155672568922,0.41963664436580156,0.43770017275660283,0.8099173039141803,0.8098726303938613,0.803442156049199,0.810776024564086,0.8107760245640859,800.0000000000005,800.0000000000005,0.00125,1.7530421558831222e-13,13.890678765641596,9,-6.068279559401368e-16,-1.7320129705455933e-16,-2.7622348852673895e-13,-5.488724284277713e-05,0.9549628735303519,1.0364772343601338,0.18582389932382168,3.8413716652030416e-13,0.0013282080180943012,not_checked,0.001,not_checked,not_checked,,-0.0012909016789373132,0.001815310266287458,0.00013137322340539548,True
local_b1_n800,44,2035191645,local,1,0.035355339059327376,800,0.00013083107026967689,True,ok,0.0018924117671701435,0.5995608112664461,0.0022143184105932285,3.1288461753397745,2.826315278482645,0.2434472849866257,0.2322805233124925,0.24337358259991915,0.22004363448323355,0.22004363448323339,800.0000000000005,800.0000000000005,0.00125,6.936184959727143e-11,9.600922195296475,9,-1.6783449630075609e-16,3.2959746043559335e-17,5.284661597215745e-14,-0.05049367393377158,0.9672184129118018,1.1789162359237522,0.2035223205230363,1.448012820759459e-10,0.0013384588528424501,not_checked,0.001,not_checked,not_checked,,-0.00244757256789656,0.006232396102236847,0.0017615806969004666,True
local_b1_n800,45,2035191646,local,1,0.035355339059327376,800,0.00013083107026967689,True,ok,0.0004711246225659327,0.5900609055450985,0.001141829792929984,0.7642666601217923,0.6702163941562087,0.691815475898506,0.6882891270826399,0.7152606930487001,0.6859848760643228,0.6859848760643226,800.0000000000005,800.0000000000005,0.00125,4.457700875093451e-11,10.547750778502742,8,-3.8509158969274315e-13,1.240327285323417e-16,1.98507876802978e-13,-0.005233632008149802,0.9149846681155799,1.1411334745873487,0.1943035695134882,9.172951287439446e-11,0.00121870799921453,not_checked,0.001,not_checked,not_checked,,-0.0017668206480516637,0.002709069893183529,0.0003402935522962558,True
local_b1_n800,46,2035191647,local,1,0.035355339059327376,800,0.00013083107026967689,True,ok,0.002994228154078682,0.6295331213323934,0.002770685612112674,4.895820536488284,4.515984911296397,0.10626037890882782,0.10119192626925161,0.10456018340028002,0.09113780992149213,0.091137809921492,800.0000000000005,800.0000000000005,0.00125,5.065392549852277e-16,11.979495362724197,10,-8.239936510889834e-18,-3.8163916471489756e-17,-6.039613253960852e-14,-0.052527744981194946,0.959729389791379,1.1758707291928854,0.1904390652107898,4.440892098500626e-16,0.0014988330658525229,not_checked,0.001,not_checked,not_checked,,-0.0024362158581454733,0.008424672166302837,0.002863397083809005,True
local_b1_n800,47,2035191648,local,1,0.035355339059327376,800,0.00013083107026967689,True,ok,0.0005776298894433207,0.5637314136760274,0.001137883225996245,0.9361770184697548,1.0174086910305653,0.6357800767271182,0.6320664535951053,0.6012741178518937,0.6299568767423509,0.6299568767423507,800.0000000000005,800.0000000000005,0.00125,1.2450929176566206e-11,9.526308508751145,8,-5.106193246007251e-13,2.2497195079074217e-16,3.597122599785507e-13,-0.005984597680220527,0.9185540780691077,1.1305844323477294,0.20332619810644065,2.4622082150926872e-11,0.0012548340018838644,not_checked,0.001,not_checked,not_checked,,-0.0016525802521215704,0.002807840031008212,0.00044679881917364384,True
local_b1_n800,48,2035191649,local,1,0.035355339059327376,800,0.00013083107026967689,True,ok,0.000315899663930308,0.5814389159663969,0.000876828144208026,0.5075529515447222,0.5174045716939377,0.7795673477099685,0.7787560977801637,0.7720528398894653,0.7766855320873765,0.7766855320873763,800.0000000000005,800.0000000000005,0.00125,2.961419998115389e-11,10.915735963119227,8,-8.792337517771198e-15,-1.8149544367407344e-16,-2.8954616482224083e-13,-0.0010567446281145587,0.980876006214793,1.0498964926352106,0.21235309679670125,6.012434994318028e-11,0.0012757501099258661,not_checked,0.001,not_checked,not_checked,,-0.0014026519193485157,0.0020344512472091317,0.0001850685936606311,True
local_b1_n800,49,2035191650,local,1,0.035355339059327376,800,0.00013083107026967689,True,ok,0.000215780096918472,0.5886809225042682,0.000747325650035499,0.34527431371757067,0.3336781025486474,0.8397714866782067,0.8397603769017703,0.8463358170470745,0.8414538768116516,0.8414538768116515,800.0000000000005,800.0000000000005,0.00125,4.178946078070567e-11,11.581592397703092,8,7.256023039359238e-17,1.3292318634672284e-16,2.1227464230832993e-13,-1.3079324007625459e-05,0.9417344095940835,1.0374574602066606,0.19220719345808493,8.577738519477407e-11,0.0012632501311600208,not_checked,0.001,not_checked,not_checked,,-0.0012489512618740907,0.0016805114557110346,8.494902664879511e-05,True
local_b1_n800,50,2035191651,local,1,0.035355339059327376,800,0.00013083107026967689,True,ok,0.00012705528408063493,0.5787782014323759,0.0005761859836290227,0.2043173460340305,0.19345652876899982,0.9034192712032966,0.902955015494065,0.9078026549333141,0.9033508821196217,0.9033508821196216,800.0000000000005,800.0000000000005,0.00125,2.605726745485981e-11,10.72034158082697,8,-3.7399553939887475e-16,5.55653613398821e-17,8.881784197001252e-14,-0.0005144457525072532,0.9448674003317921,1.0597505944552834,0.20293270522681753,5.2689630436475454e-11,0.0012575408909469843,not_checked,0.001,not_checked,not_checked,,-0.0010022484922290347,0.0012563590603903046,-3.775786189041952e-06,True
local_b1_n800,51,2035191652,local,1,0.035355339059327376,800,0.00013083107026967689,True,ok,0.0020307550267608665,0.5961664316674933,0.0022119252199548447,3.221934657533889,3.413019747407728,0.19628568315664086,0.1989815658721526,0.18149813992009767,0.19698966345177243,0.19698966345177232,800.0000000000005,800.0000000000005,0.00125,5.931444224671623e-11,12.829884180035606,9,-9.020562075079397e-17,-1.3704315460216776e-16,-2.1760371282653068e-13,0.013636692641749493,0.9301082101777295,1.0663551682682715,0.20032940580667566,1.2313683406262044e-10,0.0013674579095095396,not_checked,0.001,not_checked,not_checked,,-0.0023045387408464667,0.0063660487943682,0.0018999239564911896,True
local_b1_n800,52,2035191653,local,1,0.035355339059327376,800,0.00013083107026967689,True,ok,0.000535983817876895,0.5983247743726101,0.0012097561436348583,0.8731280539599228,0.7718770143274248,0.663533850613369,0.6586221826766405,0.6798123279832278,0.6512986056517318,0.6512986056517316,800.0000000000005,800.0000000000005,0.00125,6.550759934498274e-11,10.60811113257374,8,-1.2926223676504311e-12,2.0317948712378353e-16,3.255173908200959e-13,-0.007776972678445182,0.9342791199815519,1.1667199052462232,0.1965176584653241,1.3652368124894565e-10,0.0012625418603420258,not_checked,0.001,not_checked,not_checked,,-0.0018350946537234918,0.0029070622894772817,0.0004051527476072181,True
local_b1_n800,53,2035191654,local,1,0.035355339059327376,800,0.00013083107026967689,True,ok,0.0038995184128964855,0.5951852218678906,0.0031849284308495267,6.371606149632623,5.795411759038037,0.05122770956642429,0.04811326653637896,0.05514959485655107,0.044174184115569184,0.044174184115569115,800.0000000000005,800.0000000000005,0.00125,5.661859869832142e-11,10.40882486738135,9,-1.3791051634015616e-16,-1.5742615544489524e-16,-2.504663143554353e-13,-0.06618834449912114,0.9617478493961777,1.1344837435549342,0.20178677470775136,1.1747580686005676e-10,0.0013383750338107347,not_checked,0.001,not_checked,not_checked,,-0.0023428266049062545,0.010141863430699226,0.0037686873426268086,True
local_b1_n800,54,2035191655,local,1,0.035355339059327376,800,0.00013083107026967689,True,ok,0.0009436044461810233,0.5668500823784499,0.0015596795889888208,1.5394471998513244,1.4295383153436751,0.48494712832080444,0.4780979811568863,0.48930505107741906,0.47006534738904204,0.47006534738904193,800.0000000000005,800.0000000000005,0.00125,7.573053295573118e-11,9.185989635076991,8,-7.447624873584135e-12,-3.5561831257524545e-17,-5.795364188543317e-14,-0.014840042980843071,1.0073940514014672,1.0795355245188585,0.22308902273243614,1.4385270752370616e-10,0.0012352499179542065,not_checked,0.001,not_checked,not_checked,,-0.0021133113756592998,0.004000520268021347,0.0008127733759113465,True
local_b1_n800,55,2035191656,local,1,0.035355339059327376,800,0.00013083107026967689,True,ok,0.0007945896217826931,0.6155505204846818,0.0013960073941211109,1.2389760156592944,1.329628569211253,0.5127814777626143,0.5215698537782876,0.5143690450868955,0.529579651534742,0.529579651534742,800.0000000000005,800.0000000000005,0.00125,1.431355034497983e-10,15.355324196750992,8,1.2195634259415389e-11,3.088891989411202e-16,4.933831121434196e-13,0.016183689596507622,0.893232316429795,1.012743004820764,0.17361165955064187,3.0590019406417923e-10,0.00123104196973145,not_checked,0.001,not_checked,not_checked,,-0.0019415345928462968,0.003530713836411683,0.0006637585515130162,True
local_b1_n800,56,2035191657,local,1,0.035355339059327376,800,0.00013083107026967689,True,ok,0.002831407860166335,0.539172455673044,0.0027111418105506585,4.674027794601518,4.17911694722016,0.12170424163998489,0.11384801986708104,0.12374175900991498,0.10381692286752016,0.10381692286752005,800.0000000000005,800.0000000000005,0.00125,3.5381697571779114e-12,7.4506098204759645,9,-2.0469737016526324e-16,-3.408731630294426e-16,-5.471179065352771e-13,-0.07188760916768944,1.0153475235384914,1.1354238800008778,0.24093820161028512,6.733280599746649e-12,0.0013481259811669588,not_checked,0.001,not_checked,not_checked,,-0.00248233244549367,0.00814514816582634,0.002700576789896658,True
local_b1_n800,57,2035191658,local,1,0.035355339059327376,800,0.00013083107026967689,True,ok,0.00021943067057694776,0.5581287644696369,0.0007383382752957874,0.35323123039463544,0.3508370776300907,0.8405871414632008,0.839696981094572,0.8391057489380289,0.8390000302487802,0.8390000302487801,800.0000000000005,800.0000000000005,0.00125,9.405032308507089e-12,9.797308713910175,8,-3.453238129474956e-15,-3.870601755773251e-17,-6.150635556423367e-14,-0.001071078735759401,0.9946930445202437,1.0273132427123501,0.2246839230218636,1.8431478565617e-11,0.001228041248396039,not_checked,0.001,not_checked,not_checked,,-0.0012276857574102151,0.0016665470985641106,8.859960030727088e-05,True
local_b1_n800,58,2035191659,local,1,0.035355339059327376,800,0.00013083107026967689,True,ok,0.0011573535852755779,0.5609408444943391,0.001654262523029269,1.8365619783110811,1.9649657330718093,0.3915185611488696,0.394542309835761,0.37438040735300987,0.3961814885806628,0.3961814885806626,800.0000000000005,800.0000000000005,0.00125,3.872380194280822e-11,11.110088763916023,8,2.362158428928507e-12,-4.358492733391728e-17,-7.016609515630989e-14,0.007601879064922268,0.9328446134209721,1.0435511139629345,0.21188396792372474,7.861511441831226e-11,0.001228750916197896,not_checked,0.001,not_checked,not_checked,,-0.002084941380836151,0.004399648551387306,0.001026522515005901,True
local_b1_n800,59,2035191660,local,1,0.035355339059327376,800,0.00013083107026967689,True,ok,0.0008851576760966484,0.5914287502104181,0.001493023648947698,1.4186941218879228,1.415609930709017,0.49074974939354754,0.49014830289693095,0.49272455878913834,0.49256633313183196,0.49256633313183185,800.0000000000005,800.0000000000005,0.00125,4.753475391083839e-11,11.615892652546865,8,-2.179233356269794e-13,-5.681219383824043e-17,-9.126033262418787e-14,-0.001220920066642206,0.929914986938934,1.0625492347675585,0.1913519307039575,9.801803813047627e-11,0.0012240840587764978,not_checked,0.001,not_checked,not_checked,,-0.002041114903907413,0.00381143025610071,0.0007543266058269715,True
local_b1_n800,60,2035191661,local,1,0.035355339059327376,800,0.00013083107026967689,True,ok,0.0006898296283430749,0.549224540661365,0.0013264710505417176,1.0937605988640346,1.093379445450093,0.571419939722019,0.5743145525436693,0.5788628388069379,0.5758755488388494,0.5758755488388491,800.0000000000005,800.0000000000005,0.00125,5.983435968914819e-12,10.663207579060819,8,3.712877444730922e-13,1.0191500421363742e-16,1.63202784619898e-13,0.004983403242442952,0.9557375287491644,1.0171936825210746,0.2198792814712286,1.2009948591185093e-11,0.0012277080677449703,not_checked,0.001,not_checked,not_checked,,-0.0019100058572537014,0.0032896651139398513,0.000558998558073398,True
local_b1_n800,61,2035191662,local,1,0.035355339059327376,800,0.00013083107026967689,True,ok,0.001860217219402216,0.532283968119363,0.0020900133159433443,3.0024461318368245,3.1789695057617333,0.23284398930458255,0.2298993621632387,0.20403071089187094,0.22578461264829297,0.22578461264829278,800.0000000000005,800.0000000000005,0.00125,1.8185353223287848e-10,8.736118031530493,8,-1.2815862520526577e-11,1.9081958235744878e-16,3.055333763768431e-13,-0.013049290396638602,0.9149197248405909,1.130396634601522,0.21644174915439876,3.2974467600865864e-10,0.0012254170142114162,not_checked,0.001,not_checked,not_checked,,-0.002236133607055872,0.005956568045860304,0.001729386149132539,True
local_b1_n800,62,2035191663,local,1,0.035355339059327376,800,0.00013083107026967689,True,ok,0.0004126244235045373,0.5538480824066503,0.0010101383416363228,0.6516303916501057,0.6763026008211593,0.7143374965924796,0.717462650236024,0.7130873893211551,0.7188521761850197,0.7188521761850195,800.0000000000005,800.0000000000005,0.00125,7.565947868215517e-12,11.133772782228066,8,1.5672467663929712e-13,-1.214306433183765e-16,-1.936228954946273e-13,0.00428434297857716,0.9372702689777982,1.0269778323132293,0.21418478876052535,1.4736878384269403e-11,0.0012273741886019707,not_checked,0.001,not_checked,not_checked,,-0.0015672103455056721,0.0023924591925147468,0.00028179335323486043,True
local_b1_n800,63,2035191664,local,1,0.035355339059327376,800,0.00013083107026967689,True,ok,1.974846683072684e-05,0.5966779615851032,0.0002259536053686516,0.031563342463001465,0.030602618508021213,0.9842776143323739,0.9842944994339371,0.9848151609727431,0.9843253725123472,0.9843253725123471,800.0000000000005,800.0000000000005,0.00125,6.06772410094436e-11,12.04832095071664,8,-1.3639263329867646e-16,-1.400247105765029e-16,-2.240430063693566e-13,1.7102233080750623e-05,0.9618845196852901,1.0332590231121124,0.19247999147917497,1.261915016925741e-10,0.0012257499620318413,not_checked,0.001,not_checked,not_checked,,-0.0004231124618688065,0.0004626093955302602,-0.00011108260343895004,True
local_b1_n800,64,2035191665,local,1,0.035355339059327376,800,0.00013083107026967689,True,ok,0.0005792892117875148,0.6069667118879531,0.0012030545547251704,0.9172140227187069,0.9397951211375126,0.6251324047926224,0.6281962377240169,0.6250662964390374,0.629121190317165,0.6291211903171647,800.0000000000005,800.0000000000005,0.00125,9.709133497182165e-11,13.462058071224453,8,4.317108736467956e-13,1.9114484300919443e-16,3.057554209817681e-13,0.004824358070658674,0.937636806609494,1.0372070993454865,0.19679155126967895,2.053908154664441e-10,0.0012332499027252197,not_checked,0.001,not_checked,not_checked,,-0.0017786543869106907,0.0029372328104857203,0.0004484581415178379,True
local_b1_n800,65,2035191666,local,1,0.035355339059327376,800,0.00013083107026967689,True,ok,0.0012433107856775205,0.5837227031163563,0.0018076792641470811,2.02037600117474,1.8639706497362405,0.38623216384609405,0.3805500398521646,0.3937711701339212,0.36985337763587245,0.3698533776358722,800.0000000000005,800.0000000000005,0.00125,1.3016177025093612e-10,10.170502607115509,8,-1.2253057075917173e-11,-2.2985086056692694e-17,-3.574918139293004e-14,-0.01553937204535305,0.9364199129295917,1.1609890190870271,0.20577054360800787,2.538016463660142e-10,0.0012255420442670584,not_checked,0.001,not_checked,not_checked,,-0.0022996754676506254,0.004786297039005667,0.0011124797154078436,True
local_b1_n800,66,2035191667,local,1,0.035355339059327376,800,0.00013083107026967689,True,ok,0.0005818964609818345,0.6028258166200371,0.001238298277796496,0.9118215553730082,0.9051044834149462,0.620512518633,0.6266508971163318,0.6360028454287336,0.6278103373073246,0.6278103373073244,800.0000000000005,800.0000000000005,0.00125,8.062006617848283e-11,14.140486589490639,8,2.3663113569299954e-12,-6.635317295611287e-17,-1.0591527654923993e-13,0.009606391098963718,0.9203055770182215,1.0331760408080664,0.1910881488928435,1.6904366795245096e-10,0.0012306240387260914,not_checked,0.001,not_checked,not_checked,,-0.0018451235656172724,0.0030089164875809413,0.00045106539071215757,True
local_b1_n800,67,2035191668,local,1,0.035355339059327376,800,0.00013083107026967689,True,ok,0.0029134427729451406,0.5950971424798883,0.0026211285791049874,4.808104366793317,4.769677482623188,0.10955621739669937,0.10220523619930619,0.09210383092476686,0.09722239251726592,0.09722239251726576,800.0000000000005,800.0000000000005,0.00125,5.6441740170498633e-11,9.584812860669583,9,7.41594285980085e-17,1.3487475025719675e-16,2.1671553440683056e-13,-0.07329796504054453,1.004515671680936,1.1032615792275342,0.20316870854945265,1.169802033018641e-10,0.0013412078842520714,not_checked,0.001,not_checked,not_checked,,-0.0022238748409492805,0.008050760386839561,0.0027826117026754638,True
local_b1_n800,68,2035191669,local,1,0.035355339059327376,800,0.00013083107026967689,True,ok,4.191981840229175e-05,0.5424101833383199,0.0003373220470000489,0.06703505750604176,0.061832151904320114,0.9664373313019481,0.9664553591351894,0.9695569388046233,0.9670202383681598,0.9670202383681598,800.0000000000005,800.0000000000005,0.00125,4.1916470294722785e-12,9.698798977074011,8,9.704964696460872e-17,8.748156279242414e-17,1.4011014570769476e-13,1.832596881254367e-05,0.884972478726879,1.090212607501455,0.20040988805319637,8.022027486731531e-12,0.0012379589024931192,not_checked,0.001,not_checked,not_checked,,-0.0006192192449091314,0.000703058881713715,-8.891125186738513e-05,True
local_b1_n800,69,2035191670,local,1,0.035355339059327376,800,0.00013083107026967689,True,ok,0.00015610280111877373,0.5642377902522067,0.0006111557368870831,0.2519065942424808,0.25975196933383793,0.8830957886807989,0.8821548136499073,0.8782043349706503,0.882600830749116,0.8826008307491159,800.0000000000005,800.0000000000005,0.00125,1.2776113500478914e-11,9.860040270800418,8,-2.6203540205715914e-15,8.64109131470947e-17,1.3788969965844444e-13,-0.001071056226221348,0.9417703071484322,1.0711524451905783,0.2040095243018711,2.5271784664937513e-11,0.001230041030794382,not_checked,0.001,not_checked,not_checked,,-0.0010417404321249465,0.001353946034362494,2.527173084909684e-05,True
local_b1_n800,70,2035191671,local,1,0.035355339059327376,800,0.00013083107026967689,True,ok,0.0020143499393270314,0.5874244340369739,0.002246768840114345,3.327177766623032,3.0849874777002095,0.2215341105539606,0.21099771807770418,0.21384715698133,0.19959200890314063,0.1995920089031405,800.0000000000005,800.0000000000005,0.00125,3.9380609884176465e-11,9.161513705842973,9,1.448494102440634e-16,2.5587171270657905e-16,4.0811798385220754e-13,-0.05210893184988996,1.0487321771739806,1.0897707831195407,0.21788473751613294,8.067990719951013e-11,0.0013519572094082832,not_checked,0.001,not_checked,not_checked,,-0.0023892360688839154,0.006417935947537978,0.0018835188690573546,True
local_b1_n800,71,2035191672,local,1,0.035355339059327376,800,0.00013083107026967689,True,ok,0.0026686760032921253,0.6181679366539314,0.002711762289869664,4.430831757715878,3.702388717552369,0.13895895558085974,0.12905248355823973,0.1570494808283128,0.11825159035215294,0.11825159035215274,800.0000000000005,800.0000000000005,0.00125,1.6075618614053155e-10,10.165758442935667,9,6.375108774214766e-17,-2.862293735361732e-17,-4.440892098500626e-14,-0.08047507622423744,0.9664405755411045,1.197212264405252,0.19598613931791667,3.449123209264826e-10,0.0013460421469062567,not_checked,0.001,not_checked,not_checked,,-0.0026462804194862816,0.007983632426070532,0.0025378449330224484,True
local_b1_n800,72,2035191673,local,1,0.035355339059327376,800,0.00013083107026967689,True,ok,0.001043299976024592,0.5950063125045104,0.0016711708559056493,1.6524126014721232,1.5776015609399154,0.41494019578009256,0.4186360111364372,0.4543893812982943,0.4340307126895979,0.4340307126895976,800.0000000000005,800.0000000000005,0.00125,5.6195159636729386e-11,12.850120046178125,8,3.0392897400199903e-12,8.998878031629687e-17,1.438849039914203e-13,0.00843368008361245,0.8534416701182165,1.0499758474504521,0.17342740333414372,1.1647149911198085e-10,0.0012317928485572338,not_checked,0.001,not_checked,not_checked,,-0.002232134713563457,0.004318734665612641,0.0009124689057549151,True
local_b1_n800,73,2035191674,local,1,0.035355339059327376,800,0.00013083107026967689,True,ok,0.001837217319776041,0.5952867405288005,0.0021981591662234958,2.971899811058485,2.7381723804953735,0.23430937299569904,0.23060403912260052,0.25433927109868243,0.22997748737661566,0.22997748737661544,800.0000000000005,800.0000000000005,0.00125,5.693245874738295e-11,11.085226634284368,9,4.466912950640278e-17,5.377642775528102e-17,8.704148513061227e-14,-0.01617604970840869,0.940571919089644,1.0865880608231269,0.1896109338378232,1.1804845989615842e-10,0.001339915907010436,not_checked,0.001,not_checked,not_checked,,-0.002471095478308605,0.006145530117860687,0.0017063862495063642,True
local_b1_n800,74,2035191675,local,1,0.035355339059327376,800,0.00013083107026967689,True,ok,0.002820679950180871,0.5305368626735294,0.0026029242936469904,4.497159487862027,4.72119094384527,0.10553133030011116,0.1063702459843841,0.09436401534122062,0.10471174809967307,0.10471174809967296,800.0000000000005,800.0000000000005,0.00125,2.2341017924532025e-12,9.63122933745191,9,-4.597017211338539e-17,-2.6020852139652106e-17,-4.085620730620576e-14,0.007964216213684594,0.9381446726847154,1.0682592663759551,0.22735204893187752,4.196420988478167e-12,0.0013480829074978828,not_checked,0.001,not_checked,not_checked,,-0.00228095791985159,0.007922317820213333,0.002689848879911194,True
local_b1_n800,75,2035191676,local,1,0.035355339059327376,800,0.00013083107026967689,True,ok,0.0018289022677868694,0.5856400175989709,0.002043409147371039,2.9918819623489608,3.1992560780625947,0.23675459591643944,0.2292662068675893,0.20197162958749076,0.23151240670134285,0.23151240670134265,800.0000000000005,800.0000000000005,0.00125,3.618561006391019e-11,9.77723515225391,9,8.500145032286355e-17,1.0364972768961422e-16,1.6697754290362354e-13,-0.03281916694498399,0.893986661585806,1.1412749688218913,0.18419889996046288,7.393774481556648e-11,0.0013597081415355206,not_checked,0.001,not_checked,not_checked,,-0.0021761060667400663,0.005833910602313805,0.0016980711975171925,True
local_b1_n800,76,2035191677,local,1,0.035355339059327376,800,0.00013083107026967689,True,ok,0.0008990147121088476,0.5504952213957206,0.0015177740066209706,1.4125904590690874,1.4278436147656497,0.47487801948403335,0.4812690152343652,0.48971983956461906,0.4871360800940384,0.48713608009403797,800.0000000000005,800.0000000000005,0.00125,4.3706482877325925e-11,11.437044433267797,8,4.2091622071485646e-12,-2.3993394077104213e-16,-3.8258285428582894e-13,0.01291654015253485,0.9193999001833025,1.0135958113407553,0.20650654799883078,8.88717988090093e-11,0.0012317500077188015,not_checked,0.001,not_checked,not_checked,,-0.0020757676775393125,0.0038737971017570078,0.0007681836418391708,True
local_b1_n800,77,2035191678,local,1,0.035355339059327376,800,0.00013083107026967689,True,ok,0.0003635639814310032,0.5517079087198626,0.0009007142282575874,0.5849691887553186,0.6483899214373001,0.7513540567675197,0.7501499923593575,0.7231092507371868,0.7476269277330729,0.7476269277330727,800.0000000000005,800.0000000000005,0.00125,6.785572104206494e-12,9.593207157075817,8,-1.709363987162371e-14,-6.890104806145381e-17,-1.1013412404281553e-13,-0.001633409232856542,0.9011864390725127,1.1462134297734616,0.20808124665404915,1.3166134849029731e-11,0.00124541693367064,not_checked,0.001,not_checked,not_checked,,-0.0014018034663166575,0.0021289314291786637,0.00023273291116132633,True
local_b1_n800,78,2035191679,local,1,0.035355339059327376,800,0.00013083107026967689,True,ok,1.1260908759469501e-05,0.5801489963518143,0.00017448492847884544,0.018046527659507906,0.016689348189025392,0.9910578650646416,0.9910435008305529,0.9916900460551274,0.9910317299937295,0.9910317299937295,800.0000000000005,800.0000000000005,0.00125,2.783484553958715e-11,11.05314325348628,8,3.0576195329985734e-16,3.0584326846279375e-16,4.89386309254769e-13,-1.4536822178346995e-05,0.907851371240567,1.1079297768423368,0.1981414054383013,5.640110600779735e-11,0.0012416262179613113,not_checked,0.001,not_checked,not_checked,,-0.00033072326690411475,0.00035324508442305375,-0.00011957016151020738,True
local_b1_n800,79,2035191680,local,1,0.035355339059327376,800,0.00013083107026967689,True,ok,0.0008872219906548295,0.5331150924438988,0.0014630649931900255,1.4179556642637705,1.4759782894364304,0.4927687987272655,0.4931615807501286,0.4780742878193187,0.49175355496659223,0.491753554966592,800.0000000000005,800.0000000000005,0.00125,6.89970303113796e-12,9.448204824140479,8,5.985619985771073e-14,-1.2923689896027213e-16,-2.0583534876550402e-13,0.000799760391978821,0.9356939018859918,1.073176669582112,0.22508589569700443,1.3065992732208542e-11,0.0012423750013113022,not_checked,0.001,not_checked,not_checked,,-0.00198033270303896,0.003754776684348619,0.0007563909203851527,True
local_b1_n800,80,2035191681,local,1,0.035355339059327376,800,0.00013083107026967689,True,ok,0.00039086377550012763,0.6115033349113592,0.0010007616323087656,0.6184948601277644,0.6192311369442909,0.726447747090234,0.7290080396963842,0.733728970562399,0.7314758887835153,0.7314758887835153,800.0000000000005,800.0000000000005,0.00125,1.1945444633454372e-10,13.741365854266606,8,1.317082836023442e-13,-2.7077949257825473e-16,-4.3298697960381105e-13,0.003443590336220048,0.9122491584386224,1.048570781448717,0.17592412756011014,2.537510201960913e-10,0.0012288747821003199,not_checked,0.001,not_checked,not_checked,,-0.0015705929809345692,0.0023523205319348245,0.00026003270523045074,True
local_b1_n800,81,2035191682,local,1,0.035355339059327376,800,0.00013083107026967689,True,ok,0.0019211793614022366,0.5794370457402931,0.0022513250709553824,3.1701021481852805,2.797943306269031,0.23924598829733978,0.22878797374351748,0.24685068158902865,0.2150373620184778,0.2150373620184776,800.0000000000005,800.0000000000005,0.00125,2.689437561542718e-11,8.907201462478179,9,1.48318857196017e-16,2.3722343533982837e-16,3.810285420513537e-13,-0.048107584970850104,1.00437771624266,1.146127218157899,0.22228584113654618,5.44446709938029e-11,0.0013455420266836882,not_checked,0.001,not_checked,not_checked,,-0.002491336695162395,0.006333695417966868,0.0017903482911325597,True
local_b1_n800,82,2035191683,local,1,0.035355339059327376,800,0.00013083107026967689,True,ok,0.006413343483510303,0.5934902079318445,0.004224617220869213,10.84513235376529,8.472919089861831,0.011679731988829312,0.009108386362562924,0.01445869167964697,0.005912569403436265,0.005912569403436248,800.0000000000005,800.0000000000005,0.00125,5.234124245134808e-11,7.928442589905922,9,-1.1305800046157444e-13,1.8214596497756474e-17,2.842170943040401e-14,-0.2918913900744,0.9977522271537081,1.2859465423925105,0.217012511307716,1.0827783114564227e-10,0.0013454579748213291,not_checked,0.001,not_checked,not_checked,,-0.001866754117861049,0.014693441084881655,0.006282512413240626,True
local_b1_n800,83,2035191684,local,1,0.035355339059327376,800,0.00013083107026967689,True,ok,4.05835594341486e-05,0.5983555337539284,0.00031801531640811113,0.0651306443838092,0.06501302116060738,0.9677357737961865,0.9676395146822717,0.9680161474639267,0.9680545426817437,0.9680545426817437,800.0000000000005,800.0000000000005,0.00125,6.563216636834568e-11,11.77584242440662,8,-2.0237311175799744e-16,-1.8030282128433939e-16,-2.8843594179761567e-13,-9.847464458569849e-05,0.9732948341697994,1.0069015004241164,0.198162603331442,1.3672529775021758e-10,0.0012240002397447824,not_checked,0.001,not_checked,not_checked,,-0.000582715007257859,0.0006638821261261561,-9.024751083552829e-05,True
local_b1_n800,84,2035191685,local,1,0.035355339059327376,800,0.00013083107026967689,True,ok,0.0034804517425452985,0.5917746773529378,0.0029085341037748853,5.804489541493731,5.460633976296724,0.07519114632013674,0.0673992183125379,0.06519861920257754,0.06176852218513511,0.06176852218513499,800.0000000000005,800.0000000000005,0.00125,4.819378229825588e-11,8.711209041770875,9,-6.735063895479954e-16,-1.95590071916385e-16,-3.1086244689504383e-13,-0.11788337671062488,1.0258671435294864,1.1254329068080366,0.20949651194686908,9.96691618126988e-11,0.0013500009663403034,not_checked,0.001,not_checked,not_checked,,-0.0022201703486599608,0.009181073833750558,0.0033496206722756217,True
local_b1_n800,85,2035191686,local,1,0.035355339059327376,800,0.00013083107026967689,True,ok,0.0014028119531244165,0.5671042769358818,0.001830822617550446,2.244908615790633,2.343199281111342,0.3288460688441869,0.32877944018492966,0.30987086259865687,0.3255466327885668,0.32554663278856655,800.0000000000005,800.0000000000005,0.00125,6.444644817804601e-11,10.694546537134553,8,-2.437071811717262e-13,2.244298497044994e-16,3.597122599785507e-13,-0.00020474539578252404,0.9401494129752719,1.0801376346086846,0.21283622730521226,1.2776024682636944e-10,0.0012221659999340773,not_checked,0.001,not_checked,not_checked,,-0.002185534439355807,0.00499115834560464,0.0012719808828547396,True
local_b1_n800,86,2035191687,local,1,0.035355339059327376,800,0.00013083107026967689,True,ok,0.0028477982264503154,0.5853292195960118,0.0026107889741603225,4.594632243349453,4.718277054507689,0.11170634874145452,0.10969410576839342,0.09450159869162496,0.10246453081076139,0.10246453081076128,800.0000000000005,800.0000000000005,0.00125,3.5626279704104036e-11,10.912299052328363,9,-2.1684043449710089e-16,-2.5717275531356165e-16,-4.085620730620576e-13,-0.019077540514472968,0.9012768253247474,1.17568677559593,0.19741434964207674,7.281819591753447e-11,0.0013529169373214245,not_checked,0.001,not_checked,not_checked,,-0.00226925413413819,0.007964850587038821,0.0027169671561806386,True
local_b1_n800,87,2035191688,local,1,0.035355339059327376,800,0.00013083107026967689,True,ok,0.00012506707696435804,0.6103212834773224,0.0005434745808247743,0.2000871933396129,0.21277774010500677,0.9061378878875574,0.9061468693900127,0.8990749567624503,0.9047888643409134,0.9047888643409134,800.0000000000005,800.0000000000005,0.00125,1.1324363669018567e-10,12.655299481073756,8,1.3265213580360147e-16,9.90960785651751e-17,1.5831780331154732e-13,1.0064901680040261e-05,0.9046525014576423,1.138325770819809,0.18623894728539095,2.401967513776526e-10,0.001225875923410058,not_checked,0.001,not_checked,not_checked,,-0.0009401235279652023,0.0011902576818939184,-5.7639933053188486e-06,True
local_b1_n800,88,2035191689,local,1,0.035355339059327376,800,0.00013083107026967689,True,ok,0.003362674878109484,0.5965713953930007,0.0028248461135806234,5.287315618120391,5.7307964346563125,0.062145656454067166,0.06519666699012033,0.056960443979313144,0.06787144332375943,0.06787144332375934,800.0000000000005,800.0000000000005,0.00125,6.041789291089117e-11,13.783094031738292,9,-2.1120258320017626e-16,-1.4137996329210978e-16,-2.2648549702353193e-13,0.04648209342739307,0.920717764061106,1.0149422219942954,0.19309487601046196,1.255529014088097e-10,0.001341208117082715,not_checked,0.001,not_checked,not_checked,,-0.002173921766376481,0.00889927152259545,0.003231843807839807,True
local_b1_n800,89,2035191690,local,1,0.035355339059327376,800,0.00013083107026967689,True,ok,0.0007784066964779957,0.6021382791833549,0.0014333256415354025,1.2685710661814258,1.1572639479115305,0.5477375029957645,0.5416562324091283,0.5606648462755522,0.5364803428547253,0.5364803428547253,800.0000000000005,800.0000000000005,0.00125,7.812217539537869e-11,10.748991784492176,8,-4.494524327366967e-12,3.5778671692021646e-17,5.706546346573305e-14,-0.01156017590831604,0.9573561610217949,1.115880664212253,0.1933251223406914,1.6363665977792152e-10,0.001220707781612873,not_checked,0.001,not_checked,not_checked,,-0.0020308599390491612,0.0035876733320051525,0.0006475756262083188,True
local_b1_n800,90,2035191691,local,1,0.035355339059327376,800,0.00013083107026967689,True,ok,0.00044309285022414713,0.5388627324028157,0.0010332193289850661,0.6990516926587628,0.7513632583691743,0.6927662319174741,0.6963218591232117,0.6868209619876272,0.7015421608980097,0.7015421608980096,800.0000000000005,800.0000000000005,0.00125,3.4803271375949407e-12,10.606944842075642,8,2.1739131762094077e-13,2.5034228162690297e-16,4.005684672847565e-13,0.00494843384993654,0.8716052839453611,1.067937408648308,0.2015924056487343,6.6204819404447335e-12,0.0012488760985434055,not_checked,0.001,not_checked,not_checked,,-0.001581979822717224,0.0024681655231655183,0.00031226177995447024,True
local_b1_n800,91,2035191692,local,1,0.035355339059327376,800,0.00013083107026967689,True,ok,0.0011028383456341828,0.6185967376589014,0.0017331245319058201,1.7974773920948217,1.5808780928336574,0.4234874193050887,0.4167667149482457,0.45364558008674993,0.4138421423639864,0.4138421423639862,800.0000000000005,800.0000000000005,0.00125,1.638108537704852e-10,11.545588746063759,8,-1.6113289305272338e-11,1.8301332671555315e-16,2.948752353404416e-13,-0.01646801954006405,0.9195143125010286,1.1409071343381443,0.17855408409119694,3.517428570631864e-10,0.0012661248911172152,not_checked,0.001,not_checked,not_checked,,-0.0022940233176240643,0.00449970000889243,0.0009720072753645059,True
local_b1_n800,92,2035191693,local,1,0.035355339059327376,800,0.00013083107026967689,True,ok,0.006497672553352096,0.627971353516521,0.004229398199752409,10.91340308431271,8.673538622690582,0.010185515703595938,0.008143324866018369,0.013078713273923993,0.005526845596841226,0.005526845596841211,800.0000000000005,800.0000000000005,0.00125,5.039302308773586e-13,10.004356939507646,10,-1.2147834821396586e-13,3.8163916471489756e-17,6.217248937900877e-14,-0.2585634994746755,0.9751626956431303,1.2668909819820713,0.19209340024746746,9.796607969292381e-13,0.0015014591626822948,not_checked,0.001,not_checked,not_checked,,-0.001791795594441167,0.01478714070114536,0.006366841483082419,True
local_b1_n800,93,2035191694,local,1,0.035355339059327376,800,0.00013083107026967689,True,ok,0.0025227449387743572,0.6066377058289514,0.002389906056755461,4.181722379563906,4.263788045029546,0.15156680000358067,0.14164532816606878,0.11861242636152643,0.13289499803628668,0.1328949980362865,800.0000000000005,800.0000000000005,0.00125,9.58919610383191e-11,9.74882512584419,9,2.8102520310824275e-16,1.235990476633475e-16,1.9628743075372768e-13,-0.072665238762466,0.9805424038963477,1.1592284415076142,0.193284307113225,2.0225021657438447e-10,0.0013885002117604017,not_checked,0.001,not_checked,not_checked,,-0.0021613848589004843,0.007206874736449199,0.0023919138685046804,True
local_b1_n800,94,2035191695,local,1,0.035355339059327376,800,0.00013083107026967689,True,ok,0.0007540813306043948,0.5544194553049058,0.0013440024606611479,1.2279175718274946,1.2376781132602206,0.5560814770591038,0.5503283358709385,0.5385693232811318,0.5470226528749702,0.54702265287497,800.0000000000005,800.0000000000005,0.00125,2.9077296126445162e-11,8.84925024791601,8,-2.544913065005705e-12,-8.315830662963819e-17,-1.325606291402437e-13,-0.010693721430231173,0.9848324923852027,1.0724630903503223,0.2191696442144683,5.4106719105107004e-11,0.0012667500413954258,not_checked,0.001,not_checked,not_checked,,-0.001880115087424666,0.0033882777486334554,0.0006232502603347179,True
local_b1_n800,95,2035191696,local,1,0.035355339059327376,800,0.00013083107026967689,True,ok,0.0022442796592698766,0.6076988106876184,0.002363591093463643,3.6413515713665543,3.552165193977789,0.17398258524156152,0.16975545876448167,0.16930006651022111,0.16605707450230398,0.16605707450230378,800.0000000000005,800.0000000000005,0.00125,1.0058953670011306e-10,11.455365109575673,9,-1.3877787807814457e-17,1.734723475976807e-18,2.220446049250313e-15,-0.025252058267374755,1.0250845914446516,1.0282364534288408,0.20002097232391258,2.125493114846222e-10,0.0013688330072909594,not_checked,0.001,not_checked,not_checked,,-0.0023882737580985082,0.0068768330766382614,0.0021134485890001997,True
local_b1_n800,96,2035191697,local,1,0.035355339059327376,800,0.00013083107026967689,True,ok,0.0007046609778327273,0.6077810850846705,0.0013521593931063386,1.1518128199422337,1.0602840485568634,0.5831990508853038,0.5764471777373729,0.5885213794183191,0.5690831156833944,0.5690831156833943,800.0000000000005,800.0000000000005,0.00125,1.0099654446094064e-10,10.79057660291076,8,-5.298896738059611e-12,5.074066167232161e-17,8.149037000748649e-14,-0.01217762770493469,0.9974882286042237,1.0950522381531886,0.20494159857854016,2.1336865607679556e-10,0.0012311248574405909,not_checked,0.001,not_checked,not_checked,,-0.0019455227340132333,0.003354844689678688,0.0005738299075630504,True
local_b1_n800,97,2035191698,local,1,0.035355339059327376,800,0.00013083107026967689,True,ok,0.00020502187745341516,0.6020298099723476,0.0007529237173940773,0.3308071899488694,0.296793739815019,0.8516383184073735,0.8504842774758858,0.8620889098951593,0.8487271673589626,0.8487271673589625,800.0000000000005,800.0000000000005,0.00125,7.772027466046438e-11,11.513217423953392,8,-7.938257256395742e-15,7.863176255951121e-17,1.254552017826427e-13,-0.0013860930117024772,0.8829208903555202,1.1794268240933259,0.18708256011571484,1.6279777526051475e-10,0.001235166098922491,not_checked,0.001,not_checked,not_checked,,-0.00127068149174499,0.0016807252466518204,7.419080718373827e-05,True
local_b1_n800,98,2035191699,local,1,0.035355339059327376,800,0.00013083107026967689,True,ok,0.0008337426496207723,0.568749309075077,0.0014437068297251797,1.3393276717213736,1.3266377035320345,0.517363606323773,0.5160012359332029,0.515138824882133,0.5132490265640322,0.5132490265640319,800.0000000000005,800.0000000000005,0.00125,1.5979439993429878e-11,10.419813026860032,8,-3.1424125454537766e-13,8.716985466783456e-17,1.4011014570769476e-13,-0.002669716164068636,0.964693020473785,1.0610776709063576,0.2139703709831827,3.182254459943579e-11,0.0012315409258008003,not_checked,0.001,not_checked,not_checked,,-0.0019958707408750803,0.003663356040116625,0.0007029115793510954,True
local_b1_n800,99,2035191700,local,1,0.035355339059327376,800,0.00013083107026967689,True,ok,0.00015234683593079446,0.6168959804236072,0.000626402008721688,0.24439514719330305,0.23642241562785132,0.8847557186985822,0.884471262307162,0.8885083728845107,0.8852568334884432,0.8852568334884432,800.0000000000005,800.0000000000005,0.00125,1.5190537716591734e-10,12.755148976366051,8,-2.352176613207302e-16,1.5092094240998222e-16,2.4202861936828413e-13,-0.00032010485201589,0.9402562406631922,1.0535174903893394,0.1789831425631253,3.2539726468883146e-10,0.0012208330444991589,not_checked,0.001,not_checked,not_checked,,-0.0010753785410072588,0.0013800722128688477,2.151576566111757e-05,True
local_b1_n800,100,2035191701,local,1,0.035355339059327376,800,0.00013083107026967689,True,ok,0.003973879401842462,0.5864505148516888,0.003175400822570057,6.567823098646999,6.005123409324596,0.051083081871017816,0.04633144669461148,0.049659691822905624,0.04162295248362457,0.04162295248362449,800.0000000000005,800.0000000000005,0.00125,3.7603364866356515e-11,9.170282866171782,9,-5.273559366969494e-16,-1.474514954580286e-16,-2.3714363805993344e-13,-0.10480802784952825,0.9870924665297955,1.1476658617192814,0.21733858122959926,7.692868564390665e-11,0.0013473329599946737,not_checked,0.001,not_checked,not_checked,,-0.002249791846873712,0.010197550650558634,0.003843048331572785,True
local_b1_n800,101,2035191702,local,1,0.035355339059327376,800,0.00013083107026967689,True,ok,0.0020113197637727787,0.5989605424651443,0.002168527215643063,3.165984153044628,3.478570844006452,0.18810023310836121,0.19323019152107995,0.17564586845620248,0.20007643488518445,0.20007643488518428,800.0000000000005,800.0000000000005,0.00125,6.749711900511102e-11,13.699722194540255,9,3.946495907847236e-17,-2.6020852139652106e-18,-3.552713678800501e-15,0.02606373449590982,0.8500235846905845,1.0782821699351681,0.17206499581568455,1.407234329064977e-10,0.0013475839514285326,not_checked,0.001,not_checked,not_checked,,-0.002238915478382548,0.0062615550059281055,0.0018804886935031018,True
local_b1_n800,102,2035191703,local,1,0.035355339059327376,800,0.00013083107026967689,True,ok,0.0007582104455448047,0.5912046658061572,0.0014484701920023679,1.2374290920441853,1.0705930771134249,0.5622269204633432,0.55579185055629,0.5854956423666866,0.5452186585483503,0.5452186585483503,800.0000000000005,800.0000000000005,0.00125,5.0491055780810257e-11,10.154703484437446,8,-4.7255040592358855e-12,2.080583968999683e-16,3.33510996597397e-13,-0.01214618958624858,0.9449241447819687,1.1703375418522834,0.20635960338332116,9.913136977957038e-11,0.001230041030794382,not_checked,0.001,not_checked,not_checked,,-0.0020807389634596536,0.003597159854549263,0.0006273793752751278,True
local_b1_n800,103,2035191704,local,1,0.035355339059327376,800,0.00013083107026967689,True,ok,0.0032251778086598293,0.5870245274574137,0.00284709776510402,5.287836262230536,4.975718258657611,0.08392478418794722,0.0789454324562536,0.08308765622837924,0.0757632261701377,0.07576322617013762,800.0000000000005,800.0000000000005,0.00125,3.862010711230823e-11,9.745337592875439,9,-5.4643789493269423e-17,-2.6020852139652106e-17,-3.9968028886505635e-14,-0.06377588418740343,0.9929129911506651,1.0891326572883584,0.20340977188013892,7.9119377716097e-11,0.0013422919437289238,not_checked,0.001,not_checked,not_checked,,-0.002355031271408528,0.008805386888728187,0.0030943467383901524,True
local_b1_n800,104,2035191705,local,1,0.035355339059327376,800,0.00013083107026967689,True,ok,0.0019188612009291006,0.5458969148570059,0.002246757799989379,3.1437029077603187,2.827533393661135,0.23322641781182257,0.225244719695681,0.24322539920310685,0.215436524923846,0.21543652492384577,800.0000000000005,800.0000000000005,0.00125,5.029088256947034e-12,8.159161175350302,9,-2.1553939189011828e-16,-1.1167282376600696e-16,-1.7719159473017498e-13,-0.03676249313687796,0.9963731174350696,1.1135180992577978,0.23459127253369932,9.670486633694964e-12,0.0013406660873442888,not_checked,0.001,not_checked,not_checked,,-0.002484703169034528,0.006322425570892729,0.0017880301306594237,True
local_b1_n800,105,2035191706,local,1,0.035355339059327376,800,0.00013083107026967689,True,ok,0.0019505540352096062,0.5818817964444278,0.0021549736822699655,3.031444434223894,3.3542145872591322,0.19687537604487626,0.20624834173610182,0.18691388174503631,0.2100429536126553,0.2100429536126551,800.0000000000005,800.0000000000005,0.00125,3.0217828239642586e-11,13.933449112191166,9,8.543513119185775e-17,-5.421010862427522e-17,-8.615330671091215e-14,0.04472101105573878,0.9028006112774435,1.0181744730181623,0.18936422476766282,6.145128850221226e-11,0.0013462081551551819,not_checked,0.001,not_checked,not_checked,,-0.0022731167696711874,0.0061742248400904,0.0018197229649399294,True
local_b1_n800,106,2035191707,local,1,0.035355339059327376,800,0.00013083107026967689,True,ok,0.0017109043812111313,0.5910738281274626,0.002124352623177858,2.7902377631909285,2.5339628430643346,0.2684985450296171,0.2617831248811019,0.28168061479633255,0.25443153293812015,0.25443153293811993,800.0000000000005,800.0000000000005,0.00125,4.676992126917412e-11,10.237272148876409,9,3.3566899260151217e-16,3.673276960380889e-16,5.861977570020827e-13,-0.02639537662655833,0.9812482071340813,1.1017975379098681,0.20256928481846292,9.634804065683511e-11,0.0013402500189840794,not_checked,0.001,not_checked,not_checked,,-0.0024527502506806595,0.005874559013102922,0.0015800733109414544,True
local_b1_n800,107,2035191708,local,1,0.035355339059327376,800,0.00013083107026967689,True,ok,0.001304512556143278,0.5665563707979828,0.0017589273521736789,2.077616231877452,2.1984500688995943,0.35233023292060783,0.3540239916748631,0.3331291473028905,0.3521809950982809,0.35218099509828066,800.0000000000005,800.0000000000005,0.00125,5.2067461453475516e-11,11.059653393124782,8,1.871893265392721e-12,-1.238158880978446e-16,-1.971756091734278e-13,0.004801928975897152,0.9431840828958272,1.0592372681627737,0.21424899803580852,1.0557821283896374e-10,0.0012204160448163748,not_checked,0.001,not_checked,not_checked,,-0.0021429217055395325,0.004751946817826088,0.001173681485873601,True
local_b1_n800,108,2035191709,local,1,0.035355339059327376,800,0.00013083107026967689,True,ok,0.0006314755142140527,0.5597862299238663,0.0012919560968797956,1.0039541519217245,0.9618506642676905,0.5943147347373499,0.5962773083313186,0.6182110764815297,0.6033967059795641,0.6033967059795637,800.0000000000005,800.0000000000005,0.00125,1.0213718759644053e-11,10.875109420894054,8,1.6591968684392944e-13,2.5565487227208195e-16,4.098943406916078e-13,0.0032033354103802036,0.8959276137845026,1.0503175238808842,0.19543380926786863,2.0087043139938032e-11,0.0012317080982029438,not_checked,0.001,not_checked,not_checked,,-0.0019007119052772874,0.0031636629337053928,0.0005006444439443758,True
local_b1_n800,109,2035191710,local,1,0.035355339059327376,800,0.00013083107026967689,True,ok,0.003763119595039166,0.6273824178995777,0.0030203083727145807,6.242025008962265,5.972336740450148,0.061384887312642196,0.05543830836230892,0.050480489180027045,0.04926725211110886,0.04926725211110877,800.0000000000005,800.0000000000005,0.00125,5.995204332975845e-15,10.751395738470555,10,-8.105495441501631e-16,3.7730235602495554e-17,5.861977570020827e-14,-0.11051682844979771,0.9840087280877573,1.1703847511395988,0.19833298864529045,1.2212453270876722e-14,0.0014433751348406076,not_checked,0.001,not_checked,not_checked,,-0.0021565760376861904,0.009682815227764523,0.003632288524769489,True
local_b1_n800,110,2035191711,local,1,0.035355339059327376,800,0.00013083107026967689,True,ok,0.004967335105514836,0.5852273599361351,0.0036324557287741436,8.291035605922815,7.074962015864908,0.02631603951614285,0.02251261611732487,0.029086503549746852,0.01880057011365028,0.01880057011365023,800.0000000000005,800.0000000000005,0.00125,3.547284688210084e-11,8.464088243431712,9,-5.427082394593441e-15,2.0469737016526324e-16,3.2862601528904634e-13,-0.17164971854953626,0.9985965093188103,1.1800938592955146,0.21293082356906848,7.245515298848204e-11,0.0013537919148802757,not_checked,0.001,not_checked,not_checked,,-0.0021521472983186797,0.012086817509348351,0.004836504035245159,True
local_b1_n800,111,2035191712,local,1,0.035355339059327376,800,0.00013083107026967689,True,ok,0.0031696411317156947,0.5838398642017988,0.0028669350426736287,5.12760598806036,4.807622840731099,0.08269800936987651,0.080460616522196,0.09037284712483375,0.07920523329619732,0.07920523329619719,800.0000000000005,800.0000000000005,0.00125,3.3215208361525583e-11,10.648621619898051,9,-2.207435623180487e-16,-1.8821749714348357e-16,-3.0020430585864233e-13,-0.028090088657622747,0.9111306459512634,1.1207901490889642,0.19430205201454956,6.768119398259387e-11,0.0013385000638663769,not_checked,0.001,not_checked,not_checked,,-0.0024494482979404205,0.00878873056137181,0.003038810061446018,True
local_b1_n800,112,2035191713,local,1,0.035355339059327376,800,0.00013083107026967689,True,ok,0.0022640891400576013,0.5850217672308391,0.0023247492266422216,3.512628892571617,3.868715256051808,0.14577949786751787,0.15454133926941555,0.14451707273033668,0.16344621352288533,0.1634462135228852,800.0000000000005,800.0000000000005,0.00125,3.5129676945189203e-11,14.290866516286611,9,-1.444157293750692e-16,-4.206704429243757e-17,-6.705747068735946e-14,0.0549568657602737,0.8960954745534708,0.9851770831410029,0.1848612627690655,7.172595850590824e-11,0.0013352080713957548,not_checked,0.001,not_checked,not_checked,,-0.0022923356172484966,0.006820513897363699,0.0021332580697879244,True
local_b1_n800,113,2035191714,local,1,0.035355339059327376,800,0.00013083107026967689,True,ok,0.00024106323671824192,0.5665114397831936,0.0008060309179572848,0.38954814545518607,0.3542225945285662,0.8274658793769276,0.8259048735640108,0.8376865471135353,0.824605169709635,0.824605169709635,800.0000000000005,800.0000000000005,0.00125,1.4306222873017305e-11,9.847118568006103,8,-1.596723512957421e-14,1.1622647289044608e-16,1.8629542353210127e-13,-0.0019234833529993833,0.9339271567723654,1.109485047512546,0.20805289517589495,2.839395385478838e-11,0.0012236670590937138,not_checked,0.001,not_checked,not_checked,,-0.0013387283329037954,0.0018208548063402793,0.00011023216644856504,True
local_b1_n800,114,2035191715,local,1,0.035355339059327376,800,0.00013083107026967689,True,ok,0.002978806518593169,0.5393290340313432,0.002760508239145837,4.8089592001329455,4.617739015115458,0.09317039490929435,0.09120446202419866,0.09937352910684581,0.09226916980599109,0.092269169805991,800.0000000000005,800.0000000000005,0.00125,3.5670355558181654e-12,9.021529736087833,9,8.673617379884035e-19,5.204170427930421e-18,7.105427357601002e-15,-0.0214343851919363,0.9634686028224472,1.0444169336265037,0.21983195767117972,6.7907901524222325e-12,0.0013608341105282307,not_checked,0.001,not_checked,not_checked,,-0.002431690209158754,0.008389303246345091,0.002847975448323492,True
local_b1_n800,115,2035191716,local,1,0.035355339059327376,800,0.00013083107026967689,True,ok,0.0062017970683312384,0.5901140812183707,0.0037207085569522704,9.77676283432248,11.072188533173248,0.006602381848233689,0.007102309603156637,0.003941892793505187,0.007002852908038083,0.007002852908038062,800.0000000000005,800.0000000000005,0.00125,4.4668602150466086e-11,13.402144585728614,9,1.2836953722228372e-15,9.367506770274758e-17,1.4921397450962104e-13,0.07305623750375378,0.8792536097595803,1.0815745680142557,0.19075115078171256,9.196732264626917e-11,0.001341874012723565,not_checked,0.001,not_checked,not_checked,,-0.0010906577002652079,0.013494251836927686,0.0060709659980615616,True
local_b1_n800,116,2035191717,local,1,0.035355339059327376,800,0.00013083107026967689,True,ok,0.0008106363650328685,0.595523746764338,0.0014466828352895263,1.2739401419577532,1.2890461242209121,0.5200327371395557,0.5261149623977259,0.5249128332340647,0.5228246794640745,0.5228246794640743,800.0000000000005,800.0000000000005,0.00125,5.756795040667839e-11,13.540984176510486,8,4.06664914416599e-12,8.066464163292153e-17,1.290079154614432e-13,0.011539021047418552,0.9352928133083596,1.0505832812809373,0.20231122433397397,1.1939915722791739e-10,0.0012316657230257988,not_checked,0.001,not_checked,not_checked,,-0.002024809889186894,0.003646082619252631,0.0006798052947631916,True
local_b1_n800,117,2035191718,local,1,0.035355339059327376,800,0.00013083107026967689,True,ok,0.0033842313013572323,0.5355647610579548,0.0030046964265912322,5.590656202580176,4.832848539478295,0.08293173667962428,0.07651359304956531,0.0892401463250434,0.06671102541896032,0.06671102541896022,800.0000000000005,800.0000000000005,0.00125,2.917999175622299e-12,7.305329958245388,9,-4.683753385137379e-17,8.673617379884035e-18,1.3322676295501878e-14,-0.08794306020430076,1.0006757091923368,1.1724820357100578,0.2431584741128788,5.52935475184313e-12,0.0013453748542815447,not_checked,0.001,not_checked,not_checked,,-0.0025048654792377816,0.009273328081952246,0.0032534002310875554,True
local_b1_n800,118,2035191719,local,1,0.035355339059327376,800,0.00013083107026967689,True,ok,0.0032477886691024693,0.5765335417883755,0.002748619638128736,5.362987231459072,5.372718458541793,0.08907966690290431,0.08246029938106544,0.06812852874347147,0.07440508927252286,0.07440508927252275,800.0000000000005,800.0000000000005,0.00125,2.3360979817255156e-11,8.796000338051078,9,6.852157730108388e-17,2.2985086056692694e-16,3.7125857943465235e-13,-0.08326268044755913,0.9919621289456628,1.155597028630742,0.21384485989519048,4.711142587154882e-11,0.001340624876320362,not_checked,0.001,not_checked,not_checked,,-0.0021394068288293697,0.008634984167034308,0.0031169575988327924,True
local_b1_n800,119,2035191720,local,1,0.035355339059327376,800,0.00013083107026967689,True,ok,0.00018729750832346959,0.6114806527848273,0.0007015721644208339,0.30220931876145046,0.2824279484029422,0.8637653423411995,0.8626967530405772,0.868303497271167,0.8608474166798687,0.8608474166798687,800.0000000000005,800.0000000000005,0.00125,1.1932166366079855e-10,11.977593387026355,8,-6.6332031013749404e-15,-1.6910843385342655e-16,-2.7067237340361316e-13,-0.0012666527219494794,0.965623777614496,1.0837442045046166,0.1975806349697176,2.5348345644715664e-10,0.0012207920663058758,not_checked,0.001,not_checked,not_checked,,-0.0011877586664971779,0.001562353683144117,5.64664380537927e-05,True
local_b1_n800,120,2035191721,local,1,0.035355339059327376,800,0.00013083107026967689,True,ok,0.0009058197708511351,0.5747894670711176,0.0014857595982157884,1.4500260260346693,1.4882070357147756,0.4864352416828671,0.4862625633488563,0.4751600815865995,0.48449129408338154,0.4844912940833812,800.0000000000005,800.0000000000005,0.00125,2.1465718091917552e-11,10.967410833128833,8,-6.915160718351521e-14,9.540979117872439e-18,1.554312234475219e-14,-0.00035719633642616877,0.9542733860976421,1.0585688666372541,0.20906095487368684,4.317257662478369e-11,0.0012318757362663746,not_checked,0.001,not_checked,not_checked,,-0.0020062155313365112,0.0038178550730387814,0.0007749887005814582,True
local_b1_n800,121,2035191722,local,1,0.035355339059327376,800,0.00013083107026967689,True,ok,0.00017570144238021612,0.5973743850243987,0.0006418326470792143,0.2781896053839805,0.30286725605148496,0.8647878385663552,0.8660991801835751,0.8594749254274981,0.8688705284830048,0.8688705284830047,800.0000000000005,800.0000000000005,0.00125,6.272304897692038e-11,12.896699040817753,8,7.962787330548227e-15,-3.067750047047735e-16,-4.907185768843192e-13,0.0014663512121827205,0.9027870648909496,1.0366595295927195,0.1802319116613403,1.3046763669422035e-10,0.001228582812473178,not_checked,0.001,not_checked,not_checked,,-0.001082267429997051,0.0014336703147574833,4.4870372110539236e-05,True
local_b1_n800,122,2035191723,local,1,0.035355339059327376,800,0.00013083107026967689,True,ok,0.00046246958483053824,0.5942488473004364,0.0010778235988777817,0.7485698348171923,0.7268293793780558,0.6996697333084205,0.6967657202904309,0.6952980407781721,0.6907511378832074,0.6907511378832072,800.0000000000005,800.0000000000005,0.00125,5.4247939473839324e-11,10.90357604442957,8,-2.414825067340032e-13,-6.602791230436722e-17,-1.056932319443149e-13,-0.004309249544165339,0.9938301577190701,1.0794635707545428,0.2149930670059171,1.1230816276963651e-10,0.001229708082973957,not_checked,0.001,not_checked,not_checked,,-0.0016500258506572598,0.0025749650203183362,0.00033163851456086135,True
local_b1_n800,123,2035191724,local,1,0.035355339059327376,800,0.00013083107026967689,True,ok,0.0008663011009502064,0.5852202303332346,0.0014871346402023063,1.4131310760134508,1.3258893039423232,0.5162198820720136,0.5096050179857983,0.5153316257955076,0.5000531527249023,0.5000531527249019,800.0000000000005,800.0000000000005,0.00125,6.652622897007632e-11,9.935235563820074,8,-6.371361120985353e-12,7.535205098774256e-17,1.199040866595169e-13,-0.013524657246559824,0.9903129326564571,1.108143943177306,0.21779467381610632,1.2933343285226329e-10,0.001218792051076889,not_checked,0.001,not_checked,not_checked,,-0.0020484292340082456,0.0037810314359086584,0.0007354700306805295,True
local_b1_n800,124,2035191725,local,1,0.035355339059327376,800,0.00013083107026967689,True,ok,0.0002857771033439871,0.6076434847485823,0.0008460677727423463,0.4635720108583457,0.4507324419169151,0.7988894278260388,0.796410649530241,0.7982238389254783,0.7956294769907127,0.7956294769907127,800.0000000000005,800.0000000000005,0.00125,1.0038048170457614e-10,11.369282499947769,8,-9.23854634286847e-14,-7.871307772244762e-17,-1.2589929099249275e-13,-0.00316432275398304,0.9915326926387735,1.045524484172426,0.1971848326711657,2.1200308175650662e-10,0.0012246249243617058,not_checked,0.001,not_checked,not_checked,,-0.0013724852597110308,0.001944039466399005,0.0001549460330743102,True
local_b1_n800,125,2035191726,local,1,0.035355339059327376,800,0.00013083107026967689,True,ok,0.003921274586044188,0.6422354692532739,0.003149705801351618,6.625477227628694,5.774887289776418,0.060199607171240274,0.05143662915502052,0.05571846689545071,0.04341198739155159,0.04341198739155151,800.0000000000005,800.0000000000005,0.00125,6.517009154549669e-14,10.098186406959265,10,-1.5193575564342865e-14,1.2836953722228372e-16,2.0605739337042905e-13,-0.17571894497899487,1.0850317922281336,1.1472993266950204,0.20434185909060787,1.2967404927621828e-13,0.001444583060219884,not_checked,0.001,not_checked,not_checked,,-0.0022520353465018536,0.01009458451859023,0.003790443515774511,True
local_b1_n800,126,2035191727,local,1,0.035355339059327376,800,0.00013083107026967689,True,ok,0.00027497330114978347,0.6037874584998439,0.0007734305969176313,0.4341124123027196,0.5115638451416734,0.7967621535150295,0.7991683713981325,0.7743108100921792,0.8025359392088847,0.8025359392088846,800.0000000000005,800.0000000000005,0.00125,8.414602348238986e-11,13.495143798408648,8,6.794326386228011e-14,1.2094275234075802e-16,1.9340085088970227e-13,0.002922434768467125,0.8483580138969375,1.1028545223687034,0.16805356817101524,1.7689250064734097e-10,0.0012216249015182257,not_checked,0.001,not_checked,not_checked,,-0.0012409228133500895,0.0017908694156496565,0.00014414223088010658,True
local_b1_n800,127,2035191728,local,1,0.035355339059327376,800,0.00013083107026967689,True,ok,0.0003057762146383425,0.586183483018383,0.0008565393301921228,0.49541102643306223,0.5044862577991368,0.7876698770228927,0.7853035667619601,0.7770557903813365,0.7830012616337731,0.7830012616337729,800.0000000000005,800.0000000000005,0.00125,3.7132519281612986e-11,10.474913780583046,8,-7.448089454215046e-14,2.6020852139652106e-18,4.218847493575595e-15,-0.0030845415058569914,0.9561789531239515,1.0979488788883267,0.20134715675689976,7.593148332318833e-11,0.001225499901920557,not_checked,0.001,not_checked,not_checked,,-0.0013730100238802795,0.0019845624531569647,0.0001749451443686656,True
local_b1_n800,128,2035191729,local,1,0.035355339059327376,800,0.00013083107026967689,True,ok,0.0004057367744763063,0.6992365447693181,0.0010418024760423573,0.6564784313462727,0.5977063442203205,0.7330828882429605,0.7305287626329054,0.741668299032108,0.7228240701344596,0.7228240701344595,800.0000000000005,800.0000000000005,0.00125,5.6210591736771676e-12,17.366117747137285,9,-3.496491833045179e-13,1.233822072288504e-16,1.9739765377835283e-13,-0.003649796092091151,0.979271667595718,1.1152366758263366,0.15577139654789335,1.326627696585092e-11,0.001336083048954606,not_checked,0.001,not_checked,not_checked,,-0.0016361585575713667,0.0024476321065239792,0.0002749057042066294,True
local_b1_n800,129,2035191730,local,1,0.035355339059327376,800,0.00013083107026967689,True,ok,0.0008288371256257587,0.6341487217903736,0.0014323879473407731,1.3232857867067278,1.3396465991291113,0.5187785593855037,0.5195113910515409,0.5117990049040783,0.5152671883625124,0.5152671883625122,800.0000000000005,800.0000000000005,0.00125,1.7930879003813516e-11,14.245056710390305,9,2.694886414716935e-13,2.8275992658421956e-16,4.5274894944213884e-13,0.001426807147243414,0.9605958554510309,1.0618034914688275,0.18214944922244,3.969380379942322e-11,0.0013299579732120037,not_checked,0.001,not_checked,not_checked,,-0.001978591663051412,0.0036362659143029294,0.0006980060553560818,True
local_b1_n800,130,2035191731,local,1,0.035355339059327376,800,0.00013083107026967689,True,ok,0.0003991651420305331,0.5875558276838764,0.001005927432674406,0.6483690057187115,0.6196637660692189,0.7339594179449491,0.730518187266754,0.7335702714662462,0.7266341841157038,0.7266341841157038,800.0000000000005,800.0000000000005,0.00125,3.962608019492109e-11,10.346095279542954,8,-2.9205007552948747e-13,-1.7200867466482528e-16,-2.757793993168889e-13,-0.004852389234929089,1.0006010788359911,1.0651101118835828,0.21173813344657127,8.119904748582485e-11,0.0012266251724213362,not_checked,0.001,not_checked,not_checked,,-0.0015724163970721426,0.002370746681133209,0.0002683340717608562,True
local_b1_n800,131,2035191732,local,1,0.035355339059327376,800,0.00013083107026967689,True,ok,0.0007087194176245148,0.6102555660159525,0.0012851344946660855,1.1484434818023577,1.2012526489557,0.5762160137030945,0.5721736183194406,0.5484680095547015,0.5672384402562924,0.5672384402562922,800.0000000000005,800.0000000000005,0.00125,1.1293477264473495e-10,11.581913144369167,8,-1.4448761197910498e-12,-8.760353553682876e-17,-1.3944401189291966e-13,-0.007246206801566624,0.954465413609407,1.106574492188915,0.1938392979374613,2.3946533644902956e-10,0.0012271672021597624,not_checked,0.001,not_checked,not_checked,,-0.001810097907211095,0.0032275367424601247,0.000577888347354838,True
local_b1_n800,132,2035191733,local,1,0.035355339059327376,800,0.00013083107026967689,True,ok,0.0007593757632873288,0.5900190538675472,0.001350144199930505,1.1895881970709201,1.2942572967391495,0.5336227101501418,0.540671881103478,0.5235469078595294,0.5447106130178445,0.5447106130178443,800.0000000000005,800.0000000000005,0.00125,4.9934500978565666e-11,13.513340106000578,8,5.002480309330981e-12,2.0534789146875454e-16,3.284039706841213e-13,0.012706512094403322,0.8914259134287555,1.0473940484677173,0.18715910364789307,1.0773426595278579e-10,0.0012317502405494452,not_checked,0.001,not_checked,not_checked,,-0.0018868582425121071,0.0034056097690867647,0.0006285446930176519,True
local_b1_n800,133,2035191734,local,1,0.035355339059327376,800,0.00013083107026967689,True,ok,0.0008268073632702322,0.609211315786339,0.0014475825362664809,1.337050461689774,1.2931425295526,0.5199603381751743,0.5163341753858011,0.523838805658245,0.5161045640015165,0.5161045640015165,800.0000000000005,800.0000000000005,0.00125,1.0773104630601438e-10,11.708269967779131,8,-1.7594444781318663e-12,-2.2063514210080015e-16,-3.5349501104064984e-13,-0.007079340228700937,0.9775506694921581,1.045990226519125,0.18959010392009204,2.2810020539054676e-10,0.0012253751046955585,not_checked,0.001,not_checked,not_checked,,-0.002010402272461217,0.0036640169990016813,0.0006959762930005553,True
local_b1_n800,134,2035191735,local,1,0.035355339059327376,800,0.00013083107026967689,True,ok,0.002797913166733945,0.6338856095241343,0.002647787861899836,4.632951850406391,4.265125219112279,0.12621389502199482,0.11741552495675664,0.11853315013479812,0.1066363817368083,0.10663638173680817,800.0000000000005,800.0000000000005,0.00125,4.440892098500626e-16,11.158210744707512,10,1.8561541192951836e-16,2.402592014227878e-16,3.8458125573015423e-13,-0.07814539181603797,1.073876234119175,1.0889928814530612,0.1960306162476263,8.881784197001252e-16,0.0014562502037733793,not_checked,0.001,not_checked,not_checked,,-0.0023916556812920483,0.007987482014759939,0.0026670820964642683,True
local_b1_n800,135,2035191736,local,1,0.035355339059327376,800,0.00013083107026967689,True,ok,0.0021506829840192143,0.5820048252558334,0.002285579085324651,3.487724624399697,3.4757227183188353,0.18644640767432868,0.18225163090227864,0.17589617739666893,0.1789683351818145,0.1789683351818143,800.0000000000005,800.0000000000005,0.00125,3.042754936899428e-11,10.309012321318036,9,-1.474514954580286e-17,-2.905661822261152e-17,-4.618527782440651e-14,-0.0233159249844761,0.9996227695699218,1.0492166804559557,0.2106442022018768,6.182854228597989e-11,0.0013327498454600573,not_checked,0.001,not_checked,not_checked,,-0.002328969707035101,0.006630335675073529,0.0020198519137495374,True
local_b1_n800,136,2035191737,local,1,0.035355339059327376,800,0.00013083107026967689,True,ok,0.00011974204990217174,0.565264036912579,0.0005175225082412544,0.19131384182670835,0.21415649718039756,0.9080039495045547,0.9081289896895761,0.8984553673738302,0.9086515061187262,0.9086515061187261,800.0000000000005,800.0000000000005,0.00125,1.3447687408074671e-11,10.670743535055543,8,8.650578083718719e-17,3.3637372401362775e-17,5.395683899678261e-14,0.00013671900838327367,0.8927961949403341,1.1029936138674123,0.20419056300441416,2.6638691252856006e-11,0.0012314161285758018,not_checked,0.001,not_checked,not_checked,,-0.0008945834274395202,0.0011340675272438637,-1.1089020367505142e-05,True
local_b1_n800,137,2035191738,local,1,0.035355339059327376,800,0.00013083107026967689,True,ok,0.0007257789726757835,0.6219224040700342,0.001357142809657697,1.1733430827612685,1.1340826231167458,0.5705971806195995,0.5672751116121044,0.5672011299802817,0.5595495588383496,0.5595495588383493,800.0000000000005,800.0000000000005,0.00125,1.8967938331115874e-10,12.376950803856596,8,-1.1766858104209077e-12,5.876375774871434e-17,9.348077867343818e-14,-0.006048363240007126,0.9523376929000736,1.1223753483026904,0.1926964123523219,4.0924796884667103e-10,0.0012430839706212282,not_checked,0.001,not_checked,not_checked,,-0.0019341720561308006,0.0033857300014823676,0.0005949479024061066,True
local_b1_n800,138,2035191739,local,1,0.035355339059327376,800,0.00013083107026967689,True,ok,0.001373164608219346,0.6155071705700892,0.0017983746178883253,2.2628217722617547,2.258447359199341,0.35329583629240413,0.3424779258098898,0.32328413109616244,0.3333602017803562,0.333360201780356,800.0000000000005,800.0000000000005,0.00125,1.4274503801203764e-10,10.555768936919895,9,-2.0968470015869656e-16,-1.6783449630075609e-16,-2.686739719592879e-13,-0.03287919955539986,0.9819963857948166,1.1322126984190892,0.19119388093387685,3.052913477574748e-10,0.0013765417970716953,not_checked,0.001,not_checked,not_checked,,-0.0021515848735527534,0.0048979140899914455,0.0012423335379496692,True
local_b1_n800,139,2035191740,local,1,0.035355339059327376,800,0.00013083107026967689,True,ok,0.0007380486051256074,0.6059812932477857,0.0013917735206131223,1.1877557496195723,1.1167255420910907,0.5538367442440115,0.5519355821917213,0.572145029853444,0.5540840526820161,0.5540840526820159,800.0000000000005,800.0000000000005,0.00125,9.309053528028244e-11,11.955898018109174,8,-4.49820302533821e-13,-3.681950577760773e-16,-5.893063814710331e-13,-0.0034389907092998717,0.9250851234908161,1.0774946875829385,0.18409299470036875,1.961200091216142e-10,0.0012234989553689957,not_checked,0.001,not_checked,not_checked,,-0.001989777369912627,0.0034658745801638417,0.0006072175348559306,True
local_b1_n800,140,2035191741,local,1,0.035355339059327376,800,0.00013083107026967689,True,ok,0.003526155058699798,0.5935649847833842,0.003065037608917301,5.886342843259548,5.014842101435641,0.07633012348565313,0.06831278125366957,0.08147809639731449,0.05955088945860248,0.05955088945860237,800.0000000000005,800.0000000000005,0.00125,5.2553739138261335e-11,8.718655556446304,9,-1.005705935197554e-15,-3.2959746043559335e-17,-5.062616992290714e-14,-0.12224737466993396,1.003965007352457,1.1868089328623561,0.21803659220305224,1.0867218236398912e-10,0.0013539160136133432,not_checked,0.001,not_checked,not_checked,,-0.0024812082660388753,0.009533518383438471,0.003395323988430121,True
local_b1_n800,141,2035191742,local,1,0.035355339059327376,800,0.00013083107026967689,True,ok,0.0009154452426061166,0.5313797635962312,0.0015060958382668859,1.4861474103367982,1.45381747711239,0.49246994318663395,0.4873936373180209,0.48340100168151867,0.48077485562344924,0.4807748556234489,800.0000000000005,800.0000000000005,0.00125,2.8878677227339722e-11,8.25728506269332,8,-2.4349699773856814e-12,-8.521829075736065e-17,-1.3677947663381929e-13,-0.010717511083505382,0.9842301449906261,1.0852248868334953,0.23905433092871964,5.194089602866825e-11,0.0012294170446693897,not_checked,0.001,not_checked,not_checked,,-0.002036448357662642,0.003867338842874875,0.0007846141723364397,True
local_b1_n800,142,2035191743,local,1,0.035355339059327376,800,0.00013083107026967689,True,ok,0.003369793124529119,0.6213504172623439,0.0026737021865732113,5.1077907036122765,6.4977865906255685,0.04791106604354761,0.05614100055350772,0.0388171431832676,0.06748604119344376,0.06748604119344367,800.0000000000005,800.0000000000005,0.00125,1.849663755493225e-10,19.003275557941727,9,3.603020659603828e-15,3.3219954564955856e-16,5.329070518200751e-13,0.14193914781715833,0.7842765207945036,0.9842965658041586,0.1479181320719277,3.9875769353159285e-10,0.0013508747797459364,not_checked,0.001,not_checked,not_checked,,-0.001870566866540367,0.008610153115598606,0.003238962054259442,True
local_b1_n800,143,2035191744,local,1,0.035355339059327376,800,0.00013083107026967689,True,ok,0.0015098181935297994,0.5922686814032618,0.0020155467911135397,2.3573530815432755,2.2994467976534665,0.2830042151218799,0.29175311600093323,0.31672436359473577,0.29883773212699566,0.2988377321269955,800.0000000000005,800.0000000000005,0.00125,4.9462767215402437e-11,14.026472075232252,9,4.499439015814843e-16,3.3133218391157016e-16,5.311306949806749e-13,0.02917801405220244,0.8901241192485821,1.0253822543262412,0.18531611041306828,1.0207901190995017e-10,0.0013416670262813568,not_checked,0.001,not_checked,not_checked,,-0.0024405809262080143,0.005460217313267613,0.0013789871232601225,True
local_b1_n800,144,2035191745,local,1,0.035355339059327376,800,0.00013083107026967689,True,ok,0.00232716270383837,0.5808376137805507,0.002385277902259578,3.792501268655161,3.73743472129422,0.16194297321776835,0.1565723636332803,0.15432147372253607,0.15540352419772535,0.15540352419772524,800.0000000000005,800.0000000000005,0.00125,2.8770208437833844e-11,9.889588176085004,9,6.591949208711867e-17,-1.6479873021779667e-17,-2.5757174171303632e-14,-0.03452047125688318,0.977794177041976,1.0676652757958098,0.2174549180226096,5.83575410217918e-11,0.0013427510857582092,not_checked,0.001,not_checked,not_checked,,-0.002347896077709654,0.007002221485386395,0.0021963316335686933,True
local_b1_n800,145,2035191746,local,1,0.035355339059327376,800,0.00013083107026967689,True,ok,0.00015633806224690794,0.6039965726882197,0.0006210484155142903,0.25084131543545923,0.2526854273710408,0.8829230756547451,0.8826152979478861,0.8813127570781603,0.8824347330464322,0.882434733046432,800.0000000000005,800.0000000000005,0.00125,8.50294279430841e-11,12.076901387469754,8,-2.980742822705773e-16,1.275563855929196e-16,2.042810365310288e-13,-0.0003502079202031827,0.9767268477895868,1.0328957151931006,0.2009410788830284,1.786419900895453e-10,0.001238374738022685,not_checked,0.001,not_checked,not_checked,,-0.0010608944648167677,0.0013735705893105836,2.5506991977231053e-05,True
local_b1_n800,146,2035191747,local,1,0.035355339059327376,800,0.00013083107026967689,True,ok,0.0008778340032540299,0.5976750297429463,0.001416229993607353,1.3701783934932055,1.5677608051881002,0.47588052027377226,0.4845930353327038,0.45663065819992543,0.49546071960973925,0.4954607196097389,800.0000000000005,800.0000000000005,0.00125,1.1469436511646336e-10,14.250226567211529,8,1.291439600658445e-11,2.1098574276567916e-16,3.375077994860476e-13,0.01717800585662166,0.8709019684457576,1.0244142445505893,0.17371872776221334,2.5165425299178423e-10,0.0012391249183565378,not_checked,0.001,not_checked,not_checked,,-0.001897925778041773,0.0036535937845498328,0.000747002932984353,True
local_b1_n800,147,2035191748,local,1,0.035355339059327376,800,0.00013083107026967689,True,ok,0.0037263961533982037,0.5986350769323254,0.003168887769119392,6.226667892571451,5.251140594827371,0.06605507894368337,0.05862198650255804,0.0723984566060499,0.050736133865467874,0.05073613386546778,800.0000000000005,800.0000000000005,0.00125,6.649869543906561e-11,8.871381092480709,9,-1.4606371667724716e-15,-5.074066167232161e-17,-8.43769498715119e-14,-0.13221702356716092,0.9676631667972162,1.2211979785540432,0.20202922424467634,1.3855872005308356e-10,0.001354458974674344,not_checked,0.001,not_checked,not_checked,,-0.002484509745125282,0.00993730205192169,0.003595565083128527,True
local_b1_n800,148,2035191749,local,1,0.035355339059327376,800,0.00013083107026967689,True,ok,0.0012050239573764276,0.636471702845391,0.0017695266824186205,1.9885455961881116,1.7924286745510956,0.4060527703850575,0.3947454086103136,0.4081117123502871,0.38135706437235134,0.38135706437235106,800.0000000000005,800.0000000000005,0.00125,6.661338147750939e-16,11.498992944066325,10,-3.382710778154774e-17,-7.719519468096792e-17,-1.234568003383174e-13,-0.030253632192913105,0.9856653837825448,1.1573565198513982,0.1877175532098466,1.1102230246251565e-15,0.0014505840372294188,not_checked,0.001,not_checked,not_checked,,-0.0022631846098467145,0.00467323252459957,0.0010741928871067508,True
local_b1_n800,149,2035191750,local,1,0.035355339059327376,800,0.00013083107026967689,True,ok,0.0003504678420382934,0.5881811463314979,0.0009200797745041714,0.5523195745055026,0.5885732650299538,0.7486260825152979,0.7518907224979727,0.7450629015805552,0.7555009244596096,0.7555009244596095,800.0000000000005,800.0000000000005,0.00125,4.081146531831337e-11,12.849614299450794,8,1.8344071921194693e-13,-3.5561831257524545e-17,-5.706546346573305e-14,0.004214486377883575,0.9289127994873091,1.0093664122254193,0.1904274043311321,8.37143687704156e-11,0.0012278761714696884,not_checked,0.001,not_checked,not_checked,,-0.0014528553788936169,0.0021537910629702037,0.0002196367717686165,True
local_b1_n800,150,2035191751,local,1,0.035355339059327376,800,0.00013083107026967689,True,ok,0.0026334634775813104,0.5925003510738083,0.00255583617337745,4.146800658781426,4.271331898671103,0.111413060176808,0.11534469505371209,0.11816587168448116,0.12163010305553032,0.12163010305553011,800.0000000000005,800.0000000000005,0.00125,4.9960036108132044e-11,13.372980464622534,9,-1.4094628242311558e-16,-1.3270634591222574e-16,-2.1227464230832993e-13,0.033370452674336804,0.8972199964189667,1.022414711560069,0.1820863958119157,1.0322831478504213e-10,0.0013458328321576118,not_checked,0.001,not_checked,not_checked,,-0.002375883372623161,0.007642810327785782,0.0025026324073116335,True
local_b1_n800,151,2035191752,local,1,0.035355339059327376,800,0.00013083107026967689,True,ok,2.7811932425070296e-05,0.5919924063517363,0.0002722495509554019,0.04465100410132311,0.041795702896099865,0.9782944528424763,0.9782211701363241,0.9793189954776517,0.9779961496286831,0.9779961496286831,800.0000000000005,800.0000000000005,0.00125,4.882594328847745e-11,11.446131277042133,8,3.6083603553033194e-17,3.908210018631342e-17,6.23945339839338e-14,-7.595611060530472e-05,0.9239640192950038,1.1124786600083343,0.2012059104010681,1.007265382213518e-10,0.0012321248650550842,not_checked,0.001,not_checked,not_checked,,-0.0005057873822547197,0.0005614112471048603,-0.00010301913784460659,True
local_b1_n800,152,2035191753,local,1,0.035355339059327376,800,0.00013083107026967689,True,ok,0.0015074894596021071,0.5720266236822122,0.0019321956819948515,2.419215233992834,2.4223682789988437,0.30134291289576787,0.3002612105664414,0.2978443812342764,0.29939498189294145,0.29939498189294145,800.0000000000005,800.0000000000005,0.00125,9.586298421737638e-11,10.6804220448354,8,-2.5872500756390915e-12,-2.8557885223268187e-16,-4.574118861455645e-13,-0.003616049314730585,0.9830417804231814,1.027972136804608,0.2143231732400735,1.892479506437894e-10,0.0012283746618777514,not_checked,0.001,not_checked,not_checked,,-0.002279544488191609,0.0052945234073958234,0.0013766583893324302,True
local_b1_n800,153,2035191754,local,1,0.035355339059327376,800,0.00013083107026967689,True,ok,0.001015130173751766,0.5639048233053099,0.0015447666653064733,1.6583655340323005,1.6987166804343203,0.45268601962704813,0.4452105864501792,0.4276892749291591,0.4439230071078747,0.4439230071078746,800.0000000000005,800.0000000000005,0.00125,1.0777434500397476e-10,8.981562318260565,8,-1.1041724609292536e-11,-7.003946034256359e-17,-1.1213252548714081e-13,-0.01707862801473703,0.9552012182730375,1.097090067699748,0.20650426298212013,2.018680778093085e-10,0.0012400420382618904,not_checked,0.001,not_checked,not_checked,,-0.0020125568547669616,0.0040428172022704935,0.0008842991034820891,True
local_b1_n800,154,2035191755,local,1,0.035355339059327376,800,0.00013083107026967689,True,ok,0.0012758378364718936,0.6139539277267492,0.0017433667017976782,2.1008591997724886,2.073807609752665,0.3785317143685105,0.36796400772324966,0.35455074255462604,0.36035332548159843,0.3603533254815981,800.0000000000005,800.0000000000005,0.00125,1.3330414549983516e-10,10.536681284569141,9,-6.505213034913027e-17,-1.5417354892743873e-16,-2.4646951146678475e-13,-0.029759330708728715,1.0122209458758222,1.0898379598186145,0.19447734097143513,2.8421065501049725e-10,0.0013529579155147076,not_checked,0.001,not_checked,not_checked,,-0.002141098110897936,0.004692773783841723,0.0011450067662022168,True
local_b1_n800,155,2035191756,local,1,0.035355339059327376,800,0.00013083107026967689,True,ok,0.002893061048616863,0.5885314506996238,0.002659209575836412,4.75978138114215,4.596138656614321,0.10943878452797298,0.10280877516068157,0.10045259761172584,0.09882063508567321,0.09882063508567306,800.0000000000005,800.0000000000005,0.00125,4.147593379855152e-11,9.531542725357154,9,8.153200337090993e-17,5.637851296924623e-17,8.881784197001252e-14,-0.06544185167758343,1.0025487297786009,1.0895195862914806,0.2043964766135694,8.515632643479876e-11,0.0013416260480880737,not_checked,0.001,not_checked,not_checked,,-0.0023188939473665383,0.008105016044600264,0.002762229978347186,True
local_b1_n800,156,2035191757,local,1,0.035355339059327376,800,0.00013083107026967689,True,ok,0.005397192135295548,0.5882800285975793,0.0036103649621893256,8.7418275498428,8.677629302683709,0.01564744889339792,0.014869320238715057,0.01305199019676667,0.013329792540893629,0.013329792540893597,800.0000000000005,800.0000000000005,0.00125,4.100586536992523e-11,10.892826893826525,9,-2.92300905702092e-16,-1.9081958235744878e-17,-3.019806626980426e-14,-0.053160066684958984,0.9767454953324068,1.096631250219892,0.21277948353621345,8.411782381756439e-11,0.0013440011534839869,not_checked,0.001,not_checked,not_checked,,-0.001678993161640845,0.01247337743223194,0.005266361065025871,True
local_b1_n800,157,2035191758,local,1,0.035355339059327376,800,0.00013083107026967689,True,ok,0.0025339013775076413,0.5684650123564876,0.0025921450016100902,4.1011441331358265,3.7706209169146625,0.139695652407183,0.1365619080201304,0.15178193013008542,0.13171416749744067,0.13171416749744053,800.0000000000005,800.0000000000005,0.00125,1.5756396187782684e-11,9.918292601647515,9,2.914335439641036e-16,1.8344700758454735e-16,2.922107000813412e-13,-0.023450964561798848,0.942198585550025,1.1176865484461862,0.20708026480850386,3.136624293631485e-11,0.00133470818400383,not_checked,0.001,not_checked,not_checked,,-0.0025466094683536562,0.007614412223368939,0.0024030703072379644,True
local_b1_n800,158,2035191759,local,1,0.035355339059327376,800,0.00013083107026967689,True,ok,0.0032622021111605726,0.6318594275129714,0.002807905410988506,5.08391065663615,5.477139640885165,0.06801602852559857,0.07292779634081711,0.06466276015133485,0.07355206994723554,0.07355206994723543,800.0000000000005,800.0000000000005,0.00125,8.881784197001252e-16,16.815242984953834,10,2.1120258320017626e-16,1.4311468676808659e-16,2.291500322826323e-13,0.06780636061038425,0.9221966580146818,1.0187532530886805,0.17445759308674372,1.7763568394002505e-15,0.0014586669858545065,not_checked,0.001,not_checked,not_checked,,-0.0022411913663720378,0.008765595588693182,0.0031313710408908957,True
local_b1_n800,159,2035191760,local,1,0.035355339059327376,800,0.00013083107026967689,True,ok,0.0018006000066985717,0.6168011087897203,0.002148660950148081,2.9686807978180982,2.695707770618526,0.26081369499844864,0.25036006883694517,0.2597972174104717,0.23681405937861286,0.2368140593786127,800.0000000000005,800.0000000000005,0.00125,1.5108148065934301e-10,10.59036138815248,9,-1.8951853975046618e-16,-1.5287250632045613e-16,-2.446931546273845e-13,-0.04386039355019089,1.0371514370402213,1.1068732241783827,0.20883321930989232,3.239846169122984e-10,0.0013524589594453573,not_checked,0.001,not_checked,not_checked,,-0.0024106980705792796,0.006011898083976423,0.0016697689364288948,True
local_b1_n800,160,2035191761,local,1,0.035355339059327376,800,0.00013083107026967689,True,ok,0.00047138880893493607,0.5776984583189315,0.0011134156455772986,0.7644935252251666,0.7076265140092541,0.6920634953500382,0.6886043766297754,0.7020060498281611,0.6858399091013017,0.6858399091013014,800.0000000000005,800.0000000000005,0.00125,2.4732771386482e-11,10.03844065297492,8,-3.347049742398467e-13,2.981555974335137e-17,4.707345624410664e-14,-0.005135715464634205,0.9610560038843925,1.0914093823672195,0.2062559509438363,4.993205848791149e-11,0.0012325833085924387,not_checked,0.001,not_checked,not_checked,,-0.0017108657562199827,0.002653643374089855,0.0003405577386652592,True
local_b1_n800,161,2035191762,local,1,0.035355339059327376,800,0.00013083107026967689,True,ok,7.466290914326379e-05,0.5640034932392481,0.0004310009113276211,0.11968098471558791,0.1198771813126921,0.9428658308429296,0.9427635299352254,0.9418223685019167,0.9420185360022422,0.9420185360022422,800.0000000000005,800.0000000000005,0.00125,1.262900894971608e-11,10.351625359402677,8,5.437273895014805e-17,5.911612345477213e-17,9.43689570931383e-14,-0.00011016504318289017,0.9898926757854447,1.0413022672823222,0.21748598173738046,2.497024809144932e-11,0.0012270421721041203,not_checked,0.001,not_checked,not_checked,,-0.0007700833543628149,0.0009194091726493425,-5.6168161126413096e-05,True
local_b1_n800,162,2035191763,local,1,0.035355339059327376,800,0.00013083107026967689,True,ok,0.001127759609328871,0.5977124769093358,0.0016404937692538438,1.7892487508296553,1.8947708517474,0.39647294955935597,0.3995671103767706,0.38775350956121374,0.4056730710578673,0.4056730710578671,800.0000000000005,800.0000000000005,0.00125,6.37229158328978e-11,12.841052251331073,8,3.1530429309145624e-12,-1.24683249835833e-16,-1.9984014443252818e-13,0.007583312048269786,0.9412305848543279,1.0098259331662844,0.19504323820352218,1.325908272065135e-10,0.001238333061337471,not_checked,0.001,not_checked,not_checked,,-0.0020875490952710248,0.004343068313928767,0.0009969285390591942,True
local_b1_n800,163,2035191764,local,1,0.035355339059327376,800,0.00013083107026967689,True,ok,7.66584128089054e-05,0.5541027126401021,0.00045555546913161784,0.12274895472306299,0.11414860589691896,0.9395159190968188,0.9394702959004082,0.9445238858495255,0.9405158945785977,0.9405158945785977,800.0000000000005,800.0000000000005,0.00125,7.652212197228891e-12,10.04161809415479,8,1.8014019095846656e-16,1.9526481126463935e-16,3.126388037344441e-13,-4.774711440714424e-05,0.8585593046410409,1.1247209419206023,0.19214895038555888,1.4933387859628056e-11,0.0012295001652091742,not_checked,0.001,not_checked,not_checked,,-0.0008162138996493139,0.0009695307252671247,-5.417265746077149e-05,True
local_b1_n800,164,2035191765,local,1,0.035355339059327376,800,0.00013083107026967689,True,ok,0.002955477437009968,0.6134463762289153,0.0028704787812133935,4.925818550353068,4.005333921206632,0.1170019164435718,0.10706852024766217,0.13497483023860338,0.09400738371777197,0.09400738371777183,800.0000000000005,800.0000000000005,0.00125,1.3030698742255709e-10,9.675916588848821,9,-2.5326962749261384e-16,1.0842021724855044e-16,1.723066134218243e-13,-0.09852732556855814,0.9720265667526619,1.2307786310419881,0.20164648642715768,2.7763058518814887e-10,0.0013467918615788221,not_checked,0.001,not_checked,not_checked,,-0.0026705575925547132,0.00858151246657465,0.002824646366740291,True
local_b1_n800,165,2035191766,local,1,0.035355339059327376,800,0.00013083107026967689,True,ok,0.000370484045226549,0.6027528046925685,0.0009439620378147848,0.6014806291195047,0.6140151028798065,0.748384001893035,0.7452081656531433,0.7356450457069257,0.743499462375856,0.743499462375856,800.0000000000005,800.0000000000005,0.00125,8.034506393528318e-11,11.068417538840128,8,-2.3349914666723204e-13,-1.5308934675495323e-16,-2.453592884421596e-13,-0.004353078378513009,0.9088464283113563,1.1482932721697814,0.18754808086040453,1.684594685968932e-10,0.0012272079475224018,not_checked,0.001,not_checked,not_checked,,-0.001479647551663466,0.002220615642116564,0.0002396529749568721,True
local_b1_n800,166,2035191767,local,1,0.035355339059327376,800,0.00013083107026967689,True,ok,0.0007856778596639913,0.5853363999811199,0.001438087474453222,1.28291678225355,1.164008504809978,0.5512673476384946,0.5445657886477244,0.5587773127303619,0.5333687327433763,0.533368732743376,800.0000000000005,800.0000000000005,0.00125,5.7156834820659697e-11,9.867547901969015,8,-5.453948057065894e-12,1.3118846287074604e-17,2.1538326677728037e-14,-0.01291610339558169,0.9934123950250453,1.12010381313889,0.2183507773104847,1.1122169851773833e-10,0.0012333332560956478,not_checked,0.001,not_checked,not_checked,,-0.002032921796882489,0.0036042775162104714,0.0006548467893943144,True
local_b1_n800,167,2035191768,local,1,0.035355339059327376,800,0.00013083107026967689,True,ok,0.0028612375867342887,0.5758019585352756,0.002639385914841995,4.501145944298374,4.7493423614836665,0.09351632453952297,0.09730857208221419,0.09304507919501685,0.10136878561498838,0.10136878561498826,800.0000000000005,800.0000000000005,0.00125,2.2520318943008988e-11,12.63412616100425,9,-1.2880321809127793e-16,-2.42861286636753e-17,-3.730349362740526e-14,0.03841709723824538,0.9380436654980586,0.9937552009478547,0.20846084070598414,4.5418779848205304e-11,0.001343333162367344,not_checked,0.001,not_checked,not_checked,,-0.002311863747658323,0.0080343389211269,0.002730406516464612,True
local_b1_n800,168,2035191769,local,1,0.035355339059327376,800,0.00013083107026967689,True,ok,0.00014622620017257226,0.6186702203718346,0.0006232459003702162,0.23311760625466577,0.22125106572626224,0.8885350062354629,0.8889139766824743,0.8952739368345263,0.8896021309039206,0.8896021309039205,800.0000000000005,800.0000000000005,0.00125,1.6437073924180368e-10,13.429243086067386,8,5.372221764665674e-16,4.7921736023859296e-17,7.771561172376096e-14,0.0004221570107249967,0.9195355805173971,1.0651873794214581,0.1775880588038778,3.529243564059925e-10,0.0012187918182462454,not_checked,0.001,not_checked,not_checked,,-0.0010753133180652903,0.0013677657184104348,1.5395129902895377e-05,True
local_b1_n800,169,2035191770,local,1,0.035355339059327376,800,0.00013083107026967689,True,ok,0.0007470637789452894,0.5459867621188439,0.0013300394027824932,1.2161838217825331,1.253821141306413,0.5559435934234886,0.5502802333152745,0.5342397500471057,0.5501022971918621,0.5501022971918619,800.0000000000005,800.0000000000005,0.00125,2.5874413722704048e-11,8.564661562979522,8,-2.2378222322080865e-12,-3.0357660829594124e-16,-4.867217739956686e-13,-0.01044088773503471,0.9141725702114052,1.1298679963572793,0.20857647148882485,4.75219863460552e-11,0.0012313751503825188,not_checked,0.001,not_checked,not_checked,,-0.00185976554852756,0.0033538931064181388,0.0006162327086756125,True
local_b1_n800,170,2035191771,local,1,0.035355339059327376,800,0.00013083107026967689,True,ok,0.004219985770803847,0.5367346741042434,0.0033030834563518826,6.968888554137076,6.259652803786416,0.043632553526018,0.0394803752207733,0.04372538723837163,0.03418430642665833,0.03418430642665827,800.0000000000005,800.0000000000005,0.00125,3.0985214394263494e-12,7.405787163723026,9,-2.177077962350893e-16,2.0903417885520525e-16,3.3573144264664734e-13,-0.10845566042545896,0.9815342799702487,1.1696232142341219,0.23798398275101715,5.895728349969431e-12,0.0013542489614337683,not_checked,0.001,not_checked,not_checked,,-0.0022539388415759223,0.010693910383183616,0.00408915470053417,True
local_b1_n800,171,2035191772,local,1,0.035355339059327376,800,0.00013083107026967689,True,ok,0.0031201924610388954,0.5802277685498078,0.0027605459828286445,5.0354449560524674,5.102174113113505,0.0867738844262537,0.08499001980971246,0.07799683293169052,0.08240130796499381,0.08240130796499369,800.0000000000005,800.0000000000005,0.00125,2.7920332712483287e-11,10.681050138078914,9,2.3505503099485736e-16,1.5005358067199381e-16,2.4158453015843406e-13,-0.021568509195116103,0.8501448453307996,1.185750213995639,0.1863769098728151,5.662381674653716e-11,0.0013447082601487637,not_checked,0.001,not_checked,not_checked,,-0.002290378242971974,0.008530763165049766,0.0029893613907692185,True
local_b1_n800,172,2035191773,local,1,0.035355339059327376,800,0.00013083107026967689,True,ok,0.0006827772409401245,0.6002473284785779,0.0012413587453030056,1.1137259805012174,1.1896516076170722,0.585034720043526,0.5789631422014723,0.5516586543350375,0.5791337694627844,0.579133769462784,800.0000000000005,800.0000000000005,0.00125,7.162703763441414e-11,10.595359297447882,8,-3.37152549802211e-12,-1.8539857149502126e-16,-2.9753977059954195e-13,-0.010641197498508781,0.9310924604705189,1.1126408108760215,0.18714951212565853,1.4960632732652357e-10,0.0012295818887650967,not_checked,0.001,not_checked,not_checked,,-0.0017502411917475966,0.0031157956736278455,0.0005519461706704476,True
local_b1_n800,173,2035191774,local,1,0.035355339059327376,800,0.00013083107026967689,True,ok,0.0006351421482040376,0.5013304470191737,0.0012382082619303882,1.0144487264086286,1.0550265911780288,0.6017181995711831,0.6022532464022043,0.5900704776401506,0.6016293514464096,0.6016293514464095,800.0000000000005,800.0000000000005,0.00125,1.2669865157022286e-12,8.42515556871949,8,1.9526481126463935e-14,8.283304597789254e-17,1.3300471835009375e-13,0.0008893553589160996,0.9502024503085551,1.0523225425998015,0.2442520270916027,2.2939428134804984e-12,0.001237459247931838,not_checked,0.001,not_checked,not_checked,,-0.001791701450539461,0.003061985746947536,0.0005043110779343607,True
local_b1_n800,174,2035191775,local,1,0.035355339059327376,800,0.00013083107026967689,True,ok,0.0005286706328233581,0.6518858717314422,0.0011545330701348167,0.8616644236014316,0.8257338420611336,0.669803621261148,0.6648145734289777,0.6617503420218434,0.655120227825565,0.655120227825565,800.0000000000005,800.0000000000005,0.00125,2.299838097741258e-11,13.361105744563108,9,-1.957726298781881e-12,-9.063930161978817e-17,-1.454392162258955e-13,-0.007895705542029063,0.9687923310868684,1.1478921810675955,0.18368157989156864,4.998335079164917e-11,0.001340291928499937,not_checked,0.001,not_checked,not_checked,,-0.001734172603601339,0.0027915138692480553,0.00039783956255368125,True
local_b1_n800,175,2035191776,local,1,0.035355339059327376,800,0.00013083107026967689,True,ok,0.0016408395090214967,0.5985719781032586,0.002003738975299516,2.6835550748402404,2.619059572308628,0.2826707789393267,0.27486558898283325,0.26994695934446883,0.2691001652360833,0.26910016523608316,800.0000000000005,800.0000000000005,0.00125,6.630496152126852e-11,10.349551420010249,9,1.0191500421363742e-16,1.7780915628762273e-17,2.7533531010703882e-14,-0.02910593020292218,0.9978649994001013,1.0806209741542774,0.1986843901018311,1.3814194232963928e-10,0.0013350830413401127,not_checked,0.001,not_checked,not_checked,,-0.002286416716984748,0.005568095735027741,0.0015100084387518198,True
local_b1_n800,176,2035191777,local,1,0.035355339059327376,800,0.00013083107026967689,True,ok,0.0006241702179994313,0.5788713254525288,0.0012604941990809271,1.0065427472493225,0.9833531513994929,0.603855038847811,0.6014622679261937,0.6116001401955451,0.6069334239598303,0.6069334239598301,800.0000000000005,800.0000000000005,0.00125,2.616973304725434e-11,10.525913229584193,8,-2.813576194943268e-13,1.575345756621438e-16,2.524647157997606e-13,-0.003935199225115926,0.8959120206264192,1.0911109940488035,0.1869485896745184,5.293387950189299e-11,0.0012258340138942003,not_checked,0.001,not_checked,not_checked,,-0.001846353014920847,0.0030946934509197095,0.0004933391477297544,True
local_b1_n800,177,2035191778,local,1,0.035355339059327376,800,0.00013083107026967689,True,ok,0.003901783055434427,0.5577498825047926,0.003069067839103134,6.324471103446836,6.346441464898277,0.049599562382232856,0.04769392239961595,0.041868533173130676,0.044094225579299325,0.04409422557929925,800.0000000000005,800.0000000000005,0.00125,9.227840713776914e-12,9.45630144259779,9,8.673617379884035e-17,-2.2985086056692694e-17,-3.6415315207705135e-14,-0.04080910737587473,0.9803660418000012,1.096341487338147,0.22856616308552194,1.8073320617872923e-11,0.0013444582000374794,not_checked,0.001,not_checked,not_checked,,-0.002113479375317886,0.00991704548618674,0.00377095198516475,True
local_b1_n800,178,2035191779,local,1,0.035355339059327376,800,0.00013083107026967689,True,ok,0.0008678767414720401,0.574745575334713,0.0014407021421070955,1.4020230248265626,1.4342104537491207,0.5079943183795219,0.5046812729896418,0.48816333470031037,0.4994232266147478,0.4994232266147475,800.0000000000005,800.0000000000005,0.00125,2.1409762851476444e-11,10.22605361010544,8,-1.2768699942863893e-12,1.3248950547772864e-16,2.1227464230832993e-13,-0.006710119235648793,0.9775445514525887,1.0742108580140635,0.21400822139713058,4.3076875400061e-11,0.0012289169244468212,not_checked,0.001,not_checked,not_checked,,-0.001955847569507574,0.003691601052451654,0.0007370456712023632,True
local_b1_n800,179,2035191780,local,1,0.035355339059327376,800,0.00013083107026967689,True,ok,0.00043623018137872727,0.5944511254569367,0.00106532265406607,0.6948909515796392,0.6748288282171645,0.7001682239609666,0.7012691649284246,0.7136130473017697,0.7054043142940527,0.7054043142940526,800.0000000000005,800.0000000000005,0.00125,5.475664366372257e-11,12.265311115723941,8,3.4810045471123097e-14,2.693158196453993e-16,4.3098857815948577e-13,0.001538669313162433,0.9304730660759736,1.0297899906134942,0.1876359264919147,1.1340550720717602e-10,0.0012254591565579176,not_checked,0.001,not_checked,not_checked,,-0.0016517638525053928,0.0025242242152628473,0.0003053991111090504,True
local_b1_n800,180,2035191781,local,1,0.035355339059327376,800,0.00013083107026967689,True,ok,0.00010180478100552115,0.5427723853233157,0.0005052133335719351,0.16274863809093232,0.16260706464147703,0.9205978048895529,0.9206628042457622,0.9219138183306902,0.9217844898234999,0.9217844898234999,800.0000000000005,800.0000000000005,0.00125,4.27469171171424e-12,9.739181812882544,8,1.0390722570557953e-16,8.386303804175377e-17,1.3455903058456897e-13,6.950575895080247e-05,0.9482977026916656,1.0218782515110583,0.21582987126003292,8.179901200833228e-12,0.001231625210493803,not_checked,0.001,not_checked,not_checked,,-0.0008883951573048921,0.0010920047193159344,-2.9026289264155736e-05,True
local_b1_n800,181,2035191782,local,1,0.035355339059327376,800,0.00013083107026967689,True,ok,0.00011163485807119677,0.577863216791219,0.0005205018059876009,0.17876384888497746,0.18402044618025057,0.9156589936322208,0.9155921136478451,0.9120958250596054,0.9145639483686591,0.9145639483686591,800.0000000000005,800.0000000000005,0.00125,2.4929502906445578e-11,11.022075353622736,8,-3.71881345162528e-17,-2.2985086056692694e-17,-3.6637359812630166e-14,-7.403798553125285e-05,0.9706038567873765,1.0583734091079933,0.2152941119612817,5.0343507140837573e-11,0.0012322920374572277,not_checked,0.001,not_checked,not_checked,,-0.0009085299355525557,0.0011317996516949493,-1.919621219848011e-05,True
local_b1_n800,182,2035191783,local,1,0.035355339059327376,800,0.00013083107026967689,True,ok,0.0010900368910826685,0.60942280078867,0.0016151796013029473,1.790145227128236,1.7850853850528965,0.42973089666441,0.4202565310693094,0.4096129078177474,0.41810214391922795,0.41810214391922773,800.0000000000005,800.0000000000005,0.00125,1.0861544996743078e-10,10.518279303156927,9,2.0513105103425744e-16,5.160802341031001e-17,8.171241461241152e-14,-0.023043100697982766,0.9607977847331638,1.1071585103386397,0.18782533934518478,2.3036061946868358e-10,0.0013484996743500233,not_checked,0.001,not_checked,not_checked,,-0.002075656956034872,0.0042557307382002085,0.0009592058208129917,True
local_b1_n800,183,2035191784,local,1,0.035355339059327376,800,0.00013083107026967689,True,ok,0.0003592066874176236,0.6029771769216212,0.0009891395421885126,0.5669954016009495,0.539126964274188,0.7476514301406965,0.7505811416424539,0.7637127958630499,0.7502375795096657,0.7502375795096656,800.0000000000005,800.0000000000005,0.00125,8.114076077703203e-11,13.486645153891544,8,1.5809022927554262e-13,3.002155815612362e-16,4.798383912429927e-13,0.003867649133624307,0.8869380409368586,1.0990186604706291,0.18893656482070903,1.7025714171836626e-10,0.0012248761486262083,not_checked,0.001,not_checked,not_checked,,-0.0015794711909562983,0.0022978845657915456,0.00022837561714794674,True
local_b1_n800,184,2035191785,local,1,0.035355339059327376,800,0.00013083107026967689,True,ok,0.00127404485451299,0.5575382016299462,0.0018403898351761732,2.0616788194056106,1.8829107138878582,0.37121761480047755,0.3670576413067279,0.39005974591257087,0.3608705819746717,0.3608705819746714,800.0000000000005,800.0000000000005,0.00125,7.471534502201393e-11,9.431176582827598,8,-5.847717058846125e-12,-1.6696713456276768e-17,-2.6645352591003757e-14,-0.011603526092412553,0.9622473834939127,1.0970321618842793,0.21455090067673832,1.398692273113511e-10,0.0012371658813208342,not_checked,0.001,not_checked,not_checked,,-0.0023330529399459158,0.004881142648971896,0.0011432137842433132,True
local_b1_n800,185,2035191786,local,1,0.035355339059327376,800,0.00013083107026967689,True,ok,0.002840784638899585,0.6047098096685375,0.0026826499562703607,4.73358525619563,4.315786563701398,0.12214298385888109,0.11201156636555912,0.11556833466495092,0.1030410618848537,0.10304106188485357,800.0000000000005,800.0000000000005,0.00125,8.754108549169359e-11,9.296542147685031,9,-4.861562541425002e-16,-4.2413988987632933e-16,-6.767919558114954e-13,-0.09416491697814555,0.9667539092064825,1.1943637017929303,0.19663666040121247,1.8474666241274917e-10,0.0013500829227268696,not_checked,0.001,not_checked,not_checked,,-0.002417112658518273,0.008098681936317444,0.002709953568629908,True
local_b1_n800,186,2035191787,local,1,0.035355339059327376,800,0.00013083107026967689,True,ok,0.0018465840764614327,0.6021678087783657,0.002137765412162301,3.0496257755961245,2.9314589440937104,0.24170082225602738,0.2309416025795073,0.2309094880086613,0.2282606134923816,0.22826061349238136,800.0000000000005,800.0000000000005,0.00125,7.819134228981284e-11,9.795056999165926,9,7.719519468096792e-17,-1.3010426069826053e-18,-3.9968028886505635e-15,-0.04754562662891515,0.9375038817808656,1.1460922677026795,0.18809804868748808,1.6386736412243863e-10,0.001336707966402173,not_checked,0.001,not_checked,not_checked,,-0.002343359138772102,0.0060365272916949675,0.0017157530061917559,True
local_b1_n800,187,2035191788,local,1,0.035355339059327376,800,0.00013083107026967689,True,ok,0.002703277547027927,0.5901385698413038,0.00255984197063341,4.177251791175079,4.580587050925814,0.10086715755407369,0.10909814313625488,0.10123674193078126,0.11502313032042877,0.11502313032042866,800.0000000000005,800.0000000000005,0.00125,4.475264603343021e-11,14.989629669935823,9,-1.3010426069826053e-17,-3.9898639947466563e-17,-6.394884621840902e-14,0.0739961420348032,0.9119459714910615,0.9734063044264948,0.18810110418040618,9.207390405663318e-11,0.00133545882999897,not_checked,0.001,not_checked,not_checked,,-0.002313920521527595,0.007720475615583449,0.00257244647675825,True
local_b1_n800,188,2035191789,local,1,0.035355339059327376,800,0.00013083107026967689,True,ok,0.0050475463342134486,0.5696044440314503,0.003621816725000375,8.3400051889766,7.487772875245658,0.022411666838639613,0.01980239705033461,0.023661963454727906,0.01763204899306396,0.017632048993063917,800.0000000000005,800.0000000000005,0.00125,1.666045079673495e-11,8.578857151529819,9,-1.4137996329210978e-15,-1.0408340855860843e-16,-1.6342482922482304e-13,-0.13196552711753817,1.0048363747193352,1.1187199521311475,0.21757401132168977,3.3235192375968836e-11,0.001344792079180479,not_checked,0.001,not_checked,not_checked,,-0.0020510840053920964,0.012146176673818994,0.004916715263943772,True
local_b1_n800,189,2035191790,local,1,0.035355339059327376,800,0.00013083107026967689,True,ok,0.003165389679517183,0.6094318575897135,0.0027972571009675104,5.207544050592238,5.034138304436137,0.085415951668919,0.07971993670775485,0.08069576751608964,0.07947508174576388,0.07947508174576381,800.0000000000005,800.0000000000005,0.00125,1.088245049629677e-10,10.482167063524246,9,-8.413408858487514e-17,2.2551405187698492e-17,3.4638958368304884e-14,-0.07146028168237128,0.928266169559194,1.1280720041534906,0.1798888708285775,2.3045521047038164e-10,0.0013369170483201742,not_checked,0.001,not_checked,not_checked,,-0.002317133493878059,0.008647912852912425,0.0030345586092475063,True
local_b1_n800,190,2035191791,local,1,0.035355339059327376,800,0.00013083107026967689,True,ok,0.0009346471587983185,0.6228876703104382,0.0016340626686838157,1.524134974618872,1.278214215095663,0.48671555277267753,0.4800654581349788,0.5277634497249061,0.47344585331294997,0.47344585331294975,800.0000000000005,800.0000000000005,0.00125,1.9776158488582496e-10,11.714698049449195,8,-1.0325757176382622e-11,-3.707971429900425e-17,-6.039613253960852e-14,-0.01434976027078072,0.8842858745554614,1.2086396801134378,0.17623093895028355,4.27552215853666e-10,0.0012229178100824356,not_checked,0.001,not_checked,not_checked,,-0.002268056820303367,0.004137351137900004,0.0008038160885286416,True
local_b1_n800,191,2035191792,local,1,0.035355339059327376,800,0.00013083107026967689,True,ok,0.0012514024695444714,0.6014490933771781,0.001816450477793407,2.0519534954074823,1.8391819759205232,0.3872565848444416,0.3782507459793081,0.3986820735092223,0.3674669208637598,0.36746692086375954,800.0000000000005,800.0000000000005,0.00125,7.568601301244371e-11,10.26955190778224,9,-1.8821749714348357e-16,-1.1188966420050406e-16,-1.7852386235972517e-13,-0.024854772068163333,0.9904585221424633,1.1222891818413558,0.20321997318078971,1.5838463873762976e-10,0.0013359999284148216,not_checked,0.001,not_checked,not_checked,,-0.0023087750466311797,0.004811579985720123,0.0011205713992747945,True
local_b1_n800,192,2035191793,local,1,0.035355339059327376,800,0.00013083107026967689,True,ok,0.0009062226354838998,0.5589056403109234,0.0014764051800592083,1.4791109576600443,1.4708285423722824,0.4986301503578796,0.49170336067645837,0.47930685482047297,0.4843351717173898,0.4843351717173896,800.0000000000005,800.0000000000005,0.00125,6.792921780629513e-11,8.85574774308069,8,-6.614856232212141e-12,-2.2724877535296173e-16,-3.645972412869014e-13,-0.01457737044290186,1.0033342956658455,1.081212325932772,0.21913059187485479,1.267654869963053e-10,0.0012272498570382595,not_checked,0.001,not_checked,not_checked,,-0.001987478344020522,0.0037999236149883217,0.0007753915652142229,True
local_b1_n800,193,2035191794,local,1,0.035355339059327376,800,0.00013083107026967689,True,ok,0.0011600369022921608,0.5882623241216784,0.0016436360938977244,1.8163395000117029,2.0289109025753715,0.37970177419505546,0.3876436031408186,0.36259982935094404,0.3953319363301326,0.3953319363301323,800.0000000000005,800.0000000000005,0.00125,1.7092827153675216e-10,13.524105163884368,8,1.942318571604429e-11,1.3921155894713877e-16,2.2359891715950653e-13,0.019859771827877792,0.8941801048839637,1.0247991904770297,0.18753015031292194,3.7072189762454855e-10,0.0012261678930372,not_checked,0.001,not_checked,not_checked,,-0.0020614306454374734,0.0043815044500217955,0.001029205832022484,True
local_b1_n800,194,2035191795,local,1,0.035355339059327376,800,0.00013083107026967689,True,ok,0.00035426755452472314,0.604509523322108,0.0009304208027862634,0.5753221137854221,0.5715749605052529,0.7579836141441003,0.7548428325164211,0.751422291054694,0.7532078623790108,0.7532078623790107,800.0000000000005,800.0000000000005,0.00125,8.706146914505553e-11,11.130319752354795,8,-2.1852251995760352e-13,2.579316968343015e-16,4.1300296516055823e-13,-0.004247013272932365,1.005043621196876,1.0408464841933365,0.1971297136615868,1.8301293813749453e-10,0.0012237911578267813,not_checked,0.001,not_checked,not_checked,,-0.0014693237094031975,0.0021778588184526437,0.00022343648425504625,True
local_b1_n800,195,2035191796,local,1,0.035355339059327376,800,0.00013083107026967689,True,ok,0.0007160921538598153,0.6020425982732249,0.001332615226711356,1.1256333881826726,1.1779367470729811,0.5572844455397175,0.5630334121486615,0.5548994385046266,0.5639026080892908,0.5639026080892906,800.0000000000005,800.0000000000005,0.00125,7.763978349117906e-11,13.855967985038413,8,2.7770306670546474e-12,8.836247705756861e-17,1.4233059175694507e-13,0.010057028996516282,0.9533614459910508,1.0067697968256157,0.1927180149168631,1.628983614665458e-10,0.0012307497672736645,not_checked,0.001,not_checked,not_checked,,-0.0018957856957441213,0.003327970003463752,0.0005852610835901384,True
local_b1_n800,196,2035191797,local,1,0.035355339059327376,800,0.00013083107026967689,True,ok,0.0008323852505951468,0.5903919227081593,0.0014349339699129334,1.3323616115903805,1.3470459695361787,0.5153354527758893,0.5151958140508406,0.5099090080509514,0.5138066762733506,0.5138066762733503,800.0000000000005,800.0000000000005,0.00125,4.5294878958657137e-11,11.676580919221468,8,-5.062768780594862e-14,8.413408858487514e-17,1.3433698597964394e-13,-0.000272605319072472,0.914356592549166,1.1003551898247268,0.19282443847176073,9.321299287989859e-11,0.0012260840740054846,not_checked,0.001,not_checked,not_checked,,-0.0019800336506272842,0.003644804151817578,0.0007015541803254699,True
local_b1_n800,197,2035191798,local,1,0.035355339059327376,800,0.00013083107026967689,True,ok,6.048748790865588e-05,0.58374145541137,0.0003878218459887436,0.09619719206962267,0.09798849378522861,0.9525827572201957,0.9528614532296429,0.9521866077145524,0.9527621465930867,0.9527621465930867,800.0000000000005,800.0000000000005,0.00125,3.305011819776382e-11,11.844873855628226,8,3.5006177644125724e-17,-2.1772134876224536e-17,-3.4861002973229915e-14,0.00029139429211339635,0.9716936869596122,1.0211527592621268,0.20120367844248113,6.735301205651467e-11,0.0012273751199245453,not_checked,0.001,not_checked,not_checked,,-0.0006996293626471211,0.0008206043384644329,-7.0343582361021e-05,True
local_b1_n800,198,2035191799,local,1,0.035355339059327376,800,0.00013083107026967689,True,ok,0.0017093482356955736,0.5406843004990958,0.0020490930189675564,2.7657162213821223,2.756109705137554,0.2603548927632948,0.25644610969220105,0.2520683866808519,0.254748476172302,0.25474847617230184,800.0000000000005,800.0000000000005,0.00125,1.760328549593737e-10,8.844059561065574,8,-1.4464136702599384e-11,2.3418766925686896e-17,3.730349362740526e-14,-0.015379522134601364,0.9774699934469517,1.0553713320335383,0.2234798163078882,3.1966251867743267e-10,0.0012307500001043081,not_checked,0.001,not_checked,not_checked,,-0.002306800282453287,0.005725496753844434,0.0015785171654258967,True
local_b1_n800,199,2035191800,local,1,0.035355339059327376,800,0.00013083107026967689,True,ok,0.0022305277358416475,0.5620658264066849,0.0023509556632807516,3.6797014933883334,3.4725143328612598,0.18605455208583005,0.17659215998310945,0.17617857521517274,0.16789404405887237,0.16789404405887218,800.0000000000005,800.0000000000005,0.00125,1.1464273974581829e-11,8.27089315834513,9,0.0,-1.0755285551056204e-16,-1.7141843500212417e-13,-0.05542855802084756,1.0159666319921419,1.1064852893132442,0.2237902134182853,2.2601476246109087e-11,0.0013440828770399094,not_checked,0.001,not_checked,not_checked,,-0.0023772606934390995,0.006838316165122395,0.0020996966655719707,True
local_b1_n800,200,2035191801,local,1,0.035355339059327376,800,0.00013083107026967689,True,ok,0.0018096251595429713,0.5580338088004249,0.002103905025467314,2.976190749686291,2.8762014540147285,0.2512388075810982,0.2417442104515481,0.23737817677345344,0.23511039066259828,0.23511039066259817,800.0000000000005,800.0000000000005,0.00125,9.36006827600977e-12,8.321883573264358,9,-4.119968255444917e-17,-1.5525775109992423e-16,-2.4513724383723456e-13,-0.04039524720876764,1.008014689646425,1.0885268768962595,0.2238849264125688,1.8339108009968186e-11,0.0013394588604569435,not_checked,0.001,not_checked,not_checked,,-0.0023139529172657896,0.005933203236351732,0.0016787940892732944,True
local_b1_n800,201,2035191802,local,1,0.035355339059327376,800,0.00013083107026967689,True,ok,0.00013140940254574573,0.6138167677272894,0.0006012273842138831,0.21219570076730052,0.18886898824077938,0.9038438482797508,0.9030009611824863,0.9098873356441678,0.9002097186897164,0.9002097186897164,800.0000000000005,800.0000000000005,0.00125,1.323743337167116e-10,12.039866091727355,8,-2.9843206898749752e-15,-2.6768951638667104e-16,-4.2787995369053533e-13,-0.0009703283470536145,0.9607311617990223,1.1251309989406262,0.19882681892856766,2.824191991379621e-10,0.0012287909630686045,not_checked,0.001,not_checked,not_checked,,-0.0010469746170326906,0.001309793422124182,5.783322760688492e-07,True
local_b1_n800,202,2035191803,local,1,0.035355339059327376,800,0.00013083107026967689,True,ok,0.001001449720347214,0.5820015127909313,0.0015999905837006095,1.6248418714745783,1.5430905201681782,0.4626291772654325,0.45765068507241824,0.46229814521167933,0.44880814511886125,0.44880814511886113,800.0000000000005,800.0000000000005,0.00125,5.418332449380614e-11,10.203266846155099,8,-4.578879810035463e-12,-1.8344700758454735e-16,-2.937650123158164e-13,-0.011261159459517556,0.9535512580166464,1.1297272481841167,0.21119269490184456,1.0556644447490271e-10,0.0012246659025549889,not_checked,0.001,not_checked,not_checked,,-0.0021344741993091993,0.004137373640003627,0.000870618650077537,True
local_b1_n800,203,2035191804,local,1,0.035355339059327376,800,0.00013083107026967689,True,ok,0.0011286844362532467,0.6239795490134039,0.0016642527180877453,1.76920967426408,1.8727308256658626,0.39061932534629384,0.39814948876714973,0.3920501895453511,0.40537304015932807,0.40537304015932774,800.0000000000005,800.0000000000005,0.00125,1.8254575628873226e-10,15.45394960753794,9,2.0258866199190928e-11,-5.746271514173174e-17,-9.037215420448774e-14,0.018342711870557915,0.9411956781135926,0.9801339193290147,0.17725983563712394,4.172482359621199e-10,0.0013456251472234726,not_checked,0.001,not_checked,not_checked,,-0.0021331909523716257,0.004390559824878119,0.0009978533659835698,True
local_b1_n800,204,2035191805,local,1,0.035355339059327376,800,0.00013083107026967689,True,ok,0.0003727361892529313,0.6113933052772917,0.0009693665387841332,0.5997096057589608,0.5892223775888834,0.7443792020023092,0.7431527610464668,0.744821125974269,0.7421610941188879,0.7421610941188879,800.0000000000005,800.0000000000005,0.00125,1.1869394356267549e-10,12.222195098640201,8,-3.2875666165083084e-14,1.1275702593849246e-16,1.8030021919912542e-13,-0.0016658514771352162,0.9681889917071961,1.0535665221413764,0.19509621208626526,2.5245827650621777e-10,0.0012315837666392326,not_checked,0.001,not_checked,not_checked,,-0.0015271873145822194,0.002272659693088082,0.0002419051189832544,True
local_b1_n800,205,2035191806,local,1,0.035355339059327376,800,0.00013083107026967689,True,ok,0.0012737086791296814,0.590687798972672,0.0017967180791826542,2.0796535442992274,1.9689946795974513,0.3753833605372031,0.36793016850831084,0.373626987159479,0.36096764767150197,0.3609676476715018,800.0000000000005,800.0000000000005,0.00125,4.59225990567802e-11,10.111100820366302,9,-5.2475385148298415e-17,1.8648277366750676e-17,3.108624468950438e-14,-0.0208598288458679,1.0125353827855526,1.067771672258191,0.21532684751260311,9.456257998863293e-11,0.0013455830048769712,not_checked,0.001,not_checked,not_checked,,-0.002247794046440306,0.0047952114046996685,0.0011428776088600046,True
local_b1_n800,206,2035191807,local,1,0.035355339059327376,800,0.00013083107026967689,True,ok,0.003425954863738756,0.5741706038895715,0.0028943813378122306,5.608914103098171,5.42938484262861,0.07545966774511331,0.07108241431520626,0.06622531937147486,0.06452104102144396,0.06452104102144386,800.0000000000005,800.0000000000005,0.00125,2.0832002789461512e-11,9.333639042473807,9,1.6479873021779667e-17,6.505213034913027e-17,1.0391687510491465e-13,-0.06369316055807905,0.9678583292189575,1.1510132194398799,0.2186614542670175,4.185052304706005e-11,0.0013533341698348522,not_checked,0.001,not_checked,not_checked,,-0.0022469283158980755,0.009098838043375588,0.003295123793469079,True
local_b1_n800,207,2035191808,local,1,0.035355339059327376,800,0.00013083107026967689,True,ok,0.00023269087972277447,0.6362604512563341,0.0007574719832206434,0.3702521106217087,0.3879182517935448,0.8211740086193335,0.8220654793458935,0.823691571234829,0.8301468187468745,0.8301468187468743,800.0000000000005,800.0000000000005,0.00125,1.9029222642075183e-13,14.646415788975649,9,6.79892340343935e-15,-2.3201926491189795e-17,-3.730349362740526e-14,0.001026648467365332,0.79483812335964,1.1198946142288484,0.14488696293533646,4.269917752708352e-13,0.0013297910336405039,not_checked,0.001,not_checked,not_checked,,-0.0012519269266878146,0.0017173086861333635,0.00010185980945309758,True
local_b1_n800,208,2035191809,local,1,0.035355339059327376,800,0.00013083107026967689,True,ok,0.0008716852846781808,0.6116753992199122,0.001479944952926065,1.4263532848428928,1.3631732881035818,0.5179548463601996,0.5102935087287641,0.5058138088797639,0.49790388243592254,0.4979038824359222,800.0000000000005,800.0000000000005,0.00125,1.2029999219009824e-10,10.89285229286234,8,-1.199405440417689e-11,-8.435092901937224e-17,-1.3433698597964394e-13,-0.01582841467890128,0.9479127875975157,1.180673347290527,0.1942920372628069,2.5578472673259967e-10,0.001235041068866849,not_checked,0.001,not_checked,not_checked,,-0.0020289535221587325,0.003772324091515094,0.000740854214408504,True
local_b1_n800,209,2035191810,local,1,0.035355339059327376,800,0.00013083107026967689,True,ok,1.4332980422082642e-05,0.577006110456098,0.00018619912611865188,0.022993238384074136,0.023733323539872807,0.988580560145427,0.9885506225164018,0.9882034693791947,0.9885991041030215,0.9885991041030215,800.0000000000005,800.0000000000005,0.00125,2.391764564180221e-11,10.837195765447936,8,-1.6053307229542402e-16,-1.5772092291053974e-16,-2.524647157997606e-13,-3.0234854370947764e-05,0.9323289870402525,1.0690533016815842,0.202416191113477,4.8236747929308876e-11,0.0012317080982029438,not_checked,0.001,not_checked,not_checked,,-0.00035061060072330634,0.0003792765615674716,-0.00011649808984759424,True
local_b1_n800,210,2035191811,local,1,0.035355339059327376,800,0.00013083107026967689,True,ok,0.000230397707553065,0.5921484332635858,0.0007401228684980861,0.3659473672066995,0.39014508018575245,0.8301385289163246,0.8312663988440661,0.8227749717183537,0.8316711522082056,0.8316711522082055,800.0000000000005,800.0000000000005,0.00125,4.918521145924615e-11,12.385104278493566,8,7.386208615220435e-15,-1.5363144784119598e-16,-2.4558133304708463e-13,0.0013444824391023458,0.9347491096472507,1.0483899543720163,0.19841131612271626,1.0149192597452839e-10,0.0012224167585372925,not_checked,0.001,not_checked,not_checked,,-0.0012202164588376583,0.0016810118739437883,9.95666372833881e-05,True
local_b1_n800,211,2035191812,local,1,0.035355339059327376,800,0.00013083107026967689,True,ok,0.00221218285090119,0.5868429844761656,0.002369525409175292,3.5373059262558795,3.474413707881118,0.16863167442887794,0.16881714717815363,0.1760113400459187,0.17037621107145903,0.17037621107145884,800.0000000000005,800.0000000000005,0.00125,3.83071352416664e-11,11.693557665153232,9,-4.336808689942018e-18,1.951563910473908e-17,2.930988785010413e-14,0.0010933175930132322,0.9654325053445196,1.0230953972454377,0.1983353590132992,7.842060334439793e-11,0.0013387920334935188,not_checked,0.001,not_checked,not_checked,,-0.002432001611534918,0.0068563673133372974,0.002081351780631513,True
local_b1_n800,212,2035191813,local,1,0.035355339059327376,800,0.00013083107026967689,True,ok,0.00038649478703911555,0.5844641942765889,0.0009460550262561548,0.6259498653474325,0.6632811073151119,0.7347674188020856,0.7320059710893697,0.7177452674042285,0.7340370097534872,0.7340370097534872,800.0000000000005,800.0000000000005,0.00125,3.420219663041735e-11,10.426181676712334,8,-1.4055477701863106e-13,-1.3032110113275763e-16,-2.0894397323445446e-13,-0.003779103042423626,0.931344825586909,1.0797468059453121,0.19231923550515714,6.979128386319644e-11,0.0012311248574405909,not_checked,0.001,not_checked,not_checked,,-0.001467738991816043,0.002240728565894274,0.00025566371676943866,True
local_b1_n800,213,2035191814,local,1,0.035355339059327376,800,0.00013083107026967689,True,ok,0.002931357599293305,0.5871106331559797,0.002638149572336619,4.868446529024713,4.7713154961751,0.10764850142435978,0.09890861771997103,0.09202842814505656,0.0958389520126149,0.09583895201261478,800.0000000000005,800.0000000000005,0.00125,3.8751113429214e-11,8.793283160315992,9,1.1492543028346347e-16,2.727852665973529e-16,4.3431924723336124e-13,-0.0891371850777114,1.020056073668476,1.0841014221133702,0.20931943862850882,7.945355484650918e-11,0.0013487080577760935,not_checked,0.001,not_checked,not_checked,,-0.002239320548316214,0.008102035746902825,0.002800526529023628,True
local_b1_n800,214,2035191815,local,1,0.035355339059327376,800,0.00013083107026967689,True,ok,0.0020598115184593535,0.5957852833783386,0.0022335075596851195,3.310357811962667,3.3821275670027644,0.1939526552669371,0.19254352461235336,0.18432333953507812,0.1924634112463913,0.1924634112463911,800.0000000000005,800.0000000000005,0.00125,5.826683580067993e-11,11.673323233124462,9,4.8138576458356397e-17,-2.2551405187698492e-17,-3.6415315207705135e-14,-0.007329691213849854,0.9702661224432639,1.039346510822967,0.2011454057326757,1.2090772827377805e-10,0.0013478328473865986,not_checked,0.001,not_checked,not_checked,,-0.002317782857721426,0.006437405894640133,0.0019289804481896766,True
local_b1_n800,215,2035191816,local,1,0.035355339059327376,800,0.00013083107026967689,True,ok,0.0016034596781722144,0.5661867219992056,0.002023700484912326,2.544528450427803,2.5348228563996122,0.2697618354428175,0.27267046736378886,0.2815595162922736,0.27726882874612563,0.2772688287461254,800.0000000000005,800.0000000000005,0.00125,1.36894384716868e-10,11.362177850892625,8,8.454494266132984e-12,8.088148206741863e-17,1.305622276959184e-13,0.01050351732387056,0.9470831601713958,1.011382282748218,0.20562673909342935,2.796478604238928e-10,0.0012324992567300797,not_checked,0.001,not_checked,not_checked,,-0.0023629203877521873,0.005569839744096616,0.0014726286079025375,True
local_b1_n800,216,2035191817,local,1,0.035355339059327376,800,0.00013083107026967689,True,ok,0.0018287083380645885,0.6047608415639361,0.002142462492827606,2.9292055072631253,2.9073210259263997,0.23397491283356586,0.23359551691949249,0.2337132101429477,0.23154832719708043,0.23154832719708027,800.0000000000005,800.0000000000005,0.00125,8.804612594559558e-11,12.392867942048962,9,3.8294020732188017e-16,2.738694687698384e-16,4.383160501220118e-13,-0.0016360831798909459,0.95538579016367,1.0597072080003362,0.19314286532767974,1.85191417756414e-10,0.001344667049124837,not_checked,0.001,not_checked,not_checked,,-0.0023704409861054227,0.0060278576622346,0.0016978772677949117,True
local_b1_n800,217,2035191818,local,1,0.035355339059327376,800,0.00013083107026967689,True,ok,0.0011039158177910124,0.5948931258445489,0.0017406365395100357,1.806476719503232,1.5658525643248553,0.4305889205450348,0.42242471323032754,0.457066546752639,0.4134855733547599,0.41348557335475966,800.0000000000005,800.0000000000005,0.00125,5.587941220852599e-11,10.123234238683857,9,1.205632815803881e-16,3.3393426912553537e-17,5.395683899678261e-14,-0.020105705518805528,0.9475232294739957,1.1545910398076076,0.20230061027223317,1.1584133652320361e-10,0.0013458761386573315,not_checked,0.001,not_checked,not_checked,,-0.002307669109823088,0.004515500745405113,0.0009730847475213356,True
local_b1_n800,218,2035191819,local,1,0.035355339059327376,800,0.00013083107026967689,True,ok,0.0005449096386633823,0.5768326736568028,0.0011285271392128605,0.8628665093936387,0.9427328017072119,0.6385194779652661,0.6414783788358318,0.6241488478398061,0.6466644710185956,0.6466644710185954,800.0000000000005,800.0000000000005,0.00125,2.3709922913894843e-11,11.944546264167448,8,2.653227030441352e-13,-3.124670661103224e-16,-4.998224056862455e-13,0.004494456233886668,0.9148804960485151,1.0313127879688522,0.19970765266293608,4.782285678572862e-11,0.001236750977113843,not_checked,0.001,not_checked,not_checked,,-0.0016669629097698442,0.0027567821870966088,0.0004140785683937054,True
local_b1_n800,219,2035191820,local,1,0.035355339059327376,800,0.00013083107026967689,True,ok,0.0003720308275612094,0.5685440739088423,0.0009825568402090901,0.6032337357667261,0.5647618411122879,0.7492420237363779,0.7463465393406511,0.7539864208974771,0.7425800059054048,0.7425800059054047,800.0000000000005,800.0000000000005,0.00125,1.581756947643953e-11,9.683674695222004,8,-1.4379079524284855e-13,-5.1336972867188635e-17,-8.193445921733655e-14,-0.003992205834395357,0.9944837644545118,1.0685285510341223,0.2238643281651092,3.1491032004282715e-11,0.0012272088788449764,not_checked,0.001,not_checked,not_checked,,-0.001553745192012084,0.0022978068471345026,0.00024119975729153253,True
local_b1_n800,220,2035191821,local,1,0.035355339059327376,800,0.00013083107026967689,True,ok,0.002653747221491365,0.5370868302930916,0.0026250518501627763,4.2420894038667125,4.089485181538637,0.12108971986599443,0.12132501010000546,0.1294134979192405,0.11967233923671991,0.11967233923671974,800.0000000000005,800.0000000000005,0.00125,3.1646907316940087e-12,9.664039962312003,9,2.2724877535296173e-16,2.0990154059319366e-16,3.375077994860476e-13,0.0019530752597369805,0.9737802858481479,1.0373175841938214,0.22308681031620156,6.0105254107156725e-12,0.0013388327788561583,not_checked,0.001,not_checked,not_checked,,-0.0024912598623779113,0.007798754305360641,0.002522916151221688,True
local_b1_n800,221,2035191822,local,1,0.035355339059327376,800,0.00013083107026967689,True,ok,0.0006280302871637389,0.5505639957481916,0.0012251686866770113,1.0117723179884681,1.0462560868161175,0.6080416085014744,0.6059612673868537,0.592663767448193,0.6050620708721932,0.6050620708721929,800.0000000000005,800.0000000000005,0.00125,6.391109863557176e-12,9.467830007202855,8,-1.7751100069018921e-13,-3.0357660829594124e-18,-3.1086244689504383e-15,-0.0034619292632426246,0.9660538938131553,1.0551699165761945,0.22183432165058664,1.2393641668495547e-11,0.0012336659710854292,not_checked,0.001,not_checked,not_checked,,-0.0017732562137094412,0.003029316788036919,0.000497199216894062,True
local_b1_n800,222,2035191823,local,1,0.035355339059327376,800,0.00013083107026967689,True,ok,0.004079633065335653,0.5908206568863288,0.003103975371473402,6.4711970243034465,6.928591806554918,0.03783377819615363,0.038910029278838035,0.03129503240060695,0.038246376613001815,0.03824637661300174,800.0000000000005,800.0000000000005,0.00125,4.621025784246058e-11,12.724443428217485,9,-6.765421556309548e-17,-8.326672684688674e-17,-1.341149413747189e-13,0.028107940116800734,0.9132761416198272,1.075847654393428,0.19495445719253038,9.517053811691767e-11,0.0013457080349326134,not_checked,0.001,not_checked,not_checked,,-0.002004046871651551,0.010163313002322857,0.003948801995065976,True
local_b1_n800,223,2035191824,local,1,0.035355339059327376,800,0.00013083107026967689,True,ok,0.00020900832724390916,0.6254338962304578,0.0007202242781641554,0.33053923765399823,0.34227556418101995,0.8417901593820869,0.8434709722465072,0.8427054557529549,0.8460247522754394,0.8460247522754394,800.0000000000005,800.0000000000005,0.00125,4.213296378452469e-13,14.554237953352997,9,2.297313272774104e-14,1.307276769474397e-16,2.0894397323445446e-13,0.0019370429681282997,0.9023768788892945,1.0440715643797789,0.16860739950870998,9.376943665984072e-13,0.0013378330040723085,not_checked,0.001,not_checked,not_checked,,-0.001202605318749193,0.0016206219732370114,7.817725697423228e-05,True
local_b1_n800,224,2035191825,local,1,0.035355339059327376,800,0.00013083107026967689,True,ok,0.0020661783909103892,0.5631596678479702,0.002317792532527471,3.260398070590934,3.2133946699976033,0.1786714641945255,0.18294988645846572,0.20054886725012575,0.1914855916288102,0.19148559162881001,800.0000000000005,800.0000000000005,0.00125,1.210775923965457e-11,11.729500034746103,9,-2.8406096919120216e-16,-1.3964523981613297e-16,-2.2160051571518125e-13,0.022743677432845333,0.9049036558880935,1.0150975534233726,0.19654654286264106,2.3910873281351996e-11,0.0013482500799000263,not_checked,0.001,not_checked,not_checked,,-0.002476611496479335,0.006608968278300114,0.0019353473206407124,True
local_b1_n800,225,2035191826,local,1,0.035355339059327376,800,0.00013083107026967689,True,ok,0.0017737040806418136,0.5806362953435034,0.002038703889444726,2.8958295822429587,2.975183029890566,0.25162425294941426,0.24465533562767183,0.22591611640802828,0.2419647403404386,0.24196474034043836,800.0000000000005,800.0000000000005,0.00125,2.8436919485841372e-11,9.7133228894592,9,1.2967057982926633e-16,1.5178830414797062e-16,2.438049762076844e-13,-0.028951526608027578,0.945303359189407,1.1135642642394772,0.1974099164745723,5.778066913819657e-11,0.001555166905745864,not_checked,0.001,not_checked,not_checked,,-0.0022220821178115776,0.005769490279095205,0.0016428730103721367,True
local_b1_n800,226,2035191827,local,1,0.035355339059327376,800,0.00013083107026967689,True,ok,0.0012554782321936298,0.5721371064434604,0.0017551468922730516,2.057813988690692,2.0024097199987123,0.37966461042494914,0.37079718809993134,0.3674364648639948,0.3662707057584168,0.3662707057584165,800.0000000000005,800.0000000000005,0.00125,1.886979461573901e-11,9.071804978741916,9,1.6046192152785466e-16,2.5500435096859064e-16,4.0811798385220754e-13,-0.02452440859044147,0.9862957725429897,1.0891898891552434,0.2152189861599816,3.7777336814315277e-11,0.0013908341061323881,not_checked,0.001,not_checked,not_checked,,-0.0021845464642389536,0.004695502928626213,0.0011246471619239529,True
local_b1_n800,227,2035191828,local,1,0.035355339059327376,800,0.00013083107026967689,True,ok,0.0002075719912699725,0.5694398642147853,0.0007378404553602076,0.3334302116972083,0.31557256183525506,0.8471818069556092,0.8466257589325472,0.8540322854619129,0.8469974516468802,0.8469974516468801,800.0000000000005,800.0000000000005,0.00125,1.6530665725156268e-11,10.414635166246468,8,-1.5279932267381335e-15,-6.223320470066795e-17,-9.880984919163893e-14,-0.0006575128326260782,0.9467857452812798,1.0587050367573005,0.20437281463616966,3.295852479823225e-11,0.0012181249912828207,not_checked,0.001,not_checked,not_checked,,-0.001238568727572668,0.001653712710112613,7.674092100029561e-05,True
local_b1_n800,228,2035191829,local,1,0.035355339059327376,800,0.00013083107026967689,True,ok,0.000516069209958836,0.5226696654340093,0.0011269030582670755,0.8363724387460298,0.8300067257922896,0.6652690017514177,0.6617772250966776,0.6603380600529326,0.6617579873097277,0.6617579873097277,800.0000000000005,800.0000000000005,0.00125,3.809841331303687e-12,8.080893795221511,8,-2.595935619242873e-13,2.400423609882907e-16,3.8458125573015423e-13,-0.005330851405945913,1.0049353192719783,1.0210827054366083,0.23855983021660881,6.815215058963986e-12,0.0012082499451935291,not_checked,0.001,not_checked,not_checked,,-0.0016926201983126742,0.002724758618230346,0.0003852381396891591,True
local_b1_n800,229,2035191830,local,1,0.035355339059327376,800,0.00013083107026967689,True,ok,0.0002363759214119021,0.6424999221551022,0.0007533243630188925,0.3751909615951715,0.3959805182753296,0.82097759131242,0.8222676656157526,0.8203778442865548,0.8277031220582274,0.8277031220582273,800.0000000000005,800.0000000000005,0.00125,3.3240077357277187e-13,15.27910185073709,9,1.5317499872657958e-14,2.0475158027388751e-16,3.275157922644212e-13,0.0015052563319360446,0.935488179087671,0.9823062360660693,0.16764298687424992,7.509548538564559e-13,0.0013132509775459766,not_checked,0.001,not_checked,not_checked,,-0.0012401126987817046,0.0017128645416055088,0.00010554485114222523,True
local_b1_n800,230,2035191831,local,1,0.035355339059327376,800,0.00013083107026967689,True,ok,3.8262721083093254e-05,0.5387515637011595,0.00030962596000074893,0.06134547389201439,0.061155011260042025,0.9694113553432998,0.9693498084764036,0.9698852575860881,0.9698535707531315,0.9698535707531315,800.0000000000005,800.0000000000005,0.00125,3.4602321008492254e-12,9.368489969966014,8,-2.99781900692242e-17,-3.741175121432794e-17,-5.972999872483342e-14,-6.256007953257467e-05,0.9370066815508883,1.0360829108603482,0.21388208257043423,6.581402089977928e-12,0.001206791028380394,not_checked,0.001,not_checked,not_checked,,-0.000568593009197014,0.0006451184513632005,-9.256834918658363e-05,True
local_b1_n800,231,2035191832,local,1,0.035355339059327376,800,0.00013083107026967689,True,ok,0.0009495947517577097,0.6242982141084774,0.0014802272683920583,1.4942168675569287,1.662192990284837,0.45277868759560647,0.4587471786679721,0.4355714224328233,0.467818068387561,0.4678180683875609,800.0000000000005,800.0000000000005,0.00125,7.432798820872222e-11,15.080790472091117,9,7.131125876434774e-12,-5.171644362755856e-17,-8.260059303211165e-14,0.01256736762770383,0.8940402894705433,1.02623040883354,0.171743832038613,1.705884322689144e-10,0.0013367922510951757,not_checked,0.001,not_checked,not_checked,,-0.0019515973832248288,0.003850786886740248,0.0008187636814880328,True
local_b1_n800,232,2035191833,local,1,0.035355339059327376,800,0.00013083107026967689,True,ok,0.0006869864647915946,0.6144085886866288,0.001208521787275386,1.122293692855427,1.2802698257580265,0.579641878208643,0.5730534981374387,0.5272212903025759,0.5771868863087773,0.5771868863087771,800.0000000000005,800.0000000000005,0.00125,1.360188628396486e-10,11.148617661226918,8,-4.737229055210013e-12,-4.5319650809894085e-17,-7.327471962526033e-14,-0.011557674594437461,0.8627037683352068,1.1698177974935815,0.1680768833337224,2.9023472514211335e-10,0.0012769580353051424,not_checked,0.001,not_checked,not_checked,,-0.0016816727128001387,0.003055645642383328,0.0005561553945219178,True
local_b1_n800,233,2035191834,local,1,0.035355339059327376,800,0.00013083107026967689,True,ok,0.0009521715502451844,0.6007639650141696,0.0016061983007234484,1.5606540826826705,1.3640218103179838,0.4879538877081563,0.4794944183092792,0.5055992572693411,0.4668546833954905,0.4668546833954904,800.0000000000005,800.0000000000005,0.00125,1.651484504705536e-10,10.26645262440545,8,-1.8012372084326433e-11,1.3791051634015616e-16,2.204902926905561e-13,-0.018589801145187268,0.9754032097507689,1.1525374614321828,0.20813322605214302,3.2719515985490943e-10,0.0012345423456281424,not_checked,0.001,not_checked,not_checked,,-0.0021959192712022093,0.004100262371692578,0.0008213404799755075,True
local_b1_n800,234,2035191835,local,1,0.035355339059327376,800,0.00013083107026967689,True,ok,0.00022033969860291158,0.5913447519675208,0.0007363700836470628,0.35223444749742966,0.359388508282949,0.8378373197756512,0.8379672535833591,0.835525630863891,0.838390112415597,0.8383901124155968,800.0000000000005,800.0000000000005,0.00125,4.7367665345632304e-11,11.789449458360473,8,3.942159099157294e-16,3.6374982886888674e-17,5.839773109528323e-14,0.0001545351336145473,0.920165066215701,1.0780755016076613,0.1921956654110117,9.761902397542599e-11,0.0012269988656044006,not_checked,0.001,not_checked,not_checked,,-0.0012229191446380785,0.0016635985418439016,8.95086283332347e-05,True
local_b1_n800,235,2035191836,local,1,0.035355339059327376,800,0.00013083107026967689,True,ok,0.0014870826517001667,0.5939966624528779,0.0019441676632524513,2.4064567419285257,2.3108641000995562,0.31541998251278236,0.31130650821290484,0.314921445680138,0.304322854006981,0.3043228540069808,800.0000000000005,800.0000000000005,0.00125,1.854517650556886e-10,10.969882482657814,8,-1.4703363093032662e-11,1.6046192152785466e-17,2.6645352591003757e-14,-0.013562249604128773,0.9462626922765299,1.1188690482966952,0.20154861036472949,3.6812619619297493e-10,0.0012416662648320198,not_checked,0.001,not_checked,not_checked,,-0.002323415948182034,0.005297581251582367,0.0013562515814304898,True
local_b1_n800,236,2035191837,local,1,0.035355339059327376,800,0.00013083107026967689,True,ok,1.5045462831819734e-05,0.601760642807218,0.00019646727721716088,0.024064358242731627,0.023525127893432925,0.9879332332549193,0.9879374095038345,0.9883063445637039,0.9880357770849453,0.9880357770849453,800.0000000000005,800.0000000000005,0.00125,7.675482471825035e-11,12.233277982503527,8,-1.592676050722261e-16,-1.6069570262129684e-16,-2.5712765250318625e-13,4.191144089980142e-06,0.9406624220041993,1.0449634201261673,0.18839619690522372,1.6073764541602031e-10,0.001257417956367135,not_checked,0.001,not_checked,not_checked,,-0.00037002332465446225,0.0004001142503181017,-0.00011578560743785715,True
local_b1_n800,237,2035191838,local,1,0.035355339059327376,800,0.00013083107026967689,True,ok,0.0008761330714286419,0.6145825271984551,0.0015484055375403825,1.4160475688771488,1.2577479353584602,0.5000271209130034,0.4965276676260453,0.5331918543649427,0.4961353744473632,0.4961353744473631,800.0000000000005,800.0000000000005,0.00125,1.3709711144116454e-10,12.028188953620955,8,-2.0920734762619464e-12,1.5027042110649091e-16,2.4003021792395884e-13,-0.007117327295660392,0.9042067419383418,1.1262930739517218,0.1756505680207967,2.9257130051973945e-10,0.0013762081507593393,not_checked,0.001,not_checked,not_checked,,-0.0021586860156128903,0.003910952158470174,0.0007453020011589651,True
local_b1_n800,238,2035191839,local,1,0.035355339059327376,800,0.00013083107026967689,True,ok,0.0020118351328579642,0.5749879090612775,0.0022032775601221735,3.106555898026905,3.4315198648337994,0.17663269533571435,0.1876333309529748,0.17982701239899526,0.19999396132071173,0.19999396132071154,800.0000000000005,800.0000000000005,0.00125,2.1687873719145045e-11,14.135939065442967,9,-3.0704605524789486e-16,-1.222980050563649e-16,-1.971756091734278e-13,0.05619015727291976,0.8675782435990803,0.9896570611256297,0.18431049488542983,4.3604897470572723e-11,0.0014065830036997795,not_checked,0.001,not_checked,not_checked,,-0.002306509532926779,0.0063301797986427075,0.0018810040625882873,True
local_b1_n800,239,2035191840,local,1,0.035355339059327376,800,0.00013083107026967689,True,ok,0.0006384811373345567,0.5554380561682375,0.0012363245010928437,1.0383779969677396,1.0524916156065671,0.6044019103813218,0.5994160066542276,0.5908188589451704,0.6000244288363005,0.6000244288363001,800.0000000000005,800.0000000000005,0.00125,1.530475746136517e-11,8.971856578873455,8,-1.2411924786570605e-12,-1.323810852604801e-16,-2.1227464230832993e-13,-0.008404088616224104,0.9842953359401868,1.0452630440809028,0.21762275442494566,2.8658186934649166e-11,0.0012423750013113022,not_checked,0.001,not_checked,not_checked,,-0.0017846703580118675,0.003061632632680981,0.0005076500670648798,True
local_b1_n800,240,2035191841,local,1,0.035355339059327376,800,0.00013083107026967689,True,ok,0.0009805247161025488,0.5965964575042193,0.0015831872683496166,1.565745763727573,1.5369274014793486,0.45152019567894375,0.452227630629469,0.46372494163080846,0.456384431599933,0.456384431599933,800.0000000000005,800.0000000000005,0.00125,6.051048551114491e-11,12.194996794011969,8,3.183080968943708e-13,3.599551212651875e-17,5.617728504603292e-14,0.001546891018253005,0.9010955236649969,1.0766513783959946,0.18285509330386437,1.257018933387144e-10,0.0012253331951797009,not_checked,0.001,not_checked,not_checked,,-0.0021224653106450496,0.004083514742850148,0.0008496936458328719,True
local_b1_n800,241,2035191842,local,1,0.035355339059327376,800,0.00013083107026967689,True,ok,0.0024590077627697493,0.5557353638013407,0.0024637042639296513,4.057235421473615,3.8710174887948,0.15275543159039917,0.1440578690919368,0.14435081247276724,0.1398470141110797,0.13984701411107953,800.0000000000005,800.0000000000005,0.00125,8.333667089743813e-12,8.039887303049406,9,-1.205632815803881e-16,-1.3747683547116196e-16,-2.1938006966593093e-13,-0.061411500521006746,1.011747447197658,1.0823029107742201,0.22516878287174635,1.627031842588167e-11,0.0013521250803023577,not_checked,0.001,not_checked,not_checked,,-0.002369763863090131,0.00728777938862963,0.0023281766925000724,True
local_b1_n800,242,2035191843,local,1,0.035355339059327376,800,0.00013083107026967689,True,ok,0.00019356001928705346,0.6243937474419197,0.0007076935302114043,0.30994208822012304,0.2997242625176848,0.8532517493301406,0.8531441876365402,0.8608266493307258,0.8565453492682116,0.8565453492682116,800.0000000000005,800.0000000000005,0.00125,4.8183679268731794e-14,13.336878039168594,9,-9.362085759412331e-17,2.2789929665645303e-16,3.6481928589182644e-13,-0.0001230286804186631,0.9147026280613144,1.0404733084320439,0.17083232809517612,1.0413891970983968e-13,0.0013310830108821392,not_checked,0.001,not_checked,not_checked,,-0.0011934938120193076,0.0015806138505934145,6.272894901737658e-05,True
local_b1_n800,243,2035191844,local,1,0.035355339059327376,800,0.00013083107026967689,True,ok,0.0006717973770355989,0.5975408767184303,0.0011545583437341164,1.0518121607629891,1.3644486157034859,0.555532794275875,0.5625545838803532,0.5054913725382424,0.5842432250381244,0.5842432250381242,800.0000000000005,800.0000000000005,0.00125,6.321754231208843e-11,13.941408890912566,8,3.936121610939591e-12,-8.803721640582296e-17,-1.4077627952246985e-13,0.01153182124698493,0.7679865090596699,1.079183969436894,0.15324457335382022,1.3150547317763994e-10,0.0012220002245157957,not_checked,0.001,not_checked,not_checked,,-0.0015910953947334853,0.002934690148804683,0.0005409663067659221,True
local_b1_n800,244,2035191845,local,1,0.035355339059327376,800,0.00013083107026967689,True,ok,0.0008537820515202021,0.5952390188317584,0.0014283948357943516,1.3834951979488497,1.4105389182785075,0.5122182509298943,0.5078624051443843,0.4939754501215877,0.5050864676895508,0.5050864676895506,800.0000000000005,800.0000000000005,0.00125,5.6815663285192386e-11,10.878013516077129,8,-2.4213680106105473e-12,-2.387413183813081e-16,-3.83026943495679e-13,-0.008721957758262788,0.9777894954249489,1.0653768146815115,0.20029529137243277,1.1777978592419913e-10,0.0012260840740054846,not_checked,0.001,not_checked,not_checked,,-0.0019458203823397315,0.003653384485380136,0.0007229509812505253,True
local_b1_n800,245,2035191846,local,1,0.035355339059327376,800,0.00013083107026967689,True,ok,8.175511226138354e-05,0.6066398611014718,0.00043449096460396853,0.1307275299658216,0.14364669136438932,0.9369912483353002,0.9370288315012285,0.9306952926320786,0.9366888804609078,0.9366888804609077,800.0000000000005,800.0000000000005,0.00125,9.582690196907606e-11,12.508782097258436,8,9.793056122975319e-17,9.120850776034306e-17,1.4588330543574557e-13,4.0324826196078134e-05,0.8584072392274765,1.1755832697600805,0.176943838335507,2.0227131081185235e-10,0.001216665841639042,not_checked,0.001,not_checked,not_checked,,-0.0007698315299704622,0.0009333417544932293,-4.907595800829334e-05,True
local_b1_n800,246,2035191847,local,1,0.035355339059327376,800,0.00013083107026967689,True,ok,0.004214647318325548,0.5782192259069703,0.003295718796690955,6.954010617068109,6.305587502368989,0.04125451763225203,0.03735122193435786,0.042732575762625534,0.03433061165798141,0.03433061165798134,800.0000000000005,800.0000000000005,0.00125,2.53577159270435e-11,8.971636888448673,9,-3.7643499428696714e-16,-3.729655473350135e-17,-6.128431095930864e-14,-0.10528745387361393,1.0109108276400074,1.1031517156376967,0.21730300348875534,5.12432318799938e-11,0.001356000080704689,not_checked,0.001,not_checked,not_checked,,-0.0022448428263604076,0.010674137463011504,0.0040838162480558715,True
local_b1_n800,247,2035191848,local,1,0.035355339059327376,800,0.00013083107026967689,True,ok,0.002483871430099205,0.6207541825967475,0.0024470573699486757,3.877142474814789,4.258290734051181,0.12915028568687115,0.13575141239889907,0.11893889953392399,0.13709280906525045,0.13709280906525032,800.0000000000005,800.0000000000005,0.00125,1.8017332070741077e-10,15.83089900188508,9,6.938893903907228e-17,6.331740687315346e-17,1.0169642905566434e-13,0.04852590667197054,0.899441488362644,1.042111081289387,0.18323843154355698,3.8809599978151255e-10,0.0013441238552331924,not_checked,0.001,not_checked,not_checked,,-0.0023122728831035068,0.0072800157433019165,0.002353040359829528,True
local_b1_n800,248,2035191849,local,1,0.035355339059327376,800,0.00013083107026967689,True,ok,0.0005519949572252436,0.6057022191275372,0.001144347009643042,0.8726698076898396,0.9459029840496489,0.6338351983833557,0.6372826313445046,0.6231602986888134,0.6430093807724873,0.643009380772487,800.0000000000005,800.0000000000005,0.00125,9.190803673675418e-11,13.527168772062696,8,4.785494917003419e-13,1.0364972768961422e-16,1.6631140908884845e-13,0.0052610619352753685,0.8625855691979214,1.0841433268793794,0.1698149270891938,1.935669402541862e-10,0.0012314589694142342,not_checked,0.001,not_checked,not_checked,,-0.0016908839674912284,0.0027948738819417156,0.0004211638869555667,True
local_b1_n800,249,2035191850,local,1,0.035355339059327376,800,0.00013083107026967689,True,ok,0.0002758542458221047,0.6274073553236246,0.000803584585952712,0.4474321396444892,0.4642694952373304,0.8069772476374675,0.8046030241852029,0.7928392829032449,0.8019705466561152,0.8019705466561151,800.0000000000005,800.0000000000005,0.00125,1.510791491909913e-12,12.381917028240064,9,-9.259075711004483e-14,2.469812548921979e-16,3.9523939676655573e-13,-0.003032673164560684,0.9633747056417339,1.098629435095943,0.1793184137473471,3.1887825713283746e-12,0.0013460000045597553,not_checked,0.001,not_checked,not_checked,,-0.0012991426011767422,0.0018508510928209516,0.00014502317555242783,True
local_b1_n800,250,2035191851,local,1,0.035355339059327376,800,0.00013083107026967689,True,ok,0.0010025576773851075,0.5847728200861846,0.0016017461721125807,1.6194131404304322,1.5522139306430023,0.4567299341098059,0.45332901659508895,0.4601940800525993,0.448410513254065,0.44841051325406467,800.0000000000005,800.0000000000005,0.00125,3.5368707962391e-11,10.672438544237655,8,-2.3465110063347616e-12,-8.890457814381136e-18,-1.3766765505351941e-14,-0.007660428307129652,0.9384915937833115,1.1129401347026806,0.20336071323417187,7.085665387762674e-11,0.0012255411129444838,not_checked,0.001,not_checked,not_checked,,-0.0021368071323304453,0.00414192248710066,0.0008717266071154306,True
local_b1_n800,251,2035191852,local,1,0.035355339059327376,800,0.00013083107026967689,True,ok,0.0004921961645543149,0.6218686381953284,0.0010831127501268888,0.7872599088619371,0.8258712999517791,0.6727558252245366,0.6728418084843542,0.6617048621816777,0.6745179902954097,0.6745179902954096,800.0000000000005,800.0000000000005,0.00125,1.8920232047747731e-10,13.327913793417055,8,3.0897593511491905e-15,3.252606517456513e-17,5.1736392947532295e-14,0.00012697721248361438,0.953217533990053,1.0349301990584543,0.1943540691939736,4.0825121061516256e-10,0.0012284999247640371,not_checked,0.001,not_checked,not_checked,,-0.0016306658168905178,0.0026150581459991476,0.00036136509428463803,True
local_b1_n800,252,2035191853,local,1,0.035355339059327376,800,0.00013083107026967689,True,ok,0.001156031885301445,0.5446901039973429,0.0017016502339455071,1.8782858759138228,1.8135202115827402,0.4095162988502973,0.40389721983348376,0.4038304748505107,0.3966006165767655,0.3966006165767653,800.0000000000005,800.0000000000005,0.00125,7.348299746468001e-11,8.662445664074715,8,-6.741029392673403e-12,2.0599841277224584e-17,3.5083047578154947e-14,-0.014317429715754781,0.9948119312140655,1.077901678841676,0.23757154587860868,1.3421175282246622e-10,0.001226165797561407,not_checked,0.001,not_checked,not_checked,,-0.0021791412875159064,0.004491205058118796,0.0010252008150317682,True
local_b1_n800,253,2035191854,local,1,0.035355339059327376,800,0.00013083107026967689,True,ok,0.0002378784873924289,0.5976037777075045,0.0007869190021540601,0.37609008248394044,0.3709254349436231,0.8216847782410122,0.8236009899395926,0.8307198063381814,0.8267087769630582,0.8267087769630581,800.0000000000005,800.0000000000005,0.00125,6.336819957653006e-11,13.042579745221314,8,3.0133122559672376e-14,2.179246366695864e-17,3.530509218307998e-14,0.002257748671973009,0.893866267659878,1.0497023157203846,0.18309757956485673,1.3190226688664097e-10,0.0012227499391883612,not_checked,0.001,not_checked,not_checked,,-0.001304454415579726,0.0017802113903645838,0.00010704741712275201,True
local_b1_n800,254,2035191855,local,1,0.035355339059327376,800,0.00013083107026967689,True,ok,0.0004140911734176189,0.550767212788823,0.0010378422303079923,0.6645574482656026,0.6350354659957093,0.7198124528169652,0.7190946041510944,0.7279537718571805,0.7180091697800237,0.7180091697800235,800.0000000000005,800.0000000000005,0.00125,6.463385382460274e-12,9.756183921986132,8,-1.2163555752897626e-14,-1.043544591017298e-16,-1.680877659282487e-13,-0.001005785398705994,0.9393797717280009,1.0799739625739881,0.2134147980162632,1.2529088877499817e-11,0.0012249581050127745,not_checked,0.001,not_checked,not_checked,,-0.0016200422196207698,0.0024482245664560077,0.00028326010314794203,True
local_b1_n800,255,2035191856,local,1,0.035355339059327376,800,0.00013083107026967689,True,ok,0.001606434786555866,0.5411463586612921,0.0020607218352015322,2.6325465611992525,2.3800937689526376,0.2932056370790812,0.2846534894700232,0.30420700114641064,0.2766096896078921,0.27660968960789184,800.0000000000005,800.0000000000005,0.00125,3.924971458957316e-12,7.969534288054013,9,8.673617379884035e-19,8.673617379884035e-18,1.509903313490213e-14,-0.03112545135493283,0.9348821568603205,1.1649689337808544,0.2191748636542106,7.491784970170556e-12,0.0014219989534467459,not_checked,0.001,not_checked,not_checked,,-0.002432505792594422,0.005645375365706154,0.001475603716286189,True
local_b1_n800,256,2035191857,local,1,0.035355339059327376,800,0.00013083107026967689,True,ok,0.0029434137274766403,0.5783349883998801,0.0027684448778562947,4.792360722527879,4.517282775162402,0.10502587125842175,0.10102214117289304,0.10449235296939767,0.09491903803179982,0.09491903803179969,800.0000000000005,800.0000000000005,0.00125,2.5506152745435884e-11,9.891785593906848,9,-9.80118763926896e-17,-5.811323644522304e-17,-9.414691248821327e-14,-0.04144937928262582,0.845800953195359,1.238886684428875,0.18736678568283985,5.154077165059334e-11,0.0013661240227520466,not_checked,0.001,not_checked,not_checked,,-0.002482638526306086,0.008369465981259367,0.0028125826572069634,True
local_b1_n800,257,2035191858,local,1,0.035355339059327376,800,0.00013083107026967689,True,ok,0.0011983732500786548,0.5903126465274937,0.0017570404869631671,1.9265585504461489,1.869762845359246,0.3845686328435034,0.38282424994518305,0.39263242007157273,0.38339150713522613,0.38339150713522596,800.0000000000005,800.0000000000005,0.00125,5.1799009526121154e-11,11.32619143083446,8,-2.0231811018178725e-12,-1.1015494072452725e-16,-1.7741363933510002e-13,-0.004580675160150038,0.8732707920372622,1.142550713122437,0.18424760687448888,1.045799002952208e-10,0.0012322079855948687,not_checked,0.001,not_checked,not_checked,,-0.002245362823747871,0.004642109323905181,0.001067542179808978,True
local_b1_n800,258,2035191859,local,1,0.035355339059327376,800,0.00013083107026967689,True,ok,0.0002276004864729675,0.5212256882657547,0.000778728234657274,0.36114426167717284,0.3444506066279397,0.8296203126813839,0.8309045982864205,0.8417894938389846,0.8335343305823566,0.8335343305823566,800.0000000000005,800.0000000000005,0.00125,1.34692257347524e-12,9.523414033682783,8,5.5146317200216455e-15,-1.998455654433906e-16,-3.199662756969701e-13,0.0015082583397876825,0.9041183918685051,1.0504581575377996,0.22361137863648825,2.4928947794933265e-12,0.0012301669921725988,not_checked,0.001,not_checked,not_checked,,-0.0012986788071997454,0.0017538797801456803,9.67694162032906e-05,True
local_b1_n800,259,2035191860,local,1,0.035355339059327376,800,0.00013083107026967689,True,ok,5.8802819300041165e-05,0.6127749748463582,0.0003921452966264701,0.09346031175607401,0.09082491580550942,0.9543766067904828,0.9546723196639997,0.9556032544233984,0.9540470830593162,0.9540470830593162,800.0000000000005,800.0000000000005,0.00125,1.2644318925225662e-10,13.35400030228542,8,-1.163484456348507e-16,-2.1200218230238432e-16,-3.390621117205228e-13,0.00031209956199595296,0.963295639711241,1.0534645226244908,0.1916804315102416,2.691471490123831e-10,0.0012341251131147146,not_checked,0.001,not_checked,not_checked,,-0.0007097878387946167,0.000827393477394699,-7.202825096963572e-05,True
local_b1_n800,260,2035191861,local,1,0.035355339059327376,800,0.00013083107026967689,True,ok,0.0001448476161913792,0.5968992659990391,0.0005854277295530593,0.2317780424603218,0.24449271873854708,0.8912939833806592,0.8912843112803838,0.8849303307677715,0.8905837851193705,0.8905837851193705,800.0000000000005,800.0000000000005,0.00125,6.134925900624921e-11,11.96515141878221,8,-1.0321604682062002e-16,-8.725116983077097e-17,-1.3988810110276972e-13,-1.0928277057467572e-05,0.9441240585529105,1.0736515950649237,0.2030303363617102,1.2753664790920993e-10,0.001344999996945262,not_checked,0.001,not_checked,not_checked,,-0.001002569649283672,0.0012922648816664304,1.4016545921702317e-05,True
local_b1_n800,261,2035191862,local,1,0.035355339059327376,800,0.00013083107026967689,True,ok,0.0016458306044226934,0.5849409946268553,0.002041827756795993,2.710989933185104,2.5267182609318395,0.28693532309744807,0.2765794958273895,0.28270279416878186,0.26802782384631807,0.2680278238463178,800.0000000000005,800.0000000000005,0.00125,3.4990232933296284e-11,9.244803396688312,9,-1.4268100589909238e-16,-1.494030593685025e-16,-2.3803181647963356e-13,-0.038830483054396625,0.9795377525759728,1.1317187954232915,0.21108839544858626,7.144507208067807e-11,0.001358458073809743,not_checked,0.001,not_checked,not_checked,,-0.002356078261531662,0.005647739470377049,0.0015149995341530165,True
local_b1_n800,262,2035191863,local,1,0.035355339059327376,800,0.00013083107026967689,True,ok,0.0002669769686818313,0.5729702934893492,0.000797618296131483,0.4304672283195777,0.4442870311866364,0.810581849457265,0.809266436934473,0.8008004287386714,0.8076862704996581,0.8076862704996581,800.0000000000005,800.0000000000005,0.00125,1.9656498650988397e-11,10.272248018602195,8,-1.2601898691233515e-14,-7.003946034256359e-17,-1.1257661469699087e-13,-0.0016520392143236917,0.9645213073195337,1.07210519828113,0.2122720073620563,3.9398262430268005e-11,0.0012338340748101473,not_checked,0.001,not_checked,not_checked,,-0.0012963261651460789,0.0018302801025097415,0.0001361458984121544,True
local_b1_n800,263,2035191864,local,1,0.035355339059327376,800,0.00013083107026967689,True,ok,0.001959850365619964,0.550029543896245,0.0021617385896980854,3.197736989903216,3.2223904435858697,0.2235326979930528,0.21702968225946057,0.19964884676103714,0.20848664501179387,0.2084866450117937,800.0000000000005,800.0000000000005,0.00125,6.226352766702803e-12,8.589556725416118,9,-4.336808689942018e-18,-4.85722573273506e-17,-7.638334409421077e-14,-0.03098820245563605,0.9555509773001416,1.1394899543512629,0.22406530912801367,1.2049028441651899e-11,0.001349292229861021,not_checked,0.001,not_checked,not_checked,,-0.0022770794141786926,0.0061967801454186205,0.001829019295350287,True
local_b1_n800,264,2035191865,local,1,0.035355339059327376,800,0.00013083107026967689,True,ok,0.003430010212594148,0.5727657763862872,0.002822171168975827,5.300747572803361,6.107736305968421,0.05298427496824541,0.05848674832102972,0.04717608667653138,0.06431205594382143,0.06431205594382133,800.0000000000005,800.0000000000005,0.00125,1.9453993971296768e-11,14.112709840099797,9,3.4954678040932663e-16,-4.336808689942018e-17,-6.838973831690964e-14,0.09363438367363974,0.7960633767823433,1.062895129914803,0.1685993107348901,3.89945853385143e-11,0.0015934999100863934,not_checked,0.001,not_checked,not_checked,,-0.002101343636805776,0.008961364061994073,0.003299179142324471,True
local_b1_n800,265,2035191866,local,1,0.035355339059327376,800,0.00013083107026967689,True,ok,0.0005651519061233845,0.61058022064414,0.0012013279032543846,0.9035114603576555,0.888068594322816,0.6340422965623935,0.6342760375480581,0.6414434207615162,0.6362768415478135,0.6362768415478133,800.0000000000005,800.0000000000005,0.00125,1.1459133641977814e-10,12.769397590610186,8,1.547286604397513e-14,-2.106604821139335e-16,-3.3728575488112256e-13,0.00036579471988013035,0.9562336186132457,1.0293641857972937,0.18598739639881356,2.431053136575656e-10,0.001228333916515112,not_checked,0.001,not_checked,not_checked,,-0.0017894075178782275,0.0029197113301249965,0.0004343208358537076,True
local_b1_n800,266,2035191867,local,1,0.035355339059327376,800,0.00013083107026967689,True,ok,0.002249060034189787,0.6168683243844573,0.0024363855679587136,3.6857614918396324,3.304148423789173,0.17839413442074836,0.17110609140232275,0.1916519692638853,0.16542323521121022,0.16542323521121,800.0000000000005,800.0000000000005,0.00125,1.5162437971838472e-10,11.08667811320781,9,-1.465841337200402e-16,-7.37257477290143e-17,-1.1812772982011666e-13,-0.04363271856798545,0.9710341504730959,1.117253824769476,0.19112118712693,3.2498648216972015e-10,0.0013059582561254501,not_checked,0.001,not_checked,not_checked,,-0.002526167931462456,0.00702428799984203,0.00211822896392011,True
local_b1_n800,267,2035191868,local,1,0.035355339059327376,800,0.00013083107026967689,True,ok,0.0003607567541796808,0.6015777124722361,0.0009182037179699645,0.5860471316290793,0.6265103555538168,0.748516065932533,0.7452114162458358,0.7310633376477274,0.749307821435129,0.7493078214351289,800.0000000000005,800.0000000000005,0.00125,7.611034025245544e-11,10.969146104711374,8,-2.4178391493795415e-13,-1.2376167798922033e-16,-1.9828583219805296e-13,-0.004418162470794851,0.8373089973382046,1.1805281134914505,0.16935262865184067,1.593518650366832e-10,0.001195334130898118,not_checked,0.001,not_checked,not_checked,,-0.001438889463512223,0.0021604029718715846,0.0002299256839100039,True
local_b1_n800,268,2035191869,local,1,0.035355339059327376,800,0.00013083107026967689,True,ok,0.0003237568560972015,0.5959038907031198,0.0008955432243190344,0.5242245976774083,0.5192548196219309,0.7728005811131904,0.7704158394267546,0.7713389255863441,0.7718187897003785,0.7718187897003784,800.0000000000005,800.0000000000005,0.00125,5.8589466611636e-11,10.95223901096382,8,-8.287641406479196e-14,-9.86623976961809e-17,-1.5876189252139739e-13,-0.003106813960942756,0.9379644431896771,1.076027386431584,0.18871556000421058,1.2160117357495892e-10,0.0011947909370064735,not_checked,0.001,not_checked,not_checked,,-0.0014314756101669807,0.002078989322361384,0.00019292578582752462,True
local_b1_n800,269,2035191870,local,1,0.035355339059327376,800,0.00013083107026967689,True,ok,0.000996421451578744,0.5447822754892462,0.001561031111483524,1.6242619059889565,1.5956621601858538,0.463838120966959,0.4571844506688993,0.45030458028652676,0.45061716355515713,0.4506171635551568,800.0000000000005,800.0000000000005,0.00125,6.929556928270131e-11,8.436413798784226,8,-6.6906350251749735e-12,-9.519295074422729e-17,-1.5143442055887135e-13,-0.01499379173148263,1.0166314770683043,1.0589182949043314,0.22913797288676885,1.2624612466538565e-10,0.0011812921147793531,not_checked,0.001,not_checked,not_checked,,-0.002063143305675493,0.004055986208832981,0.0008655903813090671,True
local_b1_n800,270,2035191871,local,1,0.035355339059327376,800,0.00013083107026967689,True,ok,0.00043514570393110574,0.5972579799766999,0.0010635028716531284,0.6928793540210239,0.6739275995641151,0.7031265983376749,0.7043203711417665,0.7139346840260943,0.706016575905458,0.7060165759054577,800.0000000000005,800.0000000000005,0.00125,6.239231353788455e-11,12.440281789483592,8,3.973107650170893e-14,1.352000109089424e-16,2.1604940059205546e-13,0.0016768861343728902,0.9463966962891854,1.031832985652212,0.1906661370686453,1.2974110674690564e-10,0.0013978760689496994,not_checked,0.001,not_checked,not_checked,,-0.0016492816219639494,0.002519573029826161,0.00030431463366142886,True
local_b1_n800,271,2035191872,local,1,0.035355339059327376,800,0.00013083107026967689,True,ok,0.002310184167633622,0.5180636494110571,0.0024201341732112036,3.5925749269864897,3.72782709485107,0.13932319213285443,0.14721890203400778,0.15506458872215942,0.1575287442636462,0.15752874426364602,800.0000000000005,800.0000000000005,0.00125,1.1322054405127346e-12,11.044373281654611,9,-1.1449174941446927e-16,-1.5569143196891844e-16,-2.495781359357352e-13,0.051859870613653936,0.8600620985931463,1.0153994013842587,0.20773419412877023,2.085442929455894e-12,0.0013692497741430998,not_checked,0.001,not_checked,not_checked,,-0.0024331916496149577,0.007053559984882202,0.0021793530973639452,True
local_b1_n800,272,2035191873,local,1,0.035355339059327376,800,0.00013083107026967689,True,ok,0.0015951511203002866,0.5932211298149503,0.0020232621039177083,2.4667678265040713,2.5561554533894646,0.2554191585567863,0.2673502051976294,0.27857227815566754,0.27911793057386064,0.27911793057386053,800.0000000000005,800.0000000000005,0.00125,5.171507666545949e-11,14.935711145572567,9,-1.0213184464813452e-16,-2.688821387764051e-17,-4.263256414560601e-14,0.04273698298819428,0.879063283231807,0.9919988231511893,0.18711480331779956,1.0688294693750322e-10,0.0013504987582564354,not_checked,0.001,not_checked,not_checked,,-0.002370369734663158,0.005560671975263731,0.0014643200500306097,True
local_b1_n800,273,2035191874,local,1,0.035355339059327376,800,0.00013083107026967689,True,ok,0.0007282400473669348,0.6393769538792402,0.0014149872835681138,1.1940255084426104,1.031373885373566,0.5748699069554313,0.5670575562633071,0.5970902868994945,0.5584489680421778,0.5584489680421776,800.0000000000005,800.0000000000005,0.00125,1.0505707415120469e-10,12.159026862864057,9,-1.094977266410252e-11,-1.1926223897340549e-18,-1.5543122344752192e-15,-0.014420716327756988,0.9484708214035449,1.164208531622285,0.18518741889299808,2.217235284263097e-10,0.0013450412079691887,not_checked,0.001,not_checked,not_checked,,-0.0020450840670087327,0.0035015641617426024,0.0005974089770972579,True
local_b1_n800,274,2035191875,local,1,0.035355339059327376,800,0.00013083107026967689,True,ok,0.0011354785367918563,0.5631408352320062,0.0016500226385664073,1.7940323836582324,1.9069417810880607,0.39558547605843686,0.4002010675139407,0.3854010145505872,0.403175700993754,0.4031757009937539,800.0000000000005,800.0000000000005,0.00125,5.4140691929660534e-11,11.560542408952255,8,4.495600940124245e-12,2.3028454143592114e-16,3.6903813338540203e-13,0.0113666376043694,0.9407478327663148,1.019105089293292,0.2106008071751328,1.1158873824967941e-10,0.0012229590211063623,not_checked,0.001,not_checked,not_checked,,-0.0020985064084740527,0.004369463482057766,0.0010046474665221794,True
local_b1_n800,275,2035191876,local,1,0.035355339059327376,800,0.00013083107026967689,True,ok,0.00033880311274936403,0.6315688184190682,0.0009220341276765541,0.5482924844326728,0.535345852120782,0.7657394348002613,0.7634025628384427,0.7651580034226361,0.7625840933664085,0.7625840933664083,800.0000000000005,800.0000000000005,0.00125,1.8726131756352515e-12,12.790891175464468,9,-1.1132051227005779e-13,1.726049858596923e-16,2.7555735471196385e-13,-0.003103752016844985,1.0061944128628415,1.0248196701481689,0.18529445273989623,3.9821479447255115e-12,0.0013310420326888561,not_checked,0.001,not_checked,not_checked,,-0.0014683505700134878,0.002145956795512216,0.00020797204247968715,True
local_b1_n800,276,2035191877,local,1,0.035355339059327376,800,0.00013083107026967689,True,ok,0.0007328356445017725,0.5623960616994372,0.001339542834797763,1.1885408848060974,1.1785698695548552,0.5673772333008962,0.5630063250815314,0.554723806650364,0.5563996123737434,0.556399612373743,800.0000000000005,800.0000000000005,0.00125,1.6324053220273527e-11,9.428843130020638,8,-1.259529264739656e-12,2.0177002429955238e-16,3.228528555609955e-13,-0.008001926801630366,0.9942839512496218,1.0758155609532676,0.224556801406428,3.088618250046693e-11,0.001222332939505577,not_checked,0.001,not_checked,not_checked,,-0.0018926200674505306,0.0033582913564540757,0.0006020045742320956,True
local_b1_n800,277,2035191878,local,1,0.035355339059327376,800,0.00013083107026967689,True,ok,0.0004506140481159715,0.563377004616106,0.0010437519231071325,0.7272447924068914,0.7405112937238507,0.7037821326695457,0.7016389068373612,0.6905577691429607,0.6973336847703541,0.697333684770354,800.0000000000005,800.0000000000005,0.00125,1.2216894162975223e-11,9.818518284324032,8,-9.00745949182491e-14,2.710505431213761e-16,4.3454129183828627e-13,-0.0031311577106682975,0.9580151734925574,1.0983423647752972,0.21980852768018005,2.4179991342521134e-11,0.001222333637997508,not_checked,0.001,not_checked,not_checked,,-0.001595102129968428,0.002496330226200371,0.0003197829778462946,True
local_b1_n800,278,2035191879,local,1,0.035355339059327376,800,0.00013083107026967689,True,ok,0.0019848003024891536,0.555564772602875,0.0022525894185325733,3.266834932130614,3.024381060652129,0.22098043117111268,0.21162992232444,0.2204265975763106,0.2043665176609982,0.204366517660998,800.0000000000005,800.0000000000005,0.00125,8.241629601002387e-12,8.18507591979101,9,2.714842239903703e-16,1.2663481374630692e-16,2.020605904817785e-13,-0.045577224073983125,0.9719796821191204,1.1330710979689436,0.22064005264362793,1.6124213075841e-11,0.0013501658104360104,not_checked,0.001,not_checked,not_checked,,-0.0024301938297907125,0.00639979443476902,0.0018539692322194767,True
local_b1_n800,279,2035191880,local,1,0.035355339059327376,800,0.00013083107026967689,True,ok,0.0028560995288817725,0.5721691545946546,0.002673109768565049,4.701148145049418,4.423886080044333,0.11469342141939308,0.10777151876423224,0.10948770271309281,0.10178631408924212,0.101786314089242,800.0000000000005,800.0000000000005,0.00125,1.8895107700700464e-11,8.834423224030484,9,-1.244664094013359e-16,-1.0755285551056204e-16,-1.723066134218243e-13,-0.06569444941928948,1.0349969319393117,1.0752344286168696,0.21996339187894942,3.783706681304011e-11,0.001342250034213066,not_checked,0.001,not_checked,not_checked,,-0.0023830993442279227,0.008095298401991469,0.0027252684586120957,True
local_b1_n800,280,2035191881,local,1,0.035355339059327376,800,0.00013083107026967689,True,ok,0.00011093847830934145,0.5369585348296086,0.0005403250325883347,0.17646180625004013,0.1693380237038774,0.9128390794970321,0.9133267918255034,0.9188163513999534,0.9150735973788333,0.9150735973788333,800.0000000000005,800.0000000000005,0.00125,3.1484814755344814e-12,9.900114740777822,8,2.523751607003133e-16,1.680513367352532e-17,2.6645352591003757e-14,0.0005198795224531511,0.9053743003357284,1.0458388389419637,0.21339364155611645,5.970779426434092e-12,0.001218915916979313,not_checked,0.001,not_checked,not_checked,,-0.0009480791255092257,0.0011699560821279086,-1.9892591960335437e-05,True
local_b1_n800,281,2035191882,local,1,0.035355339059327376,800,0.00013083107026967689,True,ok,0.0013684191730223283,0.5720089355538691,0.001854526398311732,2.2442732163681645,2.1259483974398665,0.3521337032908532,0.34306172262803636,0.3454269127338738,0.3346281584478432,0.33462815844784305,800.0000000000005,800.0000000000005,0.00125,1.8752999153548444e-11,9.027273440229315,9,-4.705437428587089e-17,9.107298248878237e-18,1.4210854715202004e-14,-0.027401269766218928,0.9877543625165186,1.1117031243357813,0.21909851325351007,3.753353183810759e-11,0.00134537392295897,not_checked,0.001,not_checked,not_checked,,-0.002266385776047449,0.005003224122092106,0.0012375881027526514,True
local_b1_n800,282,2035191883,local,1,0.035355339059327376,800,0.00013083107026967689,True,ok,0.00022584387789725824,0.5524388899227508,0.0007475057810254184,0.35836143051049574,0.36840116477619766,0.8316760683537213,0.8329448809122795,0.8317689488910354,0.834706508855414,0.8347065088554139,800.0000000000005,800.0000000000005,0.00125,7.045142247363856e-12,10.693548801632351,8,7.272123441620648e-15,2.922195905391556e-16,4.67847982577041e-13,0.001494387062558833,0.9622604761267042,0.9985775846449017,0.21317249294249369,1.368505309073953e-11,0.0012199159245938063,not_checked,0.001,not_checked,not_checked,,-0.0012392405311480459,0.0016909282869425623,9.501280762758135e-05,True
local_b1_n800,283,2035191884,local,1,0.035355339059327376,800,0.00013083107026967689,True,ok,6.088426238015643e-05,0.6240348090012935,0.0003787422511433678,0.09712239853644467,0.10389051509284435,0.9516026932163764,0.9517443994459505,0.9493808368567829,0.9524597692281291,0.952459769228129,800.0000000000005,800.0000000000005,0.00125,4.440892098500626e-16,13.663131702586663,9,1.216678125436077e-16,1.0881324053607644e-16,1.7430501486614958e-13,0.00014621063590283812,0.9090628354543321,1.0603144477252446,0.17388165520214638,8.881784197001252e-16,0.0013350432273000479,not_checked,0.001,not_checked,not_checked,,-0.0006814369092844686,0.0008032054340447814,-6.994680788952046e-05,True
local_b1_n800,284,2035191885,local,1,0.035355339059327376,800,0.00013083107026967689,True,ok,0.00033646730573511086,0.5394412158917232,0.000944354520225472,0.5406436184687232,0.5063337976364509,0.7655558707196295,0.7646845480989557,0.77633830106561,0.7640104250249571,0.764010425024957,800.0000000000005,800.0000000000005,0.00125,3.5874636594712683e-12,9.241249123035645,8,-7.484464437101934e-15,4.716279450311944e-18,7.771561172376096e-15,-0.0011479646462727588,0.9257978404547549,1.0955140362505482,0.21618953649616576,6.830758181308738e-12,0.001220917096361518,not_checked,0.001,not_checked,not_checked,,-0.0015144335425444162,0.002187368154014638,0.00020563623546543397,True
local_b1_n800,285,2035191886,local,1,0.035355339059327376,800,0.00013083107026967689,True,ok,0.00028063586699933474,0.5764386870523845,0.00083816122267095,0.45166370434142133,0.446002814137663,0.8008892146967272,0.7998419277782163,0.8001137234786801,0.7989086312780799,0.7989086312780798,800.0000000000005,800.0000000000005,0.00125,2.326627779325463e-11,10.560138914132503,8,-8.799926932978597e-15,2.2898349882893854e-16,3.6615155352137663e-13,-0.0013231585712427385,0.9837621827748113,1.0392170544026282,0.20664026456833293,4.6889381266623786e-11,0.0012207929976284504,not_checked,0.001,not_checked,not_checked,,-0.0013621299426737838,0.0019234016766724532,0.00014980479672965785,True
local_b1_n800,286,2035191887,local,1,0.035355339059327376,800,0.00013083107026967689,True,ok,0.0015891772172167418,0.6269073955157551,0.0020293995483713317,2.5752058341998936,2.4233551776651208,0.2860406634999103,0.2815066619329478,0.297697446378412,0.28045506195907804,0.28045506195907777,800.0000000000005,800.0000000000005,0.00125,1.4432899320127035e-15,12.505242451993173,10,1.238158880978446e-16,5.160802341031001e-17,8.171241461241152e-14,-0.016261143326552707,0.9374821146281909,1.0963499677661428,0.18113746649551762,3.1086244689504383e-15,0.001449416857212782,not_checked,0.001,not_checked,not_checked,,-0.00238837280783292,0.005566727242266404,0.0014583461469470649,True
local_b1_n800,287,2035191888,local,1,0.035355339059327376,800,0.00013083107026967689,True,ok,0.000688950330289817,0.610549621506816,0.00136418675078441,1.1247451893875535,0.9984419183341625,0.5878221280374916,0.5815090963392902,0.6070033559639006,0.5762807843504683,0.576280784350468,800.0000000000005,800.0000000000005,0.00125,1.1435907776302656e-10,11.01281773904154,8,-4.220198192642077e-12,2.8189256484623115e-18,4.6629367034256575e-15,-0.011212330461922826,0.949688655258437,1.1307464822442599,0.19439114078244582,2.4275892407388255e-10,0.0012276670895516872,not_checked,0.001,not_checked,not_checked,,-0.0019848065694343447,0.0033627072300139787,0.0005581192600201401,True
local_b1_n800,288,2035191889,local,1,0.035355339059327376,800,0.00013083107026967689,True,ok,0.0021993048454271857,0.6021446239192887,0.002244574894309266,3.4378581139657274,3.917748740958468,0.1603341882649148,0.16720056265283745,0.14101706458812902,0.17214056865149627,0.17214056865149605,800.0000000000005,800.0000000000005,0.00125,7.81431586105441e-11,14.543731836534453,9,2.862293735361732e-17,1.8127860323957634e-16,2.899902540320909e-13,0.04051481935888601,0.8584944028888609,1.0647863426890527,0.1732710575072569,1.6368550959100503e-10,0.0013432090636342764,not_checked,0.001,not_checked,not_checked,,-0.002199981108021774,0.0065985907988761455,0.002068473775157509,True
local_b1_n800,289,2035191890,local,1,0.035355339059327376,800,0.00013083107026967689,True,ok,0.001445485926139467,0.54708960363522,0.0019048520746051613,2.330246928730503,2.3197447019133057,0.3169934248554926,0.3142614737908169,0.31352619964782175,0.31462030728201756,0.3146203072820174,800.0000000000005,800.0000000000005,0.00125,7.627654063924183e-11,9.331663983425301,8,-4.631863469162223e-12,5.2692225582795515e-17,8.526512829121202e-14,-0.008734723453677207,0.9136396051200657,1.1032332577049444,0.20615348640288533,1.4353673805089784e-10,0.0012229990679770708,not_checked,0.001,not_checked,not_checked,,-0.0022879555359630534,0.005178927388241987,0.0013146548558697901,True
local_b1_n800,290,2035191891,local,1,0.035355339059327376,800,0.00013083107026967689,True,ok,0.00027985424305843054,0.595272483736256,0.0008154308700148753,0.4447578489704918,0.4734649075889318,0.7994486249195001,0.8006517137881539,0.7892024078838186,0.799408344387131,0.7994083443871309,800.0000000000005,800.0000000000005,0.00125,5.690548032788456e-11,12.495636502430008,8,1.3020725990464666e-14,7.101524229780054e-17,1.1390888232654106e-13,0.0015044699614986667,0.9361123234804732,1.0682077229859155,0.19447023096447597,1.1797141041824943e-10,0.0012173329014331102,not_checked,0.001,not_checked,not_checked,,-0.0013183608940528873,0.0018780693801697483,0.00014902317278875366,True
local_b1_n800,291,2035191892,local,1,0.035355339059327376,800,0.00013083107026967689,True,ok,0.00010666149132498859,0.6303328428183865,0.0004939818135739365,0.16932160014965003,0.1876167336475337,0.9158075464282982,0.9164385961730239,0.9104572193331149,0.9182099662951574,0.9182099662951574,800.0000000000005,800.0000000000005,0.00125,2.5757174171303632e-14,14.480615220239963,9,7.939612509111349e-16,-1.7078894722077909e-16,-2.7267077484793845e-13,0.0006683929851658971,0.8985972605140534,1.0472636266893995,0.16686396947660673,5.706546346573305e-14,0.0013372080866247416,not_checked,0.001,not_checked,not_checked,,-0.0008615250722977062,0.0010748480549476833,-2.4169578944688297e-05,True
local_b1_n800,292,2035191893,local,1,0.035355339059327376,800,0.00013083107026967689,True,ok,0.003328949554291416,0.5450398811919515,0.0029694007282373407,5.475334005367731,4.838038860658317,0.08305911972797879,0.07749482114608394,0.08900885406434374,0.06972755909638359,0.06972755909638349,800.0000000000005,800.0000000000005,0.00125,4.810374321095878e-12,7.919371750794968,9,-2.7755575615628914e-17,-1.7694179454963432e-16,-2.8421709430404007e-13,-0.07450735925073149,0.9859351618621355,1.1530857581953557,0.23398651275907087,9.237721698696078e-12,0.001354374922811985,not_checked,0.001,not_checked,not_checked,,-0.0024909689287207805,0.009148868037303613,0.003198118484021739,True
local_b1_n800,293,2035191894,local,1,0.035355339059327376,800,0.00013083107026967689,True,ok,0.0020306847127116168,0.5982912606718533,0.002344619618759923,3.3509687435328352,2.883981195821301,0.21957342700562127,0.20940926376528107,0.2364565998801572,0.1970007446761539,0.19700074467615375,800.0000000000005,800.0000000000005,0.00125,6.540623598283446e-11,9.689228854021225,9,-6.5052130349130266e-18,2.688821387764051e-17,4.3520742565306136e-14,-0.05093660159712332,0.9798078272851403,1.165230118978521,0.205179404387544,1.3630430117927972e-10,0.0013309998903423548,not_checked,0.001,not_checked,not_checked,,-0.002564685297503865,0.0066260547229270985,0.0018998536424419399,True
local_b1_n800,294,2035191895,local,1,0.035355339059327376,800,0.00013083107026967689,True,ok,0.0016180741734017623,0.5853440461486026,0.002047955841289561,2.613875663013477,2.457967834843171,0.2858745045117972,0.28245592002157094,0.2925897220128654,0.27404599034036853,0.2740459903403683,800.0000000000005,800.0000000000005,0.00125,3.567512951718754e-11,10.72989060645753,9,-1.0668549377257364e-16,-6.765421556309548e-17,-1.092459456231154e-13,-0.012478492785328088,0.9290450216296491,1.1425562655566033,0.1996651636832536,7.287415115797558e-11,0.0013397920411080122,not_checked,0.001,not_checked,not_checked,,-0.0023958455174542042,0.005631993864257729,0.0014872431031320854,True
local_b1_n800,295,2035191896,local,1,0.035355339059327376,800,0.00013083107026967689,True,ok,0.0007732651887359943,0.5925027642626397,0.0014269340356418902,1.2394108790766165,1.184114571102654,0.5343494009562806,0.5337589513531684,0.553188047490888,0.5386915415643081,0.5386915415643079,800.0000000000005,800.0000000000005,0.00125,4.998756963914275e-11,11.654902909265434,8,-1.3007043359047898e-13,1.222980050563649e-16,1.9562129693895258e-13,-0.0010932885495125166,0.8852677843533439,1.0966623401894038,0.17993143141425366,1.0324230359515241e-10,0.0012237089686095715,not_checked,0.001,not_checked,not_checked,,-0.0020234741294365044,0.003570004506908493,0.0006424341184663174,True
local_b1_n800,296,2035191897,local,1,0.035355339059327376,800,0.00013083107026967689,True,ok,0.001823838970383962,0.5887523359546973,0.0022323827264238336,2.8195341993422525,2.7773586965038177,0.2154516802223384,0.2268874096133629,0.24940446367252653,0.23245208149176438,0.23245208149176416,800.0000000000005,800.0000000000005,0.00125,4.189848468172386e-11,14.750739846930605,9,-2.688821387764051e-17,9.280770596475918e-17,1.4876988529977098e-13,0.04930407663604419,0.8665966210335511,1.0362001149861757,0.18395749700123828,8.607625723300316e-11,0.001350293168798089,not_checked,0.001,not_checked,not_checked,,-0.0025515507731160847,0.0061992287138840085,0.001693007900114285,True
local_b1_n800,297,2035191898,local,1,0.035355339059327376,800,0.00013083107026967689,True,ok,0.001476216255870133,0.5636452107321843,0.0019439565332440246,2.3563221157015084,2.3069259310613117,0.30493951771432026,0.3058028059917318,0.3155421635459778,0.3069799003545441,0.3069799003545438,800.0000000000005,800.0000000000005,0.00125,7.663780721145486e-11,10.763026924092392,8,1.3706076204544893e-12,7.611099250848241e-17,1.234568003383174e-13,0.0028119468453529084,0.9636474249229391,1.025512963427912,0.2087122836064686,1.533704274692127e-10,0.0012308331206440926,not_checked,0.001,not_checked,not_checked,,-0.0023338685367994953,0.005286301048539761,0.0013453851856004562,True
local_b1_n800,298,2035191899,local,1,0.035355339059327376,800,0.00013083107026967689,True,ok,0.0008560097614154216,0.6321979378187685,0.0014237582538250452,1.3710672157423247,1.445847380359708,0.4991590973256922,0.49879176935661174,0.4853312215136737,0.5041871204238979,0.5041871204238977,800.0000000000005,800.0000000000005,0.00125,1.9840129539261397e-11,13.818361999917558,9,-1.951005546355078e-13,3.045523902511782e-16,4.871658632055187e-13,-0.0007257987388246123,0.9420862146508723,1.0303540679648022,0.18283732614329398,4.324673952282865e-11,0.0013320010621100664,not_checked,0.001,not_checked,not_checked,,-0.0019345051387733036,0.003646524661604147,0.0007251786911457447,True
local_b1_n800,299,2035191900,local,1,0.035355339059327376,800,0.00013083107026967689,True,ok,0.0002739296742779729,0.5619221839790929,0.0008113921532930201,0.4367671683192986,0.4578433285897537,0.8032809201852593,0.8038914328601561,0.7953908385668943,0.8032062574522012,0.8032062574522012,800.0000000000005,800.0000000000005,0.00125,1.1365575147692653e-11,10.707705409736796,8,2.9958132329033216e-15,-7.253312533928025e-17,-1.156852391659413e-13,0.0007601552627291008,0.9529194323892324,1.0500266075749294,0.2163669970391055,2.2433388480180838e-11,0.0012237078044563532,not_checked,0.001,not_checked,not_checked,,-0.0013163697235147492,0.001864229072070695,0.000143098604008296,True
local_b1_n800,300,2035191901,local,1,0.035355339059327376,800,0.00013083107026967689,True,ok,0.0001917828697080015,0.6356822356167289,0.0007035524821281085,0.3070105716578885,0.2974490337213198,0.8540767159013443,0.8540073756517621,0.861806495359145,0.8577639827060175,0.8577639827060174,800.0000000000005,800.0000000000005,0.00125,5.1736392947532295e-14,14.014159985900717,9,-3.4006001140007847e-16,-8.473039977974217e-17,-1.361133428190442e-13,-7.899006254294405e-05,0.9035956130602512,1.0466186063273306,0.1649908762401245,1.1368683772161603e-13,0.0013366250786930323,not_checked,0.001,not_checked,not_checked,,-0.0011871546564968512,0.0015707203959128542,6.095179943832463e-05,True
local_b1_n800,301,2035191902,local,1,0.035355339059327376,800,0.00013083107026967689,True,ok,2.1506065086773773e-05,0.5414106311364162,0.00021726606331338064,0.03430788681523024,0.039308214425405635,0.9825261153158658,0.9825773639465458,0.9805377756011083,0.9829423062436703,0.9829423062436703,800.0000000000005,800.0000000000005,0.00125,3.977707052627011e-12,9.839145177496478,8,1.9176487112658458e-16,2.1072824474971386e-16,3.3706371027619753e-13,5.09086618039091e-05,0.8690618843307227,1.0959129655115318,0.19846119673309212,7.600586826583822e-12,0.0012200011406093836,not_checked,0.001,not_checked,not_checked,,-0.0004043275940702514,0.00044733972424379893,-0.00010932500518290311,True
local_b1_n800,302,2035191903,local,1,0.035355339059327376,800,0.00013083107026967689,True,ok,0.000563000643951872,0.6147347321625389,0.0011327134031069127,0.9082840866303821,0.9900885593436473,0.6376342313955614,0.6352584361906288,0.6095439162941618,0.6373728230145534,0.6373728230145531,800.0000000000005,800.0000000000005,0.00125,1.380295877595472e-10,12.171749236865677,8,-2.948368545835356e-13,1.5254724566871047e-16,2.4358293160275934e-13,-0.0037415281536931633,0.8946780637716452,1.1166638872575072,0.1765277558204212,2.9462809969516e-10,0.0012272917665541172,not_checked,0.001,not_checked,not_checked,,-0.0016570768309434772,0.002783078118847221,0.0004321695736821951,True
local_b1_n800,303,2035191904,local,1,0.035355339059327376,800,0.00013083107026967689,True,ok,0.00033682582822391893,0.5712640966442375,0.0009288378580399885,0.5393869254505518,0.5278930460564857,0.7617571308543789,0.7615781524485816,0.7680146096541365,0.7637913245121993,0.7637913245121992,800.0000000000005,800.0000000000005,0.00125,1.808242444667485e-11,10.748888288054783,8,-1.6421868205551693e-15,1.1720225484568303e-16,1.8784973576657649e-13,-0.0002328001461405771,0.9070171500114516,1.0798921647441282,0.19655140766182183,3.61488616817951e-11,0.0012252919841557741,not_checked,0.001,not_checked,not_checked,,-0.0014836629210117861,0.002157314577459624,0.00020599475795424205,True
local_b1_n800,304,2035191905,local,1,0.035355339059327376,800,0.00013083107026967689,True,ok,0.00044612308488911623,0.6239386390628587,0.0010317703704074163,0.726996972985579,0.7344086946597196,0.7055051509907044,0.7009690230576164,0.6926680857074548,0.699843550704943,0.6998435507049428,800.0000000000005,800.0000000000005,0.00125,1.1795120435920126e-11,11.824259528549781,9,-9.39582613102008e-13,1.2045486136313954e-16,1.9251267247000214e-13,-0.006600018581496281,0.9893235065629213,1.0578171560754863,0.18482811612220973,2.458278025585514e-11,0.0013325419276952744,not_checked,0.001,not_checked,not_checked,,-0.0015761096814249712,0.0024683558512032036,0.00031529201461943934,True
local_b1_n800,305,2035191906,local,1,0.035355339059327376,800,0.00013083107026967689,True,ok,0.0020901335619940564,0.5597515745080404,0.0023334365187672444,3.3797983600800974,3.1492740098567156,0.1962977651922173,0.19293165708404358,0.20708270904243772,0.18785087488841215,0.1878508748884119,800.0000000000005,800.0000000000005,0.00125,1.0200840172558401e-11,9.61625004273043,9,-6.5052130349130266e-18,8.239936510889834e-18,1.4210854715202004e-14,-0.017792330444802662,0.963466482261099,1.0913012766533323,0.21508053204986027,2.0053958493804203e-11,0.0013402500189840794,not_checked,0.001,not_checked,not_checked,,-0.002483317975000264,0.006663585098988377,0.0019593024917243795,True
local_b1_n800,306,2035191907,local,1,0.035355339059327376,800,0.00013083107026967689,True,ok,0.000459402227301009,0.5738270900784594,0.0010385270721709043,0.736440801008906,0.7783009881227002,0.6973501963768372,0.6968727951849526,0.6776322827055954,0.692448243846962,0.6924482438469619,800.0000000000005,800.0000000000005,0.00125,2.0492607610833602e-11,10.780997061088208,8,-1.3671952025368084e-14,2.940356291780688e-16,4.696243394164412e-13,-0.0006986186636455671,0.9420349669361405,1.1022588768328443,0.2129587185755561,4.1133541017757125e-11,0.0012276670895516872,not_checked,0.001,not_checked,not_checked,,-0.0015760734311237928,0.0024948778857258108,0.0003285711570313321,True
local_b1_n800,307,2035191908,local,1,0.035355339059327376,800,0.00013083107026967689,True,ok,0.001578011802994661,0.5604275917951844,0.002052322549531881,2.588139181288268,2.292575525649801,0.30305517955575156,0.29412826436508777,0.3178143846064947,0.2829714011660558,0.28297140116605557,800.0000000000005,800.0000000000005,0.00125,1.0560996521746802e-11,8.591022491012549,9,-1.6328084717631697e-16,-2.1467203015212988e-16,-3.432809592140984e-13,-0.03166014824840446,0.9872015167181966,1.1295999557441923,0.22758695156961373,2.0767609854033253e-11,0.001335333101451397,not_checked,0.001,not_checked,not_checked,,-0.002444466478747247,0.005600490084736569,0.0014471807327249842,True
local_b1_n800,308,2035191909,local,1,0.035355339059327376,800,0.00013083107026967689,True,ok,0.00027161793867880313,0.5861806517807009,0.0008196752253908302,0.4382648436336919,0.43691653496762806,0.8082437829768976,0.8067898815025037,0.8037570215476644,0.8046930722765957,0.8046930722765957,800.0000000000005,800.0000000000005,0.00125,3.7126746121884935e-11,10.783114288625175,8,-1.8052941953838886e-14,9.698188432882837e-17,1.56097357262297e-13,-0.0018380708738033325,0.959424959618059,1.085407952963781,0.21123946338136537,7.5920603137547e-11,0.0012276251800358295,not_checked,0.001,not_checked,not_checked,,-0.0013349159821069753,0.0018781518594645815,0.00014078686840912624,True
local_b1_n800,309,2035191910,local,1,0.035355339059327376,800,0.00013083107026967689,True,ok,0.0005266339661160746,0.5821355301354767,0.0011909560267956796,0.8567243710435544,0.7640428653408159,0.6715563377722189,0.6670952913072332,0.6824804256706138,0.6561885071266114,0.6561885071266114,800.0000000000005,800.0000000000005,0.00125,3.061706443929779e-11,10.00193073231316,8,-8.681594939469184e-13,-1.8648277366750676e-17,-2.930988785010413e-14,-0.007055012628917279,0.9971986088538597,1.1220331888727182,0.22139622971302414,6.222822257484495e-11,0.001237083924934268,not_checked,0.001,not_checked,not_checked,,-0.0018075969535743769,0.002860864885806526,0.0003958028958463977,True
local_b1_n800,310,2035191911,local,1,0.035355339059327376,800,0.00013083107026967689,True,ok,0.00026822719317687316,0.6265630560320046,0.000846904328091024,0.42541252482527725,0.40629510269631497,0.8051719266761075,0.8066979168475392,0.8161578073559392,0.8068788430254603,0.8068788430254603,800.0000000000005,800.0000000000005,0.00125,5.047073869945962e-13,14.375728710091433,9,2.5009074672288634e-14,5.919743861770854e-17,9.525713551283843e-14,0.0018754921288600124,0.9191655031318675,1.0661473415753753,0.1790142670148985,1.1151080059335072e-12,0.0013383738696575165,not_checked,0.001,not_checked,not_checked,,-0.0013916747882326275,0.0019281291745863738,0.00013739612290719627,True
local_b1_n800,311,2035191912,local,1,0.035355339059327376,800,0.00013083107026967689,True,ok,0.0028568520364213867,0.5555272512021603,0.0027774035014319466,4.724848406109201,4.0208533425777535,0.12248538878554857,0.11415393597959307,0.1339315177427659,0.10172505655476942,0.10172505655476927,800.0000000000005,800.0000000000005,0.00125,8.243628002446712e-12,7.884384359609944,9,-1.0668549377257364e-16,8.066464163292153e-17,1.270095140171179e-13,-0.07694257391748982,1.001020500420599,1.1755125277962641,0.23336984402248498,1.6090462295892394e-11,0.0013446668162941933,not_checked,0.001,not_checked,not_checked,,-0.002586758796920669,0.008300462869763443,0.00272602096615171,True
local_b1_n800,312,2035191913,local,1,0.035355339059327376,800,0.00013083107026967689,True,ok,0.00023318623279910966,0.5423192348925914,0.0007971060081383341,0.37564336341572563,0.33941203726544344,0.8316543749388674,0.8306095257122934,0.8439128747931487,0.8298179112969246,0.8298179112969246,800.0000000000005,800.0000000000005,0.00125,4.1733283495659634e-12,9.155275059038638,8,-4.674049775693634e-15,-2.168404344971009e-19,-1.1102230246251565e-15,-0.0012726954685749747,0.9244904181114273,1.106947685948344,0.21510084706220195,7.980727190215475e-12,0.001220750156790018,not_checked,0.001,not_checked,not_checked,,-0.0013291128350125163,0.0017954853006107356,0.00010235516252943277,True
local_b1_n800,313,2035191914,local,1,0.035355339059327376,800,0.00013083107026967689,True,ok,3.608144897371268e-05,0.6244243756534216,0.0002933462592158864,0.058006062062618546,0.06027507286050028,0.9716219704124547,0.9714883781943155,0.9703120711122556,0.9715474598918022,0.9715474598918022,800.0000000000005,800.0000000000005,0.00125,1.6653345369377348e-15,12.973218594980516,9,-8.070529921438974e-17,-8.019030318245912e-17,-1.283417816466681e-13,-0.00013787185233911023,0.9579334147224895,1.0494516228142778,0.17914347284201446,3.552713678800501e-15,0.0013286261819303036,not_checked,0.001,not_checked,not_checked,,-0.0005388666540889755,0.0006110295520364009,-9.47496212959642e-05,True
local_b1_n800,314,2035191915,local,1,0.035355339059327376,800,0.00013083107026967689,True,ok,0.0008257225625400988,0.5819143111089351,0.0014369656996418901,1.325967600399661,1.3103909087343841,0.5182919117449933,0.5170535966033498,0.5193405452887352,0.516552654895408,0.516552654895408,800.0000000000005,800.0000000000005,0.00125,3.028954864703337e-11,11.01450516576762,8,-3.1334548671047013e-13,7.112366251504909e-17,1.127986593019159e-13,-0.0024057501677511306,0.9459124487097744,1.0667539304124707,0.2028714427849361,6.155254084205808e-11,0.0012193750590085983,not_checked,0.001,not_checked,not_checked,,-0.0019906784557774068,0.0036421235808576044,0.0006948914922704219,True
local_b1_n800,315,2035191916,local,1,0.035355339059327376,800,0.00013083107026967689,True,ok,0.0014889282360242007,0.5714858779959469,0.0019307225820296102,2.350075472416542,2.394455586223634,0.2888192762512103,0.29370712484265027,0.30203034300985876,0.30387386275798994,0.30387386275798967,800.0000000000005,800.0000000000005,0.00125,1.6129741986503632e-10,12.04645286573063,8,1.4587637521545904e-11,7.37257477290143e-18,1.2434497875801753e-14,0.016104852611090292,0.9173530031893444,1.001521373527185,0.1946441307342598,3.35048211397293e-10,0.001230665948241949,not_checked,0.001,not_checked,not_checked,,-0.0022952184888920158,0.005273074960940417,0.0013580971657545238,True
local_b1_n800,316,2035191917,local,1,0.035355339059327376,800,0.00013083107026967689,True,ok,0.0008677937368759547,0.5894152338446821,0.0014236037096421765,1.4174214729276697,1.4546923293125518,0.5093294765243543,0.5022182452985042,0.4831895957071942,0.4994563912544232,0.4994563912544231,800.0000000000005,800.0000000000005,0.00125,8.0447759565061e-11,10.019168917218936,8,-7.937044901526469e-12,-9.367506770274758e-17,-1.4988010832439613e-13,-0.014475746963070635,0.9737245263077897,1.086345202504042,0.198695185069222,1.5697532163017058e-10,0.001372374827042222,not_checked,0.001,not_checked,not_checked,,-0.0019224182622803276,0.003658005736032237,0.0007369626666062778,True
local_b1_n800,317,2035191918,local,1,0.035355339059327376,800,0.00013083107026967689,True,ok,0.0016096980996727073,0.5868174596573172,0.0018728681630802984,2.515104591057426,2.977203771126801,0.2502824650721128,0.258508925405873,0.22568797267612045,0.27588850018158884,0.27588850018158867,800.0000000000005,800.0000000000005,0.00125,3.826239325377401e-11,13.685110986689347,9,3.729655473350135e-17,-1.1926223897340549e-17,-2.1316282072803006e-14,0.030206184209453424,0.8227460670634231,1.040509071286558,0.17000401669358545,7.832223758441614e-11,0.0015839997213333845,not_checked,0.001,not_checked,not_checked,,-0.002061056047756366,0.005280452247101781,0.0014788670294030304,True
local_b1_n800,318,2035191919,local,1,0.035355339059327376,800,0.00013083107026967689,True,ok,0.0010668577857599892,0.5832356048763419,0.001608455569065382,1.7143269641514691,1.7425419369543127,0.43137029872765253,0.4298116651442505,0.4184194132707484,0.42592746012543126,0.42592746012543103,800.0000000000005,800.0000000000005,0.00125,3.226929834454495e-11,11.034290331802815,8,-1.0561551633259114e-12,-9.237402509576498e-17,-1.4832579608992091e-13,-0.003677253467742725,0.9549029945461994,1.077443846653621,0.20920237651282117,6.570011201745274e-11,0.0012533757835626602,not_checked,0.001,not_checked,not_checked,,-0.002085657200341037,0.004219372771861015,0.0009360267154903124,True
local_b1_n800,319,2035191920,local,1,0.035355339059327376,800,0.00013083107026967689,True,ok,0.00025143020618267897,0.5950521107361466,0.000821538965633441,0.40380852504264253,0.376052222755652,0.819772046621676,0.8191571505297013,0.8285930712434619,0.8177945257513607,0.8177945257513606,800.0000000000005,800.0000000000005,0.00125,5.632105892772188e-11,11.566028691589752,8,-3.684769503409235e-15,-1.0625181290357943e-16,-1.6986412276764895e-13,-0.0007600975751779759,0.890454741945224,1.1486300953621145,0.1855913068754667,1.1672973698750866e-10,0.0012210840359330177,not_checked,0.001,not_checked,not_checked,,-0.0013587565783551546,0.0018616169907205125,0.00012059913591300209,True
local_b1_n800,320,2035191921,local,1,0.035355339059327376,800,0.00013083107026967689,True,ok,0.00030903471200960375,0.5449352737665609,0.0008927523818263412,0.4996298730127853,0.4747348468255618,0.7863301798210636,0.7843550464514826,0.7887014473962877,0.7809627936829241,0.780962793682924,800.0000000000005,800.0000000000005,0.00125,4.778621942591599e-12,8.997145775847493,8,-3.4277214313455096e-14,-6.938893903907228e-18,-1.0658141036401503e-14,-0.0025871668987094976,0.9714460064262093,1.0884681311183833,0.2311192155526221,9.18620735035347e-12,0.0012343341950327158,not_checked,0.001,not_checked,not_checked,,-0.0014407278034823756,0.002058797227501583,0.00017820364173992687,True
local_b1_n800,321,2035191922,local,1,0.035355339059327376,800,0.00013083107026967689,True,ok,0.0004355051077722383,0.5371845201741885,0.0010055848187298573,0.705176975067729,0.7413230508629021,0.7096732102669687,0.7067572268461242,0.6902775434161017,0.7058136090302591,0.705813609030259,800.0000000000005,800.0000000000005,0.00125,3.1865621252791243e-12,8.620655373988123,8,-1.389298290126184e-13,-1.3406159862783262e-16,-2.1449508835758024e-13,-0.0041844013160736715,0.9512176713389907,1.084187341999702,0.21894592314141811,6.045164369083977e-12,0.0012236670590937138,not_checked,0.001,not_checked,not_checked,,-0.0015354049203385209,0.0024064151358829974,0.0003046740375025614,True
local_b1_n800,322,2035191923,local,1,0.035355339059327376,800,0.00013083107026967689,True,ok,2.3830776059607928e-05,0.6051681373287066,0.0002469272474616061,0.03800021984064623,0.038032077980760665,0.9810817368773641,0.9811451401721403,0.9811636252426568,0.9811159596492722,0.9811159596492722,800.0000000000005,800.0000000000005,0.00125,8.96966945163058e-11,12.66882878403348,8,2.692345044824629e-16,2.6363731076700647e-16,4.218847493575595e-13,6.451092736323855e-05,0.8770789865107468,1.1358059125491111,0.18574876865829357,1.8877077678780552e-10,0.0013183329720050097,not_checked,0.001,not_checked,not_checked,,-0.0004601377357667495,0.0005077992878859654,-0.00010700029421006896,True
local_b1_n800,323,2035191924,local,1,0.035355339059327376,800,0.00013083107026967689,True,ok,0.001005517584038662,0.5718524086153869,0.001557979269608612,1.6097279584484774,1.6632292465469052,0.4472596094614452,0.44705875840950315,0.43534579908173643,0.4473499667876645,0.4473499667876645,800.0000000000005,800.0000000000005,0.00125,1.8593349082607347e-11,10.841212843504907,8,-1.1463573146297534e-13,-1.7737547541862853e-16,-2.844391389089651e-13,-0.00044991199330857157,0.9055136466751382,1.0996063962805764,0.20019818936065312,3.7239766825791776e-11,0.0012414169032126665,not_checked,0.001,not_checked,not_checked,,-0.0020480656730542364,0.004059100841131561,0.0008746865137689852,True
local_b1_n800,324,2035191925,local,1,0.035355339059327376,800,0.00013083107026967689,True,ok,0.0003112435188490359,0.5821414016961697,0.0008883724170634298,0.4945789978350604,0.4963887030150054,0.7706746438608916,0.7720498170189516,0.7802082938837851,0.7795840154555762,0.7795840154555761,800.0000000000005,800.0000000000005,0.00125,3.062761155803173e-11,11.877860261003669,8,1.7319153923500696e-14,-1.42409955355971e-16,-2.2803980925800715e-13,0.0017053161616986667,0.8607478571668863,1.0600149413001154,0.17816048257092176,6.224865067849805e-11,0.0012371661141514778,not_checked,0.001,not_checked,not_checked,,-0.0014299344234540827,0.0020524214611521542,0.000180412448579359,True
local_b1_n800,325,2035191926,local,1,0.035355339059327376,800,0.00013083107026967689,True,ok,0.000914528106059409,0.5711871223122351,0.0015508861702542695,1.477913962637034,1.3750431160422112,0.486291343622823,0.482791700086424,0.5028207380340148,0.4811277340153509,0.4811277340153507,800.0000000000005,800.0000000000005,0.00125,2.3393065262666823e-11,10.053836899534348,8,-1.5919568181060884e-12,8.782037597132586e-17,1.412203687323199e-13,-0.007334496470989271,0.9543310890661998,1.0776787581371539,0.20394599661128407,4.5225601041920527e-11,0.0012284580152481794,not_checked,0.001,not_checked,not_checked,,-0.0021251529317602136,0.003954209143879032,0.0007836970357897322,True
local_b1_n800,326,2035191927,local,1,0.035355339059327376,800,0.00013083107026967689,True,ok,0.0026489295072442687,0.5739603459936773,0.0025441008059363572,4.388135627044469,4.171831299842562,0.13883998005727766,0.12950553507972679,0.12419335045554686,0.12013446693130901,0.12013446693130884,800.0000000000005,800.0000000000005,0.00125,2.061961712485072e-11,8.443248103952492,9,-1.6046192152785466e-17,-1.1709383462843448e-16,-1.8474111129762605e-13,-0.07492420772681818,0.9910871915521288,1.155568534515435,0.21493514695119445,4.141309517535774e-11,0.0013398327864706516,not_checked,0.001,not_checked,not_checked,,-0.002337416445430317,0.007635275459918854,0.002518098436974592,True
local_b1_n800,327,2035191928,local,1,0.035355339059327376,800,0.00013083107026967689,True,ok,0.00013376179519708487,0.6210574991695241,0.00057091732291653,0.21509673603844015,0.21912438682740815,0.8989361603539083,0.898453956068666,0.8962264232480482,0.8985171944003894,0.8985171944003892,800.0000000000005,800.0000000000005,0.00125,1.825442019764978e-10,12.761770396263083,8,-7.262528252394151e-16,-2.710505431213761e-17,-4.3298697960381105e-14,-0.0005389318615521277,0.9645040965615369,1.0458038493490132,0.18359397857927615,3.9348679869988246e-10,0.0012367088347673416,not_checked,0.001,not_checked,not_checked,,-0.000985215595869338,0.0012527391862635078,2.9307249274079794e-06,True
local_b1_n800,328,2035191929,local,1,0.035355339059327376,800,0.00013083107026967689,True,ok,1.9225519306997896e-05,0.5474985049088108,0.000226399142617812,0.030709654358268827,0.029171443627282398,0.9842445055120255,0.9842705086821881,0.9855201345380524,0.9847372590772424,0.9847372590772424,800.0000000000005,800.0000000000005,0.00125,5.462186258853308e-12,9.974166779226605,8,1.3381765313902338e-16,1.3044307387716225e-16,2.0872192862952943e-13,2.55882664639117e-05,0.8465003884623619,1.1078845244335733,0.18990298607963257,1.053312992382871e-11,0.0012301250826567411,not_checked,0.001,not_checked,not_checked,,-0.00042450864635466086,0.00046295968496865665,-0.00011160555096267899,True
local_b1_n800,329,2035191930,local,1,0.035355339059327376,800,0.00013083107026967689,True,ok,0.0010087220502201788,0.5972366691572919,0.0015716690512170086,1.643114910519026,1.6214410143220293,0.4556786810217789,0.44925667770936206,0.44453765824257596,0.44620462123146454,0.4462046212314644,800.0000000000005,800.0000000000005,0.00125,9.666445421885328e-11,10.568792845655931,8,-9.33835821170792e-12,-6.179952383167375e-17,-9.969802761133906e-14,-0.014579815083369474,0.9776256021094267,1.0773059357354176,0.19520215768824037,1.9179857702056324e-10,0.00121870799921453,not_checked,0.001,not_checked,not_checked,,-0.0020716926857813956,0.004089136786221753,0.0008778909799505019,True
local_b1_n800,330,2035191931,local,1,0.035355339059327376,800,0.00013083107026967689,True,ok,0.002469463192592114,0.5599660542013767,0.0025307333396179968,3.8934245993884535,3.862971178405067,0.13109611767833523,0.13504262473115586,0.14493272797714635,0.13868216399230981,0.13868216399230968,800.0000000000005,800.0000000000005,0.00125,1.0315859277909567e-11,11.685888853335113,9,1.2836953722228372e-16,1.734723475976807e-18,4.440892098500626e-15,0.028858254379465542,0.9363638886927617,1.008241663644763,0.2053047210449973,2.027400469728491e-11,0.0013401249889284372,not_checked,0.001,not_checked,not_checked,,-0.002490683007533933,0.007429609392718161,0.002338632122322437,True
local_b1_n800,331,2035191932,local,1,0.035355339059327376,800,0.00013083107026967689,True,ok,0.00017302213622172324,0.5781334821783066,0.0006384189148725405,0.2756044999435072,0.3044207453150028,0.8638187785001084,0.8643804597342866,0.8588075921003826,0.8707349019864871,0.8707349019864871,800.0000000000005,800.0000000000005,0.00125,2.522215769573677e-11,11.480584324907369,8,1.20270546993817e-15,2.8097099299961847e-16,4.4941828036826337e-13,0.0006154590056250686,0.777484928638455,1.1467016919099988,0.16381363352883802,5.1025850211772195e-11,0.0012250421568751335,not_checked,0.001,not_checked,not_checked,,-0.001078255943977599,0.0014243002164210455,4.219106595204636e-05,True
local_b1_n800,332,2035191933,local,1,0.035355339059327376,800,0.00013083107026967689,True,ok,0.0002394950879718305,0.5896563061073006,0.0008303938521632084,0.38702579567262024,0.32836124901011443,0.8306023394823985,0.8290627457531863,0.8485887321169439,0.8256403017207938,0.8256403017207938,800.0000000000005,800.0000000000005,0.00125,4.366473849160002e-11,10.820881297204703,8,-1.876130544323229e-14,-1.02619735625753e-16,-1.6364687382974807e-13,-0.0019168274588456102,0.9017138220580493,1.1797769087596943,0.19189239881573447,8.994338607237751e-11,0.0012119589373469353,not_checked,0.001,not_checked,not_checked,,-0.001388046955251536,0.001867037131195197,0.00010866401770215361,True
local_b1_n800,333,2035191934,local,1,0.035355339059327376,800,0.00013083107026967689,True,ok,0.004374494685106978,0.5875983455222134,0.0033137490588278397,6.940687702657924,7.020939378700945,0.02731528629304643,0.028148374949076873,0.0298828754718376,0.030209593240132216,0.030209593240132174,800.0000000000005,800.0000000000005,0.00125,3.9691250286466584e-11,12.559054116789953,9,1.8561541192951836e-16,1.474514954580286e-16,2.3803181647963356e-13,0.029251896756621765,0.9290771607324664,1.0135066082182531,0.1915171391655383,8.13671352517531e-11,0.0013377079740166664,not_checked,0.001,not_checked,not_checked,,-0.0021203341239990885,0.010869323494213044,0.004243663614837301,True
local_b1_n800,334,2035191935,local,1,0.035355339059327376,800,0.00013083107026967689,True,ok,0.00048047129500861097,0.5374563596962394,0.001040333006343191,0.7789697661469211,0.8442815457331484,0.6826407581218401,0.6791887031949149,0.6556417363300417,0.6808746645135038,0.6808746645135036,800.0000000000005,800.0000000000005,0.00125,3.669509140991067e-12,8.545186175461376,8,-2.4937972693817034e-13,-2.9110828331235794e-17,-4.75175454539567e-14,-0.00510784706657158,0.9226157837445488,1.0970606273404422,0.21165727757771782,6.7192917896363724e-12,0.001228458946570754,not_checked,0.001,not_checked,not_checked,,-0.0015585439293523229,0.002519486519369545,0.0003496402247389341,True
local_b1_n800,335,2035191936,local,1,0.035355339059327376,800,0.00013083107026967689,True,ok,0.0031529103905190148,0.5627116265990426,0.002788615521978146,4.850229104747093,5.266174788094346,0.06627052030584621,0.07357649619034232,0.07185627079628325,0.08027248956637553,0.08027248956637545,800.0000000000005,800.0000000000005,0.00125,1.1841971847559307e-11,13.971111097057184,9,1.9038590148845458e-16,-3.46077333457373e-16,-5.506706202140776e-13,0.09721376004166649,0.9130373220245332,0.9456071963760554,0.19766458849741678,2.336686399928567e-11,0.0013422491028904915,not_checked,0.001,not_checked,not_checked,,-0.0023126755992875147,0.008618496380325545,0.003022079320249338,True
local_b1_n800,336,2035191937,local,1,0.035355339059327376,800,0.00013083107026967689,True,ok,3.137435623745688e-06,0.5626273033478779,9.019113745562001e-05,0.005023187157085373,0.004841771588768735,0.9975234567868765,0.997521835616513,0.9975820421863848,0.9974931987880105,0.9974931987880105,800.0000000000005,800.0000000000005,0.00125,2.0998536243155286e-11,10.387003471649368,7,-9.15234075050779e-14,-1.0418505251227894e-17,-1.6653345369377348e-14,-1.6450795461346417e-06,0.9720931990984789,1.054028497882616,0.21779115237345525,4.127498343109437e-11,0.0011122082360088825,not_checked,0.001,not_checked,not_checked,,-0.00017363394551397101,0.0001799088167614624,-0.0001276936346459312,True
local_b1_n800,337,2035191938,local,1,0.035355339059327376,800,0.00013083107026967689,True,ok,0.001573600667331032,0.5486774140652126,0.002006536582773787,2.5509942238588668,2.4218500207666853,0.29033348448774376,0.2856367974041266,0.2979215713861908,0.28397174538112624,0.2839717453811261,800.0000000000005,800.0000000000005,0.00125,1.6689871706887516e-10,8.984088810876642,8,-1.500635748476198e-11,-1.0842021724855044e-16,-1.7408297026122455e-13,-0.016616578064607035,0.9633721591155454,1.0735948616823308,0.21544160557886302,3.0763436242864373e-10,0.0012193748261779547,not_checked,0.001,not_checked,not_checked,,-0.002359138768567663,0.005506340103229727,0.0014427695970613552,True
local_b1_n800,338,2035191939,local,1,0.035355339059327376,800,0.00013083107026967689,True,ok,0.0022142676620020563,0.562557848868068,0.0024326588609556716,3.6535790259673617,3.1654875912509706,0.1952463337741422,0.18554650963814479,0.205410719255789,0.17009228613628602,0.17009228613628585,800.0000000000005,800.0000000000005,0.00125,1.175071151493512e-11,8.275200988603972,9,1.3010426069826053e-17,-1.8214596497756474e-17,-2.930988785010413e-14,-0.05537538338203474,1.008274439889446,1.161580044979564,0.23168787948083047,2.318145675417327e-11,0.0013378749135881662,not_checked,0.001,not_checked,not_checked,,-0.002553656092143291,0.0069821914161474034,0.0020834365917323794,True
local_b1_n800,339,2035191940,local,1,0.035355339059327376,800,0.00013083107026967689,True,ok,0.000698744909516158,0.5918070212003146,0.00135368986159722,1.132185359385735,1.0529254525779843,0.5835629789727046,0.5795903457516625,0.5906907133120409,0.5717828871289181,0.5717828871289179,800.0000000000005,800.0000000000005,0.00125,4.840583489595929e-11,10.720951532782262,8,-1.1595070606787439e-12,7.524363077049401e-17,1.2079226507921703e-13,-0.00709675207994076,0.9506105074219544,1.1308246508774191,0.20519902471150644,9.98279237052202e-11,0.0012279581278562546,not_checked,0.001,not_checked,not_checked,,-0.0019544384654514033,0.0033519282844837192,0.0005679138392464811,True
local_b1_n800,340,2035191941,local,1,0.035355339059327376,800,0.00013083107026967689,True,ok,0.001364484875763683,0.6052287376983319,0.0018391510108652974,2.1677617419999655,2.223147581216989,0.3311058788533108,0.3336995926760753,0.3290407121918837,0.3356830389795987,0.3356830389795985,800.0000000000005,800.0000000000005,0.00125,1.0652845272574041e-10,13.127990739528471,8,5.533311005570529e-12,-4.8138576458356397e-17,-7.815970093361102e-14,0.0077070296109642555,0.9663649150373541,1.0089988347880814,0.196320878750645,2.3152502137691044e-10,0.0012142921332269907,not_checked,0.001,not_checked,not_checked,,-0.0022401848676627334,0.004969154619190099,0.001233653805494006,True
local_b1_n800,341,2035191942,local,1,0.035355339059327376,800,0.00013083107026967689,True,ok,0.0010219946874070462,0.5863261127469039,0.0015933918295763254,1.6646406537910021,1.6247452503911655,0.4489681284781991,0.44254503993440053,0.4438038359078187,0.44149183630448985,0.44149183630448985,800.0000000000005,800.0000000000005,0.00125,9.183642735166586e-11,10.094381277544317,8,-8.876938897492415e-12,-1.3205582460873444e-16,-2.0983215165415459e-13,-0.014724576969863623,0.9557050365146001,1.0888342079298745,0.19609720738970887,1.7935675167279896e-10,0.0012212502770125866,not_checked,0.001,not_checked,not_checked,,-0.0021009959118229353,0.004144985286637028,0.0008911636171373694,True
local_b1_n800,342,2035191943,local,1,0.035355339059327376,800,0.00013083107026967689,True,ok,5.890857764923041e-05,0.5609089930542375,0.0003810399113795959,0.09466662045284871,0.09532358139031195,0.9539627286745711,0.9537657911009909,0.9534562003115602,0.9539663677182503,0.9539663677182503,800.0000000000005,800.0000000000005,0.00125,1.0816791906620438e-11,10.034202715162015,8,5.2583805365546965e-18,1.2332799712022613e-17,1.9539925233402755e-14,-0.00020644810703999983,0.972233311001503,1.0283741102125608,0.211355814331902,2.1291857166261252e-11,0.0012207911349833012,not_checked,0.001,not_checked,not_checked,,-0.0006879159253271114,0.0008057330806255722,-7.192249262044648e-05,True
local_b1_n800,343,2035191944,local,1,0.035355339059327376,800,0.00013083107026967689,True,ok,0.002546385929806716,0.5974670457325912,0.002625532401556538,4.221094548247741,3.599161721281102,0.15289222404817954,0.14294440645857065,0.1653681860134149,0.13040520119173094,0.1304052011917308,800.0000000000005,800.0000000000005,0.00125,6.30043794913604e-11,9.34483718446449,9,-1.5092094240998222e-16,-6.938893903907228e-17,-1.1191048088221578e-13,-0.07343853027849656,0.9617472587600895,1.208487626918198,0.19993768088896408,1.3104717311307468e-10,0.001331457868218422,not_checked,0.001,not_checked,not_checked,,-0.0025995630174870535,0.0076923348771004854,0.002415554859537039,True
local_b1_n800,344,2035191945,local,1,0.035355339059327376,800,0.00013083107026967689,True,ok,0.0030402058533856025,0.5919159150410276,0.0027019656661542136,4.716590136113725,5.161979453736929,0.07979209578610408,0.08613926911660208,0.07569904555545642,0.08784646688817067,0.08784646688817056,800.0000000000005,800.0000000000005,0.00125,4.8622439408063656e-11,14.758238748723388,9,1.0408340855860843e-16,4.336808689942018e-19,-1.7763568394002505e-15,0.0738696146516209,0.8912306326964288,1.03134009434675,0.19273159163417494,1.0035550168652208e-10,0.0013380420859903097,not_checked,0.001,not_checked,not_checked,,-0.002255549539740431,0.008335961246511637,0.0029093747831159256,True
local_b1_n800,345,2035191946,local,1,0.035355339059327376,800,0.00013083107026967689,True,ok,0.0003670447524906084,0.6054973629461335,0.0009365117269418563,0.5788688826137826,0.6208894105958952,0.737543506294071,0.7407627339832339,0.7331208609906059,0.745547969089327,0.7455479690893269,800.0000000000005,800.0000000000005,0.00125,9.101297493430138e-11,13.69693177443161,8,2.0389831316414142e-13,1.8230859530343757e-16,2.913225216616411e-13,0.004201360685595623,0.9271163591031856,1.0032412220439975,0.1817785554513789,1.9171420007069173e-10,0.0012246661353856325,not_checked,0.001,not_checked,not_checked,,-0.0014684845034148395,0.002202574008396056,0.00023621368222093153,True
local_b1_n800,346,2035191947,local,1,0.035355339059327376,800,0.00013083107026967689,True,ok,0.001989962877109619,0.5613894936702157,0.0022521076829187057,3.276889272154807,3.0252996759317985,0.22234508577408585,0.21280986988627534,0.22032537720344583,0.20352421232607054,0.20352421232607038,800.0000000000005,800.0000000000005,0.00125,1.1083356454832938e-11,8.363238538319433,9,3.686287386450715e-17,-4.9873299934333204e-17,-7.72715225139109e-14,-0.046474334389707384,0.9959083744316568,1.122682702066887,0.22671972305084245,2.1825874441105952e-11,0.0013442079070955515,not_checked,0.001,not_checked,not_checked,,-0.0024240870707169957,0.006404012824936234,0.001859131806839942,True
local_b1_n800,347,2035191948,local,1,0.035355339059327376,800,0.00013083107026967689,True,ok,0.00042706629110167427,0.6038712843636227,0.0010223425012039647,0.6938152351657187,0.6887246137046725,0.7159286438737371,0.7122594829729816,0.708672124764663,0.7105947149420105,0.7105947149420104,800.0000000000005,800.0000000000005,0.00125,8.456191302741445e-11,11.067425559554737,8,-4.1506891240022936e-13,-3.393552799879629e-17,-5.440092820663267e-14,-0.005254584701519793,0.9667003014050862,1.080701729328929,0.19060298511825188,1.7758949866220064e-10,0.0012171249836683273,not_checked,0.001,not_checked,not_checked,,-0.0015766881911226933,0.002430820773326042,0.0002962352208319974,True
local_b1_n800,348,2035191949,local,1,0.035355339059327376,800,0.00013083107026967689,True,ok,0.0009031424118206566,0.5841629587353379,0.0015151800780463835,1.4410664414703227,1.419678802217409,0.4812411386673846,0.48220644039658556,0.4917231613145733,0.48553013193611116,0.48553013193611094,800.0000000000005,800.0000000000005,0.00125,3.369571288658335e-11,11.66233401250454,8,2.9616500224483033e-13,-4.618701254788249e-17,-7.37188088351104e-14,0.001980708721364355,0.9326836217860277,1.045080109259075,0.19371409988859753,6.876432756541817e-11,0.001227041007950902,not_checked,0.001,not_checked,not_checked,,-0.0020665559712428434,0.0038728407948841565,0.0007723113415509797,True
local_b1_n800,349,2035191950,local,1,0.035355339059327376,800,0.00013083107026967689,True,ok,0.0003589848758995817,0.5755075550077979,0.000943153682987628,0.5782799674287533,0.5756216402989206,0.7495722765873791,0.7481050704661405,0.7499034454424622,0.7503707203913113,0.7503707203913111,800.0000000000005,800.0000000000005,0.00125,2.2235435714890173e-11,10.453656212615751,8,-2.803779344112689e-14,1.3265213580360147e-16,2.1227464230832993e-13,-0.001952082994711113,0.9878852762838942,1.0047892873516422,0.2082173948120929,4.4755532613294235e-11,0.0012301250826567411,not_checked,0.001,not_checked,not_checked,,-0.0014895623746424766,0.00220753212644164,0.00022815380562990484,True
local_b1_n800,350,2035191951,local,1,0.035355339059327376,800,0.00013083107026967689,True,ok,0.0012322234028292467,0.5801509395002711,0.0017958038972498683,1.9936031541229957,1.8715048260003473,0.3781441713034488,0.37406340822142914,0.39229058992114213,0.37314853469556925,0.3731485346955691,800.0000000000005,800.0000000000005,0.00125,8.126743722414176e-11,10.357717199153628,8,-6.209758835612478e-12,1.1557595158695477e-16,1.8474111129762605e-13,-0.011022854798099946,0.9200941510095805,1.1119109604202184,0.19133584585038216,1.5814838327798952e-10,0.0012252498418092728,not_checked,0.001,not_checked,not_checked,,-0.002287487559077163,0.004751934364735656,0.0011013923325595698,True
local_b1_n800,351,2035191952,local,1,0.035355339059327376,800,0.00013083107026967689,True,ok,0.002018033669026087,0.5624281212822877,0.0022912263287867005,3.2935064540292007,3.0277531641435727,0.20907894347999129,0.20264044283687277,0.22005526006176485,0.1990046803433566,0.19900468034335642,800.0000000000005,800.0000000000005,0.00125,1.1673106925513821e-11,9.030972126025736,9,-1.0451708942760263e-16,-2.0036056147532122e-16,-3.1885605267234496e-13,-0.03232629179372992,0.9613836747752644,1.102774679986417,0.2102226108136264,2.3028690065984847e-11,0.0013399587478488684,not_checked,0.001,not_checked,not_checked,,-0.0024726874158257743,0.006508754753877948,0.00188720259875641,True
local_b1_n800,352,2035191953,local,1,0.035355339059327376,800,0.00013083107026967689,True,ok,7.312429663364206e-05,0.5617174246354286,0.00039561284553158083,0.11684222076917958,0.13674793211108924,0.943393585568379,0.9434671660883664,0.9339111571933647,0.9431787711196911,0.943178771119691,800.0000000000005,800.0000000000005,0.00125,1.1247114350965148e-11,10.5144161415312,8,2.222614453595284e-18,3.211948935988307e-18,4.6629367034256575e-15,7.832692232389443e-05,0.8543121931660903,1.1788067194948768,0.19707185040307068,2.219868733277508e-11,0.0012188341934233904,not_checked,0.001,not_checked,not_checked,,-0.000702262632429664,0.0008485112256969481,-5.7706773636034825e-05,True
local_b1_n800,353,2035191954,local,1,0.035355339059327376,800,0.00013083107026967689,True,ok,0.002336503581279459,0.5883774400547652,0.0024266779189758025,3.8642746090350193,3.5746510215353027,0.1720829265113957,0.16218527982488695,0.16740730049982191,0.15424656815662383,0.1542465681566237,800.0000000000005,800.0000000000005,0.00125,4.1194936351018896e-11,9.11978975380109,9,7.28583859910259e-17,3.5561831257524545e-17,5.639932965095795e-14,-0.06293443949394151,1.03877449456298,1.0856487443836413,0.22140934565746892,8.451817024024422e-11,0.0013275831006467342,not_checked,0.001,not_checked,not_checked,,-0.0024196977419917217,0.007092704904550639,0.002205672511009782,True
local_b1_n800,354,2035191955,local,1,0.035355339059327376,800,0.00013083107026967689,True,ok,0.001098908882257943,0.6164157242640407,0.001524360158329895,1.7117209164812994,2.1123804527211263,0.38688085975877073,0.3966857345247784,0.34777824603429863,0.41514513134353215,0.41514513134353204,800.0000000000005,800.0000000000005,0.00125,1.4874779186158094e-10,15.569522397030964,9,1.7997756063259374e-17,-1.4094628242311558e-17,-2.220446049250313e-14,0.02326664756570518,0.8056261174671089,1.0546385398609854,0.15451784962278173,3.1830516000752596e-10,0.0013421680778265,not_checked,0.001,not_checked,not_checked,,-0.0018887821275364257,0.004086599892052312,0.000968077811988266,True
local_b1_n800,355,2035191956,local,1,0.035355339059327376,800,0.00013083107026967689,True,ok,0.0006525829579837605,0.5460281957443744,0.0012634252618646635,1.057287268261891,1.0514782253973411,0.6001390214077258,0.5962910220791868,0.5911182998249185,0.5932933190824202,0.5932933190824199,800.0000000000005,800.0000000000005,0.00125,8.689937658346025e-12,8.892904264973765,8,-6.230728823511389e-13,-3.9898639947466563e-17,-6.350475700855895e-14,-0.006577267743936743,1.00515704282306,1.0400015636681272,0.22728984685022594,1.6005419212206107e-11,0.001256250310689211,not_checked,0.001,not_checked,not_checked,,-0.0018236850524290665,0.0031288509683965876,0.0005217518877140837,True
local_b1_n800,356,2035191957,local,1,0.035355339059327376,800,0.00013083107026967689,True,ok,0.0002743211198859008,0.5571172817320269,0.0008328553433666347,0.43989314027012205,0.4331758011596288,0.8008516978058917,0.8004549751015435,0.8052617488370231,0.8029547675827066,0.8029547675827065,800.0000000000005,800.0000000000005,0.00125,8.936629214417735e-12,10.056712616253533,8,-1.7177015018687847e-15,7.627362283435524e-17,1.219024881038422e-13,-0.0004896742263402754,0.9575280049094975,1.01972320952799,0.20990500183189584,1.7483348102587115e-11,0.0012291658204048872,not_checked,0.001,not_checked,not_checked,,-0.0013580453574444434,0.001906687597216245,0.00014349004961622391,True
local_b1_n800,357,2035191958,local,1,0.035355339059327376,800,0.00013083107026967689,True,ok,0.005563512128609283,0.5658242210033779,0.0037480610279296083,9.29767561149864,8.37874985726696,0.016545298101129043,0.013800015845390617,0.015155755341581279,0.011669114628309286,0.011669114628309253,800.0000000000005,800.0000000000005,0.00125,1.381084135942956e-11,7.658375072593523,9,-8.887855729167171e-15,2.7755575615628914e-17,4.618527782440651e-14,-0.19802810286189132,1.0017015740626232,1.1622824852462343,0.21907241492701496,2.741251670101974e-11,0.0013500431086868048,not_checked,0.001,not_checked,not_checked,,-0.0017825524979909234,0.012909576755209488,0.005432681058339606,True
local_b1_n800,358,2035191959,local,1,0.035355339059327376,800,0.00013083107026967689,True,ok,0.0001338370016092938,0.5832467150055263,0.000577221114276743,0.21263223932504793,0.21732853462784324,0.8970901451138056,0.8977759306941707,0.8970315297537752,0.8984631366230031,0.898463136623003,800.0000000000005,800.0000000000005,0.00125,3.227540457118039e-11,11.922302287822271,8,1.1033383408298736e-15,1.9895109865109006e-17,3.26405569239796e-14,0.0007534816249111231,0.9261229030829073,1.0493506945375,0.20461472105550876,6.573475097582104e-11,0.0012140001635998487,not_checked,0.001,not_checked,not_checked,,-0.0009974955934892013,0.0012651695967077889,3.0059313396169074e-06,True
local_b1_n800,359,2035191960,local,1,0.035355339059327376,800,0.00013083107026967689,True,ok,0.0025298982797168357,0.5373121752376029,0.002309056970530736,3.9083425475481186,4.862620160643487,0.11084987755927898,0.11950297394863413,0.08792157277670457,0.1321366553948481,0.1321366553948479,800.0000000000005,800.0000000000005,0.00125,3.204991827487902e-12,12.360741477760401,9,3.599551212651875e-17,1.0234868508263162e-16,1.6342482922482304e-13,0.06974734999941057,0.8036569985035076,1.0350991039581645,0.18402799178854307,6.086464665600033e-12,0.0013342502061277628,not_checked,0.001,not_checked,not_checked,,-0.0019957702207745714,0.007055566780208243,0.002399067209447159,True
local_b1_n800,360,2035191961,local,1,0.035355339059327376,800,0.00013083107026967689,True,ok,0.0027699175971762635,0.6502031720988166,0.002713134871033972,4.534247535506851,4.034238206230855,0.12073731277588401,0.11501507927439344,0.13303818281666074,0.10905160398391603,0.10905160398391588,800.0000000000005,800.0000000000005,0.00125,9.992007221626409e-16,13.030290768916021,10,-1.465841337200402e-16,-3.681950577760773e-16,-5.897504706808832e-13,-0.05118969001241336,0.9390482381036805,1.1565737677467616,0.17253326955513093,2.220446049250313e-15,0.0014502080157399178,not_checked,0.001,not_checked,not_checked,,-0.0025477290352500454,0.008087564229602572,0.0026390865269065866,True
local_b1_n800,361,2035191962,local,1,0.035355339059327376,800,0.00013083107026967689,True,ok,0.0018181230535065929,0.6349859947265135,0.0022286410871872257,2.995402979607358,2.556745506134061,0.25895139682093393,0.24879404500473418,0.2784901041093719,0.23351745689487968,0.23351745689487943,800.0000000000005,800.0000000000005,0.00125,6.245004513516506e-16,11.562024958819524,10,-1.218643241873707e-16,-1.0907073855204175e-16,-1.7674750552032492e-13,-0.043203046998403716,0.9793291107651924,1.1766289753797459,0.18956424633976343,6.661338147750939e-16,0.001481957035139203,not_checked,0.001,not_checked,not_checked,,-0.00254993321184656,0.006186179318859746,0.001687291983236916,True
local_b1_n800,362,2035191963,local,1,0.035355339059327376,800,0.00013083107026967689,True,ok,0.00022366923450101162,0.5945374587723484,0.0006953370501630085,0.36192271481054145,0.40987164259747993,0.8363717783090072,0.8346826225913382,0.8146996010959304,0.8361599239504822,0.8361599239504822,800.0000000000005,800.0000000000005,0.00125,5.499056765501109e-11,10.945099374413578,8,-2.2315699635400144e-14,-7.789992609308349e-17,-1.2434497875801753e-13,-0.0020259698044613195,0.8828790255415684,1.1342777790024774,0.17830752327667776,1.1387624176961708e-10,0.0012342918198555708,not_checked,0.001,not_checked,not_checked,,-0.0011391663409348058,0.001586504809936829,9.283816423133473e-05,True
local_b1_n800,363,2035191964,local,1,0.035355339059327376,800,0.00013083107026967689,True,ok,0.00036401166187083334,0.632917590263955,0.0009333083182863403,0.5837146169667919,0.6075736779108055,0.7510853648046774,0.7506072729863646,0.7380181664081673,0.7473592173139525,0.7473592173139525,800.0000000000005,800.0000000000005,0.00125,7.012168623532489e-13,13.70253243458721,9,-1.2356706369925918e-14,-1.1324491691611094e-16,-1.8074430840897548e-13,-0.0006479789867291363,0.9560018541516689,1.0820935610649767,0.1867421769926527,1.5225598559709397e-12,0.0013302909210324287,not_checked,0.001,not_checked,not_checked,,-0.0014652390284420392,0.002193262352183706,0.00023318059160115645,True
local_b1_n800,364,2035191965,local,1,0.035355339059327376,800,0.00013083107026967689,True,ok,0.0019512837686892492,0.5961522319092543,0.0023285899228561394,3.224969943041557,2.7092783272192684,0.23233682515514847,0.22148983936096672,0.25804038801722323,0.2099203690974153,0.20992036909741513,800.0000000000005,800.0000000000005,0.00125,5.91696691643051e-11,9.482370052942935,9,-3.7903707950093235e-16,-2.912167035296065e-16,-4.676259379721159e-13,-0.05145795656937824,0.9339467786413966,1.2098475062103737,0.1984980224792552,1.230540114249834e-10,0.0013419159222394228,not_checked,0.001,not_checked,not_checked,,-0.002612668614871687,0.006515236152250185,0.0018204526984195724,True
local_b1_n800,365,2035191966,local,1,0.035355339059327376,800,0.00013083107026967689,True,ok,0.00201772877230022,0.6051112206657301,0.002191101822074901,3.3404782220653297,3.2661981848341197,0.21815186382267754,0.20692761621778955,0.1953233101886738,0.19905322696417338,0.1990532269641731,800.0000000000005,800.0000000000005,0.00125,8.946599017178869e-11,9.75267824867518,9,-7.19910242530375e-17,-9.020562075079397e-17,-1.4299672557172016e-13,-0.05605609319248783,1.007504980475764,1.1134747351195344,0.1977293402063658,1.882667355346257e-10,0.001348832855001092,not_checked,0.001,not_checked,not_checked,,-0.002276751885426676,0.006312209430027116,0.0018868977020305433,True
local_b1_n800,366,2035191967,local,1,0.035355339059327376,800,0.00013083107026967689,True,ok,0.002111309875383549,0.6208366551224405,0.0023167100782960836,3.463881785226068,3.2119092893058165,0.20199705445037763,0.19395879770718877,0.20069786828167718,0.1846952886346184,0.1846952886346182,800.0000000000005,800.0000000000005,0.00125,1.8084500563730899e-10,11.185592469580962,9,-1.4354836763708079e-16,-3.469446951953614e-17,-5.3290705182007514e-14,-0.04289299230619381,1.0281453555458266,1.0839693088001754,0.20032252002147932,3.8955327852363553e-10,0.0013368749059736729,not_checked,0.001,not_checked,not_checked,,-0.0024293584406977434,0.006651978191464842,0.001980478805113872,True
local_b1_n800,367,2035191968,local,1,0.035355339059327376,800,0.00013083107026967689,True,ok,0.002410514320080104,0.6015008637564698,0.0026092327451443355,3.969131202012224,3.2778171676380774,0.16232233482358,0.15402766047223654,0.19419187082334838,0.1453789560098428,0.14537895600984266,800.0000000000005,800.0000000000005,0.00125,7.583877970063213e-11,10.007558676913474,9,1.1535911115245767e-16,1.3487475025719675e-16,2.1360690993788012e-13,-0.05615414494202775,0.9120401942584732,1.211053176414253,0.18823484063420706,1.5877077430559439e-10,0.001343333162367344,not_checked,0.001,not_checked,not_checked,,-0.0027034878876853715,0.007524516527845579,0.002279683249810427,True
local_b1_n800,368,2035191969,local,1,0.035355339059327376,800,0.00013083107026967689,True,ok,0.0005634933188514157,0.5681128453540081,0.0011480215406965285,0.9026615474339502,0.9757275198761765,0.6385654498285669,0.6382259980968625,0.6139365100934742,0.6371216584415568,0.6371216584415564,800.0000000000005,800.0000000000005,0.00125,1.548305927911997e-11,10.603565352106616,8,-1.8955973943302062e-14,-1.7997756063259374e-17,-2.7977620220553945e-14,-0.0005361186358422421,0.8465743241704751,1.1855921098997768,0.19040054030603126,3.0808244844138244e-11,0.0012267909478396177,not_checked,0.001,not_checked,not_checked,,-0.0016865875543899643,0.0028135741920927958,0.00043266224858173885,True
local_b1_n800,369,2035191970,local,1,0.035355339059327376,800,0.00013083107026967689,True,ok,0.0033131902605127994,0.6332987094316014,0.003017424478676416,5.2702409238411585,4.831168927687548,0.06439409188473788,0.06540669040333724,0.0893151222042173,0.07061220963638451,0.07061220963638441,800.0000000000005,800.0000000000005,0.00125,7.147060721024445e-16,14.7925572402442,10,-2.1597307275911248e-16,-3.1008182133085427e-16,-4.9649173661237e-13,0.015431746489661613,0.7819715300059483,1.1381060263238951,0.14339711938037975,4.440892098500626e-16,0.0014420421794056892,not_checked,0.001,not_checked,not_checked,,-0.002600853043762524,0.009227233564788124,0.0031823591902431225,True
local_b1_n800,370,2035191971,local,1,0.035355339059327376,800,0.00013083107026967689,True,ok,0.0007527370057363036,0.5938161001309712,0.0013225458133201068,1.1921846079652942,1.3119372489993377,0.5475008580129908,0.5508453490815586,0.5189391618793608,0.5476112702599671,0.5476112702599669,800.0000000000005,800.0000000000005,0.00125,5.315181628162691e-11,12.767091236559548,8,9.235695975357006e-13,-2.1293730667615307e-16,-3.3995029014022293e-13,0.006097300606396128,0.9022530110641603,1.1041929483162372,0.19460220115684013,1.0999134936184873e-10,0.0012179161421954632,not_checked,0.001,not_checked,not_checked,,-0.0018394051562753396,0.003344879167747947,0.0006219059354666268,True
local_b1_n800,371,2035191972,local,1,0.035355339059327376,800,0.00013083107026967689,True,ok,0.0008720832007305113,0.5861797589510065,0.0014756653221834764,1.3727642458958234,1.4143453208877712,0.48992089325254295,0.4956076260528066,0.4930362094659885,0.4977454085031183,0.4977454085031181,800.0000000000005,800.0000000000005,0.00125,4.154010468937486e-11,12.927192161213439,8,3.793550976821658e-12,1.1232334506949826e-16,1.7830181775480014e-13,0.01128443763649778,0.9703377132736957,0.9852854923780103,0.20080860086675953,8.88416007427395e-11,0.001237667165696621,not_checked,0.001,not_checked,not_checked,,-0.0020201676839837978,0.0037643340854448203,0.0007412521304608344,True
local_b1_n800,372,2035191973,local,1,0.035355339059327376,800,0.00013083107026967689,True,ok,0.0018094196479196967,0.5662277734872465,0.002117340802684453,2.955331042683553,2.867965133527057,0.2526951639610402,0.24558929837738333,0.2383577537869458,0.23514904817476553,0.23514904817476534,800.0000000000005,800.0000000000005,0.00125,1.4091283695449874e-11,9.11058871640108,9,2.489328188026718e-16,2.962040335230398e-16,4.75175454539567e-13,-0.030129803006018196,0.9447175449169873,1.1634474801329455,0.21641695099033595,2.798494769251647e-11,0.0013411259278655052,not_checked,0.001,not_checked,not_checked,,-0.00234049206833896,0.005959331364178353,0.0016785885776500198,True
local_b1_n800,373,2035191974,local,1,0.035355339059327376,800,0.00013083107026967689,True,ok,0.000245714957934684,0.6025537340441185,0.0007641074379472712,0.39363287563522253,0.41342273646680444,0.8231489335731463,0.8229497650935429,0.8132543471543253,0.8215422057756855,0.8215422057756854,800.0000000000005,800.0000000000005,0.00125,7.962064341171526e-11,12.148925897346315,8,-9.539894915699954e-16,3.984442983884229e-17,6.372680161348399e-14,-0.0002444714698639494,0.9443278424169078,1.0798506201208364,0.20099218236439978,1.6688517234797473e-10,0.0012151659466326237,not_checked,0.001,not_checked,not_checked,,-0.0012519081007611418,0.0017433380166305098,0.00011488388766500712,True
local_b1_n800,374,2035191975,local,1,0.035355339059327376,800,0.00013083107026967689,True,ok,8.125423941618415e-05,0.5818471773281289,0.0004589147349925119,0.1307448451444094,0.12489131759713032,0.9377763352480872,0.9374343910127512,0.9394641130350053,0.9370642852876169,0.9370642852876168,800.0000000000005,800.0000000000005,0.00125,3.0156432906380815e-11,10.808351891751343,8,-2.3402503893099613e-16,-9.005654295207721e-17,-1.438849039914203e-13,-0.00036903103925733927,0.955542774560471,1.0713065052943742,0.20054572123547743,6.13478157163172e-11,0.0012147498782724142,not_checked,0.001,not_checked,not_checked,,-0.0008182021131438824,0.0009807105919762507,-4.957683085349274e-05,True
local_b1_n800,375,2035191976,local,1,0.035355339059327376,800,0.00013083107026967689,True,ok,0.0013961320579414238,0.5385164328217986,0.001775086839131326,2.2346727659461605,2.466828472650234,0.32938054436828557,0.32923993407087376,0.29129632343607365,0.3272909833763853,0.32729098337638507,800.0000000000005,800.0000000000005,0.00125,4.4790837705477315e-11,9.554233785484849,8,-2.4516825201936765e-13,-7.24247051220317e-17,-1.163513729807164e-13,-0.0004307366199405305,0.9031467415000021,1.1131794047151615,0.21821473804488925,8.493117320540478e-11,0.0012215001042932272,not_checked,0.001,not_checked,not_checked,,-0.0020829742161870197,0.004875238332069867,0.001265300987671747,True
local_b1_n800,376,2035191977,local,1,0.035355339059327376,800,0.00013083107026967689,True,ok,1.1837339495501809e-05,0.5526053403283264,0.0001763989530004597,0.01893555969939521,0.018232052959055837,0.9905101608938183,0.9905122470056,0.9909253985171708,0.9905748264314876,0.9905748264314876,800.0000000000005,800.0000000000005,0.00125,7.104539179181302e-12,10.05852518469984,8,2.2153638515667873e-16,2.203098814490545e-16,3.526068326209497e-13,2.0917467038472637e-06,0.8821247623792356,1.118081793783346,0.1991666335204874,1.3802958775954721e-11,0.0012165000662207603,not_checked,0.001,not_checked,not_checked,,-0.0003338982552959729,0.0003575729342869765,-0.00011899373077417508,True
local_b1_n800,377,2035191978,local,1,0.035355339059327376,800,0.00013083107026967689,True,ok,0.0005847791007620451,0.5643604418643198,0.0011880508945441527,0.9301927418086724,0.9737714442054295,0.6266473065775335,0.6283563509772108,0.6145372569575567,0.6263642045779143,0.6263642045779141,800.0000000000005,800.0000000000005,0.00125,1.2855716491344538e-11,11.022649578661513,8,1.1471162561504933e-13,-8.673617379884035e-19,-6.661338147750939e-16,0.002726909705300151,0.9545638823414352,1.0490789114873333,0.2178385593828617,2.543143473587861e-11,0.001228999812155962,not_checked,0.001,not_checked,not_checked,,-0.001743757864345088,0.002913316065869178,0.0004539480304923682,True
local_b1_n800,378,2035191979,local,1,0.035355339059327376,800,0.00013083107026967689,True,ok,0.0005249147763111139,0.6117993496339915,0.001087977350025724,0.8259093044825336,0.9427816448260468,0.6477080009039751,0.652394038326778,0.6241336053377569,0.657091618105194,0.657091618105194,800.0000000000005,800.0000000000005,0.00125,1.210284095165548e-10,14.282821830397408,8,9.71928050194637e-13,1.192622389734055e-16,1.9095836023552692e-13,0.006977168807624556,0.8757486439432972,1.0652752244057853,0.17163139980421352,2.5725555019562307e-10,0.0012225410901010036,not_checked,0.001,not_checked,not_checked,,-0.0016074816457346333,0.002657311198356861,0.00039408370604143705,True
local_b1_n800,379,2035191980,local,1,0.035355339059327376,800,0.00013083107026967689,True,ok,0.001312408278858035,0.5377456972196295,0.0017894336164842356,2.078920690762202,2.161073035800491,0.3422720599056772,0.345949475816404,0.33941337543438077,0.34996342740521297,0.3499634274052128,800.0000000000005,800.0000000000005,0.00125,5.556743953860632e-11,10.324950855756986,8,4.0751169799735365e-12,5.4643789493269423e-17,8.79296635503124e-14,0.010466277705327487,0.9611137995748102,0.9975892063258568,0.22444329846505084,1.0975709230365283e-10,0.001226124819368124,not_checked,0.001,not_checked,not_checked,,-0.0021948171621763266,0.004819633719892396,0.001181577208588358,True
local_b1_n800,380,2035191981,local,1,0.035355339059327376,800,0.00013083107026967689,True,ok,0.000972656399593097,0.5492760937806713,0.0015334212190219578,1.574686604985263,1.5948033544907183,0.4690371281597033,0.4648569973697557,0.450497983876629,0.45926627390963903,0.4592662739096388,800.0000000000005,800.0000000000005,0.00125,2.8737123791700014e-11,9.074658083140957,8,-2.2083300899727876e-12,-1.951563910473908e-18,-3.3306690738754696e-15,-0.009218182818153453,0.9296105975939191,1.132197616415499,0.2201441668627586,5.356604049211455e-11,0.0012242919765412807,not_checked,0.001,not_checked,not_checked,,-0.0020327939628194463,0.00397810676200564,0.0008418253293234201,True
local_b1_n800,381,2035191982,local,1,0.035355339059327376,800,0.00013083107026967689,True,ok,0.0005556121795324831,0.6009874111140152,0.0011352011596695542,0.8926381955288923,0.958073059843154,0.6485995266273581,0.6474468049033695,0.6193798583818799,0.641151344140984,0.641151344140984,800.0000000000005,800.0000000000005,0.00125,7.408196278646528e-11,11.843906523758248,8,-9.197850814324227e-14,8.033938098117588e-17,1.2811973704174306e-13,-0.0018293541384594159,0.9052270411079504,1.1605325888268792,0.19367860426740996,1.5495493776995772e-10,0.0012330838944762945,not_checked,0.001,not_checked,not_checked,,-0.0016693412086279465,0.0027805655676929127,0.0004247811092628062,True
local_b1_n800,382,2035191983,local,1,0.035355339059327376,800,0.00013083107026967689,True,ok,0.006642600502203333,0.6057351750508466,0.0037345802649865743,9.884919884242512,13.001333965191197,0.0023362426765696238,0.003538629758038728,0.0015024367595423051,0.004921802756035762,0.004921802756035752,800.0000000000005,800.0000000000005,0.00125,9.194534023038159e-11,20.42093686879643,9,5.191038571217277e-13,-1.214306433183765e-16,-1.9539925233402755e-13,0.371620459641413,0.7558091699417729,0.9713432628262588,0.14826513183798992,1.9386647842623006e-10,0.0013357920106500387,not_checked,0.001,not_checked,not_checked,,-0.0006770423145444036,0.01396224331895107,0.006511769431933656,True
local_b1_n800,383,2035191984,local,1,0.035355339059327376,800,0.00013083107026967689,True,ok,0.0016871707087333654,0.6041668015611568,0.002101993380565301,2.750900990893549,2.509745840281405,0.276620730129541,0.2699393439585984,0.2851120779251189,0.2593085620849561,0.2593085620849559,800.0000000000005,800.0000000000005,0.00125,8.570699705501283e-11,10.847139784624986,9,1.0278236595162582e-16,1.0603497246908233e-16,1.687538997430238e-13,-0.02571392846008158,0.9840789212197631,1.1180265282375106,0.2031809827815043,1.8008461388774322e-10,0.0013373331166803837,not_checked,0.001,not_checked,not_checked,,-0.00243266061291622,0.005807002030382951,0.0015563396384636885,True
local_b1_n800,384,2035191985,local,1,0.035355339059327376,800,0.00013083107026967689,True,ok,0.000629923020282197,0.6077531253485358,0.0012924834391973977,1.0250198235596895,0.9350099771307778,0.6093663237175848,0.6042579131331964,0.6265636030528232,0.6041465873373006,0.6041465873373004,800.0000000000005,800.0000000000005,0.00125,1.0087752855270082e-10,11.127088517428879,8,-1.895663964343597e-12,1.0603497246908233e-16,1.6919798895287386e-13,-0.008571495554086761,0.9390222872305158,1.10053015194398,0.1895191709826286,2.1309154440984912e-10,0.00122720911167562,not_checked,0.001,not_checked,not_checked,,-0.0019032979711591674,0.0031631440117235615,0.0004990919500125202,True
local_b1_n800,385,2035191986,local,1,0.035355339059327376,800,0.00013083107026967689,True,ok,0.002128549132250246,0.550175631975699,0.0023073041107475926,3.5051077733223406,3.295408313242275,0.19938582611778077,0.19022149516422973,0.1924913316570586,0.18216556533285722,0.18216556533285705,800.0000000000005,800.0000000000005,0.00125,6.273537245249372e-12,7.967086613046845,9,-2.3722343533982837e-16,-3.43908929112402e-16,-5.497824417943775e-13,-0.04971458086097269,1.0184468038745842,1.0938447190338634,0.23222563295789453,1.2143175354140112e-11,0.0013362497556954622,not_checked,0.001,not_checked,not_checked,,-0.002393683826196252,0.0066507820906967436,0.001997718061980569,True
local_b1_n800,386,2035191987,local,1,0.035355339059327376,800,0.00013083107026967689,True,ok,0.0021749932326717847,0.5824786357847134,0.0024806874882995,3.589353871053525,2.9492795647237875,0.19714410333325544,0.1874080160181974,0.22886115202250162,0.17552135086289666,0.17552135086289658,800.0000000000005,800.0000000000005,0.00125,3.111655377807665e-11,9.027825550935109,9,1.691355389077387e-16,1.478851763270228e-16,2.3803181647963356e-13,-0.054682349389333806,0.9296219722166335,1.2170323173982516,0.2045278992538879,6.329248236625062e-11,0.0013338318094611168,not_checked,0.001,not_checked,not_checked,,-0.0026870649012943615,0.007037051366637931,0.002044162162402108,True
local_b1_n800,387,2035191988,local,1,0.035355339059327376,800,0.00013083107026967689,True,ok,0.0012586081646999148,0.5563063499591596,0.001677552344952849,1.9801747094978777,2.278043190394553,0.3482702245187631,0.35443242821076937,0.3201320874107177,0.3653547309422922,0.3653547309422919,800.0000000000005,800.0000000000005,0.00125,1.0818568263459838e-10,11.616561952199683,8,1.0933976814231361e-11,9.324138683375338e-17,1.4921397450962104e-13,0.01679917701099365,0.8488735540641293,1.0661480756803658,0.18879247585433898,2.2264656784898307e-10,0.0012213331647217274,not_checked,0.001,not_checked,not_checked,,-0.0020293340135883824,0.004546550342988212,0.0011277770944302379,True
local_b1_n800,388,2035191989,local,1,0.035355339059327376,800,0.00013083107026967689,True,ok,0.00044857835217948505,0.6569793861954822,0.001032029251136988,0.7295943558890854,0.7445556049545934,0.7024910008546126,0.6984011894660294,0.689162764805638,0.6984702574845048,0.6984702574845045,800.0000000000005,800.0000000000005,0.00125,1.1262768495612363e-11,13.85275547876345,9,-8.675636164329203e-13,1.244664094013359e-16,1.9917401061775308e-13,-0.005934496200954431,0.9799047459193029,1.0537082799804252,0.17054175216500914,2.4678703525182755e-11,0.0013330839574337006,not_checked,0.001,not_checked,not_checked,,-0.001574161811040854,0.002471318515399824,0.00031774728190980817,True
local_b1_n800,389,2035191990,local,1,0.035355339059327376,800,0.00013083107026967689,True,ok,0.0055695115611158474,0.5675830138915487,0.003548233716498656,8.382598034690284,10.100025250928821,0.006590951518392351,0.008866504891284467,0.006409252525955889,0.011613242363816497,0.011613242363816466,800.0000000000005,800.0000000000005,0.00125,1.508448921327954e-11,16.5163086953625,9,4.5271078552566735e-14,9.367506770274758e-17,1.4921397450962104e-13,0.2643102315475385,0.829891618091131,0.939408359944858,0.17770323124432552,2.998756798433533e-11,0.00133350002579391,not_checked,0.001,not_checked,not_checked,,-0.0013848987319522226,0.012523921854183918,0.0054386804908461706,True
local_b1_n800,390,2035191991,local,1,0.035355339059327376,800,0.00013083107026967689,True,ok,0.001157839362894153,0.5854420308420971,0.0017758187769266324,1.871229164942672,1.680919682285925,0.39740191059890473,0.39372962599619465,0.43151205080499355,0.39602755361382774,0.3960275536138275,800.0000000000005,800.0000000000005,0.00125,6.190448154086425e-11,10.66897476913763,8,-4.398385084966594e-12,-1.8951853975046618e-16,-3.0375701953744283e-13,-0.009343092156013033,0.9002422310249772,1.1133462905350189,0.1871558086808165,1.2295053863908834e-10,0.0012223748490214348,not_checked,0.001,not_checked,not_checked,,-0.0023227014829520147,0.004638380208740321,0.0010270082926244761,True
local_b1_n800,391,2035191992,local,1,0.035355339059327376,800,0.00013083107026967689,True,ok,2.8787831626964078e-05,0.5527863320637183,0.0002738854584109659,0.04620751497867727,0.04404029408905887,0.9775611912344574,0.9774903989174013,0.9782205266001681,0.9772329070770674,0.9772329070770674,800.0000000000005,800.0000000000005,0.00125,7.16404713330121e-12,9.807120075379943,8,-9.454242944073599e-17,-1.0776969594505914e-16,-1.7252865802674933e-13,-7.349218776735861e-05,0.9809998363109269,1.0497509847826092,0.22590482528815437,1.393574144969989e-11,0.0012212079018354416,not_checked,0.001,not_checked,not_checked,,-0.0005080178027477719,0.0005655934660017001,-0.00010204323864271281,True
local_b1_n800,392,2035191993,local,1,0.035355339059327376,800,0.00013083107026967689,True,ok,0.0003265243985388633,0.6007147052000004,0.0008987113036548164,0.5189975438970389,0.5312235130579439,0.7710804676693244,0.7724019422914188,0.7667367502595198,0.7701118470059836,0.7701118470059835,800.0000000000005,800.0000000000005,0.00125,7.296496740138991e-11,12.763194187850429,8,2.2733930623436427e-14,-3.518236049715462e-17,-5.573319583618286e-14,0.0017207468825713446,0.9699271329561353,1.040831263058323,0.20489387100015205,1.529640858421999e-10,0.0012301660608500242,not_checked,0.001,not_checked,not_checked,,-0.0014349173891236172,0.0020879661862013435,0.0001956933282691864,True
local_b1_n800,393,2035191994,local,1,0.035355339059327376,800,0.00013083107026967689,True,ok,0.000810891192060792,0.5776944610901393,0.0014429165315780529,1.3145840353835634,1.2511139377347265,0.5236736557645918,0.519215684619817,0.5349633875748732,0.5227181064401638,0.5227181064401638,800.0000000000005,800.0000000000005,0.00125,2.4725554936821936e-11,10.075697819183633,8,-1.873649022390844e-12,-2.2681509448396753e-16,-3.630429290524262e-13,-0.008579064043147788,0.9408535449841311,1.0674965468819155,0.19807534284497857,4.992184443608494e-11,0.0012199168559163809,not_checked,0.001,not_checked,not_checked,,-0.002017173242529643,0.003638955626651227,0.0006800601217911151,True
local_b1_n800,394,2035191995,local,1,0.035355339059327376,800,0.00013083107026967689,True,ok,0.00010552572120614556,0.6224594021665564,0.0005253768915914001,0.16783926094557441,0.1628867250097602,0.9197580439707669,0.9202146473797099,0.9217849159641411,0.9190446457933793,0.9190446457933793,800.0000000000005,800.0000000000005,0.00125,1.9396517725311924e-10,13.849673066831603,8,5.926655650620449e-16,1.2302984152279262e-16,1.9695356456850277e-13,0.0005009464921292839,0.9591750203031917,1.061880266192965,0.19234364995050227,4.1933612138223e-10,0.0012270831502974033,not_checked,0.001,not_checked,not_checked,,-0.000924194064622603,0.0011352455070348941,-2.5305349063531324e-05,True
local_b1_n800,395,2035191996,local,1,0.035355339059327376,800,0.00013083107026967689,True,ok,6.392782492303795e-05,0.5357122317029273,0.00039871476767914854,0.10217331882435714,0.10324012461524913,0.9497936426656655,0.9498468319841398,0.9496896211896106,0.950143493562627,0.950143493562627,800.0000000000005,800.0000000000005,0.00125,2.946642929657628e-12,9.496819884173613,8,-1.2923689896027213e-16,-1.3617579286417936e-16,-2.1760371282653068e-13,5.560052625181583e-05,0.9477706082936171,1.0400167275275376,0.22490833824600875,5.577094341902011e-12,0.0012294170446693897,not_checked,0.001,not_checked,not_checked,,-0.000717538759832348,0.0008453944096784239,-6.690324534663894e-05,True
local_b1_n800,396,2035191997,local,1,0.035355339059327376,800,0.00013083107026967689,True,ok,0.00057144294295286,0.5810098155768624,0.0012440464013389874,0.9278322376282346,0.8292328289383459,0.6411724880686829,0.6369750114867133,0.6605936262688237,0.633082613457614,0.6330826134576137,800.0000000000005,800.0000000000005,0.00125,2.9009905588850415e-11,10.092637282611754,8,-7.872251028134825e-13,2.5457067009959644e-16,4.085620730620576e-13,-0.006761764451829022,0.9401930551729569,1.1232724724067986,0.20215637583036952,5.885891773971252e-11,0.0012366240844130516,not_checked,0.001,not_checked,not_checked,,-0.0018668431987682171,0.003009729084673937,0.00044061187268318314,True
local_b1_n800,397,2035191998,local,1,0.035355339059327376,800,0.00013083107026967689,True,ok,0.001423282085048383,0.6216962013837055,0.0018967232048045408,2.329269495968541,2.203419208689609,0.3378649870770156,0.32960544955058924,0.33230249201901957,0.3202588614934485,0.32025886149344823,800.0000000000005,800.0000000000005,0.00125,1.8777135402103795e-10,11.38902238168228,9,-2.949029909160572e-17,-8.521829075736065e-17,-1.3455903058456897e-13,-0.02600907994556345,0.9740751490394395,1.1271129778531157,0.20001782233827023,4.0506731302514254e-10,0.0013385412748903036,not_checked,0.001,not_checked,not_checked,,-0.002294227085009906,0.005140791255106672,0.001292451014778706,True
local_b1_n800,398,2035191999,local,1,0.035355339059327376,800,0.00013083107026967689,True,ok,0.0008398836805294518,0.583040005797282,0.0014466158972921191,1.3407548234614926,1.3487002326525608,0.5064277852321832,0.5072127455463917,0.5094874205967661,0.5107337077745316,0.5107337077745313,800.0000000000005,800.0000000000005,0.00125,3.197042630631586e-11,11.56616113029529,8,1.79247892570511e-13,1.5016200088924236e-16,2.3869795029440866e-13,0.0015295326928155273,0.981026936183322,0.9941135851071322,0.20263656582350673,6.50663967149967e-11,0.0012222500517964363,not_checked,0.001,not_checked,not_checked,,-0.0019954313776261957,0.0036751987386850994,0.000709052610259775,True
local_b1_n800,399,2035192000,local,1,0.035355339059327376,800,0.00013083107026967689,True,ok,0.004199182568476623,0.6210083445535868,0.0031863382176896245,7.06606492393282,6.573528715642608,0.04537393231984152,0.038669426407796276,0.037374584745499956,0.034757981330033695,0.03475798133003365,800.0000000000005,800.0000000000005,0.00125,1.8211543384438755e-10,9.379144015753791,9,-9.769962616701378e-15,-1.5178830414797062e-16,-2.433608869978343e-13,-0.17368640718511008,1.0734487164463087,1.0988235209456205,0.20204755423246837,3.9260661388595963e-10,0.0013321670703589916,not_checked,0.001,not_checked,not_checked,,-0.0020459255807585876,0.010444290717711833,0.004068351498206946,True
local_b1_n800,400,2035192001,local,1,0.035355339059327376,800,0.00013083107026967689,True,ok,0.0008625642358881525,0.540666356026891,0.0014574631426879834,1.3883948998254587,1.3916869176020288,0.5071541382253504,0.5050898500354106,0.4986536767261778,0.5015502943809071,0.5015502943809069,800.0000000000005,800.0000000000005,0.00125,9.24138543467734e-12,9.182219089192115,8,-4.3998366148351176e-13,8.68445940160889e-17,1.3922196728799463e-13,-0.004146061202206952,0.9854257166338443,1.0479398155963877,0.2273623373872407,1.7146950526125693e-11,0.0012171249836683273,not_checked,0.001,not_checked,not_checked,,-0.001994011032574857,0.0037191395043511617,0.0007317331656184756,True
local_b1_n800,401,2035192002,local,1,0.035355339059327376,800,0.00013083107026967689,True,ok,3.5228718639368495e-05,0.5824707442576802,0.0002963148936941945,0.056504150043087495,0.05646209159823437,0.9723902926250825,0.9723235438796747,0.9721637265060846,0.972210460402593,0.972210460402593,800.0000000000005,800.0000000000005,0.00125,3.111266799749046e-11,11.087880700567267,8,7.025630077706069e-17,6.31276714929685e-17,1.0103029524088925e-13,-6.910011004893427e-05,0.982315775526244,1.0314882847114903,0.20368424506237154,6.326672519207932e-11,0.0012269578874111176,not_checked,0.001,not_checked,not_checked,,-0.0005455378010840675,0.0006159952383628045,-9.560235163030839e-05,True
local_b1_n800,402,2035192003,local,1,0.035355339059327376,800,0.00013083107026967689,True,ok,0.000930619022817325,0.5797850185496858,0.0015091712871810085,1.481159574230571,1.5239625302972752,0.4759354099559949,0.47779694138806394,0.46674077310259754,0.47497399764121107,0.47497399764121073,800.0000000000005,800.0000000000005,0.00125,2.733480108929598e-11,11.678965454304905,8,6.831457058029122e-13,9.150666335777657e-17,1.4455103780619538e-13,0.003915431138574954,0.9637817328326624,1.0426397934821285,0.2080283959980521,5.5393245546042635e-11,0.0012181669007986784,not_checked,0.001,not_checked,not_checked,,-0.0020273023465594065,0.0038885403921940565,0.0007997879525476481,True
local_b1_n800,403,2035192004,local,1,0.035355339059327376,800,0.00013083107026967689,True,ok,0.0015415943895160655,0.6204624740253479,0.0019214310996078536,2.536623087944759,2.4997152717400453,0.31218037962835865,0.302043548685122,0.28654558776984174,0.29133673623778844,0.2913367362377883,800.0000000000005,800.0000000000005,0.00125,1.7784262951181518e-10,10.90913276921486,9,4.336808689942018e-17,8.239936510889834e-17,1.3233858453531866e-13,-0.03503603235952646,0.9762789625683632,1.1452454694109118,0.19421100688727475,3.829769834595709e-10,0.0013342499732971191,not_checked,0.001,not_checked,not_checked,,-0.0022243413644905206,0.005307530143522652,0.0014107633192463886,True
local_b1_n800,404,2035192005,local,1,0.035355339059327376,800,0.00013083107026967689,True,ok,0.00038757977411574274,0.5712308580829708,0.0009906953604769918,0.6257710504884377,0.6077869104232182,0.7359926706381705,0.7339426350464561,0.7379394858686393,0.7334001496519847,0.7334001496519846,800.0000000000005,800.0000000000005,0.00125,1.8053225581127208e-11,10.10116977990326,8,-6.310365641484794e-14,-2.8731357570865868e-18,-4.884981308350689e-15,-0.002821705951624509,0.9740969066132581,1.0501359245213693,0.20711614980209142,3.608890963846534e-11,0.0012231660075485706,not_checked,0.001,not_checked,not_checked,,-0.0015541474520700872,0.0023293070003015726,0.00025674870384606585,True
local_b1_n800,405,2035192006,local,1,0.035355339059327376,800,0.00013083107026967689,True,ok,0.0008887046037111546,0.5901847201629105,0.001576828541241377,1.447187160793122,1.2368221973627929,0.5104402491187525,0.5043916986043979,0.5387998576299486,0.49117063653904847,0.49117063653904824,800.0000000000005,800.0000000000005,0.00125,6.037348398990616e-11,10.274605629666707,8,-5.602348012584413e-12,9.974659986866641e-18,1.5765166949677223e-14,-0.012629897427636871,0.942772696574047,1.1805305639339945,0.20262798596445564,1.1885070705375256e-10,0.001222583930939436,not_checked,0.001,not_checked,not_checked,,-0.0022018225469167757,0.003979231754339085,0.0007578735334414777,True
local_b1_n800,406,2035192007,local,1,0.035355339059327376,800,0.00013083107026967689,True,ok,0.0010622246686633474,0.5664431597673494,0.001627865840492272,1.7065705561386237,1.6903902154620885,0.433145545470109,0.4316531945036486,0.4294735564246793,0.4275090868974839,0.4275090868974838,800.0000000000005,800.0000000000005,0.00125,2.3861690401361102e-11,10.328555386805652,8,-8.282007891990961e-13,-1.4181364416110398e-16,-2.2737367544323206e-13,-0.0035055431386334934,0.9996893641363467,1.0317679889103615,0.21695950180160856,4.637579209543219e-11,0.0012190837878733873,not_checked,0.001,not_checked,not_checked,,-0.00212833375036453,0.004252783087691225,0.0009313935983936705,True
local_b1_n800,407,2035192008,local,1,0.035355339059327376,800,0.00013083107026967689,True,ok,0.0010495327601234283,0.596269737037525,0.0015886163168004237,1.6909410470795292,1.7299810553491044,0.4394548059608172,0.43694850869664115,0.42105554098354747,0.4318719234895635,0.4318719234895635,800.0000000000005,800.0000000000005,0.00125,5.959532867194639e-11,11.41105515248438,8,-1.9975000386390773e-12,-6.830473686658678e-17,-1.0835776720341528e-13,-0.005844315441021486,0.9655039775055448,1.0786803393746036,0.20881494755288296,1.2374967717221352e-10,0.0012484157923609018,not_checked,0.001,not_checked,not_checked,,-0.002064098006058075,0.004163163526304931,0.0009187016898537514,True
local_b1_n800,408,2035192009,local,1,0.035355339059327376,800,0.00013083107026967689,True,ok,0.0014093056532420434,0.5830245422598399,0.0018420751386207406,2.234369373643937,2.348387243973694,0.32127161583487307,0.32460389997901395,0.3090681049543539,0.32385981628825766,0.3238598162882574,800.0000000000005,800.0000000000005,0.00125,1.0643930181686301e-10,12.197724832617652,8,7.075779632353951e-12,6.461844948013606e-17,1.0125233984581428e-13,0.010259835771666781,0.9248178284551319,1.0631287437136148,0.19656760710112414,2.247899644203244e-10,0.0012173750437796116,not_checked,0.001,not_checked,not_checked,,-0.0022010952752712356,0.005019706581755322,0.0012784745829723665,True
local_b1_n800,409,2035192010,local,1,0.035355339059327376,800,0.00013083107026967689,True,ok,0.003390763513705597,0.5997413018347879,0.0029581010208572264,5.661387613527634,4.984260053504497,0.08316939881593174,0.07465294482699603,0.08273355407670895,0.06636331826182812,0.06636331826182802,800.0000000000005,800.0000000000005,0.00125,6.994904655499568e-11,8.959423086840035,9,-9.835882108788496e-16,-2.8796409701215e-16,-4.583000645652646e-13,-0.11808299579933834,1.028304240430379,1.1523735584977939,0.21917456794160728,1.4605272546930337e-10,0.0013377498835325241,not_checked,0.001,not_checked,not_checked,,-0.002407007949805734,0.009188534977216927,0.00325993244343592,True
local_b1_n800,410,2035192011,local,1,0.035355339059327376,800,0.00013083107026967689,True,ok,0.0014721611250243516,0.6021704398541414,0.002035514187129728,2.4247875334133364,2.016011773731333,0.3341183673786924,0.3235578006405378,0.36494599806010386,0.30797739239439165,0.3079773923943915,800.0000000000005,800.0000000000005,0.00125,7.82340858762609e-11,9.97955052219541,9,-1.9927635930283571e-16,-1.0364972768961422e-16,-1.6431300764452317e-13,-0.03466486668718627,0.9407261951218109,1.2158345692481778,0.2010712357231302,1.6388623791385726e-10,0.0013281258288770914,not_checked,0.001,not_checked,not_checked,,-0.0025173733717702394,0.005461695621818943,0.0013413300547546747,True
local_b1_n800,411,2035192012,local,1,0.035355339059327376,800,0.00013083107026967689,True,ok,0.0026199548060821254,0.5793092055365643,0.0025814100383112068,4.195141605042383,4.100126074299996,0.12776446668314934,0.12756422829579184,0.12872678876214722,0.12295168017907838,0.12295168017907823,800.0000000000005,800.0000000000005,0.00125,2.673239407613437e-11,11.254955931905016,9,-1.5308934675495323e-16,-6.591949208711867e-17,-1.0302869668521453e-13,-0.0016069576554897935,0.9109739796010056,1.1259885260556195,0.1957332751174757,5.409894754393463e-11,0.0013356658164411783,not_checked,0.001,not_checked,not_checked,,-0.002439515898338001,0.007679425510502252,0.0024891237358124485,True
local_b1_n800,412,2035192013,local,1,0.035355339059327376,800,0.00013083107026967689,True,ok,0.000373972288316482,0.5654092051834962,0.0009508191033311597,0.6012476378529937,0.6146942135506668,0.7452479196412243,0.7441897722384683,0.7353952959110106,0.7414275491656012,0.741427549165601,800.0000000000005,800.0000000000005,0.00125,1.3544609878124447e-11,10.189785819167104,8,-1.7242392409688723e-14,-6.971419969081794e-17,-1.1124434706744069e-13,-0.0014459882733111051,0.9661235187467877,1.0711448816398097,0.2219279977337884,2.683742117426391e-11,0.0012150832917541265,not_checked,0.001,not_checked,not_checked,,-0.001489598910025259,0.002237543486658223,0.0002431412180468051,True
local_b1_n800,413,2035192014,local,1,0.035355339059327376,800,0.00013083107026967689,True,ok,1.1141501193412395e-05,0.6308593441326542,0.0001616017144128423,0.017846662749122402,0.019260023091732713,0.9908214503306727,0.9908110667443775,0.990416208529712,0.9911264038649792,0.9911264038649792,800.0000000000005,800.0000000000005,0.00125,5.551115123125783e-16,13.655606132928995,9,1.0284843452151166e-16,1.0279930661057091e-16,1.645350522494482e-13,-1.0130419831279672e-05,0.8577668256044783,1.0892307673249069,0.16035607334578253,1.3322676295501878e-15,0.0013344581238925457,not_checked,0.001,not_checked,not_checked,,-0.00030559203889568586,0.00032787504128251065,-0.00011968956907626449,True
local_b1_n800,414,2035192015,local,1,0.035355339059327376,800,0.00013083107026967689,True,ok,0.001757255317637041,0.6175660844324027,0.0021045107572391104,2.8822029100788167,2.722401065499059,0.26353144179062526,0.25487006338992024,0.2563528321711877,0.24516979832286911,0.24516979832286886,800.0000000000005,800.0000000000005,0.00125,1.562090456985743e-10,11.02539175853888,9,1.9081958235744878e-16,9.128982292327947e-17,1.474376176702208e-13,-0.03529720092977473,0.9757063285494921,1.1345968306635135,0.20210213661703327,3.355449251785103e-10,0.001342749921604991,not_checked,0.001,not_checked,not_checked,,-0.0023675099716287326,0.005882020606902814,0.001626424247367364,True
local_b1_n800,415,2035192016,local,1,0.035355339059327376,800,0.00013083107026967689,True,ok,0.0013569900622472097,0.5682948560149905,0.0019154682154991624,2.200255742486312,1.9672363579262404,0.3493361230876256,0.34446067152222193,0.3739556098086295,0.3377017904201907,0.33770179042019055,800.0000000000005,800.0000000000005,0.00125,1.2348311262400102e-10,9.706909974615082,8,-1.0795579491115759e-11,5.334274688628682e-17,8.526512829121202e-14,-0.014535821445387453,0.9454138001032926,1.1225972768313262,0.20709954475074516,2.344857641389808e-10,0.001220249803736806,not_checked,0.001,not_checked,not_checked,,-0.0023972586536623553,0.005111238778156775,0.0012261589919775329,True
local_b1_n800,416,2035192017,local,1,0.035355339059327376,800,0.00013083107026967689,True,ok,0.0011299744035886405,0.5727471687385461,0.0015878420496071395,1.7824441858441071,2.0436933355292184,0.38844722180423713,0.3936536821634816,0.35992965558983836,0.40495492155580737,0.40495492155580715,800.0000000000005,800.0000000000005,0.00125,6.791689433072179e-11,12.127850128469875,8,6.05711140966303e-12,-3.924811864397526e-17,-6.306066779870889e-14,0.012757429948859422,0.8637571829052254,1.053154132588933,0.1877518695230715,1.421338602369815e-10,0.001231290865689516,not_checked,0.001,not_checked,not_checked,,-0.001982138826779615,0.004242087633956896,0.0009991433333189637,True
local_b1_n800,417,2035192018,local,1,0.035355339059327376,800,0.00013083107026967689,True,ok,0.0031541069564429147,0.5884264361955773,0.002900623810747504,5.220820738215976,4.531135646334787,0.09382689656067675,0.0865020735149119,0.10377109417714904,0.08019568527228746,0.08019568527228735,800.0000000000005,800.0000000000005,0.00125,4.1288084062784947e-11,9.098194296108705,9,-2.2768245622195593e-16,-4.423544863740858e-17,-7.37188088351104e-14,-0.08712480395365496,0.967548772659589,1.1634576673834134,0.203910722101055,8.472067491993585e-11,0.0013419168535619974,not_checked,0.001,not_checked,not_checked,,-0.002531011245321519,0.00883922515820735,0.003023275886173238,True
local_b1_n800,418,2035192019,local,1,0.035355339059327376,800,0.00013083107026967689,True,ok,0.0035016553274891393,0.5694340288549531,0.0028569817028037195,5.346957615985024,6.230266000810343,0.046619440115458405,0.0535770746960392,0.04437260518054784,0.06072958746745103,0.06072958746745091,800.0000000000005,800.0000000000005,0.00125,1.652722403377993e-11,15.016772492982449,9,7.814929259275516e-16,1.0321604682062002e-16,1.6697754290362354e-13,0.12784545399880143,0.8304444656403772,0.9931676969315725,0.17763682496079525,3.2948754835615546e-11,0.0013531660661101341,not_checked,0.001,not_checked,not_checked,,-0.002097925914496067,0.009101236569474345,0.0033708242572194624,True
local_b1_n800,419,2035192020,local,1,0.035355339059327376,800,0.00013083107026967689,True,ok,4.573594233359124e-05,0.5832851184320418,0.0003411551630323157,0.07304437671132184,0.07217014792508067,0.9641809197784246,0.9642449048896713,0.9645582312016616,0.9640725249345581,0.9640725249345581,800.0000000000005,800.0000000000005,0.00125,3.229982947772214e-11,11.483039467257,8,-2.432136523428108e-16,-2.4887860869404754e-16,-3.9834802123550617e-13,6.656551121209109e-05,0.9624556043549489,1.0453911673224245,0.20623841465336093,6.585820777615936e-11,0.0012395000085234642,not_checked,0.001,not_checked,not_checked,,-0.000622915890349638,0.0007143877750168205,-8.509512793608565e-05,True
local_b1_n800,420,2035192021,local,1,0.035355339059327376,800,0.00013083107026967689,True,ok,0.0008733232040001315,0.586742874841433,0.0015165352564902276,1.387771295881926,1.3341146338906962,0.4893320906698688,0.4917254377784306,0.5132165916625487,0.49725188858292957,0.49725188858292957,800.0000000000005,800.0000000000005,0.00125,3.8128500357004214e-11,12.137792344746831,8,8.090357810769389e-13,5.2692225582795515e-17,8.215650382226158e-14,0.004772915259142696,0.9169196576014773,1.0406676225816685,0.18867721499438625,7.80380204901121e-11,0.0012154581490904093,not_checked,0.001,not_checked,not_checked,,-0.0020990312800059276,0.0038456776880061907,0.0007424921337304546,True
local_b1_n800,421,2035192022,local,1,0.035355339059327376,800,0.00013083107026967689,True,ok,0.0005691391316897665,0.6651111577736837,0.001198153577594975,0.887466075584883,0.9226945216676318,0.6201956488323193,0.6277756536119574,0.630433714444282,0.6342504916396695,0.6342504916396694,800.0000000000005,800.0000000000005,0.00125,5.943845415856686e-11,18.731358656783883,9,6.288850841994209e-12,8.782037597132586e-18,1.509903313490213e-14,0.011578267559371969,0.9407106304263386,0.9655966798938108,0.1601009882743759,1.432862717365424e-10,0.0013335011899471283,not_checked,0.001,not_checked,not_checked,,-0.0017791987283442019,0.002917476991723735,0.0004383080614200896,True
local_b1_n800,422,2035192023,local,1,0.035355339059327376,800,0.00013083107026967689,True,ok,0.0033657994336313557,0.5808097955511797,0.0029263746302143575,5.573043652439165,5.0673965366197775,0.08149256939748585,0.07467644699055861,0.07936496394036516,0.06770200071071485,0.06770200071071475,800.0000000000005,800.0000000000005,0.00125,2.871580750962721e-11,8.776191315486512,9,9.71445146547012e-17,2.480654570646834e-16,3.9612757518625585e-13,-0.09388227931449666,1.0357371169174814,1.11180896741918,0.229111720030722,5.828026949927789e-11,0.001336999936029315,not_checked,0.001,not_checked,not_checked,,-0.002369789446860504,0.009101388314123215,0.003234968363361679,True
local_b1_n800,423,2035192024,local,1,0.035355339059327376,800,0.00013083107026967689,True,ok,0.0032651062395832042,0.5775078244490726,0.0028667519205885063,5.181849860411686,5.1720505510083115,0.06840808325438807,0.06990884737581432,0.07531881746186085,0.07338138457540586,0.07338138457540577,800.0000000000005,800.0000000000005,0.00125,2.4489299477181703e-11,11.97314751780052,9,1.0321604682062002e-16,9.150666335777657e-17,1.5010215292932116e-13,0.021160061460721913,0.9311448149287005,1.0158962232240252,0.19542718717133864,4.9459991657840874e-11,0.0013329589273780584,not_checked,0.001,not_checked,not_checked,,-0.002353624277381297,0.008883836756547706,0.0031342751693135273,True
local_b1_n800,424,2035192025,local,1,0.035355339059327376,800,0.00013083107026967689,True,ok,0.00039158717284859534,0.5812502608321273,0.0009709550816100452,0.6273591389168848,0.6498766368668102,0.7295941085992743,0.7292932909202141,0.7225719216356503,0.7310526930760562,0.7310526930760561,800.0000000000005,800.0000000000005,0.00125,2.934674725452169e-11,11.150422866527775,8,-5.662245845805547e-15,-1.8366384801904445e-16,-2.944311461305915e-13,-0.00040983117956594484,0.955105955807629,1.0335272929275607,0.20935322045832924,5.956457549416427e-11,0.0012175000738352537,not_checked,0.001,not_checked,not_checked,,-0.0015114498177132424,0.002294624163410433,0.00026075610257891846,True
local_b1_n800,425,2035192026,local,1,0.035355339059327376,800,0.00013083107026967689,True,ok,0.0002514023554323064,0.5763141001004912,0.0008315864557660043,0.4039939324792058,0.36336279507932595,0.8182620761019346,0.8175487150914378,0.8338669701666311,0.8178127469073033,0.8178127469073033,800.0000000000005,800.0000000000005,0.00125,2.3125612536034623e-11,10.67563187215318,8,-3.726728127484424e-15,-7.611099250848241e-17,-1.2168044349891716e-13,-0.0008750818937576788,0.899702094378555,1.1162707175722717,0.1916072125460552,4.6595838298912895e-11,0.0012193331494927406,not_checked,0.001,not_checked,not_checked,,-0.0013784771479003729,0.0018812818587649856,0.0001205712851626295,True
local_b1_n800,426,2035192027,local,1,0.035355339059327376,800,0.00013083107026967689,True,ok,0.0008759329689076445,0.5998327525910407,0.0015477080888106093,1.427085296372066,1.2585533853071225,0.5123177876148484,0.5061143022532311,0.5329771679217776,0.496214803156094,0.4962148031560938,800.0000000000005,800.0000000000005,0.00125,7.025657833281684e-11,10.667778714705499,8,-6.173151833460677e-12,-3.5344990823027445e-16,-5.639932965095795e-13,-0.01279627305991693,0.9259277806186997,1.1797855558675898,0.1975667848497403,1.466864407717594e-10,0.0012099589221179485,not_checked,0.001,not_checked,not_checked,,-0.0021575191437424694,0.003909385081557758,0.0007451018986379676,True
local_b1_n800,427,2035192028,local,1,0.035355339059327376,800,0.00013083107026967689,True,ok,0.0006813883735949933,0.6214423433853797,0.0013360008735594628,1.0884716754907906,1.0474129561402208,0.5705684973353857,0.5710820698794932,0.5923210493117393,0.5797775990588054,0.5797775990588051,800.0000000000005,800.0000000000005,0.00125,1.8557688719056387e-10,13.441982485574606,8,7.942073648042891e-14,4.9981720151581754e-17,7.882583474838611e-14,0.0008748611305996468,0.893785212765517,1.053886336688737,0.16904581450502051,4.0042613669299953e-10,0.0012172078713774681,not_checked,0.001,not_checked,not_checked,,-0.0019371252218956044,0.003299901969085591,0.0005505573033253164,True
local_b1_n800,428,2035192029,local,1,0.035355339059327376,800,0.00013083107026967689,True,ok,0.002132941644385822,0.6109691092411784,0.0023254719078584685,3.3311628007777787,3.423504682282411,0.16786368460040113,0.17516931459078983,0.18054913157779678,0.18152655716573526,0.18152655716573507,800.0000000000005,800.0000000000005,0.00125,1.16620602064188e-10,15.136139235590745,9,9.324138683375338e-17,1.3010426069826053e-18,1.7763568394002505e-15,0.040771915119768964,0.911419020658483,1.0011123416244072,0.17593902671854547,2.475359917042397e-10,0.001334833912551403,not_checked,0.001,not_checked,not_checked,,-0.002424899542076423,0.006690782830848067,0.002002110574116145,True
local_b1_n800,429,2035192030,local,1,0.035355339059327376,800,0.00013083107026967689,True,ok,0.0007217663277843123,0.5860715787217876,0.001355513092812451,1.141791538059354,1.1457020779283864,0.5555872737996932,0.5592846289341891,0.563915399870869,0.5613486639043307,0.5613486639043306,800.0000000000005,800.0000000000005,0.00125,3.6920688728514506e-11,12.482605814283934,8,9.132234898845404e-13,2.6237692574149207e-17,4.1522341120980855e-14,0.006517293197773166,0.9523781969100195,1.0131796569841136,0.19530026179300228,7.551492764434897e-11,0.0012255830224603415,not_checked,0.001,not_checked,not_checked,,-0.0019349905147005909,0.0033785231702692154,0.0005909352575146354,True
local_b1_n800,430,2035192031,local,1,0.035355339059327376,800,0.00013083107026967689,True,ok,0.002842914781866712,0.5680559922385533,0.0028241055349438947,4.694355382112288,3.8830019913233875,0.12003616232153402,0.11222424623015143,0.14348841257318967,0.10286561766118348,0.10286561766118336,800.0000000000005,800.0000000000005,0.00125,1.5404566511278972e-11,8.451811316700613,9,1.6740081543176188e-16,1.7867651802561113e-16,2.8421709430404007e-13,-0.07284586556277306,0.9349499207339911,1.2095487417424553,0.21006405476528242,3.0720093135983007e-11,0.0013319579884409904,not_checked,0.001,not_checked,not_checked,,-0.0026922303551635447,0.00837805991889697,0.0027120837115970353,True
local_b1_n800,431,2035192032,local,1,0.035355339059327376,800,0.00013083107026967689,True,ok,0.004178075233488121,0.5436427115908895,0.0033232541371211277,6.9436721827723344,6.018790183549277,0.04632229609674589,0.0411547308013422,0.049321504722461634,0.03534988333985672,0.03534988333985665,800.0000000000005,800.0000000000005,0.00125,4.471201187072893e-12,7.192318462269521,9,-7.008282842946301e-16,-2.732189474663471e-16,-4.3520742565306136e-13,-0.1293759045956686,0.9973567625204522,1.1747288430234515,0.23733395987349418,8.569589482476658e-12,0.0013320420403033495,not_checked,0.001,not_checked,not_checked,,-0.0023353831867430237,0.010691533653719266,0.004047244163218444,True
local_b1_n800,432,2035192033,local,1,0.035355339059327376,800,0.00013083107026967689,True,ok,0.0003745357963176321,0.5793095305212339,0.0009567450275760155,0.590437896518351,0.6218955109634546,0.7343163072702406,0.7376608170904133,0.732752157152794,0.7410933842081291,0.7410933842081289,800.0000000000005,800.0000000000005,0.00125,2.6717184020697005e-11,12.397198967620922,8,1.9823406154431678e-13,-1.8144123356544917e-16,-2.9043434324194095e-13,0.0044096887949303665,0.9291742515351836,1.0128540461177926,0.1944409067170585,5.409850345472478e-11,0.0012137498706579208,not_checked,0.001,not_checked,not_checked,,-0.0015006500001191391,0.0022497215927544034,0.00024370472604795523,True
local_b1_n800,433,2035192034,local,1,0.035355339059327376,800,0.00013083107026967689,True,ok,0.0028980481885809706,0.5990733272951483,0.0026384359695931017,4.826564068107148,4.617540934044703,0.1146714084257511,0.10495352157444024,0.09938337160176584,0.09842715467356224,0.09842715467356213,800.0000000000005,800.0000000000005,0.00125,6.785005890463935e-11,9.091199960711277,9,7.719519468096792e-17,1.5785983631388945e-16,2.5224267119483557e-13,-0.0948434831887961,1.0396503872375527,1.10134339336841,0.20764699318785626,1.4147993887547727e-10,0.0013226252049207687,not_checked,0.001,not_checked,not_checked,,-0.002273191287336526,0.008069287664498468,0.0027672171183112937,True
local_b1_n800,434,2035192035,local,1,0.035355339059327376,800,0.00013083107026967689,True,ok,0.00045814832781565507,0.5882824227389962,0.0011308326585563447,0.7447922638883346,0.644974905584186,0.7010646321722256,0.6970878899957988,0.7243450202574638,0.6931432007484025,0.6931432007484024,800.0000000000005,800.0000000000005,0.00125,4.0997649719543006e-11,10.315643974063242,8,-5.220621027493544e-13,-1.0711917464156784e-16,-1.7075230118734908e-13,-0.005877469691643045,0.9198920601524725,1.1550956384895066,0.201220357383421,8.412603946794661e-11,0.0012197091709822416,not_checked,0.001,not_checked,not_checked,,-0.0017582429554964607,0.002674539611127771,0.0003273172575459782,True
local_b1_n800,435,2035192036,local,1,0.035355339059327376,800,0.00013083107026967689,True,ok,0.00040102213635528905,0.5835751407874905,0.0009811386841472962,0.6319019665891781,0.6771302300626995,0.7162611554671938,0.719895479274526,0.7127923643805942,0.7255555011125159,0.7255555011125158,800.0000000000005,800.0000000000005,0.00125,3.279809757117391e-11,12.644828222726069,8,2.7357499945979136e-13,9.324138683375338e-18,1.4876988529977098e-14,0.004866725789642368,0.9126730484837486,1.0122032138624422,0.19284795542175162,6.680744846221387e-11,0.0012220828793942928,not_checked,0.001,not_checked,not_checked,,-0.0015219743484124312,0.0023240186211230095,0.00027019106608561216,True
local_b1_n800,436,2035192037,local,1,0.035355339059327376,800,0.00013083107026967689,True,ok,0.0006881430354734874,0.6090170068626211,0.0012709879780837931,1.0759440253645598,1.1932534703825206,0.5591041838979423,0.5665566483287179,0.5506660490272,0.5766530873528062,0.576653087352806,800.0000000000005,800.0000000000005,0.00125,1.0680611950419916e-10,14.703166723526321,8,5.4535588284859715e-12,-1.6197980456933436e-16,-2.6068036618198676e-13,0.012542415696510378,0.8976011474944792,0.9979760071380275,0.17414237030014434,2.260416298582868e-10,0.0012361668050289154,not_checked,0.001,not_checked,not_checked,,-0.0018029476263541305,0.0031792336973011054,0.0005573119652038105,True
local_b1_n800,437,2035192038,local,1,0.035355339059327376,800,0.00013083107026967689,True,ok,0.0014977339644606236,0.5684925580901754,0.0019509334540794233,2.3999127528155237,2.3646674228261597,0.3014532815000318,0.30092066893619296,0.30656247480343757,0.30174072055649614,0.3017407205564961,800.0000000000005,800.0000000000005,0.00125,8.644096549659253e-11,10.653482513170138,8,-1.2735611176761807e-12,1.249000902703301e-16,2.007283228522283e-13,-0.0017692048392623505,0.9352921402408592,1.0647967057362924,0.2022235416531798,1.7067569579864994e-10,0.001213833224028349,not_checked,0.001,not_checked,not_checked,,-0.0023260253417693734,0.005321493270690621,0.0013669028941909467,True
local_b1_n800,438,2035192039,local,1,0.035355339059327376,800,0.00013083107026967689,True,ok,0.0015781052922818617,0.5567155109643895,0.001969595607943105,2.5481484011703635,2.5410094347849266,0.2961401568313218,0.29285658266648956,0.28068991693797146,0.28295023812179826,0.2829502381217981,800.0000000000005,800.0000000000005,0.00125,1.325730636381195e-10,9.580164953589195,8,-9.287661351803367e-12,3.0357660829594124e-18,6.217248937900877e-15,-0.011589966759691706,0.955927291854868,1.1215362740094033,0.22255343855888107,2.499143114675917e-10,0.0012172078713774681,not_checked,0.001,not_checked,not_checked,,-0.002282231163394896,0.005438441747958619,0.0014472742220121848,True
local_b1_n800,439,2035192040,local,1,0.035355339059327376,800,0.00013083107026967689,True,ok,0.0008177757973373279,0.5739876310633305,0.0014209543728928846,1.330832525332312,1.301871911214007,0.5283657122339991,0.5226291665406015,0.5215573936772394,0.5198470538563589,0.5198470538563587,800.0000000000005,800.0000000000005,0.00125,3.8701819526920644e-11,9.64169026042667,8,-3.4437625277480843e-12,4.553649124439119e-18,6.439293542825908e-15,-0.011195624796293435,1.0018904667474617,1.0494406565656023,0.21153845876285596,7.451905759126021e-11,0.0012106250505894423,not_checked,0.001,not_checked,not_checked,,-0.001967243597207424,0.00360279519188208,0.000686944727067651,True
local_b1_n800,440,2035192041,local,1,0.035355339059327376,800,0.00013083107026967689,True,ok,0.0012930714336494287,0.5727086547617695,0.00174967946878616,2.047087820595511,2.2032029286445445,0.3503382880934188,0.3542313353587586,0.33233842916108064,0.35541926901030507,0.3554192690103049,800.0000000000005,800.0000000000005,0.00125,7.827805070803606e-11,11.83376472236305,8,5.825297709483035e-12,2.229119666630197e-16,3.561595462997502e-13,0.010913236621788114,0.9181330665508208,1.0567236365354027,0.20079541802183704,1.6251489043384026e-10,0.0012153747957199812,not_checked,0.001,not_checked,not_checked,,-0.0021362373096606184,0.004722380176959476,0.0011622403633797518,True
local_b1_n800,441,2035192042,local,1,0.035355339059327376,800,0.00013083107026967689,True,ok,0.00017368892213309728,0.5802166585863384,0.0006580275775119312,0.27950906461939945,0.2771861466155664,0.8733488456478073,0.872665349524675,0.8705822195313598,0.8702705508344712,0.8702705508344712,800.0000000000005,800.0000000000005,0.00125,2.7898572341200634e-11,10.727301981166837,8,-1.5151996411028046e-15,1.41027597586052e-16,2.2604140781368187e-13,-0.0008033946032218187,0.9793842519079623,1.0748319020049761,0.21848530764237792,5.6591842323427954e-11,0.0012207080144435167,not_checked,0.001,not_checked,not_checked,,-0.0011160214306244268,0.0014633992748906213,4.285785186342039e-05,True
local_b1_n800,442,2035192043,local,1,0.035355339059327376,800,0.00013083107026967689,True,ok,0.0011637385583616044,0.6020008833932502,0.0017305803067233063,1.900030373774753,1.768234769887852,0.4098490748887742,0.4024481768274527,0.4130786018236432,0.39416296175189197,0.39416296175189186,800.0000000000005,800.0000000000005,0.00125,1.982670694289368e-10,10.613964522662474,8,-2.0957554485237506e-11,-3.8315704775637727e-16,-6.137312880127865e-13,-0.019024340198092404,1.0106511856561053,1.0774429971503448,0.2027779308773563,3.9203107426999395e-10,0.0012182090431451797,not_checked,0.001,not_checked,not_checked,,-0.002228136515170356,0.004555613631893565,0.0010329074880919276,True
local_b1_n800,443,2035192044,local,1,0.035355339059327376,800,0.00013083107026967689,True,ok,0.0004772138244688584,0.536466365007167,0.0011237727827371935,0.7683326969739687,0.7144267120322735,0.6856666522165915,0.684045760960861,0.699623212988258,0.6826513218002889,0.6826513218002888,800.0000000000005,800.0000000000005,0.00125,3.0656588378974448e-12,8.995380696111493,8,-4.8182540856450684e-14,8.879615792656281e-17,1.41886502547095e-13,-0.0023952889118973864,0.9501800073454005,1.076369007185461,0.22083873481614352,5.809352998653594e-12,0.0012142080813646317,not_checked,0.001,not_checked,not_checked,,-0.0017253403565023959,0.0026797680054401127,0.0003463827541991815,True
local_b1_n800,444,2035192045,local,1,0.035355339059327376,800,0.00013083107026967689,True,ok,0.001634369613873865,0.6606426898688633,0.0020217628472791946,2.7073728942565305,2.5225047920451282,0.300151495635384,0.28770619952493737,0.28329900168743377,0.2704966159570235,0.2704966159570234,800.0000000000005,800.0000000000005,0.00125,3.859759734048396e-16,12.556022361402439,10,-3.859759734048396e-17,1.431146867680866e-17,2.1316282072803006e-14,-0.04619075602917255,0.9667890499678945,1.2115630903104941,0.17902751724867963,6.661338147750939e-16,0.0014418750070035458,not_checked,0.001,not_checked,not_checked,,-0.00232821275207451,0.00559695197982224,0.0015035385436041881,True
local_b1_n800,445,2035192046,local,1,0.035355339059327376,800,0.00013083107026967689,True,ok,0.0015637197384874568,0.5599802133076595,0.0019614882322719716,2.438165633151685,2.5848561599393034,0.26532017443499956,0.2744485476744896,0.27460321439816093,0.2862253644740796,0.28622536447407937,800.0000000000005,800.0000000000005,0.00125,1.0293987884324451e-11,12.536151949593236,9,2.6237692574149207e-17,1.4029576111962427e-16,2.2382096176443156e-13,0.031892974214123626,0.9412772844772221,0.9444016716088529,0.20568031426508024,2.029088008725921e-11,0.0013344581238925457,not_checked,0.001,not_checked,not_checked,,-0.0022807265528647434,0.0054081660298396575,0.00143288866821778,True
local_b1_n800,446,2035192047,local,1,0.035355339059327376,800,0.00013083107026967689,True,ok,0.0004784247326761193,0.5511047567623373,0.0011352783028082453,0.7678027330985032,0.7085673214450394,0.6831349661668082,0.682346033165105,0.7016759012299907,0.681990339536906,0.6819903395369058,800.0000000000005,800.0000000000005,0.00125,6.579625733138528e-12,9.772664074494136,8,-2.1297416955001758e-14,6.613633252161577e-18,1.1546319456101628e-14,-0.0011615804083559556,0.9146287902240557,1.1011734194972855,0.20573313946267227,1.2755574374523349e-11,0.0012148751411587,not_checked,0.001,not_checked,not_checked,,-0.0017466798532577992,0.0027035293186100377,0.0003475936624064424,True
local_b1_n800,447,2035192048,local,1,0.035355339059327376,800,0.00013083107026967689,True,ok,0.0006239016961302468,0.6063775495169719,0.0012903487067580975,1.014329302763547,0.9177386939072808,0.6231910203546931,0.6184628171351203,0.6319978119449836,0.6070638178827548,0.6070638178827545,800.0000000000005,800.0000000000005,0.00125,9.455747296271966e-11,11.129189364846797,8,-1.577552541723315e-12,-1.5742615544489524e-16,-2.509104035652854e-13,-0.008043294477575735,0.981407365815593,1.1336681981561834,0.2065627931630002,1.9979884413601212e-10,0.0012193331494927406,not_checked,0.001,not_checked,not_checked,,-0.00190513529661346,0.0031529386888739536,0.0004930706258605699,True
local_b1_n800,448,2035192049,local,1,0.035355339059327376,800,0.00013083107026967689,True,ok,0.000965076518214758,0.5442567231422357,0.0015314516616863356,1.5662753591162415,1.567294604251599,0.47085543368553884,0.46579586512518056,0.45673711142683615,0.46205968193238356,0.4620596819323832,800.0000000000005,800.0000000000005,0.00125,3.609290644135399e-11,8.718623994760616,8,-3.0754246805458907e-12,-3.9898639947466563e-17,-6.461498003318411e-14,-0.011076464986313872,0.9911843512460359,1.059598711147378,0.23099332776385503,6.665490381863037e-11,0.0012190828565508127,not_checked,0.001,not_checked,not_checked,,-0.002036513582754479,0.003966666619183995,0.0008342454479450812,True
local_b1_n800,449,2035192050,local,1,0.035355339059327376,800,0.00013083107026967689,True,ok,0.00033973789714947245,0.6233509923887055,0.000907149700504813,0.5519444422603444,0.5553319816942787,0.7653039883694812,0.7621616039788073,0.7575498078316745,0.7620140251779158,0.7620140251779157,800.0000000000005,800.0000000000005,0.00125,3.4652281044600386e-12,12.035755896424684,9,-2.371781156890185e-13,-2.0285422647203788e-16,-3.248512570053208e-13,-0.004181903410594101,0.9540049525446925,1.0816793400206204,0.18596203845326037,7.270184454455375e-12,0.0013303749728947878,not_checked,0.001,not_checked,not_checked,,-0.0014382428444262576,0.0021177186387252023,0.00020890682687979556,True
local_b1_n800,450,2035192051,local,1,0.035355339059327376,800,0.00013083107026967689,True,ok,4.806784724697977e-06,0.5563392992820488,0.00010491223560079674,0.0076791816494758145,0.008409890668621734,0.9960973209477408,0.9961032332139346,0.9958038830696678,0.9961619564094918,0.9961619564094918,800.0000000000005,800.0000000000005,0.00125,8.422995634305153e-11,10.302981206090282,7,6.147044500951176e-13,-3.867891250342037e-17,-6.195044477408373e-14,5.836955020476278e-06,0.9115220576684244,1.0609474979859432,0.20018460808849506,1.6521117807144492e-10,0.0011073329951614141,not_checked,0.001,not_checked,not_checked,,-0.0002008174185904445,0.00021043098803984046,-0.0001260242855449789,True
local_b1_n800,451,2035192052,local,1,0.035355339059327376,800,0.00013083107026967689,True,ok,0.0015158497587275388,0.6426205484034011,0.0019236576017602237,2.3722496929526975,2.5342885619552358,0.2786819031448966,0.28657379236229397,0.2816347441829454,0.29739923805445895,0.29739923805445867,800.0000000000005,800.0000000000005,0.00125,5.551115123125783e-16,16.90129831668229,10,1.8604909279851256e-16,4.9873299934333204e-17,7.993605777301127e-14,0.026554960505682956,0.8760439042937974,1.0242891177005249,0.15648812111548513,1.3322676295501878e-15,0.0014406661503016949,not_checked,0.001,not_checked,not_checked,,-0.0022544498593091936,0.005286149376764271,0.001385018688457862,True
local_b1_n800,452,2035192053,local,1,0.035355339059327376,800,0.00013083107026967689,True,ok,0.005040477156860179,0.5632952778750286,0.0036339938129771785,8.372799692624755,7.3950548866805494,0.022828989020889007,0.019780579137795566,0.024784732426781062,0.0177320467524512,0.017732046752451155,800.0000000000005,800.0000000000005,0.00125,1.2191914144921157e-11,7.965486091638711,9,-2.2690183065776637e-15,-8.500145032286355e-17,-1.3855583347321954e-13,-0.15401812082423127,0.971616076366012,1.1550191327835995,0.21466805972166386,2.4078516958070395e-11,0.001330625033006072,not_checked,0.001,not_checked,not_checked,,-0.002082019836616476,0.012162974150336833,0.004909646086590502,True
local_b1_n800,453,2035192054,local,1,0.035355339059327376,800,0.00013083107026967689,True,ok,0.0006849073969208419,0.6018576842090715,0.0013157332670737502,1.0993066876429842,1.0766756110212417,0.57441508107685,0.573412442194353,0.5837176987888191,0.5781476936893752,0.5781476936893751,800.0000000000005,800.0000000000005,0.00125,7.711309368829689e-11,11.979989160701214,8,-1.5772604576580473e-13,9.389190813724468e-17,1.5010215292932116e-13,-0.0017274262848182564,0.9319142970342871,1.0471461759678304,0.1876846269573971,1.6147749803963052e-10,0.001219457946717739,not_checked,0.001,not_checked,not_checked,,-0.0018938824198049286,0.0032636972136466124,0.000554076326651165,True
local_b1_n800,454,2035192055,local,1,0.035355339059327376,800,0.00013083107026967689,True,ok,0.0005703598048174552,0.6136811194177809,0.0012187378878419609,0.9285507484588935,0.862760876192177,0.6391390069904055,0.6341533360347813,0.649611726710107,0.6336314239354962,0.633631423935496,800.0000000000005,800.0000000000005,0.00125,1.316886599767031e-10,11.37678885127878,8,-1.569375380518212e-12,-6.711211447685272e-17,-1.0658141036401503e-13,-0.007987530375482332,0.9463920164267341,1.0965651825296152,0.1865612925502137,2.806539445288081e-10,0.001214624848216772,not_checked,0.001,not_checked,not_checked,,-0.0018183225619472039,0.0029590421715821142,0.0004395287345477783,True
local_b1_n800,455,2035192056,local,1,0.035355339059327376,800,0.00013083107026967689,True,ok,0.0007197727582575197,0.5568226280699855,0.0013561812877368005,1.1699884637320084,1.1113503889596756,0.5727451937055388,0.5676835932975259,0.5736847816014106,0.5622446482694775,0.5622446482694774,800.0000000000005,800.0000000000005,0.00125,2.0266011091507607e-11,9.05825501875221,8,-1.6737737498079275e-12,-2.4936649967166602e-17,-4.1300296516055823e-14,-0.009176025259988063,0.9731479135466463,1.0958835832214462,0.22658791559014563,3.7953862275230676e-11,0.0012180418707430363,not_checked,0.001,not_checked,not_checked,,-0.0019382937222137612,0.0033778392387288007,0.0005889416879878429,True
local_b1_n800,456,2035192057,local,1,0.035355339059327376,800,0.00013083107026967689,True,ok,0.00048392334051716723,0.5601434930917859,0.0011344606631297648,0.7742195847459833,0.7286139052364101,0.6763879001884305,0.6764076180268235,0.6946779288042602,0.6789969302545303,0.6789969302545302,800.0000000000005,800.0000000000005,0.00125,1.0409784145792855e-11,10.373007599547778,8,-3.142017895862992e-16,-2.6638847377968844e-16,-4.2654768606098514e-13,2.8880040742362834e-05,0.9182151677222739,1.0665573144540939,0.2002004996146939,2.0463186700681035e-11,0.0012126669753342867,not_checked,0.001,not_checked,not_checked,,-0.0017395787010945985,0.002707425382128933,0.00035309227024749035,True
local_b1_n800,457,2035192058,local,1,0.035355339059327376,800,0.00013083107026967689,True,ok,0.0005317325593052757,0.6048284411570397,0.0011145993935183086,0.8618959337061691,0.9077864650536194,0.6643902154973365,0.6608555541965486,0.6351505430444995,0.653517447685436,0.6535174476854357,800.0000000000005,800.0000000000005,0.00125,8.828970887719834e-11,11.287840732425332,8,-5.494003689487936e-13,-9.313296661650483e-17,-1.496580637194711e-13,-0.005561919408863747,0.8970594174923469,1.201278493492068,0.18862763846073766,1.8577894778104564e-10,0.0012206248939037323,not_checked,0.001,not_checked,not_checked,,-0.0016528421091807962,0.0027163072277913477,0.00040090148903559886,True
local_b1_n800,458,2035192059,local,1,0.035355339059327376,800,0.00013083107026967689,True,ok,0.0012403100151443525,0.6136352016350068,0.001664849766953426,1.9213519655832307,2.2805946314614003,0.34265165445966095,0.35448602372349747,0.319723948724204,0.3707423203079128,0.37074232030791254,800.0000000000005,800.0000000000005,0.00125,1.3140999399752218e-10,15.92631916920292,9,-1.0581813203458523e-16,-7.892991815694472e-17,-1.2634338020234281e-13,0.03157202932386716,0.8195238544105024,1.0393837715760013,0.15879217335419396,2.800570886307696e-10,0.0013351670932024717,not_checked,0.001,not_checked,not_checked,,-0.002022735567754265,0.00450335559804297,0.0011094789448746756,True
local_b1_n800,459,2035192060,local,1,0.035355339059327376,800,0.00013083107026967689,True,ok,0.0017044675909769769,0.5613956708068017,0.0020271133052722594,2.8003744458625737,2.749859660035539,0.27129339640519645,0.2619569834819139,0.252857338177175,0.25574508999720846,0.25574508999720824,800.0000000000005,800.0000000000005,0.00125,1.1085465878579726e-11,8.511571379499976,9,-2.701831813833877e-16,-2.398255205537936e-16,-3.82804898890754e-13,-0.036613150149704676,1.0183300040821115,1.072395549747587,0.2214381035684151,2.1830537377809378e-11,0.001331833889707923,not_checked,0.001,not_checked,not_checked,,-0.0022686014799385996,0.005677536661892553,0.0015736365207073,True
local_b1_n800,460,2035192061,local,1,0.035355339059327376,800,0.00013083107026967689,True,ok,0.0023573584533682634,0.6608374579080436,0.0024925973752375446,3.9495513781861917,3.402363762445872,0.178421414194386,0.16455455298204502,0.18246774136578778,0.15169448276117392,0.15169448276117378,800.0000000000005,800.0000000000005,0.00125,1.4432899320127035e-15,11.689496202038596,10,-2.714842239903703e-16,2.38524477946811e-16,3.801403636316536e-13,-0.088888926398484,0.9903973514977094,1.1992656562310315,0.1842262163229878,3.1086244689504383e-15,0.0014480410609394312,not_checked,0.001,not_checked,not_checked,,-0.0025280426300563945,0.007242759536792921,0.0022265273830985866,True
local_b1_n800,461,2035192062,local,1,0.035355339059327376,800,0.00013083107026967689,True,ok,0.0008650705611508158,0.6737113273562632,0.001456470571283351,1.3784071821279567,1.4104371580373003,0.49095935026013915,0.4924007638250175,0.49400058429147453,0.5005456633516896,0.5005456633516893,800.0000000000005,800.0000000000005,0.00125,3.57128771000248e-11,17.12950832021927,9,1.00386864619606e-12,-1.9678269430611905e-16,-3.155253835984695e-13,0.002852857856674773,0.9315365995394309,1.0152585763130637,0.1550006201692405,8.410294682903441e-11,0.0013251248747110367,not_checked,0.001,not_checked,not_checked,,-0.0019895593031070296,0.0037197004254086613,0.0007342394908811389,True
local_b1_n800,462,2035192063,local,1,0.035355339059327376,800,0.00013083107026967689,True,ok,0.0014308768662689708,0.5990915673037192,0.0018575016867766394,2.288661821186754,2.3645012436547455,0.326226791238746,0.3263449502680955,0.3065879480107268,0.31831892403192524,0.31831892403192497,800.0000000000005,800.0000000000005,0.00125,1.0217204859941376e-10,12.205514818712802,8,1.1740174804542036e-14,1.192622389734055e-16,1.9051427102567686e-13,0.0003705824218003251,0.950978443545767,1.0950667720523064,0.2014062290041921,2.1322921206490264e-10,0.001216708216816187,not_checked,0.001,not_checked,not_checked,,-0.002209759541035643,0.0050715132735735845,0.001300045795999294,True
local_b1_n800,463,2035192064,local,1,0.035355339059327376,800,0.00013083107026967689,True,ok,0.0019546763113416077,0.5487905167887734,0.002218054116925147,3.155589082494528,3.0667082454076438,0.21822358046094742,0.2152628967429835,0.21581059678560108,0.20935141048858985,0.20935141048858957,800.0000000000005,800.0000000000005,0.00125,5.83211257065841e-12,9.315023811817865,9,1.474514954580286e-16,1.3357370765021415e-16,2.1538326677728037e-13,-0.014053492173977,0.9637402143760994,1.0917428620888818,0.22471438302999958,1.1280532064006366e-11,0.0013297921977937222,not_checked,0.001,not_checked,not_checked,,-0.0023926298735924747,0.00630198249627569,0.0018238452410719308,True
local_b1_n800,464,2035192065,local,1,0.035355339059327376,800,0.00013083107026967689,True,ok,0.001903182766856304,0.5756413972107597,0.002311842462964449,3.1381653090494854,2.620085423190626,0.24025109136903872,0.2300768329384672,0.2698085321857414,0.2181557081717582,0.21815570817175797,800.0000000000005,800.0000000000005,0.00125,2.238753626926382e-11,8.807248614996594,9,-7.37257477290143e-17,-1.6609977282477928e-16,-2.651212582804874e-13,-0.04653644103969867,0.9206653593382988,1.2206275479613418,0.20548972776959007,4.50559589637578e-11,0.0013605421409010887,not_checked,0.001,not_checked,not_checked,,-0.00262794519848439,0.006434310732196998,0.001772351696586627,True
local_b1_n800,465,2035192066,local,1,0.035355339059327376,800,0.00013083107026967689,True,ok,0.0007905622440957938,0.5725828785942324,0.0013743483226339964,1.2901423296402028,1.2958498014388329,0.543605848674767,0.5370370007375533,0.5231301983288823,0.5312886569981691,0.5312886569981687,800.0000000000005,800.0000000000005,0.00125,4.9816595293350474e-11,9.388750972953396,8,-4.678124857979138e-12,5.0523821237824507e-17,8.104628079763643e-14,-0.012621369543466043,0.9777967853940722,1.0999013404128828,0.20827002416101303,9.510969789516821e-11,0.0012229997664690018,not_checked,0.001,not_checked,not_checked,,-0.0019031109704798735,0.003484235458671461,0.0006597311738261169,True
local_b1_n800,466,2035192067,local,1,0.035355339059327376,800,0.00013083107026967689,True,ok,0.0016812696732415588,0.5417097188274451,0.0019861960609698203,2.6967993417077714,2.8454711688026415,0.2652316829473123,0.2643494259174789,0.2410536914026845,0.26053560736375697,0.2605356073637568,800.0000000000005,800.0000000000005,0.00125,1.01491592907621e-10,9.524139137693183,8,-2.4468619404943714e-12,-1.1666015375944028e-16,-1.8385293287792592e-13,-0.003383932260637934,0.9336516613418879,1.0954366782260634,0.22377027865124938,1.912119351743513e-10,0.001229416811838746,not_checked,0.001,not_checked,not_checked,,-0.0022116030724946105,0.005574142418977728,0.001550438602971882,True
local_b1_n800,467,2035192068,local,1,0.035355339059327376,800,0.00013083107026967689,True,ok,0.0027052124255355636,0.6118673042462508,0.0025957875627362756,4.457825205581255,4.271282015906837,0.12213650043201027,0.11472794218085275,0.1181688189413961,0.11484522342105481,0.11484522342105469,800.0000000000005,800.0000000000005,0.00125,1.214155442852416e-10,10.440681413699537,9,-3.122502256758253e-16,-1.8388068845354155e-16,-2.957634137601417e-13,-0.06474266236217519,0.9283353145219942,1.129683134538426,0.17916643552148737,2.580657909589945e-10,0.001341208815574646,not_checked,0.001,not_checked,not_checked,,-0.0023824377089445422,0.0077928625600156695,0.0025743813552658867,True
local_b1_n800,468,2035192069,local,1,0.035355339059327376,800,0.00013083107026967689,True,ok,0.0010372651065120309,0.5798757816719848,0.0016851470601802032,1.698469622688073,1.4796912455476507,0.45301840106207003,0.4447197266052271,0.47718757672954215,0.4361312341311294,0.4361312341311294,800.0000000000005,800.0000000000005,0.00125,1.6470558250603062e-10,9.445612215426893,8,-1.7902204241596054e-11,4.597017211338539e-17,7.394085344003543e-14,-0.019422726134411428,0.9369933441275244,1.1665405103438868,0.2080982365917321,3.159184025491868e-10,0.001223500119522214,not_checked,0.001,not_checked,not_checked,,-0.0022655624400947185,0.00434009265311878,0.000906434036242354,True
local_b1_n800,469,2035192070,local,1,0.035355339059327376,800,0.00013083107026967689,True,ok,0.001561888531757205,0.5933137357775922,0.0019309472411946982,2.5444745540598053,2.5761431174982317,0.2978052539948048,0.29132489086326196,0.2758021388024925,0.28664498201265287,0.2866449820126528,800.0000000000005,800.0000000000005,0.00125,5.193567798045251e-11,10.410904522972222,9,-2.7321894746634712e-17,-4.83554168928535e-17,-7.72715225139109e-14,-0.02272645162413789,0.962688917314045,1.1022340050948718,0.19556916288952395,1.0735945465967234e-10,0.001349167199805379,not_checked,0.001,not_checked,not_checked,,-0.0022226985170313803,0.00534647558054579,0.0014310574614875282,True
local_b1_n800,470,2035192071,local,1,0.035355339059327376,800,0.00013083107026967689,True,ok,0.005528798907432186,0.5808225832194918,0.0037786162908765917,9.224283376810286,8.070377763898314,0.016986916571815815,0.014278574973268149,0.01768233992290825,0.011997714256700898,0.01199771425670087,800.0000000000005,800.0000000000005,0.00125,2.87285750744104e-11,8.350893732971931,9,-9.416079027602109e-15,1.1015494072452725e-16,1.7053025658242404e-13,-0.18910256245939117,1.0242004831953342,1.1430656705469875,0.22133754353557095,5.831690685909052e-11,0.001346709206700325,not_checked,0.001,not_checked,not_checked,,-0.0018771529340822586,0.012934750748946632,0.0053979678371625095,True
local_b1_n800,471,2035192072,local,1,0.035355339059327376,800,0.00013083107026967689,True,ok,0.0013169910021741948,0.5767018949781471,0.0017362290302855611,2.111060688887319,2.2884509787509995,0.3592951334083753,0.35862187411438096,0.3184704810663308,0.34868274799256943,0.34868274799256926,800.0000000000005,800.0000000000005,0.00125,5.7577831391597556e-11,10.965812431157328,8,-9.964073836854492e-13,-4.553649124439119e-18,-5.329070518200751e-15,-0.001937542704302908,0.910563191201161,1.1550874967707758,0.20437554541703892,1.1503531460732574e-10,0.0012270419392734766,not_checked,0.001,not_checked,not_checked,,-0.0020859553660984077,0.004719937370446797,0.001186159931904518,True
local_b1_n800,472,2035192073,local,1,0.035355339059327376,800,0.00013083107026967689,True,ok,0.0018810682407996993,0.5899342400705438,0.002120283296904414,3.0822955918870614,3.07437677227351,0.24091309780565234,0.23281480474539112,0.21498470645827128,0.22204957912777626,0.222049579127776,800.0000000000005,800.0000000000005,0.00125,4.4318548830801774e-11,9.83945840427968,9,9.324138683375338e-18,2.862293735361732e-17,4.440892098500626e-14,-0.036293203303770394,0.9495946178846008,1.1682191176613321,0.20567043222956513,9.116707389011935e-11,0.0013435001019388437,not_checked,0.001,not_checked,not_checked,,-0.0022746106581547987,0.006036747139754197,0.0017502371705300224,True
local_b1_n800,473,2035192074,local,1,0.035355339059327376,800,0.00013083107026967689,True,ok,0.0004891717856181366,0.5710153368224276,0.001110438329573464,0.7880007527052441,0.7777559817377243,0.6778884339394893,0.6760981561649899,0.6778169648280565,0.6761519646028327,0.6761519646028324,800.0000000000005,800.0000000000005,0.00125,1.7857604284188255e-11,10.271963779267805,8,-8.357268869996215e-14,1.1015494072452725e-16,1.7630341631047486e-13,-0.002662947858112552,0.9444480134739827,1.071999676933672,0.201071219740374,3.569700091077266e-11,0.001226416090503335,not_checked,0.001,not_checked,not_checked,,-0.0016872473473986717,0.002665590918634945,0.0003583407153484597,True
local_b1_n800,474,2035192075,local,1,0.035355339059327376,800,0.00013083107026967689,True,ok,0.001196281225777307,0.6236235246201491,0.0017262051968654935,1.9694808200880132,1.8798552805081918,0.3971019960047414,0.3866378440955887,0.3906561021121059,0.3840336958549777,0.38403369585497743,800.0000000000005,800.0000000000005,0.00125,8.257283745649602e-16,11.018549342452166,10,-2.3809079707781677e-16,-2.747368305078268e-16,-4.405364961712621e-13,-0.02771542942216043,0.9541920630339475,1.121921722332618,0.18274595345920677,4.440892098500626e-16,0.0014536669477820396,not_checked,0.001,not_checked,not_checked,,-0.002187018790004934,0.004579581241559548,0.0010654501555076301,True
local_b1_n800,475,2035192076,local,1,0.035355339059327376,800,0.00013083107026967689,True,ok,0.0006754840660150307,0.6233889474636223,0.0012867951070553091,1.0737163309279893,1.1076084890486986,0.5766281988404593,0.5787036307279099,0.5747591218230172,0.5825226251647606,0.5825226251647605,800.0000000000005,800.0000000000005,0.00125,8.969269771341715e-12,14.024210263343637,9,4.1172783498549803e-13,-5.5294310796760726e-18,-9.992007221626409e-15,0.0035290873480302576,0.9105668490982768,1.0564104559499978,0.1734947336308576,1.9833024111903796e-11,0.0013480840716511011,not_checked,0.001,not_checked,not_checked,,-0.0018465879992957384,0.0031975561313258,0.0005446529957453539,True
local_b1_n800,476,2035192077,local,1,0.035355339059327376,800,0.00013083107026967689,True,ok,0.0019277841819116404,0.5682809263198585,0.0022774016310348815,3.0332742108594366,2.916815569199365,0.2036171474120801,0.20905268157197554,0.23260633943607734,0.21390413202416877,0.21390413202416866,800.0000000000005,800.0000000000005,0.00125,1.561006879313709e-11,12.195245144618267,9,-2.445960101127298e-16,-1.8388068845354155e-16,-2.9531932455029164e-13,0.025590240099594874,0.8938272417593011,1.0454416145019496,0.19495379338200236,3.1074032236233506e-11,0.0013532498851418495,not_checked,0.001,not_checked,not_checked,,-0.0025358409932495045,0.006391409357072785,0.0017969531116419635,True
local_b1_n800,477,2035192078,local,1,0.035355339059327376,800,0.00013083107026967689,True,ok,0.00023917990525035293,0.5922679350618143,0.0007787243435390393,0.38655071307576333,0.37664877397675245,0.8263825538858343,0.8247939576916663,0.8283459589948495,0.82584851001496,0.8258485100149598,800.0000000000005,800.0000000000005,0.00125,4.9460546769353186e-11,10.931631246726118,8,-1.9408140459337142e-14,3.323079658668071e-17,5.3512749786932545e-14,-0.0019314323375992093,0.9191484745642142,1.0945554323883826,0.18717055151965464,1.0207656941929599e-10,0.0012305420823395252,not_checked,0.001,not_checked,not_checked,,-0.0012870917619707603,0.0017654515724714662,0.00010834883498067605,True
local_b1_n800,478,2035192079,local,1,0.035355339059327376,800,0.00013083107026967689,True,ok,0.001829758141703941,0.6323720395755625,0.0021438410048569027,3.0373827887794347,2.788722326329626,0.25608561179347866,0.24333506562844182,0.2479914118224875,0.23135394461266173,0.23135394461266154,800.0000000000005,800.0000000000005,0.00125,6.661338147750939e-16,10.847043572445845,10,-1.0625181290357943e-16,1.5395670849294163e-16,2.495781359357352e-13,-0.05488488102656364,1.0578813018772268,1.091313051322968,0.19931304949218076,1.3322676295501878e-15,0.001451876014471054,not_checked,0.001,not_checked,not_checked,,-0.002372093016395747,0.006031609299803629,0.0016989270714342641,True
local_b1_n800,479,2035192080,local,1,0.035355339059327376,800,0.00013083107026967689,True,ok,0.00011546830534370223,0.6082285327516552,0.0005186266937555902,0.18332214594013066,0.20058246261627038,0.9110145401897294,0.9116704768306806,0.9045739394195287,0.9117634985754363,0.9117634985754361,800.0000000000005,800.0000000000005,0.00125,1.0306588915653947e-10,13.222610947421096,8,8.368685518872487e-16,-1.9743321560961036e-16,-3.1596947280831955e-13,0.000713571304896507,0.8952942324526858,1.0968129858340958,0.18153210102190015,2.1787482928914415e-10,0.0012289576698094606,not_checked,0.001,not_checked,not_checked,,-0.0009010213358383388,0.0011319579465257433,-1.536276492597466e-05,True
local_b1_n800,480,2035192081,local,1,0.035355339059327376,800,0.00013083107026967689,True,ok,0.0007928502168628171,0.5720450211987382,0.0014141018357052308,1.2887455413136706,1.237093462071787,0.5361168299454657,0.5308255636384327,0.5387267838923492,0.5303170872565539,0.5303170872565537,800.0000000000005,800.0000000000005,0.00125,3.013933547180159e-11,9.648355360021595,8,-2.5513766446771946e-12,-6.787105599759258e-17,-1.092459456231154e-13,-0.010092597166581285,0.9935357802623603,1.0417529299394395,0.21554132441592164,5.751976672740966e-11,0.0012322498951107264,not_checked,0.001,not_checked,not_checked,,-0.001978738451591412,0.0035644388853170463,0.0006620191465931402,True
local_b1_n800,481,2035192082,local,1,0.035355339059327376,800,0.00013083107026967689,True,ok,0.001890711999723127,0.6014645782852968,0.002193283333422659,2.990996085300865,3.0194630629076897,0.21009786967870808,0.21381374841662748,0.22096929330178772,0.22034305642161503,0.2203430564216149,800.0000000000005,800.0000000000005,0.00125,7.573919269532325e-11,13.363520069598776,9,2.2659825404947043e-16,1.975416358268589e-16,3.148592497836944e-13,0.01707155712806996,0.8674306953786787,1.073933937266245,0.17269240133198205,1.5850099011061047e-10,0.0013432910200208426,not_checked,0.001,not_checked,not_checked,,-0.00240804434167724,0.006189468341123494,0.00175988092945345,True
local_b1_n800,482,2035192083,local,1,0.035355339059327376,800,0.00013083107026967689,True,ok,7.555608800058344e-05,0.6084689888005368,0.00043798737586757755,0.12133275759980688,0.11861530570089121,0.9417353621115812,0.9415282129058429,0.9424167873415875,0.9413456635973853,0.9413456635973853,800.0000000000005,800.0000000000005,0.00125,1.041643438171036e-10,12.221875606725037,8,-1.9140234102515974e-16,-1.5460722979643293e-16,-2.475797344914099e-13,-0.00022150839943665263,0.9823299464791063,1.0320548165034023,0.19607542479768042,2.2033463942250364e-10,0.0012293749023228884,not_checked,0.001,not_checked,not_checked,,-0.0007828833943830762,0.0009339955703842431,-5.527498226909344e-05,True
local_b1_n800,483,2035192084,local,1,0.035355339059327376,800,0.00013083107026967689,True,ok,0.0019361608197419056,0.5456573887516076,0.002237368968388382,3.182766923051893,2.920046043694981,0.22790679353694762,0.21887028470513836,0.232230928283203,0.21247548631417001,0.2124754863141698,800.0000000000005,800.0000000000005,0.00125,4.963696120796612e-12,7.922889156935366,9,1.3552527156068805e-16,1.3227266504323154e-16,2.1183055309847987e-13,-0.04245480573242122,0.9746684394807656,1.1214878426263342,0.22822165017470103,9.546807788751721e-12,0.0013404171913862228,not_checked,0.001,not_checked,not_checked,,-0.002449001778426858,0.006321323417910669,0.0018053297494722287,True
local_b1_n800,484,2035192085,local,1,0.035355339059327376,800,0.00013083107026967689,True,ok,0.00045749413748574774,0.5486329800906025,0.0010374900621992074,0.736988365664234,0.7729189229111905,0.6986170066114485,0.6969090722291447,0.6794582690655537,0.6935060537534279,0.6935060537534277,800.0000000000005,800.0000000000005,0.00125,5.788480805790641e-12,9.392489373640036,8,-5.347436903002656e-14,-9.389190813724468e-17,-1.509903313490213e-13,-0.0024988728435185736,0.9533890098458829,1.091382418512195,0.22067829273155742,1.1189493775987103e-11,0.0012325828429311514,not_checked,0.001,not_checked,not_checked,,-0.0015759490187429192,0.0024909372937144147,0.00032666306721607086,True
local_b1_n800,485,2035192086,local,1,0.035355339059327376,800,0.00013083107026967689,True,ok,0.000969797464487776,0.5764466947472304,0.0015901814595534343,1.5348666008565566,1.504753533731309,0.45350893481979393,0.4574092382381183,0.4712451807178385,0.4603178860260744,0.46031788602607426,800.0000000000005,800.0000000000005,0.00125,3.037203821776302e-11,12.006486804877182,8,2.2151367112116516e-12,2.6964108029714495e-16,4.3143266736933583e-13,0.00840467116194299,0.9429515395823467,1.0202772974677794,0.19894139215751724,6.344769154509322e-11,0.001227041007950902,not_checked,0.001,not_checked,not_checked,,-0.0021469009251202918,0.004086495854095843,0.0008389663942180992,True
local_b1_n800,486,2035192087,local,1,0.035355339059327376,800,0.00013083107026967689,True,ok,0.0009575493503770627,0.5896403767982255,0.00148006587707992,1.5638292346526863,1.6721507345841666,0.4671670357033577,0.4598811405589106,0.43340815778632535,0.46485047683343605,0.46485047683343583,800.0000000000005,800.0000000000005,0.00125,1.0457079646641887e-10,10.038677215893342,8,-1.0615953862508354e-11,2.458970527197124e-16,3.934630399271555e-13,-0.015875137024692565,0.8791717522500284,1.144711578997633,0.17882667575437555,2.0482815443756408e-10,0.0012221240904182196,not_checked,0.001,not_checked,not_checked,,-0.001943326463446267,0.0038584251642003924,0.0008267182801073858,True
local_b1_n800,487,2035192088,local,1,0.035355339059327376,800,0.00013083107026967689,True,ok,0.003950688976045447,0.5761423199868443,0.003033582905821906,6.257252509670435,6.825749633175233,0.040699507205553945,0.042018686003182426,0.03294634938989074,0.04240236326835242,0.04240236326835235,800.0000000000005,800.0000000000005,0.00125,2.2927881815348883e-11,12.128039132056857,9,8.500145032286355e-17,-8.673617379884035e-19,0.0,0.03192492600114161,0.8518796906952619,1.1120419611945718,0.18512152622699324,4.6199488679121714e-11,0.0013393331319093704,not_checked,0.001,not_checked,not_checked,,-0.0019950242634818524,0.009896402215572746,0.0038198579057757698,True
local_b1_n800,488,2035192089,local,1,0.035355339059327376,800,0.00013083107026967689,True,ok,0.001574660072918066,0.5450589660594607,0.0019434860286307186,2.4503465678929315,2.6867328987151264,0.26593218328825796,0.2757661119075414,0.26096566047999786,0.2837311743375562,0.283731174337556,800.0000000000005,800.0000000000005,0.00125,4.814704190891916e-12,12.02706005243146,9,-9.063930161978817e-17,-1.5569143196891844e-16,-2.5135449277513544e-13,0.03455477438798771,0.911932537847852,0.9907933257147857,0.20538911494899206,9.246159393683229e-12,0.0013316660188138485,not_checked,0.001,not_checked,not_checked,,-0.002234502547654923,0.005383822693491054,0.001443829002648389,True
local_b1_n800,489,2035192090,local,1,0.035355339059327376,800,0.00013083107026967689,True,ok,0.0009674235142913545,0.5651882721318637,0.0016161927213250158,1.5124960351491876,1.4701766586531602,0.4507303441571977,0.4590085366402036,0.4794631064511239,0.46119293408002204,0.4611929340800217,800.0000000000005,800.0000000000005,0.00125,1.0386302928822033e-10,12.485366520517449,8,1.1471147924775604e-11,2.231288070975168e-16,3.5726976932437537e-13,0.01769079385849026,0.907738819619709,1.037265061637095,0.20519136968575313,2.1711521469569561e-10,0.001225791173055768,not_checked,0.001,not_checked,not_checked,,-0.0022002560115814565,0.004135103040164166,0.0008365924440216777,True
local_b1_n800,490,2035192091,local,1,0.035355339059327376,800,0.00013083107026967689,True,ok,0.001226700158585503,0.5506410588006758,0.0017359090793125848,2.0054537894322633,1.9542865066256538,0.3887539594303787,0.38084055108631265,0.37638480050631884,0.37480097513696886,0.37480097513696864,800.0000000000005,800.0000000000005,0.00125,1.830693374671455e-10,8.449972622911782,8,-1.996176054314125e-11,1.2728533504979822e-16,2.0383694732117874e-13,-0.021366767847728618,1.0057279726686001,1.0722064611622684,0.22847431568706064,3.345530519283102e-10,0.0012288328725844622,not_checked,0.001,not_checked,not_checked,,-0.0021756191173032476,0.004629019434474253,0.0010958690883158262,True
local_b1_n800,491,2035192092,local,1,0.035355339059327376,800,0.00013083107026967689,True,ok,0.0005208520813912987,0.5047236994150348,0.0011334477807567573,0.8369728796524218,0.8397900878437725,0.6622095431027522,0.6610284310986232,0.6571157844914695,0.6592307426893541,0.659230742689354,800.0000000000005,800.0000000000005,0.00125,7.914779942552741e-13,8.096510977654738,8,-2.8449465006019636e-14,1.48318857196017e-16,2.375877272697835e-13,-0.0018047747131717529,0.9925051115772223,1.0296419885810637,0.24659789339489907,1.4024337247064977e-12,0.0012236239854246378,not_checked,0.001,not_checked,not_checked,,-0.0017006647472487969,0.0027423689100313942,0.0003900210111216218,True
local_b1_n800,492,2035192093,local,1,0.035355339059327376,800,0.00013083107026967689,True,ok,0.0006437723885974744,0.6197061612628953,0.001256174296456343,1.0466516156314438,1.0352398886118488,0.6074029804127137,0.6025396172362949,0.5959372252022419,0.597489892953833,0.5974898929538327,800.0000000000005,800.0000000000005,0.00125,1.7194312640356202e-10,11.784838272734255,8,-1.936931626374261e-12,1.3769367590565906e-16,2.2115642650533118e-13,-0.008307896937742032,0.974496139545975,1.094112073848529,0.19783361749060804,3.700109107995786e-10,0.001226167194545269,not_checked,0.001,not_checked,not_checked,,-0.0018182839907618987,0.0031058287679568476,0.0005129413183277975,True
local_b1_n800,493,2035192094,local,1,0.035355339059327376,800,0.00013083107026967689,True,ok,0.001426998429013171,0.566303292659291,0.0019058512327069896,2.334144843804215,2.1819286219627037,0.3394718150633048,0.3313920153413028,0.3358924327226349,0.3193081218343341,0.31930812183433394,800.0000000000005,800.0000000000005,0.00125,1.4157897076927384e-11,8.994235264511182,9,1.0430024899310553e-16,4.7704895589362195e-18,7.549516567451064e-15,-0.025473678691570134,1.0018307047710016,1.1128685816273574,0.22893308875862253,2.809219523669526e-11,0.0013275430537760258,not_checked,0.001,not_checked,not_checked,,-0.002308401346983794,0.005162398205010136,0.001296167358743494,True
local_b1_n800,494,2035192095,local,1,0.035355339059327376,800,0.00013083107026967689,True,ok,0.0010325837070341848,0.5845619670079154,0.0015902753941990386,1.683632835373367,1.6714859993954072,0.44600316339993695,0.43920410685089195,0.43355223255467934,0.4377676601493816,0.4377676601493814,800.0000000000005,800.0000000000005,0.00125,1.0533884875485455e-10,9.943128594457974,8,-1.0435772471867333e-11,-7.871307772244762e-17,-1.2634338020234281e-13,-0.0157494520593352,0.9228619796097675,1.1295162683011075,0.19011749898530003,2.0393309263511128e-10,0.001221334096044302,not_checked,0.001,not_checked,not_checked,,-0.0020842987910961682,0.004149466205164537,0.0009017526367645079,True
local_b1_n800,495,2035192096,local,1,0.035355339059327376,800,0.00013083107026967689,True,ok,0.0001350378802806862,0.5811184882456442,0.0005810671184986817,0.217945503432623,0.21578686167793923,0.8984405388459877,0.8976017006971706,0.8977232609476573,0.8976003949343535,0.8976003949343535,800.0000000000005,800.0000000000005,0.00125,2.916222818782899e-11,10.548386237519576,8,-1.890143857402604e-15,1.4512046078718477e-16,2.3159252293680765e-13,-0.0009424474917624909,0.9248331619453929,1.0998076330823365,0.19758487039834202,5.91779958369898e-11,0.0012221240904182196,not_checked,0.001,not_checked,not_checked,,-0.0010038327445771977,0.00127390850513857,4.20681001100931e-06,True
local_b1_n800,496,2035192097,local,1,0.035355339059327376,800,0.00013083107026967689,True,ok,0.001591561814767939,0.5895795488230933,0.001982163406147312,2.533312241019699,2.5858251447795526,0.2775128752496039,0.27936094199472583,0.274470203446244,0.27992055399255844,0.2799205539925582,800.0000000000005,800.0000000000005,0.00125,1.503662749868795e-10,12.180152646613084,8,5.851266953599277e-12,-1.3183898417423734e-16,-2.0872192862952943e-13,0.006593331304502348,0.9746353486457925,1.012013123529042,0.20486562024979518,3.1571412151265577e-10,0.0012240828946232796,not_checked,0.001,not_checked,not_checked,,-0.002293407072754032,0.00547653070228991,0.001460730744498262,True
local_b1_n800,497,2035192098,local,1,0.035355339059327376,800,0.00013083107026967689,True,ok,0.00203061076564115,0.6461914730180747,0.002348178149376819,3.36569093639448,2.8534191395900383,0.22449549577033234,0.21279649003829804,0.24009764846249004,0.19701239912323426,0.19701239912323412,800.0000000000005,800.0000000000005,0.00125,8.881784197001252e-16,11.69787663493637,10,7.32920668600201e-17,1.4354836763708079e-16,2.3359092438113294e-13,-0.05835685568431925,0.9971164276909592,1.1796436946204474,0.18688367185418933,1.9984014443252818e-15,0.00144341797567904,not_checked,0.001,not_checked,not_checked,,-0.0025717338364213303,0.00663295536770363,0.001899779695371473,True
local_b1_n800,498,2035192099,local,1,0.035355339059327376,800,0.00013083107026967689,True,ok,0.0019029817981899289,0.61658103763555,0.0021585776162028644,3.062992349915828,3.0522768016855464,0.2255211418965441,0.22352059483321984,0.21737345783090675,0.2181907849608036,0.21819078496080335,800.0000000000005,800.0000000000005,0.00125,1.497715285125878e-10,12.579122421435052,9,1.7954387976359953e-16,2.3288662664988635e-16,3.7214675785435247e-13,-0.009110736405969933,0.9935990669530192,1.0509805277356583,0.1988381479491204,3.207316634501467e-10,0.0013413738925009966,not_checked,0.001,not_checked,not_checked,,-0.0023277525874020088,0.0061337161837818665,0.001772150727920252,True
local_b1_n800,499,2035192100,local,1,0.035355339059327376,800,0.00013083107026967689,True,ok,0.0030704865701061124,0.566287378676458,0.002861149835114191,5.033324230761837,4.440493011460435,0.09580097810684111,0.0904706115454967,0.10858233935682798,0.08574399229545202,0.08574399229545192,800.0000000000005,800.0000000000005,0.00125,1.4146905868983595e-11,8.912706398541328,9,3.209238430557093e-17,-5.204170427930421e-18,-8.881784197001252e-15,-0.060272859296027104,0.9482577493119702,1.1446938154189512,0.21222940570821153,2.8068214419363358e-11,0.001336415996775031,not_checked,0.001,not_checked,not_checked,,-0.0025372640610904157,0.00867823720130264,0.0029396554998364355,True
local_b1_n800,500,2035192101,local,1,0.035355339059327376,800,0.00013083107026967689,True,ok,0.0020236247915161876,0.5760330341389635,0.0022604514508508208,3.3105367384528286,3.138086215808636,0.21768727491958195,0.21038744386634378,0.20824435442545414,0.1981165404685028,0.19811654046850258,800.0000000000005,800.0000000000005,0.00125,2.281652644597898e-11,9.38901736991755,9,-1.947227101783966e-16,-9.107298248878237e-17,-1.4654943925052066e-13,-0.03636853601346335,0.9530676270596284,1.1731964649949007,0.2145118612947064,4.59448035172727e-11,0.0013285418972373009,not_checked,0.001,not_checked,not_checked,,-0.0024067786409527336,0.006454028223985109,0.0018927937212465107,True
local_b1_n800,501,2035192102,local,1,0.035355339059327376,800,0.00013083107026967689,True,ok,0.0007978266528436695,0.5788100837083185,0.001399276139303397,1.3023938618009565,1.2832914573398038,0.5396279155416128,0.5329339197077878,0.5264253574572471,0.5282100130999985,0.5282100130999983,800.0000000000005,800.0000000000005,0.00125,5.523315138589169e-11,9.617172239785926,8,-5.250018735719619e-12,5.0523821237824507e-17,8.126832540256146e-14,-0.012935608625542327,0.9345403466186369,1.1419748138629602,0.19806144873737117,1.0647238646299684e-10,0.0012161671184003353,not_checked,0.001,not_checked,not_checked,,-0.0019447041846172401,0.003540357490304579,0.0006669955825739926,True
local_b1_n800,502,2035192103,local,1,0.035355339059327376,800,0.00013083107026967689,True,ok,0.00018371013060103358,0.551562796134943,0.0006695948072775377,0.29327106119296775,0.3091029842362837,0.8599515261926683,0.8602448641804137,0.8567993725916846,0.8633215130650578,0.8633215130650577,800.0000000000005,800.0000000000005,0.00125,6.735723090400825e-12,10.189048710024146,8,3.918848752448856e-16,6.732895491134983e-17,1.0769163338864018e-13,0.00033257388434307367,0.8208056428835406,1.1534424698844858,0.1851188319560155,1.3067102955233167e-11,0.0012252919841557741,not_checked,0.001,not_checked,not_checked,,-0.0011286715758979788,0.001496091837100046,5.28790603313567e-05,True
local_b1_n800,503,2035192104,local,1,0.035355339059327376,800,0.00013083107026967689,True,ok,0.003571010229661997,0.5063035447412465,0.002957447312788746,5.7893663120285,5.699488229877242,0.06283072133707687,0.060580616673907406,0.05785912426633853,0.05745184365510631,0.057451843655106215,800.0000000000005,800.0000000000005,0.00125,5.856426454897701e-13,7.66405705185643,9,1.6393136847980827e-16,1.5092094240998222e-16,2.4780177909633494e-13,-0.03787497228465053,0.9351695488565904,1.1260902178274228,0.2386744608269584,1.0584866316776242e-12,0.0013332078233361244,not_checked,0.001,not_checked,not_checked,,-0.0022254799895787087,0.009367500448902704,0.0034401791593923203,True
local_b1_n800,504,2035192105,local,1,0.035355339059327376,800,0.00013083107026967689,True,ok,0.000388268841591044,0.6175300637445358,0.0009885180313930824,0.6191698057847862,0.6292809756676456,0.7265768374967254,0.727345496173921,0.7300512894159898,0.7329959713130739,0.7329959713130738,800.0000000000005,800.0000000000005,0.00125,1.562813212174774e-10,13.361248946438717,8,1.93982200094589e-14,-3.810970636286548e-17,-6.061817714453355e-14,0.0010301703804422857,0.8326959980864068,1.1314220940981787,0.16096142417103573,3.349887034431731e-10,0.0012170840054750443,not_checked,0.001,not_checked,not_checked,,-0.0015491908980078321,0.00232572858118992,0.00025743777132136714,True
local_b1_n800,505,2035192106,local,1,0.035355339059327376,800,0.00013083107026967689,True,ok,0.00032505561114137826,0.6542456310673452,0.0008553589931525502,0.5234601816351346,0.5745887829565058,0.7774799660917517,0.7762139216653885,0.7502908170986315,0.7710172833196136,0.7710172833196135,800.0000000000005,800.0000000000005,0.00125,9.031664305325648e-13,14.590793465163754,9,-3.801754917820421e-14,-2.34783980451736e-16,-3.7569947153315297e-13,-0.0016856019044645398,0.9053711246432485,1.176446362775481,0.1718087885834207,2.014610700484809e-12,0.0013292920775711536,not_checked,0.001,not_checked,not_checked,,-0.0013514172092900629,0.0020015284315728194,0.00019422454087170138,True
local_b1_n800,506,2035192107,local,1,0.035355339059327376,800,0.00013083107026967689,True,ok,0.0010443097534029722,0.5752593789301079,0.0016020810629694517,1.7089492731622735,1.6634752077780885,0.4464259393148996,0.4383032608630498,0.4352922632793709,0.43368023475437667,0.43368023475437645,800.0000000000005,800.0000000000005,0.00125,1.5230339212024546e-10,9.30353609105421,8,-1.6355349800184493e-11,2.0686577451023425e-16,3.3018032752352156e-13,-0.019026833858758585,0.9998875251618493,1.0727091439738292,0.21234002613483377,2.900508722092354e-10,0.0012181662023067474,not_checked,0.001,not_checked,not_checked,,-0.0020957114303307997,0.004184330937136744,0.0009134786831332953,True
local_b1_n800,507,2035192108,local,1,0.035355339059327376,800,0.00013083107026967689,True,ok,0.0003580299686813948,0.5584823487066759,0.0009493527054347438,0.5769430969783437,0.5693051824751618,0.7542756999805635,0.7527572856702085,0.752275556047424,0.7509441669324943,0.7509441669324942,800.0000000000005,800.0000000000005,0.00125,9.57367518594765e-12,9.737795994337135,8,-2.6517470944759092e-14,-2.6291902682773483e-16,-4.2077452633293433e-13,-0.002047573544055825,0.9411344415848897,1.0952787314559074,0.20589668166411657,1.8775647703250797e-11,0.0012265420518815517,not_checked,0.001,not_checked,not_checked,,-0.001502667142596366,0.002218727079959156,0.00022719889841171792,True
local_b1_n800,508,2035192109,local,1,0.035355339059327376,800,0.00013083107026967689,True,ok,0.0007713971330562952,0.5967506099211268,0.0013136230652029822,1.2315693701830859,1.383538179726323,0.5449913312568342,0.5457044057939704,0.5006895203500574,0.5394971880464211,0.5394971880464209,800.0000000000005,800.0000000000005,0.00125,6.081901648968824e-11,12.203826026789399,8,1.3968849948281514e-13,1.4669255393728875e-16,2.347011474057581e-13,0.0013330213534935575,0.886593724129291,1.159513592201135,0.19149079614250059,1.2663359250097983e-10,0.0012167079839855433,not_checked,0.001,not_checked,not_checked,,-0.001803256764002661,0.0033460510301152515,0.0006405660627866183,True
local_b1_n800,509,2035192110,local,1,0.035355339059327376,800,0.00013083107026967689,True,ok,0.0017112447946567855,0.5595625231776922,0.0020260700027954367,2.7562789720040985,2.8226232021543063,0.2634061410229172,0.2610738504503972,0.24382327446801744,0.2543622528402506,0.25436225284025044,800.0000000000005,800.0000000000005,0.00125,1.589247622391099e-10,9.889120516295108,8,-8.728066446667126e-12,-4.2500725161431774e-17,-6.661338147750939e-14,-0.009143650276620008,0.9509022682209067,1.1033573747236765,0.22041029349358293,3.028104433866474e-10,0.0012194158043712378,not_checked,0.001,not_checked,not_checked,,-0.0022597794409792375,0.005682269030292808,0.0015804137243871086,True
local_b1_n800,510,2035192111,local,1,0.035355339059327376,800,0.00013083107026967689,True,ok,0.0005043879652131267,0.5731414616064636,0.0011460356641799134,0.819954996262073,0.763914946774045,0.675876944469157,0.6716489658588747,0.6825240780255362,0.6679710984529355,0.6679710984529355,800.0000000000005,800.0000000000005,0.00125,1.9820478591725532e-11,9.683381184108637,8,-6.299203780119056e-13,3.3393426912553537e-17,5.417888360170764e-14,-0.006467125960534947,0.9567520477063471,1.1077650498909333,0.21080604750568396,3.9741543389482104e-11,0.0012167079839855433,not_checked,0.001,not_checked,not_checked,,-0.0017418006615779438,0.002750576592004197,0.0003735568949434498,True
local_b1_n800,511,2035192112,local,1,0.035355339059327376,800,0.00013083107026967689,True,ok,0.0024380055736559214,0.5854875284500818,0.0025532653301914205,4.01499070566889,3.536935576299406,0.1638334116507646,0.15545903753276613,0.17059417509463434,0.14221653920402882,0.14221653920402863,800.0000000000005,800.0000000000005,0.00125,3.592470765312328e-11,9.310820185141095,9,-1.93421667571414e-16,-2.688821387764051e-16,-4.2943426592501055e-13,-0.057090893909706564,0.9285405250999382,1.2298329448009597,0.20515504782238356,7.338463170469822e-11,0.00132920709438622,not_checked,0.001,not_checked,not_checked,,-0.002566302516494032,0.007442313663805875,0.0023071745033862445,True
local_b1_n800,512,2035192113,local,1,0.035355339059327376,800,0.00013083107026967689,True,ok,9.23265671566309e-05,0.5885533968631997,0.00046599104590008746,0.14671584280791944,0.1579866358323503,0.927461102053278,0.9279371376609216,0.9240460989779489,0.9288005525183466,0.9288005525183466,800.0000000000005,800.0000000000005,0.00125,4.1529002459128606e-11,12.14558044198095,8,4.308348382914273e-16,1.0863705768304754e-16,1.7386092565629951e-13,0.000503332321345043,0.926495625869824,1.0382357396842758,0.1918575255782951,8.524492223216384e-11,0.0012248747516423464,not_checked,0.001,not_checked,not_checked,,-0.0008209990999256917,0.0010056522342389534,-3.8504503113045985e-05,True
local_b1_n800,513,2035192114,local,1,0.035355339059327376,800,0.00013083107026967689,True,ok,0.0012145798695482046,0.5777944432069142,0.001702719338433674,1.9049037466894845,2.0643049247152674,0.3619811299034308,0.36932516724198416,0.3562393429554887,0.3784528079536458,0.37845280795364555,800.0000000000005,800.0000000000005,0.00125,1.558307927140845e-10,12.860995947093617,8,1.7063280042389772e-11,3.469446951953614e-18,3.774758283725532e-15,0.019212022293822018,0.9220747898542453,0.9909522257545837,0.19769696717582214,3.305797857677817e-10,0.0012171240523457527,not_checked,0.001,not_checked,not_checked,,-0.002122688709561664,0.004551848448658073,0.0010837487992785277,True
local_b1_n800,514,2035192115,local,1,0.035355339059327376,800,0.00013083107026967689,True,ok,0.00041635973411180416,0.5944396353407373,0.0009827444870482824,0.6636808773746501,0.7196937195797618,0.7152029756347489,0.7161005761261146,0.6977831765515445,0.716707273605053,0.7167072736050528,800.0000000000005,800.0000000000005,0.00125,5.471734176865084e-11,12.204502098937153,8,2.3552123792902613e-14,1.4094628242311558e-16,2.2493118478905672e-13,0.0012473486021184477,0.9016900720711675,1.0934615666975027,0.18989735682798634,1.1334289062858716e-10,0.0012182509526610374,not_checked,0.001,not_checked,not_checked,,-0.0015097840665081188,0.002342503534731727,0.00028552866384212727,True
local_b1_n800,515,2035192116,local,1,0.035355339059327376,800,0.00013083107026967689,True,ok,0.004363089980381041,0.628294167995447,0.003445244605449991,7.3690448440913245,5.945826323745538,0.04586018782975344,0.03869147746508436,0.05115407296615734,0.030486479635061743,0.030486479635061695,800.0000000000005,800.0000000000005,0.00125,8.693046282814976e-14,9.45771014295906,10,-2.0611984341556422e-14,-9.020562075079397e-17,-1.4299672557172016e-13,-0.19405043774082786,1.016668197890332,1.242150388844996,0.2051890674143181,1.687538997430238e-13,0.0014441669918596745,not_checked,0.001,not_checked,not_checked,,-0.00238946536423185,0.011115645324993931,0.004232258910111364,True
local_b1_n800,516,2035192117,local,1,0.035355339059327376,800,0.00013083107026967689,True,ok,0.0024295203124899967,0.5980486982097537,0.002498245507718801,3.9652861615691055,3.6778962137648286,0.15624466000526638,0.15054726647032093,0.158984572959295,0.1431852188660951,0.14318521886609495,800.0000000000005,800.0000000000005,0.00125,6.470413094206151e-11,10.531077024182913,9,1.7433970933566911e-16,9.540979117872439e-17,1.532107773982716e-13,-0.03902683079255431,0.9580467083703202,1.1365270100465585,0.20304019853125932,1.3473733240232377e-10,0.0013361249584704638,not_checked,0.001,not_checked,not_checked,,-0.0024669509071778353,0.007325991532157829,0.00229868924222032,True
local_b1_n800,517,2035192118,local,1,0.035355339059327376,800,0.00013083107026967689,True,ok,0.0004276539545589042,0.6107028857112773,0.0010421057872315332,0.6922019711021592,0.6639982570343921,0.7159060517869908,0.7131296845500081,0.7174879481325798,0.7102607210210733,0.7102607210210732,800.0000000000005,800.0000000000005,0.00125,1.1519807330273579e-10,11.685425857324942,8,-2.1135447992454148e-13,1.5612511283791264e-17,2.4424906541753444e-14,-0.003977821903956014,1.004452737907463,1.0432300011345932,0.19785288093191103,2.4449486879518645e-10,0.0012111670803278685,not_checked,0.001,not_checked,not_checked,,-0.0016148358564956615,0.00247014376561347,0.0002968228842892273,True
local_b1_n800,518,2035192119,local,1,0.035355339059327376,800,0.00013083107026967689,True,ok,0.00191428925174697,0.5698372075200862,0.00225081586235016,3.14348639820958,2.794466226463889,0.23919989969736227,0.23038189955011498,0.2472802146209164,0.21622593958442352,0.2162259395844233,800.0000000000005,800.0000000000005,0.00125,1.68400848821193e-11,8.871051677025182,9,1.3704315460216776e-16,-1.0842021724855044e-18,0.0,-0.04031179770721316,0.984000357751043,1.1592145281385504,0.22412749438880322,3.363154199576002e-11,0.0013234170619398355,not_checked,0.001,not_checked,not_checked,,-0.0024972287742908066,0.006325807277784747,0.0017834581814772932,True
local_b1_n800,519,2035192120,local,1,0.035355339059327376,800,0.00013083107026967689,True,ok,0.0007975326795444104,0.5896518219237472,0.001480575538845053,1.2930501640432812,1.140092883008602,0.5379375176571926,0.5335218204981456,0.5654991754573003,0.5283342514207277,0.5283342514207274,800.0000000000005,800.0000000000005,0.00125,4.374434148246564e-11,10.581293491423043,8,-1.987730943384114e-12,1.5504091066542713e-17,2.5757174171303632e-14,-0.008498938386111932,0.9173476794946327,1.1497982514189842,0.19478828103296544,8.992540045937858e-11,0.0012151238042861223,not_checked,0.001,not_checked,not_checked,,-0.002104342052982877,0.003699407412071698,0.0006667016092747335,True
local_b1_n800,520,2035192121,local,1,0.035355339059327376,800,0.00013083107026967689,True,ok,0.0016900637199341872,0.6237405646814314,0.002018100346623972,2.7609777649413356,2.756759584552317,0.27576202699342744,0.26842232718906556,0.25198649295902525,0.25870910998153107,0.25870910998153096,800.0000000000005,800.0000000000005,0.00125,1.4432899320127035e-15,11.652467618348208,10,-6.960577947356938e-17,6.071532165918825e-18,1.1102230246251565e-14,-0.028437906523317347,0.930993327568908,1.173056827706089,0.1902438316135071,3.1086244689504383e-15,0.001452708151191473,not_checked,0.001,not_checked,not_checked,,-0.0022653402766365967,0.005645467716504971,0.0015592326496645104,True
local_b1_n800,521,2035192122,local,1,0.035355339059327376,800,0.00013083107026967689,True,ok,0.002570106950665396,0.5825402376065276,0.0025850316853453918,4.12461163810381,3.968388142201917,0.12471648931247376,0.1239378920514185,0.13749137775185105,0.1279538584984205,0.12795385849842034,800.0000000000005,800.0000000000005,0.00125,3.121713998410769e-11,11.209090322047516,9,4.597017211338539e-17,-7.45931094670027e-17,-1.1723955140041653e-13,-0.006220258519586519,0.8851225980959928,1.0897924368584864,0.1840479256599042,6.348499503872063e-11,0.001323833130300045,not_checked,0.001,not_checked,not_checked,,-0.002496462051506449,0.007636675952837241,0.0024392758803957193,True
local_b1_n800,522,2035192123,local,1,0.035355339059327376,800,0.00013083107026967689,True,ok,0.0011988673834963937,0.5290473246325504,0.0016827218714818679,1.9137898198296628,2.0307707152322103,0.38019070729145843,0.3810339215954267,0.3622628022010729,0.383239979842477,0.38323997984247676,800.0000000000005,800.0000000000005,0.00125,2.228783824165248e-11,9.406895424172872,8,4.1437773351526985e-13,-1.0408340855860843e-16,-1.6719958750854857e-13,0.0021989968822840877,0.9335990635851534,1.0516949037657042,0.227256500210574,4.214206761332662e-11,0.0012172490824013948,not_checked,0.001,not_checked,not_checked,,-0.0020992068806059048,0.0044969416475986925,0.0010680363132267168,True
local_b1_n800,523,2035192124,local,1,0.035355339059327376,800,0.00013083107026967689,True,ok,0.0025029273836472132,0.6094684276480065,0.0025713667509584008,3.948261507918603,3.8273153560218045,0.12225670319053342,0.1259005493432967,0.1475397455697141,0.13501871143611444,0.13501871143611424,800.0000000000005,800.0000000000005,0.00125,1.0896672453242218e-10,14.121724508118996,9,-2.8189256484623115e-16,-2.5066754227864863e-16,-4.014566457044566e-13,0.02821115295847032,0.8329735478803769,1.0717121735455923,0.16147647676564716,2.3084845146570387e-10,0.001331915846094489,not_checked,0.001,not_checked,not_checked,,-0.0025368588392750266,0.007542713606569453,0.0023720963133775363,True
local_b1_n800,524,2035192125,local,1,0.035355339059327376,800,0.00013083107026967689,True,ok,0.004958986526964582,0.6031837478885782,0.0037834135161288105,8.3321944430998,6.423603137549358,0.0324306645585635,0.027452139503216233,0.04028397351011884,0.01892655679832445,0.018926556798324407,800.0000000000005,800.0000000000005,0.00125,8.194966927277392e-11,8.730261518013242,9,-1.5914353168611228e-14,-5.724587470723463e-17,-9.059419880941277e-14,-0.19890799997823239,0.9254751762957268,1.3587686393120455,0.19741360112220105,1.7192403056753847e-10,0.0013389592058956623,not_checked,0.001,not_checked,not_checked,,-0.002456367703269938,0.012374340757199101,0.004828155456694905,True
local_b1_n800,525,2035192126,local,1,0.035355339059327376,800,0.00013083107026967689,True,ok,0.00011562306799617339,0.6036853737790908,0.0005381045951110873,0.18420152293791286,0.18561025808442416,0.9097189719412889,0.9100891166333795,0.9113710827485427,0.911650620013362,0.9116506200133618,800.0000000000005,800.0000000000005,0.00125,8.38491498456051e-11,12.690293089059848,8,1.9006064083670893e-16,-7.661243601325696e-17,-1.2256862191861728e-13,0.0003976929279823349,0.9370272747831419,1.0198073819353837,0.18421702417976257,1.7604251389968795e-10,0.0012211259454488754,not_checked,0.001,not_checked,not_checked,,-0.0009390425583370658,0.0011702886943294126,-1.5208002273503496e-05,True
local_b1_n800,526,2035192127,local,1,0.035355339059327376,800,0.00013083107026967689,True,ok,0.0010275277513491776,0.5934290469126446,0.001570794936064166,1.6825305806767437,1.6789721582657586,0.45554223654928405,0.4472477459747536,0.4319324454959317,0.43954191306013846,0.439541913060138,800.0000000000005,800.0000000000005,0.00125,1.7525703110976565e-10,10.01302602757931,8,-1.9106256941153754e-11,-5.0306980803327406e-17,-8.060219158778636e-14,-0.01924308925902929,0.9534701044806753,1.1426675391818135,0.1991891181843819,3.43175488026759e-10,0.0012245827820152044,not_checked,0.001,not_checked,not_checked,,-0.0020511737504344844,0.00410622925313284,0.0008966966810795007,True
local_b1_n800,527,2035192128,local,1,0.035355339059327376,800,0.00013083107026967689,True,ok,0.0016508130736176962,0.5974421180248806,0.0020923085055346725,2.7027372085625125,2.4376273875994467,0.28466968380091107,0.2765004613362996,0.29558060812573145,0.26696159793253454,0.2669615979325344,800.0000000000005,800.0000000000005,0.00125,6.291001053426726e-11,10.218853929609306,9,-1.3335686721571705e-16,-6.678685382510707e-17,-1.056932319443149e-13,-0.030718145387098605,0.9410529175287138,1.1656253222509623,0.20206213792190644,1.3089196393423208e-10,0.0013314168900251389,not_checked,0.001,not_checked,not_checked,,-0.0024500362417770863,0.005751662389012479,0.0015199820033480194,True
local_b1_n800,528,2035192129,local,1,0.035355339059327376,800,0.00013083107026967689,True,ok,0.00023884611132052314,0.6056533282861392,0.0007942224625818693,0.38356143270006443,0.36109346392424346,0.8279416442928127,0.8273661411953654,0.8348136673046853,0.8260690700379695,0.8260690700379694,800.0000000000005,800.0000000000005,0.00125,9.170442183403793e-11,12.088332883886949,8,-3.3281211987701287e-15,-1.376394657970348e-16,-2.2115642650533118e-13,-0.0007038272936135959,0.94704346134455,1.0809487195648069,0.1894695920747304,1.9312285104433613e-10,0.0012230421416461468,not_checked,0.001,not_checked,not_checked,,-0.0013178013110526515,0.0017954935336936977,0.00010801504105084625,True
local_b1_n800,529,2035192130,local,1,0.035355339059327376,800,0.00013083107026967689,True,ok,0.0009769874116256627,0.620151887460459,0.0016458534713829623,1.5998786184145253,1.3789157941483055,0.4785101127376864,0.4703305959010671,0.5018480486344303,0.4576777572459553,0.45767775724595494,800.0000000000005,800.0000000000005,0.00125,1.8189094674880835e-10,11.248299834992501,8,-1.9916476020481744e-11,-7.177418381854039e-17,-1.1435297153639112e-13,-0.018349379906732022,0.9196553701230542,1.2139830929663604,0.18934848286631248,3.77600839485126e-10,0.0012191261630505323,not_checked,0.001,not_checked,not_checked,,-0.0022488261161151676,0.004202800939366493,0.0008461563413559858,True
local_b1_n800,530,2035192131,local,1,0.035355339059327376,800,0.00013083107026967689,True,ok,0.003142619520059231,0.5251940089462686,0.002877118081065771,5.092906184812421,4.70681389892055,0.08474652045021346,0.08210601074049942,0.09504479716123611,0.08093607640614227,0.08093607640614216,800.0000000000005,800.0000000000005,0.00125,1.674216321134736e-12,8.268727703089647,9,1.7520707107365752e-16,1.942890293094024e-16,3.090860900556436e-13,-0.03235747635882413,0.941441051468611,1.094481178950614,0.22160329804976714,3.1172842085425145e-12,0.0013344581238925457,not_checked,0.001,not_checked,not_checked,,-0.002496428298098672,0.008781667338217135,0.003011788449789554,True
local_b1_n800,531,2035192132,local,1,0.035355339059327376,800,0.00013083107026967689,True,ok,0.0027730119211790694,0.6021337871234347,0.0026984566459815162,4.6161871530471705,4.046928144367541,0.12830199043459162,0.11812760881968158,0.13219673197453313,0.1087819850403451,0.10878198504034493,800.0000000000005,800.0000000000005,0.00125,7.808842461543009e-11,9.251362531483108,9,-1.5352302762394743e-16,-1.6523241108679088e-16,-2.611244553918368e-13,-0.08968403958032845,0.9788034506147387,1.1816716913148053,0.2033333090297431,1.6359980037350397e-10,0.0013297498226165771,not_checked,0.001,not_checked,not_checked,,-0.002515865918787453,0.008061889761145592,0.0026421808509093925,True
local_b1_n800,532,2035192133,local,1,0.035355339059327376,800,0.00013083107026967689,True,ok,0.0006341893337604709,0.5508871068780712,0.0012559024721061605,0.997034695321709,1.0360798448280901,0.591725367958049,0.5971563504033346,0.5956869971626702,0.6020881191809916,0.6020881191809913,800.0000000000005,800.0000000000005,0.00125,1.5365486660812167e-11,11.378167138548065,8,1.3225269403921436e-12,1.124317652867468e-16,1.8030021919912542e-13,0.008834119347522595,0.9597194541069358,0.9741461544939034,0.2141737568831105,3.108246993122066e-11,0.0012163340579718351,not_checked,0.001,not_checked,not_checked,,-0.0018273342796624233,0.003095712947183365,0.000503358263490794,True
local_b1_n800,533,2035192134,local,1,0.035355339059327376,800,0.00013083107026967689,True,ok,0.0007083645749541567,0.6168793255404597,0.001331404029522744,1.1327853163511556,1.1305012882646663,0.5659100177115239,0.5660799969187347,0.5682177084731097,0.5673994874360714,0.5673994874360713,800.0000000000005,800.0000000000005,0.00125,1.516335945694891e-10,13.091609531251821,8,2.1867490457294636e-14,-6.873841773558098e-17,-1.1035616864774056e-13,0.0002990017877478879,0.955846245985885,1.0360759924127227,0.18541277162925154,3.2514790859750065e-10,0.0012151659466326237,not_checked,0.001,not_checked,not_checked,,-0.0019011393717819243,0.0033178685216902377,0.0005775335046844798,True
local_b1_n800,534,2035192135,local,1,0.035355339059327376,800,0.00013083107026967689,True,ok,0.0008157225942047042,0.6016951416911174,0.0014505716298756806,1.3210304485988957,1.2509958758666293,0.5300308485313663,0.5259550219656113,0.534994967895422,0.5207016367967379,0.5207016367967376,800.0000000000005,800.0000000000005,0.00125,7.650680089454909e-11,11.224216648086466,8,-1.9826394215619048e-12,3.946495907847236e-17,6.261657858885883e-14,-0.007937148935684202,0.9909180135975232,1.0659632746015382,0.1961611210777019,1.602407095901981e-10,0.0012186660896986723,not_checked,0.001,not_checked,not_checked,,-0.002027345557347195,0.0036587907457566035,0.0006848915239350273,True
local_b1_n800,535,2035192136,local,1,0.035355339059327376,800,0.00013083107026967689,True,ok,0.002762661938325195,0.599421514402571,0.002676333272829903,4.594197565399883,4.053740594749079,0.13044314132431067,0.12040959025220929,0.131747206163645,0.1096864376446104,0.10968643764461027,800.0000000000005,800.0000000000005,0.00125,6.893741133495723e-11,9.208405441511003,9,-2.706168622523819e-16,-9.454242944073599e-17,-1.509903313490213e-13,-0.08696923203978413,1.029521455815226,1.1406031700116024,0.22102260301066642,1.438478225423978e-10,0.001348332967609167,not_checked,0.001,not_checked,not_checked,,-0.002482854887047626,0.008008178763698016,0.002631830868055518,True
local_b1_n800,536,2035192137,local,1,0.035355339059327376,800,0.00013083107026967689,True,ok,0.00019194475358430552,0.6085604977484735,0.0006952736824305953,0.3043981545697376,0.3078352801811326,0.857047437174837,0.8582163572187795,0.8573426287650522,0.8576529033721745,0.8576529033721744,800.0000000000005,800.0000000000005,0.00125,1.0461798094496544e-10,13.354219956847404,8,7.64633582145402e-15,2.469812548921979e-16,3.9546144137148076e-13,0.0013567255825756852,0.9884610334502655,1.0024282472580213,0.19345886014276412,2.2128010535027443e-10,0.0012160418555140495,not_checked,0.001,not_checked,not_checked,,-0.0011707666233782001,0.0015546561305468112,6.111368331462863e-05,True
local_b1_n800,537,2035192138,local,1,0.035355339059327376,800,0.00013083107026967689,True,ok,0.0005414148308287015,0.5925914307930902,0.0011716492442635457,0.8650945690099834,0.8552423497091683,0.6488254906576993,0.6492044142682297,0.6520583841288695,0.6484749752327452,0.6484749752327452,800.0000000000005,800.0000000000005,0.00125,5.018152560154476e-11,11.913343054471035,8,1.9813794702172594e-14,-1.7759231585312563e-16,-2.8421709430404007e-13,0.0005845801579696941,0.9910272003051557,1.0115535681599317,0.20008904542866404,1.0368461644816307e-10,0.0012202081270515919,not_checked,0.001,not_checked,not_checked,,-0.0017549754904414207,0.0028378051520988237,0.00041058376055902457,True
local_b1_n800,538,2035192139,local,1,0.035355339059327376,800,0.00013083107026967689,True,ok,0.0008845624914568528,0.5677797875203381,0.001484218456080413,1.4279533974103584,1.416822001607558,0.49252790140283276,0.48942129753351904,0.49242604070519314,0.49280092330963654,0.4928009233096362,800.0000000000005,800.0000000000005,0.00125,1.7982171307551198e-11,9.996456339005967,8,-1.1279954834769734e-12,1.7759231585312563e-16,2.844391389089651e-13,-0.006326705539696498,0.9394135115203517,1.0614258616312122,0.20137609556844346,3.4613423238738505e-11,0.0012121249455958605,not_checked,0.001,not_checked,not_checked,,-0.0020244522276504006,0.0037935772105641063,0.000753731421187176,True
local_b1_n800,539,2035192140,local,1,0.035355339059327376,800,0.00013083107026967689,True,ok,0.0018365691113515492,0.5705179084460155,0.002214185511581224,3.016293984809836,2.6614692409708645,0.24976293798823812,0.24077294728905066,0.2642830422331291,0.23009677697956152,0.23009677697956127,800.0000000000005,800.0000000000005,0.00125,1.7432055798849433e-11,8.884416757539258,9,2.8384412875670506e-16,2.697495005143935e-16,4.32542890393961e-13,-0.03889170332367775,0.9864114696801083,1.1333853076942946,0.22006427776180118,3.4812819293961184e-11,0.0013331668451428413,not_checked,0.001,not_checked,not_checked,,-0.0025031547464380447,0.006176292969141143,0.0017057380410818723,True
local_b1_n800,540,2035192141,local,1,0.035355339059327376,800,0.00013083107026967689,True,ok,0.005027465391614028,0.6152682546179675,0.003747582744474174,8.473016428240932,6.683473431232796,0.029134092592447935,0.024194126844914204,0.03537546721494302,0.017917590963884084,0.017917590963884036,800.0000000000005,800.0000000000005,0.00125,1.4131085190882686e-10,9.046138789792163,9,-2.926651976320471e-14,-9.194034422677078e-17,-1.4566126083082054e-13,-0.21453590082924112,0.9852867013055585,1.2752882225446889,0.20444002171869743,3.019531291670319e-10,0.0013313330709934235,not_checked,0.001,not_checked,not_checked,,-0.0023176618166391256,0.012372592599867182,0.004896634321344351,True
local_b1_n800,541,2035192142,local,1,0.035355339059327376,800,0.00013083107026967689,True,ok,0.0014226801112238174,0.6009882328268139,0.0017743751023297717,2.2134642119287644,2.6214025502236513,0.29133648107654364,0.3013874118881421,0.2696309046259351,0.32041312859773385,0.32041312859773363,800.0000000000005,800.0000000000005,0.00125,7.4102057823211e-11,14.81417166598771,9,-1.973247953923618e-16,-1.496198998029996e-16,-2.389199948993337e-13,0.03141198301467241,0.8249394348464931,1.024924353630823,0.16358961518211268,1.5496159910810547e-10,0.001329375896602869,not_checked,0.001,not_checked,not_checked,,-0.002055031184407108,0.004900391406854743,0.0012918490409541405,True
local_b1_n800,542,2035192143,local,1,0.035355339059327376,800,0.00013083107026967689,True,ok,0.002386338215762729,0.5932605985086912,0.0023681114755916676,3.7042155080153583,4.160208363094094,0.12966301042748957,0.13778762402016193,0.12491719745376254,0.14821808054100905,0.14821808054100893,800.0000000000005,800.0000000000005,0.00125,5.178835138508475e-11,14.712230951139363,9,1.2880321809127793e-16,1.0928757898653885e-16,1.758593271006248e-13,0.05696281860250507,0.8625559718206987,1.0063743940446712,0.17457966253907053,1.0708456343877515e-10,0.001326040830463171,not_checked,0.001,not_checked,not_checked,,-0.0022550749877729426,0.0070277514192984,0.002255507145493052,True
local_b1_n800,543,2035192144,local,1,0.035355339059327376,800,0.00013083107026967689,True,ok,0.0012150097927621228,0.5874063225280355,0.0016723443391244756,1.9068006569350917,2.1359069150152443,0.36488796961733766,0.3719881656104456,0.3437112177326154,0.37832266581736945,0.3783226658173691,800.0000000000005,800.0000000000005,0.00125,1.5612511283791264e-10,13.28728908934099,8,1.6962161926772912e-11,2.0166160408230382e-16,3.197442310920451e-13,0.018607505742152974,0.8916843198195828,1.0393895256007797,0.18697771630706378,3.382656377226567e-10,0.0012175410520285368,not_checked,0.001,not_checked,not_checked,,-0.0020627248816712878,0.004492744467195534,0.001084178722492446,True
local_b1_n800,544,2035192145,local,1,0.035355339059327376,800,0.00013083107026967689,True,ok,0.001228104603063107,0.6322635790876263,0.001732826173739217,1.9621057268574842,2.023550459039674,0.3678787007333617,0.3684126211423553,0.3635729808549509,0.3743801018907012,0.37438010189070103,800.0000000000005,800.0000000000005,0.00125,8.292810882437607e-11,14.101426157610485,9,7.409866990826242e-13,7.068998164605489e-17,1.13464793116691e-13,0.0014308190217441341,0.8600284831675378,1.113055071661667,0.1634752816215132,1.8255263967148494e-10,0.0013219998218119144,not_checked,0.001,not_checked,not_checked,,-0.002168172288934105,0.0046243814950603195,0.0010972735327934302,True
local_b1_n800,545,2035192146,local,1,0.035355339059327376,800,0.00013083107026967689,True,ok,0.0009125539466154908,0.5992746340204289,0.001566888999101307,1.493610807688411,1.322924467948595,0.4962300728854463,0.4883202359121649,0.5160961291887308,0.4818881926517943,0.4818881926517943,800.0000000000005,800.0000000000005,0.00125,1.2412904037972794e-10,10.301670461408193,8,-1.3089751721775955e-11,6.982261990806649e-17,1.1302070390684094e-13,-0.016762246551812354,0.9561967378093341,1.13234213908879,0.20219783243552517,2.4697244249693995e-10,0.001213375013321638,not_checked,0.001,not_checked,not_checked,,-0.0021584920593950836,0.003983599952626066,0.0007817228763458139,True
local_b1_n800,546,2035192147,local,1,0.035355339059327376,800,0.00013083107026967689,True,ok,0.0003442297597053834,0.5615321849867347,0.0008960166008653296,0.5569022802492843,0.5886283533751681,0.7587109679887114,0.7563824111399668,0.7450423797220209,0.7592806494850441,0.759280649485044,800.0000000000005,800.0000000000005,0.00125,1.1160294910439461e-11,9.567507430333924,8,-6.441044529334472e-14,-8.825405684032006e-17,-1.4077627952246985e-13,-0.0030673323603352953,0.9077338916114028,1.0943413496637353,0.19702253055013455,2.19859686012569e-11,0.0012091670650988817,not_checked,0.001,not_checked,not_checked,,-0.0014119305075406634,0.0021003900269514304,0.0002133986894357065,True
local_b1_n800,547,2035192148,local,1,0.035355339059327376,800,0.00013083107026967689,True,ok,0.001170218604690465,0.5916630198587747,0.0017201334445451435,1.8970033385840874,1.8182756228794184,0.39905670017109424,0.39425968915430554,0.4028714254698827,0.39212489362392206,0.39212489362392183,800.0000000000005,800.0000000000005,0.00125,9.034095693749578e-11,10.702931032049735,8,-7.608774504549998e-12,4.445228907190568e-17,7.061018436615996e-14,-0.012326785539671148,0.9898917944637224,1.0487167597263005,0.2050985480318522,1.7943091457084392e-10,0.0012151680421084166,not_checked,0.001,not_checked,not_checked,,-0.0022011809952208424,0.004541618204601772,0.0010393875344207881,True
local_b1_n800,548,2035192149,local,1,0.035355339059327376,800,0.00013083107026967689,True,ok,0.005322385314344924,0.541659294044647,0.003655799398963235,8.873013650742738,8.0873210128554,0.019403046594474824,0.016450851029740685,0.01753317450798244,0.014151873632384791,0.01415187363238475,800.0000000000005,800.0000000000005,0.00125,4.029665490179468e-12,6.962400407446614,9,-3.5067435066871155e-15,8.760353553682876e-17,1.438849039914203e-13,-0.17859857389542722,1.0330006594843932,1.1251862929212395,0.2393712629987351,7.700950988009936e-12,0.0013327491469681263,not_checked,0.001,not_checked,not_checked,,-0.001842849842326192,0.01248762047101604,0.005191554244075247,True
local_b1_n800,549,2035192150,local,1,0.035355339059327376,800,0.00013083107026967689,True,ok,0.0006161334387591033,0.5777214540562159,0.001222190238667526,0.9885550161886186,1.0147264184885856,0.6161591870865544,0.6153304509263755,0.6020810493617615,0.6108482273920972,0.610848227392097,800.0000000000005,800.0000000000005,0.00125,2.476108207360994e-11,10.887184873296144,8,-7.015135000676409e-14,-1.7629127324614302e-16,-2.8199664825478976e-13,-0.0013707570870263863,0.9496526577379589,1.0897515839288123,0.2111844165046295,4.9990900308216624e-11,0.0012254586908966303,not_checked,0.001,not_checked,not_checked,,-0.0017793154112856605,0.003011582288803867,0.00048530236848942643,True
local_b1_n800,550,2035192151,local,1,0.035355339059327376,800,0.00013083107026967689,True,ok,0.0002486418580378569,0.5865653953319026,0.0008213273165201458,0.40244280813860456,0.3616667304325655,0.8243208244415052,0.8224756699883902,0.8345744162369018,0.8196207985868461,0.819620798586846,800.0000000000005,800.0000000000005,0.00125,3.7801983765461955e-11,10.567295571307113,8,-3.117406506547571e-14,-7.697835424647081e-18,-1.176836406102666e-14,-0.0023079176390166656,0.95180626623587,1.113086359022536,0.20768454035991663,7.736344898034986e-11,0.001227790955454111,not_checked,0.001,not_checked,not_checked,,-0.001361130101860558,0.0018584138179362718,0.00011781078776817999,True
local_b1_n800,551,2035192152,local,1,0.035355339059327376,800,0.00013083107026967689,True,ok,0.0015228100655169108,0.6091620095546262,0.0019178997367952438,2.4329781481417627,2.5306785996259125,0.2922493027849007,0.29276697095720894,0.2821435486446063,0.29574784804509485,0.2957478480450947,800.0000000000005,800.0000000000005,0.00125,1.4809553583461366e-10,12.829832087731765,8,1.3031290456433364e-12,-3.0140820395097023e-17,-4.796163466380676e-14,0.0017589783426479322,0.8853046028125571,1.0998041090676323,0.17901497684196632,3.1505154041155947e-10,0.0012241669464856386,not_checked,0.001,not_checked,not_checked,,-0.002236204344560616,0.005281824475594438,0.001391978995247234,True
local_b1_n800,552,2035192153,local,1,0.035355339059327376,800,0.00013083107026967689,True,ok,0.00013149583632543482,0.5965115241290782,0.0006035268136831406,0.21094723610551974,0.18987462639135977,0.8991824605635383,0.8989310537889422,0.9094299419382178,0.9001474740189588,0.9001474740189587,800.0000000000005,800.0000000000005,0.00125,6.025813181764761e-11,11.724892813865388,8,-5.1011712215442984e-17,1.2874900798265365e-16,2.0627943797535409e-13,-0.00027694899241195725,0.8632139862476024,1.1340687835776675,0.17597669533332616,1.2519074665817698e-10,0.0012226668186485767,not_checked,0.001,not_checked,not_checked,,-0.001051394982197736,0.0013143866548486057,6.647660557579371e-07,True
local_b1_n800,553,2035192154,local,1,0.035355339059327376,800,0.00013083107026967689,True,ok,0.00041616455922421913,0.5989523954089491,0.001041031898511993,0.6762010025616031,0.6387782628124439,0.7234191329909168,0.7197970562830076,0.7265927542274802,0.7168191889512975,0.7168191889512974,800.0000000000005,800.0000000000005,0.00125,6.74788003252047e-11,10.829048588462335,8,-3.808484560705039e-13,2.4101814294352764e-16,3.859135233597044e-13,-0.005168853901426074,0.9007717470881977,1.1706367245288365,0.19133071153432124,1.406676997106615e-10,0.0012206672690808773,not_checked,0.001,not_checked,not_checked,,-0.0016242204686166442,0.0024565495870650825,0.00028533348895454225,True
local_b1_n800,554,2035192155,local,1,0.035355339059327376,800,0.00013083107026967689,True,ok,0.0034229030455585896,0.6058149346362549,0.003078941901072404,5.703010549800905,4.694863833951191,0.08141284232723175,0.0734887702628599,0.09561439289368215,0.06467875866212094,0.06467875866212083,800.0000000000005,800.0000000000005,0.00125,9.237455245170167e-11,9.378509064155768,9,-4.779163176316104e-16,1.8561541192951836e-16,2.948752353404416e-13,-0.11318283845357913,0.9390368124026138,1.2390492358177367,0.19221948279230064,1.9459478473038416e-10,0.0013449587859213352,not_checked,0.001,not_checked,not_checked,,-0.0026117121910346087,0.009457518282151788,0.0032920719752889127,True
local_b1_n800,555,2035192156,local,1,0.035355339059327376,800,0.00013083107026967689,True,ok,0.0010017984198877894,0.6176362425263509,0.0015933133004071378,1.6439227757578703,1.5314525392319116,0.4681989714525388,0.4591890461969779,0.46499609577354406,0.44868296322481294,0.44868296322481294,800.0000000000005,800.0000000000005,0.00125,1.5698864430646609e-10,10.967852173567946,9,1.235990476633475e-17,-1.8257964584655895e-16,-2.922107000813412e-13,-0.020522651968703176,1.0389440564260974,1.0734430595843627,0.20300905041987957,3.366225076462115e-10,0.0013370001688599586,not_checked,0.001,not_checked,not_checked,,-0.0021210382649988484,0.004124635104774427,0.0008709673496181125,True
local_b1_n800,556,2035192157,local,1,0.035355339059327376,800,0.00013083107026967689,True,ok,0.002830238401934526,0.5957719349529407,0.0026091469382042154,4.644458099109379,4.538471387875305,0.11709091173036015,0.11083525901779975,0.10339117239195694,0.10391409596042046,0.10391409596042038,800.0000000000005,800.0000000000005,0.00125,5.823619364520027e-11,10.03318716865786,9,6.852157730108388e-17,1.1709383462843448e-16,1.8740564655672642e-13,-0.0580383280070671,1.0039159686129893,1.1072251421854056,0.21384736049773295,1.208293465282395e-10,0.0013333337847143412,not_checked,0.001,not_checked,not_checked,,-0.0022835956273186903,0.007944072431187742,0.0026994073316648493,True
local_b1_n800,557,2035192158,local,1,0.035355339059327376,800,0.00013083107026967689,True,ok,0.0019112733233408452,0.5841001678326709,0.0021585224667839634,3.056341475283454,3.1163383469150863,0.216897116028673,0.21708085344154715,0.21052114629273436,0.21674826701455738,0.21674826701455724,800.0000000000005,800.0000000000005,0.00125,3.360745015612565e-11,11.53971054494586,9,-3.2677853478713104e-16,-2.886146183156413e-16,-4.618527782440651e-13,0.000847921030949994,0.9515892430838331,1.049877571164466,0.20385969262639606,6.855471745836894e-11,0.0013339577708393335,not_checked,0.001,not_checked,not_checked,,-0.0023193529713762782,0.006141899618057969,0.0017804422530711683,True
local_b1_n800,558,2035192159,local,1,0.035355339059327376,800,0.00013083107026967689,True,ok,0.00016684571597314068,0.5839442512064186,0.0006667707589153567,0.26908798514834037,0.24807823412331703,0.8768486801093248,0.875927746310397,0.8833452863348878,0.8750479686800646,0.8750479686800645,800.0000000000005,800.0000000000005,0.00125,3.336919629504109e-11,10.720884363915461,8,-3.208994485068284e-15,-6.884683795282953e-17,-1.0969003483296547e-13,-0.0010674197956575537,0.9507106361990724,1.0846987994068396,0.203924432523816,6.803069219074587e-11,0.0012201662175357342,not_checked,0.001,not_checked,not_checked,,-0.0011400009574453977,0.001473692389391679,3.60146457034638e-05,True
local_b1_n800,559,2035192160,local,1,0.035355339059327376,800,0.00013083107026967689,True,ok,0.0009401309841261529,0.5814869281841135,0.0015527519378746735,1.5358353980738901,1.4410948950054892,0.48109773919745247,0.473758976204658,0.4864858575792086,0.4713733672082351,0.47137336720823486,800.0000000000005,800.0000000000005,0.00125,9.709111292721673e-11,9.674552981466872,8,-9.843373078438633e-12,2.6237692574149207e-17,4.1300296516055823e-14,-0.015812911736022284,0.9632697628074669,1.0952306047979568,0.20479689164753873,1.8785129007881096e-10,0.0012283341493457556,not_checked,0.001,not_checked,not_checked,,-0.002103206891032983,0.003983468859285289,0.000809299913856476,True
local_b1_n800,560,2035192161,local,1,0.035355339059327376,800,0.00013083107026967689,True,ok,0.0006183583660845926,0.583803016270914,0.0012428610436760225,0.9778887242847754,1.0063846237438203,0.598048502769895,0.6016233710667265,0.6045975119339593,0.6097619201305029,0.6097619201305027,800.0000000000005,800.0000000000005,0.00125,3.315714369733769e-11,12.390412373901738,8,5.567212272780675e-13,-3.371868756429919e-17,-5.484501741648273e-14,0.005742330725286682,0.8687351844762135,1.063082138427217,0.1791540673862168,6.755884740528018e-11,0.0012250000145286322,not_checked,0.001,not_checked,not_checked,,-0.0018176045173082748,0.00305432124947746,0.0004875272958149157,True
local_b1_n800,561,2035192162,local,1,0.035355339059327376,800,0.00013083107026967689,True,ok,0.003176999944830783,0.5595580413947219,0.002827495440872648,5.124870341301231,4.989235553758567,0.0822219970140734,0.08056406930586711,0.08252798946975133,0.07874031792141695,0.07874031792141685,800.0000000000005,800.0000000000005,0.00125,1.010502792553325e-11,9.854786688393652,9,-4.9439619065339e-17,-1.0538445116559103e-16,-1.687538997430238e-13,-0.020835214785988043,0.9220106655907295,1.110423755423688,0.20893647791206635,1.98534522155569e-11,0.0013410842511802912,not_checked,0.001,not_checked,not_checked,,-0.0023647892857308088,0.008718789175392375,0.003046168874561106,True
local_b1_n800,562,2035192163,local,1,0.035355339059327376,800,0.00013083107026967689,True,ok,0.0006408442046710316,0.5795800288863473,0.0013282970422337488,1.0224583818343413,0.9370989165554314,0.590636270359816,0.5915124230444211,0.6259095179920686,0.5988911818462843,0.598891181846284,800.0000000000005,800.0000000000005,0.00125,2.7079671838237118e-11,11.441528285118574,8,7.687990868920913e-14,1.3292318634672284e-16,2.1316282072803006e-13,0.0014461728196549783,0.8579925050455004,1.1003753695159877,0.17949877543209294,5.483258291860693e-11,0.0012157910969108343,not_checked,0.001,not_checked,not_checked,,-0.001962570158878195,0.0032442585682202585,0.0005100131344013548,True
local_b1_n800,563,2035192164,local,1,0.035355339059327376,800,0.00013083107026967689,True,ok,0.0008965518609875822,0.5549279736559511,0.0014694129424000005,1.4580877503439325,1.4658829272730851,0.4984300131742211,0.49275589231541483,0.48049355506560976,0.4880968211609785,0.4880968211609783,800.0000000000005,800.0000000000005,0.00125,4.0908054721455755e-11,8.955813895498181,8,-3.631953895619211e-12,2.835188681049594e-16,4.5230486023228877e-13,-0.01180238638190001,0.9652538064248655,1.097693535398041,0.21264422821073145,7.614553432233606e-11,0.0012252067681401968,not_checked,0.001,not_checked,not_checked,,-0.0019834445845334477,0.003776548306508612,0.0007657207907179053,True
local_b1_n800,564,2035192165,local,1,0.035355339059327376,800,0.00013083107026967689,True,ok,0.00015173552770653131,0.5881274850349485,0.0006238020149442502,0.24103018098104215,0.23882339889914306,0.8835934112267272,0.8843804404339033,0.8874423660088561,0.8856898711939342,0.8856898711939342,800.0000000000005,800.0000000000005,0.00125,4.070932480004785e-11,12.16977617804063,8,1.6389342140377128e-15,-9.80118763926896e-17,-1.5698553568199713e-13,0.0008733316747040476,0.934541529477379,1.0293067490749146,0.19186944863649955,8.349387847772505e-11,0.001224293140694499,not_checked,0.001,not_checked,not_checked,,-0.0010708939550677155,0.0013743650104807781,2.090445743685443e-05,True
local_b1_n800,565,2035192166,local,1,0.035355339059327376,800,0.00013083107026967689,True,ok,0.005257439287654098,0.5909770466963511,0.0038680394951841287,8.736970613755002,6.961529649298733,0.022230822173439548,0.019254787537124396,0.030783857773614785,0.014906596734889106,0.014906596734889059,800.0000000000005,800.0000000000005,0.00125,4.655420493548945e-11,9.03364763489921,9,-5.392387925073905e-15,-3.469446951953614e-18,-5.329070518200751e-15,-0.16253387675422015,0.9220965283998427,1.263626753488759,0.1968242072618029,9.589662397502252e-11,0.001341292168945074,not_checked,0.001,not_checked,not_checked,,-0.002323778813685286,0.012838657388993481,0.005126608217384421,True
local_b1_n800,566,2035192167,local,1,0.035355339059327376,800,0.00013083107026967689,True,ok,0.004592755668356929,0.5713044190900538,0.003473284846896628,7.675143157022668,6.586199854491902,0.035422980488920855,0.030549081638483997,0.03713854398498494,0.025369578117796488,0.025369578117796433,800.0000000000005,800.0000000000005,0.00125,1.8098411658229452e-11,7.811087385652754,9,-3.2335245592207684e-15,1.5525775109992423e-16,2.4868995751603507e-13,-0.16336704382578837,1.0301572356389739,1.1668490158620315,0.23383057045843894,3.622191435681543e-11,0.001358791021630168,not_checked,0.001,not_checked,not_checked,,-0.002214757539609177,0.011400268876323037,0.004461924598087252,True
local_b1_n800,567,2035192168,local,1,0.035355339059327376,800,0.00013083107026967689,True,ok,0.00023898668080835073,0.5523629509258836,0.0007457898034597147,0.3782795773395031,0.41440040356147373,0.8209519056500842,0.8226896808832094,0.8128568982980021,0.8259761791762473,0.8259761791762472,800.0000000000005,800.0000000000005,0.00125,7.014833158791589e-12,10.874832120034213,8,1.6835274493920416e-14,-1.4105470264036413e-16,-2.2581936320875684e-13,0.0020495559769291294,0.9090310736485865,1.0326685277823036,0.20194800989996198,1.3628653761088572e-11,0.001218999968841672,not_checked,0.001,not_checked,not_checked,,-0.0012227344740098956,0.001700707835626597,0.00010815561053867384,True
local_b1_n800,568,2035192169,local,1,0.035355339059327376,800,0.00013083107026967689,True,ok,0.0012465662797240817,0.5583581115539886,0.0017647003272033667,1.971039027410515,2.008944028711803,0.3550878053679368,0.3594393833972116,0.366237952146191,0.3688913865069896,0.36889138650698927,800.0000000000005,800.0000000000005,0.00125,6.634459648324764e-11,11.299433221687373,8,5.376349539176761e-12,-6.548581121812447e-17,-1.0591527654923993e-13,0.011733510074008469,0.9403180470333988,0.9862791536283428,0.20564662596245042,1.3563594691845537e-10,0.0012269159778952599,not_checked,0.001,not_checked,not_checked,,-0.002212182805100566,0.00470531536454873,0.0011157352094544049,True
local_b1_n800,569,2035192170,local,1,0.035355339059327376,800,0.00013083107026967689,True,ok,0.000540994456433852,0.5478401610729322,0.0011397957636099928,0.8785856142131903,0.8903905377313602,0.6524089061584302,0.6482398580972866,0.6406991552193348,0.6486930937274924,0.6486930937274924,800.0000000000005,800.0000000000005,0.00125,7.341238728031385e-12,8.793380383367687,8,-5.444501186696593e-13,9.085614205428527e-17,1.4477308241112041e-13,-0.006497241959513289,0.9804662029801453,1.0471441953451905,0.2204899234759309,1.361266654953397e-11,0.001213209005072713,not_checked,0.001,not_checked,not_checked,,-0.0016929641899730632,0.0027749531028407673,0.00041016338616417514,True
local_b1_n800,570,2035192171,local,1,0.035355339059327376,800,0.00013083107026967689,True,ok,0.0008520169256600596,0.6066424002521706,0.0014175267992271989,1.329126763219488,1.4796657149867007,0.48803173131534905,0.4968590339480393,0.47719366820167786,0.5058002044536193,0.5058002044536192,800.0000000000005,800.0000000000005,0.00125,1.1829426327381043e-10,14.800459141487591,8,1.3393211995178789e-11,-1.1492543028346347e-16,-1.8496315590255108e-13,0.01705015891830397,0.878464922968985,1.0254782124524189,0.1745531277150415,2.627194017890133e-10,0.0012201240751892328,not_checked,0.001,not_checked,not_checked,,-0.0019262845479455903,0.0036303183992657095,0.0007211858553903827,True
local_b1_n800,571,2035192172,local,1,0.035355339059327376,800,0.00013083107026967689,True,ok,0.0003875004614881661,0.5975523044967279,0.0010202619323078329,0.6256304324669071,0.5734099792133085,0.7436976033251448,0.7417023915064642,0.7507331702595574,0.7334466854426667,0.7334466854426664,800.0000000000005,800.0000000000005,0.00125,6.321987378044014e-11,11.254810985229364,8,-7.833469116425018e-14,5.0523821237824507e-17,8.038014698286133e-14,-0.0028148470429205097,0.9379765773728593,1.1663537155334802,0.19971405641316897,1.315787478972652e-10,0.0012222910299897194,not_checked,0.001,not_checked,not_checked,,-0.001612176180632429,0.002387177103608761,0.0002566693912184892,True
local_b1_n800,572,2035192173,local,1,0.035355339059327376,800,0.00013083107026967689,True,ok,0.005351519107756664,0.5635788786941325,0.0038248887839581265,8.939068615309601,7.321511138412365,0.021405863256747593,0.018109461647225246,0.025713077375447143,0.013825849508317143,0.013825849508317108,800.0000000000005,800.0000000000005,0.00125,1.2346013100739128e-11,7.5978995504351285,9,-6.510417205340957e-15,-3.5561831257524545e-17,-5.3290705182007514e-14,-0.188319021449467,0.9904713300863204,1.2254294255076454,0.22468684743912412,2.443267810292582e-11,0.0013302089646458626,not_checked,0.001,not_checked,not_checked,,-0.0021451251536724683,0.012848163369185796,0.005220688037486987,True
local_b1_n800,573,2035192174,local,1,0.035355339059327376,800,0.00013083107026967689,True,ok,0.0014518941523600226,0.5995766335473027,0.0018350446611555779,2.256182860277709,2.5604046040575965,0.2901406509708925,0.300644272465286,0.27798105863233985,0.31301150814294737,0.3130115081429471,800.0000000000005,800.0000000000005,0.00125,6.944878006009958e-11,14.845883861524763,9,-1.0061396160665481e-16,-1.489693784995083e-16,-2.375877272697835e-13,0.03342389174916427,0.8783582518447087,1.000519583272816,0.17528424554541497,1.4491297051222318e-10,0.001328917220234871,not_checked,0.001,not_checked,not_checked,,-0.002144727293527417,0.005048515598247462,0.0013210630820903457,True
local_b1_n800,574,2035192175,local,1,0.035355339059327376,800,0.00013083107026967689,True,ok,0.0010113758836141074,0.5725520539148377,0.0015272190048831644,1.596042500797095,1.764310103664957,0.43425829678904887,0.43924025700726077,0.41388999549359173,0.4452583039547948,0.4452583039547945,800.0000000000005,800.0000000000005,0.00125,4.5441761464815045e-11,12.073357529735478,8,3.877910796298845e-12,-3.924811864397526e-17,-6.23945339839338e-14,0.011079456492738782,0.8943952305141004,1.0492228013006517,0.19346432438302705,9.456391225626248e-11,0.0012218328192830086,not_checked,0.001,not_checked,not_checked,,-0.001981918362461996,0.00400467012969021,0.0008805448133444305,True
local_b1_n800,575,2035192176,local,1,0.035355339059327376,800,0.00013083107026967689,True,ok,0.00440263412534625,0.6550897216271019,0.0030326953625673166,6.531046973910159,8.690894965509452,0.01677888122300144,0.022483227890109248,0.012965705020043244,0.029537125945142958,0.029537125945142885,800.0000000000005,800.0000000000005,0.00125,4.840572387365683e-13,24.588115000364834,10,1.497482693402219e-13,1.43982048506075e-16,2.318145675417327e-13,0.2565838133219227,0.7357696659579357,0.9706042336968201,0.12749571689095604,1.248334768888526e-12,0.001443625194951892,not_checked,0.001,not_checked,not_checked,,-0.001541339561367332,0.010346607812059832,0.004271803055076573,True
local_b1_n800,576,2035192177,local,1,0.035355339059327376,800,0.00013083107026967689,True,ok,0.00023609115946121584,0.5779681924143074,0.0007476114842094611,0.378965780994465,0.39831928113573273,0.8278637952781591,0.827358988673997,0.8194190703651634,0.8278917022220951,0.8278917022220951,800.0000000000005,800.0000000000005,0.00125,2.503641738371698e-11,10.836701052093586,8,-2.0905586289865496e-15,-1.6154612370034016e-16,-2.580158309228864e-13,-0.0006099629282597108,0.9383594286931289,1.0649067308621107,0.20287781750803638,5.060818430990821e-11,0.0012114986311644316,not_checked,0.001,not_checked,not_checked,,-0.001229200424017863,0.0017013827429402948,0.00010526008919153895,True
local_b1_n800,577,2035192178,local,1,0.035355339059327376,800,0.00013083107026967689,True,ok,0.0016560016217002094,0.6081635362056883,0.0020321688475137905,2.5698741585133345,2.7330164121309726,0.24937625070189104,0.26001635788818855,0.2549957996129423,0.26585578008623484,0.2658557800862348,800.0000000000005,800.0000000000005,0.00125,1.0261136385025793e-10,15.507316447746213,9,-1.0191500421363742e-16,-1.5612511283791264e-16,-2.4780177909633494e-13,0.03986421810350094,0.9312379982055664,0.976774341945315,0.18108366055341857,2.172162449909365e-10,0.0013327498454600573,not_checked,0.001,not_checked,not_checked,,-0.002326976129931089,0.005638979373331508,0.0015251705514305325,True
local_b1_n800,578,2035192179,local,1,0.035355339059327376,800,0.00013083107026967689,True,ok,0.00024249474882553912,0.5830499674309071,0.0007456520028709334,0.38337547262692456,0.4272427774713657,0.8173045607501592,0.8192680658728198,0.8076541140880612,0.8236613644129258,0.8236613644129258,800.0000000000005,800.0000000000005,0.00125,3.195388398324894e-11,12.323141557197111,8,2.937136211328406e-14,1.6306400674181987e-16,2.611244553918368e-13,0.002308062746969125,0.8902218945871023,1.0380748280118306,0.18386377417233077,6.509948136113053e-11,0.0012157498858869076,not_checked,0.001,not_checked,not_checked,,-0.0012189563218016474,0.0017039458194527256,0.00011166367855586223,True
local_b1_n800,579,2035192180,local,1,0.035355339059327376,800,0.00013083107026967689,True,ok,0.00446279027770502,0.5983484499008722,0.003265112307739215,7.285480882298378,7.291991702729353,0.03260405115065186,0.0304247398505837,0.026095409760530906,0.028149316026152213,0.02814931602615216,800.0000000000005,800.0000000000005,0.00125,6.562206333882159e-11,10.661516558026198,9,-2.5153490401663703e-16,1.3010426069826053e-16,2.078337502098293e-13,-0.0725082189851709,0.9620968231208175,1.119486598778372,0.20717595908044759,1.3667644793713407e-10,0.0013270829804241657,not_checked,0.001,not_checked,not_checked,,-0.0019367122509423027,0.010862292806352342,0.004331959207435343,True
local_b1_n800,580,2035192181,local,1,0.035355339059327376,800,0.00013083107026967689,True,ok,0.0011384976910420175,0.5531972746750957,0.001647201077638263,1.8299833374924375,1.9054367810256552,0.408952296191586,0.40727354000826155,0.38569113797131344,0.4022030763631357,0.40220307636313546,800.0000000000005,800.0000000000005,0.00125,2.7484792219922838e-11,9.768471500155133,8,-1.0701925456935157e-12,-2.5457067009959644e-16,-4.078959392472825e-13,-0.004193515912604195,0.9576218428784811,1.081688224877789,0.22492933901876505,5.2270854311586845e-11,0.0012132080737501383,not_checked,0.001,not_checked,not_checked,,-0.0020899570964245436,0.004366952478508579,0.0010076666207723406,True
local_b1_n800,581,2035192182,local,1,0.035355339059327376,800,0.00013083107026967689,True,ok,0.0003088146742440401,0.6332293259040704,0.0008449774598787447,0.48702971107587517,0.542148740557219,0.7733110630036564,0.7761608911893632,0.7625597825126957,0.781100278829827,0.7811002788298269,800.0000000000005,800.0000000000005,0.00125,2.1834756225302954e-12,15.308345642118356,9,1.452598891865664e-13,-1.481020167615199e-16,-2.3714363805993344e-13,0.003536883857294615,0.8774160852950394,1.0514698642718194,0.16772313784348988,4.919176177509144e-12,0.0013242920394986868,not_checked,0.001,not_checked,not_checked,,-0.001347310714866438,0.001964940063354518,0.0001779836039743632,True
local_b1_n800,582,2035192183,local,1,0.035355339059327376,800,0.00013083107026967689,True,ok,0.0012194721481211257,0.577273928375158,0.0017639477774844807,1.967865533472095,1.8986382391740855,0.3812708015481914,0.37813575567626373,0.3870044375088169,0.37697450549710176,0.3769745054971015,800.0000000000005,800.0000000000005,0.00125,6.12799810895126e-11,10.439539297551619,8,-3.8747846077547e-12,1.5959455978986625e-16,2.5424107263916085e-13,-0.008355048239146345,0.9853970249926253,1.0384684238585937,0.2065541437776483,1.1929679466504695e-10,0.0012154157739132643,not_checked,0.001,not_checked,not_checked,,-0.0022378019663579296,0.004676746262600181,0.0010886410778514488,True
local_b1_n800,583,2035192184,local,1,0.035355339059327376,800,0.00013083107026967689,True,ok,0.0015057646792915325,0.6195839873673004,0.001994278536456582,2.4032397385605213,2.289474371404343,0.2920622744143014,0.29295207745231944,0.31830756257696685,0.29980837949125033,0.2998083794912502,800.0000000000005,800.0000000000005,0.00125,1.70934710830295e-10,13.492485610245193,8,2.7139367142492432e-12,2.222614453595284e-16,3.5704772471945034e-13,0.0029918741529659787,0.8584511751565242,1.1049553171358149,0.16396425104299275,3.6795233526731863e-10,0.0012125421781092882,not_checked,0.001,not_checked,not_checked,,-0.0024029494273046167,0.005414478785887682,0.0013749336090218556,True
local_b1_n800,584,2035192185,local,1,0.035355339059327376,800,0.00013083107026967689,True,ok,0.0006379504844427064,0.560656203016962,0.0012281265181963976,1.00936382537341,1.0856673085693027,0.5877808735289196,0.591264845158685,0.5810992827001478,0.6002792066705862,0.600279206670586,800.0000000000005,800.0000000000005,0.00125,1.0680456519196468e-11,11.300583126040829,8,4.687580618806253e-13,-8.836247705756861e-17,-1.412203687323199e-13,0.005678474867460426,0.904517231319217,1.0187878272124566,0.19801382900841505,2.1013191187080338e-11,0.0012119582388550043,not_checked,0.001,not_checked,not_checked,,-0.001769133259680808,0.003045034228566221,0.0005071194141730295,True
local_b1_n800,585,2035192186,local,1,0.035355339059327376,800,0.00013083107026967689,True,ok,0.0021741665001484556,0.5999430449780216,0.002346694590931809,3.5683191902469282,3.3663327752830012,0.19722858893065004,0.18920805958312825,0.1857847770933882,0.17563747662807994,0.1756374766280798,800.0000000000005,800.0000000000005,0.00125,7.045641847724937e-11,10.171120185719284,9,1.1622647289044608e-16,1.3010426069826053e-16,2.0872192862952943e-13,-0.04482639500469876,0.9275910667175085,1.2189148399463434,0.19912786445268155,1.4745915599689852e-10,0.0013307922054082155,not_checked,0.001,not_checked,not_checked,,-0.0024252703807928454,0.0067736033810897565,0.0020433354298787787,True
local_b1_n800,586,2035192187,local,1,0.035355339059327376,800,0.00013083107026967689,True,ok,2.3870071027998208e-05,0.547767537906197,0.00024416249891522567,0.038127420529769356,0.03835661308332129,0.9809944789864429,0.9810263645844178,0.9810044271404758,0.9810851177975494,0.9810851177975494,800.0000000000005,800.0000000000005,0.00125,5.535683023083493e-12,9.98734294647473,8,-9.494900525541805e-17,-8.326672684688674e-17,-1.3322676295501878e-13,3.23465575138987e-05,0.9565509387762182,1.035364077136015,0.21448277447150238,1.0685674567412207e-11,0.0012179589830338955,not_checked,0.001,not_checked,not_checked,,-0.00045467963322114413,0.0005024197752771405,-0.00010696099924167868,True
local_b1_n800,587,2035192188,local,1,0.035355339059327376,800,0.00013083107026967689,True,ok,0.00016408094766506842,0.6171314513419834,0.0006439943174368494,0.2652841785336833,0.25702085625566784,0.878822750743751,0.8776324461208811,0.8794043918291843,0.8769855545940869,0.8769855545940868,800.0000000000005,800.0000000000005,0.00125,1.5345624770901622e-10,12.107192024552894,8,-8.073836738065054e-15,1.2902005852577503e-17,2.020605904817785e-14,-0.00137733113478683,0.9928168810631437,1.0400994003506994,0.19256590922522096,3.2892755186253453e-10,0.0012136250734329224,not_checked,0.001,not_checked,not_checked,,-0.0010981247207596113,0.0014262866160897481,3.3249877395391536e-05,True
local_b1_n800,588,2035192189,local,1,0.035355339059327376,800,0.00013083107026967689,True,ok,0.0012269553229493635,0.5566824581388174,0.0017755838469659794,2.002188779594693,1.866648882305963,0.3883784750940127,0.381140366817473,0.3932442176515568,0.3747244742634371,0.37472447426343686,800.0000000000005,800.0000000000005,0.00125,1.5624024296556627e-10,8.79358197188719,8,-1.6439563686049263e-11,3.686287386450715e-17,5.5067062021407764e-14,-0.019530131437855203,1.0022285658051995,1.074109831133825,0.22577341574644427,2.8939117768800315e-10,0.0012152907438576221,not_checked,0.001,not_checked,not_checked,,-0.002253125068635035,0.004707035714533762,0.0010961242526796866,True
local_b1_n800,589,2035192190,local,1,0.035355339059327376,800,0.00013083107026967689,True,ok,0.000691364425319696,0.6241344118463179,0.0013619241338851664,1.1178753291462913,1.0181444747999944,0.5775212997555981,0.574183368807369,0.6010529546680117,0.5751689011109312,0.5751689011109311,800.0000000000005,800.0000000000005,0.00125,1.5683121468157424e-11,12.47920871937133,9,-1.0344547484233968e-12,-8.391724815037804e-17,-1.3500311979441904e-13,-0.0058461243173885125,0.9200916235392416,1.1006385056445946,0.17352473645276284,3.2874591937570585e-11,0.0013286671601235867,not_checked,0.001,not_checked,not_checked,,-0.001977957826771137,0.003360686677410529,0.0005605333550500191,True
local_b1_n800,590,2035192191,local,1,0.035355339059327376,800,0.00013083107026967689,True,ok,0.0005147516168320099,0.5392658476018386,0.0011262116275550275,0.8232120237228812,0.8354045680908464,0.6564604612238194,0.6565914865656393,0.6585582625439145,0.6624558972902274,0.6624558972902271,800.0000000000005,800.0000000000005,0.00125,3.553157768010351e-12,9.602272430248176,8,2.7543071989821755e-15,-8.933825901280557e-17,-1.4344081478157023e-13,0.00019528160416754092,0.9491727521650337,1.0083320966209264,0.21905791774974576,6.766365245880479e-12,0.0012167501263320446,not_checked,0.001,not_checked,not_checked,,-0.001692582612146081,0.0027220858458101007,0.000383920546562333,True
local_b1_n800,591,2035192192,local,1,0.035355339059327376,800,0.00013083107026967689,True,ok,0.00023911518065866666,0.6131357590503907,0.0007937362665664156,0.38755375604175923,0.3581679589899918,0.8304140991894498,0.8284124314708339,0.8360356865941001,0.8258912732881688,0.8258912732881687,800.0000000000005,800.0000000000005,0.00125,1.284934381118319e-10,11.70647624003048,8,-4.618731070347992e-14,1.6306400674181987e-16,2.6001423236721166e-13,-0.0024847334939461785,0.9671283247491392,1.0952634715022833,0.19660728796709534,2.7367219601615034e-10,0.0012073328252881765,not_checked,0.001,not_checked,not_checked,,-0.0013165793150347917,0.001794809676352125,0.00010828411038898977,True
local_b1_n800,592,2035192193,local,1,0.035355339059327376,800,0.00013083107026967689,True,ok,0.0036996081231248645,0.574491852026487,0.003100309592625071,6.0396147059003304,5.530748469286925,0.05963551036552654,0.056330070864251874,0.0629525359193296,0.051835165027723853,0.05183516502772378,800.0000000000005,800.0000000000005,0.00125,2.117084285657711e-11,9.575697898791978,9,-2.688821387764051e-17,-2.2985086056692694e-17,-3.4638958368304884e-14,-0.06012085445027182,0.9664259352742881,1.1303700409343314,0.2130343137113394,4.253175589497005e-11,0.0013266250025480986,not_checked,0.001,not_checked,not_checked,,-0.0023768870193443207,0.00977610326559405,0.0035687770528551876,True
local_b1_n800,593,2035192194,local,1,0.035355339059327376,800,0.00013083107026967689,True,ok,0.000212713566504652,0.6172031791456978,0.0007201400048360757,0.34018084635242557,0.34961681167230085,0.8461090324302047,0.8461758543709567,0.8396178712437034,0.8435206860725325,0.8435206860725324,800.0000000000005,800.0000000000005,0.00125,1.5402246145157505e-10,13.062036181397444,8,1.2923689896027213e-16,-9.985502008591496e-17,-1.5987211554602254e-13,8.043002750890427e-05,0.9650294173859362,1.0743253198828315,0.19660194244936532,3.3001157362377853e-10,0.001211916096508503,not_checked,0.001,not_checked,not_checked,,-0.0011987349068005569,0.0016241620398098609,8.188249623497512e-05,True
local_b1_n800,594,2035192195,local,1,0.035355339059327376,800,0.00013083107026967689,True,ok,0.0008008816817555164,0.5682542649642868,0.0014406226946100018,1.282964243535169,1.2419808912669938,0.524623493987189,0.5242137061726662,0.5374118966453585,0.5269206318913251,0.5269206318913248,800.0000000000005,800.0000000000005,0.00125,1.5590639890206148e-11,10.622254654925584,8,-8.124880976345672e-14,-2.0220370516854658e-16,-3.241851231905457e-13,-0.0007767763631709723,0.9231918199111773,1.0667748596971973,0.1985861095654458,3.1032065805902675e-11,0.0012180008925497532,not_checked,0.001,not_checked,not_checked,,-0.002022686914991132,0.003624450278502165,0.0006700506114858396,True
local_b1_n800,595,2035192196,local,1,0.035355339059327376,800,0.00013083107026967689,True,ok,0.002060219372071126,0.5474149525979368,0.002312980438154893,3.267787470008174,3.187647687396014,0.19201627898889734,0.19478077128692417,0.2031473210482215,0.19240062397222626,0.19240062397222613,800.0000000000005,800.0000000000005,0.00125,5.4390936199411044e-12,10.641154155397963,9,2.480654570646834e-16,1.7607443281164592e-16,2.815525590449397e-13,0.014281762652814667,0.9709412299599095,1.0267716002020728,0.21848023321538296,1.0485168289164903e-11,0.0013327498454600573,not_checked,0.001,not_checked,not_checked,,-0.002473138983658138,0.00659357772780039,0.001929388301801449,True
local_b1_n800,596,2035192197,local,1,0.035355339059327376,800,0.00013083107026967689,True,ok,0.0011831056955977637,0.5911786743357581,0.0017792972052334268,1.9310455419209114,1.7444983175021482,0.4035109274739096,0.3962382320447727,0.41801031958861923,0.3881029822219481,0.38810298222194795,800.0000000000005,800.0000000000005,0.00125,1.843061259165779e-10,10.15511301670751,8,-1.9547196326852312e-11,-4.423544863740858e-17,-7.038813976123492e-14,-0.019038214482244187,0.9159783285440897,1.178842517096843,0.19964727821136152,3.618394472937325e-10,0.0012124169152230024,not_checked,0.001,not_checked,not_checked,,-0.002304252744452526,0.004670464135648053,0.0010522746253280868,True
local_b1_n800,597,2035192198,local,1,0.035355339059327376,800,0.00013083107026967689,True,ok,0.0015837695559068887,0.552067838929432,0.0019482377604057226,2.469461322880468,2.697224243395875,0.2639240613640188,0.2730312169135708,0.2596003043693056,0.28167097495114535,0.2816709749511452,800.0000000000005,800.0000000000005,0.00125,6.911915484408837e-12,12.17893786435052,9,1.1557595158695477e-16,7.524363077049401e-17,1.199040866595169e-13,0.032284983285277624,0.9124076587666377,0.9904180340460862,0.20272521242056699,1.3420375921668892e-11,0.0013278760015964508,not_checked,0.001,not_checked,not_checked,,-0.0022347062878093024,0.005402245399623079,0.0014529384856372118,True
local_b1_n800,598,2035192199,local,1,0.035355339059327376,800,0.00013083107026967689,True,ok,0.0006679835642986465,0.6099115295845461,0.0012811033637847174,1.0879488868570273,1.066093219880069,0.5961819966523392,0.5906755111138613,0.5868144488212426,0.5860285025413444,0.5860285025413443,800.0000000000005,800.0000000000005,0.00125,1.1113043818511414e-10,11.160441568861412,8,-2.6780912557033965e-12,-4.51461784622964e-16,-7.216449660063518e-13,-0.009587591989596134,1.0189093203969872,1.0476629957958012,0.19756037821580064,2.3566149032205885e-10,0.0012388750910758972,not_checked,0.001,not_checked,not_checked,,-0.0018429328891925146,0.0031789000177898075,0.0005371524940289696,True
local_b1_n800,599,2035192200,local,1,0.035355339059327376,800,0.00013083107026967689,True,ok,0.0022642988624823612,0.583346478430105,0.0024715555939135094,3.674266505685889,3.2806645738338025,0.17082609040105953,0.1666189251112696,0.19391559596862662,0.16341879315424188,0.16341879315424165,800.0000000000005,800.0000000000005,0.00125,3.24418270025717e-11,10.324809839613028,9,-3.217912047936977e-16,-3.382710778154774e-16,-5.400124791776761e-13,-0.025694162857054392,0.9160537741354617,1.135458998629353,0.19412810675015513,6.605760383138204e-11,0.001384291099384427,not_checked,0.001,not_checked,not_checked,,-0.00257986108737662,0.007108458812341342,0.0021334677922126843,True
