cell,replicate,seed,regime,b,beta,n,population_gap,valid,status,gap,I1,se,score,wald,p_gap,p_score,p_wald,naive_p,kish_p,ess,a2,max_weight,moment_error,condition,iterations,gap_kl_error,gap_score_error,lr_identity_error,score_discrepancy,eig_min,eig_max,min_sampling_eigenvalue,dual_entropy_discrepancy,fit_seconds,refinement_status,refinement_tolerance,refined_full_status,refined_reduced_status,scaled_refinement,lower,upper,error,covered
local_b3_n200,0,2035161601,local,3,0.21213203435596426,200,0.0043867281100336,True,ok,0.0027997278908862278,0.7579567786002186,0.005805851968963812,1.149622248167725,0.9403995329519691,0.5866130050100007,0.5785429730403284,0.6248774262521251,0.5712401509331435,0.5712401509331435,200.0,200.0,0.005,5.10702591327572e-15,21.582898718916493,10,-9.831545300098554e-16,-1.0061396160665481e-16,-4.0190073491430667e-14,-0.014865545906616928,0.690084887770678,1.5295645240552693,0.09584662355131898,1.2878587085651816e-14,0.0015972910914570093,ok,0.001,ok,ok,8.881784197001252e-14,-0.008579532867853804,0.014178988649626259,-0.001587000219147372,True
local_b3_n200,1,2035161602,local,3,0.21213203435596426,200,0.0043867281100336,True,ok,0.002611226860798732,0.6696360099411398,0.0057080189053227365,1.0888655737169657,0.7905795939770522,0.6140470426631113,0.6015926775406598,0.6734848370881283,0.5931871256582788,0.5931871256582788,200.0,200.0,0.005,2.9976021664879227e-15,12.577173795166708,10,-3.8163916471489756e-16,-5.204170427930421e-18,-2.4424906541753444e-15,-0.02218741469873642,0.7896766879098571,1.4215759498820622,0.13780122667921124,6.217248937900877e-15,0.001431457931175828,ok,0.001,ok,ok,8.881784197001252e-14,-0.008576284616707576,0.01379873833830504,-0.0017755012492348676,True
local_b3_n200,2,2035161603,local,3,0.21213203435596426,200,0.0043867281100336,True,ok,0.004613910865322479,0.5134062314224654,0.007183837872204452,1.91167456633144,1.5611150434863792,0.4282524802226074,0.4154817031849105,0.45815051121675754,0.3974118330790589,0.3974118330790589,200.0,200.0,0.005,8.705258736085852e-13,6.441321459675591,9,-5.984795992119984e-16,-1.249000902703301e-16,-5.062616992290714e-14,-0.033055110101224194,0.9574769969667863,1.2284821001830202,0.24200909630792358,1.5973888878306752e-12,0.0013049158733338118,ok,0.001,ok,ok,0.0,-0.009466152634973102,0.01869397436561806,0.00022718275528887943,True
local_b3_n200,3,2035161604,local,3,0.21213203435596426,200,0.0043867281100336,True,ok,0.009107933368135868,0.6880807037939685,0.009330866986951535,3.8750662353520893,3.3936749564777697,0.20962252049592578,0.18981535992098847,0.18326217919540203,0.16176887279272856,0.16176887279272856,200.0,200.0,0.005,3.1743829786989863e-11,12.621248776675673,10,-9.274758044908182e-12,1.717376241217039e-16,7.105427357601002e-14,-0.11594644404887111,1.0863137388488695,1.2465976616010368,0.19066570984232553,6.61646293309559e-11,0.0016530409920960665,ok,0.001,ok,ok,0.0,-0.009180229870822912,0.027396096607094647,0.004721205258102268,True
local_b3_n200,4,2035161605,local,3,0.21213203435596426,200,0.0043867281100336,True,ok,0.008741873745666151,0.7272665131562661,0.010719188844759179,3.8936737846760665,2.2639563901466007,0.2589274191749035,0.22338840228971457,0.3223948652651894,0.17405659933380146,0.17405659933380146,200.0,200.0,0.005,7.771561172376096e-16,11.45615605977621,11,3.5214886562329184e-16,9.71445146547012e-17,3.863576125695545e-14,-0.19846214320480304,0.905763415269302,1.7222623474524095,0.14667959049649246,1.9984014443252818e-15,0.0016132078599184752,ok,0.001,ok,ok,1.3322676295501878e-13,-0.012267350333545347,0.02975109782487765,0.004355145635632551,True
local_b3_n200,5,2035161606,local,3,0.21213203435596426,200,0.0043867281100336,True,ok,0.000609795010832137,0.7428395856855279,0.0026028035182588585,0.24438439225630174,0.23026691499798776,0.8790452242431686,0.8788292118700038,0.8912471923482431,0.8851846584120248,0.8851846584120248,200.0,200.0,0.005,1.982836117520037e-11,22.69565763381204,9,-2.9538209985607855e-13,-1.6111244283134596e-16,-6.439293542825908e-14,-0.0002331939617234574,0.6966078307260861,1.2770611114714463,0.09630583993736154,5.081601806011804e-11,0.001337291207164526,ok,0.001,ok,ok,4.440892098500626e-14,-0.004491606143789366,0.00571119616545364,-0.0037769330992014627,True
local_b3_n200,6,2035161607,local,3,0.21213203435596426,200,0.0043867281100336,True,ok,0.00685908800035806,0.6817864443365045,0.009200936796718316,2.9761279836188335,1.9522687638735574,0.33089571550131325,0.30181482310135127,0.376764715968623,0.25364551421349946,0.25364551421349946,200.0,200.0,0.005,2.0277779455568634e-11,10.399474586622736,10,-6.586805753605596e-12,-6.678685382510707e-17,-2.6645352591003757e-14,-0.11624639173780471,0.9499341253542777,1.5644100782667876,0.17024088445543684,4.125588759507082e-11,0.0015145842917263508,ok,0.001,ok,ok,4.440892098500626e-14,-0.011174416745239172,0.024892592745955292,0.0024723598903244604,True
local_b3_n200,7,2035161608,local,3,0.21213203435596426,200,0.0043867281100336,True,ok,0.018329096784138743,0.6064496791578469,0.013897844190968218,7.989900665843549,6.212595493803503,0.05486981052265044,0.04284160178468048,0.04476638540840102,0.025583200923429642,0.025583200923429642,200.0,200.0,0.005,9.50279854805558e-11,7.064628793483418,10,-3.3306690738754696e-16,-2.463307335887066e-16,-9.592326932761353e-14,-0.32913097609402575,0.9160319769520622,1.568696157151872,0.19243504432866096,2.0047741244866302e-10,0.0014528750907629728,ok,0.001,ok,ok,1.3322676295501878e-13,-0.008910177292908168,0.045568370861185654,0.013942368674105143,True
local_b3_n200,8,2035161609,local,3,0.21213203435596426,200,0.0043867281100336,True,ok,0.029873759496646723,0.5925582201513082,0.016938225527002748,13.23328812365345,10.636241108720403,0.010000373872690167,0.006258084866408909,0.004901958036687117,0.0025421327133672623,0.0025421327133672623,200.0,200.0,0.005,5.013189863234402e-11,6.123653208446534,10,-2.248201624865942e-15,-3.2959746043559335e-16,-1.3500311979441904e-13,-0.6418921624973803,0.9771338056971041,1.5370330265929892,0.20447373579310843,1.0352052548512347e-10,0.0014523339923471212,ok,0.001,ok,ok,4.440892098500626e-14,-0.0033245524982956423,0.06307207149158908,0.025487031386613124,True
local_b3_n200,9,2035161610,local,3,0.21213203435596426,200,0.0043867281100336,True,ok,0.0025635527038136985,0.6116041020824292,0.0054947485859690795,1.0639950696389175,0.8320206976573554,0.6217856048463417,0.6108127468501877,0.659673443601613,0.5988701150061969,0.5988701150061969,200.0,200.0,0.005,1.1999301552378938e-10,9.861293664819588,9,1.3877787807814457e-17,2.1163626406917047e-16,8.526512829121202e-14,-0.019286994056719076,0.9001070376016098,1.2838230071074384,0.18733303343321098,2.5494029110006977e-10,0.0013320418074727058,ok,0.001,ok,ok,1.7763568394002505e-13,-0.008205956628788086,0.013333062036415483,-0.0018231754062199013,True
local_b3_n200,10,2035161611,local,3,0.21213203435596426,200,0.0043867281100336,True,ok,0.005035369882432139,0.7142028944703356,0.007471670562557532,2.1801689211978794,1.6303951853745893,0.4312797318857244,0.40247866964604606,0.44255187370754134,0.36528625354274086,0.36528625354274086,200.0,200.0,0.005,6.058265000774554e-12,12.571520579029928,10,-1.8489723641046396e-12,5.0306980803327406e-17,2.042810365310288e-14,-0.08301048411251188,1.0650140179693355,1.33899756366147,0.1773651034056568,1.3232526185902316e-11,0.0014532080385833979,not_checked,0.001,not_checked,not_checked,,-0.009608835324528749,0.019679575089393025,0.0006486417723985394,True
local_b3_n200,11,2035161612,local,3,0.21213203435596426,200,0.0043867281100336,True,ok,0.013627712913905299,0.6908911288380426,0.014022559697371028,5.942642929084334,3.7157072008924947,0.1326931722247463,0.11384761261024995,0.1560071248833711,0.0655106481235933,0.0655106481235933,200.0,200.0,0.005,5.551115123125783e-16,11.208424816714505,11,1.3530843112619095e-16,2.8796409701215e-16,1.1546319456101628e-13,-0.2457788817611073,0.5721886358998888,2.0815361884133647,0.09997173705816248,1.5543122344752192e-15,0.001609124941751361,not_checked,0.001,not_checked,not_checked,,-0.013855999064004795,0.04111142489181539,0.009240984803871699,True
local_b3_n200,12,2035161613,local,3,0.21213203435596426,200,0.0043867281100336,True,ok,0.018120831487715705,0.717671826497827,0.014588057068031419,8.327574142749512,4.842353557628221,0.077074999287604,0.053353032947364556,0.08881703792939986,0.026671324018210114,0.026671324018210114,200.0,200.0,0.005,6.850076061937216e-14,9.032058941965282,11,-3.6252251200963315e-14,-4.163336342344337e-17,-1.509903313490213e-14,-0.539620773831615,1.0861225332506095,1.7204510337359726,0.17961876316945707,1.3389289676979388e-13,0.001620457973331213,not_checked,0.001,not_checked,not_checked,,-0.010471234970040853,0.04671289794547226,0.013734103377682105,True
local_b3_n200,13,2035161614,local,3,0.21213203435596426,200,0.0043867281100336,True,ok,0.0015448835271663075,0.6766395973153718,0.0041557427734087654,0.6310284241589725,0.5576919831546455,0.7299880962312608,0.7251617655804248,0.756656425704726,0.7341978726484073,0.7341978726484073,200.0,200.0,0.005,1.3322676295501878e-15,14.790232274518262,10,-1.6523241108679088e-16,-7.41594285980085e-17,-2.9976021664879227e-14,-0.006537506646224767,0.7857773148383664,1.2172847529078688,0.12786266713070987,3.1086244689504383e-15,0.0015019988641142845,not_checked,0.001,not_checked,not_checked,,-0.006600222637727471,0.009689989692060086,-0.0028418445828672922,True
local_b3_n200,14,2035161615,local,3,0.21213203435596426,200,0.0043867281100336,True,ok,0.015332767550835236,0.6608051397241765,0.013648539220012386,6.484418376701275,4.322537369471711,0.0696282005782389,0.060515743761918615,0.11517890258951002,0.04658142091470926,0.04658142091470926,200.0,200.0,0.005,5.551115123125783e-16,11.926231098625669,11,1.6306400674181987e-16,-6.938893903907228e-17,-2.7533531010703882e-14,-0.1756556781835905,0.721938637069204,1.5252618044451622,0.12866115543671752,6.661338147750939e-16,0.0016283339355140924,not_checked,0.001,not_checked,not_checked,,-0.01141787776197144,0.04208341286364191,0.010946039440801636,True
local_b3_n200,15,2035161616,local,3,0.21213203435596426,200,0.0043867281100336,True,ok,0.00036690708381725834,0.6416213823556969,0.0020763248701116156,0.14448526581510132,0.12758541918212185,0.9280633913020138,0.9291387868426264,0.9381994591247772,0.9292463322958884,0.9292463322958884,200.0,200.0,0.005,4.406919273947096e-12,15.98071115765039,9,3.2778060864505076e-13,3.621235256101585e-17,1.4432899320127035e-14,0.0011387838559010072,0.8469143262614006,1.1398658536912654,0.15834372229600557,1.0296652419583552e-11,0.0013770000077784061,not_checked,0.001,not_checked,not_checked,,-0.0037026148818063136,0.00443642904944083,-0.004019821026216341,True
local_b3_n200,16,2035161617,local,3,0.21213203435596426,200,0.0043867281100336,True,ok,0.002353429253495243,0.623202982458313,0.004634008398853635,0.9792637642270382,1.0014526165735005,0.6362794620628909,0.6248126988715548,0.6060902914092487,0.6245737570042695,0.6245737570042695,200.0,200.0,0.005,5.551115123125783e-16,10.210811369695403,10,1.0148132334464322e-16,1.6263032587282567e-16,6.550315845288424e-14,-0.018946031414470543,0.963341892357688,1.1235644050484233,0.18284816763449363,1.3322676295501878e-15,0.0014535840600728989,not_checked,0.001,not_checked,not_checked,,-0.006729060312314005,0.01143591881930449,-0.002033298856538357,True
local_b3_n200,17,2035161618,local,3,0.21213203435596426,200,0.0043867281100336,True,ok,0.002133915032657585,0.6631311875952712,0.004398095840075714,0.8461022037578996,0.949892580892925,0.6390859273388032,0.6415872205732998,0.6219184585307516,0.6526051479192716,0.6526051479192716,200.0,200.0,0.005,6.305719835175694e-16,17.01016641387602,10,1.951563910473908e-16,1.5525775109992423e-16,6.23945339839338e-14,0.0037319046525672306,0.8254386230902581,1.0958885372675276,0.14643357820852945,1.1102230246251565e-15,0.0014342502690851688,not_checked,0.001,not_checked,not_checked,,-0.006486194414446247,0.010754024479761417,-0.0022528130773760147,True
local_b3_n200,18,2035161619,local,3,0.21213203435596426,200,0.0043867281100336,True,ok,0.021140138711891243,0.6326328112643413,0.01446866126991256,9.31226810037633,7.374305477100459,0.03355408441525906,0.02393866743095947,0.02504320517988608,0.014581119933151322,0.014581119933151322,200.0,200.0,0.005,5.551115123125783e-16,7.776611536854056,11,3.469446951953614e-17,3.469446951953614e-17,1.2434497875801753e-14,-0.42810630780991676,1.0642850932215535,1.4097509473779337,0.21163815204716183,8.881784197001252e-16,0.0015526250936090946,not_checked,0.001,not_checked,not_checked,,-0.007217916281646936,0.04949819370542942,0.016753410601857643,True
local_b3_n200,19,2035161620,local,3,0.21213203435596426,200,0.0043867281100336,True,ok,0.0012795051353260423,0.6424617128976349,0.003737926913066686,0.5238251486933532,0.4877284329688853,0.7838512594228281,0.779405213432965,0.78359402619121,0.7742185916865789,0.7742185916865789,200.0,200.0,0.005,8.881784197001252e-16,12.436190266345593,10,-2.1120258320017626e-16,-2.0491421059976034e-16,-8.215650382226158e-14,-0.0060115472814681326,0.771986907411859,1.414209550068152,0.1516638607378811,1.7763568394002505e-15,0.0014317911118268967,not_checked,0.001,not_checked,not_checked,,-0.006046696991127644,0.008605707261779729,-0.0031072229747075575,True
local_b3_n200,20,2035161621,local,3,0.21213203435596426,200,0.0043867281100336,True,ok,0.0038523930743499246,0.6141875971386264,0.006566154478444841,1.6055548042238912,1.3037006357830387,0.49173029209479546,0.4773578168713355,0.5210807192270308,0.4627915163949873,0.4627915163949873,200.0,200.0,0.005,1.3449663605058504e-10,9.73848271766335,9,-2.0322285521068295e-15,-3.8120548384590336e-16,-1.5232259897857148e-13,-0.03229878724196067,0.9508349975589805,1.2317580719842638,0.19339219889486853,2.8729063572541236e-10,0.0013321670703589916,not_checked,0.001,not_checked,not_checked,,-0.009017033220328347,0.016721819369028196,-0.0005343350356836751,True
local_b3_n200,21,2035161622,local,3,0.21213203435596426,200,0.0043867281100336,True,ok,0.0030089114710689646,0.7197418159857407,0.005501801685453765,1.2827758863423862,1.0985820903105146,0.5905194696071141,0.5704031963476308,0.577358986770383,0.5478343634429477,0.5478343634429477,200.0,200.0,0.005,1.3666845433135677e-13,14.165033299922825,10,-3.298576689569899e-14,2.1120258320017626e-16,8.482103908136196e-14,-0.03960564895740015,1.0953615911525216,1.1909881334612609,0.16742397595909955,3.084199562408685e-13,0.0014366251416504383,not_checked,0.001,not_checked,not_checked,,-0.007774421682502182,0.01379224462464011,-0.0013778166389646351,True
local_b3_n200,22,2035161623,local,3,0.21213203435596426,200,0.0043867281100336,True,ok,0.0061166596266106765,0.6929128118518313,0.007371212605854873,2.649507638858904,2.577202811763198,0.3394472647739373,0.31062221807597645,0.2756560445373469,0.294248119018659,0.294248119018659,200.0,200.0,0.005,1.2031819984770209e-11,11.175312445078394,10,-3.781818608272758e-12,-2.463307335887066e-16,-9.85878045867139e-14,-0.10142189410731661,0.9385872480679194,1.3423662983055302,0.15181137115240176,2.504574325712383e-11,0.0014408330898731947,not_checked,0.001,not_checked,not_checked,,-0.008330651603252515,0.02056397085647387,0.0017299315165770768,True
local_b3_n200,23,2035161624,local,3,0.21213203435596426,200,0.0043867281100336,True,ok,0.016719487377457654,0.6667491639579639,0.01461083726154363,7.464083411174864,4.278352359691706,0.08923104799048034,0.06863874036585207,0.1177518093886331,0.03529911184733605,0.03529911184733605,200.0,200.0,0.005,6.453171330633722e-16,8.034154145156316,11,-1.0408340855860843e-16,1.1449174941446927e-16,4.796163466380676e-14,-0.3881442300959015,0.9297285439785276,1.8037424203376327,0.1731937132450394,8.881784197001252e-16,0.0015987500082701445,not_checked,0.001,not_checked,not_checked,,-0.011917227439143693,0.045356202194059,0.012332759267424054,True
local_b3_n200,24,2035161625,local,3,0.21213203435596426,200,0.0043867281100336,True,ok,0.004354990896235922,0.5711980837830444,0.006618983225443694,1.8168687481164394,1.6399835443652244,0.4488202065614066,0.43365282108843406,0.44043527831213236,0.41853356914983897,0.41853356914983897,200.0,200.0,0.005,1.7990942069445737e-11,7.8967897197632615,9,-1.7919693506840417e-15,8.153200337090993e-17,3.241851231905457e-14,-0.03743619481103533,0.9944560707930947,1.1849562940903708,0.2160161961929522,3.6028291461320805e-11,0.0013789592776447535,not_checked,0.001,not_checked,not_checked,,-0.00861797783990848,0.017327959632380326,-3.173721379767791e-05,True
local_b3_n200,25,2035161626,local,3,0.21213203435596426,200,0.0043867281100336,True,ok,0.013080811492919064,0.6329298196700255,0.013172551234416716,5.492036472895618,3.6359876081743314,0.09532972379262028,0.08570049603483351,0.16235113261374273,0.07308279528223079,0.07308279528223079,200.0,200.0,0.005,4.477740400687935e-11,10.738828018078179,10,-1.2021687464947028e-11,-6.765421556309548e-17,-2.6645352591003757e-14,-0.1298559378639963,0.6667509886277788,1.521506778081778,0.12515886528782377,8.628386893860807e-11,0.0014831668231636286,not_checked,0.001,not_checked,not_checked,,-0.012736914511046329,0.03889853749688446,0.008694083382885465,True
local_b3_n200,26,2035161627,local,3,0.21213203435596426,200,0.0043867281100336,True,ok,0.012955689895615352,0.6768969513703793,0.011701818444293454,5.673527689630174,4.215914201671136,0.11844403264304842,0.09690297867167444,0.12148589653557844,0.07493471740282137,0.07493471740282137,200.0,200.0,0.005,7.771561172376096e-16,9.937047878153347,11,-9.194034422677078e-17,-9.020562075079397e-17,-3.552713678800501e-14,-0.24562586569201672,1.0771779986732615,1.3509505457487616,0.18652759895782955,1.7763568394002505e-15,0.0016177077777683735,not_checked,0.001,not_checked,not_checked,,-0.009979452808826342,0.03589083260005704,0.008568961785581752,True
local_b3_n200,27,2035161628,local,3,0.21213203435596426,200,0.0043867281100336,True,ok,0.024549341177335426,0.6377478004854349,0.015286946926773416,10.69959643734714,8.628099145689472,0.01997326536547122,0.014141868127276976,0.013379259456725516,0.007373459827852398,0.007373459827852398,200.0,200.0,0.005,8.881784197001252e-16,9.009766412301355,11,-3.3306690738754696e-16,2.0122792321330962e-16,8.171241461241152e-14,-0.43992998320648447,1.0933443838344399,1.3980420684885142,0.21666757165972503,1.5543122344752192e-15,0.001578416209667921,not_checked,0.001,not_checked,not_checked,,-0.0054125242327157305,0.05451120658738658,0.020162613067301827,True
local_b3_n200,28,2035161629,local,3,0.21213203435596426,200,0.0043867281100336,True,ok,0.016039496950196908,0.5589714766194185,0.013711464314701811,6.681237050126901,5.190355163476336,0.051104831495696,0.04543570042208259,0.07463262150693463,0.04044147587625795,0.04044147587625795,200.0,200.0,0.005,2.1257440252497872e-11,8.148150873545598,9,-5.398334557149553e-12,2.0816681711721685e-17,1.0658141036401503e-14,-0.13271913502406907,0.7993817897409632,1.32480738658689,0.1767979379231115,3.610844956369874e-11,0.0013854170683771372,not_checked,0.001,not_checked,not_checked,,-0.010834479281924814,0.042913473182318626,0.011652768840163308,True
local_b3_n200,29,2035161630,local,3,0.21213203435596426,200,0.0043867281100336,True,ok,0.006755410521052774,0.6022490616869398,0.008623225201190932,2.851038765660476,2.2636213623479113,0.3064925545078282,0.28727653134757647,0.3224488754097974,0.25895988739219905,0.25895988739219905,200.0,200.0,0.005,7.850708971801623e-11,8.455794128355384,9,-1.5198085845380405e-13,1.5439038936193583e-16,6.17284001691587e-14,-0.07443727861968319,0.9860082162450376,1.308239529030174,0.20182012883454784,1.644977487558208e-10,0.0013829998206347227,not_checked,0.001,not_checked,not_checked,,-0.010145800303859615,0.023656621345965162,0.002368682411019174,True
local_b3_n200,30,2035161631,local,3,0.21213203435596426,200,0.0043867281100336,True,ok,0.0034896520667329067,0.7072237655237064,0.0052197703823664,1.4870641702515468,1.7248006938102969,0.5207845388964667,0.49927766909717386,0.42214756460741376,0.49761409432679193,0.49761409432679193,200.0,200.0,0.005,2.304822999121825e-13,13.305246151592373,10,-5.717822049167154e-14,2.94469310047063e-16,1.1790568521519162e-13,-0.045601671779192055,0.8266743025358511,1.3566616256369146,0.1272292089672665,5.087041898832467e-13,0.0015104988124221563,not_checked,0.001,not_checked,not_checked,,-0.006740909890274104,0.013720214023739918,-0.000897076043300693,True
local_b3_n200,31,2035161632,local,3,0.21213203435596426,200,0.0043867281100336,True,ok,0.012798074311224816,0.61704326004832,0.01120419674832634,5.191852427084834,5.031891680580728,0.09116434244152843,0.08815488160943571,0.08078646496548207,0.0773345191515721,0.0773345191515721,200.0,200.0,0.005,1.5286050203400237e-10,12.700568552445135,9,-6.381388473197802e-13,3.0878077872387166e-16,1.234568003383174e-13,-0.036311351297453776,0.9158439173596659,1.2171909271596253,0.18610868109637513,3.276030557941567e-10,0.0014011661987751722,not_checked,0.001,not_checked,not_checked,,-0.009161747791195593,0.034757896413645226,0.008411346201191217,True
local_b3_n200,32,2035161633,local,3,0.21213203435596426,200,0.0043867281100336,True,ok,0.0057096179831994665,0.696205799445869,0.0075460161647101795,2.462428074898779,2.105098459677136,0.3716654556464447,0.34401462386322157,0.3490468134418603,0.3192044103423639,0.3192044103423639,200.0,200.0,0.005,6.528666496308233e-12,11.713754913273718,10,-1.9661303835016852e-12,1.0234868508263162e-16,3.9968028886505635e-14,-0.08929044080949611,1.0820039255106833,1.2277938274345517,0.1799953542175215,1.376321279167314e-11,0.0014926251024007797,not_checked,0.001,not_checked,not_checked,,-0.009080301926389554,0.020499537892788487,0.0013228898731658667,True
local_b3_n200,33,2035161634,local,3,0.21213203435596426,200,0.0043867281100336,True,ok,0.014979015448496114,0.7479141162603242,0.013045389095934662,6.475348840099301,4.929805523749488,0.09928746260163665,0.08363701820095945,0.08501710887406504,0.04999645931810862,0.04999645931810862,200.0,200.0,0.005,1.3322676295501878e-15,16.664608407533706,11,-7.199102425303749e-16,-3.920475055707584e-16,-1.5631940186722204e-13,-0.24187133035042763,0.8052530315441702,1.7535868522588192,0.12112831524192144,3.552713678800501e-15,0.0015897091943770647,not_checked,0.001,not_checked,not_checked,,-0.01058947734384736,0.04054750824083959,0.010592287338462514,True
local_b3_n200,34,2035161635,local,3,0.21213203435596426,200,0.0043867281100336,True,ok,0.006351962409940848,0.6966742733646769,0.007124189769286972,2.6976618160280808,3.0105289894436646,0.31727298195046294,0.29585901784462365,0.22195857919477346,0.28072142205224176,0.28072142205224176,200.0,200.0,0.005,3.969380379942322e-12,13.09032617052083,10,-1.0709662323638014e-12,3.382710778154774e-17,1.4210854715202004e-14,-0.07843842602587081,0.8793479824888629,1.3554668679733846,0.13728580815306474,8.487432978654397e-12,0.0014399171341210604,not_checked,0.001,not_checked,not_checked,,-0.007611192956890335,0.02031511777677203,0.001965234299907248,True
local_b3_n200,35,2035161636,local,3,0.21213203435596426,200,0.0043867281100336,True,ok,0.0029005501275396472,0.6559950508721846,0.005435689609672881,1.2173846774285564,1.07998193257891,0.585167189298448,0.5699335527783107,0.5827535167768007,0.5598367668520638,0.5598367668520638,200.0,200.0,0.005,7.549516567451064e-15,11.276159975015807,10,-1.5621184901171148e-15,6.418476861114186e-17,2.55351295663786e-14,-0.02858231320634874,0.9978032594459612,1.1725163765915416,0.17801785947464613,1.5765166949677223e-14,0.0014380819629877806,not_checked,0.001,not_checked,not_checked,,-0.0077532057385577835,0.013554305993637078,-0.0014861779824939525,True
local_b3_n200,36,2035161637,local,3,0.21213203435596426,200,0.0043867281100336,True,ok,0.013480612767122313,0.784462584053712,0.01369796694941441,6.330378062073779,3.221549631395012,0.1719746587390109,0.1307476415262118,0.1997327979987304,0.06746660438231034,0.06746660438231034,200.0,200.0,0.005,2.5424107263916085e-13,12.187025297830239,11,-1.402038207753975e-13,1.3357370765021415e-16,5.3290705182007514e-14,-0.4690664776124267,0.839293287649535,2.2475035147722133,0.11559589108174251,5.575540029667536e-13,0.0015583320055156946,not_checked,0.001,not_checked,not_checked,,-0.013366909115149924,0.040328134649394554,0.009093884657088713,True
local_b3_n200,37,2035161638,local,3,0.21213203435596426,200,0.0043867281100336,True,ok,0.012202184397145155,0.5813088042695518,0.011492337933076672,5.229658618877238,4.3621936442676885,0.12395479339826299,0.1074692389119698,0.11291761215828981,0.08712278099566803,0.08712278099566803,200.0,200.0,0.005,3.470712606201687e-11,6.750872083068941,9,-1.156686031678067e-11,1.5265566588595902e-16,6.128431095930864e-14,-0.17439243000958804,0.8381047662662292,1.4935557605195569,0.18381958111959898,5.973843641982057e-11,0.001367376185953617,not_checked,0.001,not_checked,not_checked,,-0.010322384049848608,0.03472675284413892,0.007815456287111555,True
local_b3_n200,38,2035161639,local,3,0.21213203435596426,200,0.0043867281100336,True,ok,0.011881191893981846,0.6793179243813416,0.010777238055818842,5.102165302242597,4.488428426634343,0.1354463452421245,0.11712735246877645,0.10601080953573043,0.09289937333271271,0.09289937333271271,200.0,200.0,0.005,9.992007221626409e-16,11.539693063006247,11,-4.649058915617843e-16,-2.8275992658421956e-16,-1.1457501614131615e-13,-0.17484427232492905,1.0095155659168291,1.367553968666325,0.18225790310089635,1.9984014443252818e-15,0.001617209054529667,not_checked,0.001,not_checked,not_checked,,-0.009241806548237558,0.03300419033620125,0.007494463783948246,True
local_b3_n200,39,2035161640,local,3,0.21213203435596426,200,0.0043867281100336,True,ok,0.0006361910543872806,0.6603810618495463,0.002734192792700285,0.24763452476297534,0.22260511003193206,0.8752547340759078,0.878393214617082,0.8946680216785691,0.8805238972425801,0.8805238972425801,200.0,200.0,0.005,9.01406727038534e-11,18.53345576189655,9,1.0052788462777684e-11,6.591949208711867e-17,2.6867397195928788e-14,0.003420948495968454,0.813817705882643,1.1186717670038553,0.15280977331082776,2.1609736222671927e-10,0.001358125125989318,not_checked,0.001,not_checked,not_checked,,-0.004722728346094268,0.005995110454868829,-0.003750537055646319,True
local_b3_n200,40,2035161641,local,3,0.21213203435596426,200,0.0043867281100336,True,ok,0.005276329685797165,0.7040430097939854,0.0071185904066190155,2.2409608056756216,2.032478208938374,0.4032592356168858,0.3813744303707841,0.36195365345986535,0.34809984231258445,0.34809984231258445,200.0,200.0,0.005,1.577959984899735e-12,13.500772222638455,10,-4.1241142445525014e-13,-5.551115123125783e-17,-2.220446049250313e-14,-0.06521446567837774,0.9891469693126903,1.3500107991420782,0.16699538165740238,3.432587547536059e-12,0.001493541058152914,not_checked,0.001,not_checked,not_checked,,-0.008675851131868443,0.019228510503462776,0.0008896015757635656,True
local_b3_n200,41,2035161642,local,3,0.21213203435596426,200,0.0043867281100336,True,ok,0.010871766861624277,0.6272635035013507,0.010407995053003813,4.427851572690032,4.1751174680554355,0.12827660870180002,0.1236639263180461,0.12398945788747844,0.11368163960350772,0.11368163960350772,200.0,200.0,0.005,2.723155034800584e-12,12.795198940435611,10,-3.3199831772634525e-13,1.214306433183765e-16,4.973799150320701e-14,-0.03957241402016054,0.8500173484090198,1.2660981286336273,0.1675634707284181,5.594635865691089e-12,0.0014958330430090427,not_checked,0.001,not_checked,not_checked,,-0.009527528593534246,0.0312710623167828,0.006485038751590677,True
local_b3_n200,42,2035161643,local,3,0.21213203435596426,200,0.0043867281100336,True,ok,0.01274176710635766,0.6389378241833537,0.01121378399795099,5.558031635244843,4.66001326422901,0.11495818942488678,0.0946589558048696,0.097295101815137,0.07821033951793994,0.07821033951793994,200.0,200.0,0.005,1.1102230246251565e-15,8.082227097567907,11,-1.1796119636642288e-16,-2.723515857283587e-16,-1.0746958878371515e-13,-0.2306623963508896,1.0424608538267757,1.3123287124888086,0.20087354394656942,2.4424906541753444e-15,0.001595707843080163,not_checked,0.001,not_checked,not_checked,,-0.009236845660037862,0.034720379872753185,0.00835503899632406,True
local_b3_n200,43,2035161644,local,3,0.21213203435596426,200,0.0043867281100336,True,ok,0.011179093986272814,0.7696349270869471,0.010195208461901995,4.4664257972016665,4.530560390275691,0.11257984005368624,0.11286507542416019,0.10380094594538807,0.1069045608464544,0.1069045608464544,200.0,200.0,0.005,1.2315537478713168e-10,29.050657358849232,10,-1.2449243025347556e-12,-3.469446951953614e-16,-1.3855583347321954e-13,0.0026058986537296214,0.9160493250605684,1.130248787464159,0.12186323884720304,3.295537176484231e-10,0.0014427921269088984,not_checked,0.001,not_checked,not_checked,,-0.008803147413933093,0.031161335386478722,0.006792365876239215,True
local_b3_n200,44,2035161645,local,3,0.21213203435596426,200,0.0043867281100336,True,ok,0.001290830904836504,0.7295476186910388,0.004066855797066545,0.5346712837394841,0.390154681687227,0.7685701649520418,0.7614771956050563,0.8227710217902828,0.7724668521513726,0.7724668521513726,200.0,200.0,0.005,5.568462357885551e-16,17.54582107491068,10,3.0357660829594124e-17,1.3530843112619095e-16,5.3734794391857577e-14,-0.009169460902441251,0.6874926980671459,1.3768767170604554,0.10255533921766377,1.5543122344752192e-15,0.00145016610622406,not_checked,0.001,not_checked,not_checked,,-0.0066800599877318585,0.009261721797404867,-0.0030958972051970957,True
local_b3_n200,45,2035161646,local,3,0.21213203435596426,200,0.0043867281100336,True,ok,0.0038285207878019367,0.6296433045964633,0.0060183299847777075,1.5817281978848587,1.58533188984208,0.48203406813984495,0.4706188541441806,0.4526364814201844,0.46500637790673194,0.46500637790673194,200.0,200.0,0.005,3.885780586188048e-15,11.167062637865042,10,-5.568462357885551e-16,1.3183898417423734e-16,5.3290705182007514e-14,-0.025159941382042028,0.9961493483665396,1.1041816887044844,0.19114207307498512,7.993605777301127e-15,0.0014427092391997576,not_checked,0.001,not_checked,not_checked,,-0.007967189229439862,0.015624230805043736,-0.000558207322231663,True
local_b3_n200,46,2035161647,local,3,0.21213203435596426,200,0.0043867281100336,True,ok,0.00939061997868218,0.5944326124828496,0.010835085481251852,4.002736089517399,2.769868096957603,0.20177761127290467,0.1823972333996376,0.25034030957150116,0.1528766341260488,0.1528766341260488,200.0,200.0,0.005,5.446088024996243e-11,7.550055383876436,9,-2.1282576395664776e-12,2.0816681711721685e-17,6.661338147750939e-15,-0.12324404902226371,0.8302311359972973,1.5361318729713533,0.1802274515891545,1.133060312241696e-10,0.0013246247544884682,not_checked,0.001,not_checked,not_checked,,-0.01184575733398429,0.03062699729134865,0.00500389186864858,True
local_b3_n200,47,2035161648,local,3,0.21213203435596426,200,0.0043867281100336,True,ok,0.0011649323900406738,0.5639265148145751,0.0033783510373352563,0.47133739010191955,0.4712093393127327,0.8000164002284578,0.797965277402114,0.7900929599220204,0.7921642850909119,0.7921642850909119,200.0,200.0,0.005,5.824196680492832e-11,9.663558815675112,8,-4.5642079525565205e-12,-4.484260185400046e-16,-1.7963408538435033e-13,-0.002682217042825008,0.9419601791911465,1.1561941415840173,0.21702893704479778,1.1158496349139568e-10,0.0012217918410897255,not_checked,0.001,not_checked,not_checked,,-0.00545651397026996,0.007786378750351308,-0.003221795719992926,True
local_b3_n200,48,2035161649,local,3,0.21213203435596426,200,0.0043867281100336,True,ok,0.01870014604246273,0.5986100468670834,0.01426166095445469,7.751684694301936,6.309849032328309,0.034234467329710264,0.03033857208196228,0.04264161962419006,0.023753409319893396,0.023753409319893396,200.0,200.0,0.005,1.2786260938923988e-10,10.321104881504098,9,-2.9144450741647177e-11,-2.498001805406602e-16,-9.769962616701378e-14,-0.13581313865842226,0.9603043474791735,1.2436863480945413,0.19707509423908917,2.3656521186410373e-10,0.0013334997929632664,not_checked,0.001,not_checked,not_checked,,-0.009252195787989595,0.04665248787291505,0.014313417932429129,True
local_b3_n200,49,2035161650,local,3,0.21213203435596426,200,0.0043867281100336,True,ok,0.007825245088721067,0.7213671963155246,0.008384727740417514,3.2850145201904075,3.183609608218336,0.25389389451675015,0.23730944690381617,0.20355789787774392,0.20907776440172302,0.20907776440172302,200.0,200.0,0.005,1.1639134100960291e-11,16.251101163825123,10,-2.8176454225370406e-12,5.204170427930421e-17,2.220446049250313e-14,-0.07745824235099041,1.018378231529901,1.269282425340364,0.1618792087438782,2.620148542575862e-11,0.0015046668704599142,not_checked,0.001,not_checked,not_checked,,-0.008608519302671168,0.0242590094801133,0.003438516978687467,True
local_b3_n200,50,2035161651,local,3,0.21213203435596426,200,0.0043867281100336,True,ok,0.02293910385242448,0.6288833884927651,0.015948687539108868,10.068223664883233,7.083407494169949,0.02775195859209434,0.019790774142705414,0.028963937796128516,0.010175007907693396,0.010175007907693396,200.0,200.0,0.005,6.661338147750939e-16,7.986259020620339,11,-4.510281037539698e-16,-2.671474153004283e-16,-1.0658141036401503e-13,-0.4462910619567202,1.033578449159802,1.4927448089252766,0.20872280913643376,1.1102230246251565e-15,0.0016159159131348133,not_checked,0.001,not_checked,not_checked,,-0.008319749324911647,0.05419795702976061,0.01855237574239088,True
local_b3_n200,51,2035161652,local,3,0.21213203435596426,200,0.0043867281100336,True,ok,0.013667336200885227,0.6169151868606388,0.011851100124030808,5.745733092479678,4.897757863117739,0.08533983442449744,0.0752935590903562,0.08639038176278678,0.06499355029912526,0.06499355029912526,200.0,200.0,0.005,1.5204604242313735e-10,9.864357161032839,9,-1.2320235109886113e-11,-1.5265566588595902e-16,-6.039613253960852e-14,-0.13939930606279338,1.0469596393773322,1.1735298023655087,0.20341859498253245,3.2568125973853057e-10,0.0013770419172942638,not_checked,0.001,not_checked,not_checked,,-0.009560393219393323,0.03689506562116378,0.009280608090851628,True
local_b3_n200,52,2035161653,local,3,0.21213203435596426,200,0.0043867281100336,True,ok,0.005926789284147027,0.6051286856484015,0.00696977552710953,2.508771813979139,2.790156222399074,0.32899437026954703,0.30858476426425907,0.2478136785875128,0.3056367857151372,0.3056367857151372,200.0,200.0,0.005,8.951406282875496e-11,8.299089221566254,9,-9.971190539914687e-14,5.898059818321144e-17,2.4868995751603507e-14,-0.06902805016016411,0.8711978534055044,1.2784153530037987,0.17165195772285935,1.8842261084728307e-10,0.0013796240091323853,not_checked,0.001,not_checked,not_checked,,-0.007733719729316323,0.019587298297610377,0.0015400611741134274,True
local_b3_n200,53,2035161654,local,3,0.21213203435596426,200,0.0043867281100336,True,ok,0.008779450765310726,0.7059221646476896,0.009975715532227777,3.871472968498619,2.6660726166460704,0.24703694819330207,0.21438677309317494,0.2636754446873195,0.17275339686367136,0.17275339686367136,200.0,200.0,0.005,8.881784197001252e-16,10.791985915562568,11,2.671474153004283e-16,7.632783294297951e-17,3.108624468950438e-14,-0.1798463311871643,1.056795570501126,1.4646681874480332,0.18010997348553137,2.220446049250313e-15,0.0015924999024719,not_checked,0.001,not_checked,not_checked,,-0.010772592397872535,0.028331493928493986,0.004392722655277126,True
local_b3_n200,54,2035161655,local,3,0.21213203435596426,200,0.0043867281100336,True,ok,0.00015474172205198755,0.6214460582240282,0.0011454794504132495,0.061205339966391666,0.07334906218696505,0.9673810939942615,0.9677394486508863,0.9639898330137113,0.9695256532018065,0.9695256532018065,200.0,200.0,0.005,1.8573786952913451e-10,14.263146797494706,8,8.234000503995476e-15,8.603144238672478e-17,3.441691376337985e-14,0.0003456744272016775,0.8334431141142796,1.0447333991851107,0.1571344015990951,4.004931941636869e-10,0.0012447931803762913,not_checked,0.001,not_checked,not_checked,,-0.002090356745788716,0.0023998401898926913,-0.004231986387981612,False
local_b3_n200,55,2035161656,local,3,0.21213203435596426,200,0.0043867281100336,True,ok,0.02440028910324199,0.5225155306821989,0.014076783228275732,10.390201528659375,10.534052222945428,0.014615163059477135,0.011188826087653994,0.0051589298651455425,0.007596574775999631,0.007596574775999631,200.0,200.0,0.005,1.443622998920091e-12,5.865034697250893,10,-3.8163916471489756e-16,-8.673617379884035e-17,-3.552713678800501e-14,-0.3150429436812896,0.9828788324520428,1.3019780993240029,0.23526758655560623,2.681854738284528e-12,0.00150929088704288,not_checked,0.001,not_checked,not_checked,,-0.003189699042355918,0.051990277248839895,0.02001356099320839,True
local_b3_n200,56,2035161657,local,3,0.21213203435596426,200,0.0043867281100336,True,ok,0.002288354714302887,0.7525044327063677,0.005266775528181119,0.9582271085998068,0.7110332199046482,0.6579878365250702,0.6452867216978092,0.7008113035800279,0.6327556547198676,0.6327556547198676,200.0,200.0,0.005,9.325873406851315e-15,18.64649865166871,10,-1.7156415177410622e-15,2.0079424234431542e-16,7.993605777301127e-14,-0.021442611439325965,0.8594123015961779,1.3750462528527638,0.12288671314280486,2.2870594307278225e-14,0.001495374832302332,not_checked,0.001,not_checked,not_checked,,-0.008034335635589028,0.012611045064194802,-0.0020983733957307127,True
local_b3_n200,57,2035161658,local,3,0.21213203435596426,200,0.0043867281100336,True,ok,0.001259775796061735,0.7367954062084305,0.003758243306781126,0.5271928136171944,0.4867540211468956,0.7793262937281874,0.7704934794409124,0.7839758908483961,0.7772795911166135,0.7772795911166135,200.0,200.0,0.005,1.7763568394002505e-15,17.20914905387062,10,-1.5113778284447932e-16,4.336808689942018e-19,2.220446049250313e-16,-0.011641247596250182,0.6709879336338992,1.4914512436106877,0.0965521670065478,4.218847493575595e-15,0.0015028342604637146,not_checked,0.001,not_checked,not_checked,,-0.00610624573036799,0.00862579732249146,-0.0031269523139718647,True
local_b3_n200,58,2035161659,local,3,0.21213203435596426,200,0.0043867281100336,True,ok,0.005472666118607972,0.724028824742406,0.006855957759309868,2.28395974654122,2.4255484077728697,0.38059503617076107,0.3651476770797629,0.2973711658120017,0.3346957985517501,0.3346957985517501,200.0,200.0,0.005,8.399947404313934e-13,16.771857328238763,10,-1.7717251277193924e-13,-1.2750217548429532e-16,-5.0182080713057076e-14,-0.04744664954901556,0.9135617731427121,1.3768022068637982,0.14645399585888236,1.9253487693049465e-12,0.0014908749144524336,not_checked,0.001,not_checked,not_checked,,-0.007964764169167297,0.01891009640638324,0.001085938008574372,True
local_b3_n200,59,2035161660,local,3,0.21213203435596426,200,0.0043867281100336,True,ok,0.0041239053121409075,0.6112297351346521,0.006645240634783894,1.7127442756040696,1.4853940824021947,0.4600034043749719,0.4465699720407412,0.47582885334503977,0.43833094907395576,0.43833094907395576,200.0,200.0,0.005,1.1762602003528855e-10,9.879147957699761,9,-1.8474805019152996e-15,-1.214306433183765e-16,-4.929390229335695e-14,-0.031591075373853306,0.927379800134651,1.2082449482889115,0.18172326137379166,2.505493590376773e-10,0.0013481250498443842,not_checked,0.001,not_checked,not_checked,,-0.008900527000637612,0.01714833762491943,-0.00026282279789269225,True
local_b3_n200,60,2035161661,local,3,0.21213203435596426,200,0.0043867281100336,True,ok,0.002287309681195504,0.5851947515826825,0.005244870049102916,0.9461034913429832,0.7219285325132621,0.6594505882511943,0.650195622358867,0.6970039045805291,0.6328879186630194,0.6328879186630194,200.0,200.0,0.005,3.53802542818471e-11,8.960052807856153,9,-1.1709383462843448e-16,6.938893903907228e-18,3.3306690738754696e-15,-0.0155898094323908,0.905674653334862,1.3230107028006781,0.20022443427777284,7.234080001694565e-11,0.0013688739854842424,not_checked,0.001,not_checked,not_checked,,-0.007992446718639036,0.012567066081030044,-0.0020994184288380957,True
local_b3_n200,61,2035161662,local,3,0.21213203435596426,200,0.0043867281100336,True,ok,0.011324184080448996,0.5820879439805096,0.011348919451866389,4.841162645728691,3.5318684298568277,0.14818917160026646,0.13023466788990717,0.17102693591248094,0.10384697931434915,0.10384697931434915,200.0,200.0,0.005,3.0458302546776395e-11,6.9332446924882145,9,-6.3299053498777624e-12,4.5102810375396984e-17,1.9539925233402755e-14,-0.1557445067745462,0.9746164742062295,1.3992940705889703,0.21392906002263146,6.208367153703875e-11,0.0013913328293710947,not_checked,0.001,not_checked,not_checked,,-0.010919289308655176,0.03356765746955317,0.006937455970415396,True
local_b3_n200,62,2035161663,local,3,0.21213203435596426,200,0.0043867281100336,True,ok,0.0347457035992218,0.5315738199245501,0.018394652013221324,15.112870713727968,12.02061559617589,0.0031743331515944936,0.0019227836054817576,0.0024533329330021533,0.0009594592438695485,0.0009594592438695485,200.0,200.0,0.005,2.35844677121122e-12,5.291526502954216,10,-2.498001805406602e-16,-5.551115123125783e-17,-2.1316282072803006e-14,-0.6072946370196242,1.1546087768424351,1.2572725531470181,0.2825905281526374,4.442002321525251e-12,0.0014531679917126894,not_checked,0.001,not_checked,not_checked,,-0.001307151854839192,0.07079855905328279,0.0303589754891882,True
local_b3_n200,63,2035161664,local,3,0.21213203435596426,200,0.0043867281100336,True,ok,0.0006156282576994521,0.5326145652378398,0.0026079039772950313,0.24688313090739045,0.2251020285680711,0.8824006383711571,0.8821176529992301,0.8935517620423915,0.8841525604501728,0.8841525604501728,200.0,200.0,0.005,2.4967805600795145e-12,9.139399021920228,8,-3.940597848028915e-14,1.8366384801904445e-16,7.349676423018536e-14,-0.0003159139138048106,0.8395649917050176,1.151819071185296,0.19443957231704811,4.704459044546638e-12,0.0012278759386390448,not_checked,0.001,not_checked,not_checked,,-0.004495769612937572,0.0057270261283364765,-0.0037710998523341477,True
local_b3_n200,64,2035161665,local,3,0.21213203435596426,200,0.0043867281100336,True,ok,0.0014938379590112572,0.7136945459686994,0.003536976971104954,0.6121622942208861,0.7106628087885133,0.7504586185095772,0.745221269930348,0.7009411097486481,0.741731773949568,0.741731773949568,200.0,200.0,0.005,1.1102230246251565e-15,17.29107071550984,10,-1.1492543028346347e-17,-1.734723475976807e-18,-6.661338147750939e-16,-0.0073135553081916105,0.8368330744982363,1.2857616089708137,0.12704220147741233,2.6645352591003757e-15,0.0014672919642180204,not_checked,0.001,not_checked,not_checked,,-0.00543850951850202,0.008426185436524534,-0.0028928901510223426,True
local_b3_n200,65,2035161666,local,3,0.21213203435596426,200,0.0043867281100336,True,ok,0.007980902048142946,0.6032071670391834,0.00946477205220796,3.3829087122697414,2.6179643947346456,0.24300976138078034,0.22350765753640295,0.2700948197521442,0.20266915462918386,0.20266915462918386,200.0,200.0,0.005,8.199252388152445e-11,8.25746681039858,9,-6.080431297350586e-13,-1.1275702593849246e-16,-4.529709940470639e-14,-0.09527394650628151,0.9549620439222194,1.3097467202594768,0.19777837591977682,1.7211565506158877e-10,0.0013893749564886093,not_checked,0.001,not_checked,not_checked,,-0.010569710296065911,0.026531514392351803,0.0035941739381093463,True
local_b3_n200,66,2035161667,local,3,0.21213203435596426,200,0.0043867281100336,True,ok,0.022078984773892252,0.6067126854195231,0.015697850275276322,9.531242964746962,6.925652078661418,0.028566303531087463,0.021812974976832752,0.031341065663473784,0.012084919152203418,0.012084919152203418,200.0,200.0,0.005,9.621337060394808e-11,8.032262423473858,10,-1.3183898417423734e-16,-7.632783294297951e-17,-2.842170943040401e-14,-0.3498245275950307,0.9498998685084592,1.4870128306638857,0.20037716419437385,2.0296431202382337e-10,0.0015241249930113554,not_checked,0.001,not_checked,not_checked,,-0.00868823640035151,0.052846205948136014,0.017692256663858652,True
local_b3_n200,67,2035161668,local,3,0.21213203435596426,200,0.0043867281100336,True,ok,0.015079524456707682,0.7080198442143975,0.012441346968930317,6.587053921591352,5.558688257955428,0.07454480201229344,0.058882671358352956,0.0620792099829837,0.04900147440915075,0.04900147440915075,200.0,200.0,0.005,6.661338147750939e-16,12.382433162476659,11,-2.3245294578089215e-16,-2.6020852139652106e-17,-8.881784197001252e-15,-0.27762206945413936,0.9993172661067333,1.3172105449175804,0.14835705459444015,1.3322676295501878e-15,0.0016184160485863686,not_checked,0.001,not_checked,not_checked,,-0.009305067521562304,0.03946411643497767,0.010692796346674083,True
local_b3_n200,68,2035161669,local,3,0.21213203435596426,200,0.0043867281100336,True,ok,0.004426947347573096,0.6529945850674177,0.0072387397475065195,1.8792068636038364,1.358402840148106,0.46900368598940134,0.44788429334664126,0.5070217281112479,0.41255346498782774,0.41255346498782774,200.0,200.0,0.005,2.324807013565078e-13,10.31520747246697,10,-5.78469563916606e-14,1.1015494072452725e-16,4.39648317751562e-14,-0.05421396228729902,0.9756960385289121,1.3852414813919098,0.18652975483489664,4.671818487622659e-13,0.0014649569056928158,not_checked,0.001,not_checked,not_checked,,-0.009760721850998248,0.01861461654614444,4.021923753949608e-05,True
local_b3_n200,69,2035161670,local,3,0.21213203435596426,200,0.0043867281100336,True,ok,0.016206233797915637,0.5579227923633547,0.013405577250793598,6.859933343610498,5.363170658035771,0.060624924259314525,0.05170341310991608,0.06845454510972133,0.03911509756317845,0.03911509756317845,200.0,200.0,0.005,5.364186872469645e-11,7.06563031158846,9,-1.6951766379502686e-11,1.3877787807814457e-17,6.217248937900877e-15,-0.1887199122221217,0.9356036845124288,1.3607265172789185,0.2174359415975299,8.779643678735738e-11,0.0013573749456554651,not_checked,0.001,not_checked,not_checked,,-0.010068214805609287,0.04248068240144056,0.011819505687882037,True
local_b3_n200,70,2035161671,local,3,0.21213203435596426,200,0.0043867281100336,True,ok,0.007223862358412658,0.7209800534877104,0.009656630799696243,3.0405241482768193,2.0430593108694857,0.26869371891254,0.25163119910445814,0.3600437758163486,0.23579972156666018,0.23579972156666018,200.0,200.0,0.005,8.021139308311831e-12,15.875834236945764,10,-1.993739374983594e-12,5.551115123125783e-17,2.220446049250313e-14,-0.07548960245587799,0.7289066924691585,1.51590768255887,0.11025830357997095,1.8026469206233742e-11,0.0014549577608704567,not_checked,0.001,not_checked,not_checked,,-0.011702786220992197,0.026150510937817513,0.0028371342483790585,True
local_b3_n200,71,2035161672,local,3,0.21213203435596426,200,0.0043867281100336,True,ok,0.009814692809091197,0.5624053590329201,0.009841163895082935,4.155836000235813,3.6693032127815015,0.1719973482555136,0.1551493467331136,0.15966911978000137,0.1404451073147587,0.1404451073147587,200.0,200.0,0.005,1.1635803431886416e-11,6.804597332376958,9,-8.946385299246629e-13,-2.1684043449710089e-16,-8.659739592076221e-14,-0.11497943829966717,1.093821572642274,1.1364892976404328,0.2461279356609179,2.3001156534974143e-11,0.0013325000181794167,not_checked,0.001,not_checked,not_checked,,-0.009473633991227269,0.029103019609409662,0.005427964699057597,True
local_b3_n200,72,2035161673,local,3,0.21213203435596426,200,0.0043867281100336,True,ok,0.006415233741998261,0.6466347504931462,0.00814211957978637,2.6866656925986705,2.310275478040121,0.3234284677120015,0.30677113148421786,0.3150141441755221,0.27719147990848003,0.27719147990848003,200.0,200.0,0.005,5.4989346409684e-13,11.17509446607793,10,-1.2809024674265146e-13,6.418476861114186e-17,2.6201263381153694e-14,-0.06028609789968309,1.0238529302012402,1.2545740832887429,0.1986937890273083,1.112887559884257e-12,0.0014486662112176418,not_checked,0.001,not_checked,not_checked,,-0.009543027392201423,0.022373494876197945,0.002028505631964661,True
local_b3_n200,73,2035161674,local,3,0.21213203435596426,200,0.0043867281100336,True,ok,0.014646439873925887,0.656919615540299,0.012669629348915197,6.279146974734705,4.679667966375746,0.08193377590107712,0.06864629443436879,0.09634363156545629,0.05343507172157915,0.05343507172157915,200.0,200.0,0.005,8.326672684688674e-16,10.562054489979515,11,3.157196726277789e-16,1.491862189340054e-16,6.128431095930864e-14,-0.2102855125821752,0.9929456569206683,1.3420027414193387,0.17908139259060626,4.440892098500626e-16,0.001550166867673397,not_checked,0.001,not_checked,not_checked,,-0.010185577347419553,0.03947845709527133,0.010259711763892287,True
local_b3_n200,74,2035161675,local,3,0.21213203435596426,200,0.0043867281100336,True,ok,0.00913834070769659,0.6337990677872685,0.009585779866534309,3.886027905110476,3.3579042501879597,0.2077862721252826,0.18839041923534547,0.18656937501099669,0.16078806597910364,0.16078806597910364,200.0,200.0,0.005,1.0562883900888664e-11,9.525818294896409,10,-3.1156327517933846e-12,1.5785983631388945e-16,6.217248937900877e-14,-0.11534581101591979,0.9712305524309061,1.362054350198981,0.19393517830544907,2.0262014288618957e-11,0.0014467919245362282,not_checked,0.001,not_checked,not_checked,,-0.009649442594439821,0.027926124009833003,0.004751612597662991,True
local_b3_n200,75,2035161676,local,3,0.21213203435596426,200,0.0043867281100336,True,ok,0.005025394902237412,0.5850203864026935,0.007142579247194371,2.11033379784489,1.8698938104244796,0.3985527416235772,0.3806993629178642,0.39260671034809713,0.36601572557660683,0.36601572557660683,200.0,200.0,0.005,3.513533908261479e-11,7.996018710239552,9,-1.2323475573339238e-14,-3.469446951953614e-17,-1.4210854715202004e-14,-0.05008791847496252,1.0541489713791654,1.131750155701639,0.2291436724073044,7.172418214906884e-11,0.0013407510705292225,not_checked,0.001,not_checked,not_checked,,-0.008973803178986767,0.01902459298346159,0.0006386667922038125,True
local_b3_n200,76,2035161677,local,3,0.21213203435596426,200,0.0043867281100336,True,ok,7.335356933912962e-05,0.7191569522464774,0.0006973522212983743,0.029639060220336282,0.04462551738905722,0.9836529781970407,0.9834885977697911,0.9779343297521247,0.9854363767168026,0.9854363767168026,200.0,200.0,0.005,3.3639757646142243e-14,19.226104419117966,9,-1.2619029085558786e-15,1.0001765041178778e-16,3.9968028886505635e-14,-0.000148816242342217,0.6571117376758897,1.2047760915737422,0.09436689127974071,8.237854842718662e-14,0.0013306669425219297,not_checked,0.001,not_checked,not_checked,,-0.0012934316689446896,0.0014401388076229489,-0.00431337454069447,False
local_b3_n200,77,2035161678,local,3,0.21213203435596426,200,0.0043867281100336,True,ok,0.004601762520104913,0.6193329461114847,0.007135438680836946,1.8380425996245124,1.699345012314493,0.37652252803641817,0.37705073069160466,0.42755493063034267,0.39837858627699047,0.39837858627699047,200.0,200.0,0.005,1.690453332869879e-10,13.63848712979942,9,1.3704315460216776e-16,6.765421556309548e-17,2.6201263381153694e-14,0.0013312042087263443,0.7819716802930328,1.1177080675412017,0.14830070241844462,3.6376390788461777e-10,0.0013330818619579077,not_checked,0.001,not_checked,not_checked,,-0.009383440308229494,0.01858696534843932,0.00021503441007131308,True
local_b3_n200,78,2035161679,local,3,0.21213203435596426,200,0.0043867281100336,True,ok,0.02629675955241595,0.490230351909245,0.01705674445018374,11.21130565743599,8.787327252026252,0.014047719262043016,0.010841952707819753,0.012355380707009278,0.005198672832531799,0.005198672832531799,200.0,200.0,0.005,2.3026025530725747e-13,4.891936339532157,10,2.983724378680108e-16,1.3877787807814457e-16,5.5067062021407764e-14,-0.3463009182348049,0.8238794760862832,1.52407756391944,0.2140699801640249,4.056754931980322e-13,0.0014428761787712574,not_checked,0.001,not_checked,not_checked,,-0.007133845263447625,0.05972736436827952,0.02191003144238235,True
local_b3_n200,79,2035161680,local,3,0.21213203435596426,200,0.0043867281100336,True,ok,0.0011619853703421779,0.6513425785155069,0.003393482981712342,0.47972470633312597,0.4560861276754469,0.7989705111298083,0.7932313538900007,0.7960899764077138,0.7926313274662207,0.7926313274662207,200.0,200.0,0.005,4.787836793695988e-16,12.258577847670223,10,1.713039432527097e-16,1.238158880978446e-16,4.907185768843192e-14,-0.007465279098127414,1.009011334057032,1.0625907419727416,0.18013607992388486,8.881784197001252e-16,0.001442709006369114,not_checked,0.001,not_checked,not_checked,,-0.005489119055963607,0.007813089796647962,-0.003224742739691422,True
local_b3_n200,80,2035161681,local,3,0.21213203435596426,200,0.0043867281100336,True,ok,0.00245250998077462,0.583638891379513,0.004913919681883048,1.0159736385583074,0.9519929077570589,0.6339187245414976,0.6237026132195131,0.6212656853271412,0.6123189352681842,0.6123189352681842,200.0,200.0,0.005,3.2833957774869305e-11,8.796225202575325,9,-1.7650811368064012e-16,-1.964574336543734e-16,-7.882583474838611e-14,-0.01748482312422972,1.0420672311162735,1.1108877043602217,0.21767216713904375,6.701772470307787e-11,0.0013312511146068573,not_checked,0.001,not_checked,not_checked,,-0.007178595618638674,0.012083615580187914,-0.00193421812925898,True
local_b3_n200,81,2035161682,local,3,0.21213203435596426,200,0.0043867281100336,True,ok,0.010271304999163178,0.6801276902130917,0.010456442038051008,4.493223959936265,3.4484944678698866,0.19033040247766592,0.1633774709652409,0.1783072248941311,0.1281875311901892,0.1281875311901892,200.0,200.0,0.005,1.1102230246251565e-15,9.951054049428514,11,1.8561541192951836e-16,6.591949208711867e-17,2.6645352591003757e-14,-0.192350980135497,1.0021607359268838,1.4819704818999835,0.1796214592484815,2.4424906541753444e-15,0.0015443740412592888,not_checked,0.001,not_checked,not_checked,,-0.010222944801847399,0.030765554800173754,0.005884576889129578,True
local_b3_n200,82,2035161683,local,3,0.21213203435596426,200,0.0043867281100336,True,ok,0.006889208610787456,0.6795601064521597,0.00873545650118863,2.8044943272613145,2.5055976923140615,0.259300784244167,0.25339571381275106,0.28570403513769516,0.25212211584523336,0.25212211584523336,200.0,200.0,0.005,3.4783287361506154e-13,15.941311783074381,10,-3.853254521013483e-14,-1.0408340855860843e-16,-4.218847493575595e-14,-0.024405441473166034,0.7061268139924908,1.3690196770759826,0.12034542844589083,7.762679388179095e-13,0.0014429991133511066,not_checked,0.001,not_checked,not_checked,,-0.01023197152005853,0.024010388741633443,0.0025024805007538564,True
local_b3_n200,83,2035161684,local,3,0.21213203435596426,200,0.0043867281100336,True,ok,0.008180097911784978,0.6558026335520548,0.0094053000946585,3.1875755009614295,3.0387413298612524,0.16844684952408223,0.17621401626576344,0.21884957333365257,0.1947537025977133,0.1947537025977133,200.0,200.0,0.005,7.969180870759374e-13,19.149058596774562,10,1.2665563042801864e-13,-8.500145032286355e-17,-3.4638958368304884e-14,0.04223183187628088,0.7258948136786187,1.1152966449485622,0.12496130323774711,1.944000516118649e-12,0.0014502510894089937,not_checked,0.001,not_checked,not_checked,,-0.010253951537536842,0.0266141473611068,0.0037933698017513784,True
local_b3_n200,84,2035161685,local,3,0.21213203435596426,200,0.0043867281100336,True,ok,0.0046001688627643755,0.7033623217483425,0.007001952327049175,1.8709712015792004,1.7079802733962315,0.38205796899179034,0.375979682876192,0.42571288589985246,0.3985055823063974,0.3985055823063974,200.0,200.0,0.005,2.930988785010413e-14,17.665881373824632,10,-3.400058012914542e-15,-2.8189256484623115e-16,-1.1235457009206584e-13,-0.015451828236725085,0.7956386898247034,1.1320158739296804,0.12312938726326192,6.838973831690964e-14,0.0014354169834405184,not_checked,0.001,not_checked,not_checked,,-0.009123405519718429,0.01832374324524718,0.00021344075273077578,True
local_b3_n200,85,2035161686,local,3,0.21213203435596426,200,0.0043867281100336,True,ok,0.0014075467964345112,0.6504025537437998,0.003900938686087746,0.5780277097164512,0.5054403204196376,0.7656202710347819,0.7601975202810338,0.7766851988384255,0.7546438527139034,0.7546438527139034,200.0,200.0,0.005,5.551115123125783e-16,12.637800212525459,10,-1.5655879370690684e-16,-1.194790794079026e-16,-4.796163466380676e-14,-0.007504495571323377,0.9026351755687426,1.2270328606305234,0.1732313520619888,1.1102230246251565e-15,0.001440458931028843,not_checked,0.001,not_checked,not_checked,,-0.006238152534196471,0.009053246127065494,-0.0029791813135990886,True
local_b3_n200,86,2035161687,local,3,0.21213203435596426,200,0.0043867281100336,True,ok,0.011353851756209066,0.6472752292725241,0.011303060915292306,4.89188048899531,3.5841072395705336,0.14735619231955188,0.12734005495299067,0.16661764878347027,0.10323262406385217,0.10323262406385217,200.0,200.0,0.005,1.0821277207639923e-10,9.394421579481799,10,-3.670302256564284e-11,2.7755575615628914e-17,1.2434497875801753e-14,-0.17516989325584165,1.0076720109765616,1.3650138497078361,0.19032395215769174,2.0501311759346663e-10,0.0014400009531527758,not_checked,0.001,not_checked,not_checked,,-0.010799740552826193,0.03350744406524432,0.006967123646175466,True
local_b3_n200,87,2035161688,local,3,0.21213203435596426,200,0.0043867281100336,True,ok,0.02531771245142367,0.6049660363277483,0.014900468093114079,11.099949902287669,10.040772463597786,0.015034841676629909,0.010080369860384221,0.0066019763236347595,0.006323120198975587,0.006323120198975587,200.0,200.0,0.005,8.854639244049167e-11,7.1096728994918506,10,-1.249000902703301e-16,-1.942890293094024e-16,-7.815970093361102e-14,-0.48643246085910086,1.096630393269954,1.3060449956557196,0.21515965603128817,1.8698620429802304e-10,0.001445041038095951,not_checked,0.001,not_checked,not_checked,,-0.0038866683638681433,0.05452209326671548,0.02093098434139007,True
local_b3_n200,88,2035161689,local,3,0.21213203435596426,200,0.0043867281100336,True,ok,0.002176955902028821,0.6964058799982531,0.004714203243483373,0.8897108974063388,0.8170819009532801,0.6652229392785378,0.6593567423550439,0.664619255458932,0.647011519339376,0.647011519339376,200.0,200.0,0.005,1.1102230246251565e-15,16.251000065396237,10,-8.239936510889834e-17,-1.0928757898653885e-16,-4.3076653355456074e-14,-0.00946426829740521,1.0050468184057495,1.1342541229160847,0.16459813319655778,2.4424906541753444e-15,0.001442332984879613,not_checked,0.001,not_checked,not_checked,,-0.007062712671000499,0.01141662447505814,-0.002209772208004779,True
local_b3_n200,89,2035161690,local,3,0.21213203435596426,200,0.0043867281100336,True,ok,0.004180274424069541,0.7888798517450213,0.005894113238590373,1.8448633224577031,1.8003520254717094,0.48612168782724124,0.45133850005302123,0.4064981045999655,0.4334170351503731,0.4334170351503731,200.0,200.0,0.005,2.9791946687396376e-11,17.30784230346341,10,-1.011561320818366e-11,1.7520707107365752e-16,7.016609515630989e-14,-0.08637677641494335,1.006986420043501,1.3251320330772876,0.11558774773988545,7.218936559638678e-11,0.0014472082257270813,not_checked,0.001,not_checked,not_checked,,-0.007371975244368327,0.01573252409250741,-0.00020645368596405866,True
local_b3_n200,90,2035161691,local,3,0.21213203435596426,200,0.0043867281100336,True,ok,0.008719521014526332,0.6738524150808438,0.009319145800748264,3.6834155435915434,3.2493634139353222,0.2191559806127814,0.2013270399639453,0.19697436079406178,0.17483646933098346,0.17483646933098346,200.0,200.0,0.005,1.1799894394926014e-11,12.264086489236895,10,-3.1633480557236027e-12,-2.2551405187698492e-17,-8.43769498715119e-15,-0.09780356889050523,1.0459996501997177,1.2539336236291985,0.19193461905226966,2.4187096769878735e-11,0.0014350421261042356,not_checked,0.001,not_checked,not_checked,,-0.009545669121617948,0.026984711150670613,0.004332792904492733,True
local_b3_n200,91,2035161692,local,3,0.21213203435596426,200,0.0043867281100336,True,ok,0.0067814744063487975,0.6971658266286536,0.00879724241904859,2.9493003400962032,2.1178935053491887,0.3198156854825537,0.28984340681426446,0.3468209062200427,0.25761349949071644,0.25761349949071644,200.0,200.0,0.005,2.879163574220911e-11,11.177060262944627,10,-9.526854999331036e-12,-4.579669976578771e-16,-1.829647544582258e-13,-0.11835528877834212,0.976267448402566,1.4208904532026227,0.16484201720499195,6.008882280639227e-11,0.0014403748791664839,not_checked,0.001,not_checked,not_checked,,-0.010460803898254462,0.024023752710952057,0.0023947462963151978,True
local_b3_n200,92,2035161693,local,3,0.21213203435596426,200,0.0043867281100336,True,ok,0.011085408133083563,0.6045936579158486,0.010284983994245002,4.765845743230752,4.269693318592519,0.1439926617903815,0.12469540308464408,0.11826272347557285,0.10892653371421958,0.10892653371421958,200.0,200.0,0.005,8.735789869263044e-11,7.4402807040956205,9,-1.2662603604551848e-11,1.734723475976807e-18,-8.881784197001252e-16,-0.16584124499866348,1.0075367055717712,1.2809327587002977,0.20120026820691214,1.837374696833649e-10,0.0013214170467108488,not_checked,0.001,not_checked,not_checked,,-0.00907279007720755,0.031243606343374676,0.006698680023049963,True
local_b3_n200,93,2035161694,local,3,0.21213203435596426,200,0.0043867281100336,True,ok,0.002776196170608758,0.7051578126319713,0.0053560220297078805,1.1224764132644467,1.098652489192078,0.585688693596377,0.582346375768787,0.5773386644145885,0.5739349399498257,0.5739349399498257,200.0,200.0,0.005,1.4432899320127035e-15,18.23795246988647,10,8.586881206085195e-17,1.1319070680748666e-16,4.574118861455645e-14,-0.005998972510471767,0.7847798078546779,1.3459403268546533,0.1273534701433126,3.552713678800501e-15,0.001441751141101122,not_checked,0.001,not_checked,not_checked,,-0.007721414108021808,0.013273806449239324,-0.0016105319394248419,True
local_b3_n200,94,2035161695,local,3,0.21213203435596426,200,0.0043867281100336,True,ok,0.003926373279670603,0.6307546008857536,0.006553159670225804,1.6197707922291342,1.3956849519604706,0.48999781782148566,0.4792787569297158,0.49765785512378025,0.45599444300519565,0.45599444300519565,200.0,200.0,0.005,4.3298697960381105e-15,11.351345596725512,10,-8.378714388967978e-16,-4.683753385137379e-17,-1.84297022087776e-14,-0.02461074018044651,0.8562380587052882,1.386053561827336,0.1710457455977857,8.881784197001252e-15,0.0014411660376936197,not_checked,0.001,not_checked,not_checked,,-0.00891758365891235,0.016770330218253554,-0.00046035483036299674,True
local_b3_n200,95,2035161696,local,3,0.21213203435596426,200,0.0043867281100336,True,ok,0.007149818181508172,0.6397203423355227,0.008135565934547258,2.964590280506272,2.960848250272423,0.2816952422812232,0.26908261071066186,0.2275411619893021,0.23931762455944242,0.23931762455944242,200.0,200.0,0.005,4.606315329169774e-13,11.667174516190162,10,-9.26116822119738e-14,1.7433970933566911e-16,7.016609515630989e-14,-0.052331503951501546,0.9203586136281602,1.351962237931134,0.1817872799428466,9.325873406851315e-13,0.0014306658413261175,not_checked,0.001,not_checked,not_checked,,-0.0087955980440554,0.023095234407071744,0.002763090071474572,True
local_b3_n200,96,2035161697,local,3,0.21213203435596426,200,0.0043867281100336,True,ok,0.00983345424162585,0.7096507235782188,0.010630636367489347,4.315977157941162,2.9393610749615986,0.19870522977083876,0.17032093724034136,0.22999894949537175,0.13991910450739672,0.13991910450739672,200.0,200.0,0.005,9.43689570931383e-16,11.559444106965508,11,-7.632783294297951e-17,-2.1163626406917047e-16,-8.43769498715119e-14,-0.1912977306454109,0.9675309752484449,1.4764166524463378,0.15577861859450104,2.220446049250313e-16,0.0015559589955955744,not_checked,0.001,not_checked,not_checked,,-0.011002210171394976,0.030669118654646676,0.00544672613159225,True
local_b3_n200,97,2035161698,local,3,0.21213203435596426,200,0.0043867281100336,True,ok,0.0004592698653826943,0.7036644153500231,0.0023450020323164686,0.1791453090604984,0.15995846876813208,0.9119548164248981,0.9140435994816163,0.9231355156651775,0.9122383511792272,0.9122383511792272,200.0,200.0,0.005,3.957767447104743e-11,22.03858976311944,9,4.003457830005497e-12,-4.466912950640278e-17,-1.7763568394002505e-14,0.0022813185462896707,0.8544366889148367,1.1612175263968905,0.14629572008471461,1.003752636563604e-10,0.001320374896749854,not_checked,0.001,not_checked,not_checked,,-0.004136849661630816,0.0050553893923962045,-0.003927458244650905,True
local_b3_n200,98,2035161699,local,3,0.21213203435596426,200,0.0043867281100336,True,ok,0.02021039905593036,0.7108854463317009,0.015836417038663585,9.13006023528153,5.183941829918635,0.06089894469557286,0.04363999678947144,0.07487232757828494,0.017560911029216194,0.017560911029216194,200.0,200.0,0.005,4.518607710224387e-14,10.406863440369376,11,-2.2110785424800383e-14,4.85722573273506e-17,2.1316282072803006e-14,-0.5229503064546925,0.9320913953177012,1.88527047480211,0.15591016211502506,8.903988657493755e-14,0.001551083754748106,not_checked,0.001,not_checked,not_checked,,-0.010828407984006722,0.051249206095867444,0.01582367094589676,True
local_b3_n200,99,2035161700,local,3,0.21213203435596426,200,0.0043867281100336,True,ok,0.0038466377848933586,0.6036289107039468,0.006797710942227741,1.6043587627346136,1.2264593433128417,0.49617687571337954,0.48170178252243046,0.5415988549113064,0.463324522923802,0.463324522923802,200.0,200.0,0.005,8.357659009305962e-11,9.208284771016814,9,-1.5144135945277526e-15,-7.28583859910259e-17,-2.842170943040401e-14,-0.0328518243886351,0.8530929428440651,1.3836860523901373,0.18160038011554608,1.7557533205092568e-10,0.0013339580036699772,not_checked,0.001,not_checked,not_checked,,-0.00947663083918685,0.01716990640897357,-0.0005400903251402411,True
local_b3_n200,100,2035161701,local,3,0.21213203435596426,200,0.0043867281100336,True,ok,0.04115957520153768,0.6888495556951282,0.021518880740990332,19.452403752978984,10.35786375958319,0.005475590928508495,0.0022665967984085485,0.00563402101337385,0.0002660263908698431,0.0002660263908698431,200.0,200.0,0.005,7.771561172376096e-16,7.507928600898444,12,-6.730727086790012e-16,-5.065392549852277e-16,-1.9895196601282805e-13,-1.4942868361819563,1.1439103401182746,1.87855167928775,0.20259564397911012,1.9984014443252818e-15,0.0016734590753912926,not_checked,0.001,not_checked,not_checked,,-0.0010166560384159626,0.08333580644149133,0.03677284709150408,True
local_b3_n200,101,2035161702,local,3,0.21213203435596426,200,0.0043867281100336,True,ok,0.0002965153438210244,0.6850012137172177,0.0017542554637107232,0.1198380400158999,0.11295203561742523,0.9444379969348846,0.9438774333349857,0.9450891495321347,0.9424211074713174,0.9424211074713174,200.0,200.0,0.005,1.5877299475164364e-12,16.3359861707386,9,-8.837646326559367e-14,7.925517880869037e-17,3.175237850427948e-14,-0.0006159512437450693,0.9792405455974477,1.0989036451628174,0.16683983862692395,3.680389326632394e-12,0.001325374934822321,not_checked,0.001,not_checked,not_checked,,-0.003141762184734605,0.003734792872376654,-0.004090212766212575,False
local_b3_n200,102,2035161703,local,3,0.21213203435596426,200,0.0043867281100336,True,ok,0.03932493101602308,0.6197753597555975,0.018582914510427907,17.573605295167702,15.035111668854453,0.0019311185136307257,0.0009377487964435177,0.0005434592482542014,0.0003839546147162954,0.0003839546147162954,200.0,200.0,0.005,1.725186660195277e-10,7.301135100738231,10,-2.694650058643333e-13,-1.457167719820518e-16,-5.861977570020827e-14,-0.9218164443792354,1.1328395504215283,1.3619409141747632,0.21390068322716468,3.711781992876695e-10,0.0014410829171538353,not_checked,0.001,not_checked,not_checked,,0.0029030878477976085,0.07574677418424855,0.03493820290598948,True
local_b3_n200,103,2035161704,local,3,0.21213203435596426,200,0.0043867281100336,True,ok,0.014555820208019377,0.6717760873597707,0.013301071854683613,6.379554880652116,4.222217023688179,0.1105473513488699,0.09087992143999502,0.12110364717263691,0.054412354746016724,0.054412354746016724,200.0,200.0,0.005,3.8510861166685117e-16,9.71802673328729,11,-5.030698080332741e-16,-3.7470027081099033e-16,-1.509903313490213e-13,-0.2786133987221828,0.851661235793818,1.7696651584201497,0.1568820493272162,6.661338147750939e-16,0.0015512090176343918,not_checked,0.001,not_checked,not_checked,,-0.011513801582939884,0.040625441998978634,0.010169092097985777,True
local_b3_n200,104,2035161705,local,3,0.21213203435596426,200,0.0043867281100336,True,ok,0.0062767091870050695,0.6007719291523652,0.00792236523530805,2.4809720519791774,2.5149408049604305,0.2675145201819211,0.2716723425779052,0.28437246531910965,0.2849784152914638,0.2849784152914638,200.0,200.0,0.005,7.287204173422879e-11,13.712063228856442,9,1.3027773304585821e-15,-3.642919299551295e-17,-1.4654943925052066e-14,0.014855811411425224,0.7782099166276725,1.1372590165230676,0.15673615041639546,1.533810856102491e-10,0.001326457830145955,not_checked,0.001,not_checked,not_checked,,-0.009250841346570898,0.02180425972058104,0.0018899810769714698,True
local_b3_n200,105,2035161706,local,3,0.21213203435596426,200,0.0043867281100336,True,ok,0.0011113629109724688,0.682352755913546,0.0036349127018714725,0.44901124903971523,0.37000911242762324,0.7892439240754077,0.7873771335010797,0.8311004971719351,0.8006970788187691,0.8006970788187691,200.0,200.0,0.005,1.47208911727148e-10,16.25982890409696,9,-9.877427651835968e-12,-1.713039432527097e-16,-6.816769371198461e-14,-0.0022330423253638654,0.7208153553468576,1.213698826629241,0.11624223031302457,3.370803636215669e-10,0.0013265002053231,not_checked,0.001,not_checked,not_checked,,-0.006012935071642796,0.008235660893587734,-0.003275365199061131,True
local_b3_n200,106,2035161707,local,3,0.21213203435596426,200,0.0043867281100336,True,ok,0.008581014068090642,0.6248298057529942,0.009631802669592893,3.664541630342126,2.908394303571523,0.21866010283767479,0.19740506661482093,0.23358782420752883,0.17974738802910037,0.17974738802910037,200.0,200.0,0.005,8.449352328909754e-12,8.722626468446473,10,-2.5324776997681653e-12,-2.2898349882893854e-16,-9.059419880941277e-14,-0.11606800155293451,1.0006144713345848,1.2607609228244256,0.199670788235782,1.574429475681427e-11,0.0014423748943954706,not_checked,0.001,not_checked,not_checked,,-0.010296972270508176,0.02745900040668946,0.004194285958057042,True
local_b3_n200,107,2035161708,local,3,0.21213203435596426,200,0.0043867281100336,True,ok,0.0027439904053168096,0.5487940821355564,0.005604107613746377,1.0689890268227347,0.9937531648279117,0.5547749977142487,0.5633325208909712,0.6084280699012776,0.5776436741835648,0.5776436741835648,200.0,200.0,0.005,5.827338611652522e-12,12.184255331300609,9,2.3809079707781677e-16,2.233456475320139e-16,8.926193117986259e-14,0.014303567651994586,0.7998726526568637,1.0775580879608584,0.18242854321597576,1.1286971357549191e-11,0.0013332921080291271,not_checked,0.001,not_checked,not_checked,,-0.008239858683112795,0.013727839493746414,-0.0016427377047167901,True
local_b3_n200,108,2035161709,local,3,0.21213203435596426,200,0.0043867281100336,True,ok,0.014032529821049966,0.7071056841013292,0.013249250503569211,6.331481687441967,3.6314133312535164,0.13025871448869297,0.1015021292182472,0.1627228770867255,0.06041571871880892,0.06041571871880892,200.0,200.0,0.005,9.992007221626409e-16,9.438317886542606,11,-1.8041124150158794e-16,2.1337098754514727e-16,8.526512829121202e-14,-0.3592348795109901,0.9912404737655285,1.7583197633169423,0.16845413121715538,2.4424906541753444e-15,0.0015492080710828304,not_checked,0.001,not_checked,not_checked,,-0.011935523988094863,0.04000058363019479,0.009645801711016366,True
local_b3_n200,109,2035161710,local,3,0.21213203435596426,200,0.0043867281100336,True,ok,0.004797182673783373,0.7378277019109623,0.005635815949040996,2.0190375901854467,2.8622551225749167,0.4147277538741021,0.39677175491230054,0.23903923883814593,0.3831086936026144,0.3831086936026144,200.0,200.0,0.005,8.981704269217516e-13,17.03274261548268,10,-2.0960230079358766e-13,-7.28583859910259e-17,-2.9753977059954195e-14,-0.05008226033604868,0.7044178258710655,1.569394819965433,0.10223693550690051,2.0896617769494696e-12,0.0014556669630110264,not_checked,0.001,not_checked,not_checked,,-0.006248813609833403,0.01584317895740015,0.0004104545637497736,True
local_b3_n200,110,2035161711,local,3,0.21213203435596426,200,0.0043867281100336,True,ok,0.0050976778607276785,0.6646877379847231,0.007161901567837326,2.103692947107885,1.9837906717138463,0.3866817029387215,0.3753494983253654,0.3708730953816048,0.3607624494024388,0.3607624494024388,200.0,200.0,0.005,6.139533326177116e-14,13.38572928257758,10,-1.0243542125643046e-14,-1.474514954580286e-17,-6.217248937900877e-15,-0.03231090140840687,0.8476214738649217,1.3261868177291638,0.156999442224782,1.3078427230084344e-13,0.0014942502602934837,not_checked,0.001,not_checked,not_checked,,-0.008939391273054426,0.01913474699450978,0.0007109497506940787,True
local_b3_n200,111,2035161712,local,3,0.21213203435596426,200,0.0043867281100336,True,ok,0.015092645589545262,0.6750501388161856,0.012489477994796173,6.729385722099981,4.879712082131798,0.09383646387723701,0.07171221112389856,0.08717339994846479,0.04887305201658512,0.04887305201658512,200.0,200.0,0.005,7.771561172376096e-16,8.494232802040804,11,5.551115123125783e-16,2.255140518769849e-16,8.881784197001252e-14,-0.34616374314093834,1.1240417354271222,1.4240145912860043,0.19776421224050234,1.5543122344752192e-15,0.0016206668224185705,not_checked,0.001,not_checked,not_checked,,-0.00938628146596077,0.03957157264505129,0.010705917479511662,True
local_b3_n200,112,2035161713,local,3,0.21213203435596426,200,0.0043867281100336,True,ok,0.009676663809149222,0.5745373834404766,0.011090985111040678,4.106317464115967,2.801681658537577,0.19562476616769597,0.17795669611227632,0.2463897051435727,0.1443762179347685,0.1443762179347685,200.0,200.0,0.005,2.1203261368896165e-11,7.098823318436154,9,-1.2311610064763556e-12,1.457167719820518e-16,5.861977570020827e-14,-0.11782597022813901,0.8056385452637098,1.588008941793619,0.18187100315721175,4.2628789387322286e-11,0.0014619161374866962,not_checked,0.001,not_checked,not_checked,,-0.01206126756156048,0.03141459517985892,0.005289935699115622,True
local_b3_n200,113,2035161714,local,3,0.21213203435596426,200,0.0043867281100336,True,ok,0.009689196275355805,0.6546696468619224,0.00965573774314125,4.20579463022544,3.5327880407221826,0.19812984055715693,0.17265641146243338,0.1709483148747895,0.14401479306402726,0.14401479306402726,200.0,200.0,0.005,8.057177147691164e-11,9.050349802933049,10,-2.8058614459647302e-11,6.938893903907228e-18,3.552713678800501e-15,-0.16505806004155898,1.1180390808558303,1.2770830887089173,0.20351827584512583,1.5480372539400378e-10,0.001524166902527213,not_checked,0.001,not_checked,not_checked,,-0.009235701945365108,0.028614094496076718,0.005302468165322205,True
local_b3_n200,114,2035161715,local,3,0.21213203435596426,200,0.0043867281100336,True,ok,0.01272273431522386,0.6108211428182102,0.011300089593130922,5.396976106720141,4.669685091784267,0.10174650418065716,0.08865530179152897,0.09682572693473444,0.07850861907833727,0.07850861907833727,200.0,200.0,0.005,1.1582590442316132e-10,8.863627753362005,9,-1.2566012466685983e-11,-6.938893903907228e-18,-1.7763568394002505e-15,-0.1539411903152983,1.0246005730353185,1.2012956957505858,0.21414588021868555,2.4584045910103214e-10,0.001417249906808138,not_checked,0.001,not_checked,not_checked,,-0.009425034309388621,0.034870502939836345,0.00833600620519026,True
local_b3_n200,115,2035161716,local,3,0.21213203435596426,200,0.0043867281100336,True,ok,0.01301197804567944,0.5670574843388254,0.011644953112947751,5.569189106371643,4.687791204835161,0.10376973402642706,0.08885201172388549,0.09595311402246696,0.0740958607076424,0.0740958607076424,200.0,200.0,0.005,3.5126235253812865e-11,6.298942774855344,9,-1.1761105978003172e-11,-2.671474153004283e-16,-1.056932319443149e-13,-0.18219894404993342,0.9283802130104832,1.3630100870925816,0.2076647780844494,5.806599645552524e-11,0.0015317501965910196,not_checked,0.001,not_checked,not_checked,,-0.00981171065735574,0.03583566674871462,0.00862524993564584,True
local_b3_n200,116,2035161717,local,3,0.21213203435596426,200,0.0043867281100336,True,ok,0.012821146718794418,0.6197362536763491,0.011900493581064021,5.505693590508131,4.34609418584922,0.10638400169638704,0.09072884807391007,0.11383023662098925,0.07697848253651858,0.07697848253651858,200.0,200.0,0.005,1.722915143886894e-10,8.392268656012519,9,-3.5803219763930194e-11,-2.2898349882893854e-16,-9.059419880941277e-14,-0.18861745149518194,0.8651891221856611,1.4144215812464693,0.16800328214423224,3.7051961498946184e-10,0.0013839169405400753,not_checked,0.001,not_checked,not_checked,,-0.010503392098341158,0.03614568553592999,0.008434418608760819,True
local_b3_n200,117,2035161718,local,3,0.21213203435596426,200,0.0043867281100336,True,ok,0.003607434735547921,0.6061237990136588,0.006778439355094892,1.4909701277462513,1.0764383714934598,0.5081354013518751,0.4969793994438714,0.5837869433512342,0.48602901894074313,0.48602901894074313,200.0,200.0,0.005,9.366873943150722e-11,9.981183402681225,9,-3.0791341698588326e-16,6.071532165918825e-18,2.4424906541753444e-15,-0.023998116763541466,0.7904519637402414,1.3974221177811308,0.1626889799684147,1.974362895396098e-10,0.0013476666063070297,not_checked,0.001,not_checked,not_checked,,-0.009678062271826977,0.01689293174292282,-0.0007792933744856789,True
local_b3_n200,118,2035161719,local,3,0.21213203435596426,200,0.0043867281100336,True,ok,0.0009950989640332697,0.5564226309670546,0.003234395217288563,0.4036296340537652,0.372106348848835,0.8260132098887534,0.8237990649083761,0.830229446835197,0.819533672300874,0.819533672300874,200.0,200.0,0.005,4.2866266092289607e-11,9.18311150114113,8,-3.599907698326188e-12,3.686287386450715e-17,1.4654943925052066e-14,-0.002795024220228648,0.9918707471338788,1.0927389681814041,0.2198257235296003,7.982969840725218e-11,0.0012221669312566519,not_checked,0.001,not_checked,not_checked,,-0.005344199173620916,0.007334397101687456,-0.00339162914600033,True
local_b3_n200,119,2035161720,local,3,0.21213203435596426,200,0.0043867281100336,True,ok,0.006329201694672992,0.6162856232197187,0.00847526801433284,2.6702067859140124,2.0809449491076055,0.3325042520546381,0.313287821210524,0.35328772306065354,0.28200221909758905,0.28200221909758905,200.0,200.0,0.005,1.4785850321885619e-10,9.080327473523987,9,-1.2936093168880447e-13,-1.6046192152785466e-16,-6.350475700855895e-14,-0.06926305402240773,0.927294864314328,1.3929281000029639,0.19255567929964934,3.164071227246268e-10,0.0013439999893307686,not_checked,0.001,not_checked,not_checked,,-0.010282018372743673,0.022940421762089658,0.0019424735846393926,True
local_b3_n200,120,2035161721,local,3,0.21213203435596426,200,0.0043867281100336,True,ok,0.009068940137494153,0.5774140313457867,0.008967270057762282,3.853345376447476,3.769387589233036,0.19744852422646314,0.1785483513362265,0.15187555742340164,0.1630353831001007,0.1630353831001007,200.0,200.0,0.005,2.430244894213729e-11,7.055839473497506,9,-9.895625985301137e-13,-4.85722573273506e-17,-2.1316282072803006e-14,-0.11288466072490744,1.0190092379962175,1.2187649714249738,0.2132649852837829,4.9226622778064666e-11,0.0013359582517296076,not_checked,0.001,not_checked,not_checked,,-0.00850658621536433,0.026644466490352636,0.004682212027460553,True
local_b3_n200,121,2035161722,local,3,0.21213203435596426,200,0.0043867281100336,True,ok,0.010133935061464205,0.6420697265311668,0.01058411740123458,4.325634014995511,3.34163412420257,0.1679128035385407,0.14912550302192012,0.18809331891459935,0.1317581791974125,0.1317581791974125,200.0,200.0,0.005,2.908773222287664e-11,9.737731586481091,10,-8.952805510831219e-12,-2.1510571102112408e-16,-8.526512829121202e-14,-0.1360299952049142,0.9792470882909687,1.2948188339163726,0.18462686065183592,5.554867676949016e-11,0.0014426670968532562,not_checked,0.001,not_checked,not_checked,,-0.010610553853099246,0.030878423976027657,0.005747206951430606,True
local_b3_n200,122,2035161723,local,3,0.21213203435596426,200,0.0043867281100336,True,ok,0.002984391082254234,0.596170933423779,0.005364605196378135,1.2077164183894324,1.2046358564395787,0.5606737494890743,0.5568948203713948,0.5475410033020817,0.5505275842469572,0.5505275842469572,200.0,200.0,0.005,5.933098456978314e-11,11.149478651846268,9,-8.803721640582296e-17,-2.168404344971009e-17,-8.659739592076221e-15,-0.006979992743869401,0.970383083261666,1.0954321420120723,0.20838789666907584,1.2316681008428532e-10,0.0013484582304954529,not_checked,0.001,not_checked,not_checked,,-0.007530041893923334,0.013498824058431802,-0.0014023370277793656,True
local_b3_n200,123,2035161724,local,3,0.21213203435596426,200,0.0043867281100336,True,ok,0.007615652903954162,0.5736075503942515,0.0087969882099245,3.0205440297037116,3.009932790853068,0.19669525247737657,0.19940692770632623,0.2220247547537706,0.21802826234954398,0.21802826234954398,200.0,200.0,0.005,2.0262236333223882e-11,12.086107682662739,9,1.9897278269453977e-15,1.249000902703301e-16,5.062616992290714e-14,0.012858565938976607,0.8618756118609816,1.0126059546876138,0.18236422199887187,4.0681680246734686e-11,0.0013377917930483818,not_checked,0.001,not_checked,not_checked,,-0.009626127159921338,0.024857432967829662,0.0032289247939205623,True
local_b3_n200,124,2035161725,local,3,0.21213203435596426,200,0.0043867281100336,True,ok,0.0022922077475460156,0.7950457605861692,0.004682644798394227,0.8990517849953351,1.0415488243048485,0.6418494765277225,0.6473705446411304,0.5940603222581728,0.6322682368332375,0.6322682368332375,200.0,200.0,0.005,5.0182080713057076e-14,34.03415853368986,10,3.3523531173251797e-16,8.673617379884035e-17,3.5083047578154947e-14,0.008915657011535572,0.8007354790919068,1.3166909475431832,0.10676170770804139,1.3988810110276972e-13,0.0014499579556286335,not_checked,0.001,not_checked,not_checked,,-0.0068856074097004925,0.011470022904792524,-0.002094520362487584,True
local_b3_n200,125,2035161726,local,3,0.21213203435596426,200,0.0043867281100336,True,ok,0.001457406239211867,0.502213316969208,0.0037101001933965206,0.5803832650480453,0.6205398376581404,0.7488459245270218,0.7498043769568197,0.7332490117963459,0.7471560242591436,0.7471560242591436,200.0,200.0,0.005,3.7730485402676095e-11,8.677545950329797,8,1.4327957223447818e-12,-1.936385080059111e-16,-7.72715225139109e-14,0.0012896153183507564,0.9336795644398171,1.0869205727036952,0.24083684370161715,6.940226171536779e-11,0.0012252500746399164,not_checked,0.001,not_checked,not_checked,,-0.0058142565188804025,0.008729068997304136,-0.002929321870821733,True
local_b3_n200,126,2035161727,local,3,0.21213203435596426,200,0.0043867281100336,True,ok,0.002147579396673205,0.7036053493942596,0.004772183147027714,0.8906643514938886,0.8007943499186422,0.6814903269000772,0.6719896758643431,0.6700538645624301,0.6508240958622042,0.6508240958622042,200.0,200.0,0.005,1.2212453270876722e-15,15.347867641155194,10,-2.8275992658421956e-16,-1.7694179454963432e-16,-7.105427357601002e-14,-0.01581629641230331,0.8752725047550312,1.417340455203566,0.1499745434761463,2.6645352591003757e-15,0.0014497500378638506,not_checked,0.001,not_checked,not_checked,,-0.007205727699130127,0.011500886492476537,-0.002239148713360395,True
local_b3_n200,127,2035161728,local,3,0.21213203435596426,200,0.0043867281100336,True,ok,0.020791179142013227,0.7232565191101188,0.014190358562899892,9.641775174889288,7.170540220616703,0.04341412589847756,0.0265483886216176,0.027729176682070946,0.01563511663237057,0.01563511663237057,200.0,200.0,0.005,6.015188347419098e-13,9.078071319282929,11,-3.3545388689049105e-13,-2.983724378680108e-16,-1.1901590823981678e-13,-0.6626517590419985,1.1402014786916044,1.497014692858147,0.176900758969836,1.1717293801893902e-12,0.0015625408850610256,not_checked,0.001,not_checked,not_checked,,-0.007021412568980121,0.04860377085300657,0.016404451031979628,True
local_b3_n200,128,2035161729,local,3,0.21213203435596426,200,0.0043867281100336,True,ok,0.002962805379466804,0.6961126611633934,0.005568315662773833,1.2465936415245755,1.066856668917681,0.5934114853223025,0.5776048989025977,0.5865904901061236,0.552909426884312,0.552909426884312,200.0,200.0,0.005,2.398081733190338e-14,13.570381832415674,10,-5.1790169375287576e-15,-9.454242944073599e-17,-3.863576125695545e-14,-0.03073574486892694,0.9865068010333093,1.3004046426411198,0.1713111248870005,5.262457136723242e-14,0.0014449588488787413,not_checked,0.001,not_checked,not_checked,,-0.00795089277412019,0.013876503533053797,-0.0014239227305667956,True
local_b3_n200,129,2035161730,local,3,0.21213203435596426,200,0.0043867281100336,True,ok,0.0052420505901822345,0.7300948439857653,0.006585387698731481,2.1016306986700184,2.484517189654202,0.3738551324006962,0.37302253142141373,0.28873135379669146,0.35049455133445273,0.35049455133445273,200.0,200.0,0.005,1.1390888232654106e-13,22.129873313713688,10,-2.149322386735264e-15,5.551115123125783e-17,2.220446049250313e-14,-0.0024052312985622937,0.8416887683704317,1.3160480966739563,0.13536501476410145,2.8621549574836536e-13,0.001457209000363946,not_checked,0.001,not_checked,not_checked,,-0.007665072123564577,0.018149173303929046,0.0008553224801486348,True
local_b3_n200,130,2035161731,local,3,0.21213203435596426,200,0.0043867281100336,True,ok,0.016639625155066007,0.6179951112499469,0.013800383864290715,7.243807443726378,5.10821121842673,0.06222153804393196,0.04901124107960683,0.0777617503674859,0.03586745175747478,0.03586745175747478,200.0,200.0,0.005,1.594987475428411e-10,7.57562429355665,10,1.3877787807814457e-16,-1.6653345369377348e-16,-6.661338147750939e-14,-0.2939786908499875,0.9599783681032983,1.418912521647169,0.1958066461627433,3.421971594974593e-10,0.0014535828959196806,not_checked,0.001,not_checked,not_checked,,-0.01040863019177149,0.0436878805019035,0.012252897045032407,True
local_b3_n200,131,2035161732,local,3,0.21213203435596426,200,0.0043867281100336,True,ok,0.012507995940816308,0.7178797197995133,0.010274941000609775,5.402142857763251,5.457667566753049,0.1275861346986229,0.1090416400395038,0.06529539385626892,0.08195383417199092,0.08195383417199092,200.0,200.0,0.005,1.1379786002407855e-15,13.825986080631756,11,-3.2612801348363973e-16,-2.706168622523819e-16,-1.092459456231154e-13,-0.199472240718364,0.871255650497673,1.5537724607393024,0.14287451408222873,1.1102230246251565e-15,0.0015668331179767847,not_checked,0.001,not_checked,not_checked,,-0.007630518363652798,0.032646510245285414,0.008121267830782708,True
local_b3_n200,132,2035161733,local,3,0.21213203435596426,200,0.0043867281100336,True,ok,0.0038458862833881113,0.7050848314950893,0.005988406225419932,1.6311515499732567,1.5291411964497985,0.5070844024247907,0.48675580608909874,0.46553378909693377,0.4633941659726356,0.4633941659726356,200.0,200.0,0.005,2.475797344914099e-13,13.574121133768852,10,-5.989132800809926e-14,3.859759734048396e-17,1.5987211554602254e-14,-0.0463985183090061,1.0431614219223224,1.2271252280017735,0.15561460059155857,5.433431482515516e-13,0.00144716608338058,not_checked,0.001,not_checked,not_checked,,-0.007891174243230404,0.015582946810006626,-0.0005408418266454884,True
local_b3_n200,133,2035161734,local,3,0.21213203435596426,200,0.0043867281100336,True,ok,0.006760074010794259,0.7173685182999372,0.008176408164000446,2.934957820537486,2.521198537697088,0.3057349492076954,0.27641385049396383,0.28348409240111644,0.2587184686394261,0.2587184686394261,200.0,200.0,0.005,3.574518459004139e-11,12.714107188242767,10,-1.1800422618224449e-11,-3.95516952522712e-16,-1.5898393712632242e-13,-0.11546410810989127,1.0196390434087366,1.2676470322178377,0.16652292226209894,7.761902232061857e-11,0.0014358330518007278,not_checked,0.001,not_checked,not_checked,,-0.009265391513545884,0.022785539535134403,0.0023733459007606594,True
local_b3_n200,134,2035161735,local,3,0.21213203435596426,200,0.0043867281100336,True,ok,0.025173668775509972,0.6479683203942861,0.016176266088661,10.936146289083807,8.29016800603911,0.02120616431178042,0.015562331235818766,0.015842105110759168,0.006507930589448119,0.006507930589448119,200.0,200.0,0.005,2.3314683517128287e-15,9.818076293169788,11,-8.326672684688674e-16,1.457167719820518e-16,5.861977570020827e-14,-0.4333393894399089,0.9104986740056803,1.6108606084310075,0.1764207970306423,4.218847493575595e-15,0.0015785419382154942,not_checked,0.001,not_checked,not_checked,,-0.006531230162602195,0.05687856771362214,0.020786940665476372,True
local_b3_n200,135,2035161736,local,3,0.21213203435596426,200,0.0043867281100336,True,ok,0.011417303321955119,0.6048930335272062,0.010766058689150483,4.842033644154082,4.238052155180314,0.13992987232500614,0.12471269542004533,0.120148586949331,0.10193084718562266,0.10193084718562266,200.0,200.0,0.005,8.85027606756239e-11,8.53069940576181,9,-5.618241982752181e-12,-5.204170427930421e-17,-2.042810365310288e-14,-0.13755615768601714,0.8905721279676279,1.431850070262251,0.18914088512326976,1.8634471743439462e-10,0.0013339996803551912,not_checked,0.001,not_checked,not_checked,,-0.009683783964224334,0.03251839060813457,0.007030575211921519,True
local_b3_n200,136,2035161737,local,3,0.21213203435596426,200,0.0043867281100336,True,ok,0.0019216228457348272,0.7264364177716687,0.0038942956184034,0.7971007678472402,0.9382342441831766,0.6978723375341651,0.6886870882116598,0.6255543126360981,0.6809103888063146,0.6809103888063146,200.0,200.0,0.005,8.894794623071078e-16,17.168899421254167,10,-1.199127602768968e-16,2.5804011705155006e-17,1.021405182655144e-14,-0.014225814776654633,0.8448436814218413,1.3382435527246819,0.12782217561635867,1.5543122344752192e-15,0.0014552089851349592,not_checked,0.001,not_checked,not_checked,,-0.005711056311487974,0.009554302002957628,-0.0024651052642987725,True
local_b3_n200,137,2035161738,local,3,0.21213203435596426,200,0.0043867281100336,True,ok,0.0007728811299503313,0.7569363568678176,0.0027345301609200587,0.3131224787551472,0.35226076152706437,0.842098607860727,0.8402492772939114,0.8385086508116786,0.8567781808878155,0.8567781808878155,200.0,200.0,0.005,1.0457334997937551e-10,22.838320831379075,9,-7.907300031764763e-12,2.463307335887066e-16,9.814371537686384e-14,-0.0019850133875073395,0.6669537670018338,1.2038332617305225,0.0855065979176671,2.671609600213287e-10,0.0013416251167654991,not_checked,0.001,not_checked,not_checked,,-0.004586699500091503,0.006132461759992165,-0.0036138469800832684,True
local_b3_n200,138,2035161739,local,3,0.21213203435596426,200,0.0043867281100336,True,ok,0.010535177604302781,0.6693576464447633,0.011199805977000366,4.620693182403182,3.0799102373248735,0.1870826759162788,0.1598257698508282,0.21439072335347914,0.12159790711049578,0.12159790711049578,200.0,200.0,0.005,3.946495907847236e-16,9.094458672747155,11,-2.42861286636753e-16,-1.3704315460216776e-16,-5.684341886080802e-14,-0.20331107034103457,0.9607458059588836,1.5642772810135273,0.17750802656991221,2.220446049250313e-16,0.0015654589515179396,not_checked,0.001,not_checked,not_checked,,-0.01141603874445437,0.03248639395305993,0.006148449494269181,True
local_b3_n200,139,2035161740,local,3,0.21213203435596426,200,0.0043867281100336,True,ok,0.006032969466023275,0.6865362755962403,0.0077975118905722705,2.3899773152688693,2.4762217833996507,0.29844509446866596,0.3019315840437842,0.2899314127595049,0.2992147029526525,0.2992147029526525,200.0,200.0,0.005,1.0547118733938987e-13,19.505976827541097,10,5.9223459469848194e-15,-1.734723475976807e-17,-7.105427357601002e-15,0.011605235570220307,0.9321073492809386,1.0653905594706818,0.15635800428991506,2.573496971081113e-13,0.0014576660469174385,not_checked,0.001,not_checked,not_checked,,-0.009249873008521203,0.021315811940567753,0.001646241355989675,True
local_b3_n200,140,2035161741,local,3,0.21213203435596426,200,0.0043867281100336,True,ok,0.016656653100258545,0.7194569550964192,0.012815997058320336,6.874326195790183,6.314473461520825,0.05216241955026564,0.047631597031246614,0.042543136949302875,0.03574550971702581,0.03574550971702581,200.0,200.0,0.005,3.3306690738754696e-16,19.131454894896084,11,7.632783294297951e-17,1.5265566588595902e-16,6.217248937900877e-14,-0.10583247784338257,0.8839130124701643,1.3481794753897416,0.14030944867034928,6.661338147750939e-16,0.001572666922584176,not_checked,0.001,not_checked,not_checked,,-0.008462239560020592,0.041775545760537686,0.012269924990224945,True
local_b3_n200,141,2035161742,local,3,0.21213203435596426,200,0.0043867281100336,True,ok,0.012453751818510828,0.4813014911378346,0.010478525270134731,5.081852012948869,5.425761997307033,0.09248060940591635,0.08817848507426124,0.066345390132319,0.0828477772809194,0.0828477772809194,200.0,200.0,0.005,1.7930101847696278e-13,6.813616720506927,9,-2.8140684227295765e-14,2.6020852139652106e-17,9.769962616701378e-15,-0.05017564277226905,0.934642064003521,1.1554955109271114,0.24777042562395774,2.822186928597148e-13,0.0013443338684737682,not_checked,0.001,not_checked,not_checked,,-0.008083780322046086,0.03299128395906774,0.008067023708477228,True
local_b3_n200,142,2035161743,local,3,0.21213203435596426,200,0.0043867281100336,True,ok,0.0036783666629514045,0.637509508108232,0.005548795322799774,1.549530734227047,1.759388709412002,0.49460470680162094,0.47665658836850666,0.41490970750285394,0.47918270099607596,0.47918270099607596,200.0,200.0,0.005,3.2529534621517087e-14,10.051580449834814,10,-6.949302244763089e-15,8.760353553682876e-17,3.530509218307998e-14,-0.039092034523242614,0.8014499645487196,1.3317069816556943,0.14837138424475582,6.461498003318411e-14,0.0014505828730762005,not_checked,0.001,not_checked,not_checked,,-0.007197072327320456,0.014553805653223265,-0.0007083614470821953,True
local_b3_n200,143,2035161744,local,3,0.21213203435596426,200,0.0043867281100336,True,ok,0.01516000224450087,0.6790460517246257,0.01372050165880708,6.770552773339397,4.125438287412323,0.10441400979803106,0.08142893686205052,0.1271078749888932,0.04821908177114419,0.04821908177114419,200.0,200.0,0.005,6.661338147750939e-16,8.614906824178357,11,-3.7816971776294395e-16,-3.0184188481996443e-16,-1.1901590823981678e-13,-0.3532759377695247,0.9285032268556567,1.735944337464177,0.16808482659767843,1.5543122344752192e-15,0.0015753330662846565,not_checked,0.001,not_checked,not_checked,,-0.011731686856583073,0.04205169134558481,0.01077327413446727,True
local_b3_n200,144,2035161745,local,3,0.21213203435596426,200,0.0043867281100336,True,ok,0.0012162083535411927,0.7036599320779504,0.003511533777902744,0.4650828451935835,0.5035017626641058,0.7707184399676257,0.7795958279734818,0.777438388362713,0.7840820012201106,0.7840820012201106,200.0,200.0,0.005,6.661338147750939e-16,24.730306531468855,10,-2.404760418572849e-16,-1.5287250632045613e-16,-6.128431095930864e-14,0.010700248111446792,0.8665906375320356,1.0059081532342797,0.13660868883568233,1.5543122344752192e-15,0.0014530408661812544,not_checked,0.001,not_checked,not_checked,,-0.005666271381644058,0.008098688088726443,-0.003170519756492407,True
local_b3_n200,145,2035161746,local,3,0.21213203435596426,200,0.0043867281100336,True,ok,4.806056460848751e-05,0.7821772619489704,0.0006769219037727148,0.019146615725850462,0.020768231052794666,0.9906626810981329,0.9907001980602028,0.9896696132650885,0.9904339357758455,0.9904339357758455,200.0,200.0,0.005,2.2093438190040615e-14,28.475970719345106,9,-5.2583805365546965e-17,-1.1115782773407634e-16,-4.440892098500626e-14,3.880505877227117e-05,0.8544123414786153,1.2285348079719745,0.11948387642736642,6.039613253960852e-14,0.0013459580950438976,not_checked,0.001,not_checked,not_checked,,-0.0012786819871323217,0.0013748031163492967,-0.004338667545425112,False
local_b3_n200,146,2035161747,local,3,0.21213203435596426,200,0.0043867281100336,True,ok,0.019718155219725864,0.6090384895472543,0.01488059471914015,8.645794326965909,6.053944713402202,0.04199829621322561,0.03118632328029418,0.048462142313370295,0.019377725475255507,0.019377725475255507,200.0,200.0,0.005,1.069058175318105e-10,6.811418727815503,10,0.0,3.122502256758253e-17,1.5987211554602254e-14,-0.3792661195377818,1.0256010753017717,1.4414914031519384,0.21614831366001472,2.26266116953866e-10,0.0014582080766558647,not_checked,0.001,not_checked,not_checked,,-0.009447274498325754,0.04888358493777748,0.015331427109692264,True
local_b3_n200,147,2035161748,local,3,0.21213203435596426,200,0.0043867281100336,True,ok,0.005626417109783066,0.754186617964486,0.007608457327158227,2.356560795897536,2.053476588844858,0.35415663893903204,0.33727471349807175,0.35817331327919555,0.3245604667589425,0.3245604667589425,200.0,200.0,0.005,2.5264235148370062e-12,19.278936260201576,10,-5.63881406845379e-13,4.5102810375396984e-17,1.7763568394002505e-14,-0.05299697599215469,1.0215543740235693,1.1483710985975324,0.13227840444701824,6.052491841046503e-12,0.0014549996703863144,not_checked,0.001,not_checked,not_checked,,-0.009285885229356942,0.020538719448923076,0.0012396889997494664,True
local_b3_n200,148,2035161749,local,3,0.21213203435596426,200,0.0043867281100336,True,ok,0.006965636044294676,0.7515470603363905,0.008547113706622712,2.8154019506277197,2.5560059012132488,0.24587757384405878,0.24231034716907807,0.27859310947971616,0.24829761077182988,0.24829761077182988,200.0,200.0,0.005,2.2037927038809357e-12,23.814439043424375,10,-1.5097992300816543e-13,-3.7643499428696714e-16,-1.509903313490213e-13,-0.014573766454924586,0.8865635747339842,1.1029754648392591,0.11406628580431483,5.609290809616141e-12,0.0014459588564932346,not_checked,0.001,not_checked,not_checked,,-0.009786398992454485,0.023717671081043838,0.0025789079342610766,True
local_b3_n200,149,2035161750,local,3,0.21213203435596426,200,0.0043867281100336,True,ok,0.0059989602704157985,0.6080267585478083,0.007911348089325339,2.4786669856781662,2.2193327006358867,0.33314128324418957,0.32138073312999454,0.32966893666341046,0.301256850531242,0.301256850531242,200.0,200.0,0.005,1.0213041523599031e-10,10.247709920891404,9,-1.042048392019268e-14,-2.1163626406917047e-16,-8.43769498715119e-14,-0.03954143875592342,0.9165062575246424,1.2800988911481606,0.19233019873165066,2.1583401732527818e-10,0.001335374778136611,not_checked,0.001,not_checked,not_checked,,-0.009506997053821636,0.021504917594653235,0.0016122321603821987,True
local_b3_n200,150,2035161751,local,3,0.21213203435596426,200,0.0043867281100336,True,ok,0.0034344701310236037,0.6293342118936589,0.006269398712694826,1.4408639746576677,1.1430363440813667,0.5357191721886809,0.5197364521529058,0.5646675251851436,0.5031363730702252,0.5031363730702252,200.0,200.0,0.005,1.27675647831893e-14,9.941964344749032,10,-2.720913772069622e-15,-7.28583859910259e-17,-2.886579864025407e-14,-0.033537961124113114,0.9019724478558802,1.3271940554031665,0.1818985264473892,2.531308496145357e-14,0.0014466671273112297,not_checked,0.001,not_checked,not_checked,,-0.008853325550580032,0.01572226581262724,-0.0009522579790099961,True
local_b3_n200,151,2035161752,local,3,0.21213203435596426,200,0.0043867281100336,True,ok,0.06046165737421627,0.6623506946675803,0.02643901554073214,27.882253573829438,15.98310775137729,0.0006525752304344019,0.00023811995554800153,0.00033830798616947956,5.602310394596771e-06,5.602310394596771e-06,200.0,200.0,0.005,9.992007221626409e-16,8.477006134754212,12,6.938893903907228e-17,-1.6653345369377348e-16,-6.750155989720952e-14,-1.8487953120714646,0.9315519569141907,1.9679968680323927,0.17501562124602177,1.3322676295501878e-15,0.0016775419935584068,not_checked,0.001,not_checked,not_checked,,0.008642139127686493,0.11228117562074605,0.05607492926418267,False
local_b3_n200,152,2035161753,local,3,0.21213203435596426,200,0.0043867281100336,True,ok,0.024524332278884176,0.5575545989877078,0.01584867839077774,10.542696846475062,8.330456445070087,0.016142063380527823,0.011910444599637266,0.01552617107360841,0.007410432637308442,0.007410432637308442,200.0,200.0,0.005,9.1319174444493e-12,6.462448113620527,10,-1.4224732503009818e-16,-7.28583859910259e-17,-3.019806626980426e-14,-0.36648196746069583,1.0456876924413134,1.315266165518559,0.2438335559012386,1.7886359060526047e-11,0.001449541887268424,not_checked,0.001,not_checked,not_checked,,-0.00653850656959842,0.055587171127366775,0.020137604168850576,True
local_b3_n200,153,2035161754,local,3,0.21213203435596426,200,0.0043867281100336,True,ok,0.003215368889762038,0.7447813021518437,0.006122128989567099,1.3760142092191774,1.00818059674114,0.5742400152034961,0.5525430716866191,0.6040548352257649,0.5256741326239454,0.5256741326239454,200.0,200.0,0.005,4.0778491694482e-13,15.875099768067821,10,-1.0470487324387712e-13,8.456776945386935e-17,3.419486915845482e-14,-0.04493332665718108,0.9384354763359952,1.415384778637284,0.1343795837652505,9.525713551283843e-13,0.0014377909246832132,not_checked,0.001,not_checked,not_checked,,-0.00878378343849807,0.015214521218022145,-0.0011713592202715617,True
local_b3_n200,154,2035161755,local,3,0.21213203435596426,200,0.0043867281100336,True,ok,0.006032583331108787,0.6212890465768541,0.007471658953023885,2.560364260360284,2.4305200700665446,0.34034358617211047,0.3187473233112098,0.296632869326238,0.29923781129368227,0.29923781129368227,200.0,200.0,0.005,1.841942154356957e-10,8.838205466711672,9,-1.8739784030108453e-13,-8.500145032286355e-17,-3.419486915845482e-14,-0.07366546395838447,0.9939567541539895,1.2517174936093831,0.19334041809201605,3.976468043731529e-10,0.0013437920715659857,not_checked,0.001,not_checked,not_checked,,-0.008611599121584273,0.02067676578380185,0.0016458552210751876,True
local_b3_n200,155,2035161756,local,3,0.21213203435596426,200,0.0043867281100336,True,ok,0.03094701096824992,0.5898444842777,0.018947869381909115,13.159895389386044,9.871053793912427,0.009815754980003605,0.007589332891366854,0.007186673311844334,0.002051052519074561,0.002051052519074561,200.0,200.0,0.005,4.393985175710213e-11,8.68326319456468,10,-6.245004513516506e-17,1.6306400674181987e-16,6.394884621840902e-14,-0.39054550104303765,0.7101232678979505,1.7094976967106086,0.1541923448089531,9.077116835953802e-11,0.001448456896468997,not_checked,0.001,not_checked,not_checked,,-0.006190130604061157,0.068084152540561,0.026560282858216322,True
local_b3_n200,156,2035161757,local,3,0.21213203435596426,200,0.0043867281100336,True,ok,0.0009601055604742115,0.6071018772545105,0.003336755333708087,0.38647569994257136,0.32827667335736394,0.81758359314021,0.8165433081146405,0.8486246178486712,0.8252894447187276,0.8252894447187276,200.0,200.0,0.005,9.766309982950361e-11,11.9843196979862,8,-1.4036047714729993e-12,-1.4094628242311558e-16,-5.617728504603292e-14,-0.0012167378764433856,0.7677097397452791,1.1785666354423259,0.15028508079716557,2.066991022786624e-10,0.001220333157107234,not_checked,0.001,not_checked,not_checked,,-0.0055798147188155685,0.007500025839763991,-0.0034266225495593883,True
local_b3_n200,157,2035161758,local,3,0.21213203435596426,200,0.0043867281100336,True,ok,0.012985933612477796,0.6534626880632239,0.01134451908825969,5.6726123724371895,4.585661287378481,0.12024398781360085,0.09914076599568988,0.10098021790115269,0.07448282459716223,0.07448282459716223,200.0,200.0,0.005,5.551115123125783e-16,8.790284774836454,11,-1.457167719820518e-16,-2.0469737016526324e-16,-8.348877145181177e-14,-0.2391194637230356,1.060221698257642,1.3905691666948583,0.20007177004148913,1.1102230246251565e-15,0.0015629157423973083,not_checked,0.001,not_checked,not_checked,,-0.009248915222438366,0.03522078244739396,0.008599205502444196,True
local_b3_n200,158,2035161759,local,3,0.21213203435596426,200,0.0043867281100336,True,ok,0.00917585194106274,0.6364212959381896,0.009571326134144314,3.9606810050783436,3.327288736337116,0.20397849066021917,0.1798840728656071,0.18944730478013427,0.15958630782568262,0.15958630782568262,200.0,200.0,0.005,3.0821900587341133e-11,8.48821231126475,10,-1.0189109972413846e-11,-1.2663481374630692e-16,-5.062616992290714e-14,-0.14517011432662374,1.1181113904413973,1.1908906347973585,0.21377131034542537,5.781441991814518e-11,0.0014462510589510202,not_checked,0.001,not_checked,not_checked,,-0.009583602566147102,0.027935306448272582,0.004789123831029141,True
local_b3_n200,159,2035161760,local,3,0.21213203435596426,200,0.0043867281100336,True,ok,0.005404142235242659,0.683830189176726,0.007255026147891661,2.188158357222513,2.2176823607588703,0.33656610050750246,0.3321092630070257,0.32994108182716686,0.33931430523821604,0.33931430523821604,200.0,200.0,0.005,4.96269692007445e-14,16.667274783143778,10,-3.975986206938842e-15,-1.0581813203458523e-16,-4.1744385725905886e-14,-0.013250731562724605,0.9207935635489882,1.0667107249955272,0.14898944531030867,1.13464793116691e-13,0.0014467919245362282,not_checked,0.001,not_checked,not_checked,,-0.00881544772152136,0.01962373219200668,0.0010174141252090596,True
local_b3_n200,160,2035161761,local,3,0.21213203435596426,200,0.0043867281100336,True,ok,0.0007018426688905066,0.6836150413426643,0.0029827788089673204,0.28893646394089334,0.2133607087378957,0.8812592442766258,0.8780169531117359,0.8988129287036362,0.8690379065534162,0.8690379065534162,200.0,200.0,0.005,1.9502388592940179e-10,14.530195027508501,9,-2.2300176896056234e-11,-9.432558900623889e-17,-3.774758283725532e-14,-0.004099698192345347,0.8889936608905514,1.3828567559461926,0.15896692049896338,4.3958059414705986e-10,0.001338417176157236,not_checked,0.001,not_checked,not_checked,,-0.00514429637053472,0.006547981708315733,-0.003684885441143093,True
local_b3_n200,161,2035161762,local,3,0.21213203435596426,200,0.0043867281100336,True,ok,0.010635947340884133,0.7164211793530075,0.011376436692389658,4.675913209153949,3.0116791027715646,0.17932333309294213,0.15202330582469226,0.22183097712741265,0.11917175964176947,0.11917175964176947,200.0,200.0,0.005,5.342948306008566e-16,11.987493438355958,11,1.5612511283791264e-16,-1.97758476261356e-16,-7.72715225139109e-14,-0.21076713640014777,0.9298897418408113,1.555816394672492,0.1470244338599746,6.661338147750939e-16,0.00156458280980587,not_checked,0.001,not_checked,not_checked,,-0.011661458848599576,0.032933353530367845,0.0062492192308505334,True
local_b3_n200,162,2035161763,local,3,0.21213203435596426,200,0.0043867281100336,True,ok,0.0054669811169072435,0.7121750123149206,0.0076170902651066215,2.1787136493416344,2.0101231461588585,0.3384097060863106,0.33975801620322,0.36602209700251004,0.3350765642128717,0.3350765642128717,200.0,200.0,0.005,9.425793479067579e-14,21.091540454477233,10,1.734723475976807e-15,-3.469446951953614e-17,-1.4210854715202004e-14,0.0040393987106315254,0.8568731686723191,1.172659558504296,0.12843810067273428,2.3425705819590803e-13,0.0014486662112176418,not_checked,0.001,not_checked,not_checked,,-0.009462241469692387,0.020396203703506872,0.0010802530068736438,True
local_b3_n200,163,2035161764,local,3,0.21213203435596426,200,0.0043867281100336,True,ok,0.03385831566665942,0.5494794490510786,0.018498592526340063,14.613670370715386,11.756258425740818,0.0034515667918058246,0.0022219292816450147,0.002800018617067488,0.0011457874680619693,0.0011457874680619693,200.0,200.0,0.005,6.051381618021878e-12,6.305849656077789,10,-4.579669976578771e-16,-1.8041124150158794e-16,-6.750155989720952e-14,-0.5351720520258088,1.053241488229349,1.310357335165627,0.24940860070982912,1.1700640456524525e-11,0.0014543328434228897,not_checked,0.001,not_checked,not_checked,,-0.002398259449648915,0.07011489078296776,0.029471587556625822,True
local_b3_n200,164,2035161765,local,3,0.21213203435596426,200,0.0043867281100336,True,ok,0.015176053844632165,0.6466263485870118,0.011986169211756574,6.259811991565008,6.181900366228752,0.05609782306435929,0.05129129307397419,0.04545873975004408,0.04806453129826062,0.04806453129826062,200.0,200.0,0.005,8.061951106697052e-11,13.169728306573404,10,-1.557043036171102e-11,1.5785983631388945e-16,6.306066779870889e-14,-0.09469522685607101,0.9822119186989644,1.1230100498742324,0.17662218945420005,1.6606538366659152e-10,0.0014459171798080206,not_checked,0.001,not_checked,not_checked,,-0.00831640612301357,0.0386685138122779,0.010789325734598565,True
local_b3_n200,165,2035161766,local,3,0.21213203435596426,200,0.0043867281100336,True,ok,0.008237563005146775,0.664630020141848,0.009989816548591463,3.5536245433891325,2.4180468485207247,0.2545350878410093,0.22909589225743776,0.29848863390030295,0.19252820797982728,0.19252820797982728,200.0,200.0,0.005,2.6981861189767642e-11,9.978649622897688,10,-8.769606568703736e-12,-3.226585665316861e-16,-1.305622276959184e-13,-0.1292996706652112,0.9374979155926388,1.4901966538191118,0.17447549093900291,5.3678173017601694e-11,0.0014479588717222214,not_checked,0.001,not_checked,not_checked,,-0.011342117642254717,0.027817243652548267,0.0038508348951131754,True
local_b3_n200,166,2035161767,local,3,0.21213203435596426,200,0.0043867281100336,True,ok,0.04066833668673264,0.5667288584522912,0.021073849829521568,17.07851839237523,12.571375376773194,0.0013684917819348059,0.001008041516683046,0.0018627755201177526,0.00029348989829995023,0.00029348989829995023,200.0,200.0,0.005,1.4380718837969653e-11,8.827959492499557,10,-9.992007221626409e-16,-3.469446951953614e-16,-1.3500311979441904e-13,-0.4055918588410865,0.8649593623670963,1.4472244602117792,0.1939194008091067,2.8710811506016398e-11,0.0014569591730833054,not_checked,0.001,not_checked,not_checked,,-0.0006356499947351921,0.08197232336820048,0.03628160857669904,True
local_b3_n200,167,2035161768,local,3,0.21213203435596426,200,0.0043867281100336,True,ok,0.009087801641220361,0.6310607401207087,0.009339831317875547,3.8512792738975223,3.6536480964709193,0.1828955551365094,0.16538589257909525,0.1609238434052834,0.16242152316302885,0.16242152316302885,200.0,200.0,0.005,7.775446952962284e-12,9.645251233846452,10,-2.1944650957506084e-12,-2.896988204881268e-16,-1.1546319456101628e-13,-0.10807930870468896,0.9719732327961994,1.1691469823646767,0.17842950171303956,1.4772405521057408e-11,0.0014515421353280544,not_checked,0.001,not_checked,not_checked,,-0.00921793136349498,0.0273935346459357,0.004701073531186761,True
local_b3_n200,168,2035161769,local,3,0.21213203435596426,200,0.0043867281100336,True,ok,0.005711870019339038,0.67776662828508,0.007819173285433178,2.43848538989674,1.9608697772272585,0.36814754931109717,0.3443515167456046,0.37514791581373474,0.319060670741871,0.319060670741871,200.0,200.0,0.005,2.2500890040078048e-12,11.37391937304883,10,-6.219321932454669e-13,-2.211772431870429e-16,-8.79296635503124e-14,-0.07686869108056227,0.9752100873952908,1.3244945760883284,0.17737234364204288,4.638289752278979e-12,0.0014464170671999454,not_checked,0.001,not_checked,not_checked,,-0.009613428008987717,0.021037168047665793,0.0013251419093054384,True
local_b3_n200,169,2035161770,local,3,0.21213203435596426,200,0.0043867281100336,True,ok,0.002205915054680485,0.5758460263345859,0.004596289581450221,0.9090997236286671,0.9011538249637681,0.6519612909166104,0.6435737941058821,0.6372604020721544,0.6432749694453679,0.6432749694453679,200.0,200.0,0.005,2.252309450057055e-11,8.842950727474488,9,2.3809079707781677e-16,9.194034422677078e-17,3.68594044175552e-14,-0.013366850878236525,0.9402748122564775,1.1292300031954947,0.19849077186442904,4.552003218805112e-11,0.001342749921604991,not_checked,0.001,not_checked,not_checked,,-0.006802646987478627,0.011214477096839598,-0.0021808130553531146,True
local_b3_n200,170,2035161771,local,3,0.21213203435596426,200,0.0043867281100336,True,ok,0.007402306738406139,0.8744393685563217,0.009914038516094842,3.5364185063385447,1.7338813954489236,0.3856868690419334,0.3223713016068579,0.42023521122941887,0.22753269248578611,0.22753269248578611,200.0,200.0,0.005,4.881539616974351e-12,20.59135251910868,11,-6.777911565336581e-14,-5.872038966181492e-16,-2.349231920106831e-13,-0.2877479054880445,1.0796151253798514,2.117107733383671,0.11463773877959486,1.5372147998959917e-11,0.0015525012277066708,not_checked,0.001,not_checked,not_checked,,-0.012028851694482673,0.02683346517129495,0.0030155786283725394,True
local_b3_n200,171,2035161772,local,3,0.21213203435596426,200,0.0043867281100336,True,ok,0.009624989231844738,0.5897235108965222,0.009792020629133367,3.7133637676303892,3.898817458029816,0.13427368196767414,0.14413374536036094,0.1423582189914816,0.14587607101912542,0.14587607101912542,200.0,200.0,0.005,4.3860914900051284e-11,15.7164262193195,9,2.0515880660987307e-13,5.0306980803327406e-17,2.042810365310288e-14,0.06831596255375305,0.8560401497712946,1.0613323532638401,0.1756077418631482,9.023892744153272e-11,0.0013385831844061613,not_checked,0.001,not_checked,not_checked,,-0.009567018537129903,0.02881699700081938,0.0052382611218111386,True
local_b3_n200,172,2035161773,local,3,0.21213203435596426,200,0.0043867281100336,True,ok,0.0030409868357985648,0.6956498287564923,0.006043442975439418,1.2814907615323214,0.9444084689590045,0.5973955545377656,0.5812563627093086,0.6236261339517348,0.5443312145308811,0.5443312145308811,200.0,200.0,0.005,3.197442310920451e-14,13.410278421940387,10,-6.8486882831564344e-15,2.896988204881268e-16,1.1546319456101628e-13,-0.03254801360644777,0.9408397045017858,1.4627849822813368,0.16402855966405278,6.994405055138486e-14,0.0014431250747293234,not_checked,0.001,not_checked,not_checked,,-0.008803943738684277,0.014885917410281406,-0.001345741274235035,True
local_b3_n200,173,2035161774,local,3,0.21213203435596426,200,0.0043867281100336,True,ok,0.0010918199933276362,0.6674586437502064,0.003210004440637061,0.42174474889442404,0.4935322179234345,0.7822550049543242,0.7888559251546201,0.7813234167070552,0.8038327943437252,0.8038327943437252,200.0,200.0,0.005,6.019490461639521e-16,20.057949130468586,10,-9.73613550891983e-17,-9.475926987523309e-17,-3.7969627442180354e-14,0.007491624218315229,0.7183174525850675,1.0947144341658865,0.12112560926591967,8.881784197001252e-16,0.001456249039620161,not_checked,0.001,not_checked,not_checked,,-0.005199673100534645,0.0073833130871899175,-0.0032949081167059635,True
local_b3_n200,174,2035161775,local,3,0.21213203435596426,200,0.0043867281100336,True,ok,0.005474184667074056,0.6328144684761767,0.0068965406995222306,2.206672257766057,2.4567108230081134,0.3607528011177942,0.35794363168351817,0.2927736741860179,0.334594163627988,0.334594163627988,200.0,200.0,0.005,1.27675647831893e-14,13.63135432941882,10,-4.85722573273506e-16,1.1275702593849246e-16,4.440892098500626e-14,-0.008499195468217424,0.8515971754172992,1.3209758715789781,0.17025481726631597,2.708944180085382e-14,0.0014517921954393387,not_checked,0.001,not_checked,not_checked,,-0.008042786721904187,0.018991156056052297,0.001087456557040456,True
local_b3_n200,175,2035161776,local,3,0.21213203435596426,200,0.0043867281100336,True,ok,0.017181445912445747,0.6208200270052162,0.013318961479878134,7.5337857278321945,5.744609125909713,0.059221626945477016,0.04518746707194374,0.05656841078277056,0.03218389256501491,0.03218389256501491,200.0,200.0,0.005,1.7957091369424916e-10,7.119876035110017,10,-1.700029006457271e-16,-6.487865800153259e-16,-2.5845992013273644e-13,-0.33060368142694774,1.1123579645771733,1.315610065981625,0.22572834804795625,3.8925906942210986e-10,0.0014650002121925354,not_checked,0.001,not_checked,not_checked,,-0.008923238899591696,0.04328613072448319,0.012794717802412148,True
local_b3_n200,176,2035161777,local,3,0.21213203435596426,200,0.0043867281100336,True,ok,0.015810207660971853,0.7099236637032322,0.01350569101754351,7.1545817350416305,4.418236037534832,0.09968234698433703,0.07429298525566166,0.10979744510881893,0.04233921591623175,0.04233921591623175,200.0,200.0,0.005,4.9960036108132044e-15,9.658122505964117,11,-1.8596235662471372e-15,3.469446951953614e-16,1.4033219031261979e-13,-0.4152493353264446,1.0739920523283124,1.6582553862175522,0.18129757833495042,9.769962616701378e-15,0.001576834125444293,not_checked,0.001,not_checked,not_checked,,-0.01066046031973954,0.042280875641683244,0.011423479550938254,True
local_b3_n200,177,2035161778,local,3,0.21213203435596426,200,0.0043867281100336,True,ok,0.007676978586077299,0.64519064484304,0.008778645865791057,3.2310797299810075,2.8228016784114063,0.2497443395965802,0.2323207679429083,0.2438015171061145,0.21537044851068363,0.21537044851068363,200.0,200.0,0.005,2.3273605265217157e-12,10.800187204651753,10,-5.904044614313264e-13,8.066464163292153e-17,3.2862601528904634e-14,-0.08014414777504397,1.0406218703443588,1.1740829447225993,0.19894704220230744,4.603206704700824e-12,0.0014645420014858246,not_checked,0.001,not_checked,not_checked,,-0.009528851143904612,0.02488280831605921,0.003290250476043699,True
local_b3_n200,178,2035161779,local,3,0.21213203435596426,200,0.0043867281100336,True,ok,0.006701643203528063,0.612048744313479,0.00852975591041594,2.6210035460704186,2.511953235968319,0.2503508339578858,0.2581703469943041,0.28479757393018595,0.26175962957377646,0.26175962957377646,200.0,200.0,0.005,1.2233036805753272e-10,15.454493462943132,9,8.24774276653173e-15,5.811323644522304e-17,2.3092638912203256e-14,0.029826867670403212,0.8940001444729072,1.0434125585566376,0.1725836601785523,2.60247157157778e-10,0.0013540000654757023,not_checked,0.001,not_checked,not_checked,,-0.01001637117780484,0.023419657584860965,0.002314915093494463,True
local_b3_n200,179,2035161780,local,3,0.21213203435596426,200,0.0043867281100336,True,ok,0.01073372336184164,0.6577433999597986,0.01009816937584343,4.692557952534656,4.001759625877602,0.16737639475943106,0.14202294951284256,0.13521626586753277,0.11686396974173603,0.11686396974173603,200.0,200.0,0.005,9.992007221626409e-16,8.713212498631501,11,-2.8796409701215e-16,-6.140921104957897e-16,-2.460254222569347e-13,-0.19953430389900007,1.0190814836637971,1.385697498466775,0.180086643238922,2.220446049250313e-15,0.001595374895259738,not_checked,0.001,not_checked,not_checked,,-0.009058324924596798,0.03052577164828008,0.006346995251808041,True
local_b3_n200,180,2035161781,local,3,0.21213203435596426,200,0.0043867281100336,True,ok,0.0012497823393164964,0.6376024508752607,0.0034466483013466196,0.5044218383410082,0.5303821344767484,0.782603455137644,0.7808764959982037,0.7670593760569124,0.7788346866714988,0.7788346866714988,200.0,200.0,0.005,1.3176459923158745e-10,13.417652215044086,9,-8.41391973455119e-12,2.5717275531356165e-16,1.0302869668521453e-13,-0.002254451307204808,0.9087945373807493,1.1422897229747018,0.16977039741244995,2.821360922666827e-10,0.0013305419124662876,not_checked,0.001,not_checked,not_checked,,-0.005505524198699033,0.008005088877332027,-0.0031369457707171033,True
local_b3_n200,181,2035161782,local,3,0.21213203435596426,200,0.0043867281100336,True,ok,0.010036298774582786,0.6963070398857081,0.010195127404931848,4.435479070584972,3.3677446765996897,0.1957686607839939,0.16510322491657037,0.18565366849123574,0.13435633999228588,0.13435633999228588,200.0,200.0,0.005,8.534839501805891e-16,10.086355511683884,11,9.540979117872439e-17,-4.683753385137379e-17,-1.865174681370263e-14,-0.21047978037592863,1.1192172866773873,1.3443226492038494,0.19283471401702854,1.5543122344752192e-15,0.0015633748844265938,not_checked,0.001,not_checked,not_checked,,-0.00994578375688094,0.03001838130604651,0.005649570664549186,True
local_b3_n200,182,2035161783,local,3,0.21213203435596426,200,0.0043867281100336,True,ok,0.019009249649252657,0.6911970730941588,0.013702933840083772,8.121046771571487,6.949981814275604,0.050015615439598926,0.04140634200969469,0.0309621153561452,0.022329425753016018,0.022329425753016018,200.0,200.0,0.005,9.992007221626409e-16,13.43100226956583,11,-4.5102810375396984e-17,1.3183898417423734e-16,5.1514348342607263e-14,-0.2586734559352122,0.8372363712119277,1.6324741439533512,0.14667627184545373,2.4424906541753444e-15,0.0015611250419169664,not_checked,0.001,not_checked,not_checked,,-0.007848007159846675,0.04586650645835199,0.014622521539219058,True
local_b3_n200,183,2035161784,local,3,0.21213203435596426,200,0.0043867281100336,True,ok,0.023765619965614437,0.5980308302895772,0.015957932593309142,10.359028514833152,7.755602819166561,0.019216789551214683,0.013552365595575822,0.02069627783563,0.008624709540264196,0.008624709540264196,200.0,200.0,0.005,6.466882584987843e-11,7.1071267086399486,10,-2.1163626406917047e-16,-9.71445146547012e-17,-3.907985046680551e-14,-0.42639026429368876,1.0509926924168793,1.3376074830002391,0.2215112153897966,1.3462342351999723e-10,0.001449457835406065,not_checked,0.001,not_checked,not_checked,,-0.007511353184989349,0.05504259311621822,0.019378891855580838,True
local_b3_n200,184,2035161785,local,3,0.21213203435596426,200,0.0043867281100336,True,ok,0.012607368202309566,0.584161880253226,0.01146869552886464,5.377864327178853,4.247830590080046,0.1175223213734195,0.10199216234756317,0.1195625880867051,0.08034112553827145,0.08034112553827145,200.0,200.0,0.005,3.367006673471451e-11,7.3143164250420245,9,-1.048151322680102e-11,-7.806255641895632e-17,-3.108624468950438e-14,-0.1674585231275132,1.0881058188253998,1.2666823463653567,0.23769902951328392,6.87609968963443e-11,0.0013406251091510057,not_checked,0.001,not_checked,not_checked,,-0.00987086198392068,0.03508559838853981,0.008220640092275966,True
local_b3_n200,185,2035161786,local,3,0.21213203435596426,200,0.0043867281100336,True,ok,0.0017062203828868139,0.6357963519866352,0.004073929495697307,0.6579251654556382,0.7477158592654471,0.6923727473067685,0.7015683766345655,0.6880746599049088,0.7108853765601579,0.7108853765601579,200.0,200.0,0.005,7.91033905045424e-16,17.93080032847591,10,1.3617579286417936e-16,5.4860629927766524e-17,2.220446049250313e-14,0.01228149384954369,0.7745223391998143,1.1059373942606907,0.1515988843188905,1.9984014443252818e-15,0.0014392088633030653,not_checked,0.001,not_checked,not_checked,,-0.006278534704235334,0.009690975470008962,-0.002680507727146786,True
local_b3_n200,186,2035161787,local,3,0.21213203435596426,200,0.0043867281100336,True,ok,0.009370705583178651,0.8101240684519109,0.010266197374727426,4.110980641000285,3.490872581212951,0.24173803078864464,0.21384461842533642,0.17456880961803212,0.15348673745447153,0.15348673745447153,200.0,200.0,0.005,1.2856382625159313e-13,21.17035615282671,11,1.700029006457271e-16,2.220446049250313e-16,8.970602038971265e-14,-0.18134920386441244,0.6701369012450827,2.0607662946839604,0.0866904790439805,3.6637359812630166e-13,0.0015683749224990606,not_checked,0.001,not_checked,not_checked,,-0.010750671529466755,0.029492082695824057,0.0049839774731450515,True
local_b3_n200,187,2035161788,local,3,0.21213203435596426,200,0.0043867281100336,True,ok,0.012449590919517695,0.6044927127926956,0.011493183823710802,5.302085254670336,4.598251191106463,0.1272079493534955,0.11228953368649211,0.10034654884086727,0.08291675022249756,0.08291675022249756,200.0,200.0,0.005,8.69871952247081e-11,8.27929369164054,9,-1.2778769362120634e-11,1.97758476261356e-16,7.638334409421077e-14,-0.16112444343162924,0.7832627277113955,1.622308640712612,0.16647262975312072,1.8286838709968833e-10,0.001340791815891862,not_checked,0.001,not_checked,not_checked,,-0.010076635442653824,0.03497581728168921,0.008062862809484095,True
local_b3_n200,188,2035161789,local,3,0.21213203435596426,200,0.0043867281100336,True,ok,5.99534782408373e-05,0.6298907930784807,0.0007899041889159712,0.024074794542004792,0.022980665380433404,0.9880227155164375,0.9879763484377502,0.9885754290666355,0.9880809062715521,0.9880809062715521,200.0,200.0,0.005,9.992007221626409e-16,13.34875840075485,9,-1.7093802501949584e-16,-1.3422422895370545e-16,-5.3734794391857577e-14,-4.670162283493609e-05,0.9256842401870916,1.0697139458142497,0.17085411694488087,1.9984014443252818e-15,0.001327292062342167,not_checked,0.001,not_checked,not_checked,,-0.0014882302832717892,0.0016081372397534638,-0.0043267746317927624,False
local_b3_n200,189,2035161790,local,3,0.21213203435596426,200,0.0043867281100336,True,ok,0.009591501042176098,0.6598184367604076,0.009855998314131264,4.1507213764936814,3.3369788723253224,0.19868257738892126,0.1740846863996377,0.1885316397281382,0.14685637532308568,0.14685637532308568,200.0,200.0,0.005,6.942091346218149e-11,9.577634662086819,10,-2.3600633600184828e-11,-6.591949208711867e-17,-2.5757174171303632e-14,-0.15706047981162108,1.1274833576011112,1.247159603668801,0.20784153130674882,1.3483414385007109e-10,0.0014425839763134718,not_checked,0.001,not_checked,not_checked,,-0.00972590068520867,0.028908902769560867,0.0052047729321424985,True
local_b3_n200,190,2035161791,local,3,0.21213203435596426,200,0.0043867281100336,True,ok,0.001510438984806628,0.6691924636283282,0.0038806202095105916,0.6277619634329455,0.5868512141586758,0.7487024651190373,0.7402915490459132,0.7457046959509555,0.7392731561034811,0.7392731561034811,200.0,200.0,0.005,2.8275992658421956e-16,12.783951620155865,10,4.7704895589362195e-18,4.5319650809894085e-17,1.84297022087776e-14,-0.011793184755147179,1.0115911764499235,1.0768667518897368,0.17777788297745975,2.220446049250313e-16,0.001449749805033207,not_checked,0.001,not_checked,not_checked,,-0.00609543686351241,0.009116314833125666,-0.0028762891252269718,True
local_b3_n200,191,2035161792,local,3,0.21213203435596426,200,0.0043867281100336,True,ok,0.0063471653095463765,0.5985854699416797,0.008776425247673589,2.6774296389594254,1.948858653454217,0.32889615779637227,0.30987117409829956,0.37740766858949637,0.28099088106265746,0.28099088106265746,200.0,200.0,0.005,6.619027548282475e-11,8.307265503895362,9,-9.423278130027413e-14,2.3592239273284576e-16,9.50350909079134e-14,-0.06928175757043742,0.8729764098553455,1.4410944652879683,0.18789809700820292,1.382307601716093e-10,0.0013359170407056808,not_checked,0.001,not_checked,not_checked,,-0.01085431208890188,0.023548642707994633,0.0019604371995127767,True
local_b3_n200,192,2035161793,local,3,0.21213203435596426,200,0.0043867281100336,True,ok,0.03469095601750638,0.6188412017582239,0.019419748569587156,14.579929255568754,10.993683043349005,0.0028273782541858193,0.002126232692802348,0.004099699823738275,0.0009700225847395215,0.0009700225847395215,200.0,200.0,0.005,1.6517121004255841e-10,11.152458335764706,10,-6.661338147750939e-16,-2.7755575615628914e-17,-1.2434497875801753e-14,-0.35177342428310077,0.937410929767707,1.3554982575134293,0.18491249473361923,3.556936967186175e-10,0.0014609580393880606,not_checked,0.001,not_checked,not_checked,,-0.003371051767707675,0.07275296380272044,0.03030422790747278,True
local_b3_n200,193,2035161794,local,3,0.21213203435596426,200,0.0043867281100336,True,ok,0.009074632849665587,0.6027284909526749,0.010306758890167638,3.8750614006642072,2.8205926225443303,0.21018632524638603,0.18959194608767216,0.24407095146349206,0.16284986602772078,0.16284986602772078,200.0,200.0,0.005,8.009481966553267e-11,7.742801464450997,9,-2.341467297828359e-12,1.942890293094024e-16,7.638334409421077e-14,-0.12260413039898621,0.9066430696489851,1.4331703343274484,0.18961537039034626,1.6826740001363305e-10,0.0013321249280124903,not_checked,0.001,not_checked,not_checked,,-0.011126243372401003,0.029275509071732177,0.004687904739631987,True
local_b3_n200,194,2035161795,local,3,0.21213203435596426,200,0.0043867281100336,True,ok,0.02309738682365925,0.6988548383770037,0.016736065387139475,9.619681928694652,7.275090711143926,0.014483694233228442,0.012308554554831553,0.026316863289129577,0.009857946825767096,0.009857946825767096,200.0,200.0,0.005,7.771561172376096e-16,16.915100522054598,11,-2.706168622523819e-16,-1.1796119636642288e-16,-4.973799150320701e-14,-0.190363599615476,0.7581407822307848,1.3346727513726482,0.11645040959543188,1.5543122344752192e-15,0.0015758739318698645,not_checked,0.001,not_checked,not_checked,,-0.009704698578041515,0.055899472225360014,0.01871065871362565,True
local_b3_n200,195,2035161796,local,3,0.21213203435596426,200,0.0043867281100336,True,ok,0.006989076905435931,0.5147728080400926,0.00879717302718413,2.902751527762641,2.4102202103865604,0.2714095685373057,0.25825876667603886,0.29965900368425474,0.24713627321100015,0.24713627321100015,200.0,200.0,0.005,9.419132140919828e-13,6.438581642597624,9,-7.28063442867466e-15,-7.719519468096792e-17,-3.108624468950438e-14,-0.05356038279413422,0.9316621477703184,1.218663055846835,0.23047473814830516,1.7268408925019685e-12,0.001360124908387661,not_checked,0.001,not_checked,not_checked,,-0.010253065393612166,0.02423121920448403,0.0026023487954023317,True
local_b3_n200,196,2035161797,local,3,0.21213203435596426,200,0.0043867281100336,True,ok,0.0010925174103075808,0.6942027539337596,0.003538837700466772,0.44284811551240444,0.38095812319925015,0.8074276662159812,0.8051276098156113,0.8265630644562467,0.8037206808349311,0.8037206808349311,200.0,200.0,0.005,1.9557788721868974e-10,16.81541622677974,9,-1.6100975153837682e-11,9.540979117872439e-17,3.8191672047105385e-14,-0.0029205756946860673,0.8323034743891524,1.2482180085062882,0.13576025432400676,4.5360581957254453e-10,0.0013595421332865953,not_checked,0.001,not_checked,not_checked,,-0.005843477029739835,0.008028511850354997,-0.003294210699726019,True
local_b3_n200,197,2035161798,local,3,0.21213203435596426,200,0.0043867281100336,True,ok,0.021570789661266243,0.639466961016975,0.015814318792177904,9.538241484181377,6.236411011299682,0.03516242093336726,0.025019589964385185,0.04423647934916531,0.013377809766629646,0.013377809766629646,200.0,200.0,0.005,7.771561172376096e-16,7.8759149101967365,11,-1.5959455978986625e-16,2.0816681711721685e-16,8.348877145181177e-14,-0.45496280983743986,1.0103851624473787,1.5302647415874002,0.19725435955886747,1.7763568394002505e-15,0.0015595010481774807,not_checked,0.001,not_checked,not_checked,,-0.009424705611437417,0.052566284933969906,0.017184061551232643,True
local_b3_n200,198,2035161799,local,3,0.21213203435596426,200,0.0043867281100336,True,ok,0.0004991253033392873,0.6575641191447297,0.0022462205449514925,0.2004611337448687,0.1975927922894548,0.9036012294709315,0.9032292896736447,0.9059271395056304,0.9049957235360939,0.9049957235360939,200.0,200.0,0.005,3.596678510575657e-12,15.065217246498703,9,-1.0826279109310555e-13,3.63207727782644e-17,1.4432899320127035e-14,-0.000405506204576897,0.9093977978345664,1.0660848993263807,0.16143234273357338,8.11595235461482e-12,0.001412833109498024,not_checked,0.001,not_checked,not_checked,,-0.003903386066099571,0.004901636672778146,-0.0038876028066943125,True
local_b3_n200,199,2035161800,local,3,0.21213203435596426,200,0.0043867281100336,True,ok,0.003943914417562144,0.4458825041096919,0.005782126176658466,1.5727261226832092,1.8466121010968533,0.46088452003588454,0.46197460908480104,0.39720369249270476,0.4543975135585241,0.4543975135585241,200.0,200.0,0.005,1.4765966227514582e-14,7.0853797722029395,9,-1.6393136847980827e-16,-1.6132928326584306e-16,-6.483702463810914e-14,0.0024198221708242595,0.8504197806972007,1.2050036162301678,0.2412776234264324,2.4424906541753444e-14,0.001824874896556139,not_checked,0.001,not_checked,not_checked,,-0.007388844642754732,0.01527667347787902,-0.0004428136924714554,True
local_b3_n200,200,2035161801,local,3,0.21213203435596426,200,0.0043867281100336,True,ok,0.0031379731064506977,0.5766836510343816,0.005425518745641593,1.3040178619817968,1.3020227951505357,0.5489015167451028,0.536252423666608,0.5215180478450798,0.5338744279694562,0.5338744279694562,200.0,200.0,0.005,2.3546387062367558e-11,8.327494223925607,9,-1.938553484404082e-16,4.2934406030425976e-17,1.7319479184152442e-14,-0.024414309700758863,0.9699094848641108,1.1267553174098772,0.20561831325498076,4.746714132863872e-11,0.0015465831384062767,not_checked,0.001,not_checked,not_checked,,-0.0074958482324537536,0.013771794445355149,-0.001248755003582902,True
local_b3_n200,201,2035161802,local,3,0.21213203435596426,200,0.0043867281100336,True,ok,0.008994940656119832,0.5937974203303327,0.010030287879911256,3.8328566490072804,3.20419966218074,0.19991891937095002,0.18074789059486573,0.20147301420795447,0.16546623365682292,0.16546623365682292,200.0,200.0,0.005,5.308542494475432e-11,7.513514933785545,9,-1.6003899594441151e-12,1.8735013540549517e-16,7.593925488436071e-14,-0.11744019327967381,0.7824066953568183,1.4715689503775236,0.16398262335026373,1.0989276155726202e-10,0.0017871239688247442,not_checked,0.001,not_checked,not_checked,,-0.010664062343074845,0.02865394365531451,0.004608212546086232,True
local_b3_n200,202,2035161803,local,3,0.21213203435596426,200,0.0043867281100336,True,ok,0.007673135573670553,0.6405397894635647,0.009182202781017874,3.176151205063641,2.65913276913205,0.24298291656364862,0.23144544082040192,0.2645919675896705,0.2155360464031415,0.2155360464031415,200.0,200.0,0.005,6.737943536450075e-13,11.897958168880336,10,-1.3284512379030389e-13,-1.6479873021779667e-17,-5.329070518200751e-15,-0.05344848779770994,0.8880978764585112,1.2921864018861147,0.16955367213811917,1.3717915692268434e-12,0.0021516659762710333,not_checked,0.001,not_checked,not_checked,,-0.010323651175868004,0.02566992232320911,0.0032864074636369534,True
local_b3_n200,203,2035161804,local,3,0.21213203435596426,200,0.0043867281100336,True,ok,0.0013875976693125125,0.6900151495910622,0.0040270428089937554,0.5605750701809684,0.4708634145044638,0.7438931197769054,0.7417115053564295,0.7902296281187474,0.7576607644172267,0.7576607644172267,200.0,200.0,0.005,6.661338147750939e-16,16.8885452442732,10,1.684850176042474e-16,1.1492543028346347e-16,4.6407322429331543e-14,-0.002768001227981709,0.7266734864031913,1.1995469478412943,0.11368463916125655,1.7763568394002505e-15,0.001798833953216672,not_checked,0.001,not_checked,not_checked,,-0.00650526120051626,0.009280456539141285,-0.0029991304407210873,True
local_b3_n200,204,2035161805,local,3,0.21213203435596426,200,0.0043867281100336,True,ok,0.0007487354390094403,0.7964985067303538,0.002742577893671155,0.31365523789803684,0.29124960459326876,0.8693734358524302,0.8636439798039539,0.8644819940030042,0.8609256875010409,0.8609256875010409,200.0,200.0,0.005,5.67323965583455e-14,23.6303627336265,10,1.0755285551056204e-16,-3.5778671692021646e-17,-1.4210854715202004e-14,-0.0070805311471303645,0.9053551403600768,1.2615700922795068,0.1087898461134656,1.5853984791647235e-13,0.002105250023305416,not_checked,0.001,not_checked,not_checked,,-0.004626618457381745,0.006124089335400626,-0.0036379926710241595,True
local_b3_n200,205,2035161806,local,3,0.21213203435596426,200,0.0043867281100336,True,ok,0.007436895707523039,0.6238601364960403,0.008722619669104547,3.133121911384421,2.7093162265556634,0.2594412424658502,0.24147441548133405,0.25803549828381833,0.22596410008602288,0.22596410008602288,200.0,200.0,0.005,1.3481438188023276e-12,9.6187502420626,10,-3.4557252892586376e-13,7.28583859910259e-17,2.9753977059954195e-14,-0.07918181418760262,1.0492121487366057,1.1564256255388305,0.20374559051202198,2.573719015686038e-12,0.001691583078354597,not_checked,0.001,not_checked,not_checked,,-0.009659124694762558,0.024532916109808636,0.0030501675974894393,True
local_b3_n200,206,2035161807,local,3,0.21213203435596426,200,0.0043867281100336,True,ok,0.009383232469901248,0.6731570127271798,0.009983181089003524,3.9376204721243866,3.3653172817365045,0.18863107837572826,0.17421896556223562,0.18587913266681783,0.15310267656938226,0.15310267656938226,200.0,200.0,0.005,1.2473910793175946e-11,12.849063795392944,10,-3.108711205124237e-12,7.632783294297951e-17,3.197442310920451e-14,-0.09216374208194367,0.8377820730052068,1.424188458228968,0.15167474562603894,2.578093294403061e-11,0.0017032502219080925,not_checked,0.001,not_checked,not_checked,,-0.010183442915687013,0.02894990785548951,0.004996504359867648,True
local_b3_n200,207,2035161808,local,3,0.21213203435596426,200,0.0043867281100336,True,ok,0.012691520677827972,0.7066526277248684,0.012003341484550371,5.699417391926623,3.796114794043569,0.14680040811690337,0.1169114798747434,0.14985945406463924,0.07900025998543997,0.07900025998543997,200.0,200.0,0.005,1.3322676295501878e-15,9.672265838687416,11,-5.828670879282072e-16,3.469446951953614e-18,8.881784197001252e-16,-0.31140456039771713,0.9958423469773765,1.6521550266643725,0.16392134306694894,3.3306690738754696e-15,0.0018023750744760036,not_checked,0.001,not_checked,not_checked,,-0.010834596326026302,0.03621763768168225,0.008304792567794372,True
local_b3_n200,208,2035161809,local,3,0.21213203435596426,200,0.0043867281100336,True,ok,0.00041199836604910445,0.6580859968552497,0.0019202467050744782,0.16449432967067146,0.1850361747241847,0.9238984637973588,0.9240337519259849,0.9116327217842052,0.9209038245470775,0.9209038245470775,200.0,200.0,0.005,1.4755974220292956e-12,15.704645247266196,9,1.9421150885406968e-14,2.0773313624822265e-16,8.326672684688674e-14,0.00015250837448516075,0.882706021459669,1.226402912599717,0.1675186427306062,3.391065206415078e-12,0.0016055419109761715,not_checked,0.001,not_checked,not_checked,,-0.00335161601732858,0.004175612749426788,-0.003974729743984495,False
local_b3_n200,209,2035161810,local,3,0.21213203435596426,200,0.0043867281100336,True,ok,0.0017389198225088442,0.7504001291071214,0.0036870487202179006,0.6663262764058089,0.9169934936808437,0.6898200808102943,0.7006042703927422,0.6322333382771124,0.7062514351153835,0.7062514351153835,200.0,200.0,0.005,1.7763568394002505e-15,30.649789851842378,10,-5.334274688628682e-17,-1.1275702593849246e-16,-4.4853010194856324e-14,0.014620826298864409,0.7136958646609611,1.2130494828341916,0.0964948004911315,4.440892098500626e-15,0.0018186250235885382,not_checked,0.001,not_checked,not_checked,,-0.005487562878362739,0.008965402523380427,-0.0026478082875247555,True
local_b3_n200,210,2035161811,local,3,0.21213203435596426,200,0.0043867281100336,True,ok,0.04273216930818502,0.6530565099070842,0.02354462409390438,19.795442607634747,9.717699167343145,0.005355013214877713,0.0025735407986871997,0.00775940530504446,0.00019423654031653124,0.00019423654031653124,200.0,200.0,0.005,3.511091417607304e-11,6.890644009257176,11,-2.222116934902374e-11,2.498001805406602e-16,9.592326932761353e-14,-1.3512874421803698,0.9059466099651096,2.039589943597834,0.17404163348299206,5.7127191865902205e-11,0.0019710410851985216,not_checked,0.001,not_checked,not_checked,,-0.0034144459454015716,0.08887878456177162,0.03834544119815142,True
local_b3_n200,211,2035161812,local,3,0.21213203435596426,200,0.0043867281100336,True,ok,0.0018033276765290207,0.6326024633626712,0.004303939092164484,0.7217220981245478,0.6996091309953882,0.7063892849820874,0.7062562240020669,0.7048258235433409,0.6972121523231489,0.6972121523231489,200.0,200.0,0.005,5.39499001028787e-16,13.980009419883377,10,-5.4643789493269423e-17,-4.7921736023859296e-17,-1.84297022087776e-14,-0.00019551375646975622,0.9877317072144922,1.089574640192608,0.1852851689205658,6.661338147750939e-16,0.001829416025429964,not_checked,0.001,not_checked,not_checked,,-0.006632237935767385,0.010238893288825426,-0.002583400433504579,True
local_b3_n200,212,2035161813,local,3,0.21213203435596426,200,0.0043867281100336,True,ok,0.0027651222030236067,0.6596244058797507,0.0057413780393025795,1.1608421283795938,0.8830580385699403,0.6023872589485912,0.5875539934632865,0.6430524294378892,0.5752074960383209,0.5752074960383209,200.0,200.0,0.005,6.5503158452884236e-15,11.455070360590533,10,-1.1340754724198376e-15,1.3877787807814457e-17,5.551115123125783e-15,-0.027396623585075552,0.8610017444714633,1.3641140918462906,0.15849924798248313,1.3766765505351941e-14,0.0017372497823089361,not_checked,0.001,not_checked,not_checked,,-0.008487771975638641,0.014018016381685854,-0.001621605907009993,True
local_b3_n200,213,2035161814,local,3,0.21213203435596426,200,0.0043867281100336,True,ok,0.0006552522845297837,0.6881260474478459,0.0025821881786273412,0.25917402045034604,0.2620300247126939,0.8772336187952519,0.8785176440155735,0.8772046053840696,0.8771735138129328,0.8771735138129328,200.0,200.0,0.005,2.3290258610586534e-11,19.0720407664612,9,1.5690111970084741e-12,-1.691355389077387e-17,-6.661338147750939e-15,0.0014634466807837143,0.9753193197818149,1.02633453642782,0.16045475955649566,5.668976399419989e-11,0.0014347080141305923,not_checked,0.001,not_checked,not_checked,,-0.004405743546884885,0.005716248115944452,-0.003731475825503816,True
local_b3_n200,214,2035161815,local,3,0.21213203435596426,200,0.0043867281100336,True,ok,0.014997321980774858,0.5888526259088807,0.0131348392630273,6.484331771448229,4.558296457486932,0.08426326073945006,0.06928636682585737,0.1023713665776781,0.049813741655634555,0.049813741655634555,200.0,200.0,0.005,4.2128300847821265e-11,6.53821834060796,10,2.3245294578089215e-16,2.7755575615628914e-17,1.2434497875801753e-14,-0.24270148956914284,0.9845283973035559,1.4302097106425085,0.2161009412509957,8.649769789315087e-11,0.0016519997734576464,not_checked,0.001,not_checked,not_checked,,-0.010746489917481276,0.04074113387903099,0.010610593870741258,True
local_b3_n200,215,2035161816,local,3,0.21213203435596426,200,0.0043867281100336,True,ok,0.005321793929513596,0.571881135446705,0.007879603041629848,2.2193117244304177,1.716625867153471,0.3779414919544043,0.3627435314590065,0.42387658739772227,0.344948970010952,0.344948970010952,200.0,200.0,0.005,1.8635315512938178e-11,8.005209732561084,9,-6.520825546196818e-15,-1.1188966420050406e-16,-4.4853010194856324e-14,-0.04529707631248958,0.8994350897963743,1.3077602163596813,0.19890659579917508,3.7293501620183633e-11,0.001428290968760848,not_checked,0.001,not_checked,not_checked,,-0.01012194424455317,0.020765532103580363,0.0009350658194799966,True
local_b3_n200,216,2035161817,local,3,0.21213203435596426,200,0.0043867281100336,True,ok,0.0058982841069588066,0.5947826293693537,0.007312439904339084,2.4715937991403196,2.4858944152782474,0.33311710785725807,0.31618064780146704,0.2885325981279383,0.30738420818740353,0.30738420818740353,200.0,200.0,0.005,5.5516369279473565e-11,8.60785059676049,9,-2.936626636307338e-14,1.1796119636642288e-16,4.618527782440651e-14,-0.0561400781783985,0.9742052521635857,1.1763456471367912,0.19589272472101768,1.1522782727979575e-10,0.0014900420792400837,not_checked,0.001,not_checked,not_checked,,-0.008433834744659316,0.020230402958576928,0.0015115559969252068,True
local_b3_n200,217,2035161818,local,3,0.21213203435596426,200,0.0043867281100336,True,ok,0.005832382451671725,0.626431896677879,0.008088007036294137,2.458147264246638,1.9123088252842826,0.3501715666279229,0.3311279494289239,0.38436816886333736,0.31146245106921794,0.31146245106921794,200.0,200.0,0.005,3.5649261320713777e-13,9.599852259580722,10,-8.790537742164872e-14,-1.691355389077387e-16,-6.838973831690964e-14,-0.06259714178897413,0.9418485687482249,1.294664922792974,0.1886874726291348,6.870060076380469e-13,0.0014995420351624489,not_checked,0.001,not_checked,not_checked,,-0.010019820046171326,0.021684584949514776,0.0014456543416381251,True
local_b3_n200,218,2035161819,local,3,0.21213203435596426,200,0.0043867281100336,True,ok,0.008742073219372593,0.8360257291656814,0.011019597370537497,4.006543598322099,2.092855322775706,0.2817336047172878,0.23722439242522908,0.3511900807887435,0.17404965552931306,0.17404965552931306,200.0,200.0,0.005,5.919709167301335e-13,19.662017693777518,11,-2.4077961846558082e-15,-1.9255430583342559e-16,-7.860379014346108e-14,-0.2548571552865311,0.8234690661605273,2.0271705422899133,0.09661307471672104,1.7643664307342988e-12,0.002053292002528906,not_checked,0.001,not_checked,not_checked,,-0.012855940751013182,0.030340087189758367,0.004355345109338993,True
local_b3_n200,219,2035161820,local,3,0.21213203435596426,200,0.0043867281100336,True,ok,0.012004200647854235,0.6201710305378647,0.011761888756135774,4.883509978558968,4.004689917979556,0.09120727296326703,0.08766617566617321,0.13501829934991363,0.09064177046045196,0.09064177046045196,200.0,200.0,0.005,1.7562273857407718e-10,12.572869750855846,9,-5.359601651377943e-13,7.28583859910259e-17,2.930988785010413e-14,-0.040914859708637064,0.7750100189635394,1.2195705002637742,0.14745390202715913,3.779341284371185e-10,0.0018158750608563423,not_checked,0.001,not_checked,not_checked,,-0.011048677704338497,0.03505707900004697,0.007617472537820635,True
local_b3_n200,220,2035161821,local,3,0.21213203435596426,200,0.0043867281100336,True,ok,0.012968933859679899,0.6783869962989844,0.012451625585799023,5.759529068048626,4.398348755096483,0.13390061283937937,0.109949345972992,0.11089467771262008,0.07473649350484214,0.07473649350484214,200.0,200.0,0.005,1.3322676295501878e-15,8.80303182982586,11,1.942890293094024e-16,2.740863092043355e-16,1.1102230246251565e-13,-0.28597776208833325,0.6926008548071287,1.8698706963077845,0.12100112420300094,3.1086244689504383e-15,0.0016292082145810127,not_checked,0.001,not_checked,not_checked,,-0.011435803837463638,0.03737367155682343,0.008582205749646299,True
local_b3_n200,221,2035161822,local,3,0.21213203435596426,200,0.0043867281100336,True,ok,0.01892684932778743,0.6950785664898016,0.014201322816892983,8.402132845979764,5.783332070229098,0.06061259676073554,0.04502779759147689,0.05548369777761886,0.022700465103641293,0.022700465103641293,200.0,200.0,0.005,3.9968028886505635e-15,10.57424151553718,11,-1.4016565685892601e-15,2.7755575615628914e-17,1.0658141036401503e-14,-0.41569655743239586,1.0489237128233266,1.6256743775438196,0.18316811310634115,8.215650382226158e-15,0.001753500197082758,not_checked,0.001,not_checked,not_checked,,-0.008907231926149724,0.04676093058172459,0.014540121217753832,True
local_b3_n200,222,2035161823,local,3,0.21213203435596426,200,0.0043867281100336,True,ok,0.021556598857041642,0.683636947653177,0.01442787702812362,8.806375124939915,7.873196891473252,0.018994526919633895,0.017474293608486513,0.019514481544328423,0.01341583207368868,0.01341583207368868,200.0,200.0,0.005,8.881784197001252e-16,17.490848140774954,11,-2.393918396847994e-16,-2.5673907444456745e-16,-1.0302869668521453e-13,-0.09186779106162923,0.9601867565655282,1.2019544640216808,0.1617042677337299,1.9984014443252818e-15,0.0019813331309705973,not_checked,0.001,not_checked,not_checked,,-0.006721520491453442,0.04983471820553673,0.017169870747008042,True
local_b3_n200,223,2035161824,local,3,0.21213203435596426,200,0.0043867281100336,True,ok,0.0073652599793399,0.7543441084445126,0.009712885584611482,3.130083761481861,2.086477755370268,0.2549087111592768,0.23510795109340177,0.3523117374046389,0.2292248233084393,0.2292248233084393,200.0,200.0,0.005,3.312183860515461e-11,17.959814891629115,10,-9.248445759224566e-12,4.579669976578771e-16,1.8385293287792592e-13,-0.09198988487295057,0.6912796627200312,1.5104368140064923,0.09429660946945859,7.770162291365068e-11,0.002005124930292368,not_checked,0.001,not_checked,not_checked,,-0.011671645952456872,0.02640216591113667,0.0029785318693063,True
local_b3_n200,224,2035161825,local,3,0.21213203435596426,200,0.0043867281100336,True,ok,0.010366774643732812,0.6664562982078526,0.010158839487058069,4.418323380152267,3.831584855992551,0.16453286643649012,0.1461930700298231,0.14722512104185306,0.12576314675008443,0.12576314675008443,200.0,200.0,0.005,4.8979931221992956e-11,11.227445766187795,10,-1.4954426585944702e-11,-1.700029006457271e-16,-6.750155989720952e-14,-0.13580676132957104,1.1254119117542314,1.1724332297323963,0.19549452079623708,9.815104284882636e-11,0.0018686670809984207,not_checked,0.001,not_checked,not_checked,,-0.009544184875624358,0.030277734163089983,0.005980046533699213,True
local_b3_n200,225,2035161826,local,3,0.21213203435596426,200,0.0043867281100336,True,ok,0.009597381692504792,0.6274307989190786,0.01034591235313755,4.059974650017963,3.2462175886467373,0.1968801420636558,0.1798810173955704,0.19728442804718074,0.14668375465679914,0.14668375465679914,200.0,200.0,0.005,8.915757021554782e-12,9.637533478465345,10,-2.489716766085337e-12,1.491862189340054e-16,5.861977570020827e-14,-0.11051098650802338,0.8528186176768944,1.5260048614332817,0.1728052233832901,1.681188521729382e-11,0.0020225010812282562,not_checked,0.001,not_checked,not_checked,,-0.010680233906852847,0.02987499729186243,0.005210653582471192,True
local_b3_n200,226,2035161827,local,3,0.21213203435596426,200,0.0043867281100336,True,ok,0.015384396389860111,0.6591884133403798,0.012301160870533658,6.74175922455421,5.359385329678964,0.08503958531669178,0.06740160026225953,0.06858422926066025,0.04610290674308189,0.04610290674308189,200.0,200.0,0.005,7.771561172376096e-16,9.083881222241033,11,-3.95516952522712e-16,-3.694961003830599e-16,-1.4832579608992091e-13,-0.29400033430508277,1.0719812435745244,1.4190569226586622,0.2013784800132191,1.3322676295501878e-15,0.002126708161085844,not_checked,0.001,not_checked,not_checked,,-0.008725435884419236,0.03949422866413946,0.010997668279826511,True
local_b3_n200,227,2035161828,local,3,0.21213203435596426,200,0.0043867281100336,True,ok,0.0028283753851516824,0.6824574193908173,0.005459007065361985,1.1591802161009928,1.0270383517450323,0.5869629073861085,0.5793305210426578,0.598386043350053,0.5679765893574676,0.5679765893574676,200.0,200.0,0.005,4.440892098500626e-16,15.00408821155522,10,-5.767955557622884e-17,8.673617379884035e-18,3.552713678800501e-15,-0.013915031020159896,0.9598810802096607,1.1712548971212535,0.16269823500975886,1.1102230246251565e-15,0.0018486250191926956,not_checked,0.001,not_checked,not_checked,,-0.007871081854307502,0.013527832624610867,-0.0015583527248819173,True
local_b3_n200,228,2035161829,local,3,0.21213203435596426,200,0.0043867281100336,True,ok,0.012611623472496891,0.6501216562581553,0.01167615035279289,5.4709630373254114,4.320752814614666,0.12241229681800422,0.10321524346874186,0.11528171998853327,0.08027277998601189,0.08027277998601189,200.0,200.0,0.005,3.7470027081099033e-16,9.127159931234855,11,-1.1449174941446927e-16,-2.185751579730777e-16,-8.881784197001252e-14,-0.21315682416332749,0.8819610637364235,1.5140086597411169,0.17032835554605694,8.881784197001252e-16,0.001917041139677167,not_checked,0.001,not_checked,not_checked,,-0.01027321069705182,0.035496457642045606,0.008224895362463291,True
local_b3_n200,229,2035161830,local,3,0.21213203435596426,200,0.0043867281100336,True,ok,0.0026082270199896396,0.6034482938766865,0.004882451481378361,1.0679753826155303,1.221855722936187,0.5825611806914999,0.5752399371884631,0.5428469485597979,0.5935431258313804,0.5935431258313804,200.0,200.0,0.005,8.29398771884371e-11,10.514869263877406,9,-1.3487475025719675e-16,-1.9125326322644298e-16,-7.66053886991358e-14,-0.012342287309837219,0.7231915486270363,1.2618575933332623,0.14255692215471683,1.740860788856935e-10,0.0020506251603364944,not_checked,0.001,not_checked,not_checked,,-0.006961202039776182,0.012177656079755461,-0.0017785010900439602,True
local_b3_n200,230,2035161831,local,3,0.21213203435596426,200,0.0043867281100336,True,ok,0.006010023324873437,0.6404618578910906,0.008077947216662627,2.5283129158747037,2.0649864741583945,0.3417585216494673,0.323424182569756,0.35611796627481,0.3005910232226246,0.3005910232226246,200.0,200.0,0.005,4.746203430272544e-13,10.458425108197565,10,-1.144440445188799e-13,-2.740863092043355e-16,-1.0969003483296547e-13,-0.06215179296266449,0.9525536125641753,1.298888004699744,0.1868817924364571,9.339196083146817e-13,0.0018308749422430992,not_checked,0.001,not_checked,not_checked,,-0.009822462288800887,0.02184250893854776,0.0016232952148398372,True
local_b3_n200,231,2035161832,local,3,0.21213203435596426,200,0.0043867281100336,True,ok,0.003796657032685502,0.7317352007671889,0.007691749674312053,1.6198927471856641,0.8823170782200614,0.5096653365413577,0.48848347631008615,0.6432907117511537,0.4679792102765977,0.4679792102765977,200.0,200.0,0.005,6.09956529729061e-13,15.083183240913979,10,-1.5714686496526298e-13,-2.220446049250313e-16,-8.970602038971265e-14,-0.05061496705573165,0.6114399282640672,1.861465020752155,0.09502020133889814,1.3917755836700962e-12,0.0018391660414636135,not_checked,0.001,not_checked,not_checked,,-0.011278895307063812,0.018872209372434817,-0.0005900710773480977,True
local_b3_n200,232,2035161833,local,3,0.21213203435596426,200,0.0043867281100336,True,ok,0.009642331458306286,0.7185217585504968,0.009394992360032255,3.5251520135829466,4.476054972455592,0.08579886875232146,0.1047039329184094,0.10666870248648644,0.14537098428654255,0.14537098428654255,200.0,200.0,0.005,1.5235368522326098e-10,36.57697552333896,10,6.173424098310232e-11,-1.0061396160665481e-16,-3.907985046680551e-14,0.16589028486978386,0.5224963341698665,1.0263470624399442,0.07472370888149411,4.40193215212048e-10,0.001993665937334299,not_checked,0.001,not_checked,not_checked,,-0.0087715152023859,0.028056178118998472,0.005255603348272686,True
local_b3_n200,233,2035161834,local,3,0.21213203435596426,200,0.0043867281100336,True,ok,0.00900669108740848,0.6352891518545201,0.010215100074304529,3.8585011460564047,2.761669512969408,0.22810616377960816,0.20574392370390887,0.25136863385907404,0.16507783030443773,0.16507783030443773,200.0,200.0,0.005,1.6576517936073287e-11,9.024982568186497,10,-5.154394272510743e-12,5.898059818321144e-17,2.3092638912203256e-14,-0.12791235554650626,0.9739603004222657,1.4768924021696077,0.19428765294836525,3.1306512937590014e-11,0.001575749833136797,not_checked,0.001,not_checked,not_checked,,-0.011014537156700827,0.029027919331517788,0.004619962977374881,True
local_b3_n200,234,2035161835,local,3,0.21213203435596426,200,0.0043867281100336,True,ok,0.003350497333896696,0.6326189225731977,0.0067212458879643945,1.4074447907160792,0.9211213015878197,0.550929926231167,0.5349572053853371,0.6309298150268283,0.5116576823135961,0.5116576823135961,200.0,200.0,0.005,1.4099832412739488e-14,10.00336461621333,10,-2.89308507706032e-15,-9.454242944073599e-17,-3.752553823233029e-14,-0.03362292857870042,0.8002187293343834,1.5296177981511274,0.16060769611471337,2.7977620220553945e-14,0.001643915893509984,not_checked,0.001,not_checked,not_checked,,-0.009822902537751452,0.016523897205544844,-0.0010362307761369038,True
local_b3_n200,235,2035161836,local,3,0.21213203435596426,200,0.0043867281100336,True,ok,0.007456273996859997,0.5901465445309138,0.008646316182049632,3.138297542576191,2.752971318381359,0.26023357452533324,0.2425686277308018,0.25246424122899874,0.22509003542565528,0.22509003542565528,200.0,200.0,0.005,4.46691572619784e-11,8.19141379547943,9,-1.7004453400915054e-13,2.7929047963226594e-16,1.1102230246251565e-13,-0.07789397191609626,1.0757450698305115,1.1401030258559388,0.22565055789760927,9.211231777328521e-11,0.0015653339214622974,not_checked,0.001,not_checked,not_checked,,-0.009490194318903147,0.02440274231262314,0.003069545886826397,True
local_b3_n200,236,2035161837,local,3,0.21213203435596426,200,0.0043867281100336,True,ok,0.009111053485682863,0.4840340338387483,0.00954713890629851,3.7943591518375825,3.4481274492080427,0.18648607823877694,0.17405570430424444,0.17833994893616162,0.16166795670329784,0.16166795670329784,200.0,200.0,0.005,1.5865087021893487e-13,5.447743231272955,9,-2.7450264283856995e-14,-2.42861286636753e-17,-1.021405182655144e-14,-0.0749688787822187,1.0192440995413017,1.1514742007636978,0.2640121765909066,2.7688962234151404e-13,0.0015350838657468557,not_checked,0.001,not_checked,not_checked,,-0.009600994926063339,0.027823101897429064,0.004724325375649263,True
local_b3_n200,237,2035161838,local,3,0.21213203435596426,200,0.0043867281100336,True,ok,0.012693394184514428,0.6470327177134714,0.010996352822683709,5.492666912917587,4.738072038105219,0.119182595447692,0.10023207938073966,0.09357088336501418,0.07897066402754582,0.07897066402754582,200.0,200.0,0.005,7.424616477180734e-16,9.163086484285422,11,3.122502256758253e-17,4.163336342344337e-17,1.7763568394002505e-14,-0.2076546195559077,1.0850495449012723,1.301292660576504,0.20543951529205565,1.1102230246251565e-15,0.0018098738510161638,not_checked,0.001,not_checked,not_checked,,-0.008859061309241002,0.03424584967826986,0.008306666074480828,True
local_b3_n200,238,2035161839,local,3,0.21213203435596426,200,0.0043867281100336,True,ok,0.009258555965556692,0.6348993835364569,0.008928099651550447,3.999539324173994,3.985382324056429,0.193138983680824,0.1695344702882644,0.1363280504616592,0.15696833323603993,0.15696833323603993,200.0,200.0,0.005,3.29660743147997e-11,8.346947635646792,10,-1.1046087655675052e-11,2.0122792321330962e-16,8.038014698286133e-14,-0.14805846897565855,0.9717037923543372,1.2842990179478162,0.17841635592288338,6.198530577705696e-11,0.001695666927844286,not_checked,0.001,not_checked,not_checked,,-0.008240197801866793,0.026757309732980177,0.004871827855523092,True
local_b3_n200,239,2035161840,local,3,0.21213203435596426,200,0.0043867281100336,True,ok,0.013639084453049177,0.6534787200098113,0.01189679389954004,5.365176935290663,5.428563921986981,0.05779138043280953,0.060583262106919056,0.06625250781681744,0.06536182604145911,0.06536182604145911,200.0,200.0,0.005,2.594691128621207e-11,18.435591214380594,10,2.605950177869687e-12,-3.9898639947466563e-17,-1.509903313490213e-14,0.045228422964504134,0.9062512528528069,1.006275719841336,0.15805112270181557,6.145062236839749e-11,0.001543042017146945,not_checked,0.001,not_checked,not_checked,,-0.009678203121545128,0.036956372027643486,0.009252356343015578,True
local_b3_n200,240,2035161841,local,3,0.21213203435596426,200,0.0043867281100336,True,ok,0.00985824579588579,0.6055180184562192,0.010290598181479127,4.197549438252687,3.369821530300225,0.1760010257172835,0.1574825656971794,0.18546098080037482,0.13922705919881748,0.13922705919881748,200.0,200.0,0.005,9.113343413247321e-11,8.157194426764208,9,-3.1743462025612956e-12,2.3592239273284576e-16,9.50350909079134e-14,-0.12712555994918562,0.991688994470238,1.2804985612013202,0.20140602045744305,1.9190071753882876e-10,0.0018951671663671732,not_checked,0.001,not_checked,not_checked,,-0.010310956019186673,0.03002744761095825,0.00547151768585219,True
local_b3_n200,241,2035161842,local,3,0.21213203435596426,200,0.0043867281100336,True,ok,0.004854102129364657,0.669833308038496,0.007574349270861933,2.0118712715395564,1.5431669800832692,0.4121400621992678,0.399358323581233,0.46228047191104127,0.37877215611620013,0.37877215611620013,200.0,200.0,0.005,6.827871601444713e-14,13.301138843637503,10,-1.250648890005479e-14,3.3219954564955856e-16,1.3322676295501878e-13,-0.0351152098968468,0.8170442826777691,1.4189222803004913,0.1453143060336669,1.4477308241112041e-13,0.001688375137746334,not_checked,0.001,not_checked,not_checked,,-0.009991349647851951,0.019699553906581263,0.00046737401933105716,True
local_b3_n200,242,2035161843,local,3,0.21213203435596426,200,0.0043867281100336,True,ok,0.005343744346377743,0.5763111648669486,0.0077840818303382825,2.240897807581183,1.7583354528239092,0.38451961618615205,0.36725222473993013,0.4151282682393821,0.3434379344860259,0.3434379344860259,200.0,200.0,0.005,2.3115842573417922e-11,7.77334763183546,9,-1.2810065508350732e-14,-1.2836953722228372e-16,-4.973799150320701e-14,-0.0517000345150429,0.9490833059117346,1.3018125415575907,0.21348259511052184,4.6591841496024244e-11,0.0015806257724761963,not_checked,0.001,not_checked,not_checked,,-0.009912775693797914,0.0206002643865534,0.0009570162363441437,True
local_b3_n200,243,2035161844,local,3,0.21213203435596426,200,0.0043867281100336,True,ok,0.006222174743608866,0.5813749022156081,0.007944393166332142,2.56847206835514,2.3714522990337907,0.320508820695107,0.3092067794720412,0.30552424264759687,0.28810365548493344,0.28810365548493344,200.0,200.0,0.005,2.95158342211721e-11,9.161661393193906,9,-6.865168156178214e-15,-1.0581813203458523e-16,-4.1300296516055823e-14,-0.03980108545579686,0.8699026750261352,1.3388887117973334,0.19347647182536828,5.993250340452505e-11,0.001507708802819252,not_checked,0.001,not_checked,not_checked,,-0.009348549741428255,0.02179289922864599,0.0018354466335752662,True
local_b3_n200,244,2035161845,local,3,0.21213203435596426,200,0.0043867281100336,True,ok,0.002673078854722011,0.7799718510131783,0.005276347330347151,1.1288702263556676,0.9792680876615464,0.5961205096281393,0.5792302200200541,0.6128506296204672,0.5858943645403311,0.5858943645403311,200.0,200.0,0.005,8.926193117986259e-14,20.687833176802492,10,-1.9166959686067742e-14,6.691695808580533e-16,2.6756374893466273e-13,-0.029819342233431634,0.8703559756534,1.218134450222968,0.10378700927601306,2.2426505097428162e-13,0.0018341669347137213,not_checked,0.001,not_checked,not_checked,,-0.007668371882682469,0.01301452959212649,-0.001713649255311589,True
local_b3_n200,245,2035161846,local,3,0.21213203435596426,200,0.0043867281100336,True,ok,0.0006710951695594325,0.5558670452916314,0.002542996541162279,0.26979252386237706,0.27748030536148816,0.8759678845265426,0.8753828191097313,0.8704541842603047,0.8743985206982581,0.8743985206982581,200.0,200.0,0.005,8.288036923431719e-12,9.811651189627053,8,-1.550767977573364e-13,4.7271214720367993e-17,1.887379141862766e-14,-0.0006772280193020341,0.9666988348525435,1.0624959500784916,0.22592915177855288,1.638200686215896e-11,0.0015545000787824392,not_checked,0.001,not_checked,not_checked,,-0.004313086463928564,0.005655276803047429,-0.0037156329404741673,True
local_b3_n200,246,2035161847,local,3,0.21213203435596426,200,0.0043867281100336,True,ok,0.0024496858143907563,0.5753553682731403,0.005405561048982624,1.0136788041072282,0.8438936182980589,0.6254776583693934,0.6155671306807216,0.655768919372647,0.6126648910732995,0.6126648910732995,200.0,200.0,0.005,2.20742313317146e-11,8.547718422845263,9,-1.48318857196017e-16,-2.0643209364124004e-16,-8.215650382226158e-14,-0.016902239175462852,0.7398460695894167,1.4354890116818537,0.1640580179896225,4.441513823394416e-11,0.0016115827020257711,not_checked,0.001,not_checked,not_checked,,-0.008145019157847742,0.013044390786629254,-0.0019370422956428435,True
local_b3_n200,247,2035161848,local,3,0.21213203435596426,200,0.0043867281100336,True,ok,0.011876823885693888,0.5339833347172602,0.010771270338605178,5.000074836559877,4.4793777311036544,0.12112475267966072,0.10842662486361587,0.10649163244063943,0.0929805658390357,0.0929805658390357,200.0,200.0,0.005,3.578137786064417e-12,6.3689595384946545,9,-1.017734507779977e-12,8.500145032286355e-17,3.4638958368304884e-14,-0.12467264114116094,1.094319508245086,1.1561672943752184,0.2596448479541206,5.735190100608634e-12,0.001574876019731164,not_checked,0.001,not_checked,not_checked,,-0.009234478045716813,0.032988125817104585,0.007490095775660288,True
local_b3_n200,248,2035161849,local,3,0.21213203435596426,200,0.0043867281100336,True,ok,0.022007830782565962,0.6024744743180281,0.014822917166936404,9.62321225157648,7.6031802557036485,0.027732673989765803,0.019962609758344213,0.022335227736107396,0.012258126716570405,0.012258126716570405,200.0,200.0,0.005,7.931444390152365e-11,6.955134169626054,10,-2.2898349882893854e-16,-2.3592239273284576e-16,-9.592326932761353e-14,-0.41003996927504716,1.0628684869562226,1.376483467289243,0.22546615044882162,1.6625900656208614e-10,0.0017182489391416311,not_checked,0.001,not_checked,not_checked,,-0.007044553010449879,0.051060214575581804,0.017621102672532363,True
local_b3_n200,249,2035161850,local,3,0.21213203435596426,200,0.0043867281100336,True,ok,0.0075991383351619035,0.7086543716689158,0.008252120530346733,3.338033314448618,3.0355842765476564,0.27479556796201704,0.242193955333958,0.21919530602133055,0.21874958146865747,0.21874958146865747,200.0,200.0,0.005,1.1704170965742833e-10,11.190554222595019,10,-4.210312307129094e-11,3.5475095083725705e-16,1.425526363618701e-13,-0.14918899019192833,1.0536787759041764,1.3041962174049857,0.15985542333328023,2.4490987016179133e-10,0.002008165931329131,not_checked,0.001,not_checked,not_checked,,-0.008574720700401266,0.023772997370725073,0.0032124102251283038,True
local_b3_n200,250,2035161851,local,3,0.21213203435596426,200,0.0043867281100336,True,ok,0.0019413052758288085,0.5983059735654745,0.004257439029189136,0.7823215805285207,0.8357058963037234,0.6815765338154973,0.6796298709393322,0.6584590489259037,0.6782352633321997,0.6782352633321997,200.0,200.0,0.005,6.535738616975095e-11,11.528996265746462,9,2.389581588158052e-16,2.2768245622195593e-16,9.14823772291129e-14,-0.002899735098498668,0.9145149427071821,1.1194922995592862,0.19005203310194974,1.3640044649321226e-10,0.0015751668252050877,not_checked,0.001,not_checked,not_checked,,-0.0064031218877570704,0.010285732439414687,-0.0024454228342047912,True
local_b3_n200,251,2035161852,local,3,0.21213203435596426,200,0.0043867281100336,True,ok,0.009739492598181299,0.7309777852317711,0.009954188860366558,4.363753974114163,3.5735206442504888,0.20773552042489674,0.1734103965963055,0.16750194394790205,0.14257337213118268,0.14257337213118268,200.0,200.0,0.005,1.3322676295501878e-15,11.332227552257846,11,1.0408340855860843e-17,-6.938893903907228e-17,-2.842170943040401e-14,-0.23397846742082162,0.862308196235435,1.6409534142706643,0.1271500391621679,3.3306690738754696e-15,0.0019220418762415648,not_checked,0.001,not_checked,not_checked,,-0.009770359063446962,0.02924934425980956,0.005352764488147699,True
local_b3_n200,252,2035161853,local,3,0.21213203435596426,200,0.0043867281100336,True,ok,0.0009454243263207207,0.6240551449027163,0.0030199812100003996,0.3882432047865132,0.37829828548928685,0.8374312054037147,0.8334832491066058,0.8276630575491474,0.8277162593550098,0.8277162593550098,200.0,200.0,0.005,5.065392549852277e-16,11.21078043911592,10,-5.388484797252957e-17,-4.5536491244391186e-17,-1.7985612998927536e-14,-0.005036737129112456,1.0207099953463818,1.1126361772461744,0.19098825444104245,1.1102230246251565e-15,0.0016765410546213388,not_checked,0.001,not_checked,not_checked,,-0.004973630079267756,0.0068644787319091976,-0.003441303783712879,True
local_b3_n200,253,2035161854,local,3,0.21213203435596426,200,0.0043867281100336,True,ok,0.012224116287886222,0.7132278455537047,0.010551473577662203,5.47294633512798,4.617964924662521,0.13585661653311426,0.10710096268473904,0.09936230502628914,0.08674146444358019,0.08674146444358019,200.0,200.0,0.005,1.4432899320127035e-15,10.386004797857442,11,4.440892098500626e-16,-1.3877787807814457e-17,-6.217248937900877e-15,-0.29164990998674556,1.1666933344160613,1.2828426050258632,0.1737953472972839,2.6645352591003757e-15,0.0018440419808030128,not_checked,0.001,not_checked,not_checked,,-0.008456391908157689,0.03290462448393013,0.007837388177852622,True
local_b3_n200,254,2035161855,local,3,0.21213203435596426,200,0.0043867281100336,True,ok,0.005255248511843336,0.6344219495620282,0.007774628912986164,2.232002693905071,1.6786273999287489,0.3987686614935557,0.3768767236962759,0.4320069080694504,0.3495706113534259,0.3495706113534259,200.0,200.0,0.005,4.4630965589931293e-13,9.365885387445614,10,-1.1515961795272034e-13,2.8709673527416157e-16,1.1501910535116622e-13,-0.06495164458386826,0.9691318309688499,1.3328811136885694,0.1937906512578139,8.657519146026971e-13,0.0016885001678019762,not_checked,0.001,not_checked,not_checked,,-0.009982744150773335,0.020493241174460004,0.0008685204018097359,True
local_b3_n200,255,2035161856,local,3,0.21213203435596426,200,0.0043867281100336,True,ok,0.0021467423510319605,0.6175292333597842,0.004915617852828979,0.8500682210926666,0.7676564181829882,0.6457778886097041,0.6486156860787387,0.6812484494176247,0.6509330588771831,0.6509330588771831,200.0,200.0,0.005,1.5601608893689445e-10,14.159559833834942,9,-1.9949319973733282e-17,2.47198095326695e-17,9.992007221626409e-15,0.004314359660058831,0.8506139783756164,1.1283125897295125,0.16153700920056968,3.349778232575318e-10,0.0015944160986691713,not_checked,0.001,not_checked,not_checked,,-0.00748769160227495,0.011781176304338871,-0.002239985759001639,True
local_b3_n200,256,2035161857,local,3,0.21213203435596426,200,0.0043867281100336,True,ok,0.0034619045051706987,0.5755809637669123,0.00594925853379578,1.4204190355211734,1.3518483371648848,0.49750198639301746,0.48866182424883575,0.5086860916051938,0.5003832865964835,0.5003832865964835,200.0,200.0,0.005,2.2302715230182457e-11,9.21191890925806,9,-1.5916087892087205e-16,-8.543513119185775e-17,-3.397282455352979e-14,-0.017828616726446977,0.8748973366728771,1.1182550585816735,0.1844818060732913,4.4919179487123984e-11,0.0016649989411234856,not_checked,0.001,not_checked,not_checked,,-0.008198427955786599,0.015122236966127996,-0.000924823604862901,True
local_b3_n200,257,2035161858,local,3,0.21213203435596426,200,0.0043867281100336,True,ok,0.00022030617194013224,0.5872025404369778,0.00133219180285646,0.08895601664379862,0.10903679574596076,0.9567561045452655,0.9563563148755387,0.9469410869957244,0.9568953607771761,0.9568953607771761,200.0,200.0,0.005,3.896905020894792e-11,10.753134892086923,8,-1.2020522381292476e-14,1.0907073855204175e-16,4.374278717023117e-14,-0.0004167739338728632,0.8086594703360744,1.227299851826295,0.17026847348807753,7.980993643741385e-11,0.001393292099237442,not_checked,0.001,not_checked,not_checked,,-0.0023907417821580133,0.002831354126038278,-0.0041664219380934675,False
local_b3_n200,258,2035161859,local,3,0.21213203435596426,200,0.0043867281100336,True,ok,0.005132580370682538,0.6801566311958214,0.006674568880927982,1.9331239429446447,2.3883024205818755,0.3034899510060305,0.32521640215115954,0.30296099525482184,0.35825291549956845,0.35825291549956845,200.0,200.0,0.005,5.085931675807842e-13,25.382384955643346,10,1.4195589148613408e-13,3.1051550219984847e-16,1.234568003383174e-13,0.059954102664185216,0.727706692759397,1.0028670494691168,0.11709110615189781,1.332711718760038e-12,0.002260957844555378,not_checked,0.001,not_checked,not_checked,,-0.00794933424826812,0.018214494989633196,0.0007458522606489382,True
local_b3_n200,259,2035161860,local,3,0.21213203435596426,200,0.0043867281100336,True,ok,0.008895134617384448,0.6900129767018446,0.008621332752890976,3.534647255271894,4.149718027679958,0.17723428650458273,0.1792291002682001,0.12557413045968277,0.16880232495637554,0.16880232495637554,200.0,200.0,0.005,2.3131496718065137e-12,19.828462671790888,10,8.025351216911503e-14,-1.8214596497756474e-16,-7.194245199571014e-14,0.011703295840942651,0.8281498148808918,1.2332774735304084,0.14501190641211142,5.5997428916043646e-12,0.0017092078924179077,not_checked,0.001,not_checked,not_checked,,-0.008002367077017424,0.02579263631178632,0.004508406507350848,True
local_b3_n200,260,2035161861,local,3,0.21213203435596426,200,0.0043867281100336,True,ok,0.008811457976920067,0.758888816039025,0.009865176000986443,3.9206345472143225,2.6344135786532905,0.2671630383128303,0.2307209842003075,0.2678825102117436,0.17165105800140823,0.17165105800140823,200.0,200.0,0.005,4.551914400963142e-15,14.133434480116994,11,-3.7643499428696714e-16,-3.95516952522712e-16,-1.567634910770721e-13,-0.19802567822314776,1.1085989961596632,1.575479266607424,0.16559563547680894,1.2434497875801753e-14,0.0019082087092101574,not_checked,0.001,not_checked,not_checked,,-0.010523931686162238,0.028146847640002373,0.004424729866886468,True
local_b3_n200,261,2035161862,local,3,0.21213203435596426,200,0.0043867281100336,True,ok,0.0022909976578309177,0.6827060113529113,0.004238818783539871,0.8799838650160834,1.1797857035196189,0.6036856157439664,0.6158583702445943,0.554386683109715,0.6324212756096705,0.6324212756096705,200.0,200.0,0.005,6.323067069935462e-16,22.424881805531317,10,1.5655879370690684e-16,-1.6566609195578508e-16,-6.616929226765933e-14,0.018207599058141843,0.7438684157971857,1.0974377470787338,0.12619211300363212,8.881784197001252e-16,0.0017477080691605806,not_checked,0.001,not_checked,not_checked,,-0.006016934494899113,0.010598929810560948,-0.002095730452202682,True
local_b3_n200,262,2035161863,local,3,0.21213203435596426,200,0.0043867281100336,True,ok,0.0013680638810014134,0.7415964580815628,0.0034709719977026516,0.5747335241753805,0.6832308942780282,0.7510295123316695,0.7404056485919371,0.7106214236737947,0.760626550946429,0.760626550946429,200.0,200.0,0.005,1.1102230246251565e-15,17.275780650240222,10,-2.6454533008646308e-17,1.5178830414797062e-17,6.217248937900877e-15,-0.01375398588740756,0.656865676059392,1.3636474575646198,0.09090536377862683,2.6645352591003757e-15,0.001956583932042122,not_checked,0.001,not_checked,not_checked,,-0.005434916225842827,0.008171043987845654,-0.0030186642290321863,True
local_b3_n200,263,2035161864,local,3,0.21213203435596426,200,0.0043867281100336,True,ok,0.0002628892142075845,0.7265413192612082,0.0017688698379341725,0.10712365599521412,0.08660296487663831,0.9493232151818731,0.9484002079093996,0.9576226401341635,0.9487804624139853,0.9487804624139853,200.0,200.0,0.005,5.527689417306192e-12,18.972653756223636,9,-4.0979594934445474e-13,-1.5514933088267568e-16,-6.217248937900877e-14,-0.0009839851560901614,0.8252708297592146,1.2371956186628863,0.12789206395685265,1.3441248114531845e-11,0.0016040420159697533,not_checked,0.001,not_checked,not_checked,,-0.0032040319614825958,0.0037298103898977648,-0.004123838895826015,False
local_b3_n200,264,2035161865,local,3,0.21213203435596426,200,0.0043867281100336,True,ok,0.006737543194487161,0.6321585209576022,0.007963638494982316,2.4793747168924978,3.1003369592181604,0.21497517389461712,0.24297194706347897,0.21221221738328502,0.259886926952644,0.259886926952644,200.0,200.0,0.005,4.951816734433123e-12,23.960136340041988,10,1.7744937463870514e-12,-1.491862189340054e-16,-5.995204332975845e-14,0.10782128045118333,0.7768942375048428,0.978937662637394,0.14643773399958965,1.2617906719469829e-11,0.0017180838622152805,not_checked,0.001,not_checked,not_checked,,-0.008870901441574939,0.02234598783054926,0.0023508150844535614,True
local_b3_n200,265,2035161866,local,3,0.21213203435596426,200,0.0043867281100336,True,ok,0.013557895449988644,0.6888368000974083,0.012115148624074035,5.5887239752799776,4.918873905161633,0.07867719959576647,0.07305418002906111,0.08548306844090992,0.06643182202100764,0.06643182202100764,200.0,200.0,0.005,1.0442990916459394e-10,16.112042463626537,10,-1.8971567372627618e-11,1.2836953722228372e-16,5.1514348342607263e-14,-0.08278289764225999,0.7740502190436374,1.3367569189612345,0.1300355898269317,2.2969071089562476e-10,0.001736583188176155,not_checked,0.001,not_checked,not_checked,,-0.010187359520546453,0.03730315042052374,0.009171167339955044,True
local_b3_n200,266,2035161867,local,3,0.21213203435596426,200,0.0043867281100336,True,ok,0.01601414607431484,0.7039832588597568,0.012281716061978023,7.22083192815159,5.508194276334089,0.08501856544497823,0.062130182903090275,0.06366647575841465,0.04064704193092889,0.04064704193092889,200.0,200.0,0.005,2.9976021664879227e-15,9.588019798368117,11,-1.7832957333041577e-15,-2.7755575615628914e-16,-1.1102230246251565e-13,-0.4075867492128271,1.2818534455013293,1.3168567144324497,0.19676775164075797,5.773159728050814e-15,0.001778332982212305,not_checked,0.001,not_checked,not_checked,,-0.00805757507550919,0.04008586722413887,0.01162741796428124,True
local_b3_n200,267,2035161868,local,3,0.21213203435596426,200,0.0043867281100336,True,ok,0.0015675818512623785,0.6312396349915272,0.0035346817613801777,0.6389672106204244,0.7700874716579111,0.7395977840100707,0.7353804182810362,0.6804208767827311,0.7308724143397219,0.7308724143397219,200.0,200.0,0.005,6.661338147750939e-16,12.204301190894592,10,9.8879238130678e-17,9.194034422677078e-17,3.708144902248023e-14,-0.005967235057736497,0.8251110754166978,1.2990083036451696,0.16183890755932237,1.3322676295501878e-15,0.0017197083216160536,not_checked,0.001,not_checked,not_checked,,-0.005360267097853371,0.008495430800378128,-0.0028191462587712213,True
local_b3_n200,268,2035161869,local,3,0.21213203435596426,200,0.0043867281100336,True,ok,0.004175442419315223,0.6029457548710966,0.006220630097487758,1.7490222594774396,1.759135478686766,0.45497226650192,0.43845755269846487,0.41496224477186583,0.4338360922412343,0.4338360922412343,200.0,200.0,0.005,8.10584932509073e-11,8.880692358245907,9,-4.126907149348824e-15,1.5959455978986625e-16,6.306066779870889e-14,-0.03942264587567523,0.8961359803663631,1.2416669194133156,0.17798961215712852,1.7000045815507292e-10,0.0016288748010993004,not_checked,0.001,not_checked,not_checked,,-0.008016768532906667,0.016367653371537113,-0.00021128569071837688,True
local_b3_n200,269,2035161870,local,3,0.21213203435596426,200,0.0043867281100336,True,ok,0.0017905327739531351,0.6001022660061237,0.004520517805929649,0.7107804229498557,0.6334411935828353,0.6924010953035211,0.6943307631541107,0.7285342815072311,0.6989985893898555,0.6989985893898555,200.0,200.0,0.005,7.114797639928838e-11,12.940698209517485,9,4.7704895589362195e-17,3.0357660829594124e-18,1.1102230246251565e-15,0.002716343315699199,0.8425066799805324,1.1222249461487679,0.16742437025210619,1.4857870489493052e-10,0.0016040429472923279,not_checked,0.001,not_checked,not_checked,,-0.0070695193171410025,0.010650584865047273,-0.0025961953360804646,True
local_b3_n200,270,2035161871,local,3,0.21213203435596426,200,0.0043867281100336,True,ok,0.012380566399813553,0.650384443992573,0.011087561170510225,5.429154794917541,4.471497188445865,0.1301721441309352,0.1073986053284694,0.10691206613416482,0.08406934542278596,0.08406934542278596,200.0,200.0,0.005,9.992007221626409e-16,8.185972639540006,11,-1.6653345369377348e-16,1.0408340855860843e-17,4.440892098500626e-15,-0.23846411749606,0.979904233560023,1.447650391987941,0.17922895570578692,2.220446049250313e-15,0.0022596248891204596,not_checked,0.001,not_checked,not_checked,,-0.009350654170771255,0.034111786970398364,0.007993838289779953,True
local_b3_n200,271,2035161872,local,3,0.21213203435596426,200,0.0043867281100336,True,ok,0.010644931267374647,0.5852737421226768,0.010204981005687612,4.357785095535625,4.120838204503878,0.13663841128258525,0.13041089841551623,0.12740056484089016,0.1189578258302158,0.1189578258302158,200.0,200.0,0.005,3.540978621430213e-11,10.206572674601123,9,-1.4963724703775938e-13,-1.3704315460216776e-16,-5.5067062021407764e-14,-0.0499062942928834,1.0474915535272449,1.0917468067897618,0.22425809954016912,7.261924395152164e-11,0.001625542063266039,not_checked,0.001,not_checked,not_checked,,-0.009356463966688412,0.030646326501437705,0.006258203157341047,True
local_b3_n200,272,2035161873,local,3,0.21213203435596426,200,0.0043867281100336,True,ok,0.011746311501026119,0.6324397819092518,0.01124400826730103,5.085939362863645,4.008969282882436,0.13032478406122938,0.11035101982140605,0.1347297119170062,0.09543954198332241,0.09543954198332241,200.0,200.0,0.005,1.3263679043973298e-10,8.276439543903859,10,-4.702635329756344e-11,2.983724378680108e-16,1.1901590823981678e-13,-0.19370738122659859,0.9983196020182364,1.3069626563922618,0.19255071224462644,2.4345592208874223e-10,0.0017541260458528996,not_checked,0.001,not_checked,not_checked,,-0.010291539744754517,0.033784162746806755,0.007359583390992519,True
local_b3_n200,273,2035161874,local,3,0.21213203435596426,200,0.0043867281100336,True,ok,0.00759432471870336,0.6942433229094491,0.008168411290950585,3.0283251501822095,3.5618080773566594,0.22984890162020138,0.23088374104736847,0.16848576075285362,0.21896027819083644,0.21896027819083644,200.0,200.0,0.005,7.464029394554927e-13,19.607878268642548,10,1.0146397610988345e-14,6.591949208711867e-17,2.4868995751603507e-14,0.004702368649567301,0.8422472866095531,1.2333845886466812,0.1458295620337763,1.8050005934355795e-12,0.0017335419543087482,not_checked,0.001,not_checked,not_checked,,-0.008415467222470115,0.023604116659876835,0.0032075966086697605,True
local_b3_n200,274,2035161875,local,3,0.21213203435596426,200,0.0043867281100336,True,ok,0.0019438473060613415,0.5915710696954455,0.004616953068861673,0.7712363243941935,0.7220365076182788,0.6714464758779121,0.6736157946207646,0.6969662760613771,0.6778905320625239,0.6778905320625239,200.0,200.0,0.005,4.770850381419223e-11,12.564900735707441,9,-4.163336342344337e-17,-6.136584296267955e-17,-2.4868995751603507e-14,0.003151299015171527,0.883325481679504,1.0763451775944795,0.1801243729717008,9.869394190786807e-11,0.0019881671760231256,not_checked,0.001,not_checked,not_checked,,-0.007105214427219215,0.010992909039341898,-0.0024428808039722583,True
local_b3_n200,275,2035161876,local,3,0.21213203435596426,200,0.0043867281100336,True,ok,0.004338195889308949,0.5651887448233521,0.006843452017298648,1.8099926682825451,1.5250812835399854,0.45174948657949643,0.43659163308884247,0.46647976223438536,0.4199417877685282,0.4199417877685282,200.0,200.0,0.005,1.331701415807629e-11,7.665427496436671,9,-1.8587562045091488e-15,-1.1015494072452725e-16,-4.3520742565306136e-14,-0.03735715627948277,0.9769003412465445,1.2146484663883257,0.22279212689193156,2.6535440511565866e-11,0.0020821671932935715,not_checked,0.001,not_checked,not_checked,,-0.00907472359452438,0.01775111537314228,-4.85322207246508e-05,True
local_b3_n200,276,2035161877,local,3,0.21213203435596426,200,0.0043867281100336,True,ok,0.02117231986210899,0.6398025729518255,0.01615130178947239,9.415531554402413,5.678122443815719,0.041476061924472465,0.02969254002673561,0.05848054045318079,0.014487573855934376,0.014487573855934376,200.0,200.0,0.005,1.4432899320127035e-15,7.372784001816451,11,-6.904199434387692e-16,-1.942890293094024e-16,-7.638334409421077e-14,-0.47330180477940864,0.939043176575557,1.6599341990077838,0.18498042458191563,2.4424906541753444e-15,0.0018311238382011652,not_checked,0.001,not_checked,not_checked,,-0.010483649948694218,0.0528282896729122,0.01678559175207539,True
local_b3_n200,277,2035161878,local,3,0.21213203435596426,200,0.0043867281100336,True,ok,0.023363238678697718,0.7700858709600968,0.016009589855222627,11.093702983417439,6.808595438362433,0.05110507640161861,0.030749175833489212,0.033230148785478794,0.009347487057212394,0.009347487057212394,200.0,200.0,0.005,4.731537384117246e-11,11.442454922838033,11,-2.919611427620872e-11,-3.469446951953614e-17,-1.2434497875801753e-14,-0.8742037559691758,1.0028260245301501,2.045077246038535,0.14488159967434344,9.775558140745488e-11,0.0018885009922087193,not_checked,0.001,not_checked,not_checked,,-0.008014980844796446,0.05474145820219188,0.018976510568664118,True
local_b3_n200,278,2035161879,local,3,0.21213203435596426,200,0.0043867281100336,True,ok,0.0009034301961707847,0.7096086813181053,0.0026500286936400343,0.3741276509029386,0.4730038311402633,0.82618378873962,0.8206504512250319,0.7893843701793987,0.8346973797900716,0.8346973797900716,200.0,200.0,0.005,7.771561172376096e-16,15.91313405752886,10,7.990570011218168e-17,7.719519468096792e-17,3.108624468950438e-14,-0.006377786217312359,0.7404845811506009,1.2025309130375894,0.10919375532323254,1.9984014443252818e-15,0.001694000093266368,not_checked,0.001,not_checked,not_checked,,-0.004290530601361411,0.00609739099370298,-0.003483297913862815,True
local_b3_n200,279,2035161880,local,3,0.21213203435596426,200,0.0043867281100336,True,ok,0.008591678071210307,0.6122906193137452,0.008564080356475356,3.674375101307907,3.8505892145397937,0.2082781234014097,0.18715593115999024,0.14583278712766382,0.1793644312181916,0.1793644312181916,200.0,200.0,0.005,1.2371192958937627e-10,8.01587146973702,9,-2.2884992512128832e-12,5.377642775528102e-17,2.1316282072803006e-14,-0.11885193641189207,0.8950522049884589,1.3034685135128512,0.17311701502382246,2.631788120766032e-10,0.0015907499473541975,not_checked,0.001,not_checked,not_checked,,-0.008193610988188337,0.02537696713060895,0.004204949961176707,True
local_b3_n200,280,2035161881,local,3,0.21213203435596426,200,0.0043867281100336,True,ok,0.008105401591101735,0.702361371987303,0.008725255057985814,3.476597856936941,4.15136279235154,0.19741747722146535,0.17709430151112976,0.12547090296501234,0.1976850209541817,0.1976850209541817,200.0,200.0,0.005,3.48364670443857e-11,12.807954512407417,10,-1.0707729841685776e-11,3.9898639947466563e-17,1.687538997430238e-14,-0.11721861024812341,0.5998254799965795,1.4254041098733352,0.0902429823312356,7.355005493536737e-11,0.001788458088412881,not_checked,0.001,not_checked,not_checked,,-0.008995784078476399,0.02520658726067987,0.0037186734810681354,True
local_b3_n200,281,2035161882,local,3,0.21213203435596426,200,0.0043867281100336,True,ok,0.0037661808282642983,0.7211777388620195,0.006130854905312447,1.5866021912299741,1.426717620550311,0.5050300328049058,0.487036235870024,0.4899956280446358,0.47084036715411137,0.47084036715411137,200.0,200.0,0.005,1.659783421814609e-13,15.393905885478937,10,-3.72930852865494e-14,-6.722053469410127e-17,-2.6645352591003757e-14,-0.040064929962127405,1.0028204840622001,1.2087265791402637,0.16480718587918114,3.752553823233029e-13,0.0020015418995171785,not_checked,0.001,not_checked,not_checked,,-0.008250073980588822,0.01578243563711742,-0.0006205472817693014,True
local_b3_n200,282,2035161883,local,3,0.21213203435596426,200,0.0043867281100336,True,ok,0.0007368897556663256,0.7071921032566293,0.002757819781012508,0.29340538100661834,0.28476805602740385,0.861380345090556,0.8619694078016933,0.8672881295872649,0.8629677561309496,0.8629677561309496,200.0,200.0,0.005,2.8638202920205913e-11,19.966873912075116,9,8.663451900314811e-13,6.982261990806649e-17,2.7977620220553945e-14,0.0006752606299559594,0.9365967477307227,1.0412917513638582,0.13902104814928273,7.084910436105929e-11,0.0018081669695675373,not_checked,0.001,not_checked,not_checked,,-0.0046683376909703285,0.00614211720230298,-0.003649838354367274,True
local_b3_n200,283,2035161884,local,3,0.21213203435596426,200,0.0043867281100336,True,ok,0.010518308186663772,0.7962445815419379,0.011647101966383328,4.878901570158672,2.651352909386918,0.2379292415013075,0.19133710695847767,0.2656232162305197,0.12200885714526422,0.12200885714526422,200.0,200.0,0.005,5.617728504603292e-14,14.11840902698634,11,-8.026565523344686e-15,-3.5041414214731503e-16,-1.3855583347321954e-13,-0.33578914774658175,0.9836844332130015,1.992754612514923,0.13304383670663736,1.5720758028692217e-13,0.0019141249358654022,not_checked,0.001,not_checked,not_checked,,-0.012309592191713195,0.03334620856504074,0.006131580076630172,True
local_b3_n200,284,2035161885,local,3,0.21213203435596426,200,0.0043867281100336,True,ok,0.0047196509249689544,0.4910483986870475,0.006934685334678395,1.9025565247745597,1.8369312217032387,0.3956443658293707,0.39281401466770177,0.39913099374327415,0.3890956086413393,0.3890956086413393,200.0,200.0,0.005,2.412514632510465e-13,7.6188676586709265,9,7.806255641895632e-18,-4.85722573273506e-17,-1.9095836023552692e-14,-0.007348077393488972,0.8701731683860408,1.1782830808016482,0.22572524036720545,4.2588155224621005e-13,0.001564625184983015,not_checked,0.001,not_checked,not_checked,,-0.008872082575118791,0.018311384425056698,0.0003329228149353547,True
local_b3_n200,285,2035161886,local,3,0.21213203435596426,200,0.0043867281100336,True,ok,0.018813740665936995,0.5927348555256473,0.01156059501268536,7.175442519509846,9.720303346213917,0.020730264469706328,0.02452544694895633,0.007749308440308888,0.023219841396911998,0.023219841396911998,200.0,200.0,0.005,1.4761725175560514e-10,17.896060773679583,9,4.378433379748081e-11,-2.706168622523819e-16,-1.0658141036401503e-13,0.17502687343247603,0.6568302837079947,1.2070995048829725,0.1374772853575036,3.5128899789071966e-10,0.00174258416518569,not_checked,0.001,not_checked,not_checked,,-0.003844609198779679,0.04147209053065367,0.014427012555903396,True
local_b3_n200,286,2035161887,local,3,0.21213203435596426,200,0.0043867281100336,True,ok,0.00018183062881482748,0.6189409547363007,0.0015941534282506223,0.0735593010765606,0.051656765772850284,0.9654855384880819,0.9651003995860337,0.9745023165335733,0.9642871784658813,0.9642871784658813,200.0,200.0,0.005,1.6613943554233401e-10,12.130674629716383,8,-1.4504077192750708e-14,-3.028176667752014e-16,-1.2101430968414206e-13,-0.00041352477531480386,0.7356989105009228,1.4540791468919814,0.15185119723447998,3.5731395620075546e-10,0.0014910409227013588,not_checked,0.001,not_checked,not_checked,,-0.0029426526763874496,0.0033063139340171045,-0.004204897481218772,False
local_b3_n200,287,2035161888,local,3,0.21213203435596426,200,0.0043867281100336,True,ok,0.009032305676693442,0.6565592582399238,0.009358937917687478,3.837138886025995,3.4640471567004925,0.19677852437841675,0.17790352615451605,0.1769260238095595,0.1642343126204731,0.1642343126204731,200.0,200.0,0.005,1.4601431175265134e-11,10.800043969529092,10,-4.195192804257175e-12,1.1102230246251565e-16,4.529709940470639e-14,-0.11210830767430924,1.073138998864566,1.1495180675991676,0.19643558605547579,2.8813840202701613e-11,0.0023392511066049337,not_checked,0.001,not_checked,not_checked,,-0.009310875575520305,0.027375486928907188,0.004645577566659842,True
local_b3_n200,288,2035161889,local,3,0.21213203435596426,200,0.0043867281100336,True,ok,0.006039224146269007,0.61596412246839,0.007498016924643756,2.5550124795015248,2.428719117649136,0.3353893945299193,0.3149976662983536,0.29690010046737114,0.2988406385084227,0.2988406385084227,200.0,200.0,0.005,1.4579304430384354e-10,8.835101892048185,9,-1.278335076682069e-13,-1.6653345369377348e-16,-6.661338147750939e-14,-0.06966141049696106,0.9724039123510805,1.2465121196827693,0.18651934331860837,3.117723856860266e-10,0.001581916119903326,not_checked,0.001,not_checked,not_checked,,-0.008656618981504532,0.020735067274042545,0.0016524960362354069,True
local_b3_n200,289,2035161890,local,3,0.21213203435596426,200,0.0043867281100336,True,ok,0.0023868569522360605,0.6057748934689653,0.004867456123197312,0.961336909501481,0.9663698096214699,0.6232564316601641,0.621226988002956,0.6168157606270201,0.6204120713845063,0.6204120713845063,200.0,200.0,0.005,9.221579055918028e-11,11.976817715160328,9,1.474514954580286e-16,1.3660947373317356e-16,5.46229728115577e-14,-0.0032970643035283853,0.9115867651223036,1.1156203947805492,0.18164603915083316,1.9422996544449234e-10,0.0015937909483909607,not_checked,0.001,not_checked,not_checked,,-0.007153181745559628,0.011926895650031749,-0.001999871157797539,True
local_b3_n200,290,2035161891,local,3,0.21213203435596426,200,0.0043867281100336,True,ok,0.01264664951141703,0.658149180222064,0.010262904124166477,5.564506715089479,5.9219012287660515,0.11506879614346094,0.09385976469055973,0.05176968077087228,0.07971241750217599,0.07971241750217599,200.0,200.0,0.005,4.440892098500626e-16,8.368075730534931,11,-3.8163916471489756e-17,-1.5612511283791264e-16,-6.217248937900877e-14,-0.25292345526133353,0.7945203025285018,1.5320187134514436,0.1386510408809884,8.881784197001252e-16,0.0018977089785039425,not_checked,0.001,not_checked,not_checked,,-0.007468272948736851,0.03276157197157091,0.00825992140138343,True
local_b3_n200,291,2035161892,local,3,0.21213203435596426,200,0.0043867281100336,True,ok,0.0064280965249570166,0.6455506053738389,0.008533321731431865,2.732095430542224,2.17151749878357,0.31088287157360917,0.28933316813932564,0.3376455003607241,0.27647930558680384,0.27647930558680384,200.0,200.0,0.005,1.7251755579650307e-12,9.960482642883893,10,-4.690171861998493e-13,8.673617379884035e-18,3.552713678800501e-15,-0.0804284102797086,0.8544141065249049,1.3712349247584081,0.1569533012962379,3.3848479574771773e-12,0.0016987090930342674,not_checked,0.001,not_checked,not_checked,,-0.010296906737142415,0.023153099787056448,0.002041368414923417,True
local_b3_n200,292,2035161893,local,3,0.21213203435596426,200,0.0043867281100336,True,ok,0.017525718391044,0.6178384058148578,0.014505925929294556,7.50653542020233,5.075219544337092,0.05584077123501976,0.04600574529166569,0.07905513392335338,0.03004245658771817,0.03004245658771817,200.0,200.0,0.005,1.5811241205199167e-10,8.808308998330023,10,1.0061396160665481e-16,-1.1102230246251565e-16,-4.529709940470639e-14,-0.24812403189236543,0.8745179164585103,1.5148155666430099,0.17724193607514382,3.3975422475407413e-10,0.0017057089135050774,not_checked,0.001,not_checked,not_checked,,-0.010905373992779046,0.045956810774867046,0.013138990281010399,True
local_b3_n200,293,2035161894,local,3,0.21213203435596426,200,0.0043867281100336,True,ok,0.015762911329209484,0.6606372253957042,0.012130146245216215,6.83810707558742,5.947618794875973,0.06782158413434358,0.05402940261885422,0.05110824740497561,0.04274161403174781,0.04274161403174781,200.0,200.0,0.005,1.2212453270876722e-15,9.963956890314027,11,2.0816681711721685e-16,1.5959455978986625e-16,6.394884621840902e-14,-0.2664712719518132,1.1436619934409846,1.1992752051527222,0.19910411660486313,2.4424906541753444e-15,0.0018758736550807953,not_checked,0.001,not_checked,not_checked,,-0.008011738438618066,0.03953756109703703,0.011376183219175884,True
local_b3_n200,294,2035161895,local,3,0.21213203435596426,200,0.0043867281100336,True,ok,0.00010039347167878354,0.6635859435466382,0.0009718182455401621,0.0397292696627996,0.043849055958657984,0.9787396503718007,0.9789638809816623,0.978314067604562,0.9801215402582566,0.9801215402582566,200.0,200.0,0.005,6.006306563222097e-14,16.93747186862831,9,2.6192156082904816e-15,4.217546450968612e-17,1.687538997430238e-14,0.00021405950435690949,0.8070473308385586,1.0814710418835671,0.14148397392910167,1.4033219031261979e-13,0.0016650417819619179,not_checked,0.001,not_checked,not_checked,,-0.0018043352890988373,0.0020051222324564046,-0.004286334638354816,False
local_b3_n200,295,2035161896,local,3,0.21213203435596426,200,0.0043867281100336,True,ok,0.00018605111871838886,0.6291212223941747,0.001489100871364423,0.07532227787095717,0.061713782489536295,0.9652192594521178,0.9648053958476117,0.9696143234464761,0.9634735690370577,0.9634735690370577,200.0,200.0,0.005,3.764766276503906e-13,12.612466104522547,9,-1.9656856437705317e-14,4.954803928258755e-17,1.9761969838327786e-14,-0.00045091519180081446,0.8874819968695733,1.2443387671880444,0.17941411757877956,8.022471575941381e-13,0.0017146251630038023,not_checked,0.001,not_checked,not_checked,,-0.002732532958503092,0.00310463519593987,-0.004200676991315211,False
local_b3_n200,296,2035161897,local,3,0.21213203435596426,200,0.0043867281100336,True,ok,0.010161199822968259,0.567550788494259,0.010687217209664195,4.321192773786738,3.1928415552787666,0.179571846275976,0.16127799774314905,0.2026204453019529,0.13104166346949775,0.13104166346949775,200.0,200.0,0.005,1.5060508395947636e-11,6.660910311913666,9,-1.72433942124961e-12,1.5959455978986625e-16,6.394884621840902e-14,-0.1283564222997171,1.0159564470375209,1.354321725885126,0.23247875643553736,2.993916226046167e-11,0.00159933278337121,not_checked,0.001,not_checked,not_checked,,-0.010785361002930215,0.031107760648866733,0.005774471712934659,True
local_b3_n200,297,2035161898,local,3,0.21213203435596426,200,0.0043867281100336,True,ok,0.027849441356135873,0.6896450125667501,0.01900218664942605,12.744072261265405,6.964239755281845,0.028438190558330002,0.01812864817365823,0.03074217226446241,0.003810906196679253,0.003810906196679253,200.0,200.0,0.005,1.1463052729254741e-12,8.74974621512325,11,-6.419934028834007e-13,-1.249000902703301e-16,-4.973799150320701e-14,-0.8021478594055278,0.8487183208196195,2.0708036395948652,0.15019767061623235,2.140732036082227e-12,0.0018900420982390642,not_checked,0.001,not_checked,not_checked,,-0.009394160104247026,0.06509304281651877,0.023462713246102274,True
local_b3_n200,298,2035161899,local,3,0.21213203435596426,200,0.0043867281100336,True,ok,0.027952675387201698,0.6750595013026381,0.017081261400483612,12.125326785963361,9.297444998775845,0.00999786102488009,0.0068423652712884964,0.009573824688490294,0.0037330298701272104,0.0037330298701272104,200.0,200.0,0.005,2.19824158875781e-14,11.757812983269252,11,-8.368306048112117e-15,2.7755575615628914e-17,1.0658141036401503e-14,-0.47212831554134116,1.0211651666373247,1.3730439088116988,0.18173147797744807,4.3076653355456074e-14,0.002351999981328845,not_checked,0.001,not_checked,not_checked,,-0.005525981768260385,0.06143133254266378,0.023565947277168098,True
local_b3_n200,299,2035161900,local,3,0.21213203435596426,200,0.0043867281100336,True,ok,0.006755978449102917,0.5313869076250659,0.008630188575148183,2.7039153929740407,2.441430292818928,0.2539216630198523,0.25372689421086736,0.2950191096076091,0.2589304749458636,0.2589304749458636,200.0,200.0,0.005,2.3322455078300663e-12,9.531895062138531,9,4.597017211338539e-17,-8.673617379884035e-19,-8.881784197001252e-16,-0.0007620066664368874,0.8447949542999256,1.1332880010552837,0.19606989650547976,4.397149311330395e-12,0.00156895793043077,not_checked,0.001,not_checked,not_checked,,-0.010158880337976565,0.0236708372361824,0.0023692503390693176,True
local_b3_n200,300,2035161901,local,3,0.21213203435596426,200,0.0043867281100336,True,ok,0.0008574221656754144,0.6494284107802824,0.0026146395144854054,0.33271075673072426,0.43869347353197247,0.8287604749867825,0.8334220861742208,0.8030432252636795,0.8424133816532715,0.8424133816532715,200.0,200.0,0.005,5.689893001203927e-16,18.082243580227303,10,3.3523531173251797e-16,3.305732423908303e-16,1.318944953254686e-13,0.005129054769720753,0.7579912809641958,1.096199944622926,0.1327594866981675,6.661338147750939e-16,0.0017161669675260782,not_checked,0.001,not_checked,not_checked,,-0.004267177115271273,0.005982021446622102,-0.0035293059443581853,True
local_b3_n200,301,2035161902,local,3,0.21213203435596426,200,0.0043867281100336,True,ok,0.004467123306500342,0.6129268903971317,0.007096830550319174,1.860019725021592,1.499412545282662,0.43806723473516795,0.42357123017333287,0.4725053200997621,0.4092518012895291,0.4092518012895291,200.0,200.0,0.005,1.273087191222544e-10,9.787207331066996,9,-3.738329090730019e-15,8.326672684688674e-17,3.397282455352979e-14,-0.0365852012107275,0.9342702578005223,1.243534779406835,0.18992940223769916,2.7104296584923304e-10,0.0015949169173836708,not_checked,0.001,not_checked,not_checked,,-0.00944240897650881,0.018376655589509495,8.039519646674265e-05,True
local_b3_n200,302,2035161903,local,3,0.21213203435596426,200,0.0043867281100336,True,ok,0.002656677282216746,0.6330273620430025,0.005621248143961496,1.105241926682437,0.8610487141639119,0.6053919941349148,0.5934478937686671,0.6501680850858442,0.587819438017416,0.587819438017416,200.0,200.0,0.005,1.5543122344752192e-15,10.721305538646654,10,-2.8145888397723695e-16,-7.849623728795052e-17,-3.197442310920451e-14,-0.021285506897869233,0.8087085767880443,1.362297424279868,0.1546565341620953,3.1086244689504383e-15,0.0020326669327914715,not_checked,0.001,not_checked,not_checked,,-0.008360766628110411,0.013674121192543904,-0.0017300508278168536,True
local_b3_n200,303,2035161904,local,3,0.21213203435596426,200,0.0043867281100336,True,ok,0.008364404491984168,0.6312602601817672,0.010107283843999658,3.572848660416035,2.4266955854615246,0.24458076594522515,0.22272615654656486,0.29720064593749135,0.1877055254048814,0.1877055254048814,200.0,200.0,0.005,8.35564950563139e-12,9.00031683525716,10,-2.498093745750829e-12,-2.1163626406917047e-16,-8.43769498715119e-14,-0.11354343181118409,0.9189544579835041,1.475772220601892,0.1809344873818427,1.5762502414418122e-11,0.0017591670621186495,not_checked,0.001,not_checked,not_checked,,-0.011445507823778716,0.02817431680774705,0.003977676381950568,True
local_b3_n200,304,2035161905,local,3,0.21213203435596426,200,0.0043867281100336,True,ok,0.0032680020458004666,0.5106392307653982,0.005749229009295405,1.3450184134530827,1.26660447397212,0.5350048677662171,0.5254258776002914,0.5308359573646373,0.520169577932856,0.520169577932856,200.0,200.0,0.005,7.474021401776554e-13,6.7589834176708985,9,9.107298248878237e-18,-8.586881206085195e-17,-3.419486915845482e-14,-0.018908797566448032,0.9450128229100854,1.1519347836522515,0.23206170769121232,1.3602452497707418e-12,0.0016170418821275234,not_checked,0.001,not_checked,not_checked,,-0.008000279751291424,0.014536283842892357,-0.0011187260642331331,True
local_b3_n200,305,2035161906,local,3,0.21213203435596426,200,0.0043867281100336,True,ok,0.0036929367455067474,0.5825943358798784,0.006441000192133027,1.539238056795672,1.2497477069309217,0.5098690083767903,0.49570099107963694,0.5353289541522432,0.477788387206907,0.477788387206907,200.0,200.0,0.005,3.1265878774888733e-11,8.371666546670804,9,-7.077671781985373e-16,6.765421556309548e-17,2.6867397195928788e-14,-0.031031679296486536,0.9345412378910065,1.275971967065104,0.20736975162542842,6.36524166708341e-11,0.0015898740384727716,not_checked,0.001,not_checked,not_checked,,-0.008931191655489555,0.01631706514650305,-0.0006937913645268523,True
local_b3_n200,306,2035161907,local,3,0.21213203435596426,200,0.0043867281100336,True,ok,0.0013930174035072795,0.7934252868483518,0.0038369448593069317,0.5246214734223289,0.5763605610633928,0.7463829051536488,0.7592430086504633,0.7496264370038418,0.7568399453691118,0.7568399453691118,200.0,200.0,0.005,4.674038933671909e-14,40.766653529217656,10,6.891189008317866e-16,3.9898639947466563e-17,1.5987211554602254e-14,0.01629274399029146,0.826533540054099,1.0943542052496795,0.10539145418207185,1.2967404927621828e-13,0.0017228343058377504,not_checked,0.001,not_checked,not_checked,,-0.006127256331400412,0.00891329113841497,-0.00299371070652632,True
local_b3_n200,307,2035161908,local,3,0.21213203435596426,200,0.0043867281100336,True,ok,0.00032080189080208044,0.7549049653076221,0.001520118083531957,0.12781155919164341,0.1789420409432231,0.9397955582448223,0.9400266195145881,0.9144147640489532,0.9378545760770844,0.9378545760770844,200.0,200.0,0.005,1.921351966416296e-12,24.89004895264052,9,4.8339804381569706e-14,-3.430415673744136e-16,-1.3722356584366935e-13,0.0002545985645943799,0.7038933528298427,1.5099179174471584,0.10429767996378309,5.078160114635466e-12,0.002179957926273346,not_checked,0.001,not_checked,not_checked,,-0.0026585748051686045,0.0033001785867727653,-0.004065926219231519,False
local_b3_n200,308,2035161909,local,3,0.21213203435596426,200,0.0043867281100336,True,ok,0.005347232511746958,0.6510022449546362,0.00806155734977667,2.278327660405224,1.5782623517079737,0.4158050235050559,0.3929531822759784,0.45423927794225494,0.3431984243789166,0.3431984243789166,200.0,200.0,0.005,8.424372310855688e-13,9.978450811619602,10,-2.2694780082987975e-13,-4.475586568020162e-16,-1.794120407794253e-13,-0.06971732785322038,0.9610584003095862,1.5108257735894908,0.18528555181214365,1.6793233470480118e-12,0.0021052078809589148,not_checked,0.001,not_checked,not_checked,,-0.010453129553119483,0.021147594576613398,0.0009605044017133579,True
local_b3_n200,309,2035161910,local,3,0.21213203435596426,200,0.0043867281100336,True,ok,0.0023665546543147897,0.7050669860653269,0.004403879868433492,0.9993249807083735,1.1334790324242028,0.6242844722302778,0.6081658330841362,0.56737233447477,0.622936350925255,0.622936350925255,200.0,200.0,0.005,1.2323475573339238e-14,13.872273555441321,10,-2.667571025183335e-15,-1.9949319973733282e-17,-7.771561172376096e-15,-0.026351559491228804,0.8630877564715159,1.1631553687955876,0.12874305510423384,2.731148640577885e-14,0.0017269582021981478,not_checked,0.001,not_checked,not_checked,,-0.006264891280055846,0.010998000588685426,-0.00202017345571881,True
local_b3_n200,310,2035161911,local,3,0.21213203435596426,200,0.0043867281100336,True,ok,0.004672168098738938,0.6462147656809207,0.007442803674809007,1.9483538691796873,1.4655741725039466,0.43613838327065463,0.42114001098953957,0.4805677381298892,0.3928082813930833,0.3928082813930833,200.0,200.0,0.005,5.5844218138645374e-14,11.360037177852151,10,-1.1434429791901124e-14,4.336808689942018e-17,1.709743457922741e-14,-0.039743314842056066,0.9162584717031206,1.361538593998746,0.17335732490517494,1.127986593019159e-13,0.001744291977956891,not_checked,0.001,not_checked,not_checked,,-0.00991545904788908,0.019259795245366956,0.00028543998870533827,True
local_b3_n200,311,2035161912,local,3,0.21213203435596426,200,0.0043867281100336,True,ok,0.006834908853211363,0.7014209010307237,0.008659975420208741,2.8464333950352843,2.3044071623988693,0.27775103501791043,0.2636120765121249,0.31593980274031647,0.25487507122361674,0.25487507122361674,200.0,200.0,0.005,1.8691714842589136e-12,15.29921431819725,10,-3.9686916947223594e-13,1.5178830414797062e-16,6.128431095930864e-14,-0.05623492687536946,0.9008690256747052,1.2431056553358744,0.14164481829178868,4.162226119319712e-12,0.002081623999401927,not_checked,0.001,not_checked,not_checked,,-0.010138331077399889,0.023808148783822616,0.0024481807431777636,True
local_b3_n200,312,2035161913,local,3,0.21213203435596426,200,0.0043867281100336,True,ok,0.02393362750267114,0.6925957454542264,0.017568129324235765,10.69213393842933,6.043461766018477,0.03126254235587171,0.021631148345104163,0.048716822223311876,0.008339721132386698,0.008339721132386698,200.0,200.0,0.005,5.81756864903582e-14,10.371485124832756,11,-2.711025848256554e-14,4.163336342344337e-17,1.5987211554602254e-14,-0.5593414686804374,0.8676827934949333,1.7752706912995817,0.14707303448678996,1.1213252548714081e-13,0.0018151251133531332,not_checked,0.001,not_checked,not_checked,,-0.010499273248572957,0.05836652825391524,0.01954689939263754,True
local_b3_n200,313,2035161914,local,3,0.21213203435596426,200,0.0043867281100336,True,ok,0.001653204252713536,0.6855815565910159,0.004228966939334721,0.6441265944217083,0.6239748517566107,0.7033760652901413,0.7098206458924168,0.7319907323109933,0.7184631583628455,0.7184631583628455,200.0,200.0,0.005,6.522560269672795e-16,20.82070887051731,10,-4.8138576458356397e-17,-5.637851296924623e-18,-1.9984014443252818e-15,0.00857755333185306,0.851428076134703,1.0353446453428217,0.1364780664690582,1.1102230246251565e-15,0.0019367081113159657,not_checked,0.001,not_checked,not_checked,,-0.0066354186401931005,0.009941827145620172,-0.0027335238573200638,True
local_b3_n200,314,2035161915,local,3,0.21213203435596426,200,0.0043867281100336,True,ok,0.02133898573171855,0.5749433714616257,0.015931463921976596,9.201495800184547,6.270132183025951,0.029864929370040455,0.023013591679245,0.04349687895976139,0.014012616924152902,0.014012616924152902,200.0,200.0,0.005,2.1570856212349554e-11,6.747819072988482,10,2.1163626406917047e-16,8.673617379884035e-17,3.552713678800501e-14,-0.3329507537485634,0.9048206412460893,1.473551470404973,0.2023359993678265,4.3508308067430335e-11,0.0023844160605221987,not_checked,0.001,not_checked,not_checked,,-0.009886109776354814,0.05256408123979192,0.016952257621684952,True
local_b3_n200,315,2035161916,local,3,0.21213203435596426,200,0.0043867281100336,True,ok,0.011462289140053095,0.5370021182077331,0.011339568739789268,4.8519962511195365,3.7620712555427382,0.13453745185350752,0.11994315025867439,0.1524321610058278,0.10101787192818655,0.10101787192818655,200.0,200.0,0.005,4.601763414768811e-12,5.9771605378477455,9,-1.372121166687279e-12,5.898059818321144e-17,2.1316282072803006e-14,-0.1335402975491493,0.9358937963829861,1.349382090912449,0.22603780532780293,7.359002296425388e-12,0.0016354171093553305,not_checked,0.001,not_checked,not_checked,,-0.010762857190150119,0.03368743547025631,0.007075561030019495,True
local_b3_n200,316,2035161917,local,3,0.21213203435596426,200,0.0043867281100336,True,ok,0.0008915784234515556,0.6921391024655483,0.0031038610113170947,0.3648856851545059,0.3612777440444301,0.8236944321750312,0.8200298691069683,0.8347367510668008,0.8366782552781244,0.8366782552781244,200.0,200.0,0.005,6.661338147750939e-16,15.662832379315159,10,4.553649124439119e-18,7.35089072945172e-17,2.930988785010413e-14,-0.004127157886941846,0.6327864463920737,1.3181523458812001,0.098653439566008,1.3322676295501878e-15,0.00275004212744534,not_checked,0.001,not_checked,not_checked,,-0.005191877371748019,0.00697503421865113,-0.003495149686582044,True
local_b3_n200,317,2035161918,local,3,0.21213203435596426,200,0.0043867281100336,True,ok,0.002063402973076389,0.5469921663594526,0.004504496828654544,0.8484154279318861,0.8197460270414113,0.67532468513063,0.6679685211322834,0.6637345300961615,0.6618736550787716,0.6618736550787716,200.0,200.0,0.005,5.3221871354480754e-12,7.938095963258614,9,2.47198095326695e-16,1.214306433183765e-16,4.884981308350689e-14,-0.011527119350665194,0.9437652460090034,1.1683574731323199,0.21464611600099193,1.0253131677018246e-11,0.0015695421025156975,not_checked,0.001,not_checked,not_checked,,-0.006765248579561407,0.010892054525714186,-0.0023233251369572105,True
local_b3_n200,318,2035161919,local,3,0.21213203435596426,200,0.0043867281100336,True,ok,0.004102676929066851,0.6295194625248703,0.00646011307505693,1.7262785642438703,1.5010804048166904,0.4847149276705508,0.4668621999458139,0.4721114481018761,0.4401959167573718,0.4401959167573718,200.0,200.0,0.005,4.474198789239381e-14,9.764751868804296,10,-9.928689814753255e-15,2.42861286636753e-16,9.681144774731365e-14,-0.04260389630856498,1.0209529927347867,1.2526553769175828,0.20181765335157933,8.770761894538737e-14,0.0022159998770803213,not_checked,0.001,not_checked,not_checked,,-0.008558912034101031,0.01676426589223473,-0.00028405118096674897,True
local_b3_n200,319,2035161920,local,3,0.21213203435596426,200,0.0043867281100336,True,ok,0.004628938014538564,0.5702253382516698,0.007379897993095289,1.9352578126463027,1.4754765107376084,0.4332473813646772,0.41729077573729234,0.4781942466139224,0.3962192327319036,0.3962192327319036,200.0,200.0,0.005,1.7137846697323766e-11,7.721098165166524,9,-3.4486302702418925e-15,8.847089727481716e-17,3.5083047578154947e-14,-0.04184130341543857,0.9146658849472195,1.3204801971898736,0.2077280258369321,3.4296565587510486e-11,0.0019507079850882292,not_checked,0.001,not_checked,not_checked,,-0.009835396261507628,0.019093272290584756,0.00024220990450496416,True
local_b3_n200,320,2035161921,local,3,0.21213203435596426,200,0.0043867281100336,True,ok,0.0006286405517597071,0.6905822779089745,0.0025886318650874458,0.25862219899509115,0.22889974671198854,0.8873584645939534,0.8843420268826097,0.8918566430781203,0.8818545813230242,0.8818545813230242,200.0,200.0,0.005,1.423707818304365e-10,15.086439085410346,9,-1.5690702535008094e-11,3.252606517456513e-17,1.2878587085651816e-14,-0.0035829891456041485,0.9788123539568693,1.1304450968278672,0.17238411317945693,3.24367865900399e-10,0.0015994168352335691,not_checked,0.001,not_checked,not_checked,,-0.004444984673044434,0.005702265776563849,-0.0037580875582738926,True
local_b3_n200,321,2035161922,local,3,0.21213203435596426,200,0.0043867281100336,True,ok,0.017672871795980427,0.6802035001615905,0.011954549246882674,7.838213392108709,8.345598295614296,0.047580753156717975,0.03462940966986959,0.015409067443418665,0.029171170787885472,0.029171170787885472,200.0,200.0,0.005,6.661338147750939e-16,9.590548144360737,11,-3.5041414214731503e-16,6.591949208711867e-17,2.6645352591003757e-14,-0.38453233685826893,0.8834669663659784,1.4055130840482204,0.1417339645102804,1.1102230246251565e-15,0.0018685010727494955,not_checked,0.001,not_checked,not_checked,,-0.005757614179320043,0.04110335777128089,0.013286143685946827,True
local_b3_n200,322,2035161923,local,3,0.21213203435596426,200,0.0043867281100336,True,ok,0.006174150229486752,0.6186480420416978,0.006810432047260765,2.6192628131100233,3.349794602237395,0.3106701053040838,0.29028490150670105,0.18732741681025777,0.29088419512944047,0.29088419512944047,200.0,200.0,0.005,1.642009861413385e-10,8.759458320031513,9,-1.959933951245496e-13,-2.255140518769849e-16,-9.103828801926284e-14,-0.07480136065766119,0.6986900429095764,1.4704676000351606,0.13286007529102414,3.5256819685969276e-10,0.0015672079753130674,not_checked,0.001,not_checked,not_checked,,-0.007174051302301733,0.019522351761275238,0.0017874221194531525,True
local_b3_n200,323,2035161924,local,3,0.21213203435596426,200,0.0043867281100336,True,ok,0.001768740900946808,0.6663781844860046,0.004326055853681413,0.7175100318037811,0.6804600147544491,0.6932809992761242,0.6897098728478892,0.7116066291635743,0.7020517356327083,0.7020517356327083,200.0,200.0,0.005,5.551115123125783e-16,14.785492731733752,10,-1.2880321809127793e-16,-4.163336342344337e-17,-1.687538997430238e-14,-0.0050068357125289675,0.783150794361406,1.1815219767184102,0.1307605725219866,1.5543122344752192e-15,0.001907791942358017,not_checked,0.001,not_checked,not_checked,,-0.00671017276737744,0.010247654569271056,-0.0026179872090867917,True
local_b3_n200,324,2035161925,local,3,0.21213203435596426,200,0.0043867281100336,True,ok,0.007888389735788204,0.6781478245965635,0.00977903025315628,2.9100914685801635,2.7863362334685005,0.16466664379548684,0.18903995459274936,0.2482874536518819,0.20645393899878228,0.20645393899878228,200.0,200.0,0.005,1.8141044222375058e-11,28.80408834425331,10,6.660262619195834e-12,3.209238430557093e-16,1.2789769243681803e-13,0.12263221286755899,0.7075213069690776,1.0446657869333729,0.11973088775493149,4.93076690588623e-11,0.002424333244562149,not_checked,0.001,not_checked,not_checked,,-0.011278157364125713,0.02705493683570212,0.003501661625754604,True
local_b3_n200,325,2035161926,local,3,0.21213203435596426,200,0.0043867281100336,True,ok,0.000564924283564805,0.6263943070984908,0.0025528169315797997,0.2289734237690288,0.1926096052250488,0.8936362442637535,0.89230254116364,0.9081871560591945,0.8931641854552396,0.8931641854552396,200.0,200.0,0.005,1.131161830869587e-11,12.361867713436162,9,-8.321052180626509e-13,2.5088438271314573e-16,1.0058620603103918e-13,-0.0015018551715534068,0.8447208572197534,1.1929680214195857,0.16112694341182723,2.4132917886277028e-11,0.0016515008173882961,not_checked,0.001,not_checked,not_checked,,-0.004438504961455654,0.005568353528585264,-0.003821803826468795,True
local_b3_n200,326,2035161927,local,3,0.21213203435596426,200,0.0043867281100336,True,ok,0.03154898408768192,0.6372212310594496,0.017461961837448928,13.908372657246668,10.563003349109877,0.006568354361670373,0.00394288921029024,0.005084789357865107,0.001818402669212329,0.001818402669212329,200.0,200.0,0.005,4.363176486776865e-14,8.61581917353299,11,-1.9914625504213745e-14,4.0939474033052647e-16,1.652011860642233e-13,-0.64438951108695,1.1712113747203645,1.3320935835254315,0.21681288313345048,7.66053886991358e-14,0.0018963341135531664,not_checked,0.001,not_checked,not_checked,,-0.0026758322131308424,0.06577380038849467,0.02716225597764832,True
local_b3_n200,327,2035161928,local,3,0.21213203435596426,200,0.0043867281100336,True,ok,0.01749548764597053,0.7052707949631505,0.011255136520072463,7.970889988449975,8.327629400586826,0.05985222482964574,0.04116173626403844,0.015548133180054513,0.030224647980154784,0.030224647980154784,200.0,200.0,0.005,1.5210055437364645e-14,8.84798700378948,11,-7.924216838262055e-15,5.898059818321144e-17,2.4868995751603507e-14,-0.4863474650308812,0.9322958182722672,1.5224378458800603,0.14075117503084456,2.930988785010413e-14,0.0022810418158769608,not_checked,0.001,not_checked,not_checked,,-0.004564174574452972,0.03955514986639404,0.013108759535936931,True
local_b3_n200,328,2035161929,local,3,0.21213203435596426,200,0.0043867281100336,True,ok,0.002428228687323397,0.5764576309703955,0.0052011879184264585,1.0047818349595472,0.8329200414864962,0.6378871566591309,0.6280905324404449,0.6593768736658199,0.6152997463555567,0.6152997463555567,200.0,200.0,0.005,2.3291146789006234e-11,8.590962758535435,9,-2.6020852139652106e-18,-3.5128150388530344e-17,-1.4432899320127035e-14,-0.016745180015094174,0.9586619257651403,1.2133217627969337,0.21489115004368023,4.693112565234969e-11,0.0016457908786833286,not_checked,0.001,not_checked,not_checked,,-0.007765912309617314,0.012622369684264109,-0.0019584994227102026,True
local_b3_n200,329,2035161930,local,3,0.21213203435596426,200,0.0043867281100336,True,ok,0.006292596253715033,0.7588481682781287,0.00871372955356295,2.7963659653653785,1.8975088354279093,0.36043824648960243,0.32279826374728504,0.3872230413567635,0.2840743581148142,0.2840743581148142,200.0,200.0,0.005,4.440892098500626e-15,13.966975692384272,11,-1.3704315460216776e-16,2.949029909160572e-17,1.2434497875801753e-14,-0.13966373193968273,0.8869202057397939,1.6341624970301902,0.13028273940767432,1.1546319456101628e-14,0.0019097488839179277,not_checked,0.001,not_checked,not_checked,,-0.010785999842290634,0.0233711923497207,0.0019058681436814329,True
local_b3_n200,330,2035161931,local,3,0.21213203435596426,200,0.0043867281100336,True,ok,0.01743193196105719,0.6656861471544597,0.015293560408954144,7.718925074944094,4.28178483958406,0.07825085306897903,0.0609700193216561,0.11754989234823288,0.03061128974319822,0.03061128974319822,200.0,200.0,0.005,6.661338147750939e-16,8.829557498334246,11,-6.938893903907228e-18,1.3530843112619095e-16,5.3290705182007514e-14,-0.37307614526060906,0.8499944327673202,1.8291007654118063,0.15736731593667794,1.3322676295501878e-15,0.0018481672741472721,not_checked,0.001,not_checked,not_checked,,-0.012542895635880593,0.047406759557994976,0.01304520385102359,True
local_b3_n200,331,2035161932,local,3,0.21213203435596426,200,0.0043867281100336,True,ok,0.019536146725887216,0.757779134022174,0.014325106268355843,9.075246925299735,6.220290512382322,0.06936962652918252,0.04650924355615356,0.04459447724588272,0.02009610336442175,0.02009610336442175,200.0,200.0,0.005,1.443400954315166e-12,11.686168665808134,11,-7.96272769942874e-13,-1.0408340855860843e-17,-3.552713678800501e-15,-0.6303941174724246,0.9779491606697932,1.8960752590612988,0.1454368950246635,3.005817816870149e-12,0.0026764997746795416,not_checked,0.001,not_checked,not_checked,,-0.008540545634799206,0.04761283908657364,0.015149418615853616,True
local_b3_n200,332,2035161933,local,3,0.21213203435596426,200,0.0043867281100336,True,ok,0.007367423736348133,0.6683254623915422,0.009437168957205245,3.18677060467596,2.1851129734284354,0.2890372915806634,0.2617056423638734,0.3353580584641517,0.22912564740566357,0.22912564740566357,200.0,200.0,0.005,1.90510940356603e-11,9.896625312444487,10,-6.135701322018683e-12,2.5153490401663703e-16,1.0036416142611415e-13,-0.1199005550683534,0.9351990421683825,1.4608513843221393,0.17340482366439913,3.794919933852725e-11,0.0017942087724804878,not_checked,0.001,not_checked,not_checked,,-0.011129087535793565,0.02586393500848983,0.0029806956263145334,True
local_b3_n200,333,2035161934,local,3,0.21213203435596426,200,0.0043867281100336,True,ok,0.0060497071204221875,0.5876239019916019,0.007949398782118637,2.41420360755161,2.311786780572442,0.2991851433303444,0.3000331829462028,0.3147761932538977,0.29821474712013624,0.29821474712013624,200.0,200.0,0.005,3.974875983914217e-11,12.136231896344711,9,-5.204170427930421e-17,-5.377642775528102e-17,-2.1760371282653068e-14,0.0028396203086324956,0.9608753217442512,1.04521230018157,0.19652542323759972,8.147038599304324e-11,0.0015985840000212193,not_checked,0.001,not_checked,not_checked,,-0.009530828191276909,0.021630242432121284,0.0016629790103885878,True
local_b3_n200,334,2035161935,local,3,0.21213203435596426,200,0.0043867281100336,True,ok,0.017881460341624633,0.5504208043376018,0.012262956905437074,7.594977230703914,8.086849259526714,0.04089349026161679,0.03368886752546865,0.017537310662492714,0.027979251304945173,0.027979251304945173,200.0,200.0,0.005,1.0093104130248776e-10,6.658755892162704,9,-3.38305911062875e-11,1.3877787807814457e-17,7.105427357601002e-15,-0.2211965470270303,0.9379921998097438,1.2831353807385777,0.21206517301569006,1.615936273680063e-10,0.0016111249569803476,not_checked,0.001,not_checked,not_checked,,-0.006153493536998785,0.041916414220248055,0.013494732231591033,True
local_b3_n200,335,2035161936,local,3,0.21213203435596426,200,0.0043867281100336,True,ok,0.007314207836822906,0.6531468253343664,0.008912317548879526,3.116422485773573,2.516873170572979,0.2791686070040552,0.25710100015587867,0.2840978422219613,0.23157729641965505,0.23157729641965505,200.0,200.0,0.005,4.909073147985055e-12,10.241447895441807,10,-1.4005029774777356e-12,-6.418476861114186e-17,-2.5757174171303632e-14,-0.09536967552220532,0.955312841056104,1.3498228160519492,0.18348258169428563,9.690914737348066e-12,0.001674208091571927,not_checked,0.001,not_checked,not_checked,,-0.010153613577765258,0.02478202925141107,0.002927479726789306,True
local_b3_n200,336,2035161937,local,3,0.21213203435596426,200,0.0043867281100336,True,ok,0.0055943791615387095,0.6603797533496871,0.007262231771449588,2.2964754598636854,2.2454188977190923,0.349280376845267,0.33982435419601464,0.3253969527531405,0.3266467940726037,0.3266467940726037,200.0,200.0,0.005,7.116529587847253e-14,13.644510749980547,10,-1.063819171642777e-14,8.153200337090993e-17,3.2862601528904634e-14,-0.029361897624100797,0.9143337338000522,1.2236641727943052,0.17132116056280522,1.5187850976872141e-13,0.0023560000117868185,not_checked,0.001,not_checked,not_checked,,-0.008639333557885001,0.01982809188096242,0.0012076510515051098,True
local_b3_n200,337,2035161938,local,3,0.21213203435596426,200,0.0043867281100336,True,ok,0.010541469081562393,0.6571360096719594,0.01039280195641354,4.434464607721795,4.085234672193779,0.1392088949485055,0.12609465137750991,0.1296888270289755,0.12144499724008784,0.12144499724008784,200.0,200.0,0.005,2.1204149547315865e-11,11.7491861144114,10,-5.588479332074847e-12,-8.326672684688674e-17,-3.197442310920451e-14,-0.10893848754841873,0.816392316226432,1.3220784667921202,0.13973584178376944,4.242717288605036e-11,0.0017787921242415905,not_checked,0.001,not_checked,not_checked,,-0.009828048451465558,0.030910986614590345,0.006154740971528794,True
local_b3_n200,338,2035161939,local,3,0.21213203435596426,200,0.0043867281100336,True,ok,0.004201106396944043,0.6893033292298674,0.0058421048979216935,1.7524589633153798,1.9896392393667997,0.4604709148567463,0.44557298419617175,0.3697901413912587,0.4316150053567932,0.4316150053567932,200.0,200.0,0.005,7.172040739078511e-14,13.960649007206856,10,-1.4557799410397365e-14,-2.3765711620882257e-16,-9.57012247226885e-14,-0.03600820226888124,0.8545670303361353,1.3462089216289856,0.1469282090584194,1.5565326805244695e-13,0.0020061659161001444,not_checked,0.001,not_checked,not_checked,,-0.007249208796887525,0.01565142159077561,-0.00018562171308955655,True
local_b3_n200,339,2035161940,local,3,0.21213203435596426,200,0.0043867281100336,True,ok,0.0015164044517657072,0.721851158133896,0.0038628445715060923,0.5829984813316034,0.6530760839192346,0.7286320312094108,0.7376323714818905,0.7214169304128583,0.7383916601442544,0.7383916601442544,200.0,200.0,0.005,1.5543122344752192e-15,26.285003551794667,10,9.324138683375338e-17,-4.2500725161431774e-17,-1.6431300764452317e-14,0.011781649687339746,0.8208726035560255,1.1138442305822127,0.13260966640164434,3.9968028886505635e-15,0.0022558339405804873,not_checked,0.001,not_checked,not_checked,,-0.006054631786262291,0.009087440689793705,-0.0028703236582678926,True
local_b3_n200,340,2035161941,local,3,0.21213203435596426,200,0.0043867281100336,True,ok,0.0020067917275035096,0.7355782102743318,0.004639453029547033,0.7978324322585302,0.7621489019220765,0.6442062770035049,0.6459277615480359,0.6831270282628193,0.6694101379417654,0.6694101379417654,200.0,200.0,0.005,2.3314683517128287e-15,23.288939807876655,10,-7.806255641895632e-17,-1.1058862159352145e-16,-4.418687638008123e-14,0.002442129371436841,0.7803003850350896,1.062044565462498,0.10592922978226808,5.773159728050814e-15,0.0017649170476943254,not_checked,0.001,not_checked,not_checked,,-0.007086369118373919,0.011099952573380938,-0.00237993638253009,True
local_b3_n200,341,2035161942,local,3,0.21213203435596426,200,0.0043867281100336,True,ok,0.01263670348983048,0.6504131138945997,0.010486400028736841,5.497081447702761,5.257101586904843,0.11013332292877728,0.09095745522056128,0.07218299454433784,0.0798711396002181,0.0798711396002181,200.0,200.0,0.005,9.992007221626409e-16,8.927019057971265,11,1.1102230246251565e-16,2.445960101127298e-16,9.681144774731365e-14,-0.2212000258852842,1.0023876786305244,1.2869749886905062,0.1747157184231047,2.220446049250313e-15,0.00187979219481349,not_checked,0.001,not_checked,not_checked,,-0.007916262893973514,0.033189669873634475,0.008249975379796881,True
local_b3_n200,342,2035161943,local,3,0.21213203435596426,200,0.0043867281100336,True,ok,0.0036731107170731025,0.586179330201114,0.006302176459868259,1.4754981408663004,1.4010187172198227,0.4743322216140512,0.47283548075034,0.49633242819901524,0.4796866775054446,0.4796866775054446,200.0,200.0,0.005,3.701394746258302e-11,11.345601321144292,9,2.1076890233118206e-16,9.194034422677078e-17,3.597122599785507e-14,-0.0031269270185296794,0.8398677157265447,1.1447748034661909,0.17330403534147248,7.591594020084358e-11,0.0015798336826264858,not_checked,0.001,not_checked,not_checked,,-0.008678928168484824,0.01602514960263103,-0.0007136173929604972,True
local_b3_n200,343,2035161944,local,3,0.21213203435596426,200,0.0043867281100336,True,ok,0.0052015251577557375,0.6967113015331323,0.007177808579970303,2.236668873337443,1.9176332557209415,0.39939336796569236,0.37283855205625044,0.38334625895036517,0.35334688357067257,0.35334688357067257,200.0,200.0,0.005,3.220756994437579e-12,11.950531981742342,10,-9.404985470973237e-13,-3.859759734048396e-16,-1.545430450278218e-13,-0.07802940511757406,1.0791319496478031,1.1892473277342084,0.17081843659500304,6.898481785810873e-12,0.0017700409516692162,not_checked,0.001,not_checked,not_checked,,-0.008866721146908644,0.01926977146242012,0.0008147970477221378,True
local_b3_n200,344,2035161945,local,3,0.21213203435596426,200,0.0043867281100336,True,ok,0.005886918071698499,0.5507711260281245,0.007455900988643389,2.4001292285308717,2.464756905115865,0.3187436358246166,0.31180796976550007,0.2915981997516341,0.3080837509386664,0.3080837509386664,200.0,200.0,0.005,6.452505196818947e-12,8.847632322419392,9,-7.025630077706069e-16,-9.80118763926896e-17,-3.907985046680551e-14,-0.022680999925736023,0.9649633189683873,1.0963299072606036,0.2195866931291544,1.2530421145129367e-11,0.0015676661860197783,not_checked,0.001,not_checked,not_checked,,-0.008726379338339125,0.020500215481736125,0.0015001899616648995,True
local_b3_n200,345,2035161946,local,3,0.21213203435596426,200,0.0043867281100336,True,ok,0.010730633947143131,0.6538630430644399,0.011127771886669531,4.66322345144335,3.1949127718050865,0.1791013879726574,0.15468495463353055,0.2024107185106562,0.11693620030762446,0.11693620030762446,200.0,200.0,0.005,1.471639476946507e-10,9.013844725760626,10,-5.2670683786670836e-11,4.683753385137379e-17,1.687538997430238e-14,-0.18548493629304863,1.0344455419507501,1.4663611143351674,0.19719093283952757,2.8073143809592693e-10,0.0021809162572026253,not_checked,0.001,not_checked,not_checked,,-0.011079398178906477,0.03254066607319274,0.006343905837109531,True
local_b3_n200,346,2035161947,local,3,0.21213203435596426,200,0.0043867281100336,True,ok,0.0006306669745410609,0.5772936289949848,0.0025773130413909193,0.24876300942506913,0.24401896293957437,0.878003705733631,0.87959122920763,0.8851399760349006,0.8814972516953182,0.8814972516953182,200.0,200.0,0.005,2.4227619910277554e-11,12.27396387667077,8,8.514766582784494e-13,-5.605325231750058e-17,-2.19824158875781e-14,0.001751890195677619,0.8775410625357055,1.0703588466067624,0.1956137279782181,4.8933079810353775e-11,0.0019733330700546503,not_checked,0.001,not_checked,not_checked,,-0.00442077376347053,0.005682107712552652,-0.003756061135492539,True
local_b3_n200,347,2035161948,local,3,0.21213203435596426,200,0.0043867281100336,True,ok,0.01498086081068739,0.6720884215516878,0.013062794073190786,6.654290864910042,4.35314895337048,0.10082185077999528,0.07867892042188121,0.11342942102367166,0.049978010407665543,0.049978010407665543,200.0,200.0,0.005,2.706168622523819e-16,8.665437229802691,11,-9.71445146547012e-17,1.3877787807814457e-17,3.552713678800501e-15,-0.33097327031754276,1.06073795661324,1.543896366859628,0.19521513604894145,4.440892098500626e-16,0.0022242919076234102,not_checked,0.001,not_checked,not_checked,,-0.010621745110229824,0.04058346673160461,0.010594132700653791,True
local_b3_n200,348,2035161949,local,3,0.21213203435596426,200,0.0043867281100336,True,ok,0.0018308816597574218,0.680452931068745,0.004105297796662028,0.7617916584579407,0.7691292028820765,0.7083067984209992,0.6985647215117823,0.6807469679375591,0.6933805252883514,0.6933805252883514,200.0,200.0,0.005,2.706168622523819e-16,13.409430894503119,10,2.185751579730777e-16,4.0419056990259605e-16,1.616484723854228e-13,-0.014719497277486004,0.9545215653534251,1.1787702563161853,0.15298631966923582,4.440892098500626e-16,0.0017397080082446337,not_checked,0.001,not_checked,not_checked,,-0.006215354167511792,0.009877117487026636,-0.002555846450276178,True
local_b3_n200,349,2035161950,local,3,0.21213203435596426,200,0.0043867281100336,True,ok,0.016635008856271227,0.6221163291647107,0.01305380892195244,7.14040976264233,5.89398730434614,0.056271993111619845,0.045615906568031675,0.05249729407333926,0.035900582023906294,0.035900582023906294,200.0,200.0,0.005,1.9129819950336469e-10,8.8021031437543,10,-3.8163916471489756e-17,1.1796119636642288e-16,4.707345624410664e-14,-0.24320311006691941,1.0975250159847363,1.21357199028773,0.2121605225576853,4.1286396523787516e-10,0.001729832962155342,not_checked,0.001,not_checked,not_checked,,-0.008949986491823183,0.04222000420436564,0.012248280746237628,True
local_b3_n200,350,2035161951,local,3,0.21213203435596426,200,0.0043867281100336,True,ok,0.006033463947368034,0.6455828912892418,0.008787858210046717,2.5785858593603255,1.6863537887909845,0.36235351201153965,0.3384919227683967,0.4303412009348766,0.29918511319809726,0.29918511319809726,200.0,200.0,0.005,1.882161093647028e-12,9.50197990939526,10,-5.296024035983393e-13,-1.8388068845354155e-16,-7.37188088351104e-14,-0.08260014020655593,0.8897360973939987,1.5294614919370129,0.17329324216434752,3.675948434533893e-12,0.002373875118792057,not_checked,0.001,not_checked,not_checked,,-0.011190421645568157,0.023257349540304225,0.0016467358373344343,True
local_b3_n200,351,2035161952,local,3,0.21213203435596426,200,0.0043867281100336,True,ok,0.009151487436724004,0.720860331136906,0.009401232592303582,4.070324241222637,3.3462200081566547,0.22805768582388353,0.19367724072287887,0.1876625259284636,0.16036585386631924,0.16036585386631924,200.0,200.0,0.005,1.5178830414797062e-15,11.149736231158487,11,2.0122792321330962e-16,-1.1796119636642288e-16,-4.75175454539567e-14,-0.2048646332665176,1.0282624564359324,1.4577545574295627,0.15790105514049374,2.6645352591003757e-15,0.0018529160879552364,not_checked,0.001,not_checked,not_checked,,-0.009274589854475147,0.027577564727923155,0.004764759326690404,True
local_b3_n200,352,2035161953,local,3,0.21213203435596426,200,0.0043867281100336,True,ok,0.006454041470937977,0.7530554933932128,0.0076321491474800034,2.624959090509787,2.719088982311269,0.2985303698691817,0.29262089261017366,0.25677771483855844,0.27504837321417996,0.27504837321417996,200.0,200.0,0.005,1.517896919267514e-12,23.017809678907764,10,-1.5318735863134592e-13,5.204170427930421e-18,1.7763568394002505e-15,-0.02167125106729806,0.8432446605811705,1.3124101220119497,0.12369111362774249,3.8116176881430874e-12,0.0017161250580102205,not_checked,0.001,not_checked,not_checked,,-0.008504695982760907,0.02141277892463686,0.002067313360904377,True
local_b3_n200,353,2035161954,local,3,0.21213203435596426,200,0.0043867281100336,True,ok,0.027301434923923118,0.6805762181256418,0.01786794833749544,12.020870954609585,7.672259724428351,0.016477668386051095,0.01123726282929045,0.02157694571688285,0.004252335214181054,0.004252335214181054,200.0,200.0,0.005,5.6066262743570405e-14,10.930890139972268,11,-2.3862856135536958e-14,4.85722573273506e-16,1.936228954946273e-13,-0.5501484925201687,0.9042820024798234,1.642190505097264,0.15878979355107078,1.0769163338864018e-13,0.001892999978736043,not_checked,0.001,not_checked,not_checked,,-0.007719100295190275,0.06232197014303651,0.022914706813889518,True
local_b3_n200,354,2035161955,local,3,0.21213203435596426,200,0.0043867281100336,True,ok,0.003753184317674796,0.6730956321461723,0.006157532302736331,1.4968120811925363,1.5231787910969596,0.4482035782365944,0.4492710361571357,0.4669237104641849,0.47206581548290105,0.47206581548290105,200.0,200.0,0.005,1.7763568394002505e-15,17.309184100012878,10,-2.5326962749261384e-16,-9.107298248878237e-17,-3.574918139293004e-14,0.002230822938691035,0.8325961863378719,1.0453616169396192,0.1387631010494985,3.774758283725532e-15,0.0024297088384628296,not_checked,0.001,not_checked,not_checked,,-0.008315357229330397,0.01582172586467999,-0.0006335437923588039,True
local_b3_n200,355,2035161956,local,3,0.21213203435596426,200,0.0043867281100336,True,ok,0.0003130606253010093,0.7849319509712172,0.0017653047433003255,0.12715011257484243,0.12409810187874265,0.9420906327303589,0.9412267334377338,0.9398367857832509,0.9393077369721969,0.9393077369721969,200.0,200.0,0.005,8.691158903673113e-12,25.93786302580938,9,-6.315054815880794e-13,-1.0657707355532509e-16,-4.263256414560601e-14,-0.0009629312272193546,1.020264217886213,1.0797362157248618,0.11886456290910812,2.312816604899126e-11,0.0015925827901810408,not_checked,0.001,not_checked,not_checked,,-0.003146873093305354,0.0037729943439073726,-0.0040736674847325904,False
local_b3_n200,356,2035161957,local,3,0.21213203435596426,200,0.0043867281100336,True,ok,0.01728021507644062,0.6548571664327354,0.014367957425394805,7.691419983323818,4.927091267587075,0.0733025863124381,0.05546043549553366,0.08513256630744279,0.03155437549037717,0.03155437549037717,200.0,200.0,0.005,1.5543122344752192e-15,7.601982532184658,11,-2.3592239273284576e-16,3.469446951953614e-16,1.4033219031261979e-13,-0.389666976373785,0.9403178249438661,1.6705208600083155,0.1786333504219003,2.6645352591003757e-15,0.001901834039017558,not_checked,0.001,not_checked,not_checked,,-0.010880464008738041,0.04544089416161928,0.01289348696640702,True
local_b3_n200,357,2035161958,local,3,0.21213203435596426,200,0.0043867281100336,True,ok,0.0016438826210505297,0.6559353566760886,0.0040173611501818475,0.6813834294731977,0.7084193576429436,0.7180924053729689,0.7095882562985423,0.7017278144673795,0.7198038575100236,0.7198038575100236,200.0,200.0,0.005,7.771561172376096e-16,12.2101864185465,10,1.3769367590565906e-16,1.93421667571414e-16,7.815970093361102e-14,-0.011915190526492925,0.7363128786310218,1.3197386464221423,0.1285629312300629,1.7763568394002505e-15,0.0017527909949421883,not_checked,0.001,not_checked,not_checked,,-0.006230000546196299,0.009517765788297359,-0.00274284548898307,True
local_b3_n200,358,2035161959,local,3,0.21213203435596426,200,0.0043867281100336,True,ok,0.006020765091271363,0.5775120989526599,0.007820239099618964,2.5326003988566255,2.208583184607893,0.3375685185695291,0.31917797173570883,0.33144559770728305,0.2999459406927653,0.2999459406927653,200.0,200.0,0.005,2.451383540602592e-11,7.632430057721065,9,-3.596602182742714e-14,1.3617579286417936e-16,5.417888360170764e-14,-0.06214718117404017,1.0621619782638945,1.156372256197345,0.23688110904012158,4.94735363787413e-11,0.0018860411364585161,not_checked,0.001,not_checked,not_checked,,-0.009306621894473746,0.021348152077016472,0.001634036981237763,True
local_b3_n200,359,2035161960,local,3,0.21213203435596426,200,0.0043867281100336,True,ok,0.010809165502928764,0.6708952904761929,0.010118413287799364,4.712921925741036,3.9531866090479792,0.16424011643027098,0.1396095315923452,0.13854039925397071,0.11511391213386168,0.11511391213386168,200.0,200.0,0.005,6.175615574477433e-16,9.72183935175858,11,-2.1163626406917047e-16,4.85722573273506e-17,1.9539925233402755e-14,-0.19462786228476547,1.1449032510668662,1.2488064403242103,0.18992904831844576,1.1102230246251565e-15,0.0019598747603595257,not_checked,0.001,not_checked,not_checked,,-0.009022560121849505,0.030640891127707032,0.006422437392895164,True
local_b3_n200,360,2035161961,local,3,0.21213203435596426,200,0.0043867281100336,True,ok,0.001233331766998802,0.7637315558429596,0.003695865185868734,0.4901832589503977,0.4651979302982878,0.7632997342775942,0.764612420548535,0.792471318423658,0.7814013619512299,0.7814013619512299,200.0,200.0,0.005,7.327471962526033e-15,26.610612099770375,10,3.725318664660193e-16,3.3089850304257595e-16,1.3233858453531866e-13,0.0015747239245615385,0.7238841529187178,1.1439279991835773,0.09183030649756457,1.9095836023552692e-14,0.0017254159320145845,not_checked,0.001,not_checked,not_checked,,-0.006010430889019349,0.008477094423016952,-0.0031533963430347978,True
local_b3_n200,361,2035161962,local,3,0.21213203435596426,200,0.0043867281100336,True,ok,0.0016857608247493605,0.5803005154060172,0.003688594817342964,0.6674240000859685,0.8421081376867996,0.7100697492481314,0.7125435517709817,0.6563546121150101,0.713800216264448,0.713800216264448,200.0,200.0,0.005,2.8023139364563576e-11,12.184407657512832,9,4.423544863740858e-17,7.632783294297951e-17,3.064215547965432e-14,0.003440164906887866,0.7782911361245994,1.2344740734089341,0.17041232374637572,5.682743164925341e-11,0.002166875870898366,not_checked,0.001,not_checked,not_checked,,-0.005543752170803948,0.00891527382030267,-0.0027009672852842392,True
local_b3_n200,362,2035161963,local,3,0.21213203435596426,200,0.0043867281100336,True,ok,0.007037460675510365,0.6206303460308982,0.008775548338265745,2.8454197173918248,2.608316119004761,0.2501571311316212,0.24658644168303714,0.2714009423238732,0.24475632992124985,0.24475632992124985,200.0,200.0,0.005,1.7920720463138196e-10,12.77655490033096,9,-5.244069067877888e-15,-2.7582103268031233e-16,-1.1102230246251565e-13,-0.015217723593839327,0.6891312702601938,1.3763031168500173,0.1355280852479073,3.859144115381241e-10,0.002170124789699912,not_checked,0.001,not_checked,not_checked,,-0.010162298012080812,0.024237219363101543,0.0026507325654767655,True
local_b3_n200,363,2035161964,local,3,0.21213203435596426,200,0.0043867281100336,True,ok,0.017952861270726705,0.6871106987253952,0.013753217595353324,8.023702104257566,5.647924255560763,0.0660221321634693,0.04839412426218938,0.0593702435908109,0.027582541682277178,0.027582541682277178,200.0,200.0,0.005,1.9984014443252818e-15,9.442159265480472,11,-1.321859288694327e-15,-1.1102230246251565e-16,-4.618527782440651e-14,-0.42127879798344203,1.0661109114074372,1.5589572772041742,0.18960503217698166,3.552713678800501e-15,0.0020185839384794235,not_checked,0.001,not_checked,not_checked,,-0.009002949887708375,0.044908672429161786,0.013566133160693106,True
local_b3_n200,364,2035161965,local,3,0.21213203435596426,200,0.0043867281100336,True,ok,0.002703261342085872,0.6007891356696982,0.005562916942740806,1.114555968188989,0.9425044133101075,0.5890043620990115,0.5795689552524963,0.6242201260869662,0.582368268033167,0.582368268033167,200.0,200.0,0.005,7.339906460401835e-11,9.872644785864487,9,-1.1622647289044608e-16,-1.3660947373317356e-16,-5.46229728115577e-14,-0.016625715677320074,0.7970943258376396,1.2888459442998383,0.16068952840486042,1.535052085444022e-10,0.0015839999541640282,not_checked,0.001,not_checked,not_checked,,-0.008199855514673773,0.013606378198845517,-0.0016834667679477278,True
local_b3_n200,365,2035161966,local,3,0.21213203435596426,200,0.0043867281100336,True,ok,0.0008899124602561592,0.5904178314227191,0.0032858265899958867,0.3635313379356945,0.2864216269281724,0.8467504059802595,0.8437673482909795,0.8665713647266403,0.8369570767621144,0.8369570767621144,200.0,200.0,0.005,9.068568118664189e-11,10.033781034290124,8,-9.123158391938224e-12,-2.616179842207522e-16,-1.0458300891968975e-13,-0.003783176916615394,0.8644343936245149,1.3193459802910796,0.18394149184256595,1.777815672454608e-10,0.0015599590260535479,not_checked,0.001,not_checked,not_checked,,-0.005550189315579837,0.0073300142360921555,-0.0034968156497774405,True
local_b3_n200,366,2035161967,local,3,0.21213203435596426,200,0.0043867281100336,True,ok,0.007299840635553334,0.7111899784833333,0.008838442152166032,3.1957209092971453,2.422148967455185,0.3011612412029594,0.2690437450815111,0.2978770433805494,0.23224367688880596,0.23224367688880596,200.0,200.0,0.005,8.080414115596568e-11,11.62509898439088,10,-2.8381325067883267e-11,-2.8449465006019636e-16,-1.1457501614131615e-13,-0.1378923275379058,1.0688247417574386,1.371744171385468,0.17882908859486857,1.711295549711167e-10,0.0021400409750640392,not_checked,0.001,not_checked,not_checked,,-0.010023187662132772,0.02462286893323944,0.0029131125255197343,True
local_b3_n200,367,2035161968,local,3,0.21213203435596426,200,0.0043867281100336,True,ok,0.00036437129425759274,0.5876767403822274,0.002016854159631034,0.1478037159509131,0.12985268724984989,0.9321163550176905,0.9311932555036586,0.9371364869119371,0.9297177264509808,0.9297177264509808,200.0,200.0,0.005,3.984634844300672e-11,10.430436071272176,8,-1.7774264048434074e-13,-7.318364664277155e-17,-2.930988785010413e-14,-0.0010275991239380028,0.8836573476579819,1.2150526755637967,0.1880368082712027,8.167733156483337e-11,0.0014495421200990677,not_checked,0.001,not_checked,not_checked,,-0.0035885902206890304,0.004317332809204216,-0.004022356815776007,False
local_b3_n200,368,2035161969,local,3,0.21213203435596426,200,0.0043867281100336,True,ok,0.005206922109839862,0.6011996575656382,0.007690722705329901,2.1760122133511657,1.7183889004510688,0.39281878667723746,0.37679191423633684,0.42350309777174255,0.35296569009603324,0.35296569009603324,200.0,200.0,0.005,7.483103026117988e-11,9.03633745302356,9,-1.174668001757695e-14,-9.540979117872439e-18,-4.440892098500626e-15,-0.04662168470761041,0.9728824298387138,1.266354278027344,0.20302849015151675,1.565221285915186e-10,0.0019892090931534767,not_checked,0.001,not_checked,not_checked,,-0.009866617407691194,0.02028046162737092,0.0008201939998062624,True
local_b3_n200,369,2035161970,local,3,0.21213203435596426,200,0.0043867281100336,True,ok,0.021962076716827816,0.6636449796030055,0.01592410462838254,9.835494584274743,6.454529425341324,0.04029005073108888,0.028162780193405644,0.03966584802921381,0.01237081334449272,0.01237081334449272,200.0,200.0,0.005,8.659739592076221e-15,8.258455603523775,11,-4.295175326518574e-15,-3.677613769070831e-16,-1.4566126083082054e-13,-0.5253319487718082,0.9394394674730232,1.7224402569698702,0.17620285352863485,1.532107773982716e-14,0.002023249864578247,not_checked,0.001,not_checked,not_checked,,-0.009248594840849542,0.053172748274505174,0.017575348606794217,True
local_b3_n200,370,2035161971,local,3,0.21213203435596426,200,0.0043867281100336,True,ok,0.011169955581081581,0.7313007632586666,0.010073361603516927,4.9830130220882305,4.302800068036441,0.15221825990555993,0.12253507149330248,0.1163211900967953,0.10710012694700305,0.10710012694700305,200.0,200.0,0.005,1.2212453270876722e-15,11.91650920227685,11,-2.706168622523819e-16,1.2836953722228372e-16,4.973799150320701e-14,-0.25751539482779906,1.1566367568170426,1.2169140771658884,0.15916340306104468,2.886579864025407e-15,0.002230041893199086,not_checked,0.001,not_checked,not_checked,,-0.008573470365060242,0.030913381527223404,0.006783227471047981,True
local_b3_n200,371,2035161972,local,3,0.21213203435596426,200,0.0043867281100336,True,ok,0.0006381124537273575,0.7353972060230154,0.002421950970057326,0.25654431120709625,0.27570583522411773,0.8780253308783736,0.877444170974198,0.8712268244443133,0.880185594641166,0.880185594641166,200.0,200.0,0.005,2.455136094425825e-11,21.469911854133873,9,-8.671339471119643e-13,-1.441988889405721e-16,-5.773159728050814e-14,-0.0006496648580766318,0.9304500669440801,1.0343374917242378,0.13907684859486433,6.144218467341034e-11,0.0015881671570241451,not_checked,0.001,not_checked,not_checked,,-0.0041088242199068484,0.005385049127361563,-0.0037486156563062423,True
local_b3_n200,372,2035161973,local,3,0.21213203435596426,200,0.0043867281100336,True,ok,0.01795515225012445,0.6337966341116885,0.011054535386514056,6.208693637550889,9.566630003526514,0.009218150271731267,0.01716975480642649,0.008368212297985322,0.027569906370275888,0.027569906370275888,200.0,200.0,0.005,1.7763568394002505e-15,36.39873608222893,11,1.4363510381087963e-15,-2.7755575615628914e-17,-9.769962616701378e-15,0.4866836312494458,0.6438775948773949,0.8666037683022333,0.11987603159512389,5.329070518200751e-15,0.0018588341772556305,not_checked,0.001,not_checked,not_checked,,-0.0037113389732666632,0.039621643473515565,0.013568424140090851,True
local_b3_n200,373,2035161974,local,3,0.21213203435596426,200,0.0043867281100336,True,ok,0.006049892366245313,0.6846814047571796,0.007866632170605412,2.5881357397903852,2.1475767603463147,0.3477873788374177,0.3231922552913164,0.3417115290457905,0.2982036987175449,0.2982036987175449,200.0,200.0,0.005,4.061750935591135e-12,11.661909199196952,10,-1.1580441466874092e-12,-2.5326962749261384e-16,-1.0036416142611415e-13,-0.08408939664613002,1.0868915803119534,1.2058346794330554,0.18147214473304535,8.445466548323566e-12,0.0017664579208940268,not_checked,0.001,not_checked,not_checked,,-0.009368423367765444,0.02146820810025607,0.0016631642562117133,True
local_b3_n200,374,2035161975,local,3,0.21213203435596426,200,0.0043867281100336,True,ok,0.0005709758074916582,0.5602332179007687,0.0024622896662674205,0.22921801812273773,0.21563113269342365,0.8874604155193291,0.8870767094435591,0.8977931644350234,0.8920838384738998,0.8920838384738998,200.0,200.0,0.005,1.0356271396005923e-11,10.087810683480189,8,-5.782505550777639e-14,-1.0798653637955624e-16,-4.3076653355456074e-14,-0.0004138475630372229,0.8390083660580776,1.0892833711109453,0.18536451133300044,2.05586658807988e-11,0.0014920008834451437,not_checked,0.001,not_checked,not_checked,,-0.004255023257897635,0.005396974872880951,-0.0038157523025419415,True
local_b3_n200,375,2035161976,local,3,0.21213203435596426,200,0.0043867281100336,True,ok,0.0022277732223983104,0.6340086660054116,0.00457270127109441,0.9031881965697337,0.9274260970158614,0.6526547259455702,0.64889591923822,0.6289440049962477,0.6404689449355088,0.6404689449355088,200.0,200.0,0.005,9.992007221626409e-16,12.885476697476413,10,9.75781955236954e-17,1.0104764247564901e-16,4.0190073491430667e-14,-0.006039453805204764,0.9307929646412267,1.1681331390612697,0.18603995371247492,2.220446049250313e-15,0.0026085840072482824,not_checked,0.001,not_checked,not_checked,,-0.006734556581007259,0.01119010302580388,-0.0021589548876352893,True
local_b3_n200,376,2035161977,local,3,0.21213203435596426,200,0.0043867281100336,True,ok,0.0024280173867954336,0.676826657906251,0.005410943642357347,0.9820596322933656,0.7895535484328458,0.6000791654392996,0.5967004108748273,0.6738304387894124,0.6153257495372536,0.6153257495372536,200.0,200.0,0.005,1.3322676295501878e-15,15.89301979533582,10,9.107298248878237e-17,7.37257477290143e-17,2.9976021664879227e-14,-0.0054263387875960745,0.7070910892230424,1.2520425587903343,0.11492598227774466,3.1086244689504383e-15,0.00167358317412436,not_checked,0.001,not_checked,not_checked,,-0.008177237274600945,0.013033272048191812,-0.001958710723238166,True
local_b3_n200,377,2035161978,local,3,0.21213203435596426,200,0.0043867281100336,True,ok,0.019893665514808756,0.7223256590663578,0.01540662059961734,8.632039176116363,5.826193015039148,0.0432877903060858,0.033720466368202306,0.054307306259078716,0.018709327120690268,0.018709327120690268,200.0,200.0,0.005,3.552713678800501e-15,14.582835038310233,11,-1.5230872119076366e-15,-1.1796119636642288e-16,-4.618527782440651e-14,-0.33728648509643033,0.8845025118159038,1.589495774921172,0.137797277646748,7.327471962526033e-15,0.0016947921831160784,not_checked,0.001,not_checked,not_checked,,-0.01030275598391412,0.05009008701353163,0.015506937404775156,True
local_b3_n200,378,2035161979,local,3,0.21213203435596426,200,0.0043867281100336,True,ok,0.020076265172817465,0.5923297262764946,0.015564139922738054,8.726857080503294,5.8326307857049455,0.039093484769761086,0.02999800241448742,0.05413277831091195,0.01803838963718615,0.01803838963718615,200.0,200.0,0.005,4.9596882156777156e-11,6.798225705593568,10,-1.5265566588595902e-16,-3.608224830031759e-16,-1.4210854715202004e-13,-0.3481755056881539,0.8813084556369746,1.5380879777093184,0.1883344980562882,1.0238188075106791e-10,0.0020461250096559525,not_checked,0.001,not_checked,not_checked,,-0.01042888852609114,0.05058141887172607,0.015689537062783865,True
local_b3_n200,379,2035161980,local,3,0.21213203435596426,200,0.0043867281100336,True,ok,0.001386215564967097,0.6484930693901718,0.0032361074452957298,0.5740181161261836,0.7199710837850988,0.7580137710046029,0.750681925249083,0.6976864132232394,0.7578702266127246,0.7578702266127246,200.0,200.0,0.005,6.661338147750939e-16,11.864252592465558,10,-1.71954464556201e-16,-1.4116312285761268e-16,-5.639932965095795e-14,-0.009765945069672377,0.7857243009588232,1.2644361271709958,0.1378536226992885,1.5543122344752192e-15,0.002213959116488695,not_checked,0.001,not_checked,not_checked,,-0.004956438477914457,0.007728869607848651,-0.0030005125450665027,True
local_b3_n200,380,2035161981,local,3,0.21213203435596426,200,0.0043867281100336,True,ok,0.023905990650243014,0.6897207342302636,0.016025457959430427,10.55142233243937,7.57790756754998,0.026677961637992853,0.0187666693780009,0.02261925410692184,0.008385945492728246,0.008385945492728246,200.0,200.0,0.005,2.120525977034049e-14,11.088403492193763,11,-9.294648384283732e-15,2.5673907444456745e-16,1.0302869668521453e-13,-0.49451303617108255,0.9381126744723186,1.6240759863450207,0.1651230468883997,4.107825191113079e-14,0.0020862489473074675,not_checked,0.001,not_checked,not_checked,,-0.007503329786001371,0.0553153110864874,0.019519262540209414,True
local_b3_n200,381,2035161982,local,3,0.21213203435596426,200,0.0043867281100336,True,ok,0.006842855167476181,0.6549897016263786,0.00872225968565809,2.693477070449778,2.486309030124744,0.2349026125099697,0.2403270019506098,0.28847278937811044,0.25447032944650033,0.25447032944650033,200.0,200.0,0.005,1.433297924791077e-13,17.752557178549907,10,1.4395602765393534e-14,-2.949029909160572e-17,-1.2434497875801753e-14,0.021832498270347056,0.7753327517876981,1.1228580852331682,0.13385843908501044,3.397282455352979e-13,0.0021917500998824835,not_checked,0.001,not_checked,not_checked,,-0.01025245968021933,0.023938170015171692,0.002456127057442581,True
local_b3_n200,382,2035161983,local,3,0.21213203435596426,200,0.0043867281100336,True,ok,0.0021803167187488537,0.6715596137680511,0.004942423562570486,0.9139278443346419,0.7826382622289791,0.665807905254165,0.6530618660043115,0.6761643365254664,0.6465767680412378,0.6465767680412378,200.0,200.0,0.005,1.4432899320127035e-15,12.258648961446495,10,-1.8995222061946038e-16,1.3357370765021415e-16,5.3512749786932545e-14,-0.02090057841755022,0.8015837801650723,1.410473970097569,0.14202140493212204,3.1086244689504383e-15,0.0017418330535292625,not_checked,0.001,not_checked,not_checked,,-0.007506655460231446,0.011867288897729153,-0.002206411391284746,True
local_b3_n200,383,2035161984,local,3,0.21213203435596426,200,0.0043867281100336,True,ok,0.011250006361505527,0.7271805788253138,0.010466931087623628,5.004542850156487,3.9725549534892437,0.16377407846518893,0.1339288860836686,0.13720522562846768,0.10539909046239974,0.10539909046239974,200.0,200.0,0.005,9.159339953157541e-16,11.854330706126515,11,1.3877787807814457e-17,-2.498001805406602e-16,-9.85878045867139e-14,-0.25227015277713827,1.0850451542072974,1.404032020003482,0.154187107331122,1.7763568394002505e-15,0.0025829579681158066,not_checked,0.001,not_checked,not_checked,,-0.00926480159889944,0.031764814321910494,0.006863278251471927,True
local_b3_n200,384,2035161985,local,3,0.21213203435596426,200,0.0043867281100336,True,ok,0.003871836538440032,0.6036003360830389,0.006068330162508023,1.5811830187222742,1.5911625671140766,0.48325680919972136,0.47596488729349035,0.4513188144538056,0.4609953569685208,0.4609953569685208,200.0,200.0,0.005,8.348732816187976e-11,10.816876971477251,9,-4.9439619065339e-17,1.3574211199518516e-16,5.484501741648273e-14,-0.016224201673130656,0.9554143005386221,1.1819417097798768,0.20352747670873145,1.753377443236559e-10,0.0017743329517543316,not_checked,0.001,not_checked,not_checked,,-0.008021872026373786,0.01576554510325385,-0.0005148915715935676,True
local_b3_n200,385,2035161986,local,3,0.21213203435596426,200,0.0043867281100336,True,ok,0.02063086183804752,0.593364689123852,0.015838514607948294,9.025768172068467,6.049833160266113,0.038459177458491894,0.028965640858534446,0.04856187212595796,0.016144556134238448,0.016144556134238448,200.0,200.0,0.005,5.206046704842038e-11,6.271315515570713,10,4.0245584642661925e-16,-1.0408340855860843e-17,-3.552713678800501e-15,-0.3867117184247295,0.8530135536902629,1.6038178479028544,0.18349867028487327,1.0762835067623655e-10,0.001782416133210063,not_checked,0.001,not_checked,not_checked,,-0.01041205636214267,0.05167378003823771,0.01624413372801392,True
local_b3_n200,386,2035161987,local,3,0.21213203435596426,200,0.0043867281100336,True,ok,0.006545304164340848,0.7945582692265147,0.009592405430624144,2.962416998123189,1.8107924464656877,0.3630508847722209,0.3213395541453139,0.4043816279603807,0.2700735815457663,0.2700735815457663,200.0,200.0,0.005,5.007105841059456e-14,15.73270208680031,11,2.0816681711721685e-17,4.336808689942018e-17,1.7763568394002505e-14,-0.17214766619342492,0.6807158970804521,2.0793203536330163,0.08942172596042865,1.3944401189291966e-13,0.0021322080865502357,not_checked,0.001,not_checked,not_checked,,-0.012255465004788902,0.0253460733334706,0.0021585760543072485,True
local_b3_n200,387,2035161988,local,3,0.21213203435596426,200,0.0043867281100336,True,ok,0.011507099357457085,0.6221470684266919,0.011013497348580224,4.958068017327499,3.931338120663326,0.1431906935048617,0.12350346902056727,0.14006214523464833,0.1001165900636959,0.1001165900636959,200.0,200.0,0.005,1.9144397178649797e-10,8.140233798081985,9,-2.504320015250805e-11,-1.4224732503009818e-16,-5.773159728050814e-14,-0.17761413717233276,0.9910647594847661,1.3778541398474877,0.2026785530447544,4.134399489430507e-10,0.0021225831005722284,not_checked,0.001,not_checked,not_checked,,-0.010078958789587533,0.0330931575045017,0.007120371247423485,True
local_b3_n200,388,2035161989,local,3,0.21213203435596426,200,0.0043867281100336,True,ok,0.022246994928664554,0.5933835201013935,0.015767745383759083,9.637930371722652,6.592324298201119,0.029447138176821763,0.022164880021896212,0.03702499147416962,0.011685588065441609,0.011685588065441609,200.0,200.0,0.005,5.209632725211577e-11,7.232427923201046,10,1.2836953722228372e-16,2.706168622523819e-16,1.0835776720341528e-13,-0.369566200128415,1.019165327082043,1.4731862307982797,0.21950407231253474,1.0772205349951491e-10,0.001966416835784912,not_checked,0.001,not_checked,not_checked,,-0.008657218140900941,0.053151207998230046,0.017860266818630954,True
local_b3_n200,389,2035161990,local,3,0.21213203435596426,200,0.0043867281100336,True,ok,0.002412335331661186,0.6376573840049808,0.005662169910983608,1.0057838418414302,0.6940367452919284,0.6453289429150044,0.6336194032072151,0.7067923424929796,0.6172586936723137,0.6172586936723137,200.0,200.0,0.005,1.4432899320127035e-15,10.782488903992967,10,-3.2395960913866872e-16,-1.734723475976807e-17,-7.327471962526033e-15,-0.02042485458847787,0.7830032880545239,1.512789347898159,0.1554871163310385,2.886579864025407e-15,0.0016749580390751362,not_checked,0.001,not_checked,not_checked,,-0.008685313768213049,0.013509984431535421,-0.0019743927783724136,True
local_b3_n200,390,2035161991,local,3,0.21213203435596426,200,0.0043867281100336,True,ok,0.008781091886428394,0.6423190680135646,0.010284693305024609,3.726106037209447,2.731120654899171,0.22162068125674345,0.20286665270940485,0.25523761926827426,0.1726967043185652,0.1726967043185652,200.0,200.0,0.005,8.477663016037695e-12,10.097344866038126,10,-2.449176278451759e-12,-2.6020852139652106e-17,-9.769962616701378e-15,-0.10683464131904485,0.8310770957988607,1.5240173410207856,0.16218991679044478,1.6708412431398756e-11,0.001718166982755065,not_checked,0.001,not_checked,not_checked,,-0.011376536583460058,0.028938720356316845,0.004394363776394794,True
local_b3_n200,391,2035161992,local,3,0.21213203435596426,200,0.0043867281100336,True,ok,0.025427526195273664,0.6807248310086627,0.01645381901901318,11.577628849342593,7.3772514645513825,0.026504837678919847,0.016307263221756234,0.02500634385070882,0.006185761012617352,0.006185761012617352,200.0,200.0,0.005,2.348121697082206e-13,8.328595759303811,11,-1.2619072453645686e-13,-2.185751579730777e-16,-8.704148513061227e-14,-0.7033091856165639,1.1265871553769358,1.6361784339249215,0.20352189977616625,4.285460875053104e-13,0.001883417135104537,not_checked,0.001,not_checked,not_checked,,-0.006821366490132333,0.05767641888067966,0.021040798085240064,True
local_b3_n200,392,2035161993,local,3,0.21213203435596426,200,0.0043867281100336,True,ok,0.007598456998772152,0.561429232116808,0.007617827796346391,3.188661544279709,3.7996074078286846,0.24062539266485675,0.22465069331665152,0.14959798183891473,0.21877939190972467,0.21877939190972467,200.0,200.0,0.005,1.106892355551281e-11,7.299336476040677,9,-8.43092956559488e-14,1.1449174941446927e-16,4.618527782440651e-14,-0.07463937238542417,0.8391727968734876,1.3090001366500785,0.18369861072682975,2.186939518367126e-11,0.0015836248639971018,not_checked,0.001,not_checked,not_checked,,-0.007332211122494901,0.022529125120039205,0.003211728888738552,True
local_b3_n200,393,2035161994,local,3,0.21213203435596426,200,0.0043867281100336,True,ok,0.0042767980490105995,0.5305488548824124,0.006903689401257896,1.7622505512330535,1.5368703264591916,0.44892811853677494,0.43836942562284076,0.4637381753748321,0.42513028257343133,0.42513028257343133,200.0,200.0,0.005,2.23487894857044e-12,7.339366967572537,9,-2.5066754227864863e-16,-7.632783294297951e-17,-3.042011087472929e-14,-0.02576566581440687,0.816213260791608,1.3610406077576247,0.2001586932138164,4.200417791366817e-12,0.0016003327909857035,not_checked,0.001,not_checked,not_checked,,-0.009254184537905767,0.017807780635926966,-0.00010993006102300029,True
local_b3_n200,394,2035161995,local,3,0.21213203435596426,200,0.0043867281100336,True,ok,0.007505794381209352,0.5870010615329901,0.008993887805943226,3.158116641675737,2.59081959662298,0.2586780807214215,0.24120548503710615,0.2737856444444523,0.22287172968037644,0.22287172968037644,200.0,200.0,0.005,3.860012309786498e-11,8.089549930209255,9,-1.6183755724430426e-13,2.3158558404290375e-16,9.237055564881302e-14,-0.07789944459599818,1.0046238440713606,1.2190877094699129,0.2169869270304875,7.903011578491714e-11,0.0015789589378982782,not_checked,0.001,not_checked,not_checked,,-0.010121901799433338,0.025133490561852042,0.003119066271175752,True
local_b3_n200,395,2035161996,local,3,0.21213203435596426,200,0.0043867281100336,True,ok,0.007059827717492917,0.7327711278707716,0.009137636701406288,2.9541814501285475,2.1999921371268334,0.2967926499605096,0.28089581732795743,0.33287239236220784,0.243663880208525,0.243663880208525,200.0,200.0,0.005,6.441625011177621e-12,17.49976176296859,10,-1.4613085047576746e-12,-2.5500435096859064e-16,-1.0169642905566434e-13,-0.06512518156569036,0.9026625138072354,1.4467096168093379,0.13446380134726088,1.4845236151472818e-11,0.0017571658827364445,not_checked,0.001,not_checked,not_checked,,-0.010849611121074788,0.02496926655606062,0.002673099607459317,True
local_b3_n200,396,2035161997,local,3,0.21213203435596426,200,0.0043867281100336,True,ok,0.0011554776761917296,0.6475497679306306,0.0031924289115506923,0.4727164472974153,0.5210730496775624,0.8021359681109113,0.7981249794577332,0.770638008432988,0.793663639568278,0.793663639568278,200.0,200.0,0.005,6.661338147750939e-16,12.779485473855836,10,1.0863705768304754e-16,9.324138683375338e-17,3.730349362740526e-14,-0.005262688410361732,0.8852122020680958,1.2372646910075782,0.16642783570157565,1.5543122344752192e-15,0.0022318328265100718,not_checked,0.001,not_checked,not_checked,,-0.005101568013652033,0.007412523366035493,-0.00323125043384187,True
local_b3_n200,397,2035161998,local,3,0.21213203435596426,200,0.0043867281100336,True,ok,0.0029217986594527456,0.6679605029214866,0.005527084817685763,1.2087440192087788,1.0839713145282694,0.5762970415859094,0.5655421911976131,0.5815922621535139,0.5574626731443494,0.5574626731443494,200.0,200.0,0.005,1.9984014443252818e-15,13.171013161389538,10,-2.957703526540456e-16,2.949029909160572e-17,1.1546319456101628e-14,-0.020012277713840287,0.9426885431474168,1.1881621260087294,0.15713968548857365,4.218847493575595e-15,0.0017728342209011316,not_checked,0.001,not_checked,not_checked,,-0.00791108852270948,0.013754685841614971,-0.0014649294505808541,True
local_b3_n200,398,2035161999,local,3,0.21213203435596426,200,0.0043867281100336,True,ok,0.009455846523064526,0.6017082989402014,0.009530588128072302,4.049068888987214,3.56684644656728,0.1920021138944891,0.17091022382326848,0.16806184819932976,0.15089526311139936,0.15089526311139936,200.0,200.0,0.005,7.658862433146396e-11,7.490963079362526,9,-3.6192576713389712e-12,-5.499073418846478e-16,-2.1938006966593093e-13,-0.13336513988070164,1.1321820678343886,1.1598277770374767,0.22402731469219947,1.6034151784083406e-10,0.0016258759424090385,not_checked,0.001,not_checked,not_checked,,-0.0092237629594422,0.02813545600557125,0.005069118413030926,True
local_b3_n200,399,2035162000,local,3,0.21213203435596426,200,0.0043867281100336,True,ok,0.016205377352055184,0.6075560953290486,0.014338001504411295,7.0020382795567695,4.332382005896979,0.07720987955772612,0.06368800893550292,0.11461334844023778,0.039121798129707175,0.039121798129707175,200.0,200.0,0.005,9.998202266103817e-11,7.630439496141705,10,-2.42861286636753e-16,-1.1102230246251565e-16,-4.1744385725905886e-14,-0.25994366936734803,0.8575136199384306,1.6350292437611742,0.17974536352116424,2.1113510939585467e-10,0.0018597501330077648,not_checked,0.001,not_checked,not_checked,,-0.011896589206872067,0.044307343910982434,0.011818649242021584,True
local_b3_n200,400,2035162001,local,3,0.21213203435596426,200,0.0043867281100336,True,ok,0.01208629474602585,0.736538676743659,0.011839645556892734,5.437545633834399,3.4833231189158487,0.15749307743724505,0.1256208567721357,0.17522900518774867,0.08916569048506413,0.08916569048506413,200.0,200.0,0.005,1.6653345369377348e-15,11.705559404731007,11,2.480654570646834e-16,-1.734723475976807e-16,-7.016609515630989e-14,-0.3015138677120297,1.0571054229171593,1.5617416991023156,0.16189878026196847,4.440892098500626e-15,0.002354874974116683,not_checked,0.001,not_checked,not_checked,,-0.011118984135203583,0.03529157362725528,0.00769956663599225,True
local_b3_n200,401,2035162002,local,3,0.21213203435596426,200,0.0043867281100336,True,ok,0.0033337789385179395,0.7004848276662898,0.004733770796094457,1.4161510126633083,1.8827630591080726,0.525661820526496,0.5054455897199401,0.39008854406854715,0.5133713648054332,0.5133713648054332,200.0,200.0,0.005,1.2101430968414206e-13,13.08997450770224,10,-2.920233499459357e-14,-1.3964523981613297e-16,-5.551115123125783e-14,-0.04131971862806627,0.7520303201928407,1.386470901564166,0.11462064062437428,2.646771690706373e-13,0.0017063752748072147,not_checked,0.001,not_checked,not_checked,,-0.005944241332894696,0.012611799209930575,-0.0010529491715156603,True
local_b3_n200,402,2035162003,local,3,0.21213203435596426,200,0.0043867281100336,True,ok,0.013139563219126682,0.6766112391235941,0.01139884264084068,5.44840443503106,5.556427908032303,0.08178478211427495,0.0748070161100989,0.06214941001342622,0.07222907279623411,0.07222907279623411,200.0,200.0,0.005,7.525668976882116e-11,14.540741429151673,10,-1.58218247531261e-11,-1.491862189340054e-16,-6.128431095930864e-14,-0.09628957369019364,0.8246509187975862,1.2623228526706958,0.1352042737773888,1.5985146539776451e-10,0.0017238329164683819,not_checked,0.001,not_checked,not_checked,,-0.00920175782236049,0.035480884260613854,0.008752835109093082,True
local_b3_n200,403,2035162004,local,3,0.21213203435596426,200,0.0043867281100336,True,ok,0.004272694150322831,0.5994134455944486,0.006600094422800244,1.7754556673277466,1.6269075993687443,0.44969698179022927,0.4359833705136621,0.4433242658185971,0.425479364135127,0.425479364135127,200.0,200.0,0.005,6.881795133750757e-11,9.321223851282795,9,-1.9229409731202907e-15,-2.393918396847994e-16,-9.50350909079134e-14,-0.0331890035993071,0.961959941554777,1.1834508372609267,0.2067083981547318,1.4379164525735177e-10,0.0016140001825988293,not_checked,0.001,not_checked,not_checked,,-0.008663253212929324,0.017208641513574985,-0.00011403395971076868,True
local_b3_n200,404,2035162005,local,3,0.21213203435596426,200,0.0043867281100336,True,ok,0.0009101771581503382,0.6019705437814038,0.00313450344074869,0.37226623657720775,0.3398472248073844,0.8398701522074865,0.8365834686789226,0.8437292645852952,0.8335718050846633,0.8335718050846633,200.0,200.0,0.005,1.2016776462786538e-10,10.455040699428299,8,-1.249076482436745e-11,-3.2742905609062234e-17,-1.3322676295501878e-14,-0.004097686658536243,0.8499970533396167,1.2755468617230905,0.1804169917607537,2.386559838640778e-10,0.0016902079805731773,not_checked,0.001,not_checked,not_checked,,-0.005233336695133974,0.00705369101143465,-0.0034765509518832616,True
local_b3_n200,405,2035162006,local,3,0.21213203435596426,200,0.0043867281100336,True,ok,0.005242015320298998,0.6251810242837221,0.00745768099041694,2.189829664836995,1.8304156861290923,0.39457055538454977,0.37863940486674474,0.40043339013815776,0.35049702372355296,0.35049702372355296,200.0,200.0,0.005,8.43769498715119e-14,10.17238261079408,10,-1.851557102083845e-14,6.938893903907228e-18,2.6645352591003757e-15,-0.04651176835869775,1.0545257820001146,1.2028149668024053,0.20795853764042158,1.667554982986985e-13,0.002228582976385951,not_checked,0.001,not_checked,not_checked,,-0.009374770829107204,0.0198588014697052,0.0008552872102653986,True
local_b3_n200,406,2035162007,local,3,0.21213203435596426,200,0.0043867281100336,True,ok,0.007541516520837677,0.4955409284382506,0.00895775324902995,3.1317579628862307,2.6910530991970623,0.24858835392596906,0.23576117128226498,0.2604025568929625,0.22128511315349778,0.22128511315349778,200.0,200.0,0.005,3.148592497836944e-13,5.907837434649987,9,-7.958043946043603e-15,-1.9081958235744878e-17,-7.105427357601002e-15,-0.057575677275579995,0.9874325025898036,1.182393968994045,0.2530004453151237,5.595524044110789e-13,0.001669625286012888,not_checked,0.001,not_checked,not_checked,,-0.01001535722965768,0.025098390271333034,0.003154788410804077,True
local_b3_n200,407,2035162008,local,3,0.21213203435596426,200,0.0043867281100336,True,ok,0.0009437769807656426,0.6164285738074478,0.003323243293970433,0.38701815731237427,0.3129260099704518,0.8356335089296669,0.8318678891073765,0.855163153891228,0.8279890112243433,0.8279890112243433,200.0,200.0,0.005,1.9233914461125323e-10,10.940325430019602,8,-2.1427161694259622e-11,-4.7704895589362195e-17,-1.887379141862766e-14,-0.004753682503058604,0.8893516228704,1.2393798505992832,0.18298125056535475,3.9097902693185915e-10,0.001451707910746336,not_checked,0.001,not_checked,not_checked,,-0.005569660187280661,0.0074572141488119465,-0.003442951129267957,True
local_b3_n200,408,2035162009,local,3,0.21213203435596426,200,0.0043867281100336,True,ok,0.002304716479698987,0.6852943749836535,0.0051994444953961825,0.879449864605184,0.8225252808623722,0.584770609326898,0.5992576196882943,0.6628128272915572,0.6306884389793441,0.6306884389793441,200.0,200.0,0.005,2.7755575615628914e-15,23.489459082777298,10,7.337880303381894e-16,1.5352302762394743e-16,6.17284001691587e-14,0.021218363637205417,0.651379022873528,1.1114005888771812,0.10753301442265764,7.549516567451064e-15,0.0017286238726228476,not_checked,0.001,not_checked,not_checked,,-0.007886007470892565,0.01249544043029054,-0.0020820116303346126,True
local_b3_n200,409,2035162010,local,3,0.21213203435596426,200,0.0043867281100336,True,ok,0.0024186510477000045,0.6272513985755848,0.005034454713397842,0.9851176349622084,0.9265407732182881,0.6218404381430491,0.6164806312048188,0.6292224761734727,0.6164794997663157,0.6164794997663157,200.0,200.0,0.005,6.522560269672795e-16,12.120754002582878,10,7.762887554996212e-17,1.1232334506949826e-16,4.551914400963142e-14,-0.008828607941103295,0.9058678840576734,1.1409021704079612,0.16782638648045925,8.881784197001252e-16,0.001991875236853957,not_checked,0.001,not_checked,not_checked,,-0.007448698872357686,0.012286000967757695,-0.0019680770623335953,True
local_b3_n200,410,2035162011,local,3,0.21213203435596426,200,0.0043867281100336,True,ok,0.0036645656910108126,0.5600604512692247,0.005264629482975429,1.4893928139091597,1.9311310229316416,0.4869966722820367,0.48147131329925474,0.3807678102799441,0.48050716544703287,0.48050716544703287,200.0,200.0,0.005,1.03675956708571e-11,9.31177662270707,9,1.8951853975046618e-16,1.951563910473908e-16,7.793765632868599e-14,-0.011783268752417309,0.7651198141676558,1.3200102376893161,0.1733716130331946,2.0375479081735648e-11,0.001656833104789257,not_checked,0.001,not_checked,not_checked,,-0.006653918487568753,0.013983049869590378,-0.0007221624190227871,True
local_b3_n200,411,2035162012,local,3,0.21213203435596426,200,0.0043867281100336,True,ok,0.00894133763934124,0.6671112777217822,0.010229588954769414,3.8961276954157222,2.90959526158838,0.2221102089042566,0.1953038496705905,0.23344760172700915,0.1672496742149707,0.1672496742149707,200.0,200.0,0.005,8.266776152510147e-11,9.358850736481562,10,-2.9066268489308378e-11,9.540979117872439e-17,3.8191672047105385e-14,-0.15979631983961307,0.8164079949392585,1.5898242264754752,0.14687095380019793,1.619731015978232e-10,0.0018758329097181559,not_checked,0.001,not_checked,not_checked,,-0.011108288288655548,0.02899096356733803,0.0045546095293076405,True
local_b3_n200,412,2035162013,local,3,0.21213203435596426,200,0.0043867281100336,True,ok,0.0016393634151712355,0.7246746226864944,0.004298303514360227,0.6499740755977474,0.5986135304693366,0.6920359326260455,0.6942614654628472,0.7413319596773775,0.7204547399778602,0.7204547399778602,200.0,200.0,0.005,1.2455314557513475e-15,22.408263127919906,10,5.702903427273753e-17,9.020562075079397e-17,3.6193270602780103e-14,0.0028856452353733797,0.645521143868583,1.2067366364780967,0.09115016606279362,6.661338147750939e-16,0.0018347499426454306,not_checked,0.001,not_checked,not_checked,,-0.006785156667596753,0.010063883497939224,-0.0027473646948623642,True
local_b3_n200,413,2035162014,local,3,0.21213203435596426,200,0.0043867281100336,True,ok,0.00509740518580637,0.6893696373511289,0.0072780921955896295,2.17370214451416,1.785731437790579,0.40884994119117146,0.3854259708118768,0.4094806134159449,0.36078212411341426,0.36078212411341426,200.0,200.0,0.005,1.3485879080121776e-12,12.14612339818616,10,-3.648279595092063e-13,9.367506770274758e-17,3.730349362740526e-14,-0.06737003509580619,1.043455990379889,1.2409471041790106,0.18333554396925839,2.8708146970757298e-12,0.0019855829887092113,not_checked,0.001,not_checked,not_checked,,-0.009167393393711351,0.01936220376532409,0.0007106770757727698,True
local_b3_n200,414,2035162015,local,3,0.21213203435596426,200,0.0043867281100336,True,ok,0.00650138551004531,0.5883523614203892,0.00849009883655346,2.7454752718279365,2.14469691700859,0.3207132963421112,0.3011034612980622,0.3422039212990252,0.27245628438891145,0.27245628438891145,200.0,200.0,0.005,4.1145975515632927e-11,7.804864613648266,9,-1.0052722543285597e-13,1.4137996329210978e-16,5.639932965095795e-14,-0.07246053390490625,1.008441677052311,1.2855663519489509,0.22154490803361138,8.441491949895408e-11,0.0016182921826839447,not_checked,0.001,not_checked,not_checked,,-0.010138902434784887,0.023141673454875507,0.00211465740001171,True
local_b3_n200,415,2035162016,local,3,0.21213203435596426,200,0.0043867281100336,True,ok,0.040978336710014496,0.8302623601732297,0.02274013654426277,21.652132817114687,8.140842910869148,0.018992070722366743,0.006209760017271724,0.017070192665759803,0.00027584613157373845,0.00027584613157373845,200.0,200.0,0.005,4.263256414560601e-13,11.416092178977461,11,0.0,-3.400058012914542e-16,-1.3500311979441904e-13,-2.6303990665544443,1.1758268370552585,2.670814198834532,0.1436317756265041,1.2523315717771766e-12,0.001912292093038559,not_checked,0.001,not_checked,not_checked,,-0.0035915119202636625,0.08554818534029265,0.036591608599980896,True
local_b3_n200,416,2035162017,local,3,0.21213203435596426,200,0.0043867281100336,True,ok,0.02298092574937427,0.6398124062109387,0.015759885232716903,10.160703636298498,6.956745205817209,0.028871805945102122,0.02011918063273362,0.030857587741500037,0.010090255227172353,0.010090255227172353,200.0,200.0,0.005,2.1094237467877974e-15,8.015854335120371,11,-1.078998002057574e-15,7.28583859910259e-17,2.842170943040401e-14,-0.48416666827439503,1.0362636869187043,1.5208355118914425,0.2045215534255328,3.552713678800501e-15,0.0018635827582329512,not_checked,0.001,not_checked,not_checked,,-0.007907881707235508,0.05386973320598405,0.01859419763934067,True
local_b3_n200,417,2035162018,local,3,0.21213203435596426,200,0.0043867281100336,True,ok,0.0013252542049506655,0.5925463097746833,0.0037772496662662317,0.5271686102958558,0.4979643221020564,0.7580301175743895,0.759191784919202,0.7795938803961078,0.7671669454572456,0.7671669454572456,200.0,200.0,0.005,7.724665351815929e-11,12.337682347957754,8,3.2218719879517632e-12,-1.3270634591222574e-16,-5.306866057708248e-14,0.0014665358422051855,0.8477687638038804,1.077590654810742,0.17129836211895466,1.6368861821547398e-10,0.0019993330352008343,not_checked,0.001,not_checked,not_checked,,-0.006078019101547087,0.008728527511448418,-0.0030614739050829343,True
local_b3_n200,418,2035162019,local,3,0.21213203435596426,200,0.0043867281100336,True,ok,0.0011591673338309239,0.7010559289212961,0.0035284309040429047,0.46151481313080983,0.4335030594559441,0.7818372929800197,0.7827293417471886,0.8051299953226686,0.793078186184963,0.793078186184963,200.0,200.0,0.005,1.5694945343369682e-10,19.48353455420598,9,4.735892233931338e-12,2.970713952610282e-17,1.176836406102666e-14,0.0010760602007798548,0.7940490047219657,1.1135723736225132,0.12059094651953953,3.850699759055942e-10,0.0022713749203830957,not_checked,0.001,not_checked,not_checked,,-0.005756430160031273,0.00807476482769312,-0.003227560776202676,True
local_b3_n200,419,2035162020,local,3,0.21213203435596426,200,0.0043867281100336,True,ok,0.007703658871297536,0.613733145929706,0.009258849711107596,3.283127079369853,2.566264641656385,0.26683799390945395,0.2450659351944376,0.2771677609752313,0.21422428024108056,0.21422428024108056,200.0,200.0,0.005,1.3189205283481442e-10,8.29035687824698,9,-9.48637002284869e-13,3.8163916471489756e-17,1.687538997430238e-14,-0.10083176542541916,0.9298638542850578,1.4198032890688703,0.19297804342098246,2.8132940421699004e-10,0.0018292090389877558,not_checked,0.001,not_checked,not_checked,,-0.010443353100742434,0.025850670843337507,0.0033169307612639365,True
local_b3_n200,420,2035162021,local,3,0.21213203435596426,200,0.0043867281100336,True,ok,0.00986047932253542,0.6243248891877706,0.009613221852251401,4.250210009956796,3.8295197938029517,0.17909647630968728,0.15678182528353823,0.14737721406413937,0.1391648796184124,0.1391648796184124,200.0,200.0,0.005,3.3593461346015374e-11,8.056175685122092,10,-1.1144323311396143e-11,1.1622647289044608e-16,4.529709940470639e-14,-0.1530091404713141,1.0587777281575077,1.2355294243301322,0.19985308351474568,6.160272292277114e-11,0.0021304998081177473,not_checked,0.001,not_checked,not_checked,,-0.008981089283270755,0.028702047928341596,0.005473751212501821,True
local_b3_n200,421,2035162022,local,3,0.21213203435596426,200,0.0043867281100336,True,ok,0.004391141656753028,0.6784074846591448,0.006260841058905265,1.8722685415331937,1.8223500678213018,0.4604648958564468,0.43760756480176,0.4020515221952714,0.4155184209094469,0.4155184209094469,200.0,200.0,0.005,5.000444502911705e-13,11.420721276710838,10,-1.2987007302900366e-13,-8.239936510889834e-17,-3.26405569239796e-14,-0.0579059394159912,0.9763479597978051,1.3028984417633693,0.16354682843254517,1.0436096431476471e-12,0.001824249979108572,not_checked,0.001,not_checked,not_checked,,-0.007879881331630907,0.016662164645136965,4.413546719428396e-06,True
local_b3_n200,422,2035162023,local,3,0.21213203435596426,200,0.0043867281100336,True,ok,0.022586975930373843,0.6251212913078192,0.014292689957155519,9.738716955603113,8.934640427664208,0.029244505489188784,0.022630475237475522,0.011478033348962658,0.010917424522449886,0.010917424522449886,200.0,200.0,0.005,9.992007221626409e-16,9.001045842503427,11,1.0408340855860843e-16,2.5673907444456745e-16,1.0302869668521453e-13,-0.3519632917267881,0.8779422318036489,1.5972098777803643,0.17848419845573213,2.220446049250313e-15,0.0021342497784644365,not_checked,0.001,not_checked,not_checked,,-0.005426181627848303,0.05060013348859599,0.018200247820340243,True
local_b3_n200,423,2035162024,local,3,0.21213203435596426,200,0.0043867281100336,True,ok,0.012090295930314854,0.6904591466235983,0.010084977204482214,5.145037313659593,6.767839498506307,0.10142884602619606,0.08891082159263741,0.033914258467855556,0.0890943653553918,0.0890943653553918,200.0,200.0,0.005,1.9194557054902361e-10,13.058680518089098,10,-5.87391871254006e-11,-1.0408340855860843e-17,-2.6645352591003757e-15,-0.15445947076682565,0.6018483235539933,1.4743431230988386,0.0942048238930731,3.99231092629293e-10,0.0017285416834056377,not_checked,0.001,not_checked,not_checked,,-0.007675896175377721,0.03185648803600743,0.007703567820281254,True
local_b3_n200,424,2035162025,local,3,0.21213203435596426,200,0.0043867281100336,True,ok,0.004076434393587958,0.6099846723907936,0.006480943167195461,1.6720697502697326,1.5634786902990117,0.44994468480660565,0.4409169970267691,0.45760937804389423,0.4425123617714958,0.4425123617714958,200.0,200.0,0.005,1.1156853219063123e-10,10.782849670577356,9,-5.030698080332741e-16,-1.1188966420050406e-16,-4.463096558993129e-14,-0.02074799641727476,0.9064578820094168,1.1435024824108528,0.1754477736465551,2.3646418156886284e-10,0.0015733737964183092,not_checked,0.001,not_checked,not_checked,,-0.008625980799966095,0.01677884958714201,-0.0003102937164456421,True
local_b3_n200,425,2035162026,local,3,0.21213203435596426,200,0.0043867281100336,True,ok,0.004731184473404149,0.5712828856654486,0.0067024067752766234,1.9584766644789022,1.9268544846528002,0.4036674958491072,0.3911165851626187,0.3815828654310396,0.38819911240749017,0.38819911240749017,200.0,200.0,0.005,1.8093748721526026e-11,8.47500879034562,9,-1.5716594692349872e-15,-3.174543961037557e-16,-1.2656542480726785e-13,-0.033001437558621394,0.957085628250295,1.1331108786181714,0.21592520215015398,3.618327859555848e-11,0.001865374855697155,not_checked,0.001,not_checked,not_checked,,-0.008405291415875277,0.017867660362683575,0.00034445636337054886,True
local_b3_n200,426,2035162027,local,3,0.21213203435596426,200,0.0043867281100336,True,ok,0.009256940504810851,0.7327781538405405,0.009795311183881137,3.8596959590505904,3.3467929853642793,0.2028564577264388,0.18973483111287714,0.18760877045395558,0.1570190566659063,0.1570190566659063,200.0,200.0,0.005,3.342115473259355e-11,18.21901435670307,10,-7.369979626581369e-12,-9.194034422677078e-17,-3.774758283725532e-14,-0.07845987856312497,0.9760611704358269,1.351056281400197,0.15110565431234443,7.724154649224602e-11,0.0021090416703373194,not_checked,0.001,not_checked,not_checked,,-0.009941516632958575,0.028455397642580278,0.004870212394777251,True
local_b3_n200,427,2035162028,local,3,0.21213203435596426,200,0.0043867281100336,True,ok,0.00771060665586476,0.6495452341959413,0.008190880327311629,3.07278631761649,3.456853724828393,0.21457707995485,0.21578992914334227,0.17756352222200433,0.21392681013512954,0.21392681013512954,200.0,200.0,0.005,2.4646951146678475e-13,16.07749454101056,10,5.081872422874056e-15,-1.1188966420050406e-16,-4.529709940470639e-14,0.005728172364707129,0.8142900775038989,1.1979091464844867,0.1535571312809904,5.595524044110789e-13,0.0020707498770207167,not_checked,0.001,not_checked,not_checked,,-0.00834322378734368,0.0237644370990732,0.0033238785458311604,True
local_b3_n200,428,2035162029,local,3,0.21213203435596426,200,0.0043867281100336,True,ok,0.0021719305710217185,0.6382715270891601,0.004492732940967989,0.8850534620519735,0.9228931198617868,0.6605176559026621,0.6554079623385654,0.6303711160537039,0.6476621356508572,0.6476621356508572,200.0,200.0,0.005,5.551115123125783e-16,12.665463382834727,10,7.28583859910259e-17,2.992397996059992e-17,1.1102230246251565e-14,-0.008140616821643076,0.9587387055487049,1.1424187211658114,0.1824889294710033,1.3322676295501878e-15,0.0017936250660568476,not_checked,0.001,not_checked,not_checked,,-0.0066336641854322555,0.010977525327475693,-0.0022147975390118813,True
local_b3_n200,429,2035162030,local,3,0.21213203435596426,200,0.0043867281100336,True,ok,0.005358352561074309,0.7776223138177278,0.007908176636300146,2.2989156769407733,1.6473470335621867,0.3881060476377941,0.36265022485092185,0.4388166895488076,0.34243599583584616,0.34243599583584616,200.0,200.0,0.005,1.450151110304887e-11,19.058795573707837,10,-4.230585499975792e-12,-1.5352302762394743e-16,-6.128431095930864e-14,-0.07778732625552487,0.8954929779618813,1.3981910315752086,0.11262818229535713,3.517586222301361e-11,0.0017081659752875566,not_checked,0.001,not_checked,not_checked,,-0.010141388829455086,0.020858093951603703,0.000971624451040709,True
local_b3_n200,430,2035162031,local,3,0.21213203435596426,200,0.0043867281100336,True,ok,0.00505076901562429,0.6951326837128677,0.006698919149449838,2.11269075336429,2.1419024158489472,0.39532708509783376,0.3789400076478666,0.3426824001260416,0.3641629658619848,0.3641629658619848,200.0,200.0,0.005,3.127498260369066e-13,14.208053441447172,10,-6.843484112728504e-14,-1.3183898417423734e-16,-5.240252676230739e-14,-0.04619157355728687,0.9834291174716899,1.1992528605239268,0.15712187642932054,6.910028105266974e-13,0.0021911240182816982,not_checked,0.001,not_checked,not_checked,,-0.008078871252643085,0.018180409283891665,0.0006640409055906904,True
local_b3_n200,431,2035162032,local,3,0.21213203435596426,200,0.0043867281100336,True,ok,0.010598829281443178,0.5699422653394441,0.010462289970090227,4.513595417044946,3.8535802842376685,0.14799959442916208,0.13084112926973346,0.1456148521177177,0.12005973645295798,0.12005973645295798,200.0,200.0,0.005,1.6937562463681388e-11,6.678584428764006,9,-2.572875940076713e-12,2.220446049250313e-16,8.704148513061227e-14,-0.13703185223383718,1.0353720813779304,1.18386111259392,0.23238665855212323,3.380939972430497e-11,0.0018995411228388548,not_checked,0.001,not_checked,not_checked,,-0.009906882255748303,0.03110454081863466,0.006212101171409579,True
local_b3_n200,432,2035162033,local,3,0.21213203435596426,200,0.0043867281100336,True,ok,0.0172703456523855,0.6637620945500451,0.013763359165285214,7.714975845245365,5.302294598380301,0.06808777101474603,0.050066006015266215,0.07057020146205908,0.031616721704758884,0.031616721704758884,200.0,200.0,0.005,4.440892098500626e-16,7.8221160694225205,11,-5.169475958410885e-16,2.8449465006019636e-16,1.1368683772161603e-13,-0.40341879214558274,1.0662672673098272,1.4921708906932645,0.19907575330460442,1.1102230246251565e-15,0.0021973331458866596,not_checked,0.001,not_checked,not_checked,,-0.00970534261786278,0.04424603392263378,0.0128836175423519,True
local_b3_n200,433,2035162034,local,3,0.21213203435596426,200,0.0043867281100336,True,ok,0.029501864731279248,0.5930681831968561,0.018241471474253798,12.931201103767075,9.013708114025036,0.00989051449047576,0.006517417061910355,0.011033115187233558,0.002738423343569617,0.002738423343569617,200.0,200.0,0.005,5.1302961878718634e-11,6.8550139607641976,10,-7.042977312465837e-16,1.491862189340054e-16,5.861977570020827e-14,-0.5652276056276877,0.9447288767534189,1.5236036353079654,0.20554770606762102,1.0609868539290801e-10,0.001681166933849454,not_checked,0.001,not_checked,not_checked,,-0.006250762383272962,0.06525449184583146,0.02511513662124565,True
local_b3_n200,434,2035162035,local,3,0.21213203435596426,200,0.0043867281100336,True,ok,0.008196060338011124,0.7008374151636969,0.0091892656665762,3.5725407485994864,2.823741888780171,0.2630005701833108,0.2334458375515459,0.2436869316846733,0.1941329456815916,0.1941329456815916,200.0,200.0,0.005,9.56831280873871e-11,11.366022080826212,10,-3.3226400797392586e-11,9.540979117872439e-17,3.774758283725532e-14,-0.1470583066975184,1.0845244894891566,1.3758353113837198,0.18464351525574724,1.982969344282992e-10,0.0019642917905002832,not_checked,0.001,not_checked,not_checked,,-0.009814569412848681,0.02620669008887093,0.0038093322279775244,True
local_b3_n200,435,2035162036,local,3,0.21213203435596426,200,0.0043867281100336,True,ok,0.019349114061897987,0.7694822104489494,0.014251418090348671,9.174619678185694,5.576894291646285,0.06981939672908952,0.042955923941871824,0.06151666619613162,0.020862065597506977,0.020862065597506977,200.0,200.0,0.005,7.494671550034582e-12,10.82255514726816,11,-4.50223885950507e-12,-4.787836793695988e-16,-1.9184653865522705e-13,-0.7174870267132496,1.2418933838755362,1.6557254421058405,0.1735116081240564,1.560840345860015e-11,0.002282208763062954,not_checked,0.001,not_checked,not_checked,,-0.008583152123808002,0.04728138024760398,0.014962385951864388,True
local_b3_n200,436,2035162037,local,3,0.21213203435596426,200,0.0043867281100336,True,ok,0.004341684124807399,0.6281524305399451,0.00634053933751271,1.8249995278220608,1.7797545246536035,0.44551580070669017,0.4275757716670888,0.4107061587772196,0.41964891876973553,0.41964891876973553,200.0,200.0,0.005,5.4289905904170155e-14,9.788121767687814,10,-1.2372047830666588e-14,-1.1275702593849246e-16,-4.463096558993129e-14,-0.04416293894955059,1.0237793679960927,1.1256177416949968,0.1914479327737365,1.0591527654923993e-13,0.0017266669310629368,not_checked,0.001,not_checked,not_checked,,-0.008085544619276967,0.016768912868891764,-4.504398522620079e-05,True
local_b3_n200,437,2035162038,local,3,0.21213203435596426,200,0.0043867281100336,True,ok,0.0034155830665087983,0.5667397771589713,0.005525066188700874,1.4193229389678157,1.4742005864816201,0.5261677310665338,0.513242020468248,0.4784994137652794,0.5050405210101423,0.5050405210101423,200.0,200.0,0.005,1.4458656494298339e-11,7.96536838264975,9,-3.3480163086352377e-16,-1.244664094013359e-16,-4.929390229335695e-14,-0.02654485618214819,0.9233477428853775,1.2181156667026922,0.199924840661255,2.8725688494546375e-11,0.001625875011086464,not_checked,0.001,not_checked,not_checked,,-0.007413347675544897,0.014244513808562493,-0.0009711450435248015,True
local_b3_n200,438,2035162039,local,3,0.21213203435596426,200,0.0043867281100336,True,ok,0.01609119143261295,0.6046369797307876,0.013538402069333044,6.804808036211503,5.07805876460808,0.05842486153419911,0.04989192394248844,0.07894298607591761,0.04002550966465509,0.04002550966465509,200.0,200.0,0.005,1.2964596063369527e-10,9.007796873492527,9,-4.0117846544784896e-11,2.5673907444456745e-16,1.0125233984581428e-13,-0.1841657315831613,0.9003564123844872,1.3466933769889853,0.18189447362750596,2.3478419208800005e-10,0.0014854168985038996,not_checked,0.001,not_checked,not_checked,,-0.010443589031502356,0.04262597189672826,0.01170446332257935,True
local_b3_n200,439,2035162040,local,3,0.21213203435596426,200,0.0043867281100336,True,ok,0.018671416029667043,0.5515761177752172,0.0134080233067021,7.98001483412601,7.206362844772192,0.03676039553119562,0.029402668567229777,0.02723693227632717,0.0238902893505283,0.0238902893505283,200.0,200.0,0.005,1.887883183115946e-10,6.322098991536685,9,-6.745177333344898e-11,4.5102810375396984e-17,1.9539925233402755e-14,-0.2557242111295963,0.9884264508683975,1.2615892948271923,0.22097510625774688,2.9863067574353863e-10,0.0015402499120682478,not_checked,0.001,not_checked,not_checked,,-0.0076078267553427135,0.0449506588146768,0.014284687919633443,True
local_b3_n200,440,2035162041,local,3,0.21213203435596426,200,0.0043867281100336,True,ok,0.019931099607911174,0.6921873346773042,0.014904413741596326,8.56952934472303,6.4286997005245965,0.030092832544301777,0.023359364290939225,0.0401814492919393,0.018569776827736337,0.018569776827736337,200.0,200.0,0.005,1.2212453270876722e-15,13.032976142994546,11,6.938893903907228e-17,-9.020562075079397e-17,-3.375077994860476e-14,-0.2985447507792802,0.8977045587185819,1.3438836731143688,0.14326505734670894,2.4424906541753444e-15,0.0019135831389576197,not_checked,0.001,not_checked,not_checked,,-0.009281014536301497,0.04914321375212384,0.015544371497877574,True
local_b3_n200,441,2035162042,local,3,0.21213203435596426,200,0.0043867281100336,True,ok,0.016822493900573665,0.5548318931614156,0.014542985018629363,7.223184475470404,4.6928332524967065,0.06344039481983174,0.05239354844765326,0.09571151859724787,0.034579343629841365,0.034579343629841365,200.0,200.0,0.005,1.439488528376387e-10,5.857291917194624,9,-5.224334159725785e-11,-6.938893903907228e-18,-5.329070518200751e-15,-0.24709345762046908,0.8597121455280978,1.5408286510231355,0.20150260445161652,2.2853585690540967e-10,0.001544083235785365,not_checked,0.001,not_checked,not_checked,,-0.011681232963645455,0.045326220764792785,0.012435765790540065,True
local_b3_n200,442,2035162043,local,3,0.21213203435596426,200,0.0043867281100336,True,ok,0.00865336027391228,0.6129178841057557,0.009091823377351713,3.6933839844070726,3.468054494421255,0.2272135599218313,0.20629365137637473,0.1765718775594501,0.17716530516126366,0.17716530516126366,200.0,200.0,0.005,1.2727152665092945e-10,8.21174733350131,9,-2.0552032298226663e-12,3.469446951953614e-18,3.552713678800501e-15,-0.11601993742108019,0.8691880556884883,1.4869438024425572,0.17719339186773048,2.7092950105611635e-10,0.001577666262164712,not_checked,0.001,not_checked,not_checked,,-0.009166286099496393,0.026473006647320954,0.004266632163878681,True
local_b3_n200,443,2035162044,local,3,0.21213203435596426,200,0.0043867281100336,True,ok,0.026203678853268242,0.6464481873799339,0.014904369728115305,10.461051354138197,13.380791835669093,0.008466883509931158,0.008539957220869848,0.0012427906325680489,0.005296358496751399,0.005296358496751399,200.0,200.0,0.005,7.771561172376096e-16,17.34377625770148,11,-1.97758476261356e-16,-1.734723475976807e-16,-7.105427357601002e-14,0.010210093584549718,0.734891831469681,1.341754183115387,0.13852865421882585,1.5543122344752192e-15,0.001808625878766179,not_checked,0.001,not_checked,not_checked,,-0.0030083490261067942,0.055415706732643275,0.021816950743234642,True
local_b3_n200,444,2035162045,local,3,0.21213203435596426,200,0.0043867281100336,True,ok,0.0017380169869503082,0.6326722761880765,0.004853750580374655,0.7195077039825201,0.4852276525390022,0.7266679280268296,0.7186700902373526,0.7845744373145463,0.7063789724113355,0.7063789724113355,200.0,200.0,0.005,4.440892098500626e-16,11.04446658099054,10,-1.448494102440634e-16,-2.8189256484623115e-18,-1.1102230246251565e-15,-0.012150454601198402,0.7862326812463472,1.4831771800851818,0.15644355290115886,1.1102230246251565e-15,0.0017125830054283142,not_checked,0.001,not_checked,not_checked,,-0.007775159340524401,0.011251193314425017,-0.0026487111230832916,True
local_b3_n200,445,2035162046,local,3,0.21213203435596426,200,0.0043867281100336,True,ok,0.02025137141294353,0.5532368617102825,0.013635589492073547,8.620969309896955,7.9558260919645996,0.03026701284946824,0.02427672991136747,0.018724676127646396,0.01741759664076687,0.01741759664076687,200.0,200.0,0.005,7.33479943448856e-12,6.72794613941283,10,-5.620504062164855e-16,-3.122502256758253e-16,-1.2434497875801753e-13,-0.2602103723597713,0.9837396562055618,1.3142489103633441,0.22891823417861454,1.4269918580112062e-11,0.0021774580236524343,not_checked,0.001,not_checked,not_checked,,-0.00647389289949343,0.046976635725380494,0.01586464330290993,True
local_b3_n200,446,2035162047,local,3,0.21213203435596426,200,0.0043867281100336,True,ok,0.02423222325223673,0.6654933270178647,0.015167204773657215,10.962781230276434,8.820977919084749,0.021682664938179684,0.013270130144059405,0.012149236392283201,0.00785625970387607,0.00785625970387607,200.0,200.0,0.005,4.9960036108132044e-14,7.758723187227471,11,-2.5902890943285684e-14,2.393918396847994e-16,9.414691248821327e-14,-0.6349459646908713,1.0701932915715842,1.4352549544717161,0.184250584810182,8.926193117986259e-14,0.0018149157986044884,not_checked,0.001,not_checked,not_checked,,-0.005494951850275393,0.05395939835474885,0.01984549514220313,True
local_b3_n200,447,2035162048,local,3,0.21213203435596426,200,0.0043867281100336,True,ok,0.00010469942072699467,0.7662719747872058,0.0010121164584675566,0.04167977221295223,0.042736421451507606,0.9782218985928886,0.9783247633135133,0.9788584720165288,0.9792778329237992,0.9792778329237992,200.0,200.0,0.005,3.6415315207705135e-14,26.40366206025897,9,9.913673614664331e-16,3.3610267347050637e-18,1.3322676295501878e-15,9.999803892282028e-05,0.9150945551937277,0.9883036340229202,0.11185698989325076,9.769962616701378e-14,0.0016907500103116035,not_checked,0.001,not_checked,not_checked,,-0.001879012386029646,0.0020884112274836353,-0.004282028689306605,False
local_b3_n200,448,2035162049,local,3,0.21213203435596426,200,0.0043867281100336,True,ok,0.0004183553985479538,0.594561775644171,0.0021037175529506286,0.16879561653582575,0.1583625784322809,0.920187791492302,0.9195234545994881,0.9238724211552305,0.9197337254323149,0.9197337254323149,200.0,200.0,0.005,5.5041415869538923e-11,11.148776597505142,8,-9.126401891157432e-14,1.5720931501039814e-17,5.995204332975845e-15,-0.0007267285583221206,0.890821916807522,1.1352258282411498,0.17911828628637802,1.1400924648796718e-10,0.0015288328286260366,not_checked,0.001,not_checked,not_checked,,-0.003704855238880012,0.00454156603597592,-0.003968372711485646,True
local_b3_n200,449,2035162050,local,3,0.21213203435596426,200,0.0043867281100336,True,ok,0.004027182459859002,0.6796611342625094,0.0062465425410729,1.6955244966887033,1.5368149440455459,0.4807843199959928,0.46264349196977006,0.46375101702235744,0.4468928188532957,0.4468928188532957,200.0,200.0,0.005,1.0313971898767704e-13,12.499288724735688,10,-2.3892346434628564e-14,-7.806255641895632e-17,-3.1308289294429414e-14,-0.042325756372551204,1.0405070568396146,1.1612265875958845,0.16771739227346064,2.2160051571518125e-13,0.0024340429808944464,not_checked,0.001,not_checked,not_checked,,-0.008215815948541193,0.016270180868259196,-0.0003595456501745975,True
local_b3_n200,450,2035162051,local,3,0.21213203435596426,200,0.0043867281100336,True,ok,0.01936690107357597,0.6358720373235305,0.014942683282683649,8.464242323414249,5.586090943182304,0.0453749700057465,0.03450920118523956,0.06123444190171574,0.020787982686113312,0.020787982686113312,200.0,200.0,0.005,5.620504062164855e-16,8.378728944609565,11,2.0122792321330962e-16,1.249000902703301e-16,5.1514348342607263e-14,-0.35874094699193027,0.9390571415698934,1.5259973905353477,0.18090356742992006,6.661338147750939e-16,0.0025039170868694782,not_checked,0.001,not_checked,not_checked,,-0.00992021999287273,0.04865402214002467,0.01498017296354237,True
local_b3_n200,451,2035162052,local,3,0.21213203435596426,200,0.0043867281100336,True,ok,0.010151010658125292,0.6561208220165005,0.011420936137922106,4.425767702106403,2.773339591801209,0.19452114611906068,0.16889601952495734,0.24990615892152615,0.13130897676899506,0.13130897676899506,200.0,200.0,0.005,1.3798806541842623e-10,8.797411594897463,10,-4.991959276501312e-11,-1.2836953722228372e-16,-5.3290705182007514e-14,-0.18268171942814293,0.8723819747698022,1.6266087274825893,0.16646571669726526,2.640685448085378e-10,0.0017199169378727674,not_checked,0.001,not_checked,not_checked,,-0.012233612841934013,0.0325356341581846,0.005764282548091693,True
local_b3_n200,452,2035162053,local,3,0.21213203435596426,200,0.0043867281100336,True,ok,0.005393537195656162,0.7549371498551625,0.007408816037848561,2.214991216519116,2.0151686932956276,0.3874371672977994,0.3778187623092901,0.36509986990493765,0.34003475733829336,0.34003475733829336,200.0,200.0,0.005,6.20503648463e-13,21.727984167419084,10,-9.092379626984837e-14,1.0061396160665481e-16,4.085620730620576e-14,-0.028788169128325602,0.9588866251141597,1.3324332364759677,0.1392261344206535,1.5374368445009168e-12,0.0017589579802006483,not_checked,0.001,not_checked,not_checked,,-0.00912747540660976,0.019914549797922083,0.001006809085622562,True
local_b3_n200,453,2035162054,local,3,0.21213203435596426,200,0.0043867281100336,True,ok,0.0016639246316609846,0.7175278018083826,0.00430797254917854,0.6930880982637,0.58696203398162,0.7361558953134422,0.7269265541103282,0.7456633776645004,0.7169243691292222,0.7169243691292222,200.0,200.0,0.005,7.771561172376096e-16,16.00159517405102,10,1.0364972768961422e-16,2.1510571102112408e-16,8.593126210598712e-14,-0.013759122799653078,0.8703352618339908,1.3462549597053168,0.1442700920835138,1.9984014443252818e-15,0.0022049578838050365,not_checked,0.001,not_checked,not_checked,,-0.006779546411116159,0.010107395674438129,-0.002722803478372615,True
local_b3_n200,454,2035162055,local,3,0.21213203435596426,200,0.0043867281100336,True,ok,0.007300556318136975,0.652745344780157,0.00858910935809163,3.0998536079076806,2.6297112740415955,0.28278082074024535,0.26169275745057985,0.26851308379010574,0.23221043671686184,0.23221043671686184,200.0,200.0,0.005,3.752664845535492e-12,10.488947227483735,10,-1.0384236873162145e-12,-5.204170427930421e-17,-2.042810365310288e-14,-0.08981554032644534,1.0576151366620095,1.2575422680397614,0.20319858043455885,7.449374450629875e-12,0.0021602497436106205,not_checked,0.001,not_checked,not_checked,,-0.009533788682998562,0.02413490131927251,0.002913828208103375,True
local_b3_n200,455,2035162056,local,3,0.21213203435596426,200,0.0043867281100336,True,ok,0.0028217949800364295,0.5730098013549401,0.005565587493144753,1.1661967504266886,0.9974008433598841,0.5870492741750246,0.5767817085568783,0.6073194062163648,0.5687245846715121,0.5687245846715121,200.0,200.0,0.005,1.9652501848099746e-11,8.559517349443025,9,2.207435623180487e-16,1.7780915628762273e-16,7.061018436615996e-14,-0.018739379206058393,0.9277487093078579,1.204554818608276,0.20298068734287214,3.9479086666460717e-11,0.0020351659040898085,not_checked,0.001,not_checked,not_checked,,-0.00808655605933385,0.01373014601940671,-0.0015649331299971703,True
local_b3_n200,456,2035162057,local,3,0.21213203435596426,200,0.0043867281100336,True,ok,0.009276914239341183,0.6728469622410265,0.009516113177405633,4.048041065569738,3.395280948837727,0.20922220288382443,0.18163079344078026,0.1831150794337511,0.1563930564637579,0.1563930564637579,200.0,200.0,0.005,1.2048151365462445e-10,9.61629676666432,10,-4.305318948572001e-11,-8.847089727481716e-17,-3.730349362740526e-14,-0.16863768491663222,1.0544256045694709,1.320873196882282,0.1781626018333453,2.3746316024642056e-10,0.0017464582342654467,not_checked,0.001,not_checked,not_checked,,-0.009374324861180876,0.027928153339863242,0.004890186129307583,True
local_b3_n200,457,2035162058,local,3,0.21213203435596426,200,0.0043867281100336,True,ok,0.004286916847908495,0.606477584295072,0.0067551714085470945,1.7896725238360265,1.5152549798918773,0.45693917972258824,0.44159266804989616,0.4687772875527725,0.42427079100205933,0.42427079100205933,200.0,200.0,0.005,9.52009582277924e-11,9.289342146228273,9,-3.5006719745211967e-15,4.423544863740858e-17,1.7541523789077473e-14,-0.037452892336314214,1.0043693349739684,1.1898267717436173,0.2104932358999938,2.0073942508247455e-10,0.0019396657589823008,not_checked,0.001,not_checked,not_checked,,-0.008952975822238517,0.017526809518055506,-9.98112621251046e-05,True
local_b3_n200,458,2035162059,local,3,0.21213203435596426,200,0.0043867281100336,True,ok,0.007972851044813822,0.6007956604026468,0.009406338129883129,3.1882655917149116,2.905313755816369,0.20089667221131258,0.20098425406005233,0.23394789066056523,0.202995755512824,0.202995755512824,200.0,200.0,0.005,7.343803343218269e-11,12.757100862023202,9,-2.3245294578089215e-16,3.469446951953614e-18,1.3322676295501878e-15,0.0004374131053086483,0.8391427173360578,1.1526891323132604,0.1668018595409109,1.5355094973301675e-10,0.0018370840698480606,not_checked,0.001,not_checked,not_checked,,-0.010463232916162954,0.0264089350057906,0.0035861229347802226,True
local_b3_n200,459,2035162060,local,3,0.21213203435596426,200,0.0043867281100336,True,ok,0.01389610070261904,0.6825553859890148,0.01176931181731582,6.162419810112723,4.830784022537121,0.10871489585410843,0.08549069587342402,0.08933231278362355,0.06208690756544498,0.06208690756544498,200.0,200.0,0.005,4.440892098500626e-16,9.347526706946097,11,1.2836953722228372e-16,1.0408340855860843e-17,3.552713678800501e-15,-0.30198976453255355,1.1601488874525532,1.344001409374854,0.20235903754760745,8.881784197001252e-16,0.0021725420374423265,not_checked,0.001,not_checked,not_checked,,-0.00917132658214162,0.0369635279873797,0.009509372592585441,True
local_b3_n200,460,2035162061,local,3,0.21213203435596426,200,0.0043867281100336,True,ok,0.009817502313240967,0.578199244391467,0.010923121277347079,4.173127277078984,2.9142921571787963,0.18439916123666644,0.16627596100328484,0.2329000054737192,0.1403662132597888,0.1403662132597888,200.0,200.0,0.005,2.524691566918591e-11,7.122173650970875,9,-1.645572567099407e-12,8.153200337090993e-17,3.241851231905457e-14,-0.12306317589129856,0.8991401944210177,1.4325075511849241,0.20076843240725356,5.119371593309552e-11,0.001651667058467865,not_checked,0.001,not_checked,not_checked,,-0.011591421989122459,0.031226426615604392,0.005430774203207367,True
local_b3_n200,461,2035162062,local,3,0.21213203435596426,200,0.0043867281100336,True,ok,0.010615545250327152,0.7623887343420588,0.01069838626116804,4.78981062794596,3.3844592598681285,0.18334950536517602,0.14794111401714027,0.1841085720445035,0.11965902369263673,0.11965902369263673,200.0,200.0,0.005,6.217248937900877e-15,13.422878100661476,11,-3.0531133177191805e-16,2.0122792321330962e-16,7.993605777301127e-14,-0.27179626390754974,1.05626534024204,1.4514619619760567,0.14264090729129192,1.6431300764452317e-14,0.0023010829463601112,not_checked,0.001,not_checked,not_checked,,-0.01035290651426033,0.031583997014914635,0.006228817140293552,True
local_b3_n200,462,2035162063,local,3,0.21213203435596426,200,0.0043867281100336,True,ok,0.005730228346908728,0.814988551809996,0.007423758540987536,2.5544544224545875,2.1346998239654247,0.3908157625823899,0.3513492367565383,0.343918725713897,0.3178913346993287,0.3178913346993287,200.0,200.0,0.005,1.729727472365994e-13,19.403972779328775,11,2.6020852139652106e-16,-1.5699247457590104e-16,-6.261657858885883e-14,-0.1311815418455482,0.9926553750956147,1.4717655535702117,0.12323344762283527,4.969358258222201e-13,0.0018505840562283993,not_checked,0.001,not_checked,not_checked,,-0.00882007102334846,0.020280527717165917,0.001343500236875128,True
local_b3_n200,463,2035162064,local,3,0.21213203435596426,200,0.0043867281100336,True,ok,0.005440672805711477,0.6875186930278212,0.007514331944844401,2.311428908373298,1.9381486834708372,0.3895725434683692,0.3674985468226514,0.3794341019080706,0.33684427037614356,0.33684427037614356,200.0,200.0,0.005,1.4136469772552118e-12,12.363673319535707,10,-3.7069566166669787e-13,1.7520707107365752e-16,7.016609515630989e-14,-0.06757989304435363,1.0183178599768923,1.29923030061436,0.18113253143405758,2.980060642698845e-12,0.0021054588723927736,not_checked,0.001,not_checked,not_checked,,-0.009287147174062368,0.020168492785485322,0.0010539446956778775,True
local_b3_n200,464,2035162065,local,3,0.21213203435596426,200,0.0043867281100336,True,ok,0.007116002347668404,0.6093465811884278,0.009106759737818245,3.0288969123719154,2.312990321817392,0.2875938796619908,0.2659740864063813,0.3145868271713302,0.24094165516945826,0.24094165516945826,200.0,200.0,0.005,1.0720158094557064e-10,8.140699740743862,9,-5.033048630642689e-13,-9.974659986866641e-17,-3.8191672047105385e-14,-0.09124798665227685,0.8628224357267377,1.449026092231834,0.17973363124438296,2.2954149692111514e-10,0.001774500124156475,not_checked,0.001,not_checked,not_checked,,-0.010732918754314782,0.02496492344965159,0.0027292742376348045,True
local_b3_n200,465,2035162066,local,3,0.21213203435596426,200,0.0043867281100336,True,ok,0.019279535060116704,0.544321253634751,0.014069195958378338,8.135650525756553,6.728111015464111,0.03785054878074595,0.03175351574917888,0.03459467509564024,0.021154407304156915,0.021154407304156915,200.0,200.0,0.005,9.81633663243997e-11,6.926293124552295,9,-3.1414950502073324e-11,2.3245294578089215e-16,9.237055564881302e-14,-0.21191825085493576,0.9685476901766575,1.365011555298977,0.23153143224805908,1.580444664028846e-10,0.002128457883372903,not_checked,0.001,not_checked,not_checked,,-0.008295582309741329,0.04685465242997473,0.014892806950083104,True
local_b3_n200,466,2035162067,local,3,0.21213203435596426,200,0.0043867281100336,True,ok,0.019235065922063033,0.7155626103517381,0.01470987167326103,8.860045701112496,5.941289139347387,0.06386992832677982,0.043539051786675706,0.05127025242912445,0.021343390100420395,0.021343390100420395,200.0,200.0,0.005,1.3211653993039363e-13,8.77681851427023,11,-7.101264021258658e-14,-1.3877787807814457e-16,-5.3290705182007514e-14,-0.5830096661436412,0.9002197696268273,1.8303021625561686,0.14335182069675165,2.5712765250318625e-13,0.002330249175429344,not_checked,0.001,not_checked,not_checked,,-0.009595752774734526,0.04806588461886059,0.014848337812029433,True
local_b3_n200,467,2035162068,local,3,0.21213203435596426,200,0.0043867281100336,True,ok,0.0005545124321981731,0.6022581445155777,0.002408116019146944,0.2249455716448267,0.2090038493478623,0.900723231272972,0.8993909196092367,0.9007730637107811,0.8950260218478253,0.8950260218478253,200.0,200.0,0.005,7.818889979915866e-11,11.082754616342402,8,-7.504717333683963e-13,1.3162214373974024e-16,5.262457136723242e-14,-0.0015702993827787226,0.9870173832822975,1.1395469210109654,0.21091564664909088,1.6456680462795248e-10,0.001533667091280222,not_checked,0.001,not_checked,not_checked,,-0.004165308235923804,0.005274333100320151,-0.0038322156778354266,True
local_b3_n200,468,2035162069,local,3,0.21213203435596426,200,0.0043867281100336,True,ok,0.0014395978583778835,0.673095631640342,0.0036822892341489785,0.5670765145909421,0.6185281762814527,0.7357594937918475,0.73919725184097,0.7339869071913147,0.7498218967326842,0.7498218967326842,200.0,200.0,0.005,6.106226635438361e-16,18.428527593479995,10,4.7704895589362195e-17,5.312590645178972e-17,2.1316282072803006e-14,0.004381314380105639,0.8065896614559138,1.0877723476338752,0.13440051135764192,2.220446049250313e-16,0.0017724167555570602,not_checked,0.001,not_checked,not_checked,,-0.005777556421213692,0.008656752137969459,-0.0029471302516557163,True
local_b3_n200,469,2035162070,local,3,0.21213203435596426,200,0.0043867281100336,True,ok,0.0022532645184898392,0.727876132703345,0.004558621272244674,0.8408082726669244,1.0228224087134656,0.5964744964585778,0.6175143540297336,0.5996487544968664,0.6372119777191749,0.6372119777191749,200.0,200.0,0.005,3.008704396734174e-14,31.56143680850445,10,8.031769693772617e-15,3.0357660829594124e-17,1.2434497875801753e-14,0.030248767364505658,0.8171826288634407,0.9297986048721781,0.11418644695564306,8.393286066166183e-14,0.0017919160891324282,not_checked,0.001,not_checked,not_checked,,-0.006681468994267883,0.011187998031247561,-0.0021334635915437605,True
local_b3_n200,470,2035162071,local,3,0.21213203435596426,200,0.0043867281100336,True,ok,0.010993441146078586,0.6786335604970797,0.010710664391179492,4.801472200343561,3.7994770158331477,0.1646823589434483,0.139784602882911,0.14960773534654623,0.11094860208183491,0.11094860208183491,200.0,200.0,0.005,8.430756093247282e-16,10.063458058196206,11,-3.0878077872387166e-16,-7.632783294297951e-17,-3.019806626980426e-14,-0.20204787095606314,1.0371876805992535,1.4033080900378787,0.18708113929963535,6.661338147750939e-16,0.002032709075137973,not_checked,0.001,not_checked,not_checked,,-0.009999075311128841,0.031985957603286014,0.006606713036044987,True
local_b3_n200,471,2035162072,local,3,0.21213203435596426,200,0.0043867281100336,True,ok,0.0049905981664502,0.6449853220956601,0.00655361241169673,2.008167887804494,2.272211607167984,0.3853770390690566,0.3832018150752937,0.32106688804596556,0.368571840203931,0.368571840203931,200.0,200.0,0.005,7.438494264988549e-15,14.512622057253868,10,-2.983724378680108e-16,3.0357660829594124e-17,1.2434497875801753e-14,-0.0059643106122071465,0.8809733708472394,1.2274762843908842,0.17208739992676952,1.6209256159527285e-14,0.0020604170858860016,not_checked,0.001,not_checked,not_checked,,-0.007854246129110076,0.017835442462010475,0.0006038700564166,True
local_b3_n200,472,2035162073,local,3,0.21213203435596426,200,0.0043867281100336,True,ok,0.01643969952526181,0.5730927390242286,0.013476150765967865,7.044132277354789,5.278658524815205,0.06432219685187357,0.05315312608430446,0.07140915029843051,0.037330674969954604,0.037330674969954604,200.0,200.0,0.005,1.5783263584978613e-10,6.808495481473418,9,-5.601354796658242e-11,8.673617379884035e-17,3.2862601528904634e-14,-0.23412623362503293,0.9732062664951532,1.4081005875854338,0.2203096869176995,2.6152391363609695e-10,0.001955833751708269,not_checked,0.001,not_checked,not_checked,,-0.00997307062626707,0.04285246967679068,0.012052971415228209,True
local_b3_n200,473,2035162074,local,3,0.21213203435596426,200,0.0043867281100336,True,ok,0.005133572327796099,0.5931662060874838,0.007107216813475661,2.12818865867969,2.018203035587481,0.38161983206465255,0.3684742026242279,0.3645463708994672,0.35818184824377175,0.35818184824377175,200.0,200.0,0.005,5.151079562892846e-11,9.276613941298846,9,-4.098284211995207e-15,-1.942890293094024e-16,-7.72715225139109e-14,-0.0373798637806253,1.0180168459914416,1.1147132508575521,0.20527405256469192,1.066007282446435e-10,0.0016539583448320627,not_checked,0.001,not_checked,not_checked,,-0.008796316656933725,0.019063461312525922,0.000746844217762499,True
local_b3_n200,474,2035162075,local,3,0.21213203435596426,200,0.0043867281100336,True,ok,0.002924141504062394,0.7202315090168578,0.004638767729323145,1.2455292411917163,1.508742194696245,0.5714436717901742,0.5512481666970984,0.47030629862099826,0.557201524648391,0.557201524648391,200.0,200.0,0.005,1.1080025785759062e-13,14.274924356389066,10,-2.6474048647751047e-14,7.849623728795052e-17,3.1308289294429414e-14,-0.0379363197833793,0.813239681399023,1.320973805591241,0.1178913011290154,2.498001805406602e-13,0.0020765000954270363,not_checked,0.001,not_checked,not_checked,,-0.006167676178057616,0.012015959186182404,-0.0014625866059712056,True
local_b3_n200,475,2035162076,local,3,0.21213203435596426,200,0.0043867281100336,True,ok,0.00010509315368190109,0.621389179961269,0.00101285098733827,0.04195208904328715,0.04351789079552414,0.9784458338768768,0.9784890294284949,0.9784760727857071,0.9792007211690167,0.9792007211690167,200.0,200.0,0.005,1.849083108851346e-10,13.42798843675717,8,-6.426608377407828e-17,-1.450662506785605e-16,-5.81756864903582e-14,4.258621473664237e-05,0.8681367301725286,1.0716666229148852,0.166118175013441,3.9946135288460027e-10,0.0015203740913420916,not_checked,0.001,not_checked,not_checked,,-0.0018800583032069422,0.0020902446105707444,-0.004281634956351699,False
local_b3_n200,476,2035162077,local,3,0.21213203435596426,200,0.0043867281100336,True,ok,0.0125399631966292,0.5906787056856018,0.010964287544561023,5.392213488107423,4.818146563857285,0.11315112387737296,0.09627329795031714,0.08989856660770254,0.08143153775307359,0.08143153775307359,200.0,200.0,0.005,5.874767339264508e-11,6.911140114089472,9,-2.0247730575517764e-11,-4.579669976578771e-16,-1.8118839761882555e-13,-0.18811410472787138,0.9871445153413132,1.3125918891354857,0.2045186478463755,1.0130429828336673e-10,0.0016043749637901783,not_checked,0.001,not_checked,not_checked,,-0.008949645506851508,0.03402957190010991,0.0081532350865956,True
local_b3_n200,477,2035162078,local,3,0.21213203435596426,200,0.0043867281100336,True,ok,0.0017480267970182428,0.6663741214607211,0.004141137621430718,0.7247972467156895,0.6923683141345576,0.7209564093289151,0.7123871861899632,0.7073822056783041,0.7049662431283855,0.7049662431283855,200.0,200.0,0.005,7.771561172376096e-16,12.804970991165,10,-2.458970527197124e-16,-3.452099717193846e-16,-1.3855583347321954e-13,-0.012793263954196166,0.9435784890442973,1.2070755995567095,0.1724030895992589,1.5543122344752192e-15,0.0017697077710181475,not_checked,0.001,not_checked,not_checked,,-0.006368453796009829,0.009864507390046314,-0.002638701313015357,True
local_b3_n200,478,2035162079,local,3,0.21213203435596426,200,0.0043867281100336,True,ok,0.001291796925404931,0.5956685988699915,0.0036954999680348104,0.5287451914191552,0.47617255911946366,0.7864533302170722,0.7820700924461585,0.7881346882462734,0.7723176227941784,0.7723176227941784,200.0,200.0,0.005,5.767120114796853e-11,10.125363975957018,9,3.2959746043559335e-17,1.691355389077387e-17,6.661338147750939e-15,-0.006013210628591392,0.9951295279670402,1.1615333841199253,0.21549538999161602,1.2023559925466998e-10,0.0018456238321959972,not_checked,0.001,not_checked,not_checked,,-0.005951249916812219,0.00853484376762208,-0.0030949311846286687,True
local_b3_n200,479,2035162080,local,3,0.21213203435596426,200,0.0043867281100336,True,ok,0.0016818501922655216,0.677813775625953,0.0040677243851835534,0.6988262525881458,0.694361770293063,0.7166535380860244,0.7074973960860735,0.7066774892348169,0.7143587167075138,0.7143587167075138,200.0,200.0,0.005,1.887379141862766e-15,13.348372711956623,10,5.551115123125783e-17,-5.637851296924623e-18,-1.9984014443252818e-15,-0.013043087840968581,0.7972788116887619,1.2670832296638057,0.13080852731955542,4.440892098500626e-15,0.0020807080436497927,not_checked,0.001,not_checked,not_checked,,-0.006290743101729578,0.00965444348626062,-0.002704877917768078,True
local_b3_n200,480,2035162081,local,3,0.21213203435596426,200,0.0043867281100336,True,ok,0.007220648785565054,0.5234464331105906,0.008435402828857663,3.0066462665556135,2.769571345936005,0.26551140408413254,0.25151303467623976,0.2503774566986012,0.23595132219594794,0.23595132219594794,200.0,200.0,0.005,1.5218937221561646e-12,6.539572581632196,9,-1.3693039757622927e-14,-7.37257477290143e-17,-2.930988785010413e-14,-0.05919337616479603,0.9806295852131952,1.2011321760680445,0.23278180447528557,2.8261837314857985e-12,0.0016532919835299253,not_checked,0.001,not_checked,not_checked,,-0.009312436954083254,0.02375373452521336,0.002833920675531454,True
local_b3_n200,481,2035162082,local,3,0.21213203435596426,200,0.0043867281100336,True,ok,0.006236890303741083,0.7186548266985822,0.009580575481755912,2.679049097884798,1.4750365074526475,0.35097650964198157,0.3264844975826251,0.4782994617069244,0.2872569806921475,0.2872569806921475,200.0,200.0,0.005,1.1840639579929757e-11,13.678510234860465,10,-3.5380656737693528e-12,1.0148132334464322e-16,4.04121180963557e-14,-0.09214648819418247,0.6834497859294917,1.8229672054841881,0.10807527192160844,2.5955460003501685e-11,0.0018135409336537123,not_checked,0.001,not_checked,not_checked,,-0.012540692591667981,0.025014473199150147,0.001850162193707483,True
local_b3_n200,482,2035162083,local,3,0.21213203435596426,200,0.0043867281100336,True,ok,0.03547073258550881,0.7209469752826261,0.0212069335264144,16.789344842330802,7.9166845186409835,0.014306941311633674,0.007167301893596065,0.019094742199842932,0.0008299488238374261,0.0008299488238374261,200.0,200.0,0.005,6.661338147750939e-16,9.087431622842526,12,-1.8041124150158794e-16,-4.0245584642661925e-16,-1.6342482922482304e-13,-1.3005259040636385,0.964051621832016,2.1315969615171473,0.15683667540027518,1.5543122344752192e-15,0.0020834580063819885,not_checked,0.001,not_checked,not_checked,,-0.006094093348798409,0.07703555851981603,0.031084004475475213,True
local_b3_n200,483,2035162084,local,3,0.21213203435596426,200,0.0043867281100336,True,ok,0.01913407129795619,0.6063061841675119,0.014976328795644908,8.388186527795282,5.56752166481051,0.048267055938846296,0.03649780211958582,0.06180562913095071,0.021778887111512418,0.021778887111512418,200.0,200.0,0.005,9.445877413583048e-11,6.541517112808452,10,-7.632783294297951e-17,3.469446951953614e-17,1.3322676295501878e-14,-0.36727900430640315,0.9663310463208046,1.5252259945315318,0.20382017809515104,1.9913182214281733e-10,0.002214251086115837,not_checked,0.001,not_checked,not_checked,,-0.010218993762137953,0.04848713635805033,0.01474734318792259,True
local_b3_n200,484,2035162085,local,3,0.21213203435596426,200,0.0043867281100336,True,ok,0.012218751783608095,0.6657532683850682,0.011341629725012379,5.261655059358076,4.174058157014025,0.13244163356449096,0.11375488164547087,0.12405514698311815,0.08683457937761392,0.08683457937761392,200.0,200.0,0.005,4.440892098500626e-16,10.52960508350029,11,2.1163626406917047e-16,-2.42861286636753e-17,-8.881784197001252e-15,-0.187077172957419,0.9930039577342308,1.4238873861007062,0.18542449507979553,1.1102230246251565e-15,0.0018561661709100008,not_checked,0.001,not_checked,not_checked,,-0.010010434003405084,0.03444793757062127,0.007832023673574495,True
local_b3_n200,485,2035162086,local,3,0.21213203435596426,200,0.0043867281100336,True,ok,0.0016426419431647687,0.6376533403513263,0.003984523243398238,0.6763130445281541,0.6538302298653036,0.7337918166142092,0.7271663096832046,0.7211449548666464,0.7199824886170931,0.7199824886170931,200.0,200.0,0.005,7.771561172376096e-16,11.726786715236644,10,1.7607443281164592e-16,1.4311468676808659e-16,5.684341886080802e-14,-0.009628133631123303,1.0188397543033614,1.1054087127405012,0.19203811997874645,1.7763568394002505e-15,0.0016832079272717237,not_checked,0.001,not_checked,not_checked,,-0.006166880109458503,0.00945216399578804,-0.002744086166868831,True
local_b3_n200,486,2035162087,local,3,0.21213203435596426,200,0.0043867281100336,True,ok,0.017916123804413653,0.8018101592334093,0.014359254060351398,8.568802969214921,4.595874649869781,0.09687948657556034,0.06251695106854704,0.1004658585685901,0.027785950579106797,0.027785950579106797,200.0,200.0,0.005,2.1716406450877912e-11,13.06915680837485,11,-1.3313190827535237e-11,1.734723475976807e-17,7.105427357601002e-15,-0.7011767237247302,1.1487346731412893,1.903843187021138,0.15228355502684748,4.783706764044382e-11,0.0018791661132127047,not_checked,0.001,not_checked,not_checked,,-0.010227496998735621,0.04605974460756293,0.013529395694380053,True
local_b3_n200,487,2035162088,local,3,0.21213203435596426,200,0.0043867281100336,True,ok,0.0198245226877507,0.6588951834479402,0.012526665703886622,8.689190169619135,8.833695590247933,0.041525008664047985,0.031050623384038654,0.012072226501728595,0.01896984743410536,0.01896984743410536,200.0,200.0,0.005,6.661338147750939e-16,9.419927038726373,11,-2.255140518769849e-16,3.434752482434078e-16,1.376676550535194e-13,-0.3796905472594272,0.9315192573397398,1.5179729286815504,0.16938671412878475,1.5543122344752192e-15,0.0018551661632955074,not_checked,0.001,not_checked,not_checked,,-0.004727290938240165,0.04437633631374156,0.015437794577717101,True
local_b3_n200,488,2035162089,local,3,0.21213203435596426,200,0.0043867281100336,True,ok,0.012905187888706315,0.6606756635744588,0.01269246735001104,5.63822619582044,3.709171255803921,0.13289817436019244,0.11164635045646816,0.15651778584272727,0.07569542337671943,0.07569542337671943,200.0,200.0,0.005,1.3322676295501878e-15,9.173528870853723,11,-1.3704315460216776e-16,-1.3877787807814457e-16,-5.240252676230739e-14,-0.23807552016895706,0.8358167466138302,1.7156936184720775,0.15789942418777883,2.6645352591003757e-15,0.001873126020655036,not_checked,0.001,not_checked,not_checked,,-0.011971590992265864,0.037781966769678495,0.008518459778672716,True
local_b3_n200,489,2035162090,local,3,0.21213203435596426,200,0.0043867281100336,True,ok,0.011163886451217131,0.8142340982272693,0.010991908249692336,5.107567360861811,3.5398015499117657,0.20769158943022997,0.1672036116690641,0.17034989096228403,0.10723020679396819,0.10723020679396819,200.0,200.0,0.005,1.6475709685437323e-13,17.518873264220645,11,-9.485467966641181e-15,2.0643209364124004e-16,8.348877145181177e-14,-0.32100639018747934,1.006415451646019,1.8603914008702502,0.12965946253801322,4.720668300706166e-13,0.0019065001979470253,not_checked,0.001,not_checked,not_checked,,-0.010379857839548551,0.03270763074198281,0.006777158341183531,True
local_b3_n200,490,2035162091,local,3,0.21213203435596426,200,0.0043867281100336,True,ok,0.0019269340298952997,0.698469437753396,0.004595268818309116,0.7778250824607722,0.7289903440110928,0.6757667849280404,0.6733687148583376,0.6945471892543461,0.6801874847276119,0.6801874847276119,200.0,200.0,0.005,3.3306690738754696e-16,17.73616194791227,10,2.0317948712378353e-16,1.457167719820518e-16,5.88418203051333e-14,-0.0035257352513261564,0.7279867873034447,1.3060474484160483,0.1176131922537409,8.881784197001252e-16,0.0017161669675260782,not_checked,0.001,not_checked,not_checked,,-0.007079627353270501,0.0109334954130611,-0.0024597940801383,True
local_b3_n200,491,2035162092,local,3,0.21213203435596426,200,0.0043867281100336,True,ok,0.005056315611084772,0.6546979975488545,0.0066147872997006675,2.147007265351968,2.17429963669839,0.4006415785300881,0.3788032954010734,0.337176138719455,0.3637592169159309,0.3637592169159309,200.0,200.0,0.005,4.910516437917067e-13,10.424407114422426,10,-1.2907123286831634e-13,-9.454242944073599e-17,-3.863576125695545e-14,-0.06224051045902956,0.9625447404559557,1.2594006093894166,0.1712180391694572,1.007194327939942e-12,0.0020368751138448715,not_checked,0.001,not_checked,not_checked,,-0.007908429261721493,0.018021060483891037,0.000669587501051172,True
local_b3_n200,492,2035162093,local,3,0.21213203435596426,200,0.0043867281100336,True,ok,0.0003290755262783662,0.7211966828294525,0.0018967967784918615,0.13074198523886899,0.12160131589764214,0.9337622692642062,0.9341940618191769,0.9410108041045314,0.9363039659707306,0.9363039659707306,200.0,200.0,0.005,1.8353096820078463e-12,21.52488077420923,9,7.643375949523135e-14,-3.892285799222961e-17,-1.554312234475219e-14,0.00044411263623875263,0.8402859191947245,1.0968692717108877,0.1191574425573371,4.6342929493903284e-12,0.001753373770043254,not_checked,0.001,not_checked,not_checked,,-0.003388577845557281,0.004046728898114013,-0.0040576525837552335,False
local_b3_n200,493,2035162094,local,3,0.21213203435596426,200,0.0043867281100336,True,ok,0.0019029093529951968,0.7180213419226831,0.004451492622375334,0.8021147148027226,0.6956774823318785,0.702104930863297,0.6888798423856055,0.7062127500772308,0.6834636061107058,0.6834636061107058,200.0,200.0,0.005,3.219646771412954e-15,14.985676541786487,10,-7.704340637681995e-16,-1.717376241217039e-16,-6.94999613415348e-14,-0.02047548680232192,0.9914223782227229,1.1666117540524814,0.1613141898584095,7.549516567451064e-15,0.0018503328319638968,not_checked,0.001,not_checked,not_checked,,-0.006821855864306217,0.01062767457029661,-0.002483818757038403,True
local_b3_n200,494,2035162095,local,3,0.21213203435596426,200,0.0043867281100336,True,ok,0.0030569265933682033,0.6940702667388374,0.006109970107376782,1.297840474522471,0.9165239211298398,0.5915322790377593,0.5728753787149312,0.6323817954150218,0.5425986761030117,0.5425986761030117,200.0,200.0,0.005,6.628031457012185e-14,12.690368446178748,10,-1.5580418899485693e-14,2.211772431870429e-17,8.43769498715119e-15,-0.037534918587594834,0.9450476579800654,1.4192351069266986,0.16517451099941685,1.438849039914203e-13,0.0017932080663740635,not_checked,0.001,not_checked,not_checked,,-0.008918394763706617,0.015032247950443023,-0.0013298015166653965,True
local_b3_n200,495,2035162096,local,3,0.21213203435596426,200,0.0043867281100336,True,ok,0.02443404694551843,0.5671457681190373,0.016264736109555398,10.589997517094812,7.84442464345434,0.017494511013842997,0.012562270898504594,0.01979724837839388,0.007545458732279213,0.007545458732279213,200.0,200.0,0.005,1.4753420707336318e-11,6.278790573233849,10,-7.28583859910259e-17,-4.85722573273506e-16,-1.936228954946273e-13,-0.4081893694437202,1.0302921135087735,1.3618203772250097,0.23543461384218295,2.9327207329288285e-11,0.0017739580944180489,not_checked,0.001,not_checked,not_checked,,-0.007444250047258266,0.05631234393829512,0.02004731883548483,True
local_b3_n200,496,2035162097,local,3,0.21213203435596426,200,0.0043867281100336,True,ok,0.010247811185031486,0.5522848244139518,0.009722815243844137,4.322965490811189,4.18300425177091,0.15099426175109798,0.13620124038599807,0.1235014816419259,0.12879127130154225,0.12879127130154225,200.0,200.0,0.005,6.977529665164184e-12,6.75305524714206,9,-6.964828019873082e-13,-3.8163916471489756e-17,-1.4210854715202004e-14,-0.11192050839929735,1.0303418201901888,1.1380630771753961,0.2286165269255263,1.3573142609857314e-11,0.0016474579460918903,not_checked,0.001,not_checked,not_checked,,-0.008808556521240046,0.029304178891303018,0.005861083074997886,True
local_b3_n200,497,2035162098,local,3,0.21213203435596426,200,0.0043867281100336,True,ok,0.02931805985298963,0.6390956935017711,0.01728577763227416,13.178042646644908,11.513071763342575,0.013854150044900884,0.008719836782017609,0.0031620463505912413,0.002840963651092579,0.002840963651092579,200.0,200.0,0.005,7.72715225139109e-14,7.274872492342649,11,-3.9822312114523584e-14,6.938893903907228e-18,0.0,-0.7254093527245278,0.7121512460123784,1.7752674281266718,0.13221188891472177,1.3167245072054357e-13,0.0018612497951835394,not_checked,0.001,not_checked,not_checked,,-0.004561441751035768,0.06319756145701502,0.02493133174295603,True
local_b3_n200,498,2035162099,local,3,0.21213203435596426,200,0.0043867281100336,True,ok,0.002667268880176543,0.6511524051779636,0.004794503257198738,1.0776176604532726,1.2313161990693,0.5919014179322333,0.5888045376895785,0.5402852168364566,0.586575566509155,0.586575566509155,200.0,200.0,0.005,6.661338147750939e-16,14.282740533015756,10,1.0234868508263162e-16,1.0364972768961422e-16,4.1300296516055823e-14,-0.005355054191327646,0.861369993267267,1.1929533746557786,0.16086636384318076,1.3322676295501878e-15,0.0016879590693861246,not_checked,0.001,not_checked,not_checked,,-0.006729784827692964,0.01206432258804605,-0.0017194592298570566,True
local_b3_n200,499,2035162100,local,3,0.21213203435596426,200,0.0043867281100336,True,ok,0.031484613222242164,0.5922903344450918,0.017714619586914407,13.340398739267831,10.908973239977781,0.004629097871527455,0.0033896832486363633,0.004277071981439938,0.0018419644436656643,0.0018419644436656643,200.0,200.0,0.005,4.949340937088209e-11,9.05534873016213,10,-2.914335439641036e-16,-3.122502256758253e-16,-1.2256862191861728e-13,-0.37327672518548294,1.005204457542543,1.3051003327603565,0.21654149201167,1.0218892398938806e-10,0.0017105827573686838,not_checked,0.001,not_checked,not_checked,,-0.0032354031679378836,0.06620462961242221,0.027097885112208564,True
local_b3_n200,500,2035162101,local,3,0.21213203435596426,200,0.0043867281100336,True,ok,0.009978882963581182,0.6446135456850186,0.009867119056164497,4.139528077335844,3.839509363987589,0.16490092112631,0.15430558187233823,0.14664293186982777,0.13590806795776153,0.13590806795776153,200.0,200.0,0.005,5.0113246885530316e-12,12.135219004629876,10,-1.0753585522049747e-12,-2.1510571102112408e-16,-8.704148513061227e-14,-0.0739874459516856,0.9812380326898329,1.2347201770935232,0.1910521774490078,1.0315748255607105e-11,0.0019441680051386356,not_checked,0.001,not_checked,not_checked,,-0.009360315017670085,0.029318080944832448,0.005592154853547582,True
local_b3_n200,501,2035162102,local,3,0.21213203435596426,200,0.0043867281100336,True,ok,0.02767709036691235,0.574552864613209,0.016305027336890345,12.144188294063873,9.826279762553087,0.012497302111881534,0.008306303944521903,0.007349375897432608,0.003944559176016929,0.003944559176016929,200.0,200.0,0.005,2.1191381982532675e-11,5.884881134757783,10,-3.226585665316861e-16,-1.8735013540549517e-16,-7.460698725481052e-14,-0.5366760736494669,1.0014725296799694,1.471594213425977,0.21823143540498727,4.2664094479505366e-11,0.0019024158827960491,not_checked,0.001,not_checked,not_checked,,-0.004280175980333756,0.059634356714158454,0.02329036225687875,True
local_b3_n200,502,2035162103,local,3,0.21213203435596426,200,0.0043867281100336,True,ok,0.018417587586962325,0.7797369972425665,0.013601464445143435,8.783575967935528,5.555569750324425,0.07754183581975292,0.04761363725098788,0.062176082732988525,0.025134408440789794,0.025134408440789794,200.0,200.0,0.005,1.0042744413851779e-11,11.062157460131974,11,-6.123337947805396e-12,-9.367506770274758e-17,-3.8191672047105385e-14,-0.708270466575299,1.2900324826204144,1.5868391150284238,0.18270803121970824,2.124855846830087e-11,0.0019092909060418606,not_checked,0.001,not_checked,not_checked,,-0.008240792862520878,0.04507596803644553,0.014030859476928725,True
local_b3_n200,503,2035162104,local,3,0.21213203435596426,200,0.0043867281100336,True,ok,0.015538624309983096,0.6144532330546209,0.012325291781001722,6.783686234476581,5.680047086684716,0.07110098049764071,0.05586166179023214,0.058424290445236726,0.044702544189261006,0.044702544189261006,200.0,200.0,0.005,1.3621181960132844e-10,6.949199068864638,10,2.740863092043355e-16,1.8388068845354155e-16,7.37188088351104e-14,-0.2841182552416712,1.1140510207004275,1.2360100837169261,0.22107385527243684,2.908302487725223e-10,0.001740291016176343,not_checked,0.001,not_checked,not_checked,,-0.008618503679727819,0.03969575229969401,0.011151896199949496,True
local_b3_n200,504,2035162105,local,3,0.21213203435596426,200,0.0043867281100336,True,ok,0.0005531082380481056,0.7498175566033214,0.0022829343780530463,0.2282155554288336,0.22711002742765324,0.8999587011854572,0.8969744285460459,0.8926550867888556,0.8952774152074889,0.8952774152074889,200.0,200.0,0.005,1.9280443908087364e-10,19.901815386251027,9,-2.249403473816164e-11,1.951563910473908e-16,7.815970093361102e-14,-0.003486130104795676,0.9949739338622616,1.1068011691415456,0.12857632674502412,4.792812813292358e-10,0.0015900826547294855,not_checked,0.001,not_checked,not_checked,,-0.003921360922004213,0.005027577398100424,-0.003833619871985494,True
local_b3_n200,505,2035162106,local,3,0.21213203435596426,200,0.0043867281100336,True,ok,0.01057122485480022,0.6813173079534542,0.010412763050800286,4.148239489501625,4.2772569222289984,0.11744234201449374,0.12229395910212482,0.11781632192603583,0.12072440558325216,0.12072440558325216,200.0,200.0,0.005,8.17068634972884e-12,20.831300742858993,10,9.189003724596745e-13,-3.469446951953614e-18,-1.7763568394002505e-15,0.040125226209231535,0.8992320533315123,1.07446104086597,0.15145754394777522,2.0208501538832024e-11,0.0018444168381392956,not_checked,0.001,not_checked,not_checked,,-0.009837415704317756,0.030979865413918197,0.006184496744766621,True
local_b3_n200,506,2035162107,local,3,0.21213203435596426,200,0.0043867281100336,True,ok,0.014593987532595554,0.719474152681653,0.011574181288618058,6.64042416585725,5.333145188286358,0.10367634740050029,0.07622899569608704,0.0694899880138601,0.053998581217171306,0.053998581217171306,200.0,200.0,0.005,4.440892098500626e-15,9.636832453452108,11,-2.2239154962022667e-15,7.632783294297951e-17,2.930988785010413e-14,-0.4014145764095143,1.0997741943117316,1.4720781923408788,0.16477240428367643,8.881784197001252e-15,0.002202209085226059,not_checked,0.001,not_checked,not_checked,,-0.008090990943633233,0.03727896600882434,0.010207259422561954,True
local_b3_n200,507,2035162108,local,3,0.21213203435596426,200,0.0043867281100336,True,ok,0.003165237971796575,0.6990496220904157,0.0059264618977648,1.3312497682922069,1.0679760454012546,0.5760275713989447,0.5599726505850424,0.5862622741639372,0.5309711480391153,0.5309711480391153,200.0,200.0,0.005,3.4861002973229915e-14,13.822019578402019,10,-7.379947347674332e-15,2.237793284010081e-16,9.015010959956271e-14,-0.03257728978678842,0.9648671015613967,1.3542605252942799,0.16682606437367753,7.72715225139109e-14,0.002296249847859144,not_checked,0.001,not_checked,not_checked,,-0.008450413903571333,0.014780889847164483,-0.0012214901382370247,True
local_b3_n200,508,2035162109,local,3,0.21213203435596426,200,0.0043867281100336,True,ok,0.004335835249483333,0.6585808452894286,0.007228875461100387,1.8335948467314762,1.3121587822044558,0.47173307720539537,0.45203662781987997,0.5188816839348418,0.42014010084114783,0.42014010084114783,200.0,200.0,0.005,1.6231460620019789e-13,10.908961101088726,10,-3.877106968808164e-14,2.0816681711721685e-16,8.37108160567368e-14,-0.04963037346907151,0.9348131677351958,1.4029529588009795,0.17263798187908466,3.304023721284466e-13,0.0017285000067204237,not_checked,0.001,not_checked,not_checked,,-0.009832500302998802,0.018504170801965467,-5.089286055026676e-05,True
local_b3_n200,509,2035162110,local,3,0.21213203435596426,200,0.0043867281100336,True,ok,0.006634241834499788,0.5964225273940933,0.008660098221996496,2.808350957758819,2.1994615722621766,0.3110604531812692,0.2908377270525986,0.33296070927405325,0.2653121114704281,0.2653121114704281,200.0,200.0,0.005,5.997902174925684e-11,7.967406898812369,9,-1.6402157410055906e-13,1.734723475976807e-18,4.440892098500626e-16,-0.07732711197945186,0.9193701577071738,1.3716226978473154,0.19767019787299434,1.2465850574017168e-10,0.0016109580174088478,not_checked,0.001,not_checked,not_checked,,-0.010339238783192702,0.023607722452192278,0.002247513724466188,True
local_b3_n200,510,2035162111,local,3,0.21213203435596426,200,0.0043867281100336,True,ok,0.003566925752749306,0.6334669621695914,0.0059597036168033335,1.3859629031698502,1.5722937630532332,0.47547638087047317,0.48559592057473877,0.4555968863867035,0.489982721595169,0.489982721595169,200.0,200.0,0.005,9.992007221626409e-16,17.24899281833619,10,-3.469446951953614e-17,-1.2750217548429532e-16,-5.1736392947532295e-14,0.0204036989649361,0.754578133211632,1.1962463354238748,0.1505096026245756,1.7763568394002505e-15,0.0017200000584125519,not_checked,0.001,not_checked,not_checked,,-0.008113878694718328,0.01524773020021694,-0.0008198023572842938,True
local_b3_n200,511,2035162112,local,3,0.21213203435596426,200,0.0043867281100336,True,ok,0.017259816343187184,0.5727016788107611,0.014263924138175661,7.385516404955343,5.097464552578664,0.05725152999561155,0.04727055748732477,0.07818071475046999,0.031683372306340385,0.031683372306340385,200.0,200.0,0.005,1.8980816918201526e-10,6.944286190883601,9,-6.820623232872691e-11,2.1163626406917047e-16,8.348877145181177e-14,-0.24079493384023465,0.9122490020069947,1.4717990518401671,0.20532576577109402,3.188467267989381e-10,0.0015962088946253061,not_checked,0.001,not_checked,not_checked,,-0.010696961245848641,0.045216593932223006,0.012873088233153585,True
local_b3_n200,512,2035162113,local,3,0.21213203435596426,200,0.0043867281100336,True,ok,0.01089924218313465,0.5851358608409654,0.010265647951149422,4.249427041413405,4.5720068480703535,0.11109658114561993,0.11741013560323083,0.10167199078518149,0.11305866489456061,0.11305866489456061,200.0,200.0,0.005,3.526756664484765e-11,14.48276261119821,9,1.959109957594407e-13,-2.5847379792054426e-16,-1.0391687510491465e-13,0.055134915920227456,0.8911710770589972,1.0918612902392633,0.1901794649261582,7.213163399910627e-11,0.001581332879140973,not_checked,0.001,not_checked,not_checked,,-0.009221058079085614,0.031019542445354913,0.00651251407310105,True
local_b3_n200,513,2035162114,local,3,0.21213203435596426,200,0.0043867281100336,True,ok,0.008950838047135923,0.49969052523691815,0.009453665497898266,3.721857537543209,3.338500262645634,0.19590154656687114,0.18371867871937891,0.1883882791560205,0.16693218791370848,0.16693218791370848,200.0,200.0,0.005,3.999023334699814e-13,6.011543870963689,9,-2.8104255034300252e-14,3.122502256758253e-17,1.1546319456101628e-14,-0.07076115934441995,0.998396251273237,1.199627400660621,0.2580774462424023,7.169820293029261e-13,0.0015157507732510567,not_checked,0.001,not_checked,not_checked,,-0.009578005850633595,0.02747968194490544,0.004564109937102323,True
local_b3_n200,514,2035162115,local,3,0.21213203435596426,200,0.0043867281100336,True,ok,0.04581411480583575,0.7372229586376775,0.023422010895137547,22.405125938639966,10.947428071509897,0.005065412838606691,0.0017682491596821507,0.0041956205002630295,0.00010486644590589776,0.00010486644590589776,200.0,200.0,0.005,2.220446049250313e-15,8.892753802755298,12,-1.8110513089197866e-15,3.469446951953614e-17,1.7763568394002505e-14,-2.039740008152833,1.03666550630558,2.138407478708449,0.15811025675254695,3.9968028886505635e-15,0.002590209012851119,not_checked,0.001,not_checked,not_checked,,-9.218299413859404e-05,0.0917204126058101,0.04142738669580215,True
local_b3_n200,515,2035162116,local,3,0.21213203435596426,200,0.0043867281100336,True,ok,0.0014126747611482582,0.717747712174811,0.0044736363598083945,0.5416211530981727,0.4420121861440166,0.7571253307651875,0.7658737024820106,0.8017117953876141,0.7538702920512542,0.7538702920512542,200.0,200.0,0.005,1.2212453270876722e-15,26.11476371061682,10,7.45931094670027e-17,-1.3964523981613297e-16,-5.639932965095795e-14,0.01172437568056528,0.7699140207931121,1.3255889637039115,0.12607418521801594,3.3306690738754696e-15,0.002321999752894044,not_checked,0.001,not_checked,not_checked,,-0.007355491384005066,0.010180840906301582,-0.0029740533488853416,True
local_b3_n200,516,2035162117,local,3,0.21213203435596426,200,0.0043867281100336,True,ok,0.006125360273964597,0.7641609262500717,0.00814197617315167,2.6403885464637136,2.257831803566976,0.31186215199304246,0.2856046941323517,0.32338364609350634,0.2937365344358285,0.2937365344358285,200.0,200.0,0.005,3.199218667759851e-11,17.277471054573773,10,-9.862933386672879e-12,6.418476861114186e-17,2.6201263381153694e-14,-0.09512221843893731,0.7576400935383184,1.3831017735977968,0.09492348643522514,7.507328092515309e-11,0.0017347920220345259,not_checked,0.001,not_checked,not_checked,,-0.009832619788395933,0.022083340336325127,0.0017386321639309976,True
local_b3_n200,517,2035162118,local,3,0.21213203435596426,200,0.0043867281100336,True,ok,0.0024868255792784844,0.7319731729947903,0.005280980409260623,1.0375760034576285,0.9206199472996353,0.6002409721558324,0.5873700674405193,0.6310879945361474,0.6081309050356345,0.6081309050356345,200.0,200.0,0.005,6.439293542825908e-15,17.1189262700631,10,-1.3973197598993181e-15,-1.8041124150158794e-16,-7.216449660063518e-14,-0.02142288587311736,0.6947476919314893,1.3298932177942664,0.09652422576333322,1.509903313490213e-14,0.0017165839672088623,not_checked,0.001,not_checked,not_checked,,-0.007863705825933931,0.0128373569844909,-0.0018999025307551154,True
local_b3_n200,518,2035162119,local,3,0.21213203435596426,200,0.0043867281100336,True,ok,0.00209536071915406,0.6467445379613157,0.004421583483566267,0.8738770617863033,0.8649364054156796,0.6724815897007586,0.6612066260449827,0.6489054862437436,0.6576567476791753,0.6576567476791753,200.0,200.0,0.005,8.881784197001252e-16,11.230796109757229,10,-1.474514954580286e-17,2.5153490401663703e-17,1.0436096431476471e-14,-0.017866387062339617,0.9880619805652433,1.128013969350619,0.17563814442716602,1.7763568394002505e-15,0.0017532908823341131,not_checked,0.001,not_checked,not_checked,,-0.006570783663272973,0.010761505101581094,-0.0022913673908795396,True
local_b3_n200,519,2035162120,local,3,0.21213203435596426,200,0.0043867281100336,True,ok,0.011590511017228522,0.6317468028678552,0.010413891202528761,4.610105108312371,4.984089715094104,0.10493575576348599,0.10621960511515746,0.08274060072782732,0.09846026596113919,0.09846026596113919,200.0,200.0,0.005,3.675504345324043e-12,15.40742920695247,10,1.1880080252879566e-13,-6.591949208711867e-17,-2.7533531010703882e-14,0.013049649289518683,0.7404409577180311,1.3043002534396821,0.14311470304338764,8.182121646882479e-12,0.0016664161812514067,not_checked,0.001,not_checked,not_checked,,-0.008820340678646364,0.03200136271310341,0.007203782907194922,True
local_b3_n200,520,2035162121,local,3,0.21213203435596426,200,0.0043867281100336,True,ok,0.0041366764794523725,0.614674476528319,0.006751242241143719,1.64765415919557,1.600546997790695,0.4175728450606685,0.41908412457751715,0.4492060899456287,0.43721277813900383,0.43721277813900383,200.0,200.0,0.005,1.3729162251507887e-10,13.601073562541403,9,1.4137996329210978e-16,4.683753385137379e-17,1.9761969838327786e-14,0.003508216292689492,0.6599476618934873,1.293351880030998,0.12891732586518007,2.9381319599508515e-10,0.0016422918997704983,not_checked,0.001,not_checked,not_checked,,-0.009095515164094795,0.01736886812299954,-0.00025005163058122726,True
local_b3_n200,521,2035162122,local,3,0.21213203435596426,200,0.0043867281100336,True,ok,0.0016605077875595509,0.5976065448980918,0.004227554346484487,0.6739138565154621,0.6131337110576227,0.7226287288461447,0.7192097567568039,0.7359693129169527,0.7174144603270383,0.7174144603270383,200.0,200.0,0.005,6.340727942699687e-11,10.889320721404697,9,-2.8406096919120216e-17,2.883977778811442e-17,1.176836406102666e-14,-0.004855370745820875,0.8933705506174967,1.1664373283864216,0.1782626957274906,1.3192158476726945e-10,0.0018472918309271336,not_checked,0.001,not_checked,not_checked,,-0.006625346474235808,0.00994636204935491,-0.002726220322474049,True
local_b3_n200,522,2035162123,local,3,0.21213203435596426,200,0.0043867281100336,True,ok,0.004583123395397459,0.670050307099674,0.007904586318674401,1.9379360797474612,1.236228722930473,0.4432634891359676,0.4237416067214633,0.5389597633235809,0.3998664434195298,0.3998664434195298,200.0,200.0,0.005,2.682298827494378e-13,11.596369064457203,10,-6.467829744005726e-14,4.0766001685454967e-16,1.6298074001497298e-13,-0.052343360794238736,0.7487999929871962,1.5971251968493567,0.1361492701154043,5.553335569175033e-13,0.001953291008248925,not_checked,0.001,not_checked,not_checked,,-0.010909581101892418,0.020075827892687338,0.00019639528536385953,True
local_b3_n200,523,2035162124,local,3,0.21213203435596426,200,0.0043867281100336,True,ok,0.012699856059864567,0.7279671784315938,0.012012425853108693,5.459947945922282,4.1914833804767495,0.10325414835171512,0.08772916836602732,0.12297899749798967,0.07886867023140894,0.07886867023140894,200.0,200.0,0.005,9.992007221626409e-16,15.092273624238274,11,1.2836953722228372e-16,-2.6020852139652106e-17,-1.0658141036401503e-14,-0.19000276098822777,0.8215334567908198,1.4037998123289404,0.11584604244622279,2.220446049250313e-15,0.0018658330664038658,not_checked,0.001,not_checked,not_checked,,-0.010844065979186305,0.036243778098915436,0.008313127949830967,True
local_b3_n200,524,2035162125,local,3,0.21213203435596426,200,0.0043867281100336,True,ok,0.00672421153574887,0.699781742510813,0.009585147442071373,2.929037427615577,1.736699547282258,0.33098812416722745,0.30112367448458877,0.41964348490550196,0.2605807963487004,0.2605807963487004,200.0,200.0,0.005,3.201905407479444e-11,11.213057729762284,10,-1.0659190544104469e-11,-3.8163916471489756e-17,-1.5987211554602254e-14,-0.11967640665801449,0.8136396850566511,1.6870630065515673,0.14027183806318913,6.682943087810145e-11,0.0021152091212570667,not_checked,0.001,not_checked,not_checked,,-0.012062332237217244,0.025510755308714984,0.00233748342571527,True
local_b3_n200,525,2035162126,local,3,0.21213203435596426,200,0.0043867281100336,True,ok,0.0004995909035478974,0.6728054466951252,0.002329346807825514,0.19547035465526946,0.18763731010483903,0.9011331108547307,0.9031845900299695,0.9104478523892486,0.9049114542202019,0.9049114542202019,200.0,200.0,0.005,2.9389046751759906e-11,18.955322998775724,9,2.8005712983045217e-12,1.5590827240341554e-16,6.217248937900877e-14,0.0021830033819447425,0.8786721734144461,1.0480111187946455,0.15172864104001726,7.119993483684084e-11,0.001939666923135519,not_checked,0.001,not_checked,not_checked,,-0.004065844947293453,0.0050650267543892475,-0.0038871372064857024,True
local_b3_n200,526,2035162127,local,3,0.21213203435596426,200,0.0043867281100336,True,ok,0.008816753541803113,0.6194234722510081,0.008829222949322754,3.5083290881849285,4.0165917725011635,0.1697458833211472,0.1712789406138024,0.13421720127393585,0.17146935637668942,0.17146935637668942,200.0,200.0,0.005,1.6991130724619552e-10,14.348004051657165,9,1.0035375308525829e-14,5.898059818321144e-17,2.353672812205332e-14,0.009186164268158326,0.7524493539768939,1.2422447807219559,0.1507250522103046,3.652695923506144e-10,0.0016521681100130081,not_checked,0.001,not_checked,not_checked,,-0.008488205450344,0.026121712533950226,0.004430025431769513,True
local_b3_n200,527,2035162128,local,3,0.21213203435596426,200,0.0043867281100336,True,ok,0.004671883842387592,0.7147034464280939,0.0070350352849092405,2.013072305286419,1.7694770193533433,0.4434198516829619,0.4170368913106576,0.4128221081530101,0.3928306136776562,0.3928306136776562,200.0,200.0,0.005,2.9256597144922125e-12,12.983859484059122,10,-8.475928292561719e-13,-5.551115123125783e-17,-2.2648549702353193e-14,-0.07215938416569112,0.8101673291212779,1.5589397941146477,0.13164736943810024,6.416200903913705e-12,0.001680291024968028,not_checked,0.001,not_checked,not_checked,,-0.009116531946002997,0.01846029963077818,0.00028515573235399216,True
local_b3_n200,528,2035162129,local,3,0.21213203435596426,200,0.0043867281100336,True,ok,0.0179682598508224,0.6413769842920065,0.014266540529917849,7.928283374423282,5.345625950720074,0.06017699084160917,0.045431422234790284,0.06905769423975007,0.02749772595801934,0.02749772595801934,200.0,200.0,0.005,8.881784197001252e-16,7.797831456095016,11,6.938893903907228e-18,-8.326672684688674e-17,-3.552713678800501e-14,-0.37048971704716127,1.0138977036636205,1.5220121965287816,0.19971155830301504,1.9984014443252818e-15,0.002224499825388193,not_checked,0.001,not_checked,not_checked,,-0.009993645771797562,0.045930165473442364,0.0135815317407888,True
local_b3_n200,529,2035162130,local,3,0.21213203435596426,200,0.0043867281100336,True,ok,0.005295538830938362,0.6977680344723522,0.006236708177229239,1.9828342703273036,2.986033524649949,0.3191133876225978,0.34265602213281154,0.22469378431455417,0.34676506786300887,0.34676506786300887,200.0,200.0,0.005,1.183941833460267e-12,28.294328218607298,10,3.544872728689086e-13,2.1337098754514727e-16,8.570921750106208e-14,0.06769063102402062,0.6633770007852379,1.2270386062684673,0.1071461025867674,3.2180924591784787e-12,0.0017205839976668358,not_checked,0.001,not_checked,not_checked,,-0.006928184578517394,0.01751926224039412,0.0009088107209047624,True
local_b3_n200,530,2035162131,local,3,0.21213203435596426,200,0.0043867281100336,True,ok,0.011380799787960472,0.6631899950468441,0.01105162740766886,4.939200011992177,3.8437489612334796,0.155764967205953,0.1333763396978489,0.14633240762549782,0.10267773751087436,0.10267773751087436,200.0,200.0,0.005,1.3322676295501878e-15,9.702437851598702,11,3.434752482434078e-16,1.3704315460216776e-16,5.684341886080802e-14,-0.19344004840399398,0.9937698143308997,1.4572311719857691,0.18641226772667913,2.6645352591003757e-15,0.0018151667900383472,not_checked,0.001,not_checked,not_checked,,-0.010279991901626255,0.0330415914775472,0.006994071677926872,True
local_b3_n200,531,2035162132,local,3,0.21213203435596426,200,0.0043867281100336,True,ok,0.014133657282418222,0.70951318988253,0.012354183263011784,5.962858248425664,4.646069716325864,0.0957979384346177,0.08465525148081834,0.09797579132116128,0.05920605532169086,0.05920605532169086,200.0,200.0,0.005,9.992007221626409e-16,15.529429635393093,11,9.367506770274758e-17,1.1102230246251565e-16,4.440892098500626e-14,-0.15469766772918758,0.9026092111228029,1.4936515100159136,0.14686333511272118,2.4424906541753444e-15,0.001865709200501442,not_checked,0.001,not_checked,not_checked,,-0.0100800969714924,0.03834741153632884,0.009746929172384622,True
local_b3_n200,532,2035162133,local,3,0.21213203435596426,200,0.0043867281100336,True,ok,0.010610748313457208,0.5448801749174812,0.01112421433547867,4.49314233168719,3.3642436115626975,0.15426757090046633,0.13855297137100825,0.1859789458963813,0.1197738781352928,0.1197738781352928,200.0,200.0,0.005,4.715228207885502e-12,6.169410934990976,9,-1.0349186785330033e-12,-2.706168622523819e-16,-1.1013412404281553e-13,-0.12442150315215361,0.910492286132781,1.3628699182294026,0.2167524931916604,9.160228131577242e-12,0.0016287919133901596,not_checked,0.001,not_checked,not_checked,,-0.011192311140385155,0.032413807767299574,0.006224020203423608,True
local_b3_n200,533,2035162134,local,3,0.21213203435596426,200,0.0043867281100336,True,ok,0.0081268511432806,0.5628039959365103,0.010121810909194845,3.43033888362052,2.4003236639254872,0.24478145528917344,0.22708002950733486,0.3011454730055842,0.19683878635291213,0.19683878635291213,200.0,200.0,0.005,1.1870615601594636e-11,6.941046167187743,9,-2.2468138460851605e-13,-1.1449174941446927e-16,-4.618527782440651e-14,-0.08979921315414008,0.8180084807776504,1.5222177657071283,0.18875175076590367,2.3477886301748185e-11,0.0022718750406056643,not_checked,0.001,not_checked,not_checked,,-0.011711533697065915,0.027965235983627115,0.0037401230332470004,True
local_b3_n200,534,2035162135,local,3,0.21213203435596426,200,0.0043867281100336,True,ok,0.002879500392902301,0.6574574133030346,0.005804674320778688,1.0855728094993888,1.0660343010831603,0.5431078501489713,0.5624726625531573,0.586831736276547,0.5621986180743199,0.5621986180743199,200.0,200.0,0.005,1.63202784619898e-14,22.41067378222806,10,3.825498945397854e-15,1.1275702593849246e-16,4.4853010194856324e-14,0.0331136738307658,0.8401976220021561,1.0551017208957647,0.15297415941089174,4.107825191113079e-14,0.001753958873450756,not_checked,0.001,not_checked,not_checked,,-0.008497452217808427,0.014256453003613029,-0.0015072277171312987,True
local_b3_n200,535,2035162136,local,3,0.21213203435596426,200,0.0043867281100336,True,ok,0.00953243426456285,0.6637682035031665,0.009720496687765874,4.1498857783033944,3.4898963787097164,0.19454251909576292,0.16846317052794935,0.17465403767076756,0.14860152966445897,0.14860152966445897,200.0,200.0,0.005,1.0334222366736867e-10,9.304213910834557,10,-3.6590111149314986e-11,3.122502256758253e-17,1.199040866595169e-14,-0.1684560362391272,1.0426042604239325,1.2888286164424845,0.18142576528015225,2.0110557663599593e-10,0.001762583153322339,not_checked,0.001,not_checked,not_checked,,-0.009519389155299152,0.028584257684424852,0.00514570615452925,True
local_b3_n200,536,2035162137,local,3,0.21213203435596426,200,0.0043867281100336,True,ok,0.006114213918083866,0.5191695117731194,0.006689871021094001,2.318802794734874,3.388525628727289,0.2492718470203713,0.26749917961521175,0.18373462564229112,0.29439208325198013,0.29439208325198013,200.0,200.0,0.005,1.2041478925084448e-12,13.371455940937162,9,1.754325851255345e-14,-1.474514954580286e-16,-5.861977570020827e-14,0.06344138624933615,0.6679547383681186,1.1089448095924592,0.15956569063824957,2.2222224060897133e-12,0.0016036669258028269,not_checked,0.001,not_checked,not_checked,,-0.006997692344478572,0.019226120180646303,0.0017274858080502664,True
local_b3_n200,537,2035162138,local,3,0.21213203435596426,200,0.0043867281100336,True,ok,8.271997942177478e-07,0.728062977418253,8.189190901019923e-05,0.00033124910256500297,0.00044505451493011836,0.9998095166064609,0.9998093040926814,0.9997774974998886,0.9998345737255918,0.9998345737255918,200.0,200.0,0.005,6.3894445290202384e-12,21.13095566673532,8,-2.7942078506328918e-14,1.776058683802817e-17,7.105427357601002e-15,-1.845924389519242e-07,0.6321793708673886,1.1929969388083825,0.0881260905496842,1.6025181182044435e-11,0.001671292120590806,not_checked,0.001,not_checked,not_checked,,-0.0001596779924910039,0.0001613323920794394,-0.004385900910239382,False
local_b3_n200,538,2035162139,local,3,0.21213203435596426,200,0.0043867281100336,True,ok,0.011223323975324995,0.5793400943432294,0.011336313450879185,4.779093965184456,3.6986978873379033,0.13337555204066298,0.1174528049741658,0.15733956989786596,0.10596305375962974,0.10596305375962974,200.0,200.0,0.005,2.6678659281742512e-11,7.144681701024881,9,-4.230064215571261e-12,6.591949208711867e-17,2.7533531010703882e-14,-0.14488218752722926,0.8860925164659281,1.3414748359177957,0.19313315924158572,5.418243631538644e-11,0.0021079580765217543,not_checked,0.001,not_checked,not_checked,,-0.010995442105855183,0.03344209005650517,0.006836595865291395,True
local_b3_n200,539,2035162140,local,3,0.21213203435596426,200,0.0043867281100336,True,ok,0.006032350108590823,0.6734882907666924,0.007239535969956698,2.5994256222175043,2.61106162415851,0.33144878597410177,0.3043993711294444,0.2710286315846619,0.2992517694183788,0.2992517694183788,200.0,200.0,0.005,5.576539230389699e-12,10.394897284923662,10,-1.6842785846571395e-12,-9.194034422677078e-17,-3.730349362740526e-14,-0.09324278939058761,0.9946582239571846,1.1945031291241632,0.16276037779334432,1.13491438469282e-11,0.0023086671717464924,not_checked,0.001,not_checked,not_checked,,-0.008156879657306553,0.0202215798744882,0.001645621998557223,True
local_b3_n200,540,2035162141,local,3,0.21213203435596426,200,0.0043867281100336,True,ok,0.011168003659604242,0.6264233191980557,0.011652552295784567,4.791206499819721,3.3492272082917336,0.14129441336819967,0.12329948365783461,0.18738056857047522,0.10714194531669206,0.10714194531669206,200.0,200.0,0.005,5.1366133568819805e-11,8.654306827996043,10,-1.690565049061732e-11,2.949029909160572e-17,1.3322676295501878e-14,-0.16200251798901188,0.8243848739628323,1.4585903340744004,0.1619283301809892,9.492895358675923e-11,0.002455207984894514,not_checked,0.001,not_checked,not_checked,,-0.011670579168103032,0.034006586487311516,0.006781275549570642,True
local_b3_n200,541,2035162142,local,3,0.21213203435596426,200,0.0043867281100336,True,ok,0.0003071478710763298,0.6006849094315512,0.0017466796719552674,0.1227021420442204,0.12554151735139465,0.9393293642752188,0.9394044877822003,0.9391587430078562,0.9404191731655912,0.9404191731655912,200.0,200.0,0.005,7.294109760636047e-11,12.285199524156836,8,2.3148258483651762e-15,8.456776945386935e-17,3.375077994860476e-14,7.850319315575588e-05,0.8879292963533857,1.084533947793191,0.18243537193024656,1.527487025754226e-10,0.0015198742039501667,not_checked,0.001,not_checked,not_checked,,-0.0031162813784842303,0.00373057712063689,-0.00407958023895727,False
local_b3_n200,542,2035162143,local,3,0.21213203435596426,200,0.0043867281100336,True,ok,0.012699786590655293,0.6066587722811145,0.010293031368587594,5.483189685896954,5.449619334678956,0.11001883568188545,0.09248932776481286,0.06555867948850555,0.07886976602785283,0.07886976602785283,200.0,200.0,0.005,1.0815592865753842e-10,7.328318967171765,9,-3.8248251787997845e-11,6.071532165918825e-17,2.398081733190338e-14,-0.20163752481741826,1.0046683017601603,1.2949667378243475,0.19700457473188349,2.0245205512026132e-10,0.0015772080514580011,not_checked,0.001,not_checked,not_checked,,-0.007474184183517411,0.032873757364828,0.008313058480621693,True
local_b3_n200,543,2035162144,local,3,0.21213203435596426,200,0.0043867281100336,True,ok,0.009949591498899624,0.6273749534061575,0.009917241544175087,4.298189391370707,3.9632305860116928,0.17857463196875478,0.1564769627877558,0.1378463950637564,0.13670659394809437,0.13670659394809437,200.0,200.0,0.005,4.2925774046409515e-11,8.0220614176369,10,-1.4500709660802968e-11,-4.163336342344337e-17,-1.687538997430238e-14,-0.15917639590542887,0.8160594527169023,1.506610702089509,0.15774863021309196,7.892575482060238e-11,0.0017466661520302296,not_checked,0.001,not_checked,not_checked,,-0.00948784475366794,0.029387027751467187,0.005562863388866024,True
local_b3_n200,544,2035162145,local,3,0.21213203435596426,200,0.0043867281100336,True,ok,0.02863708322981018,0.7358261042009278,0.017900104068118792,12.417976676299084,8.277367318209784,0.010192488314233325,0.007113484910452422,0.015943825206356028,0.003255476428068923,0.003255476428068923,200.0,200.0,0.005,6.258327189812007e-13,16.864918894720414,11,-2.2622528850213541e-13,-2.463307335887066e-16,-9.592326932761353e-14,-0.4815716921875062,0.880998377032226,1.5106915629891433,0.1262939933793017,1.3837819778927951e-12,0.0018028330523520708,not_checked,0.001,not_checked,not_checked,,-0.0064464760632215595,0.06372064252284192,0.02425035511977658,True
local_b3_n200,545,2035162146,local,3,0.21213203435596426,200,0.0043867281100336,True,ok,0.007704421859980659,0.6720877315458338,0.009033099017189758,3.3454753138378956,2.5757244515564612,0.27467322947916595,0.24599495765264012,0.27585987932687156,0.21419159259487955,0.21419159259487955,200.0,200.0,0.005,3.311739771305611e-11,9.826959057359854,10,-1.1070599298390604e-11,1.9081958235744878e-17,7.993605777301127e-15,-0.131853284922816,1.0892255330214042,1.2989810064536949,0.2005320805408609,6.611022840274927e-11,0.001704083988443017,not_checked,0.001,not_checked,not_checked,,-0.010000126882495426,0.025408970602456744,0.0033176937499470593,True
local_b3_n200,546,2035162147,local,3,0.21213203435596426,200,0.0043867281100336,True,ok,0.002828857452877198,0.6527622573092586,0.0052415174336205165,1.1340944974488891,1.1470548941168661,0.5662302177452931,0.5655046862355158,0.5635340919043657,0.5679218313607006,0.5679218313607006,200.0,200.0,0.005,7.771561172376096e-16,15.179466085800033,10,3.148523108897905e-16,2.697495005143935e-16,1.0791367799356522e-13,-0.0012757581490049352,0.9533517220070928,1.0374295352098126,0.16906007751420773,1.7763568394002505e-15,0.0017594590317457914,not_checked,0.001,not_checked,not_checked,,-0.007444327941357827,0.013102042847112224,-0.0015578706571564016,True
local_b3_n200,547,2035162148,local,3,0.21213203435596426,200,0.0043867281100336,True,ok,0.011162386279095271,0.5959671533455857,0.011309405544134052,4.723587819093346,3.5649052633661533,0.14097000279360739,0.12610391924055558,0.1682250468043531,0.10726238437428844,0.10726238437428844,200.0,200.0,0.005,5.873512787246682e-11,8.285323632776937,9,-3.4881333932368364e-12,-1.214306433183765e-17,-4.440892098500626e-15,-0.1293166537276189,0.9268774157218815,1.3525522366708411,0.1979789170427223,1.2196954557452955e-10,0.0015509168151766062,not_checked,0.001,not_checked,not_checked,,-0.011003641273965085,0.03332841383215562,0.006775658169061671,True
local_b3_n200,548,2035162149,local,3,0.21213203435596426,200,0.0043867281100336,True,ok,0.0008598261964545273,0.8000501091148338,0.0028769034072250272,0.3555430725970019,0.3481909725130733,0.8567088140133972,0.8522516511543805,0.8402166646839289,0.8420084414702926,0.8420084414702926,200.0,200.0,0.005,6.961098364399732e-14,25.62744579328885,10,3.937822290467352e-16,3.46077333457373e-16,1.3855583347321954e-13,-0.005806297007595496,0.9422222060299326,1.3094110033526405,0.12293299953939023,1.9539925233402755e-13,0.0017526661977171898,not_checked,0.001,not_checked,not_checked,,-0.004778800868707095,0.006498453261616149,-0.0035269019135790725,True
local_b3_n200,549,2035162150,local,3,0.21213203435596426,200,0.0043867281100336,True,ok,0.0026545556129913273,0.6639605506656845,0.0048727904250773614,1.100362254255774,1.1873322768699104,0.6030497161437488,0.5921601095088762,0.5522987648597754,0.5880689226284035,0.5880689226284035,200.0,200.0,0.005,1.5543122344752192e-15,12.731715408695884,10,-2.2724877535296173e-16,-3.903127820947816e-17,-1.4876988529977098e-14,-0.019270004529621576,0.8230515079059828,1.3199718324883414,0.1384590371770801,3.3306690738754696e-15,0.0016707500908523798,not_checked,0.001,not_checked,not_checked,,-0.0068959381243719215,0.012205049350354576,-0.0017321724970422725,True
local_b3_n200,550,2035162151,local,3,0.21213203435596426,200,0.0043867281100336,True,ok,0.002732914409084186,0.7096816028422788,0.005733233486635845,1.1541471089612496,0.836719317130233,0.619797573029577,0.6035537603984367,0.6581254853863079,0.5789246883423362,0.5789246883423362,200.0,200.0,0.005,2.9531932455029164e-14,14.209065378990614,10,-6.432788329790995e-15,-2.1640675362810669e-16,-8.659739592076221e-14,-0.030490672663787577,0.9366646616037957,1.3812641901299476,0.15444957644744542,6.59472476627343e-14,0.0018557910807430744,not_checked,0.001,not_checked,not_checked,,-0.008504016739681071,0.013969845557849444,-0.0016538137009494136,True
local_b3_n200,551,2035162152,local,3,0.21213203435596426,200,0.0043867281100336,True,ok,0.006238420149141666,0.7014146101042051,0.007542612216846722,2.618536101620376,2.7691734123164737,0.29361871994339017,0.2765915744678735,0.2504272784586717,0.28716910238271637,0.28716910238271637,200.0,200.0,0.005,1.738165167353145e-12,14.474579764486009,10,-4.0798180805934336e-13,-1.5265566588595902e-16,-6.128431095930864e-14,-0.06158402098185478,0.8261729110449241,1.225040391010198,0.12504914942299375,3.7985170564525106e-12,0.0022976661566644907,not_checked,0.001,not_checked,not_checked,,-0.008544828145229725,0.021021668443513056,0.001851692039108066,True
local_b3_n200,552,2035162153,local,3,0.21213203435596426,200,0.0043867281100336,True,ok,0.0097643507452283,0.6216565008653989,0.010111037747784329,4.13498492162101,3.5377589104857554,0.18113479170685326,0.1641732183916933,0.17052396153975719,0.14186630924499558,0.14186630924499558,200.0,200.0,0.005,1.8747792207562952e-10,9.291555924423275,9,-2.6787773388381453e-12,-1.9255430583342559e-16,-7.72715225139109e-14,-0.11462231176484483,0.9087171137970589,1.3841321457795424,0.18664015213627339,4.043387846763835e-10,0.0016248328611254692,not_checked,0.001,not_checked,not_checked,,-0.010052919086753966,0.029581620577210567,0.005377622635194701,True
local_b3_n200,553,2035162154,local,3,0.21213203435596426,200,0.0043867281100336,True,ok,5.544415481062437e-05,0.5991049620756737,0.0007153853189576778,0.022167721227359917,0.024670061872299812,0.988877844706396,0.988882801669942,0.9877407337182093,0.9889724235013976,0.9889724235013976,200.0,200.0,0.005,6.789580009325391e-11,12.113977192624626,8,-1.3936063674585553e-16,-1.3614868780986722e-16,-5.440092820663267e-14,4.970348444915257e-06,0.8189262473222672,1.2000713262049534,0.17077085257953564,1.416931016962053e-10,0.0015097090508788824,not_checked,0.001,not_checked,not_checked,,-0.0013466853054151233,0.001457573615036372,-0.004331283955222975,False
local_b3_n200,554,2035162155,local,3,0.21213203435596426,200,0.0043867281100336,True,ok,0.006294702903481442,0.6693700618218448,0.008336716414117578,2.7101956476590323,2.0951818146123724,0.33618611261277165,0.3095302354015651,0.3507817978734629,0.2839546942895283,0.2839546942895283,200.0,200.0,0.005,6.142641950646066e-12,10.242589671466312,10,-1.8518355252017393e-12,-3.183217578417441e-16,-1.2789769243681803e-13,-0.09615724313322782,0.9733298454400954,1.35038222416915,0.17931888073583843,1.2362999513015893e-11,0.0016995419282466173,not_checked,0.001,not_checked,not_checked,,-0.010044961017512916,0.0226343668244758,0.001907974793447842,True
local_b3_n200,555,2035162156,local,3,0.21213203435596426,200,0.0043867281100336,True,ok,0.020963686374325663,0.5992639019060841,0.015439561630539575,9.030046360424791,6.3847780085276415,0.03548026723843349,0.027830758643849086,0.04107362856129974,0.015104882019510527,0.015104882019510527,200.0,200.0,0.005,6.844735889188769e-11,7.7905899021158636,10,-1.1796119636642288e-16,-9.020562075079397e-17,-3.375077994860476e-14,-0.32228590534726287,0.9101338852473958,1.5445531854057846,0.19500252034089208,1.4277312665456066e-10,0.0017209998331964016,not_checked,0.001,not_checked,not_checked,,-0.009297298358618415,0.05122467110726974,0.016576958264292063,True
local_b3_n200,556,2035162157,local,3,0.21213203435596426,200,0.0043867281100336,True,ok,0.01885049317410381,0.6096549990632061,0.014061809338981969,8.133268646801781,6.545094828196137,0.038338896504659575,0.029847498106008834,0.03790973218028535,0.02304978966322613,0.02304978966322613,200.0,200.0,0.005,1.0989409382489157e-10,8.008150990023259,10,-2.1163626406917047e-16,-8.673617379884035e-17,-3.552713678800501e-14,-0.29653568858012846,0.9523002188616344,1.3388066143355815,0.188300233961303,2.328648385230281e-10,0.0017945431172847748,not_checked,0.001,not_checked,not_checked,,-0.008710146687769833,0.04641113303597745,0.014463765064070211,True
local_b3_n200,557,2035162158,local,3,0.21213203435596426,200,0.0043867281100336,True,ok,0.0028591856636952517,0.7011013755281092,0.005475201461850295,1.1023333905596358,1.123296753578382,0.5374380598132544,0.5496023524486788,0.5702682716891931,0.564487447157399,0.564487447157399,200.0,200.0,0.005,2.9976021664879227e-15,23.946125287169856,10,5.204170427930421e-16,-1.8648277366750676e-17,-7.771561172376096e-15,0.02067043745923247,0.7998749033852441,1.0540181110626285,0.12066874860461048,7.771561172376096e-15,0.0018279580399394035,not_checked,0.001,not_checked,not_checked,,-0.007872012009632381,0.013590383337022885,-0.001527542446338348,True
local_b3_n200,558,2035162159,local,3,0.21213203435596426,200,0.0043867281100336,True,ok,0.0031498721671432417,0.5939204202923682,0.005693709897522531,1.3011946327383623,1.1737372553703753,0.5521590875689752,0.5415334065800712,0.5560658104122664,0.5326054177272448,0.5326054177272448,200.0,200.0,0.005,5.342504216798716e-11,9.45503171175769,9,2.0252896582029223e-16,1.8127860323957634e-16,7.216449660063518e-14,-0.020622882940532827,0.9973066594817608,1.1268891856580485,0.21441908707493446,1.1054512860653176e-10,0.001606290927156806,not_checked,0.001,not_checked,not_checked,,-0.00800959417042016,0.014309338504706644,-0.001236855942890358,True
local_b3_n200,559,2035162160,local,3,0.21213203435596426,200,0.0043867281100336,True,ok,0.009681467125237653,0.6639515617473202,0.011645806659168237,4.164191602120253,2.383373563199709,0.2044119898637159,0.18303040166459067,0.3037085417830167,0.14423758761187752,0.14423758761187752,200.0,200.0,0.005,5.4443116681568426e-11,10.299803164030138,10,-1.7680971270417345e-11,0.0,4.440892098500626e-16,-0.14580237601259594,0.7238749885579874,1.7533907543350278,0.13214935443910697,1.0695178076502998e-10,0.0019927911926060915,not_checked,0.001,not_checked,not_checked,,-0.013143894497648821,0.03250682874812413,0.005294739015204053,True
local_b3_n200,560,2035162161,local,3,0.21213203435596426,200,0.0043867281100336,True,ok,0.0031714266341185127,0.6039763257862638,0.005342327143844029,1.2672495431977329,1.3938813346926875,0.5480450454260404,0.5483873006874717,0.49810684969741736,0.5303143543628114,0.5303143543628114,200.0,200.0,0.005,8.497080816738389e-11,12.648457785755834,9,-1.8821749714348357e-16,-1.7477339020466331e-16,-6.972200594645983e-14,0.0006605552248361013,0.9087421173944606,1.2162516376088388,0.19353302987202686,1.7847479050203674e-10,0.0020646241027861834,not_checked,0.001,not_checked,not_checked,,-0.007299342161446516,0.013642195429683542,-0.001215301475915087,True
local_b3_n200,561,2035162162,local,3,0.21213203435596426,200,0.0043867281100336,True,ok,0.005003388937420583,0.6582876400721003,0.006960402840947572,2.1183534522210357,1.9695230383905853,0.4028814544040878,0.38209648587781064,0.37352829564417644,0.36763018157261307,0.36763018157261307,200.0,200.0,0.005,3.923528169025303e-13,10.846430127477968,10,-9.828596270189394e-14,-5.204170427930421e-18,-1.7763568394002505e-15,-0.05849893862640121,0.9754044317641724,1.234318720035891,0.18094565960938408,7.975842208907125e-13,0.0022366249468177557,not_checked,0.001,not_checked,not_checked,,-0.008638749948726931,0.018645527823568098,0.0006166608273869834,True
local_b3_n200,562,2035162163,local,3,0.21213203435596426,200,0.0043867281100336,True,ok,0.012993702218929482,0.6385116201683056,0.011912257430957644,5.68324386777766,4.152513347634275,0.12348897427934499,0.10194406588263627,0.12539874311785779,0.07436718890290375,0.07436718890290375,200.0,200.0,0.005,1.2212453270876722e-15,7.819627681397301,11,-3.209238430557093e-16,-2.498001805406602e-16,-9.947598300641403e-14,-0.24288149010293392,1.012905036699411,1.4697022908859814,0.1981044405090083,2.6645352591003757e-15,0.002328207017853856,not_checked,0.001,not_checked,not_checked,,-0.01035389332031713,0.03634129775817609,0.008606974108895882,True
local_b3_n200,563,2035162164,local,3,0.21213203435596426,200,0.0043867281100336,True,ok,0.005442639089722201,0.6095815864535061,0.007929539079968254,2.2993330623062533,1.7869009736553525,0.3845833716464895,0.3647577140556645,0.4092412322823119,0.3367118301187775,0.3367118301187775,200.0,200.0,0.005,1.0933032257298692e-10,8.61402982049755,9,-5.4616033917653795e-14,1.708702623837155e-16,6.838973831690964e-14,-0.06113871320868647,0.8883446387290852,1.422223978460924,0.1857196208342958,2.3206814248055707e-10,0.002192750107496977,not_checked,0.001,not_checked,not_checked,,-0.01009897192101845,0.020984250100462853,0.0010559109796886013,True
local_b3_n200,564,2035162165,local,3,0.21213203435596426,200,0.0043867281100336,True,ok,0.0050994801170054505,0.7103099289401051,0.007095538299365264,1.9695620742645876,2.1229169742893164,0.31153410309921925,0.3239498652003753,0.34595087729317764,0.36063243555782915,0.36063243555782915,200.0,200.0,0.005,1.624256285026604e-13,25.17721378078912,10,3.024143435670368e-14,-4.98732999343332e-16,-1.9806378759312793e-13,0.03511498626879628,0.6229520830207487,1.159574653058343,0.09196605934936705,4.2876813211023546e-13,0.0017625829204916954,not_checked,0.001,not_checked,not_checked,,-0.00880751940067505,0.01900647963468595,0.0007127520069718507,True
local_b3_n200,565,2035162166,local,3,0.21213203435596426,200,0.0043867281100336,True,ok,0.0028292497107436088,0.7636238328454517,0.006038567215134824,1.1977522302617296,0.8013655636466521,0.599418465716828,0.5820203327416577,0.6698625199054324,0.5678772787471635,0.5678772787471635,200.0,200.0,0.005,1.1246559239452836e-13,18.67171988351965,10,-2.5941054859757173e-14,-6.071532165918825e-17,-2.4424906541753444e-14,-0.033026172982143054,0.7917494914221352,1.5032991331194985,0.10953064288077007,2.7466917629226373e-13,0.001784666208550334,not_checked,0.001,not_checked,not_checked,,-0.009006124549144979,0.014664623970632196,-0.001557478399289991,True
local_b3_n200,566,2035162167,local,3,0.21213203435596426,200,0.0043867281100336,True,ok,0.003171282546886589,0.6669472477200926,0.006049007848434588,1.333260000194124,1.1619332041328239,0.5688341739655904,0.5530499018275233,0.5593574291250404,0.5303296368884859,0.5303296368884859,200.0,200.0,0.005,1.865174681370263e-14,11.784052238744172,10,-4.048844592929868e-15,-6.505213034913027e-17,-2.5757174171303632e-14,-0.03237349071974416,0.7434401312909998,1.626682640196042,0.13746710187193725,3.907985046680551e-14,0.0034723752178251743,not_checked,0.001,not_checked,not_checked,,-0.008684554978245326,0.015027120072018504,-0.0012154455631470107,True
local_b3_n200,567,2035162168,local,3,0.21213203435596426,200,0.0043867281100336,True,ok,0.0029507604321983294,0.6907296289340035,0.00532952076219708,1.1095850012485504,1.300691336223315,0.5171539729126504,0.537947543199434,0.5218653533682677,0.5542429854819111,0.5542429854819111,200.0,200.0,0.005,3.530509218307998e-14,26.131711545361725,10,8.923417560424696e-15,-2.8362728832220796e-16,-1.1324274851176597e-13,0.03535958581539067,0.7913562467191946,1.007281409461368,0.13390821474915116,9.370282327836321e-14,0.00382991717197001,not_checked,0.001,not_checked,not_checked,,-0.007494908316566405,0.013396429180963064,-0.0014359676778352704,True
local_b3_n200,568,2035162169,local,3,0.21213203435596426,200,0.0043867281100336,True,ok,0.0034604358234295862,0.7098453924662587,0.005050450460229192,1.479806881339496,1.8566652560357726,0.5091988928023568,0.48633578961516044,0.3952121269338378,0.5005302889447093,0.5005302889447093,200.0,200.0,0.005,3.11972669919669e-13,13.198980701180707,10,-8.016417391010222e-14,-2.168404344971009e-17,-7.993605777301127e-15,-0.04781627598383076,0.759028973247847,1.3470060855737427,0.11365180955410205,6.887823644774471e-13,0.0017030839808285236,not_checked,0.001,not_checked,not_checked,,-0.006438265184323371,0.013359136831182544,-0.0009262922866040135,True
local_b3_n200,569,2035162170,local,3,0.21213203435596426,200,0.0043867281100336,True,ok,0.0003832911912260428,0.49569074818762204,0.002169538410540667,0.15435083732916532,0.12369313316315722,0.9271665659266561,0.9266941249585352,0.9400271072991648,0.9262063414262434,0.9262063414262434,200.0,200.0,0.005,3.7636560534792807e-13,7.659990107528203,8,-1.718124340716054e-14,1.1080546202801855e-16,4.39648317751562e-14,-0.000517180419374097,0.8063521352744943,1.2718602692452567,0.20683562731828695,6.477041125663163e-13,0.0014582490548491478,not_checked,0.001,not_checked,not_checked,,-0.0038689259565099386,0.004635508338962024,-0.004003436918807557,True
local_b3_n200,570,2035162171,local,3,0.21213203435596426,200,0.0043867281100336,True,ok,0.004913435166244096,0.7430890938146888,0.007738112316331888,2.0906831985520267,1.4429187599431286,0.44804511200666175,0.4259686470345141,0.48604241755446986,0.3743039791381752,0.3743039791381752,200.0,200.0,0.005,2.545297306255634e-12,16.424483598534312,10,-6.740892566359236e-13,1.8561541192951836e-16,7.460698725481052e-14,-0.06265456602719421,0.9450085321452727,1.546815300511605,0.14218229515736572,5.909051026264933e-12,0.0016961670480668545,not_checked,0.001,not_checked,not_checked,,-0.010252986282092218,0.020079856614580407,0.0005267070562104958,True
local_b3_n200,571,2035162172,local,3,0.21213203435596426,200,0.0043867281100336,True,ok,0.007310039285006953,0.6639556464106169,0.009327184805117687,3.123099271531358,2.2828795380366014,0.29960271200958,0.2765907469084581,0.3193588876201951,0.23177044531549015,0.23177044531549015,200.0,200.0,0.005,7.23421322845752e-12,10.630006716074854,10,-2.1130059507656895e-12,-2.255140518769849e-16,-9.015010959956271e-14,-0.09954177876428849,0.8869218598894936,1.5772072284643168,0.1663077567859855,1.4487966382148443e-11,0.002459126291796565,not_checked,0.001,not_checked,not_checked,,-0.010970907010172955,0.02559098558018686,0.002923311174973353,True
local_b3_n200,572,2035162173,local,3,0.21213203435596426,200,0.0043867281100336,True,ok,0.02771604934651739,0.6227571534203182,0.018939485042932757,12.370294912606663,6.80834453566562,0.020499010902599507,0.013655816486539872,0.03323431781395133,0.003913943406727638,0.003913943406727638,200.0,200.0,0.005,1.9654011751413236e-10,6.824665359117495,10,-6.369904603786836e-15,2.1510571102112408e-16,8.348877145181177e-14,-0.6419375869998536,0.872803501385617,1.8191343911008149,0.17787510031946246,4.250320095877669e-10,0.0017697080038487911,not_checked,0.001,not_checked,not_checked,,-0.00940465922336585,0.06483675791640063,0.02332932123648379,True
local_b3_n200,573,2035162174,local,3,0.21213203435596426,200,0.0043867281100336,True,ok,0.006680409700188683,0.7664203733269082,0.006518167178172739,2.985205972425413,3.9889493126904494,0.28761149770736183,0.2500461178764566,0.13608512684924484,0.26287360805993415,0.26287360805993415,200.0,200.0,0.005,8.104628079763643e-15,14.183683669455123,11,-7.138387103644561e-16,-2.8796409701215e-16,-1.1457501614131615e-13,-0.15652104617496998,0.7263230679746645,1.4641536225453442,0.08889649012354053,2.220446049250313e-14,0.0019097919575870037,not_checked,0.001,not_checked,not_checked,,-0.006094963214240958,0.019455782614618326,0.0022936815901550833,True
local_b3_n200,574,2035162175,local,3,0.21213203435596426,200,0.0043867281100336,True,ok,0.01508653730063858,0.6470048075713866,0.01198490509437256,6.081911323164496,6.110261579340725,0.0629273757667753,0.061611269518137085,0.047116558008233375,0.04893279464597264,0.04893279464597264,200.0,200.0,0.005,4.553202259671707e-11,15.38244516230806,10,-2.7170037053547702e-12,-8.673617379884035e-18,-3.552713678800501e-15,-0.023648201454531836,0.8754038872739732,1.290677339922011,0.1666740903769722,9.90836301895115e-11,0.0017494168132543564,not_checked,0.001,not_checked,not_checked,,-0.008403445042462255,0.03857651964373941,0.01069980919060498,True
local_b3_n200,575,2035162176,local,3,0.21213203435596426,200,0.0043867281100336,True,ok,0.0005576027085614221,0.7064751807009118,0.002176598488862673,0.22860859191724076,0.2577701885948259,0.8952198249915427,0.8927510376237326,0.8790749704695597,0.8944730172071842,0.8944730172071842,200.0,200.0,0.005,7.938438795207503e-11,16.604442984102416,9,-8.050295456293877e-12,1.8648277366750676e-17,7.327471962526033e-15,-0.002783754246335951,0.8824877175328595,1.149201358552917,0.1321991229557859,1.852764608401003e-10,0.0020849998109042645,not_checked,0.001,not_checked,not_checked,,-0.0037084519384137232,0.0048236573555365675,-0.0038291254014721776,True
local_b3_n200,576,2035162177,local,3,0.21213203435596426,200,0.0043867281100336,True,ok,0.01561602323847433,0.7421245014038673,0.012098320227406402,7.178584911472653,5.5253986271362505,0.08810085251049166,0.06136779820692598,0.06312115440443428,0.044015886751601674,0.044015886751601674,200.0,200.0,0.005,4.318767565791859e-14,10.707073879812453,11,-2.224262440897462e-14,6.245004513516506e-17,2.4868995751603507e-14,-0.4660878080414603,1.207023008379112,1.3632597706734901,0.16483394689576128,8.926193117986259e-14,0.0018399159889668226,not_checked,0.001,not_checked,not_checked,,-0.008096248680674652,0.039328295157623316,0.01122929512844073,True
local_b3_n200,577,2035162178,local,3,0.21213203435596426,200,0.0043867281100336,True,ok,0.006809926534946609,0.55457249732961,0.008877014936018019,2.8183903183009367,2.3544050680992354,0.2689920895794069,0.257256862228772,0.3081395438850048,0.2561517319916433,0.2561517319916433,200.0,200.0,0.005,7.85338460929097e-12,7.980065255476483,9,-8.994541222939745e-15,-6.938893903907228e-17,-2.7977620220553945e-14,-0.04720985216114659,0.7965735710422635,1.2983423363155189,0.17749673861169965,1.5307088929716883e-11,0.001522375037893653,not_checked,0.001,not_checked,not_checked,,-0.010588703029872842,0.02420855609976606,0.002423198424913009,True
local_b3_n200,578,2035162179,local,3,0.21213203435596426,200,0.0043867281100336,True,ok,0.004797309907102587,0.6361009410816918,0.006568946046655998,1.9257740460883144,2.0709822661978463,0.3904472246720825,0.38914863032969504,0.35505196032703906,0.38309894488850976,0.38309894488850976,200.0,200.0,0.005,3.6637359812630166e-15,14.171116631923512,10,-1.7780915628762273e-16,-1.0234868508263162e-16,-4.1300296516055823e-14,-0.0034250416236397685,0.8451121037457823,1.2127381319743857,0.1648587784678951,7.771561172376096e-15,0.0017675000708550215,not_checked,0.001,not_checked,not_checked,,-0.008077587760729938,0.017672207574935112,0.00041058179706898734,True
local_b3_n200,579,2035162180,local,3,0.21213203435596426,200,0.0043867281100336,True,ok,0.04319490696247619,0.6121753271060519,0.020969119451662778,19.378947510082877,13.922162438951744,0.0013148467786859637,0.0005998777774284341,0.0009480709474039293,0.00017706717236534836,0.00017706717236534836,200.0,200.0,0.005,1.228911417072709e-10,6.892389905367546,10,-6.825512377517384e-13,3.469446951953614e-17,1.4210854715202004e-14,-1.0504923625462013,1.1119454767056862,1.4437113956372933,0.22314100717658658,2.617781547087361e-10,0.001682584173977375,not_checked,0.001,not_checked,not_checked,,0.002096188049698855,0.08429362587525352,0.03880817885244259,True
local_b3_n200,580,2035162181,local,3,0.21213203435596426,200,0.0043867281100336,True,ok,0.022477830354738382,0.6816041682957008,0.01599262555211747,9.969682251820442,6.639097037737607,0.028963320677075542,0.020085777676269657,0.03616915776058734,0.011158362402228051,0.011158362402228051,200.0,200.0,0.005,9.992007221626409e-15,10.089696252489484,11,-4.593547764386585e-15,-1.3877787807814457e-16,-5.684341886080802e-14,-0.48927505496254486,0.942894288998763,1.539169007789266,0.1588757807331269,1.887379141862766e-14,0.0028141660150140524,not_checked,0.001,not_checked,not_checked,,-0.008867139745646853,0.053822800455123616,0.018091102244704782,True
local_b3_n200,581,2035162182,local,3,0.21213203435596426,200,0.0043867281100336,True,ok,0.0017166550251805912,0.6514800714293603,0.0038161445325376082,0.7093723738257209,0.7783906187640046,0.7208321114540317,0.7130839172522658,0.6776019150780341,0.7094033566095903,0.7094033566095903,200.0,200.0,0.005,7.771561172376096e-16,12.201421181937324,10,1.5829351718288365e-16,7.546047120499111e-17,3.019806626980426e-14,-0.011355181876742226,0.9050437286523556,1.2112161761417308,0.15888807498395496,1.7763568394002505e-15,0.0016456670127809048,not_checked,0.001,not_checked,not_checked,,-0.005762850818392561,0.009196160868753744,-0.0026700730848530085,True
local_b3_n200,582,2035162183,local,3,0.21213203435596426,200,0.0043867281100336,True,ok,0.028927996678537404,0.5316489385405607,0.016949534816735445,12.51041087548909,10.208688603702791,0.007493895456012383,0.005051721719800522,0.006070317906724802,0.0030714689830832185,0.0030714689830832185,200.0,200.0,0.005,2.3716584252042594e-12,5.384619647290181,10,-1.3877787807814457e-17,1.1449174941446927e-16,4.618527782440651e-14,-0.4696061020370639,1.0897934340559399,1.2652836531889022,0.2609250146334369,4.462208380573429e-12,0.001739041181281209,not_checked,0.001,not_checked,not_checked,,-0.004292481116971773,0.06214847447404658,0.024541268568503805,True
local_b3_n200,583,2035162184,local,3,0.21213203435596426,200,0.0043867281100336,True,ok,0.008800033382943662,0.7277095613929272,0.010710849062736703,3.9215570311213637,2.33561506967471,0.2540521241842706,0.21872981774609002,0.3110481564692696,0.17204371515408587,0.17204371515408587,200.0,200.0,0.005,6.661338147750939e-16,11.451737819157191,11,1.0581813203458523e-16,0.0,2.220446049250313e-15,-0.2007718389719495,0.8783595030464185,1.733334770338819,0.14078322022801568,1.5543122344752192e-15,0.0018717919010668993,not_checked,0.001,not_checked,not_checked,,-0.01219284502386487,0.029792911789752193,0.004413305272910062,True
local_b3_n200,584,2035162185,local,3,0.21213203435596426,200,0.0043867281100336,True,ok,0.00408345942240218,0.5152387754218346,0.006702445089798953,1.6890978584384881,1.4158627816808913,0.4696706827084228,0.4577492992817057,0.49266226978490213,0.4418910659174097,0.4418910659174097,200.0,200.0,0.005,9.657830091214237e-13,6.588211916296026,9,-1.9255430583342559e-16,2.2724877535296173e-16,9.08162434143378e-14,-0.027857044738808012,0.9602288072044292,1.2100888946655706,0.24157231493184486,1.773470259536225e-12,0.0025659161619842052,not_checked,0.001,not_checked,not_checked,,-0.009053091561961095,0.017220010406765456,-0.00030326868763141945,True
local_b3_n200,585,2035162186,local,3,0.21213203435596426,200,0.0043867281100336,True,ok,0.004199028926049397,0.6764075826950438,0.0061402538749350515,1.6520726542561217,1.9026822224723068,0.43974949197182744,0.4456825373635519,0.3862227083592498,0.4317943761402352,0.4317943761402352,200.0,200.0,0.005,5.88418203051333e-15,19.21712720431785,10,6.47051856539349e-16,7.28583859910259e-17,2.90878432451791e-14,0.01376945808181862,0.8676985315988373,1.191822596809029,0.15792760053015145,1.4210854715202004e-14,0.002244125120341778,not_checked,0.001,not_checked,not_checked,,-0.007835647524755813,0.016233705376854608,-0.00018769918398420238,True
local_b3_n200,586,2035162187,local,3,0.21213203435596426,200,0.0043867281100336,True,ok,0.008395560003467084,0.6704897517082509,0.00960154815192259,3.6530346421633384,2.7068320292667214,0.24769917582405454,0.21929373235398542,0.2583562029586508,0.18653954950457907,0.18653954950457907,200.0,200.0,0.005,5.765654620404348e-11,9.627164670953889,10,-1.9819670210585727e-11,-5.551115123125783e-17,-2.2648549702353193e-14,-0.14740532038825238,1.0574653545924684,1.3544337031441052,0.19550544025958377,1.1391332321863956e-10,0.001755456905812025,not_checked,0.001,not_checked,not_checked,,-0.01042312857012831,0.027214248577062478,0.004008831893433484,True
local_b3_n200,587,2035162188,local,3,0.21213203435596426,200,0.0043867281100336,True,ok,0.001522488513466147,0.7158084511412712,0.004076061773472944,0.5817153735079785,0.6322797803771577,0.7160721639316816,0.7267997122304177,0.7289574690369007,0.73749372248198,0.73749372248198,200.0,200.0,0.005,5.551115123125783e-16,26.381373960572365,10,2.5522119140308774e-16,3.2656169435263394e-16,1.3011813848606835e-13,0.013640015939240135,0.6884087385718259,1.1922772578314302,0.10066246156746679,1.3322676295501878e-15,0.0017719180323183537,not_checked,0.001,not_checked,not_checked,,-0.006466445761301284,0.009511422788233578,-0.0028642395965674528,True
local_b3_n200,588,2035162189,local,3,0.21213203435596426,200,0.0043867281100336,True,ok,0.013882900968449352,0.6132640839318984,0.01285629534778743,6.015668229492861,4.08782119478183,0.10078806633196291,0.08374626095081183,0.12952121389586144,0.062251030242753955,0.062251030242753955,200.0,200.0,0.005,1.2918544012308075e-10,7.4610919778851175,10,-1.5785983631388945e-16,-2.8102520310824275e-16,-1.1191048088221578e-13,-0.23125392105656006,0.9337762214961637,1.4761872544098715,0.19445914582851426,2.7530089319327544e-10,0.001996333012357354,not_checked,0.001,not_checked,not_checked,,-0.011314974887823858,0.039080776824722566,0.009496172858415752,True
local_b3_n200,589,2035162190,local,3,0.21213203435596426,200,0.0043867281100336,True,ok,0.019060031954527767,0.6962225080006128,0.014650942887185842,8.416497156324112,5.772787693167041,0.04888708037671528,0.03601009409664169,0.05577699076129013,0.02210378560230745,0.02210378560230745,200.0,200.0,0.005,1.9984014443252818e-15,11.072621790382312,11,-8.534839501805891e-16,-8.326672684688674e-17,-3.2862601528904634e-14,-0.39624218725650273,1.0286921993397748,1.4764071525558866,0.17327452783434316,3.774758283725532e-15,0.0018262078519910574,not_checked,0.001,not_checked,not_checked,,-0.009655288443909761,0.047775352352965296,0.014673303844494168,True
local_b3_n200,590,2035162191,local,3,0.21213203435596426,200,0.0043867281100336,True,ok,0.0002863085567283985,0.7225940763157963,0.00170930436012019,0.11590794475923683,0.11078936824742128,0.9459954298721596,0.9453607360002707,0.9461116590021869,0.9443468907276463,0.9443468907276463,200.0,200.0,0.005,2.5534019343353975e-12,19.298347287201945,9,-1.5394879381708249e-13,-3.9942008034365983e-16,-1.5987211554602254e-13,-0.0006922610339387125,0.9818385675948428,1.0834251045563446,0.14996951353512802,6.172617972310945e-12,0.001930583966895938,not_checked,0.001,not_checked,not_checked,,-0.0030638664277244567,0.0036364835411812537,-0.004100419553305201,False
local_b3_n200,591,2035162192,local,3,0.21213203435596426,200,0.0043867281100336,True,ok,0.006722343473005266,0.6989917157154542,0.008799258608129313,2.8707987761907328,2.10901377815728,0.29946548054859745,0.2763398084964461,0.3483641671347497,0.26067817079319644,0.26067817079319644,200.0,200.0,0.005,8.398615136684384e-12,12.810545042583524,10,-2.419345106197124e-12,2.949029909160572e-17,1.2878587085651816e-14,-0.09093069349431326,0.8885206460914779,1.3612156739489671,0.14533836616655507,1.793631909663418e-11,0.001760832965373993,not_checked,0.001,not_checked,not_checked,,-0.010523886489582232,0.023968573435592763,0.002335615362971666,True
local_b3_n200,592,2035162193,local,3,0.21213203435596426,200,0.0043867281100336,True,ok,0.0042412921887931,0.6639805561210372,0.0063695638961368045,1.7912957439526485,1.652305150311304,0.468011362153022,0.44858318574148115,0.4377301846706412,0.42815995021514575,0.42815995021514575,200.0,200.0,0.005,1.4155343563970746e-13,11.310974002467235,10,-3.2980562725271056e-14,3.469446951953614e-17,1.3988810110276972e-14,-0.04738943421770425,1.0650383459414516,1.1709448716014765,0.18590170955394014,2.9110047705671604e-13,0.001997248735278845,not_checked,0.001,not_checked,not_checked,,-0.008242823644861662,0.01672540802244786,-0.00014543592124049987,True
local_b3_n200,593,2035162194,local,3,0.21213203435596426,200,0.0043867281100336,True,ok,0.03225580499805769,0.7443736150321274,0.019885399008929924,15.2421839951024,7.790059269826671,0.016068386199077828,0.008234228537271664,0.020342771583954856,0.001578688247908969,0.001578688247908969,200.0,200.0,0.005,1.887379141862766e-15,10.683260748390047,12,-7.494005416219807e-16,-4.787836793695988e-16,-1.9184653865522705e-13,-1.1699309979396615,0.9249511024532631,1.9906664133013274,0.13595331380643647,4.884981308350689e-15,0.002065042033791542,not_checked,0.001,not_checked,not_checked,,-0.006718860877653443,0.07123047087376883,0.02786907688802409,True
local_b3_n200,594,2035162195,local,3,0.21213203435596426,200,0.0043867281100336,True,ok,0.011771657800569546,0.634366786102287,0.011433280733612354,5.1056481064547485,3.795295450918921,0.1343150046337418,0.1136281122618358,0.14992085979854752,0.09495695834381934,0.09495695834381934,200.0,200.0,0.005,1.535952476316993e-10,8.234381633185032,10,-5.511301831573334e-11,5.724587470723463e-17,2.398081733190338e-14,-0.19849249311346506,0.9995813857642897,1.3456371294493403,0.19834535617680832,2.8223356984824477e-10,0.001709250034764409,not_checked,0.001,not_checked,not_checked,,-0.010637160662446354,0.034180476263585446,0.007384929690535946,True
local_b3_n200,595,2035162196,local,3,0.21213203435596426,200,0.0043867281100336,True,ok,0.006992886881646454,0.692281928379008,0.008448249662240335,3.042118407183802,2.5098525307715964,0.2965415659346178,0.26666670540092174,0.285096868957109,0.24694802827664264,0.24694802827664264,200.0,200.0,0.005,3.1517122245361406e-11,10.854816012921173,10,-1.0554281407171295e-11,2.6020852139652106e-17,1.021405182655144e-14,-0.12248182726261025,1.0520867562766623,1.2524364500171234,0.17361707704936322,6.550071596223006e-11,0.002112290821969509,not_checked,0.001,not_checked,not_checked,,-0.009565378188747278,0.023551151952040186,0.0026061587716128543,True
local_b3_n200,596,2035162197,local,3,0.21213203435596426,200,0.0043867281100336,True,ok,0.011636819100807605,0.5965192736478662,0.010597804175418153,5.003197546411622,4.456487801937318,0.1286692212254974,0.110414631759188,0.10771742660748818,0.0975525745493317,0.0975525745493317,200.0,200.0,0.005,5.997569108018297e-11,7.101166320732752,9,-1.4527195418834182e-11,3.191891195797325e-16,1.270095140171179e-13,-0.17423495304428993,1.04707202336111,1.2227792200913448,0.21693942991891768,1.2523604375758168e-10,0.0018767910078167915,not_checked,0.001,not_checked,not_checked,,-0.009134495398220178,0.03240813359983539,0.007250090990774005,True
local_b3_n200,597,2035162198,local,3,0.21213203435596426,200,0.0043867281100336,True,ok,0.013100260482076242,0.562746271596331,0.012871487348639271,5.551445782491401,3.8214216059239856,0.11314635033663972,0.10023040301091884,0.14797516801732594,0.07279907015805556,0.07279907015805556,200.0,200.0,0.005,1.7638557281429712e-11,6.991697498524684,9,-5.4214410738495644e-12,3.2959746043559335e-17,1.3322676295501878e-14,-0.15567079483045188,0.7899197282288746,1.5977879378298794,0.1821179436059719,2.937028398264374e-11,0.0022815829142928123,not_checked,0.001,not_checked,not_checked,,-0.01212739114871968,0.03832791211287216,0.008713532372042643,True
local_b3_n200,598,2035162199,local,3,0.21213203435596426,200,0.0043867281100336,True,ok,0.003789920898364052,0.7147049783129567,0.006386062295959626,1.627310727452031,1.2778726389094537,0.5221193985527299,0.4978170692982745,0.5278535931355866,0.468610109327262,0.468610109327262,200.0,200.0,0.005,7.597256157509946e-13,13.2257559237187,10,-2.048118619146777e-13,-6.938893903907228e-18,-2.886579864025407e-15,-0.05567118405320515,1.0655094190108818,1.2735080007877455,0.1771912029741074,1.6753265441593612e-12,0.0019652501214295626,not_checked,0.001,not_checked,not_checked,,-0.008726531204745983,0.016306373001474087,-0.0005968072116695478,True
local_b3_n200,599,2035162200,local,3,0.21213203435596426,200,0.0043867281100336,True,ok,0.004147529444425091,0.6955007942651852,0.006903787164504564,1.6891125955885389,1.4343234052154052,0.4142440411784599,0.4077679368675394,0.4881357660965757,0.43626479635915494,0.43626479635915494,200.0,200.0,0.005,1.2101430968414206e-14,16.806029417723458,10,-1.2568071583451967e-15,8.239936510889834e-17,3.3084646133829665e-14,-0.015050408909251245,0.7184715965029064,1.1977522863169379,0.11056664386437985,2.7977620220553945e-14,0.001768208108842373,not_checked,0.001,not_checked,not_checked,,-0.009383644754933756,0.01767870364378394,-0.00023919866560850878,True
