cell,replicate,seed,regime,b,beta,n,population_gap,valid,status,gap,I1,se,score,wald,p_gap,p_score,p_wald,naive_p,kish_p,ess,a2,max_weight,moment_error,condition,iterations,gap_kl_error,gap_score_error,lr_identity_error,score_discrepancy,eig_min,eig_max,min_sampling_eigenvalue,dual_entropy_discrepancy,fit_seconds,refinement_status,refinement_tolerance,refined_full_status,refined_reduced_status,scaled_refinement,lower,upper,error,covered
local_b3_n800,0,2035211601,local,3,0.10606601717798213,800,0.0011454548711420376,True,ok,0.0010896422022088625,0.6921413416780653,0.001687436908587676,1.8066821456354267,1.5968264265984233,0.4467737657808236,0.43390810064549856,0.45004251932199535,0.4182341809750094,0.4182341809750092,800.0000000000005,800.0000000000005,0.00125,1.2212453270876722e-15,14.520977469111555,10,5.767955557622884e-17,-6.179952383167375e-17,-9.969802761133906e-14,-0.031627311050622886,1.0331784669322648,1.1320283433683709,0.1721516577537989,2.6645352591003757e-15,0.0015252497978508472,ok,0.001,ok,ok,5.329070518200751e-13,-0.00221767336480659,0.004396957769224315,-5.581266893317505e-05,True
local_b3_n800,1,2035211602,local,3,0.10606601717798213,800,0.0011454548711420376,True,ok,0.0006419579136023312,0.6266751170416889,0.0012498274325702778,1.0447265983719531,1.0365563797597246,0.6065735757827622,0.6014016966867017,0.5955450812390811,0.5983578271158583,0.5983578271158582,800.0000000000005,800.0000000000005,0.00125,2.782962749137141e-11,12.067067753065745,9,-2.3633120200400315e-12,-1.5482407023093003e-16,-2.48245868306185e-13,-0.008796968304111252,1.0068982303114633,1.0479656525783339,0.18805508086771797,5.815659065433465e-11,0.0014125409070402384,ok,0.001,ok,ok,3.552713678800501e-13,-0.001807658841125576,0.0030915746683302385,-0.0005034969575397064,True
local_b3_n800,2,2035211603,local,3,0.10606601717798213,800,0.0011454548711420376,True,ok,0.0051712545973285895,0.6074448649629247,0.003538035981553968,8.721277631236031,8.068532310778325,0.02275255522896786,0.018552990549607226,0.017698663417500798,0.015970633045657268,0.015970633045657233,800.0000000000005,800.0000000000005,0.00125,9.943945666890386e-11,8.652500181529467,9,-3.217304894720385e-14,7.45931094670027e-17,1.2079226507921703e-13,-0.22363513775514132,1.0406444256780052,1.1442728699389277,0.20487677289082276,2.1004087358278412e-10,0.0013484577648341656,ok,0.001,ok,ok,8.881784197001252e-13,-0.0017631685025240066,0.012105677697181186,0.004025799726186552,True
local_b3_n800,3,2035211604,local,3,0.10606601717798213,800,0.0011454548711420376,True,ok,0.002137142099936984,0.5974593444076883,0.00235024975872613,3.528825883731115,3.2202003252325,0.20200018094774025,0.1919814037530458,0.1998675938114205,0.1809175855343037,0.1809175855343035,800.0000000000005,800.0000000000005,0.00125,6.294109677895676e-11,9.61213471435753,9,-3.126839065448195e-16,-3.5475095083725705e-16,-5.693223670277803e-13,-0.05469926191596941,0.9424973983134116,1.1983610094528778,0.20229430006142246,1.309976571661764e-10,0.0013946669641882181,ok,0.001,ok,ok,1.7763568394002505e-13,-0.0024692627818401827,0.0067435469817141505,0.0009916872287949463,True
local_b3_n800,4,2035211605,local,3,0.10606601717798213,800,0.0011454548711420376,True,ok,8.600476425901782e-05,0.6262297448040357,0.00044887259734338613,0.13788976777248504,0.14648180806502867,0.9335977209677282,0.9334662142029503,0.9293769124096221,0.9335098060892058,0.9335098060892058,800.0000000000005,800.0000000000005,0.00125,2.4424906541753444e-15,13.312268152798895,9,-1.1644331332494318e-16,-8.567907668066699e-17,-1.3722356584366935e-13,-0.00014107247902822584,0.9412885228342903,1.065147797954697,0.18796049841999352,5.329070518200751e-15,0.0013403338380157948,ok,0.001,ok,ok,3.552713678800501e-13,-0.0007937693601809685,0.0009657788886990042,-0.0010594501068830198,False
local_b3_n800,5,2035211606,local,3,0.10606601717798213,800,0.0011454548711420376,True,ok,0.005554783325221857,0.6060994295636224,0.003809850484281206,9.284558204760495,8.043576437368914,0.01833140622184825,0.015358750862309149,0.01792088979938636,0.01175088572740204,0.011750885727402002,800.0000000000005,800.0000000000005,0.00125,9.358802621761697e-11,9.281055942135062,9,-1.9099305470504646e-14,-3.469446951953614e-16,-5.524469770534779e-13,-0.19845244220275937,1.0005255923774847,1.211763363720468,0.21186663968083644,1.9720980404258626e-10,0.0013432500418275595,ok,0.001,ok,ok,7.105427357601002e-13,-0.00191238641045179,0.013021953060895503,0.0044093284540798194,True
local_b3_n800,6,2035211607,local,3,0.10606601717798213,800,0.0011454548711420376,True,ok,0.009681074013484059,0.627097895478772,0.005120638982407108,16.318278539441938,13.003915109364952,0.0011907943460633076,0.0008372258941354117,0.0015004990072715943,0.0004329625987179745,0.0004329625987179727,800.0000000000005,800.0000000000005,0.00125,7.213341035594567e-12,9.918115660932209,10,-1.942810495814129e-12,-3.7643499428696714e-16,-6.039613253960852e-13,-0.4142800589337172,0.9991719836322268,1.2651007143400128,0.19597109039697402,1.3751666472217039e-11,0.0014653739053755999,ok,0.001,ok,ok,0.0,-0.0003551939698657053,0.019717341996833823,0.008535619142342021,True
local_b3_n800,7,2035211608,local,3,0.10606601717798213,800,0.0011454548711420376,True,ok,0.0007692202353881683,0.6240526860036046,0.0013979218830278222,1.2604622286426344,1.1870208434293334,0.5526469592332417,0.5447975845338979,0.5523847737083926,0.5404375507746207,0.5404375507746204,800.0000000000005,800.0000000000005,0.00125,1.0375733605627602e-10,11.397039138480299,9,-1.0762513493259296e-11,-1.3845261742639892e-16,-2.233768725545815e-13,-0.014854926010782199,0.9670667214619271,1.1118242778835734,0.1899620399823054,2.138658139472227e-10,0.0013347500935196877,ok,0.001,ok,ok,1.7763568394002505e-13,-0.0019706563085467774,0.003509096779323114,-0.0003762346357538693,True
local_b3_n800,8,2035211609,local,3,0.10606601717798213,800,0.0011454548711420376,True,ok,0.004788686878210546,0.613805352077587,0.0035688730641980464,7.983950716750673,6.802573711521764,0.030424732204813124,0.02629830082757177,0.03333035099679871,0.021689012077159286,0.021689012077159234,800.0000000000005,800.0000000000005,0.00125,1.3238743434840217e-10,9.769990475601439,9,-6.6986347024844406e-15,-9.107298248878237e-17,-1.438849039914203e-13,-0.16102585580689732,0.9961078745693024,1.1911895737253555,0.20443570907083605,2.82268430851218e-10,0.001334124943241477,ok,0.001,ok,ok,3.552713678800501e-13,-0.0022061757930127287,0.011783549549433822,0.0036432320070685087,True
local_b3_n800,9,2035211610,local,3,0.10606601717798213,800,0.0011454548711420376,True,ok,0.0005592320904748149,0.6324625650339364,0.0012164939458548594,0.9128522959718994,0.8303197243946666,0.6501799089285734,0.6445520176836312,0.6602347256940744,0.6392973014114613,0.6392973014114611,800.0000000000005,800.0000000000005,0.00125,2.8933855311663592e-11,12.136279943858243,9,-2.5581418493930697e-12,-1.1069704181077e-16,-1.7763568394002505e-13,-0.009040475606097498,0.9606381132218085,1.1227341481431694,0.1927818562191339,6.080025372057207e-11,0.001330873928964138,ok,0.001,ok,ok,1.7763568394002505e-13,-0.001825052230811728,0.002943516411761358,-0.0005862227806672227,True
local_b3_n800,10,2035211611,local,3,0.10606601717798213,800,0.0011454548711420376,True,ok,0.0025560040250647287,0.5888836276354872,0.002630258300244803,4.1445294681922205,3.6933491253689548,0.1377525806231884,0.13415608366385512,0.1577609190246173,0.12940565190957182,0.12940565190957165,800.0000000000005,800.0000000000005,0.00125,4.2183034842935285e-11,10.646315604121959,9,8.326672684688674e-17,8.500145032286355e-17,1.3500311979441904e-13,-0.027461514044325952,0.9163462990953092,1.146793264599467,0.1918944504724147,8.662737194242709e-11,0.0013478337787091732,not_checked,0.001,not_checked,not_checked,,-0.002599207513452625,0.0077112155635820825,0.001410549153922691,True
local_b3_n800,11,2035211612,local,3,0.10606601717798213,800,0.0011454548711420376,True,ok,0.001234959229474697,0.6107441654308059,0.0018127980320594597,2.032742784434024,1.7939632733521973,0.39566828255842756,0.3852735341726957,0.40779868858487467,0.37233273201596523,0.372332732015965,800.0000000000005,800.0000000000005,0.00125,1.1543810352065975e-10,10.415108939453619,9,-6.678685382510707e-17,-8.500145032286355e-17,-1.3700152123874432e-13,-0.028404008637253786,0.9894769582084584,1.1446769118248412,0.20516528578374033,2.4496227268855364e-10,0.0013417499139904976,not_checked,0.001,not_checked,not_checked,,-0.0023180596246069303,0.004787978083556324,8.950435833265935e-05,True
local_b3_n800,12,2035211613,local,3,0.10606601717798213,800,0.0011454548711420376,True,ok,0.0007322980701456316,0.6361929163606257,0.0013254320745026925,1.1717566346575685,1.223060270172074,0.5581872416130502,0.558165105092566,0.5425201045987266,0.5566389487652004,0.5566389487652,800.0000000000005,800.0000000000005,0.00125,1.1020073742429304e-11,14.140265538917218,9,-2.1788343698703194e-14,-6.136584296267955e-17,-9.880984919163893e-14,-3.98612122786135e-05,0.9569519655095603,1.054243812573725,0.18799035743619097,2.4287682975909775e-11,0.0013280001003295183,not_checked,0.001,not_checked,not_checked,,-0.0018655010598338552,0.0033300972001251185,-0.00041315680099640595,True
local_b3_n800,13,2035211614,local,3,0.10606601717798213,800,0.0011454548711420376,True,ok,0.000619604862775347,0.6061119140867111,0.0012521806354200656,0.9712665405481298,1.0085761690961528,0.5972999836151069,0.6035661695265959,0.6039353733432453,0.6091541702316875,0.6091541702316874,800.0000000000005,800.0000000000005,0.00125,9.364575781489748e-11,14.3023827257193,8,2.753750461166604e-12,2.7311052724909857e-16,4.363176486776865e-13,0.01005061994621298,0.8702693842442244,1.0604281414950743,0.17225248263117593,1.9732793177240637e-10,0.0012249157298356295,not_checked,0.001,not_checked,not_checked,,-0.0018346240847864617,0.0030738338103371557,-0.0005258500083666906,True
local_b3_n800,14,2035211615,local,3,0.10606601717798213,800,0.0011454548711420376,True,ok,0.0028485985626156562,0.5745460571390659,0.0028598209844864593,4.699739211042564,3.7908141634488195,0.1210639206739704,0.113449970587397,0.15025715565271067,0.10239894695291717,0.10239894695291706,800.0000000000005,800.0000000000005,0.00125,2.1226242985505905e-11,8.760682929431974,9,6.678685382510707e-17,-3.903127820947816e-18,-7.105427357601002e-15,-0.07099075542875566,0.9152473236219929,1.2418214704643495,0.20148021728274929,4.2648107267950763e-11,0.0013367501087486744,not_checked,0.001,not_checked,not_checked,,-0.0027565475692096844,0.008453744694440997,0.0017031436914736187,True
local_b3_n800,15,2035211616,local,3,0.10606601717798213,800,0.0011454548711420376,True,ok,0.00036994384949240455,0.6545825979119069,0.0009831203009661382,0.5996775993521705,0.5630028184614371,0.7477822459300212,0.7449377551989069,0.7546498521987792,0.743820840003915,0.743820840003915,800.0000000000005,800.0000000000005,0.00125,3.793410030539235e-12,13.999556305045708,9,-2.4996129298349157e-13,3.65376132127615e-17,5.839773109528323e-14,-0.0038837200821614237,0.9198405954946242,1.1255747031428307,0.15930820073622548,8.372635917908156e-12,0.0015492497477680445,not_checked,0.001,not_checked,not_checked,,-0.0015569365328714049,0.002296824231856214,-0.000775511021649633,True
local_b3_n800,16,2035211617,local,3,0.10606601717798213,800,0.0011454548711420376,True,ok,3.080804638444512e-05,0.6343228216646162,0.00027624815323561424,0.04936516285501016,0.04974271251173851,0.9765130227447723,0.9764789878718487,0.9754353876177556,0.9756548063891897,0.9756548063891897,800.0000000000005,800.0000000000005,0.00125,5.551115123125783e-16,13.826812329055711,9,6.953801683778904e-17,7.681572392059799e-17,1.2279066652354231e-13,-3.614431994896847e-05,0.9740330690319893,1.1039733254901087,0.19415416799816299,4.440892098500626e-16,0.0013188328593969345,not_checked,0.001,not_checked,not_checked,,-0.0005106283847530607,0.000572244477521951,-0.0011146468247575925,False
local_b3_n800,17,2035211618,local,3,0.10606601717798213,800,0.0011454548711420376,True,ok,0.005402854531794343,0.625962579441282,0.003778388770803666,9.010819161188074,7.667284289409611,0.02191386529903619,0.01869033930933362,0.021630689884978082,0.013269546242795905,0.013269546242795863,800.0000000000005,800.0000000000005,0.00125,8.859579736508749e-14,10.36943002668933,10,-1.8870321971675708e-14,-1.0234868508263162e-16,-1.6342482922482304e-13,-0.18312595515855978,0.9724684109242014,1.2718503589532304,0.1970283132926777,1.7386092565629951e-13,0.0014050421305000782,not_checked,0.001,not_checked,not_checked,,-0.0020026513785714063,0.012808360442160093,0.004257399660652306,True
local_b3_n800,18,2035211619,local,3,0.10606601717798213,800,0.0011454548711420376,True,ok,0.0008730970467718535,0.5372046249777773,0.0014823254705722227,1.4219467086160245,1.3650573723206425,0.506404786038257,0.5002784592600997,0.5053375353428087,0.49734186240907896,0.4973418624090786,800.0000000000005,800.0000000000005,0.00125,4.013012144810091e-11,8.236170901550926,8,-3.651198701021263e-12,1.5872719805187785e-16,2.533528942194607e-13,-0.012495716890528974,1.002356054216296,1.0511068604809262,0.2382138525985747,7.251110822892315e-11,0.0011933341156691313,not_checked,0.001,not_checked,not_checked,,-0.0020322074889160906,0.0037784015824597976,-0.0002723578243701841,True
local_b3_n800,19,2035211620,local,3,0.10606601717798213,800,0.0011454548711420376,True,ok,0.0032821981572059844,0.6007486785542446,0.002847924643299616,5.461735667648628,5.099949632540232,0.08557960453208233,0.07756091416810137,0.07808363241349929,0.07238483044639563,0.07238483044639552,800.0000000000005,800.0000000000005,0.00125,7.329392648358635e-11,9.24123398781641,9,-7.2121128513735755e-16,-8.847089727481716e-17,-1.3944401189291966e-13,-0.10510930805952512,1.0476948073013348,1.0884481495245866,0.20861931933270692,1.5321055535366668e-10,0.0013042502105236053,not_checked,0.001,not_checked,not_checked,,-0.0022996315743453438,0.008864027888757313,0.002136743286063947,True
local_b3_n800,20,2035211621,local,3,0.10606601717798213,800,0.0011454548711420376,True,ok,0.006940495152554682,0.5721500381528888,0.004208281723944269,11.689054911446892,10.177214782742166,0.007475375397236155,0.005803382408681711,0.006166601572878683,0.0038781535722980593,0.0038781535722980454,800.0000000000005,800.0000000000005,0.00125,1.8884560581966525e-11,7.4123667302446075,9,-8.268212503548256e-14,1.951563910473908e-16,3.090860900556436e-13,-0.2921313336796967,0.9891459264706628,1.2560319109985654,0.22157303067216125,3.780442625611613e-11,0.0015692089218646288,not_checked,0.001,not_checked,not_checked,,-0.0013075854631742143,0.015188575768283578,0.0057950402814126445,True
local_b3_n800,21,2035211622,local,3,0.10606601717798213,800,0.0011454548711420376,True,ok,0.002434122418326412,0.6034020581555921,0.0025264237801845926,4.003164001915556,3.5755699755465344,0.16255955652995402,0.1545541390121531,0.16733039836340471,0.1426590252747592,0.14265902527475907,800.0000000000005,800.0000000000005,0.00125,8.268263851363145e-11,10.185558427319762,9,-2.5457067009959644e-16,-2.255140518769849e-16,-3.5793590313915047e-13,-0.05428406629664706,0.9885962890234798,1.1557548633674868,0.2087775933357268,1.7370593852206184e-10,0.0014540827833116055,not_checked,0.001,not_checked,not_checked,,-0.002517577200520928,0.007385822037173752,0.0012886675471843745,True
local_b3_n800,22,2035211623,local,3,0.10606601717798213,800,0.0011454548711420376,True,ok,0.0006552092433671497,0.6254176944700911,0.0013245477754331818,1.0710042697356905,0.9544763456831259,0.6075406293370209,0.6010336841118962,0.6204947267006211,0.5920481016014985,0.5920481016014981,800.0000000000005,800.0000000000005,0.00125,5.0738968582209054e-11,11.655858318198089,9,-4.811785518643585e-12,1.8691645453650096e-16,2.993161274389422e-13,-0.011334740174125169,0.9733823870020597,1.1349407620120235,0.19145058610779922,1.0532485994474428e-10,0.001312833046540618,not_checked,0.001,not_checked,not_checked,,-0.0019408566922845339,0.0032512751790188333,-0.0004902456277748879,True
local_b3_n800,23,2035211624,local,3,0.10606601717798213,800,0.0011454548711420376,True,ok,0.002559723768637223,0.6151112997441937,0.0026357293106693954,4.254731947051779,3.5661786542413783,0.15736893423152237,0.14649220442850241,0.16811797277495072,0.12902113963459846,0.1290211396345983,800.0000000000005,800.0000000000005,0.00125,1.4032008888165137e-10,9.934355753737433,9,-1.3227266504323154e-16,-2.5587171270657905e-17,-3.9968028886505635e-14,-0.07958695861610954,1.0140196379694928,1.2013838954378924,0.2105840365759752,2.9978131088626014e-10,0.0013214172795414925,not_checked,0.001,not_checked,not_checked,,-0.0026062107532713753,0.007725658290545822,0.0014142688974951856,True
local_b3_n800,24,2035211625,local,3,0.10606601717798213,800,0.0011454548711420376,True,ok,0.010907820142807667,0.6153043418299575,0.005256064235789847,18.73350924982828,15.706214710202078,0.000508284115424648,0.0002920273526759294,0.0003885427501939986,0.0001622688363930516,0.00016226883639305076,800.0000000000005,800.0000000000005,0.00125,1.4156287253541677e-10,8.041616663317749,9,-1.2733640530893098e-11,-2.0816681711721685e-16,-3.268496584496461e-13,-0.6404985106680012,1.0924010037199952,1.2014767243280222,0.22662247266466065,3.024582806432363e-10,0.001315416768193245,not_checked,0.001,not_checked,not_checked,,0.0006061235402305236,0.02120951674538481,0.00976236527166563,True
local_b3_n800,25,2035211626,local,3,0.10606601717798213,800,0.0011454548711420376,True,ok,0.002692314188742717,0.676893068395003,0.002626740719232258,4.516774953217677,3.964723440051279,0.1456622861444421,0.13269600775711626,0.1377435411811337,0.11603639918785075,0.1160363991878506,800.0000000000005,800.0000000000005,0.00125,7.216449660063518e-15,12.556531459337682,10,-1.4454583363576745e-15,-1.0842021724855044e-17,-1.9539925233402755e-14,-0.10453612561466352,1.0335858087165544,1.2027073766412795,0.18544981969163016,1.554312234475219e-14,0.0015420408453792334,not_checked,0.001,not_checked,not_checked,,-0.0024560030176773474,0.007840631395162782,0.0015468593176006795,True
local_b3_n800,26,2035211627,local,3,0.10606601717798213,800,0.0011454548711420376,True,ok,0.00014274094812072313,0.5947750045265277,0.0006240070333968285,0.2268920003989592,0.21094622878370087,0.8912219034596842,0.891893182770215,0.8998986668444778,0.8920859821555033,0.8920859821555032,800.0000000000005,800.0000000000005,0.00125,5.56027446307894e-11,12.437891728031252,8,1.2768920035904907e-15,4.347650711666873e-17,6.994405055138486e-14,0.0007467582970989706,0.9078977476876233,1.0825039113723962,0.19009378044827763,1.1518452858183537e-10,0.001316209090873599,not_checked,0.001,not_checked,not_checked,,-0.0010802903634367434,0.0013657722596781897,-0.0010027139230213145,True
local_b3_n800,27,2035211628,local,3,0.10606601717798213,800,0.0011454548711420376,True,ok,0.0013207280068221472,0.6099717743988533,0.0018376172013394153,2.157043852836628,2.016609946231079,0.3622954632686285,0.3547390237282666,0.36483686405119226,0.34764188141718294,0.3476418814171827,800.0000000000005,800.0000000000005,0.00125,1.1146628065006325e-10,10.96898796826891,9,-8.673617379884035e-18,-1.5243882545146192e-16,-2.433608869978343e-13,-0.021939520960595482,1.0109835856974754,1.0707695559029609,0.20130760493052854,2.3632340528934037e-10,0.0013948751147836447,not_checked,0.001,not_checked,not_checked,,-0.002280935525174396,0.004922391538818691,0.0001752731356801096,True
local_b3_n800,28,2035211629,local,3,0.10606601717798213,800,0.0011454548711420376,True,ok,0.0046591321885138814,0.6175509029984256,0.003544533026620767,7.698303682023764,6.610588241656202,0.031700420210903815,0.028343242279173404,0.036688419421025444,0.024057565675202904,0.024057565675202848,800.0000000000005,800.0000000000005,0.00125,1.564264273667959e-10,10.631703390191914,9,-2.643718577388654e-15,-6.019490461639521e-16,-9.610090501155355e-13,-0.12184609020077453,0.9746360282701492,1.1782108431383516,0.19406772527750915,3.353115562987341e-10,0.001318708062171936,not_checked,0.001,not_checked,not_checked,,-0.002288024885675575,0.011606289262703337,0.003513677317371844,True
local_b3_n800,29,2035211630,local,3,0.10606601717798213,800,0.0011454548711420376,True,ok,0.0017352913256778457,0.6127447276977731,0.002154703583931136,2.8689946537718036,2.488529876168342,0.27756016087346536,0.26597811628817325,0.2881526403349527,0.24951579466036902,0.2495157946603688,800.0000000000005,800.0000000000005,0.00125,1.262133730861592e-10,10.190853743221588,9,3.621235256101585e-17,-4.358492733391728e-17,-7.016609515630989e-14,-0.04626426634362435,0.9975542967183337,1.171146017695778,0.2082276088827782,2.6876856296098595e-10,0.001334749860689044,not_checked,0.001,not_checked,not_checked,,-0.0024878500961865585,0.00595843274754225,0.0005898364545358081,True
local_b3_n800,30,2035211631,local,3,0.10606601717798213,800,0.0011454548711420376,True,ok,0.002980724752655428,0.6016347918049529,0.0027115244923254633,4.763328264616701,4.8558763410181935,0.09336329636089252,0.0936336518821465,0.08821853677723956,0.09212768330391381,0.09212768330391367,800.0000000000005,800.0000000000005,0.00125,7.627964926371078e-11,12.529439561864836,9,6.245004513516506e-17,6.375108774214766e-17,9.947598300641403e-14,0.00291566981599356,0.937265392318285,1.0731125564057693,0.192050150663525,1.597821874810279e-10,0.0014424168039113283,not_checked,0.001,not_checked,not_checked,,-0.0023337655955007345,0.00829521510081159,0.0018352698815133905,True
local_b3_n800,31,2035211632,local,3,0.10606601717798213,800,0.0011454548711420376,True,ok,0.0030317580274736855,0.6056458937341787,0.00275695584144634,4.76441307686234,4.867366190051493,0.080463544936162,0.08415363228287479,0.08771318094793458,0.08844216689621859,0.08844216689621849,800.0000000000005,800.0000000000005,0.00125,9.166700731810806e-11,14.312179326408494,9,1.1102230246251565e-16,1.0928757898653885e-16,1.723066134218243e-13,0.043199883547779816,0.9239703869456057,1.0005953042732754,0.18103224727807818,1.9305446130601922e-10,0.0016607909929007292,not_checked,0.001,not_checked,not_checked,,-0.00237177612872846,0.008435292183675832,0.001886303156331648,True
local_b3_n800,32,2035211633,local,3,0.10606601717798213,800,0.0011454548711420376,True,ok,0.002333052197044161,0.6454996330393421,0.002410787680803928,3.849740932113847,3.5990547495505716,0.17495622963176471,0.16566772359278453,0.16537703111047286,0.15467304800295217,0.15467304800295203,800.0000000000005,800.0000000000005,0.00125,9.71445146547012e-16,12.036926675616483,10,-9.454242944073599e-17,-1.6479873021779667e-17,-2.7977620220553945e-14,-0.058428708421593756,1.040519633441785,1.100963016464163,0.19434188736712277,4.440892098500626e-16,0.0014516250230371952,not_checked,0.001,not_checked,not_checked,,-0.002392004831704382,0.007058109225792704,0.0011875973259021233,True
local_b3_n800,33,2035211634,local,3,0.10606601717798213,800,0.0011454548711420376,True,ok,0.00018646208934813835,0.6713522790816644,0.0006773652522974362,0.2996426900275911,0.3018877550929843,0.863249329989416,0.862694948559982,0.8598959567758666,0.8614229435942956,0.8614229435942955,800.0000000000005,800.0000000000005,0.00125,1.0491607582707729e-13,15.946058046861463,9,-3.223387268908029e-15,-1.7379760824942636e-16,-2.788880237858393e-13,-0.0006516735352847802,0.9923388906499164,1.0369204179052867,0.16886601222291645,2.4091839634365897e-13,0.001319583971053362,not_checked,0.001,not_checked,not_checked,,-0.0011411494095337237,0.0015140735882300004,-0.0009589927817938992,True
local_b3_n800,34,2035211635,local,3,0.10606601717798213,800,0.0011454548711420376,True,ok,0.0022735544047784995,0.6208447019651517,0.002420519231752386,3.7124776709528824,3.4397243459622935,0.17453600537500746,0.16839039305889886,0.17909082976571153,0.162213238246338,0.1622132382463378,800.0000000000005,800.0000000000005,0.00125,1.8090529074754613e-10,11.58266294311704,9,3.165870343657673e-17,-7.37257477290143e-18,-1.3322676295501878e-14,-0.03739531165364052,0.9875087866038759,1.0967427986239875,0.19420980493647289,3.896960532046023e-10,0.0013066667597740889,not_checked,0.001,not_checked,not_checked,,-0.0024705761133427375,0.007017684922899736,0.0011280995336364619,True
local_b3_n800,35,2035211636,local,3,0.10606601717798213,800,0.0011454548711420376,True,ok,0.006162063140667806,0.6747714367361213,0.004096871494915663,10.631064557916885,8.147240549334642,0.01601654791294778,0.011648494503389267,0.017015675447004837,0.007229029295073892,0.00722902929507387,800.0000000000005,800.0000000000005,0.00125,6.814659947451673e-12,10.406584814024392,10,-2.078042599107377e-12,7.979727989493313e-17,1.2612133559741778e-13,-0.3858817664241947,1.0384167944667178,1.3275406526148619,0.18878940658502558,1.3853140856667778e-11,0.001490625087171793,not_checked,0.001,not_checked,not_checked,,-0.0018676574386556656,0.014191783719991278,0.0050166082695257685,True
local_b3_n800,36,2035211637,local,3,0.10606601717798213,800,0.0011454548711420376,True,ok,0.0009953010293239917,0.5898180650548706,0.0016243869822618203,1.6267694784220448,1.4685091037227214,0.47078914151561,0.4632282674862626,0.4798630386887618,0.4510212498257393,0.4510212498257391,800.0000000000005,800.0000000000005,0.00125,1.2820011718872593e-10,9.989507627549784,8,-1.332751747504246e-11,-9.540979117872439e-17,-1.5276668818842154e-13,-0.01714391575182861,0.9565403088069883,1.1636559765713843,0.2093942193604234,2.499438434000467e-10,0.001406958093866706,not_checked,0.001,not_checked,not_checked,,-0.00218843895286488,0.004179041011512863,-0.00015015384181804592,True
local_b3_n800,37,2035211638,local,3,0.10606601717798213,800,0.0011454548711420376,True,ok,0.0001186191779640744,0.6919448548228997,0.0005399275573123984,0.19057361634911732,0.19229685736116026,0.908252692874173,0.9078922055672829,0.90832918396017,0.9094681122636479,0.9094681122636479,800.0000000000005,800.0000000000005,0.00125,2.4313884239290928e-14,17.52171781537414,9,-7.375149753061083e-16,-9.882502802205373e-17,-1.580957587066223e-13,-0.00039146580329908753,0.9730460962883759,0.9993275062166167,0.15098657290356945,5.773159728050814e-14,0.001396375009790063,not_checked,0.001,not_checked,not_checked,,-0.0009396193886289125,0.0011768577445570613,-0.0010268356931779632,True
local_b3_n800,38,2035211639,local,3,0.10606601717798213,800,0.0011454548711420376,True,ok,0.0006833632721472416,0.5889824712238052,0.0013389260346403622,1.115038268521908,1.017510508039567,0.5932002501413527,0.5870979799621816,0.6012435086648993,0.5788623207291277,0.5788623207291275,800.0000000000005,800.0000000000005,0.00125,4.2386760767954e-11,10.07519779956843,8,-3.285206525219242e-12,-1.7585759237714882e-16,-2.8110846983508964e-13,-0.010828516543160416,0.9945372643612169,1.1011730465805458,0.21513950911229013,8.704326148745167e-11,0.0012789999600499868,not_checked,0.001,not_checked,not_checked,,-0.0019408835337108971,0.0033076100780053803,-0.000462091598994796,True
local_b3_n800,39,2035211640,local,3,0.10606601717798213,800,0.0011454548711420376,True,ok,0.006143732357485998,0.6149880396944216,0.003954153970324196,10.418757302208903,8.917423716285537,0.01273501371797569,0.00981058672747025,0.011577266848477222,0.007335821429548775,0.007335821429548751,800.0000000000005,800.0000000000005,0.00125,1.395952242688736e-10,8.637379578840177,9,-1.6821960491242294e-13,-1.2576745200831851e-16,-2.0605739337042905e-13,-0.29439276511565016,1.0813139734415695,1.1694696051744924,0.22226039501055922,2.9808622237226245e-10,0.0014222911559045315,not_checked,0.001,not_checked,not_checked,,-0.0016062670136754885,0.013893731728647486,0.0049982774863439605,True
local_b3_n800,40,2035211641,local,3,0.10606601717798213,800,0.0011454548711420376,True,ok,0.0007909211879710831,0.6342517146162905,0.0014146147535480118,1.2951133346614294,1.2195304973436367,0.5475163628742168,0.5398505880396723,0.5434784363853956,0.5311361166530342,0.531136116653034,800.0000000000005,800.0000000000005,0.00125,1.1045597769765436e-10,11.980241201567608,9,-1.1444096863731656e-11,2.500170209751573e-16,3.994582442601313e-13,-0.014819716953847872,0.9866496048123297,1.1170253232619944,0.19334281393077937,2.3102209034675525e-10,0.0013940411154180765,not_checked,0.001,not_checked,not_checked,,-0.0019816727809820246,0.003563515156924191,-0.00035453368317095446,True
local_b3_n800,41,2035211642,local,3,0.10606601717798213,800,0.0011454548711420376,True,ok,0.002797508127083681,0.6190473147222653,0.002709946195372695,4.666873723929499,4.0380583103564724,0.13028258799301812,0.11946363929902187,0.1327843154882286,0.10667094090585075,0.10667094090585058,800.0000000000005,800.0000000000005,0.00125,1.6712109474070758e-10,9.86047607678621,9,-5.165139149720943e-16,-1.734723475976807e-16,-2.7711166694643907e-13,-0.0954303602978035,1.0239466063687754,1.1721762579395263,0.21078534242079566,3.5905323159113323e-10,0.0013980409130454063,not_checked,0.001,not_checked,not_checked,,-0.002513888815888146,0.008108905070055508,0.0016520532559416434,True
local_b3_n800,42,2035211643,local,3,0.10606601717798213,800,0.0011454548711420376,True,ok,0.002730023966311723,0.6123822674721171,0.0027329441257884037,4.535486211945845,3.8074416413457466,0.13155050175866678,0.12176584885763897,0.14901313528115143,0.11258810896749484,0.11258810896749469,800.0000000000005,800.0000000000005,0.00125,1.2424505868580127e-10,9.85317590042703,9,-2.892651396191326e-16,-1.0538445116559103e-16,-1.6964207816272392e-13,-0.08372393292354241,0.9617148672757823,1.1915530605480054,0.19722949862631303,2.642974727962155e-10,0.0013951249420642853,not_checked,0.001,not_checked,not_checked,,-0.002626448091993851,0.008086496024617296,0.0015845690951696856,True
local_b3_n800,43,2035211644,local,3,0.10606601717798213,800,0.0011454548711420376,True,ok,0.0022733515619559608,0.6134132597378295,0.002472948999748636,3.674686727942394,3.3594894334281533,0.17309443016496362,0.17004886276800862,0.1864215602738954,0.162239563415108,0.16223956341510787,800.0000000000005,800.0000000000005,0.00125,1.3011480781699447e-10,12.066383950496578,9,-5.811323644522304e-17,1.3010426069826053e-18,-4.440892098500626e-16,-0.018662114406427177,0.8567147933059294,1.2208756894862216,0.17201930971386314,2.772042595466928e-10,0.0014724591746926308,not_checked,0.001,not_checked,not_checked,,-0.002573539413155717,0.007120242537067638,0.0011278966908139232,True
local_b3_n800,44,2035211645,local,3,0.10606601717798213,800,0.0011454548711420376,True,ok,0.0023573574010917753,0.6367412796868519,0.0023693149619999176,3.930014382644856,3.7739407205979463,0.17359255213871655,0.16130375089122512,0.1515301960094994,0.15169461046085772,0.15169461046085758,800.0000000000005,800.0000000000005,0.00125,7.771561172376096e-16,10.76111857977104,10,9.020562075079397e-17,1.1405806854547507e-16,1.829647544582258e-13,-0.07912127044900674,1.0387757229952528,1.1154063254497444,0.1877448354300699,1.5543122344752192e-15,0.0014740407932549715,not_checked,0.001,not_checked,not_checked,,-0.0022864145924599497,0.0070011293946435,0.0012119025299497377,True
local_b3_n800,45,2035211646,local,3,0.10606601717798213,800,0.0011454548711420376,True,ok,0.003275406526090041,0.6019175625218665,0.0028735969298593913,5.426043151212443,4.991121850079935,0.08595071921400613,0.07882105733730245,0.08245019004223851,0.07277918966661204,0.07277918966661191,800.0000000000005,800.0000000000005,0.00125,7.733447215940714e-11,9.620633301897213,9,-3.209238430557093e-16,2.688821387764051e-17,4.263256414560601e-14,-0.09269635473418747,1.000156070913354,1.1344499682727638,0.19880016748806645,1.6193557605959086e-10,0.0016105000395327806,not_checked,0.001,not_checked,not_checked,,-0.002356739962519238,0.00890755301469932,0.0021299516549480035,True
local_b3_n800,46,2035211647,local,3,0.10606601717798213,800,0.0011454548711420376,True,ok,0.000248405307895716,0.6117305922527778,0.0007907698233917277,0.3980803143519528,0.39679325142072824,0.8208228920665106,0.820565401758357,0.8200445378805311,0.8197759183969543,0.8197759183969542,800.0000000000005,800.0000000000005,0.00125,1.2067613575084124e-10,12.585022000166108,8,-1.3557948166931233e-15,1.581850969656351e-16,2.5290880500961066e-13,-0.00031591085940346764,0.9165015853714996,1.1043089218535975,0.18453398769186705,2.5643576151423986e-10,0.0014195418916642666,not_checked,0.001,not_checked,not_checked,,-0.0013014750660131694,0.0017982856818046014,-0.0008970495632463216,True
local_b3_n800,47,2035211648,local,3,0.10606601717798213,800,0.0011454548711420376,True,ok,0.0007405444847179421,0.5973406511467367,0.0013150010339433374,1.2099868530460955,1.240794220748905,0.5639276356340068,0.5571254172169116,0.5377308566880303,0.5529788148018615,0.5529788148018613,800.0000000000005,800.0000000000005,0.00125,6.263511931337007e-11,10.341785713211168,8,-5.419322325964093e-12,-2.4730651554394356e-16,-3.956834859764058e-13,-0.012557838748693761,0.9721403120861521,1.0990921332469958,0.19406957603343505,1.3025713840875142e-10,0.001361791742965579,not_checked,0.001,not_checked,not_checked,,-0.0018368101814439323,0.0033178991508798165,-0.0004049103864240955,True
local_b3_n800,48,2035211649,local,3,0.10606601717798213,800,0.0011454548711420376,True,ok,0.00014741165788967336,0.574886017589598,0.0006149347361215949,0.2337007881517491,0.23235769881119642,0.8884549769767475,0.889416857494377,0.8903159765741013,0.8887588622618675,0.8887588622618674,800.0000000000005,800.0000000000005,0.00125,2.1576962438984992e-11,11.70534281242086,8,2.889724050325615e-15,3.5453411040275995e-17,5.617728504603292e-14,0.0010789322358642078,0.988191391517922,1.0061013097176115,0.2117802691013514,4.3380410374993517e-11,0.0014061250258237123,not_checked,0.001,not_checked,not_checked,,-0.0010578382777512946,0.0013526615935306413,-0.0009980432132523642,True
local_b3_n800,49,2035211650,local,3,0.10606601717798213,800,0.0011454548711420376,True,ok,9.762572382254753e-05,0.6019778070390744,0.0004765411492617884,0.15520139467455973,0.16876782544471552,0.9238408021083895,0.9243092789257294,0.9190783424869231,0.92487139917118,0.92487139917118,800.0000000000005,800.0000000000005,0.00125,7.750677877282897e-11,12.779746621523236,8,3.0196385756436905e-16,-6.770842567171975e-17,-1.0835776720341528e-13,0.0004998817207581968,0.9188117379428306,1.0577333211352178,0.1844173838992885,1.6239876110546447e-10,0.0013386670034378767,not_checked,0.001,not_checked,not_checked,,-0.0008363777658818839,0.001031629213526979,-0.00104782914731949,False
local_b3_n800,50,2035211651,local,3,0.10606601717798213,800,0.0011454548711420376,True,ok,0.00222747009567259,0.594456239643566,0.0024862684788768677,3.6828834784143947,3.094761403913837,0.18921051673560096,0.17906799574867993,0.2128046432525414,0.16830523442131945,0.16830523442131928,800.0000000000005,800.0000000000005,0.00125,5.4764304202592484e-11,9.390644990402055,9,-2.3765711620882257e-16,-2.0556473190325164e-16,-3.304023721284466e-13,-0.05946566266912412,0.9229331939204612,1.221122398542812,0.19422535482965786,1.1343148642595224e-10,0.0014919168315827847,not_checked,0.001,not_checked,not_checked,,-0.0026455265788232546,0.007100466770168435,0.0010820152245305525,True
local_b3_n800,51,2035211652,local,3,0.10606601717798213,800,0.0011454548711420376,True,ok,0.0034065045818612028,0.5549483711763799,0.0029449460190845538,5.649499887716351,5.111296383013088,0.07962930401816234,0.07260287075712524,0.07764188894010826,0.06553285457792203,0.06553285457792195,800.0000000000005,800.0000000000005,0.00125,8.007150498201554e-12,7.695118697808887,9,3.469446951953614e-17,1.4354836763708079e-16,2.2737367544323206e-13,-0.09954627836921182,1.0453841555290198,1.108364899556621,0.2434882564939076,1.561284435069865e-11,0.0015337918885052204,not_checked,0.001,not_checked,not_checked,,-0.0023654835519591293,0.009178492715681535,0.002261049710719165,True
local_b3_n800,52,2035211653,local,3,0.10606601717798213,800,0.0011454548711420376,True,ok,0.0013166741984822483,0.5842832359486425,0.0018840695890860913,2.162692532802671,1.890340014908783,0.37237236902812765,0.362736163547416,0.38861349809392415,0.34877113037754837,0.34877113037754814,800.0000000000005,800.0000000000005,0.00125,3.3924973941168446e-11,9.41037743687246,9,-2.1358782797964437e-16,-1.1839487723541708e-16,-1.8829382497642655e-13,-0.02800690761553626,0.9783246846022028,1.1580698380024814,0.2158608618303982,6.91753321291344e-11,0.0017661668825894594,not_checked,0.001,not_checked,not_checked,,-0.0023760343404936692,0.0050093827374581654,0.00017121932734021073,True
local_b3_n800,53,2035211654,local,3,0.10606601717798213,800,0.0011454548711420376,True,ok,0.004314979646344863,0.5977322889122412,0.0033507308674295246,7.217520903041059,6.253765246642464,0.04324170186762295,0.03750779879480702,0.0438542947408562,0.03168272443747575,0.03168272443747569,800.0000000000005,800.0000000000005,0.00125,6.377409711433302e-11,8.78998104401299,9,-3.697563089044564e-15,4.9439619065339e-17,8.08242361927114e-14,-0.15677673444463736,1.0341266448123594,1.161801648237799,0.22235896405695316,1.3271805876513554e-10,0.001506333937868476,not_checked,0.001,not_checked,not_checked,,-0.002252332175703659,0.010882291468393385,0.0031695247752028255,True
local_b3_n800,54,2035211655,local,3,0.10606601717798213,800,0.0011454548711420376,True,ok,0.00037917823147104457,0.6341125429264878,0.0009367165626574216,0.6067054883100838,0.6545319683133967,0.7411493252268635,0.7411418943315036,0.7208919716805098,0.7383461066061878,0.7383461066061877,800.0000000000005,800.0000000000005,0.00125,7.741585150711217e-13,13.985887355770538,9,-6.292167308019625e-16,1.1937065919065404e-16,1.9118040484045196e-13,-1.0158978206054048e-05,0.92666589541128,1.1053247275491334,0.1852400399603035,1.7006396291208148e-12,0.0014967508614063263,not_checked,0.001,not_checked,not_checked,,-0.0014567524950596586,0.0022151089580017477,-0.000766276639670993,True
local_b3_n800,55,2035211656,local,3,0.10606601717798213,800,0.0011454548711420376,True,ok,0.0008263060116864285,0.5821611785942802,0.0013617672182151535,1.3500256481122732,1.450711402501281,0.5216328893535689,0.514520090209718,0.4841523247360273,0.516311605391409,0.5163116053914087,800.0000000000005,800.0000000000005,0.00125,6.899858462361408e-11,9.69504417228557,8,-6.750485370340953e-12,-1.126486057212439e-16,-1.7963408538435033e-13,-0.013968014706993492,0.9195947818173977,1.1184739442008487,0.19138318213513,1.3352652317166758e-10,0.0014099578838795424,not_checked,0.001,not_checked,not_checked,,-0.0018427086913425689,0.003495320714715426,-0.0003191488594556091,True
local_b3_n800,56,2035211657,local,3,0.10606601717798213,800,0.0011454548711420376,True,ok,0.0014068642198250547,0.6064820622548865,0.0018673997874392942,2.312600165074445,2.2025390378213756,0.3428099749987341,0.33290956624183277,0.3324487656895729,0.32449298016027484,0.32449298016027456,800.0000000000005,800.0000000000005,0.00125,9.51796419457196e-11,10.31853968126859,9,-6.396792817664476e-17,8.153200337090993e-17,1.2967404927621828e-13,-0.030808706677178055,1.0466920286243855,1.0559018005765828,0.20439777786572233,2.007789490221512e-10,0.0015847510658204556,not_checked,0.001,not_checked,not_checked,,-0.002253172108293714,0.005066900547943823,0.00026140934868301713,True
local_b3_n800,57,2035211658,local,3,0.10606601717798213,800,0.0011454548711420376,True,ok,0.003079524772767961,0.5797538975171508,0.0028538928366260144,5.112246516397908,4.45460615824363,0.10127039734220719,0.09294965940307459,0.10781881720349147,0.08512625103156782,0.08512625103156768,800.0000000000005,800.0000000000005,0.00125,2.7311375383476388e-11,8.537012949207035,9,1.1058862159352145e-16,2.6020852139652106e-17,4.263256414560601e-14,-0.0925034399845841,1.0006319333398748,1.1502749283353535,0.22308309316343683,5.530820246235635e-11,0.002036500023677945,not_checked,0.001,not_checked,not_checked,,-0.0025140024027558794,0.0086730519482918,0.0019340699016259233,True
local_b3_n800,58,2035211659,local,3,0.10606601717798213,800,0.0011454548711420376,True,ok,0.0016602000484344792,0.5801588508401214,0.0021287991544380377,2.733124526412338,2.379469406293841,0.2843989985601083,0.274316678588441,0.30430198371756206,0.2649643371757156,0.26496433717571544,800.0000000000005,800.0000000000005,0.00125,2.7832292026630512e-11,9.091211685333764,9,-7.37257477290143e-17,-7.979727989493313e-17,-1.270095140171179e-13,-0.03840222445858488,0.9034539253740669,1.2177576670755554,0.19668199823967356,5.6430859984857307e-11,0.001591334119439125,not_checked,0.001,not_checked,not_checked,,-0.0025121696245833953,0.005832569721452354,0.0005147451772924416,True
local_b3_n800,59,2035211660,local,3,0.10606601717798213,800,0.0011454548711420376,True,ok,0.0006643680102413896,0.6051761556442243,0.001288572146871767,1.0851393908756808,1.0399952606403895,0.5999740579634767,0.5936217699971293,0.5945219567952,0.5877260105146278,0.5877260105146276,800.0000000000005,800.0000000000005,0.00125,8.967637743495516e-11,10.724934647333221,8,-3.915382991784289e-12,-4.9439619065339e-17,-7.993605777301127e-14,-0.011075287244728393,1.0072637867139196,1.074286724391731,0.20274132715898843,1.8884316332901108e-10,0.0013848331291228533,not_checked,0.001,not_checked,not_checked,,-0.0018611869891087306,0.0031899230095915098,-0.000481086860900648,True
local_b3_n800,60,2035211661,local,3,0.10606601717798213,800,0.0011454548711420376,True,ok,0.00348155206877121,0.589875547851241,0.003043133983411148,5.806282429434075,4.972422603627546,0.0775152031785206,0.06958910075122882,0.08322468322189087,0.06171417368915778,0.06171417368915767,800.0000000000005,800.0000000000005,0.00125,4.4178771752001467e-11,8.633631815451745,9,-8.951173136040325e-16,-3.903127820947816e-17,-6.306066779870889e-14,-0.11789955970006805,1.0088192799591562,1.167834410839784,0.2198403210518882,9.090794783617184e-11,0.0014290837571024895,not_checked,0.001,not_checked,not_checked,,-0.0024828809388445505,0.00944598507638697,0.0023360971976291722,True
local_b3_n800,61,2035211662,local,3,0.10606601717798213,800,0.0011454548711420376,True,ok,0.004621143374165637,0.5739167010442181,0.003382134075995172,7.66863460670489,7.102223805584115,0.032377091143279024,0.02850156008597267,0.028692718397163235,0.02479992377678867,0.02479992377678862,800.0000000000005,800.0000000000005,0.00125,2.0581314430501152e-11,8.413337170103905,9,-1.6245685352522798e-15,-4.163336342344337e-17,-6.572520305780927e-14,-0.13740260401993298,1.0741369755498724,1.0812987655048008,0.22812194465896127,4.132094666431385e-11,0.0015159579925239086,not_checked,0.001,not_checked,not_checked,,-0.0020077176056705545,0.011250004354001829,0.0034756885030235996,True
local_b3_n800,62,2035211663,local,3,0.10606601717798213,800,0.0011454548711420376,True,ok,0.0008605030443067374,0.6187650675594563,0.0014400949154935257,1.3787390577343943,1.422779829470586,0.5021992190132407,0.5017136120902046,0.49096132862105846,0.5023780096207784,0.5023780096207782,800.0000000000005,800.0000000000005,0.00125,1.650580783163491e-10,13.027411031011315,8,-2.1883102968578427e-13,-1.6338926739356552e-16,-2.62234678416462e-13,-0.0009670934218067861,0.9683816085757302,1.0312324875050092,0.1938366063922704,3.5445912871523433e-10,0.001462042098864913,not_checked,0.001,not_checked,not_checked,,-0.0019620311243798254,0.0036830372129933,-0.0002849518268353002,True
local_b3_n800,63,2035211664,local,3,0.10606601717798213,800,0.0011454548711420376,True,ok,0.0015768429701457087,0.6077180811420357,0.0020100586822681733,2.59054283499161,2.3910503165531214,0.30008020998301776,0.2905618903228586,0.3025450284294961,0.28323612192769393,0.28323612192769376,800.0000000000005,800.0000000000005,0.00125,1.0071465883498831e-10,10.422438850688467,9,1.0755285551056204e-16,7.37257477290143e-18,1.021405182655144e-14,-0.03379704137923745,1.006193823193809,1.0904655088259283,0.20812117825150656,2.1274337846932667e-10,0.001492957817390561,not_checked,0.001,not_checked,not_checked,,-0.0023627996539119503,0.005516485594203368,0.00043138809900367114,True
local_b3_n800,64,2035211665,local,3,0.10606601717798213,800,0.0011454548711420376,True,ok,0.0011756871988233275,0.5964087585471818,0.0016282890924379236,1.8641491143975943,2.0833073384463057,0.3925384818021912,0.3958499218127691,0.35287066784561616,0.3904131431873574,0.39041314318735715,800.0000000000005,800.0000000000005,0.00125,6.289491150113236e-11,12.833199103351108,8,4.022902670708373e-12,2.445960101127298e-16,3.9124259387790516e-13,0.008475201859865389,0.8939539269157468,1.1246870151647925,0.19063980228431932,1.3459411363214713e-10,0.0013625840656459332,not_checked,0.001,not_checked,not_checked,,-0.0020157007787744135,0.0043670751764210685,3.0232327681289917e-05,True
local_b3_n800,65,2035211666,local,3,0.10606601717798213,800,0.0011454548711420376,True,ok,0.008355789550693382,0.6444170471299548,0.004632734671875592,14.432193344973173,11.563553732233771,0.0036130962338895927,0.0023168086000114672,0.0030832320475247953,0.0012499751091393518,0.0012499751091393477,800.0000000000005,800.0000000000005,0.00125,2.201205884233559e-11,8.799377730008374,10,-7.155314535323143e-12,1.6306400674181987e-16,2.5934809855243657e-13,-0.5314650319318774,1.108802906240082,1.2600011555925585,0.21278480629289884,4.195332969914034e-11,0.001633583102375269,not_checked,0.001,not_checked,not_checked,,-0.0007242035561127631,0.017435782657499527,0.0072103346795513445,True
local_b3_n800,66,2035211667,local,3,0.10606601717798213,800,0.0011454548711420376,True,ok,0.009118463814974609,0.5857545680907135,0.0050354993621450515,15.44224592489136,12.042113299658842,0.002031616264854209,0.001430579939703513,0.0024271036409576692,0.0006790803837089346,0.0006790803837089313,800.0000000000005,800.0000000000005,0.00125,3.638478407452794e-11,7.6898073532822675,9,-8.782800875462016e-13,3.469446951953614e-18,1.0658141036401503e-14,-0.4263519104659883,0.9769890736491293,1.3231599143424428,0.21556153975131592,7.435452253901076e-11,0.0015040829312056303,not_checked,0.001,not_checked,not_checked,,-0.0007509335790041073,0.018987861208953325,0.007973008943832571,True
local_b3_n800,67,2035211668,local,3,0.10606601717798213,800,0.0011454548711420376,True,ok,0.0009584149125432262,0.5765879448745224,0.0015590331093132432,1.5669863200975693,1.482812517354072,0.47528225044042016,0.46761740982579136,0.4764434414778609,0.4645287026639763,0.46452870266397595,800.0000000000005,800.0000000000005,0.00125,1.0939538164222995e-10,9.418274158843495,8,-1.1277539449169871e-11,8.825405684032006e-17,1.4099832412739488e-13,-0.016761230014203266,1.001358126776122,1.060711275975773,0.22201743212269814,2.0914359133428206e-10,0.0013561251107603312,not_checked,0.001,not_checked,not_checked,,-0.0020972338324162275,0.00401406365750268,-0.0001870399585988114,True
local_b3_n800,68,2035211669,local,3,0.10606601717798213,800,0.0011454548711420376,True,ok,0.0009037159736340339,0.6000118176447293,0.0014378436332596937,1.458113474455935,1.5694055519238708,0.4924124212430202,0.4894907455870353,0.4562552916745337,0.4853073978063974,0.4853073978063972,800.0000000000005,800.0000000000005,0.00125,7.085432240927503e-11,11.456837246714343,8,-1.5209522009895782e-12,1.5373986805844453e-16,2.4646951146678475e-13,-0.006083958320739935,0.9220303873339988,1.1255433227629283,0.19694165823911428,1.4794099278958583e-10,0.0012509578373283148,not_checked,0.001,not_checked,not_checked,,-0.0019144057629551835,0.0037218377102232513,-0.0002417388975080037,True
local_b3_n800,69,2035211670,local,3,0.10606601717798213,800,0.0011454548711420376,True,ok,9.472987904746155e-05,0.6048208671624111,0.0004967932770188904,0.1503266343642145,0.14694078219078618,0.9259254766489373,0.926509161261388,0.9291636569023117,0.92701651018232,0.92701651018232,800.0000000000005,800.0000000000005,0.00125,8.826950281815016e-11,13.072460116315561,8,7.298577974629294e-16,4.607859233063394e-17,7.37188088351104e-14,0.0006205860558620296,0.9241088138426721,1.0490983950354624,0.19298839203880216,1.8571166826575336e-10,0.0012148336973041296,not_checked,0.001,not_checked,not_checked,,-0.0008789670516711937,0.001068426809766117,-0.001050724992094576,False
local_b3_n800,70,2035211671,local,3,0.10606601717798213,800,0.0011454548711420376,True,ok,0.001336418697096109,0.5786283386220552,0.0017925085895508796,2.179811503848197,2.1852905695268845,0.3581055670039609,0.3510402525924664,0.3353282806448941,0.3433053626768072,0.34330536267680695,800.0000000000005,800.0000000000005,0.00125,2.5867641362253835e-11,9.681328443085482,9,2.968545548265311e-16,1.7564075194265172e-16,2.7977620220553945e-13,-0.020770794247210622,0.971867796855858,1.112647143774105,0.21377197674855888,5.2299498065622174e-11,0.001328249927610159,not_checked,0.001,not_checked,not_checked,,-0.002176833580402305,0.0048496709745945235,0.00019096382595407135,True
local_b3_n800,71,2035211672,local,3,0.10606601717798213,800,0.0011454548711420376,True,ok,0.0008869975731864432,0.5775609126847567,0.0014675525992929362,1.4497083384327714,1.4301567253240717,0.5038392866312813,0.49647002941457175,0.4891537789021577,0.4918418493625777,0.49184184936257724,800.0000000000005,800.0000000000005,0.00125,8.515188554270026e-11,9.481968124186992,8,-8.538699044699505e-12,1.9168694409543718e-16,3.064215547965432e-13,-0.015256110667230649,0.996222796760208,1.0750782139528665,0.21004207844314113,1.6335066632677808e-10,0.0012379998806864023,not_checked,0.001,not_checked,not_checked,,-0.0019893526668458535,0.00376334781321874,-0.00025845729795559436,True
local_b3_n800,72,2035211673,local,3,0.10606601717798213,800,0.0011454548711420376,True,ok,0.00023827391684472232,0.6082097388291148,0.0007791896950518092,0.3807448881971558,0.37526346027729945,0.8220274447047315,0.822235890691571,0.8289199172524024,0.8264472943253087,0.8264472943253087,800.0000000000005,800.0000000000005,0.00125,1.0298439878653198e-10,12.663678399792968,8,9.041161916356621e-16,1.7428549922704484e-17,2.8199664825478976e-14,0.0002466893772000711,0.8947733023002816,1.0565637474332146,0.17553340770832165,2.176880897764022e-10,0.0015387500170618296,not_checked,0.001,not_checked,not_checked,,-0.0012889098225815712,0.0017654576562710158,-0.0009071809542973153,True
local_b3_n800,73,2035211674,local,3,0.10606601717798213,800,0.0011454548711420376,True,ok,0.0023208071427072152,0.6094572735778103,0.002350901035260678,3.8314840345908463,3.745277932538431,0.17591497939912099,0.16645646218626842,0.15371747086814821,0.15619567760136996,0.15619567760136985,800.0000000000005,800.0000000000005,0.00125,1.0895040425396019e-10,10.166901933550122,9,-2.0816681711721685e-16,-1.196959198423997e-16,-1.9184653865522705e-13,-0.05909630312964986,1.0230167814703248,1.1140701106428088,0.20072999949001447,2.3072854737904436e-10,0.001431541983038187,not_checked,0.001,not_checked,not_checked,,-0.0022868742176216416,0.006928488503036072,0.0011753522715651776,True
local_b3_n800,74,2035211675,local,3,0.10606601717798213,800,0.0011454548711420376,True,ok,0.00026892932063482533,0.6230509366914101,0.0007837267372971005,0.42922470934946166,0.47242358262479495,0.8081173791171645,0.8085422333130091,0.7896134229591412,0.8064257448576961,0.806425744857696,800.0000000000005,800.0000000000005,0.00125,1.9918300342425255e-10,13.577945681846629,8,3.615163723935666e-15,1.481020167615199e-16,2.375877272697835e-13,0.0005311018331295436,0.9047532292856885,1.1256893591762431,0.18528539933810317,4.307245671242299e-10,0.0012670829892158508,not_checked,0.001,not_checked,not_checked,,-0.001267146858188576,0.0018050054994582267,-0.0008765255505072123,True
local_b3_n800,75,2035211676,local,3,0.10606601717798213,800,0.0011454548711420376,True,ok,0.00011267372588408264,0.6199859471738611,0.0005320802797019433,0.18078352668916287,0.17949566398340658,0.9134931220777074,0.9132613757447401,0.9141616785382309,0.9138041752948793,0.9138041752948792,800.0000000000005,800.0000000000005,0.00125,1.7418155806581126e-10,12.901614531343863,8,-1.7374339814080209e-16,-4.109126233720062e-17,-6.59472476627343e-14,-0.00025278263731526307,0.9504335004324898,1.0441439418844223,0.1801970094024403,3.7475800240827084e-10,0.0012562910560518503,not_checked,0.001,not_checked,not_checked,,-0.0009301844592157246,0.00115553191098389,-0.001032781145257955,True
local_b3_n800,76,2035211677,local,3,0.10606601717798213,800,0.0011454548711420376,True,ok,0.00633658936749093,0.6085311542656568,0.003904408717076771,10.732881262448677,9.940226962583303,0.010409516088185494,0.007988655926556187,0.006942360162044255,0.00628699858912486,0.0062869985891248455,800.0000000000005,800.0000000000005,0.00125,1.0447587239781342e-10,8.45105760006505,9,-1.608244787343338e-13,-4.536301889679351e-16,-7.247535904753022e-13,-0.29716913723159166,0.9974145358876318,1.2103362682921985,0.19617998711744616,2.2098034513362563e-10,0.0013457501772791147,not_checked,0.001,not_checked,not_checked,,-0.0013159110989037787,0.013989089833885639,0.005191134496348893,True
local_b3_n800,77,2035211678,local,3,0.10606601717798213,800,0.0011454548711420376,True,ok,0.0015880802980092756,0.591060003175597,0.002013103478837829,2.6144444790186503,2.4201167012892,0.29634598262725476,0.2861043011210972,0.29817987993405554,0.28070127921088595,0.2807012792108857,800.0000000000005,800.0000000000005,0.00125,4.673994524750924e-11,9.535696665765082,9,-1.726049858596923e-16,-1.1058862159352145e-16,-1.7896795156957523e-13,-0.03675800110190397,1.003168259880817,1.086673682560379,0.2114573212190704,9.628453589982655e-11,0.0013525423128157854,not_checked,0.001,not_checked,not_checked,,-0.0023575300176651593,0.005533690613683711,0.00044262542686723805,True
local_b3_n800,78,2035211679,local,3,0.10606601717798213,800,0.0011454548711420376,True,ok,0.0035349280366132607,0.5707268475602418,0.003023734881195593,5.755640532956384,5.337739343555527,0.06450687729583826,0.061467769696990054,0.06933054731051101,0.05913440179268263,0.05913440179268253,800.0000000000005,800.0000000000005,0.00125,1.7611245795023933e-11,9.61112728144078,9,-7.632783294297951e-17,2.211772431870429e-17,3.552713678800501e-14,-0.04987783718758143,0.9793449239083707,1.0831358938391777,0.21247834029950308,3.5179636981297335e-11,0.0013976672198623419,not_checked,0.001,not_checked,not_checked,,-0.002391483429327601,0.009461339502554122,0.002389473165471223,True
local_b3_n800,79,2035211680,local,3,0.10606601717798213,800,0.0011454548711420376,True,ok,0.00013073452091316717,0.583337068578407,0.0005888896647439554,0.21066408821047994,0.19592229340532194,0.9012833702376448,0.9006169443649563,0.9066841307376984,0.9006958779215714,0.9006958779215712,800.0000000000005,800.0000000000005,0.00125,3.239064572113648e-11,10.761885757987447,8,-9.71445146547012e-16,1.0359551758098995e-16,1.6586731987899839e-13,-0.0007444273747061747,0.9384620710510694,1.0787130737404027,0.199827783201872,6.603007030037134e-11,0.0012640829663723707,not_checked,0.001,not_checked,not_checked,,-0.0010234680128528523,0.0012849370546791866,-0.0010147203502288704,True
local_b3_n800,80,2035211681,local,3,0.10606601717798213,800,0.0011454548711420376,True,ok,0.0007205417630133937,0.5646038478193234,0.0013352154604244935,1.1720675401914662,1.147709012367475,0.5689541766002892,0.5636353304972139,0.5633498130738674,0.5618988595988496,0.5618988595988494,800.0000000000005,800.0000000000005,0.00125,2.3716251185135206e-11,9.303115675577907,8,-1.99929049010672e-12,3.187554387107383e-17,5.1736392947532295e-14,-0.009600359685017823,1.012971562556427,1.0313395185713259,0.21863266682543972,4.4851677927226774e-11,0.0012724995613098145,not_checked,0.001,not_checked,not_checked,,-0.0018964324510196795,0.003337515977046467,-0.0004249131081286439,True
local_b3_n800,81,2035211682,local,3,0.10606601717798213,800,0.0011454548711420376,True,ok,0.0003947650482236664,0.643657147978937,0.0009452637422727885,0.6340683822912738,0.6977726928453856,0.7321606937565739,0.7312788120906399,0.7054733052786195,0.7291964980973777,0.7291964980973777,800.0000000000005,800.0000000000005,0.00125,1.2372325386422744e-12,14.188003020238689,9,-3.504488366168346e-14,6.635317295611287e-17,1.0635936575909e-13,-0.0012221525667036048,0.902626680433918,1.1345796760988829,0.1726103351858743,2.7111646261346323e-12,0.0013765001203864813,not_checked,0.001,not_checked,not_checked,,-0.0014579178425225508,0.0022474479389698837,-0.0007506898229183712,True
local_b3_n800,82,2035211683,local,3,0.10606601717798213,800,0.0011454548711420376,True,ok,0.002340994687036302,0.62815904503147,0.0024558255287550432,3.89993157807842,3.4526973105659318,0.1787153240267872,0.16648326904148336,0.1779329197094282,0.15369337241576914,0.15369337241576894,800.0000000000005,800.0000000000005,0.00125,6.973588373426765e-16,10.38353977545328,10,-3.5605199344423966e-16,-2.181414771040835e-16,-3.481659405224491e-13,-0.07717003941016731,1.0423243235490205,1.1331279170682391,0.20902842160225168,1.1102230246251565e-15,0.0014997909311205149,not_checked,0.001,not_checked,not_checked,,-0.0024723349016376175,0.007154324275710221,0.0011955398158942643,True
local_b3_n800,83,2035211684,local,3,0.10606601717798213,800,0.0011454548711420376,True,ok,0.00014699382611782497,0.6104760780751517,0.00062110493492376,0.23646800854409072,0.22292638839864287,0.8906661109899525,0.8901060096902464,0.894524314481005,0.8890559932715432,0.8890559932715432,800.0000000000005,800.0000000000005,0.00125,1.1406320332696396e-10,12.175341181832069,8,-1.0883221407409494e-15,-1.5829351718288365e-17,-2.531308496145357e-14,-0.0006389433777853198,0.9601168263035322,1.0741510502367542,0.19276668370850306,2.419280331622531e-10,0.0012590840924531221,not_checked,0.001,not_checked,not_checked,,-0.0010703494769528385,0.0013643371291884884,-0.0009984610450242126,True
local_b3_n800,84,2035211685,local,3,0.10606601717798213,800,0.0011454548711420376,True,ok,0.00015294748539718128,0.5745341213314599,0.0006055119135664746,0.24440400957333902,0.2553173075995467,0.8855473454464993,0.8856845612268518,0.8801537650172429,0.8848315524388405,0.8848315524388404,800.0000000000005,800.0000000000005,0.00125,2.1214807688352266e-11,11.054998504395227,8,2.550585610772149e-16,1.3623000297280363e-16,2.1826984664130578e-13,0.00015598353107558471,0.952320517279004,1.0638862282499912,0.21161341276105505,4.262235009377946e-11,0.0013231660705059767,not_checked,0.001,not_checked,not_checked,,-0.001033834057403039,0.0013397290281974017,-0.0009925073857448563,True
local_b3_n800,85,2035211686,local,3,0.10606601717798213,800,0.0011454548711420376,True,ok,0.0015100030606884918,0.6114100368135196,0.0019877315994576475,2.4902665689433015,2.2314514302590283,0.32663441057899223,0.3156185428144752,0.3276773921499394,0.29879353916904816,0.298793539169048,800.0000000000005,800.0000000000005,0.00125,1.1892331563956304e-10,10.307880741750013,9,-6.158268339717665e-17,-3.946495907847236e-17,-6.217248937900877e-14,-0.03713083592085664,0.9815613848717195,1.1817607482371157,0.202922267058505,2.5265323166934195e-10,0.001363375922665,not_checked,0.001,not_checked,not_checked,,-0.0023858792851806938,0.005405885406557677,0.0003645481895464542,True
local_b3_n800,86,2035211687,local,3,0.10606601717798213,800,0.0011454548711420376,True,ok,0.0022761781775157974,0.5899497131158657,0.0024637015718367372,3.7363202216004616,3.3000834591697887,0.17749992802550235,0.16973765552090442,0.19204189462499988,0.16187310680454936,0.16187310680454922,800.0000000000005,800.0000000000005,0.00125,4.434475009418293e-11,9.728207423150245,9,1.682681771697503e-16,8.066464163292153e-17,1.2878587085651816e-13,-0.04721756878759176,0.9747384822036923,1.1326733904995745,0.20430929875621043,9.123302113778209e-11,0.0013967498671263456,not_checked,0.001,not_checked,not_checked,,-0.002552588171938928,0.007104944526970523,0.0011307233063737598,True
local_b3_n800,87,2035211688,local,3,0.10606601717798213,800,0.0011454548711420376,True,ok,0.00041606675129379767,0.6052772886307085,0.0010701609859449642,0.6731291693942563,0.5979100980333729,0.7241532145849783,0.7215545496250102,0.7415927440088554,0.7168752796268003,0.7168752796268001,800.0000000000005,800.0000000000005,0.00125,9.014400337292727e-11,11.457946546610174,8,-1.672501113297864e-13,1.3926576905576304e-16,2.2248869413488137e-13,-0.003711183662089834,0.9230571901177381,1.149981808048913,0.19119360271263414,1.897402235329082e-10,0.0012694159522652626,not_checked,0.001,not_checked,not_checked,,-0.0016814102388182073,0.0025135437414058027,-0.0007293881198482399,True
local_b3_n800,88,2035211689,local,3,0.10606601717798213,800,0.0011454548711420376,True,ok,0.002465999772750971,0.6141206626862075,0.002430675326135643,4.093223099536714,3.967230013301843,0.1533102877523097,0.1429337255281889,0.1375710171768483,0.13906694846091688,0.13906694846091672,800.0000000000005,800.0000000000005,0.00125,1.342026489936643e-10,9.987600703092916,9,1.8344700758454735e-16,-2.42861286636753e-17,-3.8191672047105385e-14,-0.07381173156757925,1.0009286103081458,1.103217971580962,0.19222456299722002,2.864046777517615e-10,0.0013937919866293669,not_checked,0.001,not_checked,not_checked,,-0.0022980363245850392,0.007230035870086981,0.0013205449016089332,True
local_b3_n800,89,2035211690,local,3,0.10606601717798213,800,0.0011454548711420376,True,ok,0.0021780710910221934,0.5956516920691017,0.002357247071232323,3.5935106130479384,3.305843225253054,0.19185468970458616,0.1822452467785075,0.19148963203691022,0.1750896986224222,0.17508969862242205,800.0000000000005,800.0000000000005,0.00125,5.784228651606327e-11,9.594226679431545,9,8.500145032286355e-17,-5.637851296924623e-18,-7.105427357601002e-15,-0.05429843370621357,0.9985927891893789,1.1127118684063302,0.21625306646297388,1.201390098515276e-10,0.0013608736917376518,not_checked,0.001,not_checked,not_checked,,-0.0024420482712556825,0.006798190453300069,0.0010326162198801558,True
local_b3_n800,90,2035211691,local,3,0.10606601717798213,800,0.0011454548711420376,True,ok,0.0009852744731007057,0.6042576233698014,0.0015996734732053532,1.6133299412247384,1.4820448913735382,0.4683712648401883,0.460135830995677,0.47662634175733387,0.4546535500709359,0.45465355007093566,800.0000000000005,800.0000000000005,0.00125,1.6677870195991318e-10,10.49562798903668,8,-1.809879199635156e-11,-2.5196858488563123e-16,-4.0323300254385686e-13,-0.018445392131804184,0.9835374009503838,1.0967565269062958,0.20881646142921315,3.3297808954557695e-10,0.0012374580837786198,not_checked,0.001,not_checked,not_checked,,-0.0021500279214058857,0.0041205768676072976,-0.00016018039804133188,True
local_b3_n800,91,2035211692,local,3,0.10606601717798213,800,0.0011454548711420376,True,ok,0.00027818103620202983,0.58088649656169,0.0008267196380395854,0.449257782678808,0.44867725685465354,0.8017339203562937,0.8000766159880601,0.7990445093657209,0.8004791212980715,0.8004791212980715,800.0000000000005,800.0000000000005,0.00125,2.8832936038725165e-11,10.48410640785695,8,-2.3729824528972987e-14,3.1008182133085427e-16,4.960476474025199e-13,-0.0020840623777799994,0.9771792604016093,1.0378086162454567,0.21375744991651405,5.85029802380177e-11,0.0012333332560956478,not_checked,0.001,not_checked,not_checked,,-0.0013421596796675472,0.0018985217520716068,-0.0008672738349400078,True
local_b3_n800,92,2035211693,local,3,0.10606601717798213,800,0.0011454548711420376,True,ok,0.0013878601482588682,0.6263840741455224,0.001873822903353092,2.249921410781327,2.155899521921839,0.3421817065886493,0.33737036458237324,0.34029249187866384,0.329464022683784,0.3294640226837836,800.0000000000005,800.0000000000005,0.00125,3.122502256758253e-16,12.423781225737523,10,1.8301332671555315e-16,1.8821749714348357e-16,3.028688411177427e-13,-0.014672586783568198,0.979460065319828,1.0926074047870156,0.19306200198666051,4.440892098500626e-16,0.0014570408966392279,not_checked,0.001,not_checked,not_checked,,-0.0022847652557194706,0.005060485552237207,0.00024240527711683058,True
local_b3_n800,93,2035211694,local,3,0.10606601717798213,800,0.0011454548711420376,True,ok,0.0026441489317114986,0.6348384062779777,0.0026678060003218827,4.38298339228913,3.7374503297709802,0.14171859106745288,0.13212788047642166,0.15432026936566753,0.12059479614025015,0.12059479614024997,800.0000000000005,800.0000000000005,0.00125,1.4432899320127035e-15,11.115231204509433,10,-1.9949319973733282e-17,2.983724378680108e-16,4.778399897986674e-13,-0.076172550775365,0.9854586137902583,1.1799401727648855,0.19176854691172024,2.886579864025407e-15,0.0014837090857326984,not_checked,0.001,not_checked,not_checked,,-0.0025846547466592436,0.00787295261008224,0.001498694060569461,True
local_b3_n800,94,2035211695,local,3,0.10606601717798213,800,0.0011454548711420376,True,ok,0.000593533358769438,0.610418487877701,0.0011809846326610648,0.9618392599040059,1.0187125161951,0.6169094329802955,0.6131038194800791,0.6008822674290624,0.6219928465605824,0.6219928465605822,800.0000000000005,800.0000000000005,0.00125,1.137473448764581e-10,11.580385261313795,8,-7.950412246951477e-13,4.180683577104105e-16,6.694644838489694e-13,-0.006092942936452239,0.8734246756941613,1.1027159592398623,0.16922985106940805,2.412834376741557e-10,0.0012757501099258661,not_checked,0.001,not_checked,not_checked,,-0.0017211539875415147,0.0029082207050803908,-0.0005519215123725996,True
local_b3_n800,95,2035211696,local,3,0.10606601717798213,800,0.0011454548711420376,True,ok,0.004754702263826571,0.6303304592669707,0.0035479493095909487,8.03676392496209,6.70376867166649,0.033509849761513166,0.027695448965201635,0.035018305643507296,0.022286775327737537,0.02228677532773748,800.0000000000005,800.0000000000005,0.00125,1.5487611193520934e-13,9.520315302644196,10,-3.7458751378505184e-14,-2.5673907444456745e-16,-4.1300296516055823e-13,-0.21462015141978563,1.030471811411215,1.2049571040863385,0.2076769554932505,3.008704396734174e-13,0.0014966251328587532,not_checked,0.001,not_checked,not_checked,,-0.0021991506019454383,0.01170855512959858,0.0036092473926845337,True
local_b3_n800,96,2035211697,local,3,0.10606601717798213,800,0.0011454548711420376,True,ok,0.0021295880993641436,0.5947709649244821,0.00238710821840793,3.5256714057052605,3.0499589264049995,0.2058357619781747,0.1948664756527433,0.21762552615070174,0.18201421701460832,0.18201421701460815,800.0000000000005,800.0000000000005,0.00125,5.559153137824069e-11,9.307164006405392,9,1.235990476633475e-16,9.80118763926896e-17,1.5543122344752192e-13,-0.05916522336131447,0.9964811538906522,1.1604421578063484,0.21430064447367117,1.1516032571989854e-10,0.0013717918191105127,not_checked,0.001,not_checked,not_checked,,-0.0025490580359149723,0.0068082342346432595,0.000984133228222106,True
local_b3_n800,97,2035211698,local,3,0.10606601717798213,800,0.0011454548711420376,True,ok,0.009489955570399555,0.6207725488012827,0.005102602011103915,16.2517392043179,12.55722612865369,0.0018337943427693237,0.001195770527228618,0.0018760006829978055,0.0005044890332230119,0.0005044890332230095,800.0000000000005,800.0000000000005,0.00125,1.8027535020337382e-10,8.406476372845624,9,-5.107027647999196e-12,-4.458239333260394e-16,-7.158718062783009e-13,-0.5339051458393014,0.9894929686266363,1.3592431882239084,0.2035938409410467,3.8841885263707354e-10,0.0013819998130202293,not_checked,0.001,not_checked,not_checked,,-0.0005109605988057667,0.019490871739604877,0.008344500699257518,True
local_b3_n800,98,2035211699,local,3,0.10606601717798213,800,0.0011454548711420376,True,ok,0.0024381696545767717,0.5917217687020966,0.0024537618652059963,4.0404241722957455,3.810673886690815,0.1586647960246444,0.14857464737248346,0.1487725062700923,0.14219787241263113,0.14219787241263096,800.0000000000005,800.0000000000005,0.00125,4.8184567447151494e-11,9.120865893306188,9,3.452099717193846e-16,4.2760933682828295e-16,6.838973831690964e-13,-0.06967636248645426,1.014844062953743,1.1043457321489156,0.20816078791459283,9.941714118610889e-11,0.0013809171505272388,not_checked,0.001,not_checked,not_checked,,-0.0023711152278648078,0.007247454537018351,0.0012927147834347341,True
local_b3_n800,99,2035211700,local,3,0.10606601717798213,800,0.0011454548711420376,True,ok,0.004087492414120986,0.5985598492625128,0.003392881846813725,6.824458435800638,5.486267922703348,0.051575364260655183,0.04542481028639043,0.06436830268627731,0.03800665772560024,0.03800665772560016,800.0000000000005,800.0000000000005,0.00125,6.623401826999498e-11,8.946640105031223,9,-2.0383000842727483e-15,2.3765711620882257e-16,3.7569947153315297e-13,-0.1422352866035288,0.9416608531355184,1.2534252987112553,0.20149096577153547,1.3806444876252044e-10,0.001374665880575776,not_checked,0.001,not_checked,not_checked,,-0.00256243380943366,0.010737418637675631,0.002942037542978948,True
local_b3_n800,100,2035211701,local,3,0.10606601717798213,800,0.0011454548711420376,True,ok,0.0004365101196053267,0.6351317613680885,0.0011051168084058455,0.7111629959892594,0.6153165967110935,0.7143851601929947,0.7100209924315377,0.7351664826910149,0.7052463562758846,0.7052463562758844,800.0000000000005,800.0000000000005,0.00125,1.1481704476068444e-11,12.438207968224186,9,-9.113848998404395e-13,-2.3223610534639505e-16,-3.7125857943465235e-13,-0.006373402310368093,0.8987618699907383,1.1953537874536142,0.1724158585923505,2.4384050334447238e-11,0.0013768328353762627,not_checked,0.001,not_checked,not_checked,,-0.0017294790235799816,0.002602499262790635,-0.0007089447515367109,True
local_b3_n800,101,2035211702,local,3,0.10606601717798213,800,0.0011454548711420376,True,ok,0.0011688293294589425,0.6066095811710888,0.0016713438754161305,1.871569332430405,1.9490792325805593,0.39503440346494306,0.3947518462627445,0.37736604675785923,0.392560951422655,0.3925609514226548,800.0000000000005,800.0000000000005,0.00125,9.578493553874523e-11,12.467702960266523,8,-4.152511667854242e-13,-6.245004513516506e-17,-1.0036416142611415e-13,-0.0007212026480479805,0.937031722618411,1.0791787187633177,0.1947120235230872,2.0198576144991875e-10,0.0012701668310910463,not_checked,0.001,not_checked,not_checked,,-0.0021069444721382724,0.004444603131056157,2.3374458316904878e-05,True
local_b3_n800,102,2035211703,local,3,0.10606601717798213,800,0.0011454548711420376,True,ok,0.001581034977992779,0.6476679069441467,0.00201270376247189,2.620254513646439,2.37644995506746,0.3054571566379257,0.2927705493788836,0.3047617431845204,0.2822878504444794,0.2822878504444791,800.0000000000005,800.0000000000005,0.00125,5.551115123125783e-16,11.77514055679307,10,-3.5475095083725705e-16,-4.2587461335230614e-16,-6.812328479099961e-13,-0.045299274428995506,0.9989185657721547,1.1358981595793312,0.1816333248320054,1.1102230246251565e-15,0.0014925000723451376,not_checked,0.001,not_checked,not_checked,,-0.0023637919080003855,0.0055258618639859435,0.00043558010685074144,True
local_b3_n800,103,2035211704,local,3,0.10606601717798213,800,0.0011454548711420376,True,ok,0.004594626096843912,0.5846087919710607,0.003396473684535996,7.675004020432768,6.925287558770836,0.03514883957913496,0.03034625029845997,0.03134677840497314,0.025331644920116327,0.025331644920116265,800.0000000000005,800.0000000000005,0.00125,3.445177476635308e-11,8.36109903111613,9,-3.724451302922205e-15,8.500145032286355e-17,1.3322676295501878e-13,-0.16180113274125185,1.030450592111912,1.1625150170523686,0.2252124137407166,7.028866377822851e-11,0.0013914161827415228,not_checked,0.001,not_checked,not_checked,,-0.0020623399992846974,0.011251592192972521,0.0034491712257018747,True
local_b3_n800,104,2035211705,local,3,0.10606601717798213,800,0.0011454548711420376,True,ok,0.0010279207917862632,0.6412834516703152,0.0016097748693339334,1.693522888838886,1.5668155848578051,0.4663443897662398,0.45589733585688774,0.45684651749533955,0.4394037285896095,0.4394037285896092,800.0000000000005,800.0000000000005,0.00125,8.881784197001252e-16,11.883164795588474,10,-1.713039432527097e-16,-2.3440450969136606e-16,-3.75921516138078e-13,-0.024424810990432033,1.0651607391048847,1.0909476044964381,0.1929487531544342,1.9984014443252818e-15,0.0014896669890731573,not_checked,0.001,not_checked,not_checked,,-0.002127179975325918,0.004183021558898444,-0.00011753407935577442,True
local_b3_n800,105,2035211706,local,3,0.10606601717798213,800,0.0011454548711420376,True,ok,0.0023747292358682337,0.6029988953544372,0.0024644955724019897,3.9318287289046236,3.5623710403084985,0.1712176571430517,0.1610202298859161,0.1684383418063361,0.14960102098566114,0.14960102098566092,800.0000000000005,800.0000000000005,0.00125,8.125067285646992e-11,9.665279285527411,9,-1.6653345369377348e-16,-1.6263032587282567e-16,-2.611244553918368e-13,-0.06613097575772375,1.0429299045531992,1.1101422678811832,0.21823823654855762,1.7042989242099793e-10,0.0014133758377283812,not_checked,0.001,not_checked,not_checked,,-0.002455593326098091,0.0072050517978345585,0.0012292743647261961,True
local_b3_n800,106,2035211707,local,3,0.10606601717798213,800,0.0011454548711420376,True,ok,0.00012688108982938928,0.6267666014204156,0.0005410676568456131,0.2050653669078712,0.21763040871427142,0.9046818808152128,0.903764836724267,0.8968961446845723,0.9034767777159518,0.9034767777159518,800.0000000000005,800.0000000000005,0.00125,8.182343691487404e-14,12.651174439998064,9,-3.5054966741887572e-15,8.142358315366138e-17,1.305622276959184e-13,-0.0010278115904241159,0.9421569017623034,1.0895413127792435,0.17474593955089796,1.7430501486614958e-13,0.001364750089123845,not_checked,0.001,not_checked,not_checked,,-0.0009335920307874891,0.0011873542104462677,-0.0010185737813126483,True
local_b3_n800,107,2035211708,local,3,0.10606601717798213,800,0.0011454548711420376,True,ok,0.002446376625254043,0.6677919878430862,0.0026669621900262024,4.090069993140151,3.1586301515849033,0.17198478307234338,0.1590674082111833,0.20611622386046793,0.14126731954801214,0.141267319548012,800.0000000000005,800.0000000000005,0.00125,1.3322676295501878e-15,12.266378429391166,10,-3.686287386450715e-16,2.419939248987646e-16,3.885780586188048e-13,-0.08793369636684001,0.9277649894353412,1.2993214385735101,0.16676202299105836,2.886579864025407e-15,0.0014699171297252178,not_checked,0.001,not_checked,not_checked,,-0.002780773215327381,0.007673526465835467,0.0013009217541120055,True
local_b3_n800,108,2035211709,local,3,0.10606601717798213,800,0.0011454548711420376,True,ok,0.0020612547429867956,0.650581101890763,0.0022815488647443143,3.39062532171811,3.1511055727673662,0.21188468206848987,0.20286756130764177,0.2068931533468211,0.1922413251465082,0.19224132514650807,800.0000000000005,800.0000000000005,0.00125,7.216449660063518e-16,12.570434699074609,10,-5.334274688628682e-17,3.8163916471489756e-17,6.128431095930864e-14,-0.04630886646961763,0.9877560621547549,1.1388411960039486,0.1896813215646756,1.1102230246251565e-15,0.0014937501400709152,not_checked,0.001,not_checked,not_checked,,-0.0024104988608803076,0.006533008346853899,0.000915799871844758,True
local_b3_n800,109,2035211710,local,3,0.10606601717798213,800,0.0011454548711420376,True,ok,0.0010620628474664606,0.635812699454094,0.0016153147852707743,1.7182899598818318,1.7085706064524984,0.439069811951311,0.4350522645828573,0.42558724824826644,0.42756443450567083,0.4275644345056705,800.0000000000005,800.0000000000005,0.00125,8.28844770595083e-11,13.100850713850521,9,-6.1110530698293974e-12,1.74122868901172e-16,2.795541576006144e-13,-0.009494701967746932,0.9767430867159121,1.0895917375216244,0.17990069495903693,1.774400626430861e-10,0.001412833807989955,not_checked,0.001,not_checked,not_checked,,-0.002103895955359308,0.004228021650292229,-8.339202367557697e-05,True
local_b3_n800,110,2035211711,local,3,0.10606601717798213,800,0.0011454548711420376,True,ok,0.0005579771895987129,0.6278168182323913,0.0011253796122359615,0.8978915800352917,0.9750744866204615,0.6399852934817752,0.6383480067538321,0.6141370033028706,0.6399394274742587,0.6399394274742585,800.0000000000005,800.0000000000005,0.00125,4.562572541999543e-12,13.099669597415248,9,-1.877399060865037e-13,-3.209238430557093e-17,-5.1514348342607263e-14,-0.0025640383386752452,0.9188794551501126,1.0869183427780094,0.18497146397887027,9.719114402173545e-12,0.0015265007968991995,not_checked,0.001,not_checked,not_checked,,-0.0016477263193194233,0.002763680698516849,-0.0005874776815433247,True
local_b3_n800,111,2035211712,local,3,0.10606601717798213,800,0.0011454548711420376,True,ok,0.004206670061430051,0.6194071855113017,0.003291189533851238,7.056660858095012,6.167959135603173,0.04626048241518314,0.039894175608211624,0.04577672211627275,0.03455040353338016,0.03455040353338011,800.0000000000005,800.0000000000005,0.00125,1.6979961880991823e-10,9.536780446895563,9,-6.710777766816278e-15,-1.734723475976807e-16,-2.7711166694643907e-13,-0.16299437990346322,1.0033359325697346,1.1826257060729553,0.19539387979697784,3.6500291678009944e-10,0.0015277501661330462,not_checked,0.001,not_checked,not_checked,,-0.0022439428912135444,0.010657283014073647,0.0030612151902880136,True
local_b3_n800,112,2035211713,local,3,0.10606601717798213,800,0.0011454548711420376,True,ok,0.004192008538101977,0.6257376856221624,0.0033003324446712282,7.033091636336857,6.088288258698807,0.050200027540628064,0.043472863947701515,0.04763706571150748,0.03495803871907089,0.03495803871907084,800.0000000000005,800.0000000000005,0.00125,3.530509218307998e-14,9.825423520862094,10,-7.722988915048745e-15,4.163336342344337e-17,6.039613253960852e-14,-0.16293898768684523,0.9891385583754257,1.2454075115426477,0.20063192696973112,6.88338275267597e-14,0.0015129167586565018,not_checked,0.001,not_checked,not_checked,,-0.0022765241904626615,0.010660541266666615,0.003046553666959939,True
local_b3_n800,113,2035211714,local,3,0.10606601717798213,800,0.0011454548711420376,True,ok,0.001014202452808144,0.6151617836202339,0.001637194559346049,1.5760755026097346,1.5932202181658275,0.4312564751848378,0.4417949134993262,0.4508547249117073,0.44425259873720857,0.44425259873720835,800.0000000000005,800.0000000000005,0.00125,1.4067991216393239e-10,15.684504427101068,9,2.0643209364124004e-16,1.48318857196017e-16,2.3803181647963356e-13,0.02332421094164827,0.8855533795000161,1.0477919920310543,0.1786369623344393,3.0047853094572474e-10,0.0014062919653952122,not_checked,0.001,not_checked,not_checked,,-0.0021946399191950365,0.004223044824811324,-0.00013125241833389367,True
local_b3_n800,114,2035211715,local,3,0.10606601717798213,800,0.0011454548711420376,True,ok,0.0013970108472187714,0.6396655180840418,0.001828220319591422,2.2939357120166517,2.2774485998629523,0.34159915243215044,0.33210149588637183,0.32022727531349093,0.3270609683943281,0.32706096839432786,800.0000000000005,800.0000000000005,0.00125,4.440892098500626e-16,12.063268283816756,10,8.088148206741863e-17,-2.862293735361732e-17,-4.4853010194856324e-14,-0.029359178233308025,0.9892189879186205,1.0929581309656535,0.17775383161375355,8.881784197001252e-16,0.0018791251350194216,not_checked,0.001,not_checked,not_checked,,-0.0021862351349847234,0.004980256829422266,0.00025155597607673386,True
local_b3_n800,115,2035211716,local,3,0.10606601717798213,800,0.0011454548711420376,True,ok,0.0013055234827707984,0.6707853812728641,0.0017549270101555096,2.154017105690838,2.1605443036520233,0.38084118001252154,0.3695983312711678,0.33950311667773453,0.3518962869249071,0.3518962869249068,800.0000000000005,800.0000000000005,0.00125,5.551115123125783e-16,13.502211627142215,10,-1.5937771935536915e-16,-1.8648277366750676e-17,-2.842170943040401e-14,-0.03258976662877955,0.930937381079043,1.2445369595371796,0.1660703807765316,1.3322676295501878e-15,0.0015449998900294304,not_checked,0.001,not_checked,not_checked,,-0.002134070252630558,0.004745117218172155,0.00016006861162876085,True
local_b3_n800,116,2035211717,local,3,0.10606601717798213,800,0.0011454548711420376,True,ok,0.00019253079989756117,0.5490899660539379,0.000703014564443818,0.3094873968489455,0.2979885253148533,0.8586523294793775,0.8580416948626459,0.8615740580303013,0.8572508981593479,0.8572508981593477,800.0000000000005,800.0000000000005,0.00125,5.9321436651771364e-12,9.558231284977992,8,-1.2843458935263286e-15,-6.995814517962717e-17,-1.1191048088221578e-13,-0.0007190585064237309,0.9804711052435244,1.0418266753525733,0.2195544772572476,1.1463052729254741e-11,0.001499250065535307,not_checked,0.001,not_checked,not_checked,,-0.001185352427019435,0.0015704140268145573,-0.0009529240712444764,True
local_b3_n800,117,2035211718,local,3,0.10606601717798213,800,0.0011454548711420376,True,ok,0.0011748886104323564,0.6186962726669571,0.0016544229473497468,1.9276794292622765,1.9740577366099847,0.40336724669191604,0.39416427028436485,0.3726823360009361,0.39066264640208503,0.39066264640208476,800.0000000000005,800.0000000000005,0.00125,1.6438062022672284e-10,11.031808035389302,9,-3.881443777498106e-17,5.551115123125783e-17,8.948397578478762e-14,-0.023928826285252613,0.9542868287218897,1.1198209630642948,0.18787505413726718,3.533440207093008e-10,0.001430292148143053,not_checked,0.001,not_checked,not_checked,,-0.0020677207815697537,0.004417498002434466,2.9433739290318783e-05,True
local_b3_n800,118,2035211719,local,3,0.10606601717798213,800,0.0011454548711420376,True,ok,0.0033619031906866326,0.6080061660273386,0.0029105015322174873,5.619216038683317,5.089615520160983,0.08171890314873165,0.07307993294165599,0.07848813908404238,0.06791335669138268,0.06791335669138261,800.0000000000005,800.0000000000005,0.00125,1.0192591215485436e-10,9.240340802737029,9,-1.0642528525117712e-15,1.1275702593849246e-16,1.8474111129762605e-13,-0.12008546679235099,1.0357400633176568,1.1116983641001301,0.214950274532926,2.1562707175348805e-10,0.0013494580052793026,not_checked,0.001,not_checked,not_checked,,-0.0023425749894082862,0.009066381370781551,0.002216448319544595,True
local_b3_n800,119,2035211720,local,3,0.10606601717798213,800,0.0011454548711420376,True,ok,0.0009604199026027604,0.6297243939877954,0.0014556741456668771,1.4944253495904662,1.7683492064084785,0.4369735646098969,0.44701586183940145,0.4130549668608564,0.46378419956715267,0.46378419956715256,800.0000000000005,800.0000000000005,0.00125,1.1102230246251565e-15,16.48780052560297,10,1.0842021724855044e-18,-4.456070928915423e-17,-7.016609515630989e-14,0.021123247286975677,0.8448363043321758,1.0159256489557165,0.15654278717458434,2.6645352591003757e-15,0.0014190410729497671,not_checked,0.001,not_checked,not_checked,,-0.001892648996130431,0.003813488801335952,-0.00018503496853927714,True
local_b3_n800,120,2035211721,local,3,0.10606601717798213,800,0.0011454548711420376,True,ok,0.0006383239536345009,0.6153074577552149,0.0012750778858422556,1.0317318006268899,0.9897246751258524,0.6050236340398354,0.6019323742290899,0.6096548280892149,0.6000998848282606,0.6000998848282603,800.0000000000005,800.0000000000005,0.00125,1.4133283432471444e-10,12.04534373631953,8,-6.701763709954234e-13,7.48099499014998e-17,1.1901590823981678e-13,-0.005206737405843875,0.9769341254294659,1.0567631903836017,0.18665360364047873,3.025015793411967e-10,0.0011959578841924667,not_checked,0.001,not_checked,not_checked,,-0.0018607827800997943,0.003137430687368796,-0.0005071309175075367,True
local_b3_n800,121,2035211722,local,3,0.10606601717798213,800,0.0011454548711420376,True,ok,0.0036702348068384794,0.6601239432965815,0.0030780019155263382,6.187091361791593,5.316107664902008,0.07367903647387675,0.06411796307124767,0.07008448525672852,0.05306764569038205,0.05306764569038195,800.0000000000005,800.0000000000005,0.00125,4.96269692007445e-14,11.225779459047432,10,-1.1143863609675009e-14,-1.960237527853792e-16,-3.1441516057384433e-13,-0.15735783542501114,1.0229634582934697,1.2258717146211386,0.19209478743684133,1.021405182655144e-13,0.0016933339647948742,not_checked,0.001,not_checked,not_checked,,-0.002362538091938441,0.009703007705615399,0.0025247799356964418,True
local_b3_n800,122,2035211723,local,3,0.10606601717798213,800,0.0011454548711420376,True,ok,0.0001310953073718757,0.6402195966039141,0.0005477390325500641,0.21195374665512956,0.22682628522258813,0.9013852236917171,0.9004037934816449,0.8927817377340418,0.900435948334071,0.9004359483340709,800.0000000000005,800.0000000000005,0.00125,1.0835776720341528e-13,13.376134352209002,9,-4.763171194271942e-15,7.546047120499111e-17,1.212363542890671e-13,-0.0011006274300641716,0.9341660072158716,1.0919665673270047,0.1680984029018989,2.353672812205332e-13,0.0014078330714255571,not_checked,0.001,not_checked,not_checked,,-0.0009424534693530623,0.0012046440840968137,-0.001014359563770162,True
local_b3_n800,123,2035211724,local,3,0.10606601717798213,800,0.0011454548711420376,True,ok,0.006713085036517352,0.6127511566269421,0.004200285245877214,11.345963798209977,9.432567443954692,0.008586956195958818,0.006580426509387843,0.008948371469406994,0.004651953550532164,0.004651953550532151,800.0000000000005,800.0000000000005,0.00125,1.2626055756470578e-10,8.830869876666691,9,-1.9781745685953922e-13,-3.9898639947466563e-17,-6.572520305780927e-14,-0.3025138698911043,1.040454506063747,1.2085692799792087,0.20924618099865447,2.688471667511294e-10,0.001382665941491723,not_checked,0.001,not_checked,not_checked,,-0.0015193227701969531,0.014945492843231658,0.005567630165375315,True
local_b3_n800,124,2035211725,local,3,0.10606601717798213,800,0.0011454548711420376,True,ok,0.009705348360841581,0.6018151594654562,0.0048241772652613145,16.438703145223403,14.901944157448327,0.0010387158087867283,0.0006950598412244248,0.0005808766797970661,0.0004246358037907459,0.000424635803790744,800.0000000000005,800.0000000000005,0.00125,7.687572800563203e-11,8.393125938855754,9,-1.7477373714935851e-12,-3.625572064791527e-16,-5.826450433232822e-13,-0.45507288393843215,1.0886666044166742,1.1683348841876078,0.2224353798527597,1.6115397905025475e-10,0.0013928739354014397,not_checked,0.001,not_checked,not_checked,,0.0002501346658924739,0.01916056205579069,0.008559893489699544,True
local_b3_n800,125,2035211726,local,3,0.10606601717798213,800,0.0011454548711420376,True,ok,0.0021206406800602373,0.6394319945994997,0.002146068760516671,3.4208666723457832,3.8624538237123516,0.19723032771293159,0.19464624528951546,0.1449702236400501,0.18332173701894652,0.18332173701894633,800.0000000000005,800.0000000000005,0.00125,9.992007221626409e-16,13.682530294310318,10,-2.714842239903703e-16,-1.691355389077387e-16,-2.7000623958883807e-13,-0.013920792124700876,0.8846864121181067,1.2100749338071644,0.17266936921606452,2.220446049250313e-15,0.0015018752310425043,not_checked,0.001,not_checked,not_checked,,-0.0020855767988989526,0.006326858159019427,0.0009751858089181997,True
local_b3_n800,126,2035211727,local,3,0.10606601717798213,800,0.0011454548711420376,True,ok,0.0006206330113285308,0.614570558736437,0.001275780429711191,1.0094757316359315,0.9338264447622384,0.6239513630364377,0.6190970177932512,0.6269344919343298,0.6086533354499146,0.6086533354499144,800.0000000000005,800.0000000000005,0.00125,1.370119573351758e-10,11.491309015031131,8,-1.7768607765700217e-12,2.2833297752544723e-16,3.6548541970660153e-13,-0.008231456755140865,0.9507769230801241,1.1626087175442932,0.19815881516992304,2.9240898591353925e-10,0.0012741249520331621,not_checked,0.001,not_checked,not_checked,,-0.0018798506830864374,0.003121116705743499,-0.0005248218598135068,True
local_b3_n800,127,2035211728,local,3,0.10606601717798213,800,0.0011454548711420376,True,ok,0.0033791212167431084,0.5865071005332516,0.002922785905496308,5.585453513079319,5.100364153919724,0.08179990568986312,0.07530645211597425,0.07806745042299063,0.06698430281428332,0.06698430281428322,800.0000000000005,800.0000000000005,0.00125,3.767652856367931e-11,9.131908206804768,9,-4.36282954208167e-16,-3.165870343657673e-16,-5.080380560684716e-13,-0.08942978314517136,1.0307664679898743,1.1283093197963738,0.22731441076635783,7.714540117831348e-11,0.001381708076223731,not_checked,0.001,not_checked,not_checked,,-0.002349433892550945,0.009107676326037161,0.002233666345601071,True
local_b3_n800,128,2035211729,local,3,0.10606601717798213,800,0.0011454548711420376,True,ok,0.0025265710431396915,0.6634089840455819,0.0025491093671940633,4.201610016696575,3.7346029848195563,0.1548966783909318,0.14394623953421887,0.15454012735135444,0.1324888438430303,0.1324888438430301,800.0000000000005,800.0000000000005,0.00125,1.5543122344752192e-15,12.443147126948817,10,-3.209238430557093e-17,7.806255641895632e-17,1.2434497875801753e-13,-0.07954817383653312,1.0324572218247012,1.1352773635126994,0.1773858230401113,3.552713678800501e-15,0.0014908749144524336,not_checked,0.001,not_checked,not_checked,,-0.00246959150921436,0.007522733595493743,0.001381116171997654,True
local_b3_n800,129,2035211730,local,3,0.10606601717798213,800,0.0011454548711420376,True,ok,0.0009375611914588244,0.6031130677263716,0.001575737488424857,1.5245710603358773,1.3828366903016471,0.4876796895248894,0.482004303470861,0.5008651653533206,0.4723434294682284,0.47234342946822827,800.0000000000005,800.0000000000005,0.00125,8.168277165765403e-11,10.969797318044119,8,-6.0360249784507936e-12,-1.3335686721571705e-16,-2.1582735598713043e-13,-0.012236577000878657,0.9762870533928052,1.1156841407841673,0.20209572439804827,1.7135115548683189e-10,0.001255708048120141,not_checked,0.001,not_checked,not_checked,,-0.0021508275349434954,0.004025949917861144,-0.00020789367968321315,True
local_b3_n800,130,2035211731,local,3,0.10606601717798213,800,0.0011454548711420376,True,ok,0.0017848510789566507,0.5962797906073025,0.0021264114897312264,2.916569384981484,2.749880043828677,0.2576567315843924,0.25032428779658894,0.25285476109447025,0.23981658831269884,0.2398165883126987,800.0000000000005,800.0000000000005,0.00125,5.96308558087344e-11,10.32032184857811,9,1.4116312285761268e-16,1.2771901591879242e-16,2.0161650127192843e-13,-0.030403829325420517,1.029438356782159,1.0765529148825574,0.20615341007496568,1.2380918512633343e-10,0.0013870832044631243,not_checked,0.001,not_checked,not_checked,,-0.002382838857228716,0.005952541015142017,0.0006393962078146131,True
local_b3_n800,131,2035211732,local,3,0.10606601717798213,800,0.0011454548711420376,True,ok,0.0028335485952599715,0.5797903726641953,0.002572115261741419,4.67543790797423,4.667134676823653,0.11949809973197692,0.11183722807072943,0.09694927858625998,0.10363927940190232,0.10363927940190214,800.0000000000005,800.0000000000005,0.00125,2.7359781107350045e-11,8.958731608873517,9,-6.852157730108388e-17,-6.982261990806649e-17,-1.1191048088221578e-13,-0.0708800777791363,0.9934831788253649,1.1402389875668306,0.21262833367383888,5.541012093601694e-11,0.001379790948703885,not_checked,0.001,not_checked,not_checked,,-0.002207704681839024,0.007874801872358967,0.001688093724117934,True
local_b3_n800,132,2035211733,local,3,0.10606601717798213,800,0.0011454548711420376,True,ok,0.0007384573334745514,0.6142107950782238,0.0014326298398100758,1.200895351929315,1.0450140293766876,0.5631233604109644,0.5578615274379393,0.5930319429808697,0.5539029064114535,0.5539029064114532,800.0000000000005,800.0000000000005,0.00125,1.3479584115572152e-10,11.490909084618497,8,-3.0193390105834328e-12,5.2475385148298415e-17,8.215650382226158e-14,-0.009681809185016044,0.9009201331059967,1.1689945861452207,0.18341469721358278,2.8759927772625815e-10,0.0012588328681886196,not_checked,0.001,not_checked,not_checked,,-0.002069445555730584,0.003546360222679687,-0.00040699753766748614,True
local_b3_n800,133,2035211734,local,3,0.10606601717798213,800,0.0011454548711420376,True,ok,0.005383226284205733,0.6073249483810503,0.0038043910989547154,9.097585743331997,7.3823480259659755,0.023386992801519714,0.01897653072841823,0.024942701790470728,0.013479557137153009,0.013479557137152971,800.0000000000005,800.0000000000005,0.00125,9.892786589915659e-11,8.504164577579306,9,-5.004850700540686e-14,-1.0321604682062002e-16,-1.616484723854228e-13,-0.2422118443014094,1.0216809783469543,1.260721302874311,0.21395680007299808,2.0886292695365682e-10,0.0013784579932689667,not_checked,0.001,not_checked,not_checked,,-0.0020732432528502657,0.012839695821261732,0.004237771413063696,True
local_b3_n800,134,2035211735,local,3,0.10606601717798213,800,0.0011454548711420376,True,ok,0.00026407665719729856,0.6019397630422247,0.0008587742638586083,0.42003540219991936,0.3842384418296517,0.8077620775941806,0.8087768905984496,0.8252084805168775,0.8095624797073637,0.8095624797073637,800.0000000000005,800.0000000000005,0.00125,7.739986429555756e-11,12.757419808486636,8,8.709233421250184e-15,-1.1958749962515114e-16,-1.9095836023552692e-13,0.0012436246578792776,0.8649478037521343,1.1299901855560592,0.17670167944641146,1.6210766062840776e-10,0.0012651239521801472,not_checked,0.001,not_checked,not_checked,,-0.001419089970815471,0.0019472432852100682,-0.000881378213944739,True
local_b3_n800,135,2035211736,local,3,0.10606601717798213,800,0.0011454548711420376,True,ok,0.0014963739807589693,0.642378589455995,0.001984771046608154,2.4797302762001596,2.1809712904491136,0.32852062952930333,0.3157268740947926,0.3360532514142757,0.3020691891785499,0.3020691891785497,800.0000000000005,800.0000000000005,0.00125,8.122842676261399e-16,11.493756052601068,10,-2.875304161431558e-16,-5.228022875725102e-16,-8.384404281969182e-13,-0.042765953492903686,1.0089833885425579,1.1437067993543135,0.19599201022740564,8.881784197001252e-16,0.0014937499072402716,not_checked,0.001,not_checked,not_checked,,-0.0023937057881508817,0.00538645374966882,0.00035091910961693173,True
local_b3_n800,136,2035211737,local,3,0.10606601717798213,800,0.0011454548711420376,True,ok,7.28810845074257e-05,0.6102435881901405,0.0004481463381311565,0.11577189984683406,0.1074131008398657,0.9430415420603535,0.9434389085210533,0.9477101708525315,0.9433623029854431,0.943362302985443,800.0000000000005,800.0000000000005,0.00125,1.1287937251580615e-10,13.269376165488943,8,3.2286185443902715e-16,8.970417724601942e-17,1.4366285938649526e-13,0.00041891768252356326,0.8849016820486851,1.1165575217393424,0.1798945335195291,2.393309994630499e-10,0.0012661251239478588,not_checked,0.001,not_checked,not_checked,,-0.0008054695980331502,0.0009512317670480016,-0.001072573786634612,False
local_b3_n800,137,2035211738,local,3,0.10606601717798213,800,0.0011454548711420376,True,ok,0.001652654612191995,0.6523360466272532,0.0020975263447609357,2.7287258853061225,2.402672205748805,0.2822607469208135,0.27110870591401215,0.3007920541817893,0.2665685914339081,0.266568591433908,800.0000000000005,800.0000000000005,0.00125,6.661338147750939e-16,12.336290049136299,10,5.312590645178972e-17,8.890457814381136e-17,1.4344081478157023e-13,-0.04223925289946462,0.9554893998286591,1.1378675215157679,0.1739884244521725,1.5543122344752192e-15,0.0015035830438137054,not_checked,0.001,not_checked,not_checked,,-0.0024584214801633836,0.0057637307045473735,0.0005071997410499574,True
local_b3_n800,138,2035211739,local,3,0.10606601717798213,800,0.0011454548711420376,True,ok,0.0006295865923846566,0.628117911070293,0.001330532024266706,1.0217039459884336,0.8793951236239002,0.6165635209854752,0.6123329316819832,0.6442312317489793,0.6043092106336718,0.6043092106336716,800.0000000000005,800.0000000000005,0.00125,1.8615220476192462e-11,12.376595188003382,9,-1.4284726830224304e-12,-1.7206288477344955e-16,-2.7489122089718876e-13,-0.007182699086491162,0.9268400728928674,1.1666274308049642,0.17902609027705074,3.892486333256784e-11,0.0013779588043689728,not_checked,0.001,not_checked,not_checked,,-0.00197820825545526,0.0032373814402245735,-0.000515868278757381,True
local_b3_n800,139,2035211740,local,3,0.10606601717798213,800,0.0011454548711420376,True,ok,0.0010235809358027925,0.5765608521846288,0.0016992937861079358,1.6753039272196713,1.4211662103720628,0.4595057640333542,0.45141734740516437,0.4913576007458794,0.44093193906040995,0.4409319390604096,800.0000000000005,800.0000000000005,0.00125,1.479452116370794e-10,9.34379940807486,8,-1.5856066242977973e-11,1.3444106938820255e-16,2.149391775674303e-13,-0.018787214967601162,0.9009649118557883,1.2198621192932662,0.20053295226235052,2.82345480329127e-10,0.0012641670182347298,not_checked,0.001,not_checked,not_checked,,-0.0023069736841214716,0.004354135555727057,-0.00012187393533924507,True
local_b3_n800,140,2035211741,local,3,0.10606601717798213,800,0.0011454548711420376,True,ok,0.0010770377629527594,0.6129942992395203,0.0016856303110770322,1.750235274552432,1.6015381935940562,0.43040707282713986,0.4247704450713954,0.4489835195073064,0.4224728010956087,0.42247280109560836,800.0000000000005,800.0000000000005,0.00125,1.2766032675415317e-10,11.50548545405063,8,-9.626789599856411e-12,1.6002824065886045e-16,2.5646151868841116e-13,-0.01348742691400806,0.9525140648289919,1.0944774291979291,0.1882931347493248,2.718922864630713e-10,0.0012667090632021427,not_checked,0.001,not_checked,not_checked,,-0.0022267369380072712,0.00438081246391279,-6.841710818927815e-05,True
local_b3_n800,141,2035211742,local,3,0.10606601717798213,800,0.0011454548711420376,True,ok,0.002657860367039966,0.6094906643679148,0.002657845883008111,4.422879479467835,3.7833564448002632,0.14473981062529895,0.13399144220136472,0.15081848936541326,0.11927920260318367,0.1192792026031835,800.0000000000005,800.0000000000005,0.00125,1.0911371806088255e-10,9.598346308533143,9,4.9873299934333204e-17,3.959506333917062e-16,6.323830348264892e-13,-0.08515144610194358,1.0134762321723194,1.1869390480704003,0.20710924719334706,2.3108781554981306e-10,0.001380166970193386,not_checked,0.001,not_checked,not_checked,,-0.0025514218401139896,0.007867142574193922,0.0015124054958979283,True
local_b3_n800,142,2035211743,local,3,0.10606601717798213,800,0.0011454548711420376,True,ok,0.0006036204498822695,0.5899104977309051,0.001153066516734561,0.9838774447611562,1.0805913330278016,0.6192104700761532,0.6136845632105519,0.5825759786987618,0.6169937653519662,0.6169937653519659,800.0000000000005,800.0000000000005,0.00125,4.427946898033497e-11,10.192514506357213,8,-1.9228558632497506e-12,2.8471149049469346e-16,4.549693954913892e-13,-0.009042362474762256,0.9102094085828012,1.1124602044864496,0.18507738562577286,9.106093656896519e-11,0.0012652489822357893,not_checked,0.001,not_checked,not_checked,,-0.0016563483946965218,0.0028635892944610607,-0.0005418344212597681,True
local_b3_n800,143,2035211744,local,3,0.10606601717798213,800,0.0011454548711420376,True,ok,0.0037603435792421536,0.6418049308741076,0.003196005378171151,6.346842883857475,5.163433584591116,0.06919472649099331,0.05982371958987173,0.07564402739989207,0.0493767870304652,0.0493767870304651,800.0000000000005,800.0000000000005,0.00125,4.5852210917018965e-14,10.148151691246683,10,-1.0541047201773068e-14,-1.5742615544489524e-16,-2.5224267119483557e-13,-0.1651465785350128,1.0078577278291554,1.2407368863058628,0.1968152452150415,9.14823772291129e-14,0.0014925431460142136,not_checked,0.001,not_checked,not_checked,,-0.002503711856369618,0.010024399014853925,0.002614888708100116,True
local_b3_n800,144,2035211745,local,3,0.10606601717798213,800,0.0011454548711420376,True,ok,0.0006439690614259419,0.6293748160256962,0.0012830600099175288,1.0485717783793438,0.9877664573141276,0.6082448311561979,0.6029215345732268,0.6102520388803915,0.5973958923271923,0.5973958923271919,800.0000000000005,800.0000000000005,0.00125,3.0559887953529596e-11,12.166103638390936,9,-2.649801059996515e-12,3.18104917407247e-16,5.082601006733967e-13,-0.00911064004891804,0.9935699303857226,1.0801883220476554,0.18479631831937549,6.43407549461017e-11,0.0013810000382363796,not_checked,0.001,not_checked,not_checked,,-0.0018707823480160189,0.0031587204708679027,-0.0005014858097160957,True
local_b3_n800,145,2035211746,local,3,0.10606601717798213,800,0.0011454548711420376,True,ok,0.00012055288477808013,0.568366067859734,0.0005704855787453421,0.19377252234064152,0.17805412831358863,0.9096814398840456,0.9092852087729659,0.9148208143854509,0.9080622841790998,0.9080622841790998,800.0000000000005,800.0000000000005,0.00125,1.5674794795472735e-11,10.316895839598946,8,-3.113286538292126e-16,-7.044603615724565e-17,-1.1235457009206584e-13,-0.00044395334785660157,0.9297521354834419,1.1159794039803974,0.20740062399080117,3.1207703088398375e-11,0.0012596242595463991,not_checked,0.001,not_checked,not_checked,,-0.0009975783032622795,0.0012386840728184397,-0.0010249019863639575,True
local_b3_n800,146,2035211747,local,3,0.10606601717798213,800,0.0011454548711420376,True,ok,0.0006450794113166403,0.6135386888301346,0.0012920199938639357,1.0516518694452643,0.9787192407139094,0.6126008406620423,0.6069528035482896,0.6130188332976425,0.5968654731714103,0.59686547317141,800.0000000000005,800.0000000000005,0.00125,1.3083523153767374e-10,11.263059779488023,8,-2.8567209361951562e-12,-2.927345865710862e-17,-4.6629367034256575e-14,-0.00976240566931963,0.9702604563729199,1.1411717721264107,0.2014664951693403,2.788125286201648e-10,0.0012607092503458261,not_checked,0.001,not_checked,not_checked,,-0.0018872332439623355,0.003177392066595616,-0.0005003754598253973,True
local_b3_n800,147,2035211748,local,3,0.10606601717798213,800,0.0011454548711420376,True,ok,0.0021405909825222835,0.590005631757138,0.0023578323654671928,3.5233261583655047,3.255546709653109,0.19348478381141399,0.18464602510582806,0.19636632583256358,0.18041910272590742,0.18041910272590722,800.0000000000005,800.0000000000005,0.00125,4.447142654129266e-11,9.524362987680975,9,-3.41740524767431e-16,-4.505944228849756e-16,-7.194245199571014e-13,-0.049190293164924626,0.8925548142709139,1.1964534597019783,0.18336379947720247,9.148215518450797e-11,0.0013780419249087572,not_checked,0.001,not_checked,not_checked,,-0.002480675535376296,0.006761857500420863,0.000995136111380246,True
local_b3_n800,148,2035211749,local,3,0.10606601717798213,800,0.0011454548711420376,True,ok,0.0019167079405177923,0.6147419031137973,0.0022051682796452358,3.1756625150670246,2.9058329421605014,0.239341318022039,0.22750635423268628,0.2338871672675606,0.21580795750063744,0.21580795750063725,800.0000000000005,800.0000000000005,0.00125,1.3802503584514625e-10,10.132989959319046,9,6.743737512859838e-17,5.204170427930421e-17,8.215650382226158e-14,-0.054464905119277596,1.0047961635216927,1.1412094975877904,0.20318462516919633,2.947271315889566e-10,0.0013771248050034046,not_checked,0.001,not_checked,not_checked,,-0.00240534246743702,0.006238758348472605,0.0007712530693757547,True
local_b3_n800,149,2035211750,local,3,0.10606601717798213,800,0.0011454548711420376,True,ok,0.00019763529764316168,0.6308459210830202,0.0006905713219518327,0.31960732303499745,0.3264845881729075,0.8541581679703408,0.8527158082837369,0.8493853624299506,0.8537573678794438,0.8537573678794437,800.0000000000005,800.0000000000005,0.00125,3.311795282456842e-13,12.81547114512522,9,-1.6628950820496424e-14,1.4468677991819057e-16,2.3159252293680765e-13,-0.0016954234029692983,0.9349774212072954,1.075507002084788,0.17165495751931334,7.08988423525625e-13,0.0013811660464853048,not_checked,0.001,not_checked,not_checked,,-0.0011558596221386448,0.0015511302174249682,-0.0009478195734988759,True
local_b3_n800,150,2035211751,local,3,0.10606601717798213,800,0.0011454548711420376,True,ok,0.0010905757031918206,0.6239351964805222,0.0016371600255544938,1.7792148895630135,1.7653475077596585,0.4234150067223575,0.4163394758432897,0.4136753655748526,0.4179219599577332,0.41792195995773307,800.0000000000005,800.0000000000005,0.00125,1.7807433305705445e-10,11.738572355776999,9,-1.8315040022781615e-11,-8.760353553682876e-17,-1.4144241333724494e-13,-0.01714688222804983,0.9147671105716059,1.1216207731673173,0.17090146312328416,3.6561598193429745e-10,0.0013967498671263456,not_checked,0.001,not_checked,not_checked,,-0.002118198983823662,0.004299350390207303,-5.487916795021697e-05,True
local_b3_n800,151,2035211752,local,3,0.10606601717798213,800,0.0011454548711420376,True,ok,0.005940387278127401,0.6507746553578615,0.004127450812062518,10.001851611531581,7.626685695355992,0.015930418044836275,0.012904369755981599,0.022074264579522048,0.008631734384709176,0.008631734384709152,800.0000000000005,800.0000000000005,0.00125,5.64104318812042e-13,10.95999800242599,10,-1.3646288959945352e-13,1.960237527853792e-16,3.161915174132446e-13,-0.2486159832638668,0.9461653077826189,1.3172362529351325,0.1762353928879049,1.1319833959078096e-12,0.001890165964141488,not_checked,0.001,not_checked,not_checked,,-0.0021492676614757334,0.014030042217730536,0.004794932406985364,True
local_b3_n800,152,2035211753,local,3,0.10606601717798213,800,0.0011454548711420376,True,ok,0.0008676924928721075,0.5944111812012518,0.0014515616074649844,1.3800591924278187,1.433165437404748,0.49205407218949354,0.4941311063672842,0.48841847068156574,0.49949684646457826,0.49949684646457804,800.0000000000005,800.0000000000005,0.00125,5.4668602977869796e-11,12.43250246085803,8,7.05917529292277e-13,4.705437428587089e-17,7.505107646466058e-14,0.00412439808377707,0.9379502508825894,1.0208432119342978,0.19260136921836588,1.1319012394039873e-10,0.0013167497236281633,not_checked,0.001,not_checked,not_checked,,-0.0019773159791003293,0.0037127009648445443,-0.0002777623782699301,True
local_b3_n800,153,2035211754,local,3,0.10606601717798213,800,0.0011454548711420376,True,ok,0.003989871499221032,0.6090172382792487,0.003061469934172774,6.671372272576685,6.482712949784966,0.05189460065533291,0.04543046752358923,0.03911080627356324,0.04109383374064853,0.041093833740648476,800.0000000000005,800.0000000000005,0.00125,1.0660228255687798e-10,9.28932106208373,9,-3.2846989017620842e-15,-2.437286483747414e-16,-3.872457909892546e-13,-0.14378893691151529,1.0256249984541923,1.130892374925408,0.1992870967700779,2.2604562666117545e-10,0.0013704581651836634,not_checked,0.001,not_checked,not_checked,,-0.002010499311509816,0.00999024230995188,0.002844416628078994,True
local_b3_n800,154,2035211755,local,3,0.10606601717798213,800,0.0011454548711420376,True,ok,0.0015688279014705042,0.6348330191033671,0.0018708182994447112,2.5699638687939954,2.77111818653722,0.2950052232963405,0.2865781195075321,0.2501838845567373,0.2850580825158237,0.28505808251582354,800.0000000000005,800.0000000000005,0.00125,6.661338147750939e-16,12.003594223676853,10,2.411265631607762e-16,2.226951262285226e-16,3.552713678800501e-13,-0.029919613220593666,0.9126612993023496,1.148796761169109,0.168481770522557,1.3322676295501878e-15,0.0015117509756237268,not_checked,0.001,not_checked,not_checked,,-0.0020979085870596,0.005235564390000608,0.0004233730303284666,True
local_b3_n800,155,2035211756,local,3,0.10606601717798213,800,0.0011454548711420376,True,ok,0.005908749918704714,0.5690073637993729,0.004057371237471473,9.899241084400252,7.918574176139255,0.015220168533331281,0.012542274392801629,0.01907670945872279,0.008852990787479623,0.008852990787479604,800.0000000000005,800.0000000000005,0.00125,1.6183498985355982e-11,7.617496281593,9,-1.7838161503469507e-14,-3.200564813177209e-16,-5.151434834260726e-13,-0.2226206072363519,0.9711584299521868,1.2664522663484656,0.22134728452239735,3.224198685813917e-11,0.0013358332216739655,not_checked,0.001,not_checked,not_checked,,-0.0020435515786480837,0.013861051416057512,0.004763295047562677,True
local_b3_n800,156,2035211757,local,3,0.10606601717798213,800,0.0011454548711420376,True,ok,0.0014067023926085387,0.669617484784736,0.0018101606637980436,2.331199350726128,2.3374844817530644,0.34140403737619696,0.32854259792849205,0.31075755371417557,0.3245349923163069,0.32453499231630667,800.0000000000005,800.0000000000005,0.00125,1.1102230246251565e-15,13.064857376634981,10,-1.6436504934880247e-16,-8.261620554339544e-17,-1.3233858453531866e-13,-0.04023776127623235,0.9963168722026414,1.0991538226502027,0.16523992691226339,2.6645352591003757e-15,0.002186915837228298,not_checked,0.001,not_checked,not_checked,,-0.002141147314666744,0.004954552099883821,0.0002612475214665011,True
local_b3_n800,157,2035211758,local,3,0.10606601717798213,800,0.0011454548711420376,True,ok,0.0024399539585724384,0.6230072433309226,0.0025004917267895947,4.065366792248448,3.7053753712720074,0.1630889957719101,0.15142267787040833,0.15681512964528013,0.14199503782895867,0.1419950378289585,800.0000000000005,800.0000000000005,0.00125,1.9891643887604005e-10,10.126228378999762,9,-8.543513119185775e-17,-2.0036056147532122e-16,-3.2240876635114546e-13,-0.08072022926627231,0.9184900639880735,1.2363430745131136,0.17903968085024768,4.2987169379671286e-10,0.0017181260045617819,not_checked,0.001,not_checked,not_checked,,-0.002460919769575536,0.007340827686720413,0.0012944990874304008,True
local_b3_n800,158,2035211759,local,3,0.10606601717798213,800,0.0011454548711420376,True,ok,0.00012151596203469062,0.6173594383938334,0.0005637862718284598,0.19380804488927147,0.18691091889563602,0.9074483390642532,0.9077282620264548,0.9107785831037907,0.9073629263211714,0.9073629263211713,800.0000000000005,800.0000000000005,0.00125,1.550672923400498e-10,13.31436878858194,8,1.3747683547116196e-16,-7.209944447028604e-17,-1.1546319456101628e-13,0.0003087471831168115,0.9466480778054349,1.0582478230157155,0.17990768239966654,3.323823438705631e-10,0.0014624998439103365,not_checked,0.001,not_checked,not_checked,,-0.0009834848257271995,0.0012265167497965807,-0.001023938909107347,True
local_b3_n800,159,2035211760,local,3,0.10606601717798213,800,0.0011454548711420376,True,ok,0.0013252160576286975,0.6121841264284316,0.0018834920713637863,2.1742058632011947,1.9104893251057502,0.3695852872714065,0.36036878985644416,0.38471800694775793,0.34639593196841456,0.34639593196841423,800.0000000000005,800.0000000000005,0.00125,1.2299217200251178e-10,10.725493742978633,9,-1.474514954580286e-16,-1.4268100589909238e-16,-2.291500322826323e-13,-0.026930085497638645,0.9931667583741126,1.1395582684454093,0.19961578159270585,2.6188318180686565e-10,0.001561999786645174,not_checked,0.001,not_checked,not_checked,,-0.0023663605674110687,0.005016792682668464,0.00017976118648665995,True
local_b3_n800,160,2035211761,local,3,0.10606601717798213,800,0.0011454548711420376,True,ok,0.004689266775485423,0.5732849355362202,0.0036344529326587365,7.8434182377252855,6.226734771227081,0.03540507684707492,0.030493547656256528,0.044451019312803056,0.02348452887483763,0.023484528874837575,800.0000000000005,800.0000000000005,0.00125,1.995714704605689e-11,7.827179230257724,9,-4.453902524570452e-15,-8.847089727481716e-17,-1.3677947663381929e-13,-0.17029569847430182,0.9663267582935557,1.265813032045857,0.21866901801374775,4.0027536840625544e-11,0.0014685001224279404,not_checked,0.001,not_checked,not_checked,,-0.002434130076031679,0.011812663627002526,0.0035438119043433858,True
local_b3_n800,161,2035211762,local,3,0.10606601717798213,800,0.0011454548711420376,True,ok,0.0036202910747860084,0.6373382883195156,0.0030583720365257045,5.783159556181566,5.526526959229683,0.051122756200465816,0.05136568338579091,0.06308555363560651,0.05523089115650763,0.05523089115650752,800.0000000000005,800.0000000000005,0.00125,4.440892098500626e-16,14.650232377179268,10,8.239936510889834e-17,6.678685382510707e-17,1.0658141036401503e-13,0.004653081738025477,0.8722361149897022,1.070795506062732,0.15881627391876482,8.881784197001252e-16,0.00168795813806355,not_checked,0.001,not_checked,not_checked,,-0.0023740079681287907,0.009614590117700807,0.002474836203643971,True
local_b3_n800,162,2035211763,local,3,0.10606601717798213,800,0.0011454548711420376,True,ok,0.00011241757616731185,0.6077263965518769,0.0005308782153180628,0.1811256052071395,0.17804809051406512,0.9151215979589872,0.9145543048239773,0.9148235761419583,0.9139914510270228,0.9139914510270227,800.0000000000005,800.0000000000005,0.00125,1.0074618916888767e-10,11.910517244862389,8,-8.6970632518640345e-16,-1.52059354691092e-16,-2.433608869978343e-13,-0.000628741669720212,1.010573317138978,1.0173010600512493,0.19741408311387584,2.1282375861630953e-10,0.0012729591690003872,not_checked,0.001,not_checked,not_checked,,-0.0009280846060329912,0.0011529197583676149,-0.0010330372949747257,True
local_b3_n800,163,2035211764,local,3,0.10606601717798213,800,0.0011454548711420376,True,ok,0.003930663748561214,0.5732153453395059,0.003189540881599989,6.556050632237635,5.7410174113136865,0.056460941236771076,0.04998458294418498,0.056670090850230045,0.043087127221065814,0.04308712722106574,800.0000000000005,800.0000000000005,0.00125,1.9880652679660216e-11,7.988003532330506,9,-1.0781306403195856e-15,-1.4051260155412137e-16,-2.291500322826323e-13,-0.1334943172698444,1.044487966134689,1.1426513522539228,0.2353626603380184,3.988831487333755e-11,0.001335417153313756,not_checked,0.001,not_checked,not_checked,,-0.0023207215065928974,0.010182049003715325,0.0027852088774191763,True
local_b3_n800,164,2035211765,local,3,0.10606601717798213,800,0.0011454548711420376,True,ok,0.0011838289037353622,0.5735134171016438,0.0017923653543351298,1.9250542479794936,1.7074045621357392,0.4011081140868398,0.3951838932070193,0.4258354473900883,0.3878785037780896,0.38787850377808936,800.0000000000005,800.0000000000005,0.00125,1.0961109797591462e-10,9.69140277593286,8,-1.042896780219238e-11,-5.637851296924623e-17,-9.103828801926284e-14,-0.015464001001456507,0.9331546202906694,1.1462084435523607,0.206526853067581,2.0981616444259998e-10,0.0012269159778952599,not_checked,0.001,not_checked,not_checked,,-0.0023291426378988646,0.004696800445369589,3.8374032593324614e-05,True
local_b3_n800,165,2035211766,local,3,0.10606601717798213,800,0.0011454548711420376,True,ok,0.00043257355458625746,0.5752857919221999,0.0010540250561305697,0.702415628488118,0.664118532966943,0.7135216566911888,0.7099477275442236,0.7174448011639503,0.7074708557007772,0.707470855700777,800.0000000000005,800.0000000000005,0.00125,2.19806395307387e-11,9.851407272318951,8,-3.2195047409283584e-13,3.098107707877329e-16,4.958256027975949e-13,-0.005148970575052814,0.9814939141579873,1.070574921812776,0.2144313838246534,4.426059518891634e-11,0.0012244589161127806,not_checked,0.001,not_checked,not_checked,,-0.0016332775942324682,0.002498424703404983,-0.0007128813165557801,True
local_b3_n800,166,2035211767,local,3,0.10606601717798213,800,0.0011454548711420376,True,ok,0.0010989740780702473,0.6219915423016547,0.001693433447564912,1.7691730466765234,1.6612220678754688,0.4194984895532574,0.4172647952746854,0.4357829267947112,0.4151234793289359,0.41512347932893556,800.0000000000005,800.0000000000005,0.00125,1.9022927677525558e-10,12.7881968771658,8,-2.6805636703375324e-12,1.2902005852577503e-16,2.0650148258027912e-13,-0.005407260882063336,0.9547011462612223,1.0713357500741818,0.1813603683453862,4.105329409753722e-10,0.0011987490579485893,not_checked,0.001,not_checked,not_checked,,-0.0022200944893724785,0.004418042645512973,-4.6480793071790316e-05,True
local_b3_n800,167,2035211768,local,3,0.10606601717798213,800,0.0011454548711420376,True,ok,0.005653609893468969,0.6098123685459031,0.0038750001778542135,9.325433338566738,8.11002548282439,0.013839114350103356,0.012139488624746037,0.01733525930637468,0.010857622460045771,0.01085762246004574,800.0000000000005,800.0000000000005,0.00125,1.1070622196740487e-10,10.462643440694476,9,-5.834742411447991e-15,-1.9168694409543718e-16,-3.0730973321624333e-13,-0.13982875450819066,0.9510467386011321,1.1514291767292322,0.18937848192582904,2.345794669622592e-10,0.0013041249476373196,not_checked,0.001,not_checked,not_checked,,-0.0019412508952115935,0.013248470682149533,0.004508155022326932,True
local_b3_n800,168,2035211769,local,3,0.10606601717798213,800,0.0011454548711420376,True,ok,0.003861311607043172,0.5819072685460276,0.003230705134796394,6.435043634788684,5.455996105300441,0.059499203370556045,0.052998867265504956,0.06534998603220264,0.04554523433649723,0.045545234336497153,800.0000000000005,800.0000000000005,0.00125,3.028022277362652e-11,8.381982052963718,9,-1.0417014473240727e-15,6.288372600415926e-17,9.947598300641403e-14,-0.12847253175980278,0.9374587205730034,1.2430029587899907,0.20148810867330824,6.153122455998528e-11,0.0013079589698463678,not_checked,0.001,not_checked,not_checked,,-0.002470754101826381,0.010193377315912725,0.0027158567359011343,True
local_b3_n800,169,2035211770,local,3,0.10606601717798213,800,0.0011454548711420376,True,ok,0.0009692115746895436,0.6019375021820175,0.001582963386383841,1.5889152722455149,1.4604279603513988,0.477170196597857,0.4685612982100583,0.4818058821517527,0.4605336930404682,0.4605336930404682,800.0000000000005,800.0000000000005,0.00125,1.786217840304971e-10,10.303979827696054,8,-1.9658198571574637e-11,-7.37257477290143e-17,-1.1590728377086634e-13,-0.01908837637112215,0.9969666390904195,1.1005728537372415,0.2071068720645328,3.5430591793783606e-10,0.0012051251251250505,not_checked,0.001,not_checked,not_checked,,-0.002133339651468347,0.004071762800847434,-0.00017624329645249404,True
local_b3_n800,170,2035211771,local,3,0.10606601717798213,800,0.0011454548711420376,True,ok,0.0019665985027736976,0.6310829980440305,0.002270354231789344,3.255166288629973,2.874689111447882,0.23576477202564283,0.22431550965099478,0.23755774321697867,0.20736416042968092,0.20736416042968073,800.0000000000005,800.0000000000005,0.00125,9.992007221626409e-16,11.002112253865464,10,-1.3270634591222574e-16,-2.649790109554573e-16,-4.227729277772596e-13,-0.054304342096027414,1.0127411369087496,1.1664283572442047,0.20392285082353936,2.4424906541753444e-15,0.0014345829840749502,not_checked,0.001,not_checked,not_checked,,-0.0024832140236815178,0.006416411029228913,0.00082114363163166,True
local_b3_n800,171,2035211772,local,3,0.10606601717798213,800,0.0011454548711420376,True,ok,0.002570001771944108,0.5959864784984434,0.002468083462724648,4.2662809848502095,4.183913513121868,0.14298302660639145,0.13292733717656785,0.12344534684117246,0.12796462536996905,0.1279646253699689,800.0000000000005,800.0000000000005,0.00125,5.880163023164187e-11,9.18107737651492,9,-2.480654570646834e-16,-1.730386667286865e-16,-2.7355895326763857e-13,-0.07713907486981686,1.0172594950697853,1.096889592863579,0.20477345473236652,1.220834544568561e-10,0.001592834247276187,not_checked,0.001,not_checked,not_checked,,-0.0022673529258351068,0.007407356469723323,0.0014245469008020706,True
local_b3_n800,172,2035211773,local,3,0.10606601717798213,800,0.0011454548711420376,True,ok,0.001577982360452923,0.6198130806078754,0.0019076698577624965,2.605275029235073,2.6458509829835313,0.30089851093766995,0.28961303570681773,0.2663549419376697,0.2829780663623832,0.28297806636238304,800.0000000000005,800.0000000000005,0.00125,1.728734932981979e-10,10.624734954210002,9,-5.442694905877232e-17,4.83554168928535e-17,7.904787935331115e-14,-0.04025162625519729,0.9736861545294349,1.1309150183618302,0.1838224074526331,3.718176877498536e-10,0.0014397080522030592,not_checked,0.001,not_checked,not_checked,,-0.0021609818551542176,0.005316946576060064,0.00043252748931088547,True
local_b3_n800,173,2035211774,local,3,0.10606601717798213,800,0.0011454548711420376,True,ok,0.0002186595041089312,0.6381203636611563,0.0007282914292530387,0.35229459856292566,0.3603685698915898,0.8394992050711039,0.8384759642378619,0.835116297868048,0.8395177968980636,0.8395177968980635,800.0000000000005,800.0000000000005,0.00125,2.16382467499443e-13,13.549929373856974,9,-8.80401979617973e-15,2.404218317486606e-17,3.885780586188048e-14,-0.0012196959943177599,0.9355222408168394,1.0682396669424468,0.16977624538409608,4.671818487622659e-13,0.0014052919577807188,not_checked,0.001,not_checked,not_checked,,-0.0012087654674762254,0.0016460844756940878,-0.0009267953670331064,True
local_b3_n800,174,2035211775,local,3,0.10606601717798213,800,0.0011454548711420376,True,ok,0.0018516936625307956,0.6417961944182746,0.00226574504330211,3.0795349221397066,2.56499154131368,0.25881410299246876,0.24548176502718727,0.27734424832654103,0.22732946410340266,0.2273294641034025,800.0000000000005,800.0000000000005,0.00125,8.881784197001252e-16,11.195293318345932,10,-6.548581121812447e-17,3.0357660829594124e-17,4.8405723873656825e-14,-0.05841253104521593,0.9376373547686658,1.2620067750537343,0.18066276449831453,1.7763568394002505e-15,0.0015178329776972532,not_checked,0.001,not_checked,not_checked,,-0.0025890850204914858,0.006292472345553077,0.000706238791388758,True
local_b3_n800,175,2035211776,local,3,0.10606601717798213,800,0.0011454548711420376,True,ok,0.0011439561767274675,0.6223174758307115,0.0017554778946537123,1.8828222623398705,1.6371002205959702,0.4267350499161974,0.41645394591101836,0.4410706949834644,0.40045056977286775,0.40045056977286747,800.0000000000005,800.0000000000005,0.00125,1.9299339903966484e-10,10.97438575141336,9,-5.637851296924623e-17,-5.898059818321144e-17,-9.414691248821327e-14,-0.026246189787960672,0.9891313401447563,1.1642652756983152,0.19809234333438502,4.166476053057977e-10,0.0013992907479405403,not_checked,0.001,not_checked,not_checked,,-0.0022967172724500076,0.004584629625904942,-1.4986944145700676e-06,True
local_b3_n800,176,2035211777,local,3,0.10606601717798213,800,0.0011454548711420376,True,ok,0.0004967630676413481,0.5973774915553745,0.0011806563178504367,0.8087292273734198,0.6986823396400815,0.68184528945106,0.6773005374662835,0.7051525124707418,0.6720581199936495,0.6720581199936494,800.0000000000005,800.0000000000005,0.00125,6.274147867912916e-11,10.612378160692257,8,-9.17923072621396e-13,1.6740081543176188e-16,2.673417043297377e-13,-0.006954159573631158,0.8971387578955661,1.195664903150196,0.19045089031692491,1.3048473412879957e-10,0.001289167208597064,not_checked,0.001,not_checked,not_checked,,-0.0018172807934651821,0.0028108069287478784,-0.0006486918035006894,True
local_b3_n800,177,2035211778,local,3,0.10606601717798213,800,0.0011454548711420376,True,ok,0.0001433114031610394,0.6539491959323043,0.0006043640718867378,0.22724980279610368,0.22675887403982725,0.8889237292152272,0.88985922619397,0.8928118299776213,0.89167895908198,0.89167895908198,800.0000000000005,800.0000000000005,0.00125,9.536815781530095e-14,16.113537027577788,9,4.185210121174232e-15,2.439454888092385e-18,3.9968028886505635e-15,0.0010242211307797539,0.9445104342450481,1.0037709902394443,0.16580182653390357,2.2071233729548112e-13,0.001392166130244732,not_checked,0.001,not_checked,not_checked,,-0.001041220411286943,0.0013278432176090217,-0.0010021434679809982,True
local_b3_n800,178,2035211779,local,3,0.10606601717798213,800,0.0011454548711420376,True,ok,0.0018681006979528458,0.5660083061290624,0.0022403539173951664,3.015027858300691,2.7503290208831452,0.22774001863698196,0.22483273487000416,0.25279800447239165,0.2243651190516088,0.2243651190516086,800.0000000000005,800.0000000000005,0.00125,1.3943179943964878e-11,9.998432818703035,9,-2.448128505472269e-16,-3.389215991189687e-16,-5.409006575973763e-13,-0.013033370788067877,0.9034898832590299,1.119683431022396,0.19815634876217525,2.7672530933386952e-11,0.0014027080032974482,not_checked,0.001,not_checked,not_checked,,-0.002522912292764904,0.0062591136886705956,0.0007226458268108082,True
local_b3_n800,179,2035211780,local,3,0.10606601717798213,800,0.0011454548711420376,True,ok,0.007717484964482768,0.5968429916109455,0.004617496338532618,13.128168854010326,10.187730734893405,0.005172103511515064,0.003738147122208755,0.006134262822033635,0.0020829128181034003,0.002082912818103392,800.0000000000005,800.0000000000005,0.00125,6.117628625901261e-11,7.700128551252289,9,-5.950474488147783e-13,-2.489328188026718e-16,-3.943512183468556e-13,-0.390096455418945,0.9974886136160929,1.3131449469448837,0.21353026075759893,1.271913685485515e-10,0.001401292160153389,not_checked,0.001,not_checked,not_checked,,-0.0013326415577867325,0.01676761148675227,0.0065720300933407305,True
local_b3_n800,180,2035211781,local,3,0.10606601717798213,800,0.0011454548711420376,True,ok,0.000983926275218483,0.6088696452120277,0.001596310007394821,1.6085753417202924,1.49125788014824,0.46594929473744945,0.45827185451245644,0.4744358143887224,0.45514418497522946,0.4551441849752291,800.0000000000005,800.0000000000005,0.00125,1.4538303894084947e-10,10.827857209310746,8,-1.523990829366273e-11,-1.235990476633475e-16,-1.978417429882029e-13,-0.017146650685359366,0.9492871739967563,1.1163388503729421,0.18761800820269042,2.914939400966432e-10,0.001278249779716134,not_checked,0.001,not_checked,not_checked,,-0.0021447838474362335,0.004112636397873199,-0.00016152859592355462,True
local_b3_n800,181,2035211782,local,3,0.10606601717798213,800,0.0011454548711420376,True,ok,0.0007882202004485528,0.6298307208061886,0.0013921255720442285,1.279476585425416,1.2696010149109789,0.5511341909750007,0.5463897098554622,0.530041217042255,0.5322850311065269,0.5322850311065266,800.0000000000005,800.0000000000005,0.00125,3.9433123433241235e-11,12.45470806181377,9,-3.2377548992573724e-12,1.0614339268633088e-16,1.7008616737257398e-13,-0.009162132353865426,0.9658673629380575,1.157003226866859,0.1943093676201322,8.311951127382144e-11,0.0013973750174045563,not_checked,0.001,not_checked,not_checked,,-0.0019402957827153555,0.003516736183612461,-0.0003572346706934848,True
local_b3_n800,182,2035211783,local,3,0.10606601717798213,800,0.0011454548711420376,True,ok,0.00718424108092397,0.6159299045717859,0.0043024629609260505,12.19265172561865,10.277124237749309,0.0061729816891731345,0.0045409312412645775,0.005866118433108895,0.0031910895628842854,0.0031910895628842755,800.0000000000005,800.0000000000005,0.00125,1.4552647975563104e-10,8.696930867695231,9,-4.505519221598142e-13,6.591949208711867e-17,9.947598300641403e-14,-0.3489329980701452,1.0505745467760688,1.2010584360176304,0.2083202666404424,3.1128233324295707e-10,0.0013835420832037926,not_checked,0.001,not_checked,not_checked,,-0.0012484313673086517,0.015616913529156591,0.006038786209781932,True
local_b3_n800,183,2035211784,local,3,0.10606601717798213,800,0.0011454548711420376,True,ok,0.0001695739860676504,0.6031497899316327,0.0007060184719117057,0.2732701511516582,0.22882467986987465,0.8742695142264787,0.8734257494550157,0.8918901181372402,0.8731401576835418,0.8731401576835418,800.0000000000005,800.0000000000005,0.00125,8.182010624580016e-11,11.667444053721434,8,-2.938025257109844e-15,-2.4909544912854464e-17,-4.04121180963557e-14,-0.0009758867217087019,0.84592715182516,1.2024799961690034,0.17417274896953505,1.7164647481138218e-10,0.0012512917164713144,not_checked,0.001,not_checked,not_checked,,-0.0012141967912992966,0.0015533447634345973,-0.0009758808850743872,True
local_b3_n800,184,2035211785,local,3,0.10606601717798213,800,0.0011454548711420376,True,ok,0.0013292163360805187,0.6293339003916245,0.0018756837829020394,2.1347122197578923,1.9900580648993869,0.3397081666963815,0.33834002711330824,0.36971271072257017,0.3452891597258913,0.3452891597258911,800.0000000000005,800.0000000000005,0.00125,1.175352037918742e-10,13.439712786068968,9,-3.629162942386799e-12,-1.6805133673525319e-16,-2.69562150378988e-13,-0.003983041014530508,0.8996948609128258,1.0736480367609338,0.16631835135788245,2.5286639449007e-10,0.0013991249725222588,not_checked,0.001,not_checked,not_checked,,-0.002347056324793324,0.005005488996954362,0.0001837614649384811,True
local_b3_n800,185,2035211786,local,3,0.10606601717798213,800,0.0011454548711420376,True,ok,0.004617496632712159,0.5992107426593167,0.003548866539469813,7.739835017790368,6.352241144162871,0.03629807423389016,0.031040501332067177,0.0417472970089629,0.024872380545902954,0.02487238054590289,800.0000000000005,800.0000000000005,0.00125,6.828693166482935e-11,8.715753498105068,9,-7.206908680945645e-15,2.0296264668928643e-16,3.241851231905457e-13,-0.17592020272545428,0.9951606733671292,1.2249541711905751,0.21320877377649908,1.4241008372550823e-10,0.0013746668118983507,not_checked,0.001,not_checked,not_checked,,-0.0023381539705879684,0.011573147236012287,0.0034720417615701216,True
local_b3_n800,186,2035211787,local,3,0.10606601717798213,800,0.0011454548711420376,True,ok,0.0018804717359004464,0.5808800991918264,0.0021376536938718517,3.1022095592533145,2.9979802801749362,0.23923384169666206,0.2288391213946454,0.2233556041667195,0.22215556734422245,0.2221555673442222,800.0000000000005,800.0000000000005,0.00125,2.8828939235836515e-11,8.979746513461183,9,1.8778381627448937e-16,1.46150452851046e-16,2.327027459614328e-13,-0.04672739090629929,1.0341131598786744,1.0695345064708541,0.21468958019163045,5.8484328491204e-11,0.0014084579888731241,not_checked,0.001,not_checked,not_checked,,-0.002309252515507393,0.006070195987308286,0.0007350168647584088,True
local_b3_n800,187,2035211788,local,3,0.10606601717798213,800,0.0011454548711420376,True,ok,0.0014839525441601165,0.583789529535488,0.001885557507672874,2.3929544567555237,2.469068023658312,0.3115395136521977,0.30870402561224874,0.29097031950834423,0.30508585953197037,0.30508585953197015,800.0000000000005,800.0000000000005,0.00125,1.2867729104470982e-10,10.79684103775429,8,-7.830034363942584e-12,-1.3487475025719675e-16,-2.1671553440683056e-13,-0.009315193049667991,0.9639763149708834,1.0731414223486857,0.20676340083085815,2.5587132412852043e-10,0.0012851660139858723,not_checked,0.001,not_checked,not_checked,,-0.002211672261657823,0.005179577349978056,0.00033849767301807887,True
local_b3_n800,188,2035211789,local,3,0.10606601717798213,800,0.0011454548711420376,True,ok,0.0031745635732651767,0.6538993727687301,0.0028880838822269443,5.208511454269184,4.673611085636658,0.08694224307894224,0.08172359838111364,0.09663584476042078,0.07889394012240834,0.07889394012240823,800.0000000000005,800.0000000000005,0.00125,1.4432899320127035e-15,13.084023265479546,10,-1.235990476633475e-16,6.591949208711867e-17,1.0746958878371515e-13,-0.06460486852244918,0.9586388367293905,1.1195113241764267,0.16716284179544588,3.1086244689504383e-15,0.0015068328939378262,not_checked,0.001,not_checked,not_checked,,-0.0024859768202302535,0.008835103966760606,0.002029108702123139,True
local_b3_n800,189,2035211790,local,3,0.10606601717798213,800,0.0011454548711420376,True,ok,0.0035874895122764983,0.6248000409358656,0.002998723930460211,5.845660172184137,5.540655685714129,0.06414631695524167,0.06098643818966115,0.06264146481860666,0.056699402295974435,0.056699402295974345,800.0000000000005,800.0000000000005,0.00125,1.1102230246251565e-15,12.069507110161704,10,-4.128641872824801e-16,-1.8214596497756474e-16,-2.922107000813412e-13,-0.05283847627086802,1.0048038056017767,1.0844872189962649,0.19571097421806175,2.220446049250313e-15,0.0014932090416550636,not_checked,0.001,not_checked,not_checked,,-0.0022899013910039094,0.009464880415556907,0.0024420346411344607,True
local_b3_n800,190,2035211791,local,3,0.10606601717798213,800,0.0011454548711420376,True,ok,0.0025483536781696348,0.5994166076496765,0.00262000718094507,4.194715157585977,3.645326739354106,0.14758119297298045,0.13972205966749923,0.1615947906200105,0.1302000789887132,0.13020007898871302,800.0000000000005,800.0000000000005,0.00125,6.888867254417619e-11,9.9467426662482,9,3.2959746043559335e-17,5.0306980803327406e-17,7.993605777301127e-14,-0.0586746362572792,0.9455452369130215,1.1859814923137773,0.200883564543567,1.438114072271901e-10,0.001406374853104353,not_checked,0.001,not_checked,not_checked,,-0.0025867660357190188,0.007683473392058288,0.0014028988070275972,True
local_b3_n800,191,2035211792,local,3,0.10606601717798213,800,0.0011454548711420376,True,ok,0.0003098678780246722,0.5690660765337279,0.0009115076794769953,0.5017579321823888,0.45568614050214296,0.7868164905234172,0.7845490217882021,0.7962492052192329,0.7804424297950082,0.7804424297950081,800.0000000000005,800.0000000000005,0.00125,1.6194157126392383e-11,9.80181472352654,8,-6.029535594767599e-14,8.435092901937224e-17,1.3500311979441904e-13,-0.0029846636714565278,0.9685375897344588,1.1031681411051129,0.22039402198856325,3.2338354216676635e-11,0.0012847906909883022,not_checked,0.001,not_checked,not_checked,,-0.001476654345381918,0.0020963901014312623,-0.0008355869931173654,True
local_b3_n800,192,2035211793,local,3,0.10606601717798213,800,0.0011454548711420376,True,ok,0.0013363346294572587,0.6350471064725725,0.0017160578638832134,2.2057376302018556,2.3632947549512653,0.35562745550059116,0.3442204907608867,0.3067729512541464,0.3433284521502255,0.3433284521502253,800.0000000000005,800.0000000000005,0.00125,1.3322676295501878e-15,11.406592866181583,10,-6.093216209368535e-17,-2.1033522146218786e-16,-3.3573144264664734e-13,-0.03380111153512022,0.9332438023874408,1.1398161867808567,0.17000995755123674,2.886579864025407e-15,0.0015188318211585283,not_checked,0.001,not_checked,not_checked,,-0.002027076979140578,0.004699746238055096,0.00019087975831522108,True
local_b3_n800,193,2035211794,local,3,0.10606601717798213,800,0.0011454548711420376,True,ok,0.003882757479025223,0.6208150968435575,0.003203431776475354,6.525515070517916,5.521372562032043,0.060830746543157815,0.0528692988067236,0.06324834732176629,0.0447704935252219,0.044770493525221826,800.0000000000005,800.0000000000005,0.00125,1.8055779094083846e-10,9.445435467606124,9,-5.397592095501835e-15,9.71445146547012e-17,1.5276668818842154e-13,-0.15655155203877813,1.0083290549030235,1.207066673488351,0.20133114836050395,3.891709177139546e-10,0.0018282909877598286,not_checked,0.001,not_checked,not_checked,,-0.0023958534297976357,0.01016136838784808,0.0027373026078831852,True
local_b3_n800,194,2035211795,local,3,0.10606601717798213,800,0.0011454548711420376,True,ok,0.00034435589984771475,0.6396935821693353,0.0008775361926139145,0.5603943654254698,0.608580716028305,0.7599771383931704,0.7564195842652519,0.7376466537353821,0.7592040327355317,0.7592040327355316,800.0000000000005,800.0000000000005,0.00125,5.257794200019816e-12,12.78917837177821,9,-3.806095521217967e-13,-1.6371452804531117e-17,-2.6423307986078726e-14,-0.004712462834562947,0.9126335057950131,1.102518038667051,0.16531229107032727,1.1260326004958188e-11,0.0015640419442206621,not_checked,0.001,not_checked,not_checked,,-0.0013755834328059613,0.002064295232501391,-0.0008010989712943228,True
local_b3_n800,195,2035211796,local,3,0.10606601717798213,800,0.0011454548711420376,True,ok,0.0022884140072187975,0.6013583915771965,0.002537375227206025,3.7614677147599695,3.135480736259468,0.1772116588807502,0.16909499590115668,0.20851581941452338,0.16029631532108107,0.1602963153210809,800.0000000000005,800.0000000000005,0.00125,7.537426238712897e-11,10.127042220557469,9,-2.5240226575462543e-16,-1.2576745200831851e-16,-2.0161650127192843e-13,-0.05000265160494566,0.9172495642740639,1.2012038568070083,0.18799471888426503,1.5770496020195424e-10,0.0015656671021133661,not_checked,0.001,not_checked,not_checked,,-0.002684750053369148,0.007261578067806743,0.00114295913607676,True
local_b3_n800,196,2035211797,local,3,0.10606601717798213,800,0.0011454548711420376,True,ok,0.005145655066093102,0.6218566208424212,0.00357307599856831,8.713839225990139,7.772926839052339,0.024269243579890958,0.01953841215034175,0.02051778065945278,0.016301077763837064,0.016301077763837026,800.0000000000005,800.0000000000005,0.00125,1.890634315770967e-10,8.997273741183916,9,-6.106747052481154e-14,-3.894454203567932e-16,-6.235012506294879e-13,-0.24039556012058494,1.0629442123767623,1.1496459411320759,0.20645670787396103,4.0802738965339813e-10,0.0014504578430205584,not_checked,0.001,not_checked,not_checked,,-0.0018574452051252745,0.012148755337311478,0.004000200194951065,True
local_b3_n800,197,2035211798,local,3,0.10606601717798213,800,0.0011454548711420376,True,ok,7.483746683289993e-05,0.6818119770971773,0.00045305675493896526,0.11975198529445205,0.10950127495461584,0.9409413744198811,0.940935617014047,0.9467211953071267,0.9418869959235977,0.9418869959235977,800.0000000000005,800.0000000000005,0.00125,1.6653345369377348e-15,17.170896784775067,9,4.797594613248357e-17,5.4508264221708735e-17,8.748557434046234e-14,-6.019180906043087e-06,0.8707751379663492,1.1103162300354814,0.13953865116550948,3.9968028886505635e-15,0.0016884580254554749,not_checked,0.001,not_checked,not_checked,,-0.0008131374558000612,0.0009628123894658611,-0.0010706174043091377,False
local_b3_n800,198,2035211799,local,3,0.10606601717798213,800,0.0011454548711420376,True,ok,0.00016545775179954703,0.6203730926119182,0.0006476795776902866,0.26771168125450523,0.25820053205831006,0.8787590288756362,0.8774818567372573,0.8788858387344638,0.8760201364983846,0.8760201364983845,800.0000000000005,800.0000000000005,0.00125,1.770866786543479e-10,12.21680982465642,8,-1.0538824587319473e-14,-8.407987847625087e-17,-1.3455903058456897e-13,-0.0014896391876149107,0.9856084763989605,1.0641038717287237,0.19244331986167137,3.8142422553733013e-10,0.0014926260337233543,not_checked,0.001,not_checked,not_checked,,-0.0011039708939955266,0.0014348863975946207,-0.0009799971193424906,True
local_b3_n800,199,2035211800,local,3,0.10606601717798213,800,0.0011454548711420376,True,ok,0.006196683905914435,0.6179108534194582,0.00394049768150356,10.347738929461988,9.354508286336069,0.011259929532331407,0.00927414095401681,0.00930452774340819,0.007031556954835185,0.007031556954835165,800.0000000000005,800.0000000000005,0.00125,1.5894374705283099e-10,9.937164464137611,9,-4.2537154354427287e-14,2.1163626406917047e-16,3.3928415632544784e-13,-0.21652233999944315,0.9965919051557066,1.201434874700533,0.20626471292525614,3.4088376565932776e-10,0.001595958136022091,not_checked,0.001,not_checked,not_checked,,-0.0015265496309961263,0.013919917442824996,0.005051229034772398,True
local_b3_n800,200,2035211801,local,3,0.10606601717798213,800,0.0011454548711420376,True,ok,0.0006625715719017489,0.6685609202670868,0.0013325291261739086,1.0882184713140888,0.9618521593977711,0.6078354709180873,0.5998746393003782,0.6182106143287143,0.5885712685815383,0.588571268581538,800.0000000000005,800.0000000000005,0.00125,1.1730072468907338e-10,13.752570453194888,9,-1.2501869223018047e-11,-2.6237692574149207e-17,-4.196643033083092e-14,-0.01405197813564496,0.9689239015705552,1.1673941977439604,0.17691020978154484,2.585980318769998e-10,0.001510207774117589,not_checked,0.001,not_checked,not_checked,,-0.0019491375237497416,0.0032742806675532393,-0.0004828832992402887,True
local_b3_n800,201,2035211802,local,3,0.10606601717798213,800,0.0011454548711420376,True,ok,0.004755911504263466,0.5832858918324375,0.0034662806917630396,7.956484187172895,7.145903263999819,0.029767621378814734,0.02536288030758139,0.028072870489759587,0.02226522569694468,0.022265225696944627,800.0000000000005,800.0000000000005,0.00125,3.2337910127466785e-11,8.207376909717949,9,-5.407133074619708e-15,-9.80118763926896e-17,-1.5631940186722204e-13,-0.1735128901756724,1.0494602283703023,1.1150502661170338,0.2288372198815168,6.586042822220861e-11,0.0014157500118017197,not_checked,0.001,not_checked,not_checked,,-0.002037873811898676,0.011549696820425608,0.0036104566331214283,True
local_b3_n800,202,2035211803,local,3,0.10606601717798213,800,0.0011454548711420376,True,ok,0.0019044817703817163,0.6258132582336251,0.0022279751653832163,3.132527050241902,2.8339450324234647,0.2309418794393977,0.22166639365272092,0.24244691101733512,0.21792911790157102,0.2179291179015708,800.0000000000005,800.0000000000005,0.00125,5.269222558279552e-16,11.221691480488179,10,-1.214306433183765e-16,-2.8275992658421956e-16,-4.5297099404706387e-13,-0.04267810881557699,0.9748400321997013,1.1053968951343365,0.18821889129322406,4.440892098500626e-16,0.002381333149969578,not_checked,0.001,not_checked,not_checked,,-0.0024622693122190583,0.006271232852982491,0.0007590268992396787,True
local_b3_n800,203,2035211804,local,3,0.10606601717798213,800,0.0011454548711420376,True,ok,0.002825458433396655,0.6146551732316701,0.0027057064625626887,4.693595418832381,4.157913338565126,0.12633168720191723,0.11675189372997086,0.12506062374586188,0.10431222157390692,0.10431222157390678,800.0000000000005,800.0000000000005,0.00125,1.3753564953589148e-10,9.969386069898274,9,-2.92300905702092e-16,-2.185751579730777e-16,-3.517186542012496e-13,-0.08643096269886552,1.0089887432439706,1.175930866243469,0.20998074300228856,2.9354985109364407e-10,0.0014261261094361544,not_checked,0.001,not_checked,not_checked,,-0.002477628785963487,0.008128545652756797,0.0016800035622546172,True
local_b3_n800,204,2035211805,local,3,0.10606601717798213,800,0.0011454548711420376,True,ok,0.005919903592752407,0.6291442037541077,0.0037767218638844473,9.614390774951596,9.529940136039617,0.011003850493229658,0.010289829882434189,0.008523143353140696,0.008774347475145841,0.008774347475145822,800.0000000000005,800.0000000000005,0.00125,2.55351295663786e-14,12.790265815800135,10,-2.4537663567691936e-15,1.5439038936193583e-16,2.4158453015843406e-13,-0.07127251327387008,0.9374494350822651,1.1494574302170382,0.18650474174601261,5.284661597215745e-14,0.001721791923046112,not_checked,0.001,not_checked,not_checked,,-0.0014823352400860938,0.013322142425590908,0.004774448721610369,True
local_b3_n800,205,2035211806,local,3,0.10606601717798213,800,0.0011454548711420376,True,ok,0.006067010561714659,0.61014943995334,0.003913918511680203,10.141413946268289,9.034644152775542,0.012493122529523146,0.010274831804788925,0.01091822272111721,0.007800180150216297,0.007800180150216277,800.0000000000005,800.0000000000005,0.00125,1.12389653139644e-10,9.49135453490931,9,-3.567198619824907e-14,1.734723475976807e-18,3.552713678800501e-15,-0.21709852376241479,1.0509626169269366,1.1607473886584028,0.22067853771047943,2.3828294892780377e-10,0.001517042052000761,not_checked,0.001,not_checked,not_checked,,-0.0016041287596031501,0.013738149883032468,0.004921555690572621,True
local_b3_n800,206,2035211807,local,3,0.10606601717798213,800,0.0011454548711420376,True,ok,0.0021898399323734274,0.5741374306815832,0.0024132028864959545,3.605395573674481,3.1778072328653417,0.19244348663990693,0.18348414621568182,0.20414931503377848,0.17344895230751578,0.17344895230751564,800.0000000000005,800.0000000000005,0.00125,2.079836303181537e-11,8.863523677771681,9,-1.6653345369377348e-16,-9.280770596475918e-17,-1.496580637194711e-13,-0.050825840938497624,0.976414470185542,1.1509575183055658,0.21243854489776912,4.178213330874314e-11,0.001558207906782627,not_checked,0.001,not_checked,not_checked,,-0.0025399508125467435,0.006919630677293598,0.0010443850612313899,True
local_b3_n800,207,2035211808,local,3,0.10606601717798213,800,0.0011454548711420376,True,ok,0.0012724683354687905,0.6417698391036615,0.0019065826759297757,2.085001112838846,1.728605474163185,0.3712989480859511,0.3626029728846575,0.4213452386379901,0.3613260045832489,0.36132600458324865,800.0000000000005,800.0000000000005,0.00125,5.41667405373758e-16,12.348278649933613,10,3.13768108717305e-16,2.697495005143935e-16,4.298783551348606e-13,-0.024525888044389932,0.8622591287822162,1.2072393738653924,0.1609454027547687,8.881784197001252e-16,0.0019348738715052605,not_checked,0.001,not_checked,not_checked,,-0.0024643650429015712,0.005009301713839152,0.00012701346432675287,True
local_b3_n800,208,2035211809,local,3,0.10606601717798213,800,0.0011454548711420376,True,ok,0.0010742768432954186,0.6923406704566173,0.0016321957015381543,1.7753712287428196,1.6679535277915383,0.4494800288307411,0.4378182253288283,0.43431866468050995,0.42340696314336534,0.42340696314336523,800.0000000000005,800.0000000000005,0.00125,4.440892098500626e-16,14.816478025654789,10,1.6197980456933436e-16,1.2750217548429532e-16,2.0450308113595383e-13,-0.028264139735074467,1.0264653046365337,1.124328164374713,0.16887031120722618,1.3322676295501878e-15,0.0018725830595940351,not_checked,0.001,not_checked,not_checked,,-0.0021247679474404512,0.0042733216340312885,-7.117802784661897e-05,True
local_b3_n800,209,2035211810,local,3,0.10606601717798213,800,0.0011454548711420376,True,ok,0.0017386476103955495,0.6118144223721531,0.002147316860660283,2.842241957768276,2.5447776934078705,0.2650845948693572,0.25756346254062334,0.28016155874191956,0.2488467364435185,0.24884673644351823,800.0000000000005,800.0000000000005,0.00125,1.2109280245198306e-10,11.006592605521297,9,-4.636048489548017e-16,-2.2898349882893854e-16,-3.659295089164516e-13,-0.030202890567697427,0.9755075753805273,1.1214168343308555,0.19114938941509452,2.5743651654863697e-10,0.0016910422127693892,not_checked,0.001,not_checked,not_checked,,-0.002470016099894218,0.005947311320685317,0.0005931927392535119,True
local_b3_n800,210,2035211811,local,3,0.10606601717798213,800,0.0011454548711420376,True,ok,3.618147242501202e-05,0.6910883642084107,0.000315861608201856,0.05806947643272761,0.05249240926264182,0.9713191164867581,0.9712316730947808,0.9740952333253047,0.9714697209780979,0.9714697209780979,800.0000000000005,800.0000000000005,0.00125,9.992007221626409e-16,17.560846016227142,9,-1.8515462600621202e-16,-1.950208657758301e-16,-3.1175062531474396e-13,-8.95602763541746e-05,0.8763339021067836,1.1287272960867767,0.1425643260529299,2.4424906541753444e-15,0.0016294168308377266,not_checked,0.001,not_checked,not_checked,,-0.0005828959037495271,0.0006552588485995511,-0.0011092733987170256,False
local_b3_n800,211,2035211812,local,3,0.10606601717798213,800,0.0011454548711420376,True,ok,0.0031268828101753687,0.6090164888746601,0.002874154385168259,5.222789923151752,4.491830315030926,0.1017474617055327,0.0920594603400049,0.10583064433321046,0.08196145131718442,0.0819614513171843,800.0000000000005,800.0000000000005,0.00125,1.0678835593580516e-10,9.325132991504857,9,-5.499073418846478e-16,-2.0816681711721685e-17,-2.930988785010413e-14,-0.10988871343557971,1.0128780582453027,1.17550129373244,0.21256091819341,2.260363007877686e-10,0.0016301251016557217,not_checked,0.001,not_checked,not_checked,,-0.002506356270762282,0.00876012189111302,0.001981427939033331,True
local_b3_n800,212,2035211813,local,3,0.10606601717798213,800,0.0011454548711420376,True,ok,0.0007488230299681486,0.6262765600308471,0.0013776153636878166,1.2269371786030445,1.1465666742893426,0.5681713457278754,0.5604973367978896,0.5636716729547082,0.5493286273281579,0.5493286273281575,800.0000000000005,800.0000000000005,0.00125,9.692791014259683e-11,11.517031732237339,9,-9.976666302986825e-12,-1.0625181290357943e-17,-1.6653345369377348e-14,-0.01441016532700301,1.0456906116479319,1.0737572571355751,0.19858068360095044,2.0053070315384502e-10,0.0022745828609913588,not_checked,0.001,not_checked,not_checked,,-0.00195125346740902,0.003448899527345317,-0.00039663184117388894,True
local_b3_n800,213,2035211814,local,3,0.10606601717798213,800,0.0011454548711420376,True,ok,0.006257117096895026,0.5932177056157526,0.00401150183756717,10.157519261161385,9.467924733205864,0.008500990259338093,0.007939817248339177,0.008791566523569466,0.006699692310028984,0.006699692310028968,800.0000000000005,800.0000000000005,0.00125,5.167577477038776e-11,10.994052297950265,9,-1.2585418818211735e-15,1.4224732503009818e-16,2.2382096176443156e-13,-0.07306595306466868,0.9054568699013555,1.171004868730777,0.1909136887770214,1.0686629359213384e-10,0.001420249929651618,not_checked,0.001,not_checked,not_checked,,-0.001605282028652873,0.014119516222442926,0.005111662225752989,True
local_b3_n800,214,2035211815,local,3,0.10606601717798213,800,0.0011454548711420376,True,ok,0.0010460612305589478,0.6548558568906122,0.001670669721810278,1.7266520475656557,1.5039933455554488,0.462871746234791,0.45173558580953876,0.471424332270061,0.4330729954606908,0.43307299546069056,800.0000000000005,800.0000000000005,0.00125,4.440892098500626e-16,12.499912251333694,10,1.6111244283134596e-16,3.2439329000766293e-16,5.198064201294983e-13,-0.02647703933566914,1.0202032844219224,1.1551438707407535,0.19187478418629758,8.881784197001252e-16,0.0015017078258097172,not_checked,0.001,not_checked,not_checked,,-0.002228391254250748,0.004320513715368644,-9.939364058308975e-05,True
local_b3_n800,215,2035211816,local,3,0.10606601717798213,800,0.0011454548711420376,True,ok,0.000678328248444604,0.6045765454729382,0.0012858011233769938,1.1004445554059339,1.0925902293001255,0.5918510821053014,0.5875428078620218,0.5790913078323358,0.5811986914472986,0.5811986914472984,800.0000000000005,800.0000000000005,0.00125,8.732814471557049e-11,11.213726523671804,8,-1.4330971305487328e-12,6.982261990806649e-17,1.1213252548714081e-13,-0.007559678947283377,1.0067594824220332,1.0630614524855793,0.202264103214298,1.8359225251174394e-10,0.0013601251412183046,not_checked,0.001,not_checked,not_checked,,-0.0018417956446554464,0.0031984521415446545,-0.00046712662269743355,True
local_b3_n800,216,2035211817,local,3,0.10606601717798213,800,0.0011454548711420376,True,ok,0.0018227715079954798,0.5804556592257872,0.0021644557234673937,3.0021520109095357,2.74319420196643,0.2529458486454115,0.24294201163211754,0.2537014489847159,0.23265067335872844,0.23265067335872827,800.0000000000005,800.0000000000005,0.00125,2.8244628857976295e-11,9.07467174851986,9,1.8453120975703285e-16,1.3270634591222574e-16,2.149391775674303e-13,-0.04285879905838308,0.9999630466351974,1.1228396460310748,0.22162034087493476,5.7264859520955724e-11,0.0013719568960368633,not_checked,0.001,not_checked,not_checked,,-0.0024194837561321986,0.006065026772123158,0.0006773166368534422,True
local_b3_n800,217,2035211818,local,3,0.10606601717798213,800,0.0011454548711420376,True,ok,0.0004346261889469627,0.5895287310135024,0.0010670633502209992,0.7064719173047901,0.6507363426935303,0.7162776305490544,0.7124834608290822,0.7222613887365401,0.7063100658423903,0.7063100658423902,800.0000000000005,800.0000000000005,0.00125,4.346578652558719e-11,10.379078587534703,8,-4.3888937623082214e-13,1.566672139241554e-16,2.5202062658991053e-13,-0.005535007494824662,0.9992869929440571,1.0862148946568377,0.21905329471227836,8.938960682769448e-11,0.0012994157150387764,not_checked,0.001,not_checked,not_checked,,-0.0016567795467088459,0.0025260319246027713,-0.0007108286821950749,True
local_b3_n800,218,2035211819,local,3,0.10606601717798213,800,0.0011454548711420376,True,ok,0.0037230315721412666,0.6187136569102116,0.003024423446015296,5.904853471550729,6.089007107475292,0.049093891227365266,0.05040176134539825,0.04761994686495622,0.05087288249970443,0.05087288249970435,800.0000000000005,800.0000000000005,0.00125,1.6467471830594604e-10,14.234341601063358,9,5.984795992119984e-17,1.734723475976807e-17,2.842170943040401e-14,0.0259985219376504,0.9582815961101288,1.0176460570749686,0.18954970227745332,3.536275716697901e-10,0.0014155409298837185,not_checked,0.001,not_checked,not_checked,,-0.0022047294560472337,0.009650792600329767,0.002577576700999229,True
local_b3_n800,219,2035211820,local,3,0.10606601717798213,800,0.0011454548711420376,True,ok,0.002103509255136249,0.572227598197502,0.0023262789418372148,3.464972933464629,3.152655245987189,0.20679660192889948,0.1973986614196735,0.206732907047635,0.18585148274135238,0.18585148274135221,800.0000000000005,800.0000000000005,0.00125,1.892364043243333e-11,8.751680697664744,9,-1.8474805019152996e-16,-1.474514954580286e-16,-2.353672812205332e-13,-0.04967906262331456,1.0366141193515126,1.0990954013310366,0.22852318115606743,3.7953418186020826e-11,0.0013895840384066105,not_checked,0.001,not_checked,not_checked,,-0.002455913688858639,0.006662932199131137,0.0009580543839942113,True
local_b3_n800,220,2035211821,local,3,0.10606601717798213,800,0.0011454548711420376,True,ok,0.000810605207527848,0.6443357742505902,0.0014383491467246513,1.3259275193035998,1.2461477531216616,0.5372987164838481,0.5299073733811193,0.5362934016373023,0.5228377115565529,0.5228377115565528,800.0000000000005,800.0000000000005,0.00125,1.1230205654300107e-10,12.621289441874195,9,-1.1544929834177153e-11,-2.321276851291465e-16,-3.710365348297273e-13,-0.014479593629521115,0.9514411827446796,1.1424120367297195,0.17000888591652857,2.3916890690145465e-10,0.0014001247473061085,not_checked,0.001,not_checked,not_checked,,-0.0020085073172463864,0.0036297177323020824,-0.00033484966361418955,True
local_b3_n800,221,2035211822,local,3,0.10606601717798213,800,0.0011454548711420376,True,ok,0.0015401323152672841,0.5997318336409243,0.0019306966938249551,2.468216089156808,2.529302927678031,0.2958071325117446,0.2952232030680648,0.2823376838861266,0.29167770035668067,0.2916777003566805,800.0000000000005,800.0000000000005,0.00125,1.406051941543751e-10,12.073177333489152,8,-2.212010956348376e-12,6.7220534694101275e-18,9.325873406851315e-15,-0.0020021923645761053,0.9370221195612704,1.0882681203354916,0.1964054519169974,2.9151747682476525e-10,0.0012486260384321213,not_checked,0.001,not_checked,not_checked,,-0.0022439636697001836,0.005324228300234752,0.0003946774441252465,True
local_b3_n800,222,2035211823,local,3,0.10606601717798213,800,0.0011454548711420376,True,ok,0.00388837782552498,0.6412551295709952,0.0031513878437348115,6.564777819629426,5.690348780147966,0.06135436056700419,0.05261486821424799,0.058124129584679086,0.04456964484999139,0.044569644849991305,800.0000000000005,800.0000000000005,0.00125,5.684341886080802e-14,10.105259980107022,10,-1.2661746651154715e-14,2.1423834928313568e-16,3.446132268436486e-13,-0.1716866493947271,1.0493009494701262,1.1782420447846724,0.19725495498006332,1.13464793116691e-13,0.0014551682397723198,not_checked,0.001,not_checked,not_checked,,-0.0022882288495125903,0.01006498450056255,0.0027429229543829425,True
local_b3_n800,223,2035211824,local,3,0.10606601717798213,800,0.0011454548711420376,True,ok,6.138838141533931e-05,0.6343421970452343,0.0003841407532207424,0.09862662250701541,0.10189031767658643,0.9516516486746911,0.951457110340526,0.950330786347697,0.952075724195168,0.952075724195168,800.0000000000005,800.0000000000005,0.00125,1.5543122344752192e-15,13.583110781668346,9,-1.1053441148489718e-16,-8.436448154652831e-17,-1.3500311979441904e-13,-0.0002026061212362304,0.9677753404467427,1.014787893122253,0.17988224602985065,3.3306690738754696e-15,0.0013676660601049662,not_checked,0.001,not_checked,not_checked,,-0.0006915136598914046,0.0008142904227220832,-0.0010840664897266983,False
local_b3_n800,224,2035211825,local,3,0.10606601717798213,800,0.0011454548711420376,True,ok,0.0038300343653321356,0.6103714002474601,0.0031142917843415864,6.416606499441545,5.837525665666581,0.0585490443306228,0.051301480571478736,0.05400045357947185,0.04669923515560495,0.04669923515560487,800.0000000000005,800.0000000000005,0.00125,1.1329959193062678e-10,9.197978186635911,9,-2.6983623668819234e-15,1.8778381627448937e-16,3.019806626980426e-13,-0.14427575745506216,0.9438231553970953,1.2086251632259135,0.18756765830760858,2.407580801389031e-10,0.0013972502201795578,not_checked,0.001,not_checked,not_checked,,-0.002273865369326355,0.009933934099990625,0.002684579494190098,True
local_b3_n800,225,2035211826,local,3,0.10606601717798213,800,0.0011454548711420376,True,ok,0.0006724947122778158,0.594655785361814,0.0013337258450480147,1.0898494219495758,0.9985672486125629,0.5952117390531937,0.5912492559983606,0.6069653192059061,0.5839173852217336,0.5839173852217334,800.0000000000005,800.0000000000005,0.00125,5.526956670109939e-11,10.834162269183265,8,-1.0751233887537626e-12,1.0733601507606494e-16,1.716404796070492e-13,-0.006928941152534951,0.9807895002774372,1.0954033411966344,0.20403114211887716,1.1452638837283757e-10,0.0012681670486927032,not_checked,0.001,not_checked,not_checked,,-0.0019415599092665417,0.003286549333822173,-0.0004729601588642218,True
local_b3_n800,226,2035211827,local,3,0.10606601717798213,800,0.0011454548711420376,True,ok,0.0056104436595343365,0.6217434443723451,0.003886787796892736,9.342743459005113,7.918230853616929,0.01720573442780588,0.014624634881992362,0.019079984471815723,0.011239117772058604,0.011239117772058571,800.0000000000005,800.0000000000005,0.00125,1.8777646104695123e-10,10.294604983063948,9,-1.8487815445222822e-14,-1.474514954580286e-17,-2.1316282072803006e-14,-0.18301680187508484,0.9447581074766497,1.2437485609998347,0.19140838948484246,4.059361735642142e-10,0.0013880839105695486,not_checked,0.001,not_checked,not_checked,,-0.0020075204379252087,0.013228407756993882,0.004464988788392299,True
local_b3_n800,227,2035211828,local,3,0.10606601717798213,800,0.0011454548711420376,True,ok,0.0015836524452830236,0.593353159967968,0.0019734275804290497,2.5544623936324276,2.5645400055747607,0.2879611850437829,0.2850696577931056,0.2774068708153995,0.2816973655182533,0.2816973655182531,800.0000000000005,800.0000000000005,0.00125,1.864993715017249e-10,11.213758113657665,8,-1.1642469106842857e-11,-8.933825901280557e-17,-1.438849039914203e-13,-0.01030924058979421,0.90852107113937,1.1314010210826106,0.19445326400439644,3.7473490976935864e-10,0.0012606659438461065,not_checked,0.001,not_checked,not_checked,,-0.0022841945384559346,0.005451499429021981,0.00043819757414098603,True
local_b3_n800,228,2035211829,local,3,0.10606601717798213,800,0.0011454548711420376,True,ok,0.0008393919059830335,0.6330407773818756,0.0014518084354460498,1.3606322557155648,1.3191581609788854,0.5246027762909999,0.5201878228487185,0.5170689330949806,0.5109346799751298,0.5109346799751295,800.0000000000005,800.0000000000005,0.00125,4.261146990813813e-11,12.756043663854058,9,-3.3593468718590147e-12,-6.223320470066795e-17,-9.969802761133906e-14,-0.008802603071355275,0.978829701232911,1.1056295658166506,0.1947686674007822,9.09501363111076e-11,0.001367917051538825,not_checked,0.001,not_checked,not_checked,,-0.002006100339942668,0.003684884151908735,-0.0003060629651590041,True
local_b3_n800,229,2035211830,local,3,0.10606601717798213,800,0.0011454548711420376,True,ok,0.0013397464730078301,0.5582091456050846,0.0018312565119016086,2.161710377418446,2.121849503761546,0.3482973449986483,0.34521007630426215,0.3461355727608187,0.34239262351941563,0.34239262351941546,800.0000000000005,800.0000000000005,0.00125,6.993805534705189e-11,9.679785545281188,8,-4.5009222043868036e-12,1.1427490897997217e-16,1.8207657603852567e-13,-0.009058010302958275,0.9509018489356456,1.0835662380546853,0.21784700689385594,1.3242207330677047e-10,0.001258875010535121,not_checked,0.001,not_checked,not_checked,,-0.002249450336773768,0.004928943282789428,0.00019429160186579253,True
local_b3_n800,230,2035211831,local,3,0.10606601717798213,800,0.0011454548711420376,True,ok,0.0014466889159203689,0.6057668163277432,0.0018630910354012768,2.3827533895383946,2.3554064099360614,0.32853454157610745,0.31796271641815954,0.30798530599100454,0.3143176649240225,0.31431766492402224,800.0000000000005,800.0000000000005,0.00125,9.214062846041315e-11,10.142837933381175,9,-5.681219383824043e-17,-1.448494102440634e-16,-2.304822999121825e-13,-0.034025562032901524,0.9957055088063849,1.084622000533962,0.19848011446986297,1.9415580254644738e-10,0.001369791803881526,not_checked,0.001,not_checked,not_checked,,-0.0022049024133855726,0.00509828024522631,0.00030123404477833127,True
local_b3_n800,231,2035211832,local,3,0.10606601717798213,800,0.0011454548711420376,True,ok,0.0011868261422440796,0.5963149769176139,0.0017241621270813526,1.948774256684704,1.833702872145558,0.4086186464198608,0.3991303774192746,0.3997757811866398,0.38694956641131617,0.386949566411316,800.0000000000005,800.0000000000005,0.00125,5.972222716366105e-11,9.940713822179651,9,-4.7704895589362195e-17,-4.2500725161431774e-17,-6.794564910705958e-14,-0.024926214547087766,1.0429897381073914,1.0789430200908525,0.2130477264335585,1.2401968341180236e-10,0.0013335412368178368,not_checked,0.001,not_checked,not_checked,,-0.0021924695303433433,0.004566121814831502,4.137127110204197e-05,True
local_b3_n800,232,2035211833,local,3,0.10606601717798213,800,0.0011454548711420376,True,ok,0.002265873301810606,0.64786824602918,0.002316925687509336,3.7855360631506154,3.6529691674854323,0.18422505805349898,0.17096947481881186,0.16097848060932596,0.16321308834939807,0.16321308834939793,800.0000000000005,800.0000000000005,0.00125,2.1094237467877974e-15,11.183152548886628,10,-5.191160001860595e-16,-2.883977778811442e-16,-4.60964599824365e-13,-0.0800693901268219,1.0312431296082243,1.1121721863201834,0.18196349958762117,4.218847493575595e-15,0.0014336658641695976,not_checked,0.001,not_checked,not_checked,,-0.0022752176005633963,0.006806964204184608,0.0011204184306685683,True
local_b3_n800,233,2035211834,local,3,0.10606601717798213,800,0.0011454548711420376,True,ok,0.0022050219277733873,0.5697096815876745,0.0023073208014268982,3.6362283675009586,3.5285126934609434,0.187658991105496,0.17827606572707086,0.17131413744502044,0.1713550529191764,0.17135505291917616,800.0000000000005,800.0000000000005,0.00125,1.6751933173964062e-11,8.5814443158408,9,-8.673617379884035e-17,-6.548581121812447e-17,-1.056932319443149e-13,-0.0540966415317683,1.0258326068103099,1.0829388657608028,0.21854514892833352,3.3412606015303936e-11,0.0013350837398320436,not_checked,0.001,not_checked,not_checked,,-0.002317243743803427,0.006727287599350202,0.0010595670566313498,True
local_b3_n800,234,2035211835,local,3,0.10606601717798213,800,0.0011454548711420376,True,ok,0.010684497486181277,0.6173971419817792,0.005282966599282316,18.335318641501587,14.667955534446833,0.0007688122712178136,0.00046138406055370697,0.0006529710475781294,0.0001940105558186176,0.00019401055581861644,800.0000000000005,800.0000000000005,0.00125,1.553130957177018e-10,8.184251675873627,9,-1.1085335774319027e-11,-2.1684043449710089e-16,-3.481659405224491e-13,-0.6200613318057666,1.0553474302464878,1.2971517025675177,0.21859205764015532,3.3295788348652877e-10,0.0013447077944874763,not_checked,0.001,not_checked,not_checked,,0.0003300732200598906,0.021038921752302663,0.00953904261503924,True
local_b3_n800,235,2035211836,local,3,0.10606601717798213,800,0.0011454548711420376,True,ok,0.0029202805884736005,0.6000655100845889,0.0027978881004940333,4.857639038938561,4.1272342161664515,0.11797015374533387,0.10841885465239429,0.12699378787585666,0.09669201346527108,0.09669201346527094,800.0000000000005,800.0000000000005,0.00125,7.101175203416688e-11,9.222808979337799,9,-1.7433970933566911e-16,-6.461844948013606e-17,-1.056932319443149e-13,-0.09259504869039858,1.0081797612621675,1.177480271478078,0.214967443145446,1.483169143057239e-10,0.0013488340191543102,not_checked,0.001,not_checked,not_checked,,-0.0025634793212678886,0.008404040498215089,0.001774825717331563,True
local_b3_n800,236,2035211837,local,3,0.10606601717798213,800,0.0011454548711420376,True,ok,0.002249639922314195,0.5650451951061164,0.002317834635256828,3.699236900025467,3.657530539096333,0.18012966338230368,0.1717729605554021,0.16061175762253255,0.16534651143338913,0.16534651143338897,800.0000000000005,800.0000000000005,0.00125,1.3300582857311838e-11,8.606046838239282,9,-1.1622647289044608e-16,-1.0321604682062002e-16,-1.6564527527407336e-13,-0.049906512161376426,1.0112978687674505,1.088824318255409,0.2191958100708491,2.6341151482256464e-11,0.0013533749151974916,not_checked,0.001,not_checked,not_checked,,-0.002293232484908721,0.006792512329537111,0.0011041850511721574,True
local_b3_n800,237,2035211838,local,3,0.10606601717798213,800,0.0011454548711420376,True,ok,0.006159874567723378,0.6576628711411554,0.004088251642302416,10.5389218411198,8.227685400947921,0.014823595936080472,0.011111657398317862,0.016344845349768208,0.00724169738819981,0.007241697388199786,800.0000000000005,800.0000000000005,0.00125,2.752686967255613e-12,10.0956754419551,10,-7.833751008989864e-13,3.1051550219984847e-16,4.973799150320701e-13,-0.3415612663811949,1.037473447587899,1.2877970752525243,0.196494702756258,5.473621556006947e-12,0.0014528329484164715,not_checked,0.001,not_checked,not_checked,,-0.001852951410926085,0.014172700546372841,0.00501441969658134,True
local_b3_n800,238,2035211839,local,3,0.10606601717798213,800,0.0011454548711420376,True,ok,0.002312591229927552,0.6072506685826802,0.0024530070644189616,3.840711944470889,3.3897236480981836,0.1811573028746163,0.16978687648437324,0.18362459977854828,0.15722569094415853,0.1572256909441584,800.0000000000005,800.0000000000005,0.00125,9.858824867592375e-11,9.629580184982213,9,-1.4224732503009818e-16,4.7704895589362195e-17,7.505107646466058e-14,-0.07028298829340174,1.0264825135665507,1.1398161726392226,0.212811908387186,2.0814128198765047e-10,0.0013511250726878643,not_checked,0.001,not_checked,not_checked,,-0.0024952142701559366,0.0071203967300110405,0.0011671363587855144,True
local_b3_n800,239,2035211840,local,3,0.10606601717798213,800,0.0011454548711420376,True,ok,0.0026017495948400526,0.6163857629777589,0.0027096501428688856,4.328618744740419,3.491729722777696,0.1511117251217171,0.14023554053220239,0.17449401055620742,0.1247554727127277,0.12475547271272751,800.0000000000005,800.0000000000005,0.00125,1.4844736551111737e-10,9.926685537441209,9,-4.198030811863873e-16,-4.640385298237959e-16,-7.407408020299044e-13,-0.08290969649816615,0.9640212964310206,1.2397162196823335,0.19809093860953877,3.1786862031424334e-10,0.0013565830886363983,not_checked,0.001,not_checked,not_checked,,-0.002709067095886775,0.00791256628556688,0.001456294723698015,True
local_b3_n800,240,2035211841,local,3,0.10606601717798213,800,0.0011454548711420376,True,ok,0.0013750644628978126,0.6363751250383669,0.0017829877542434875,2.1207185540808453,2.467387206038505,0.3078440688943096,0.3211726462836863,0.2912149563113431,0.33285391787298446,0.3328539178729841,800.0000000000005,800.0000000000005,0.00125,3.885780586188048e-16,17.899499593547027,10,-1.938553484404082e-16,-3.462941738918701e-16,-5.524469770534779e-13,0.039692293277828083,0.8406158968130406,1.0307543723649253,0.15237501974102288,2.220446049250313e-16,0.0014434999320656061,not_checked,0.001,not_checked,not_checked,,-0.0021195273202953757,0.004869656246091001,0.000229609591755775,True
local_b3_n800,241,2035211842,local,3,0.10606601717798213,800,0.0011454548711420376,True,ok,0.0001859754049791107,0.653783926081557,0.0006780247703434549,0.29514813534746465,0.305450048835577,0.8612385005141829,0.8622819833722781,0.8583657189765038,0.8617584017603714,0.8617584017603714,800.0000000000005,800.0000000000005,0.00125,1.7397194795876203e-13,16.03256647051829,9,7.506826106909448e-15,-1.5620642800084905e-16,-2.498001805406602e-13,0.001206256309556314,0.9207341695000979,1.0768386875839933,0.1765624577989042,4.0167869030938164e-13,0.0013321249280124903,not_checked,0.001,not_checked,not_checked,,-0.0011429287255201022,0.0015148795354783236,-0.0009594794661629269,True
local_b3_n800,242,2035211843,local,3,0.10606601717798213,800,0.0011454548711420376,True,ok,0.0019355707186574644,0.6384806375380738,0.002248267852625827,3.1823622087983168,2.8743477482529443,0.23747164443474209,0.2282876580863844,0.23759829341256972,0.21257581560598926,0.21257581560598895,800.0000000000005,800.0000000000005,0.00125,8.881784197001252e-16,11.921835681821353,10,2.2985086056692694e-16,3.230922474006803e-16,5.160316618457728e-13,-0.042724529473185946,0.9453506296591662,1.213366219674404,0.18693458238802688,1.9984014443252818e-15,0.0014483339618891478,not_checked,0.001,not_checked,not_checked,,-0.0024709533000883627,0.006342094737403292,0.0007901158475154269,True
local_b3_n800,243,2035211844,local,3,0.10606601717798213,800,0.0011454548711420376,True,ok,0.0005732137724403508,0.6558351695915303,0.0011929768697120323,0.9179291372569404,0.9218351280388295,0.6348786833822448,0.6346311973461796,0.6307046680128435,0.6321863833478434,0.6321863833478432,800.0000000000005,800.0000000000005,0.00125,5.303202321726985e-12,15.287284930449065,9,-4.038002571205013e-14,2.7484525072507537e-16,4.39870362356487e-13,-0.0003935506761892915,0.9933358431757809,1.0255708218116646,0.17576160853832654,1.1989298442927065e-11,0.0013274999801069498,not_checked,0.001,not_checked,not_checked,,-0.0017649779265845652,0.0029114054714652667,-0.0005722410987016868,True
local_b3_n800,244,2035211845,local,3,0.10606601717798213,800,0.0011454548711420376,True,ok,0.001549125927769568,0.5909066292394112,0.001940953614105665,2.4450109302861764,2.5634013855050086,0.280585117114707,0.2854549011658888,0.2775648462949444,0.28958664287146807,0.28958664287146785,800.0000000000005,800.0000000000005,0.00125,4.6371240181031226e-11,12.99459226317124,9,-1.205632815803881e-16,4.336808689942018e-19,8.881784197001252e-16,0.016795277072566783,0.9221176832010693,1.029260376167323,0.18947842136775328,9.55699963611778e-11,0.0013349168002605438,not_checked,0.001,not_checked,not_checked,,-0.00225507325154039,0.005353325107079526,0.00040367105662753033,True
local_b3_n800,245,2035211846,local,3,0.10606601717798213,800,0.0011454548711420376,True,ok,0.0016051269913868182,0.6218757067335459,0.0018745504241645848,2.6550856497874387,2.86754906734662,0.2889353219656021,0.2771123315881039,0.23840734524519686,0.27689924010320044,0.2768992401032001,800.0000000000005,800.0000000000005,0.00125,1.8922674538401907e-10,10.58590269495881,9,-5.204170427930421e-18,-2.5370330836160804e-17,-4.085620730620576e-14,-0.04344123178426407,0.9048438538081235,1.17011759547652,0.17194625900222812,4.083808846644388e-10,0.00133162597194314,not_checked,0.001,not_checked,not_checked,,-0.0020689243271800497,0.005279178309953687,0.00045967212024478066,True
local_b3_n800,246,2035211847,local,3,0.10606601717798213,800,0.0011454548711420376,True,ok,0.0013252660461122723,0.6098606624863692,0.0018737434459013078,2.125095422639783,2.0032201534366165,0.3499285963006914,0.3491210991369609,0.36728760362784696,0.3463820795995156,0.34638207959951534,800.0000000000005,800.0000000000005,0.00125,1.1094036800329832e-10,12.51913552850298,8,-1.7433185971194032e-12,2.198762005800603e-16,3.530509218307998e-13,-0.002334874430073075,0.9502808020158617,1.070829742073978,0.18414965331908764,2.3510349222988225e-10,0.001209709094837308,not_checked,0.001,not_checked,not_checked,,-0.0023472036241222664,0.004997735716346811,0.0001798111749702347,True
local_b3_n800,247,2035211848,local,3,0.10606601717798213,800,0.0011454548711420376,True,ok,0.0028189658722546085,0.6193242918838753,0.0027450305035226995,4.6000826564448785,4.105639374016093,0.115413294875092,0.11057933367727929,0.1283724227341152,0.10485543386943093,0.10485543386943078,800.0000000000005,800.0000000000005,0.00125,1.6908519029357194e-10,11.599563468354987,9,-6.852157730108388e-17,-8.673617379884035e-19,-1.7763568394002505e-15,-0.04486863041875111,0.9546280568440828,1.1336069596193614,0.18662320932012424,3.636198009360214e-10,0.0013347910717129707,not_checked,0.001,not_checked,not_checked,,-0.0025611950511137327,0.00819912679562295,0.001673511001112571,True
local_b3_n800,248,2035211849,local,3,0.10606601717798213,800,0.0011454548711420376,True,ok,0.004894849085690378,0.6109020319791929,0.003551730233670324,8.154772060524426,7.260352206099711,0.0283291778576579,0.024505900227146035,0.02651151523908884,0.019923023254201897,0.01992302325420185,800.0000000000005,800.0000000000005,0.00125,1.1622969253721749e-10,9.699805186918216,9,-6.879913305724017e-15,2.42861286636753e-17,3.9968028886505635e-14,-0.1615067617099082,0.9578527949563057,1.2266722722673467,0.20108600957599307,2.4676660714817444e-10,0.001340207876637578,not_checked,0.001,not_checked,not_checked,,-0.002066414255105487,0.011856112426486244,0.0037493942145483405,True
local_b3_n800,249,2035211850,local,3,0.10606601717798213,800,0.0011454548711420376,True,ok,0.0024169237197029236,0.6098972771181372,0.0025111350901688484,4.018772589768583,3.5479332188302175,0.16668223158755002,0.15539511642536397,0.1696586826270156,0.14463543039932783,0.14463543039932764,800.0000000000005,800.0000000000005,0.00125,1.1107881281446907e-10,9.665451577048715,9,-2.441623292437356e-16,-1.4224732503009818e-16,-2.282618538629322e-13,-0.0758473191219513,1.003088205567119,1.1558391746518506,0.20811476091204079,2.3550450478637686e-10,0.001322916941717267,not_checked,0.001,not_checked,not_checked,,-0.00250481061734276,0.007338658056748607,0.001271468848560886,True
local_b3_n800,250,2035211851,local,3,0.10606601717798213,800,0.0011454548711420376,True,ok,0.0017529850081206,0.6060698824740369,0.0020499232861749474,2.897068854039795,2.8216733315476956,0.2677606668736271,0.25642381697142913,0.2439391022520044,0.24600879134919568,0.24600879134919548,800.0000000000005,800.0000000000005,0.00125,9.346556861800082e-11,9.916226087925033,9,-1.5113778284447932e-16,-1.8626593323300966e-16,-2.984279490192421e-13,-0.046146420523416554,0.9794184584508296,1.1515516020348395,0.19333995415256852,1.969360230447137e-10,0.0013339160941541195,not_checked,0.001,not_checked,not_checked,,-0.002264790803852291,0.005770760820093491,0.0006075301369785624,True
local_b3_n800,251,2035211852,local,3,0.10606601717798213,800,0.0011454548711420376,True,ok,0.0015592813946048167,0.5779900315274682,0.00195120046386996,2.5425860361839643,2.5002482271969955,0.30305704630395514,0.2962222925234108,0.28646923992546014,0.2872434641514222,0.28724346415142205,800.0000000000005,800.0000000000005,0.00125,2.5050406193827257e-11,9.686420293608013,9,-9.410874857174178e-17,-8.435092901937224e-17,-1.3233858453531866e-13,-0.023867902408128083,0.9753798003969666,1.116312913462565,0.21769773071146586,5.066502772876902e-11,0.0013387918006628752,not_checked,0.001,not_checked,not_checked,,-0.0022650012411981517,0.005383564030407785,0.00041382652346277915,True
local_b3_n800,252,2035211853,local,3,0.10606601717798213,800,0.0011454548711420376,True,ok,0.0026169364586980937,0.6127184473806488,0.002573944742279571,4.344448994775447,3.9434761909133433,0.14212372256900868,0.13207967500637466,0.13921467741276786,0.12324892761884669,0.1232489276188465,800.0000000000005,800.0000000000005,0.00125,1.257649540065131e-10,9.917340860330116,9,-4.557985933129061e-16,-1.474514954580286e-16,-2.362554596402333e-13,-0.07867533042924713,1.0436308953742126,1.1024549791324763,0.2099354038198494,2.684432676147708e-10,0.0013435001019388437,not_checked,0.001,not_checked,not_checked,,-0.0024279025343660965,0.007661775451762284,0.001471481587556056,True
local_b3_n800,253,2035211854,local,3,0.10606601717798213,800,0.0011454548711420376,True,ok,0.00026459047535176694,0.6120255901220604,0.0008119117904939456,0.42131757429494227,0.4279047102961918,0.8102484918620876,0.8110652646729084,0.8073868519332887,0.809229773772788,0.8092297737727879,800.0000000000005,800.0000000000005,0.00125,1.2218981382261518e-10,13.187727241426298,8,6.771059407606472e-15,-2.07407875596477e-16,-3.3173463975799677e-13,0.0010135931339425308,0.9845904908584112,1.027782450789859,0.19608234036744024,2.599682691339922e-10,0.001224501058459282,not_checked,0.001,not_checked,not_checked,,-0.0013267273926397963,0.0018559083433433302,-0.0008808643957902706,True
local_b3_n800,254,2035211855,local,3,0.10606601717798213,800,0.0011454548711420376,True,ok,0.0009762024619652809,0.5916814143847275,0.0015225838675800895,1.5549068519127829,1.6577304437109388,0.4563140003986875,0.4579210702987242,0.43654438638282655,0.45796525070375627,0.45796525070375593,800.0000000000005,800.0000000000005,0.00125,4.812039655632816e-11,12.177560873591604,8,7.647340876867914e-13,1.564503734896583e-16,2.5002222514558525e-13,0.003508543615833748,0.8849049517659544,1.11387256059879,0.18599266978828044,9.922307420140442e-11,0.0012472502421587706,not_checked,0.001,not_checked,not_checked,,-0.002008007081933397,0.003960412005863959,-0.00016925240917675666,True
local_b3_n800,255,2035211856,local,3,0.10606601717798213,800,0.0011454548711420376,True,ok,0.00019243187451456478,0.5731974753727163,0.0006919311338729638,0.3084606409716853,0.3085457035889397,0.857767929863767,0.8575244872260304,0.857038144710411,0.8573187439427199,0.8573187439427199,800.0000000000005,800.0000000000005,0.00125,1.9874324408419852e-11,10.741245302605995,8,-3.574614562684708e-16,7.909254848281755e-17,1.27675647831893e-13,-0.00028482087419073876,0.9897899816202123,1.0172112936764575,0.21344709807280482,3.9851011379710144e-11,0.0012736248318105936,not_checked,0.001,not_checked,not_checked,,-0.001163728227658407,0.0015485919766875366,-0.0009530229966274728,True
local_b3_n800,256,2035211857,local,3,0.10606601717798213,800,0.0011454548711420376,True,ok,0.0014690884972148321,0.6281873732382051,0.0019134605351945329,2.422379531029471,2.2871060380540533,0.3290664752557261,0.31808917297826433,0.3186847150466383,0.30873536351845776,0.30873536351845743,800.0000000000005,800.0000000000005,0.00125,3.3306690738754696e-16,11.133032693428389,10,9.215718466126788e-17,1.932048271369169e-16,3.090860900556436e-13,-0.03591896774286907,0.9890603463088692,1.1277128305824418,0.18460908452386224,6.661338147750939e-16,0.001487791771069169,not_checked,0.001,not_checked,not_checked,,-0.002281225237605189,0.005219402232034853,0.00032363362607279456,True
local_b3_n800,257,2035211858,local,3,0.10606601717798213,800,0.0011454548711420376,True,ok,0.0008247979634765645,0.6333641723677548,0.0014976039649982717,1.3536671292702904,1.1771821752525087,0.5356836770410378,0.5271500755951832,0.555108833742825,0.5169348795205793,0.516934879520579,800.0000000000005,800.0000000000005,0.00125,1.5745349468687664e-10,11.757187132314721,9,-1.7199311419524577e-11,2.638948087829718e-16,4.221067939624845e-13,-0.016995193853893253,0.9688909822555946,1.1506263240120884,0.19408649604017206,3.282947247384982e-10,0.0013677501119673252,not_checked,0.001,not_checked,not_checked,,-0.002110451871024432,0.003760047797977561,-0.00032065690766547306,True
local_b3_n800,258,2035211859,local,3,0.10606601717798213,800,0.0011454548711420376,True,ok,0.0016334690843895494,0.6136260532089797,0.002076432677106579,2.6992261531006196,2.3891479001344984,0.29110051816609095,0.2795784106431488,0.3028329486585583,0.2706915583115888,0.2706915583115887,800.0000000000005,800.0000000000005,0.00125,1.312864261748814e-10,10.268429627540808,9,-2.42861286636753e-17,1.2945373939476923e-16,2.0961010704922955e-13,-0.04283780903866963,0.9824470325858005,1.137525511799521,0.20121340220422934,2.7994118134699875e-10,0.0014082491397857666,not_checked,0.001,not_checked,not_checked,,-0.002436264179061433,0.005703202347840532,0.0004880142132475118,True
local_b3_n800,259,2035211860,local,3,0.10606601717798213,800,0.0011454548711420376,True,ok,0.0035352170099793856,0.5832224211487858,0.003015906511471872,5.889880508911121,5.200878881680539,0.07491789348997141,0.06732383434595264,0.07424094654108364,0.05912073275902633,0.05912073275902623,800.0000000000005,800.0000000000005,0.00125,3.2205904609838854e-11,8.439114264022926,9,-7.147060721024445e-16,-5.0306980803327406e-17,-7.904787935331115e-14,-0.11676664647205026,1.0483248447920228,1.1339470974351198,0.22793837367484712,6.565348265041848e-11,0.0015548320952802896,not_checked,0.001,not_checked,not_checked,,-0.0023758511332453184,0.00944628515320409,0.002389762138837348,True
local_b3_n800,260,2035211861,local,3,0.10606601717798213,800,0.0011454548711420376,True,ok,0.0024117815818780475,0.6274576404355576,0.002543181317407311,4.01304058287218,3.437123052376987,0.16852163179495155,0.15702479777140155,0.17932391522710997,0.14523164413780235,0.14523164413780218,800.0000000000005,800.0000000000005,0.00125,1.1102230246251565e-15,10.440561244384782,10,-9.8879238130678e-17,-8.239936510889834e-18,-1.0658141036401503e-14,-0.07709502593365092,0.9520228401344368,1.2167540796083383,0.18439115353658805,2.220446049250313e-15,0.001566875958815217,not_checked,0.001,not_checked,not_checked,,-0.0025727622063954105,0.007396325370151505,0.0012663267107360099,True
local_b3_n800,261,2035211862,local,3,0.10606601717798213,800,0.0011454548711420376,True,ok,0.0038184271075212273,0.6679454939216567,0.0032335406015076046,6.481396360590032,5.193604111265204,0.06645153195217185,0.056422788671318155,0.0745114811829103,0.04713489480031415,0.047134894800314076,800.0000000000005,800.0000000000005,0.00125,1.3233858453531866e-13,11.143102479506723,10,-3.1694265267834254e-14,2.5587171270657905e-16,4.0945025148175773e-13,-0.1859564942780323,0.9993856311687028,1.2489773784900549,0.18566607701542756,2.7400304247748863e-13,0.0015483738388866186,not_checked,0.001,not_checked,not_checked,,-0.002519196013981661,0.010156050229024115,0.0026729722363791897,True
local_b3_n800,262,2035211863,local,3,0.10606601717798213,800,0.0011454548711420376,True,ok,0.006446571935858625,0.6129344506976473,0.004044636561874158,10.897675765054428,9.322313054076508,0.011000998607954199,0.008534475150194364,0.009455520510502264,0.00575746762902244,0.0057574676290224275,800.0000000000005,800.0000000000005,0.00125,1.2736189880513393e-10,8.80599769781273,9,-1.5918169560258377e-13,1.6393136847980827e-16,2.5934809855243657e-13,-0.29158033384031157,1.0718455442346668,1.2100518297795102,0.22284222063012724,2.711393332077705e-10,0.0014136659447103739,not_checked,0.001,not_checked,not_checked,,-0.0014807700559686353,0.014373913927685885,0.005301117064716587,True
local_b3_n800,263,2035211864,local,3,0.10606601717798213,800,0.0011454548711420376,True,ok,0.000695665397592915,0.6169323008809162,0.0012813887761901985,1.1341527844411519,1.151744606984685,0.5858789602873691,0.5799778974824255,0.5622142334073343,0.5731932735109793,0.573193273510979,800.0000000000005,800.0000000000005,0.00125,1.5217138660261753e-10,11.427755852963779,8,-3.71673644552345e-12,1.5417354892743873e-16,2.469136006766348e-13,-0.010544074146243587,0.9732958830483489,1.111973313289006,0.19155473746924923,3.2593994170326823e-10,0.0012944159097969532,not_checked,0.001,not_checked,not_checked,,-0.0018158104539337302,0.00320714124911956,-0.0004497894735491226,True
local_b3_n800,264,2035211865,local,3,0.10606601717798213,800,0.0011454548711420376,True,ok,0.0020733816111984105,0.6143787581248781,0.0023312408907655013,3.4411417543168903,3.0285099609716877,0.2141222273666843,0.20217646417494045,0.21997200725271127,0.19038531457000174,0.1903853145700016,800.0000000000005,800.0000000000005,0.00125,1.358325674161165e-10,9.99508866018997,9,-3.5128150388530344e-17,-5.898059818321144e-17,-9.414691248821327e-14,-0.06186558819971588,1.0142945857745163,1.1390062400044947,0.21025815565038622,2.8983482280864337e-10,0.0014224580954760313,not_checked,0.001,not_checked,not_checked,,-0.0024957665739890464,0.006642529796385867,0.0009279267400563729,True
local_b3_n800,265,2035211866,local,3,0.10606601717798213,800,0.0011454548711420376,True,ok,0.0008194731843367276,0.7183164732683633,0.0014431959414062522,1.3195881355529782,1.2806648056952312,0.5210863667266935,0.5189072315286882,0.5271171796672489,0.5191416276125751,0.5191416276125749,800.0000000000005,800.0000000000005,0.00125,5.612477149696815e-11,19.64105953997623,9,-2.517564498885627e-12,2.2659825404947043e-17,3.68594044175552e-14,-0.0042155203071067016,0.9718062918686363,1.040455583465396,0.14133448409379556,1.3771406237594874e-10,0.001406499883159995,not_checked,0.001,not_checked,not_checked,,-0.002009138883453905,0.00364808525212736,-0.00032598168680531003,True
local_b3_n800,266,2035211867,local,3,0.10606601717798213,800,0.0011454548711420376,True,ok,0.0034448478140478578,0.6207771282487613,0.00307949841714923,5.756243090080142,4.726208349957714,0.08146448831301316,0.07295298700319672,0.0941275807436374,0.06355317949292257,0.06355317949292247,800.0000000000005,800.0000000000005,0.00125,1.8034218562945625e-10,9.84979963829152,9,-1.4016565685892601e-15,-1.1622647289044608e-16,-1.8562928971732617e-13,-0.122243293801783,0.976441371984714,1.2181537312691384,0.19777191173943762,3.8849967687326625e-10,0.0014169169589877129,not_checked,0.001,not_checked,not_checked,,-0.002590858174012737,0.009480553802108452,0.00229939294290582,True
local_b3_n800,267,2035211868,local,3,0.10606601717798213,800,0.0011454548711420376,True,ok,0.004624424163791607,0.6227977170328949,0.0035360160977210143,7.707202506785251,6.446397998420049,0.034268800191115806,0.029809239779459512,0.03982744628497371,0.024734918455497565,0.024734918455497516,800.0000000000005,800.0000000000005,0.00125,1.9707302456595244e-10,10.214414168803865,9,-6.1999017031411086e-15,-6.245004513516506e-17,-1.0302869668521453e-13,-0.15406192235933736,0.9909240260891787,1.1957372812175435,0.19450709595208607,4.2581338455249806e-10,0.0014187907800078392,not_checked,0.001,not_checked,not_checked,,-0.002306040036495445,0.011554888364078659,0.0034789692926495697,True
local_b3_n800,268,2035211869,local,3,0.10606601717798213,800,0.0011454548711420376,True,ok,0.0018143202874556508,0.5752467862643804,0.0021534103083988205,2.9263417578224598,2.8187028514663934,0.23685131551307942,0.23411646150955734,0.24430167956466897,0.23422894840635025,0.23422894840635006,800.0000000000005,800.0000000000005,0.00125,2.196132165011022e-11,10.429275560002262,9,8.998878031629687e-17,6.657001339060997e-17,1.0746958878371515e-13,-0.011714648946708373,0.9568870643179657,1.0592999411536494,0.2060912571499858,4.417355370378573e-11,0.001416624989360571,not_checked,0.001,not_checked,not_checked,,-0.002406286360943328,0.006034926935854629,0.0006688654163136132,True
local_b3_n800,269,2035211870,local,3,0.10606601717798213,800,0.0011454548711420376,True,ok,0.0031417973467702254,0.6033588929036255,0.002936714156209603,5.244501192786208,4.34688651994001,0.10253107321032659,0.09299219902804645,0.11378514976402368,0.08098932870137877,0.08098932870137865,800.0000000000005,800.0000000000005,0.00125,8.260825357098156e-11,9.12095808041772,9,-1.0972125985553305e-16,5.230191280070073e-16,8.384404281969182e-13,-0.10881271897692235,0.9613882923256077,1.2431237843842071,0.20220685292709267,1.7335222146641627e-10,0.0014343748334795237,not_checked,0.001,not_checked,not_checked,,-0.0026140566322895306,0.00889765132582998,0.001996342475628188,True
local_b3_n800,270,2035211871,local,3,0.10606601717798213,800,0.0011454548711420376,True,ok,0.000953097932226532,0.5473821512523245,0.0015124760386025957,1.5360726556329922,1.5779413588253992,0.47419388687065356,0.4716238060439552,0.4543121875805697,0.46650882295758744,0.4665088229575871,800.0000000000005,800.0000000000005,0.00125,1.6133427926945387e-11,9.336444466915209,8,-8.991491362228543e-13,-1.3660947373317356e-17,-2.0872192862952943e-14,-0.005557982035270026,0.957381957875415,1.089073315064806,0.22755729188643894,3.026090489299804e-11,0.0012976666912436485,not_checked,0.001,not_checked,not_checked,,-0.002011300630914368,0.003917496495367432,-0.00019235693891550554,True
local_b3_n800,271,2035211872,local,3,0.10606601717798213,800,0.0011454548711420376,True,ok,0.00013483175224493493,0.5569484624690793,0.0006046363546699398,0.2141964185845313,0.20075172817726095,0.8971688850153277,0.8978614686019197,0.9044973860513799,0.8977484236242013,0.8977484236242012,800.0000000000005,800.0000000000005,0.00125,8.857359290459499e-12,10.775630343840675,8,9.361543658326088e-16,-1.111307226797642e-18,-1.7763568394002505e-15,0.0007671925036823457,0.9219081848021293,1.0715059695839615,0.21297749745207703,1.7331469592818394e-11,0.0012886261101812124,not_checked,0.001,not_checked,not_checked,,-0.0010502337266517336,0.0013198972311416035,-0.0010106231188971027,True
local_b3_n800,272,2035211873,local,3,0.10606601717798213,800,0.0011454548711420376,True,ok,0.0008871218181989438,0.6687608112819019,0.001505526729974198,1.3724184152489805,1.433742730843004,0.47386881229356226,0.48572727121870707,0.4882775106372479,0.49179296467471123,0.4917929646747109,800.0000000000005,800.0000000000005,0.00125,3.3306690738754696e-16,19.95853726295835,10,3.2721221565612524e-16,3.271037954388767e-16,5.231370892033738e-13,0.023488246934665225,0.9433681570944036,0.9572364515346956,0.15860094442432707,6.661338147750939e-16,0.0015252511948347092,not_checked,0.001,not_checked,not_checked,,-0.002063656350312843,0.0038378999867107306,-0.00025833305294309383,True
local_b3_n800,273,2035211874,local,3,0.10606601717798213,800,0.0011454548711420376,True,ok,0.0016836694564434929,0.6027865961015952,0.002086963503490838,2.780573732366336,2.5059866209872235,0.2832441876238494,0.27198290969714967,0.28564848129383935,0.2600359040098781,0.26003590400987797,800.0000000000005,800.0000000000005,0.00125,8.047618127449141e-11,9.818764167319921,9,-5.5294310796760726e-17,-1.981921571303502e-16,-3.1885605267234496e-13,-0.043351301028373035,1.0176341404032188,1.1187923399245003,0.21439070303556232,1.6873147323792637e-10,0.0014189579524099827,not_checked,0.001,not_checked,not_checked,,-0.002406703847448081,0.005774042760335067,0.0005382145853014553,True
local_b3_n800,274,2035211875,local,3,0.10606601717798213,800,0.0011454548711420376,True,ok,0.0007674904360333024,0.6002584516036178,0.0014115762923769472,1.25457615157559,1.1527442340446843,0.5568048133832109,0.5497907811366105,0.5619333013393917,0.5411859473068641,0.5411859473068639,800.0000000000005,800.0000000000005,0.00125,7.165701365607902e-11,10.439668762119766,8,-6.5602444266829596e-12,3.5431726996826285e-16,5.664357871637549e-13,-0.013295726961152776,1.009766800037315,1.088458494722051,0.21295375305619355,1.4968404293824733e-10,0.0012944159097969532,not_checked,0.001,not_checked,not_checked,,-0.0019991482584560956,0.0035341291305227003,-0.00037796443510873523,True
local_b3_n800,275,2035211876,local,3,0.10606601717798213,800,0.0011454548711420376,True,ok,0.0030912897721249166,0.6488181762103284,0.0027722313315765744,5.175580193792046,4.727110980530996,0.10168470776078098,0.09147113463038456,0.09408510911232243,0.08432880148489132,0.0843288014848912,800.0000000000005,800.0000000000005,0.00125,7.771561172376096e-15,11.102526425866536,10,-1.3600232051658168e-15,5.724587470723463e-17,9.237055564881302e-14,-0.11475827919608816,1.0178476536495233,1.1453585694540729,0.1935460846853364,1.6209256159527285e-14,0.001527584157884121,not_checked,0.001,not_checked,not_checked,,-0.002342183794578686,0.008524763338828518,0.001945834900982879,True
local_b3_n800,276,2035211877,local,3,0.10606601717798213,800,0.0011454548711420376,True,ok,0.003663844268635419,0.5858118673263395,0.003102021284296517,6.114878490922307,5.29058138601359,0.06810365079682544,0.060680854849583576,0.07098471597963142,0.05333964504054633,0.05333964504054625,800.0000000000005,800.0000000000005,0.00125,3.643951806964196e-11,8.423391933662217,9,-8.842752918791774e-16,-8.500145032286355e-17,-1.3500311979441904e-13,-0.12636383055281675,1.0107605383177114,1.1691472195427353,0.21972507521727874,7.456435469066491e-11,0.001406041905283928,not_checked,0.001,not_checked,not_checked,,-0.0024160057278624384,0.009743694265133277,0.0025183893974933813,True
local_b3_n800,277,2035211878,local,3,0.10606601717798213,800,0.0011454548711420376,True,ok,0.0033585535330671323,0.6236818010175811,0.0028685880999404284,5.56674535487908,5.250200791407465,0.08174608092019028,0.0747137554320581,0.07243248475892448,0.06809558994409941,0.06809558994409934,800.0000000000005,800.0000000000005,0.00125,2.55351295663786e-15,10.599911213825612,10,-5.238864897449957e-16,-2.5240226575462543e-16,-4.0234482412415673e-13,-0.09652985098583278,1.057439054222805,1.0884273647543665,0.20127907959932284,5.10702591327572e-15,0.001525958999991417,not_checked,0.001,not_checked,not_checked,,-0.002263775829296292,0.008980882895430557,0.0022130986619250947,True
local_b3_n800,278,2035211879,local,3,0.10606601717798213,800,0.0011454548711420376,True,ok,0.00425758973903223,0.6408727179979643,0.003341329714519398,7.190865751729183,6.0828803510752225,0.04659451632220522,0.039315379482661575,0.04776604844000423,0.03317124836972041,0.03317124836972034,800.0000000000005,800.0000000000005,0.00125,9.370282327836321e-14,10.076932116340972,10,-2.1776851155674848e-14,-3.9898639947466563e-17,-6.394884621840902e-14,-0.18936108463880563,1.0359822326313086,1.1830476835675745,0.20234830282366914,1.8607337892717624e-13,0.0015317497309297323,not_checked,0.001,not_checked,not_checked,,-0.002291296161899291,0.010806475639963752,0.0031121348678901928,True
local_b3_n800,279,2035211880,local,3,0.10606601717798213,800,0.0011454548711420376,True,ok,0.0009094614288278624,0.5859824307761252,0.0015836480818310877,1.487830667871147,1.2837116552439733,0.5014487911720937,0.49374632018550857,0.5263147676591015,0.4830818668723892,0.48308186687238885,800.0000000000005,800.0000000000005,0.00125,1.0746747935996837e-10,9.761404511072222,8,-1.1099304960369982e-11,-7.079840186330344e-17,-1.1390888232654106e-13,-0.01634619087328315,0.9505957337802619,1.1646290950637876,0.20969396737312715,2.0865487115884207e-10,0.001293625682592392,not_checked,0.001,not_checked,not_checked,,-0.0021944317757470098,0.004013354633402735,-0.00023599344231417518,True
local_b3_n800,280,2035211881,local,3,0.10606601717798213,800,0.0011454548711420376,True,ok,0.0018440449308099183,0.5914622221717707,0.002205030759660788,3.0103689212359317,2.7378943782783285,0.24828500097983963,0.24140064605645278,0.25437462699650354,0.22872475429655584,0.22872475429655556,800.0000000000005,800.0000000000005,0.00125,4.7621462329061615e-11,10.185204537269804,9,-1.9190378452993428e-16,-1.1666015375944028e-16,-1.8740564655672642e-13,-0.029948515970030343,0.9265601492442493,1.1964201560343088,0.20100973068906147,9.817568979997304e-11,0.0014149989001452923,not_checked,0.001,not_checked,not_checked,,-0.0024777359429282225,0.006165825804548059,0.0006985900596678807,True
local_b3_n800,281,2035211882,local,3,0.10606601717798213,800,0.0011454548711420376,True,ok,0.002882644967985959,0.589201385468495,0.002765541241112902,4.785690545330479,4.153431837587868,0.11712235380661984,0.10807374099537981,0.1253411675966307,0.09964753448368065,0.0996475344836805,800.0000000000005,800.0000000000005,0.00125,4.280376053600321e-11,8.904245370261053,9,-8.500145032286355e-17,3.7730235602495554e-17,6.039613253960852e-14,-0.08672929827647113,0.9952895640774662,1.1549624468975364,0.21443219382589124,8.797695905116143e-11,0.0014222499448806047,not_checked,0.001,not_checked,not_checked,,-0.002537716262355531,0.00830300619832745,0.0017371900968439213,True
local_b3_n800,282,2035211883,local,3,0.10606601717798213,800,0.0011454548711420376,True,ok,0.0001933519140244755,0.6076122451163433,0.0007110618656113934,0.3064749508776159,0.29860285657400587,0.8534393349668858,0.85470279954141,0.8613094527332465,0.8566879624151562,0.8566879624151562,800.0000000000005,800.0000000000005,0.00125,1.0019118867887755e-10,13.34657775038361,8,8.547416247006723e-15,-1.5265566588595902e-16,-2.4491519923230953e-13,0.0014440557807725296,0.9229530059192674,1.0318980490204486,0.18367159453625712,2.116915531757968e-10,0.0012880410067737103,not_checked,0.001,not_checked,not_checked,,-0.0012003037333537154,0.0015870075614026664,-0.0009521029571175621,True
local_b3_n800,283,2035211884,local,3,0.10606601717798213,800,0.0011454548711420376,True,ok,0.00010314543001221921,0.5858909697874364,0.0005015548994963138,0.16491361192700008,0.1692706386937452,0.920487880992604,0.9205429086827344,0.9188473091460467,0.920796388228649,0.9207963882286488,800.0000000000005,800.0000000000005,0.00125,3.661826397660661e-11,11.513163519856176,8,9.126271786896734e-17,6.776263578034403e-17,1.0835776720341528e-13,5.953804627537029e-05,0.9740140711071543,1.018370099461651,0.20891967783125603,7.484834974036403e-11,0.0012870840728282928,not_checked,0.001,not_checked,not_checked,,-0.0008798841092701622,0.0010861749692946006,-0.0010423094411298184,False
local_b3_n800,284,2035211885,local,3,0.10606601717798213,800,0.0011454548711420376,True,ok,0.000559123928500771,0.6473629138921313,0.0011051701384979253,0.9055821879373797,1.0186440577236375,0.6399720603977143,0.6364800814829332,0.6009028355218542,0.639352621931355,0.6393526219313548,800.0000000000005,800.0000000000005,0.00125,1.1695644452913712e-11,13.639769875958509,9,-8.062279142906359e-13,2.9989032090949053e-16,4.796163466380676e-13,-0.005491951168072773,0.888982455286812,1.1262400162559758,0.16551287379547575,2.525135656128441e-11,0.0014010840095579624,not_checked,0.001,not_checked,not_checked,,-0.001606969739744306,0.002725217596745848,-0.0005863309426412666,True
local_b3_n800,285,2035211886,local,3,0.10606601717798213,800,0.0011454548711420376,True,ok,0.0004839803940956955,0.6477531131926679,0.001071017705196104,0.7811428006618082,0.8126920312666228,0.6790041738982329,0.6767090534352165,0.6660796535733211,0.6789659395980423,0.6789659395980422,800.0000000000005,800.0000000000005,0.00125,4.6347370386001785e-12,13.981377024091527,9,-2.5346863280137355e-13,-9.031404096804252e-17,-1.4499512701604544e-13,-0.003387085054347483,0.9537355009083553,1.0483596005692488,0.17250949081369082,1.0134559857988279e-11,0.0013847080990672112,not_checked,0.001,not_checked,not_checked,,-0.0016151757348934056,0.0025831365230847966,-0.0006614744770463421,True
local_b3_n800,286,2035211887,local,3,0.10606601717798213,800,0.0011454548711420376,True,ok,0.0023980137631509635,0.6677602658320136,0.0025160763449045965,4.019328418999931,3.416111687400163,0.17799947745988798,0.16399109027897446,0.18121776602207065,0.1468401042318755,0.14684010423187532,800.0000000000005,800.0000000000005,0.00125,1.887379141862766e-15,12.062508318546303,10,-2.8622937353617317e-16,7.979727989493313e-17,1.2789769243681803e-13,-0.09125319897919382,1.0457121996527177,1.1778115847680009,0.18769435462718975,3.9968028886505635e-15,0.0014950409531593323,not_checked,0.001,not_checked,not_checked,,-0.0025334052552152247,0.007329432781517152,0.001252558892008926,True
local_b3_n800,287,2035211888,local,3,0.10606601717798213,800,0.0011454548711420376,True,ok,0.0024639892915629957,0.6240147562561116,0.0025299592460718157,4.058435386934167,3.6672142907354415,0.15803192841157332,0.1497015339881839,0.15983597507395003,0.13929080162068616,0.139290801620686,800.0000000000005,800.0000000000005,0.00125,5.551115123125783e-16,11.053351650749294,10,1.3183898417423734e-16,3.469446951953614e-18,4.440892098500626e-15,-0.058026260216685666,0.9853662159635216,1.1519701436531355,0.19952996638497306,8.881784197001252e-16,0.001452416880056262,not_checked,0.001,not_checked,not_checked,,-0.002494639713091871,0.0074226182962178625,0.0013185344204209581,True
local_b3_n800,288,2035211889,local,3,0.10606601717798213,800,0.0011454548711420376,True,ok,0.001870334994032552,0.6017916986063339,0.0022295469313110034,3.086609621550884,2.7205619712617164,0.24909414473985475,0.23848356744680518,0.2565886690943376,0.2239644387689057,0.22396443876890548,800.0000000000005,800.0000000000005,0.00125,7.673339741387508e-11,9.831612690586638,9,2.5392014879610514e-16,2.3050138187041824e-16,3.6859404417555197e-13,-0.047036815549399424,0.9683252788640149,1.1881021500849414,0.2067180214742242,1.6097390087566055e-10,0.0013402500189840794,not_checked,0.001,not_checked,not_checked,,-0.0024994966931788124,0.006240166681243916,0.0007248801228905144,True
local_b3_n800,289,2035211890,local,3,0.10606601717798213,800,0.0011454548711420376,True,ok,0.002015772594501586,0.6341705275744394,0.0022738581911188652,3.0872921616325613,3.2708684560975114,0.17249441867715562,0.18590342570423762,0.19486773588825745,0.1993649776391157,0.1993649776391155,800.0000000000005,800.0000000000005,0.00125,6.453171330633722e-16,18.591358794678037,10,-2.2768245622195593e-16,-5.885049392251318e-16,-9.396927680427325e-13,0.06897199478498894,0.828566259459656,1.0077199723606642,0.1553744001658418,1.3322676295501878e-15,0.002032250165939331,not_checked,0.001,not_checked,not_checked,,-0.0024409075660427847,0.006472452755045956,0.0008703177233595483,True
local_b3_n800,290,2035211891,local,3,0.10606601717798213,800,0.0011454548711420376,True,ok,0.007162418918988722,0.6402598349541708,0.004361094593983649,12.210469004872454,9.907271658956711,0.006550362635920393,0.004727859636554985,0.007057701624068541,0.00324728786148632,0.0032472878614863095,800.0000000000005,800.0000000000005,0.00125,3.530509218307998e-12,9.5292860095284,10,-1.0044395870600908e-12,-1.691355389077387e-16,-2.7000623958883807e-13,-0.3752993672452458,1.033413526251024,1.2324811130597744,0.1988907840954821,6.815215058963986e-12,0.0018413751386106014,not_checked,0.001,not_checked,not_checked,,-0.0013851694183915596,0.015710007256369004,0.006016964047846685,True
local_b3_n800,291,2035211892,local,3,0.10606601717798213,800,0.0011454548711420376,True,ok,0.000993467867687503,0.6550759690428976,0.0016544021102769457,1.629982677211198,1.3964426765431217,0.47565974904888886,0.4667729678087845,0.49746934704004897,0.45168317095240984,0.4516831709524095,800.0000000000005,800.0000000000005,0.00125,6.418476861114186e-16,12.998056698293748,10,8.109832250191573e-17,4.336808689942018e-18,6.439293542825908e-15,-0.020217044455596134,0.9585495177211377,1.188412550845916,0.18073919230150606,1.3322676295501878e-15,0.0015530409291386604,not_checked,0.001,not_checked,not_checked,,-0.0022491006844023733,0.00423603641977738,-0.00015198700345453453,True
local_b3_n800,292,2035211893,local,3,0.10606601717798213,800,0.0011454548711420376,True,ok,0.0009858372260878046,0.637587668173901,0.0015760267913405511,1.6202613321501764,1.5188358235408708,0.47228819722477033,0.46274619848418663,0.46793872937674696,0.45444891002439314,0.454448910024393,800.0000000000005,800.0000000000005,0.00125,8.881784197001252e-16,11.869933718055163,10,-1.8323016715005025e-16,-2.0513105103425744e-16,-3.2818192607919627e-13,-0.021460885204844127,1.0250985584695285,1.0779711493180621,0.18852859590294277,1.9984014443252818e-15,0.0016646669246256351,not_checked,0.001,not_checked,not_checked,,-0.0021031185236098982,0.004074792975785507,-0.00015961764505423304,True
local_b3_n800,293,2035211894,local,3,0.10606601717798213,800,0.0011454548711420376,True,ok,0.00012317797118055474,0.5840367379471731,0.000552183618023941,0.19822055241335773,0.19785140412794777,0.9070332763252847,0.9065233723733883,0.9058100053373201,0.9061572916234137,0.9061572916234136,800.0000000000005,800.0000000000005,0.00125,3.351552368968669e-11,10.895773837905248,8,-5.856860135766695e-16,-6.591949208711867e-17,-1.0547118733938987e-13,-0.0005678992622350221,0.9890119080633147,1.0312121459713492,0.20399217633215289,6.833777987935719e-11,0.0013292909134179354,not_checked,0.001,not_checked,not_checked,,-0.0009590820329993918,0.0012054379753605013,-0.0010222768999614829,True
local_b3_n800,294,2035211895,local,3,0.10606601717798213,800,0.0011454548711420376,True,ok,0.004555113794515231,0.5347493790958802,0.003514392333534391,7.562821581911802,6.396049695182081,0.03557420587089734,0.031411347810040305,0.04084279510742958,0.02614516407947201,0.02614516407947194,800.0000000000005,800.0000000000005,0.00125,2.7982061112652445e-12,6.984768698682852,9,-3.4867941867133823e-16,2.975050761300224e-16,4.760636329592671e-13,-0.137319755343714,0.9697246718287861,1.20624685198059,0.2359224229498975,5.289990667733946e-12,0.0019006659276783466,not_checked,0.001,not_checked,not_checked,,-0.0023329686067558525,0.011443196195786313,0.0034096589233731933,True
local_b3_n800,295,2035211896,local,3,0.10606601717798213,800,0.0011454548711420376,True,ok,0.002974619243584442,0.6437687576110447,0.0028303490806249666,4.902900007558712,4.277386294385217,0.10999747130122212,0.10298842413780662,0.11780870109671666,0.09257877318531944,0.09257877318531932,800.0000000000005,800.0000000000005,0.00125,1.2212453270876722e-15,12.079238187519556,10,7.806255641895632e-17,4.0679265511656126e-16,6.519229600598919e-13,-0.07175460891180085,0.9285645767713422,1.2254051762792848,0.17868817471372225,2.6645352591003757e-15,0.0019302077125757933,not_checked,0.001,not_checked,not_checked,,-0.002572763018116546,0.00852200150528543,0.0018291643724424045,True
local_b3_n800,296,2035211897,local,3,0.10606601717798213,800,0.0011454548711420376,True,ok,0.0009802594582892787,0.6194430643553608,0.0015612651284635972,1.6101666527372773,1.5339456279494903,0.4738505354788265,0.46452651108394205,0.46441681863583273,0.4564812895055653,0.4564812895055653,800.0000000000005,800.0000000000005,0.00125,1.7004953001276135e-10,10.983105725792623,9,-4.141652298894627e-17,-1.3487475025719675e-16,-2.156053113822054e-13,-0.020875759737215227,1.001619607981268,1.0998214236957755,0.19515268743099073,3.655971081428788e-10,0.0015079581644386053,not_checked,0.001,not_checked,not_checked,,-0.0020797639638176725,0.00404028288039623,-0.00016519541285275885,True
local_b3_n800,297,2035211898,local,3,0.10606601717798213,800,0.0011454548711420376,True,ok,0.006863247448655185,0.6235065667430659,0.004296743108590542,11.609042437242326,9.405801195727785,0.00809726265184335,0.006164640416989628,0.009068933584807563,0.004125376630812282,0.004125376630812268,800.0000000000005,800.0000000000005,0.00125,1.1226575225009583e-12,9.280357146611196,10,-2.9466186435289643e-13,-2.7929047963226594e-16,-4.476419235288631e-13,-0.3139232596970114,1.0332696357184106,1.2342470590226375,0.2050158261954339,2.1322943410950757e-12,0.0016897919122129679,not_checked,0.001,not_checked,not_checked,,-0.001558214295002953,0.015284709192313324,0.005717792577513148,True
local_b3_n800,298,2035211899,local,3,0.10606601717798213,800,0.0011454548711420376,True,ok,0.003543947445393103,0.5617340021788726,0.0029527394907049045,5.824454724001614,5.538582764514247,0.0706578810190657,0.06575500551593894,0.06270642388675593,0.05870925160442056,0.05870925160442045,800.0000000000005,800.0000000000005,0.00125,1.1276202194210327e-11,8.580703107206787,9,1.2923689896027213e-16,1.8474805019152996e-16,2.948752353404416e-13,-0.07706940568632259,1.0165812536824834,1.122384071092315,0.23381575230464652,2.2217561124193708e-11,0.0018367499578744173,not_checked,0.001,not_checked,not_checked,,-0.0022433156121176518,0.009331210502903857,0.0023984925742510654,True
local_b3_n800,299,2035211900,local,3,0.10606601717798213,800,0.0011454548711420376,True,ok,0.006439772653980658,0.6680297489071667,0.00423840441565838,11.054661573091694,8.460968257813974,0.01242982799856487,0.009108607873067515,0.014545347020611159,0.005788870274020142,0.005788870274020129,800.0000000000005,800.0000000000005,0.00125,5.33917354772484e-12,10.43672913084348,10,-1.5812993275909903e-12,-9.194034422677078e-17,-1.438849039914203e-13,-0.3755126633613184,0.9706699474034259,1.3420433196044457,0.17256733245022166,1.0775158543196994e-11,0.0017525001894682646,not_checked,0.001,not_checked,not_checked,,-0.0018673473526253006,0.014746892660586616,0.00529431778283862,True
local_b3_n800,300,2035211901,local,3,0.10606601717798213,800,0.0011454548711420376,True,ok,0.0023342106768202697,0.6322450192600921,0.0024150511462794158,3.787456804840653,3.6632853209997887,0.16414668321690065,0.16002620293907877,0.16015027904993923,0.1545297659305448,0.15452976593054463,800.0000000000005,800.0000000000005,0.00125,6.661338147750939e-16,12.745412270328545,10,2.8059152223924855e-16,1.8084492237058214e-16,2.8688162956314045e-13,-0.026359860964109583,0.9457657014671739,1.1217685451481247,0.18503530531775897,1.3322676295501878e-15,0.0021002492867410183,not_checked,0.001,not_checked,not_checked,,-0.002399202590709559,0.007067623944350098,0.0011887558056782321,True
local_b3_n800,301,2035211902,local,3,0.10606601717798213,800,0.0011454548711420376,True,ok,0.0011012223692223877,0.6383373951928768,0.001662278279421331,1.7624106045636971,1.746041060163855,0.4092623305561661,0.4091679775500734,0.41768800274105733,0.41437749564895165,0.41437749564895154,800.0000000000005,800.0000000000005,0.00125,5.776856770722816e-11,14.286890115417945,9,-2.4113003260772814e-13,-8.109832250191573e-17,-1.2945200467129325e-13,-0.00022740690393785457,0.9580032015510581,1.0146404565249423,0.17318096631488505,1.2746848021549795e-10,0.0015196248423308134,not_checked,0.001,not_checked,not_checked,,-0.0021567831907266296,0.004359227929171405,-4.423250191964989e-05,True
local_b3_n800,302,2035211903,local,3,0.10606601717798213,800,0.0011454548711420376,True,ok,0.0008788918615549868,0.5967410156939221,0.001507624386621367,1.43332587069832,1.3307103128598239,0.507183403553155,0.5005931662600618,0.51409091258692,0.4950415951964201,0.49504159519642,800.0000000000005,800.0000000000005,0.00125,7.267886292794401e-11,10.453458506755792,8,-7.01325456042845e-12,1.1102230246251565e-16,1.7763568394002505e-13,-0.013549446105170171,0.9952191906867569,1.0772378004485008,0.207046187929111,1.4461609687543842e-10,0.0014171672519296408,not_checked,0.001,not_checked,not_checked,,-0.002075997638437183,0.0038337813615471564,-0.0002665630095870508,True
local_b3_n800,303,2035211904,local,3,0.10606601717798213,800,0.0011454548711420376,True,ok,0.0007015568330994704,0.6597512882565402,0.0013001828692299259,1.104235647745729,1.1916868935805216,0.5666300101723691,0.5718814868936013,0.5510975483283641,0.5704980849490598,0.5704980849490595,800.0000000000005,800.0000000000005,0.00125,3.764011324847161e-11,17.40239738860233,9,3.3175025226928057e-12,7.014788055981214e-17,1.1235457009206584e-13,0.009127642606712172,0.8922054123698826,1.0909888579492537,0.16800239555357058,8.931322348360027e-11,0.0016258747782558203,not_checked,0.001,not_checked,not_checked,,-0.0018467547639071354,0.003249868430106076,-0.0004438980380425672,True
local_b3_n800,304,2035211905,local,3,0.10606601717798213,800,0.0011454548711420376,True,ok,0.003205795670343514,0.5987211986718,0.002844145340096603,5.344864054941247,4.811261114576804,0.09521760756853592,0.08626065005686454,0.09020859598475822,0.07694714385541349,0.07694714385541336,800.0000000000005,800.0000000000005,0.00125,6.676059705057469e-11,9.011430839628924,9,-4.145989107584569e-16,1.5352302762394743e-16,2.469136006766348e-13,-0.107795491195811,1.059335460608893,1.1217007866176814,0.22136545131195715,1.391302628661606e-10,0.0014568751212209463,not_checked,0.001,not_checked,not_checked,,-0.0023686267630432505,0.008780218103730279,0.0020603407992014766,True
local_b3_n800,305,2035211906,local,3,0.10606601717798213,800,0.0011454548711420376,True,ok,0.0005033085654699843,0.5948458781195978,0.0011295558170330287,0.8160919970323295,0.7818899975913374,0.6797950552731362,0.6762868445084809,0.6764173587855458,0.6685481538321263,0.6685481538321263,800.0000000000005,800.0000000000005,0.00125,5.565514715755171e-11,10.797267231985034,8,-4.514125618443332e-13,-9.562663161322149e-17,-1.5232259897857148e-13,-0.0053991461401771135,0.9896779123148605,1.0990840295999837,0.21410432308302643,1.1557976797860192e-10,0.001396208070218563,not_checked,0.001,not_checked,not_checked,,-0.0017105801544424668,0.0027171972853824353,-0.0006421463056720533,True
local_b3_n800,306,2035211907,local,3,0.10606601717798213,800,0.0011454548711420376,True,ok,0.0018336988333813586,0.588261566095291,0.0021497643701853977,3.025624929094415,2.822884264542921,0.2535531337835273,0.2429394139319468,0.24379145000188912,0.23062573742052483,0.2306257374205246,800.0000000000005,800.0000000000005,0.00125,4.0965009162619026e-11,9.264914029720352,9,-1.6436504934880247e-16,-3.3111534347707305e-16,-5.293543381412746e-13,-0.045853397842119614,0.971725171249024,1.1692705335221114,0.2074358287910266,8.404232865188987e-11,0.001817417098209262,not_checked,0.001,not_checked,not_checked,,-0.002379761907429453,0.00604715957419217,0.000688243962239321,True
local_b3_n800,307,2035211908,local,3,0.10606601717798213,800,0.0011454548711420376,True,ok,0.000990451422098415,0.5883262505941227,0.0015328059487020053,1.621424211661739,1.625208670300392,0.4677900276075916,0.45963415770978366,0.44370101405402695,0.45277446932664245,0.45277446932664234,800.0000000000005,800.0000000000005,0.00125,1.488912326763625e-10,9.811965818065861,8,-1.5979382964395605e-11,-1.6696713456276768e-17,-2.6867397195928788e-14,-0.018350968152136993,0.9974234720931827,1.0897288473134699,0.20360938827659533,2.898459250388896e-10,0.0015512092504650354,not_checked,0.001,not_checked,not_checked,,-0.002013793032646265,0.003994695876843095,-0.0001550034490436225,True
local_b3_n800,308,2035211909,local,3,0.10606601717798213,800,0.0011454548711420376,True,ok,0.003678382023533766,0.5789384701563094,0.003024843735333146,5.985286000519568,5.7850244426387905,0.05828065487322061,0.05553732917669703,0.05543676809639026,0.052722887551412016,0.052722887551411905,800.0000000000005,800.0000000000005,0.00125,2.6258328844619427e-11,10.009287282744245,9,-1.214306433183765e-17,-5.204170427930421e-18,-7.105427357601002e-15,-0.04993738143276927,1.009214851858469,1.0610280163323944,0.21099939294166858,5.311351358727734e-11,0.0015164578799158335,not_checked,0.001,not_checked,not_checked,,-0.0022502027565808073,0.00960696680364834,0.0025329271523917285,True
local_b3_n800,309,2035211910,local,3,0.10606601717798213,800,0.0011454548711420376,True,ok,0.0003071057360686247,0.6281860818727709,0.0008477174691853814,0.49745218504929534,0.5218528195361615,0.7822464310687021,0.7798724489887836,0.7703376068523845,0.7821688908083597,0.7821688908083596,800.0000000000005,800.0000000000005,0.00125,1.6043832928858137e-12,12.529692690316885,9,-9.673533675480517e-14,6.548581121812447e-17,1.0502709812953981e-13,-0.003041503669747786,0.9357957673274893,1.068891397442159,0.17344472535371205,3.3948399646988037e-12,0.0014167081099003553,not_checked,0.001,not_checked,not_checked,,-0.0013543899726001659,0.0019686014447374152,-0.0008383491350734129,True
local_b3_n800,310,2035211911,local,3,0.10606601717798213,800,0.0011454548711420376,True,ok,0.0024192968398546455,0.6004101539569675,0.0024981507644407093,3.9969255914755353,3.6273922931243976,0.15841290259279278,0.1492181680191439,0.16305036363200615,0.14436110108466765,0.1443611010846675,800.0000000000005,800.0000000000005,0.00125,7.215006370131505e-11,9.71194238365195,9,-5.117434254131581e-17,-4.7704895589362195e-17,-7.460698725481052e-14,-0.06302532385405013,0.9616589924164698,1.1397482078109806,0.19442405937440424,1.5076806469949133e-10,0.0014921671245247126,not_checked,0.001,not_checked,not_checked,,-0.002476988686400349,0.00731558236610964,0.001273841968712608,True
local_b3_n800,311,2035211912,local,3,0.10606601717798213,800,0.0011454548711420376,True,ok,0.0026014775669918055,0.6164779636943984,0.002598547599912275,4.284697219866148,3.86923036296814,0.13903246523144686,0.13120919803844477,0.14447985665126167,0.12478262523735693,0.12478262523735674,800.0000000000005,800.0000000000005,0.00125,1.491536893993839e-10,10.69403538261774,9,2.914335439641036e-16,2.502338614096544e-16,4.005684672847565e-13,-0.0611665563396282,1.001951317670761,1.1076941500105524,0.19737943746156977,3.1921598697692843e-10,0.0016630841419100761,not_checked,0.001,not_checked,not_checked,,-0.0024915821409492514,0.0076945372749328625,0.001456022695849768,True
local_b3_n800,312,2035211913,local,3,0.10606601717798213,800,0.0011454548711420376,True,ok,0.0009169945601168461,0.6323674290239225,0.0014802694945027642,1.502886634537786,1.4955159818577382,0.5001771403097348,0.4918259774552002,0.4734267909248554,0.4801793264431753,0.48017932644317507,800.0000000000005,800.0000000000005,0.00125,1.808579952466971e-10,11.809934647149642,9,-1.9799479655628616e-11,2.259477327459791e-16,3.6148861681795097e-13,-0.017847669175415692,0.979665889959432,1.1421987704710705,0.1864358692361628,3.760767253169206e-10,0.0014434580225497484,not_checked,0.001,not_checked,not_checked,,-0.0019842803365218834,0.0038182694567555756,-0.0002284603110251915,True
local_b3_n800,313,2035211914,local,3,0.10606601717798213,800,0.0011454548711420376,True,ok,0.0006514462995748094,0.5886877596077291,0.0013176409686679377,1.0566807707943104,0.9589671037348779,0.6056982284685128,0.6015298352630525,0.6191030438680494,0.5938330619186094,0.5938330619186092,800.0000000000005,800.0000000000005,0.00125,4.168043687968748e-11,10.497949491557456,8,-1.0739056128736268e-12,1.7553233172540317e-16,2.815525590449397e-13,-0.0071833457373073895,0.9639356860121941,1.119330001800339,0.20750492901771697,8.58051407703897e-11,0.001233499962836504,not_checked,0.001,not_checked,not_checked,,-0.0019310825435688182,0.003233975142718437,-0.0004940085715672282,True
local_b3_n800,314,2035211915,local,3,0.10606601717798213,800,0.0011454548711420376,True,ok,0.00039437161887789784,0.6128197697722473,0.0009404763989743809,0.6393612316341124,0.6947104730113739,0.7359558391922711,0.73297347134806,0.7065542897943915,0.7294260440604767,0.7294260440604765,800.0000000000005,800.0000000000005,0.00125,1.266585725190339e-10,11.661298921011847,8,-2.292120486468985e-13,-8.608565249534905e-17,-1.3700152123874432e-13,-0.004183320714737759,0.9117695146232827,1.1588973869621229,0.18211795990622742,2.6970159439088093e-10,0.001215625088661909,not_checked,0.001,not_checked,not_checked,,-0.0014489282514218113,0.002237671489177607,-0.0007510832522641397,True
local_b3_n800,315,2035211916,local,3,0.10606601717798213,800,0.0011454548711420376,True,ok,0.0031342386792574395,0.5604418377925215,0.0027179257063572994,5.142921847635582,5.190995915952999,0.09078652485526748,0.08540408875991426,0.0746087148181714,0.08148054952070151,0.08148054952070138,800.0000000000005,800.0000000000005,0.00125,1.0568546038314253e-11,8.624651836084194,9,-8.673617379884035e-19,3.9898639947466563e-17,6.394884621840902e-14,-0.06406998041183787,0.9703957079652202,1.1186950613818412,0.21217327439735267,2.0781820708748455e-11,0.001340291928499937,not_checked,0.001,not_checked,not_checked,,-0.0021927978178584544,0.008461275176373333,0.001988783808115402,True
local_b3_n800,316,2035211917,local,3,0.10606601717798213,800,0.0011454548711420376,True,ok,0.005618668156432749,0.609890663482809,0.003872523083782817,9.493754513638269,7.994981481825392,0.019956113196346423,0.016131772904661126,0.01836165528143656,0.011165411644880044,0.01116541164488001,800.0000000000005,800.0000000000005,0.00125,1.1104550612373032e-10,8.647765788914493,9,-6.49671288988074e-14,1.8041124150158794e-16,2.877698079828406e-13,-0.2519427316729326,0.9300194156317856,1.332209267689918,0.19359479842314073,2.354314521113565e-10,0.0018116661813110113,not_checked,0.001,not_checked,not_checked,,-0.0019713376170815587,0.013208673929947057,0.004473213285290711,True
local_b3_n800,317,2035211918,local,3,0.10606601717798213,800,0.0011454548711420376,True,ok,0.004878212174512564,0.5713422031853359,0.0036928378194764576,8.150212405648833,6.577852289546777,0.030008496918619447,0.02576482152881478,0.037293876124710676,0.020189961781321968,0.02018996178132192,800.0000000000005,800.0000000000005,0.00125,1.8150259073479447e-11,7.84594670370453,9,-4.381911500317415e-15,-6.852157730108388e-17,-1.1013412404281553e-13,-0.17253646321436333,0.9548375929204471,1.2556572729713722,0.216769316874009,3.629274658578652e-11,0.001367832999676466,not_checked,0.001,not_checked,not_checked,,-0.002359616952408719,0.012116041301433848,0.0037327573033705264,True
local_b3_n800,318,2035211919,local,3,0.10606601717798213,800,0.0011454548711420376,True,ok,0.0010524093099684162,0.5845526582430856,0.001657564551299068,1.7071928458992793,1.5952804814803896,0.4344313196629914,0.4294448491950652,0.4503905243216523,0.43087922525437683,0.4308792252543767,800.0000000000005,800.0000000000005,0.00125,6.404443642082924e-11,10.329937686690524,8,-5.40866505228943e-12,-9.063930161978817e-17,-1.4499512701604544e-13,-0.011668974974906265,0.9444530358059273,1.0778074610185582,0.19606119825205154,1.2485612543855495e-10,0.0012159999459981918,not_checked,0.001,not_checked,not_checked,,-0.002196357512628052,0.004301176132564885,-9.30455611736214e-05,True
local_b3_n800,319,2035211920,local,3,0.10606601717798213,800,0.0011454548711420376,True,ok,0.0010863843513566618,0.6214807063894465,0.0017403280267510402,1.7861158843875786,1.5091762727878724,0.4403768570395781,0.43056290440248235,0.470204234867016,0.41932563834563796,0.41932563834563785,800.0000000000005,800.0000000000005,0.00125,1.8603718565657346e-10,11.014410601504464,9,-1.8713329497099807e-16,-5.941427905220564e-17,-9.525713551283843e-14,-0.023950461108459442,0.9418068015182947,1.185922144933221,0.19314991263744696,4.0112446697548876e-10,0.0013485001400113106,not_checked,0.001,not_checked,not_checked,,-0.0023245959023610366,0.004497364605074361,-5.907051978537581e-05,True
local_b3_n800,320,2035211921,local,3,0.10606601717798213,800,0.0011454548711420376,True,ok,0.0030235372852867037,0.6079274991911658,0.0027454068480046428,4.9776699806721725,4.699645784180598,0.09963049720657827,0.09319963509952653,0.0953860543443402,0.08902573192996353,0.08902573192996342,800.0000000000005,800.0000000000005,0.00125,1.0164746822027837e-10,10.348487644436105,9,-2.6150956400350367e-16,-8.153200337090993e-17,-1.3145040611561853e-13,-0.07000516210672192,1.0232179725903607,1.0742832968204918,0.1993180690073055,2.1483481660311554e-10,0.0013638751115649939,not_checked,0.001,not_checked,not_checked,,-0.0023573612597120267,0.008404435830285434,0.0018780824141446661,True
local_b3_n800,321,2035211922,local,3,0.10606601717798213,800,0.0011454548711420376,True,ok,0.0025859951586189034,0.6352171759747245,0.0025538691613122126,4.231045402013651,3.9835281595280105,0.14500273436915023,0.13886857954230003,0.13645449638318555,0.12633778485174313,0.12633778485174293,800.0000000000005,800.0000000000005,0.00125,4.961309141293668e-16,12.200755499753091,10,-9.8879238130678e-17,-1.1752751549742868e-16,-1.8918200339612667e-13,-0.046726574111701336,0.9274896842690086,1.215813774847916,0.1838080514631987,2.220446049250313e-16,0.001733583165332675,not_checked,0.001,not_checked,not_checked,,-0.002419496418780547,0.007591486736018354,0.0014405402874768658,True
local_b3_n800,322,2035211923,local,3,0.10606601717798213,800,0.0011454548711420376,True,ok,0.005415868932406642,0.6478903000555356,0.0038751005425367966,9.225798735989718,7.116509689127273,0.02432669912786265,0.019194905021275077,0.028488498215121356,0.01313210680847267,0.013132106808472634,800.0000000000005,800.0000000000005,0.00125,8.271161533457416e-13,9.856063172424108,10,-2.2076264427628445e-13,5.811323644522304e-17,9.059419880941277e-14,-0.28020422206954265,1.0177485312934418,1.2992920778670838,0.19726560762328596,1.6342482922482304e-12,0.0016042490024119616,not_checked,0.001,not_checked,not_checked,,-0.002179188567437103,0.013010926432250387,0.004270414061264605,True
local_b3_n800,323,2035211924,local,3,0.10606601717798213,800,0.0011454548711420376,True,ok,0.0018274554982851132,0.6481205622044199,0.002215820318881751,3.029169562830905,2.624549367194286,0.25056364416184385,0.2384454069240668,0.26920699864877584,0.23178051790089005,0.23178051790088983,800.0000000000005,800.0000000000005,0.00125,6.106226635438361e-16,11.79180002055136,10,-5.898059818321144e-17,-2.45029690981724e-17,-3.907985046680551e-14,-0.05262038278736103,0.9352861964043238,1.1817160488579528,0.1716528308624254,1.1102230246251565e-15,0.0015140832401812077,not_checked,0.001,not_checked,not_checked,,-0.0025154725229351773,0.006170383519505404,0.0006820006271430756,True
local_b3_n800,324,2035211925,local,3,0.10606601717798213,800,0.0011454548711420376,True,ok,0.0014610486308117565,0.6613451037596061,0.00214042166947178,2.424326634145381,1.7718979829721395,0.346778743902291,0.33362670279256734,0.412322696825718,0.3107275161683795,0.3107275161683793,800.0000000000005,800.0000000000005,0.00125,2.220446049250313e-16,12.461871698557333,10,9.627715291671279e-17,8.370040771588094e-17,1.3500311979441904e-13,-0.04332441242328455,0.859544312871508,1.3758405667619895,0.16011119794472173,6.661338147750939e-16,0.001521499827504158,not_checked,0.001,not_checked,not_checked,,-0.002734100753082028,0.005656198014705541,0.0003155937596697189,True
local_b3_n800,325,2035211926,local,3,0.10606601717798213,800,0.0011454548711420376,True,ok,0.002813030409212214,0.6373407946413632,0.0025796594013568685,4.696902370695249,4.4900645572898465,0.12794556155580641,0.11699683645876671,0.10592412123126503,0.10535451027354918,0.10535451027354906,800.0000000000005,800.0000000000005,0.00125,2.886579864025407e-15,10.692862979258878,10,-7.654467337747661e-16,-1.5308934675495323e-16,-2.469136006766348e-13,-0.09802685797785227,1.0429277252843099,1.1459713507260132,0.19078212854683876,5.551115123125783e-15,0.0014955420047044754,not_checked,0.001,not_checked,not_checked,,-0.002243009109827405,0.007869069928251832,0.0016675755380701762,True
local_b3_n800,326,2035211927,local,3,0.10606601717798213,800,0.0011454548711420376,True,ok,0.005497365142245192,0.5695241276440701,0.0037378706128996927,9.21949446136179,8.11159823313601,0.01939780749216586,0.01606155399417978,0.017321632647671763,0.012303246432886154,0.012303246432886125,800.0000000000005,800.0000000000005,0.00125,1.6575629757653587e-11,7.535697471598697,9,-1.3201245652183502e-14,-6.071532165918825e-17,-9.769962616701378e-14,-0.21185511688473913,1.0248705766610913,1.1994285015922073,0.22911675608226842,3.309685858710054e-11,0.001974457874894142,not_checked,0.001,not_checked,not_checked,,-0.0018287266379088639,0.012823456922399248,0.004351910271103154,True
local_b3_n800,327,2035211928,local,3,0.10606601717798213,800,0.0011454548711420376,True,ok,0.0016239836767897309,0.6158369106080237,0.0021702679732987637,2.685075699959137,2.1536244758168497,0.30153275091410403,0.28980730425212087,0.34067980267848463,0.2727534674483792,0.27275346744837903,800.0000000000005,800.0000000000005,0.00125,1.4496570610589288e-10,10.330510776249154,9,1.734723475976807e-18,-5.399326818977812e-17,-8.748557434046234e-14,-0.04335090854778323,0.9098673785463353,1.269325903212682,0.18760101182503788,3.0995495059471523e-10,0.0014144170563668013,not_checked,0.001,not_checked,not_checked,,-0.0026296633876765818,0.0058776307412560435,0.0004785288056476933,True
local_b3_n800,328,2035211929,local,3,0.10606601717798213,800,0.0011454548711420376,True,ok,0.0007104927538841288,0.5439621979732903,0.0013425443748275813,1.1530465020700058,1.1055227002452628,0.5735235960617711,0.5689823596782417,0.5753588475644553,0.5664342872095034,0.5664342872095033,800.0000000000005,800.0000000000005,0.00125,1.4169332374081023e-11,8.704420600952737,8,-1.1038290507331405e-12,8.727827488508311e-17,1.4011014570769476e-13,-0.008129047927699529,0.9852963660289278,1.0604450342569587,0.22449022142112934,2.5980328999253288e-11,0.0012650822754949331,not_checked,0.001,not_checked,not_checked,,-0.001920845868424773,0.0033418313761930307,-0.0004349621172579088,True
local_b3_n800,329,2035211930,local,3,0.10606601717798213,800,0.0011454548711420376,True,ok,0.0004762480117055379,0.5839871859979742,0.0010794444977053766,0.7732138229721888,0.7692718270477122,0.6904044180647146,0.6866510904897225,0.6806984241843023,0.6831789763078155,0.6831789763078154,800.0000000000005,800.0000000000005,0.00125,3.344191590315404e-11,10.223965333896356,8,-4.4681012362213224e-13,1.0879968800892037e-16,1.723066134218243e-13,-0.005608502121663861,0.9602175764341638,1.1004705089132965,0.20726470733258381,6.817457709473729e-11,0.0012595420703291893,not_checked,0.001,not_checked,not_checked,,-0.0016394243271069292,0.002591920350518005,-0.0006692068594364997,True
local_b3_n800,330,2035211931,local,3,0.10606601717798213,800,0.0011454548711420376,True,ok,0.001126367099236747,0.67268456258493,0.0016060276275321772,1.7506357470345377,2.018580611444558,0.3773023103947767,0.38793062944235046,0.36447755544121724,0.4061252459507859,0.4061252459507859,800.0000000000005,800.0000000000005,0.00125,8.881784197001252e-16,19.88119018262567,10,-2.3418766925686896e-17,4.85722573273506e-17,7.860379014346108e-14,0.025775805872129243,0.8133743587543855,1.0428558278411157,0.13349343395403251,2.220446049250313e-15,0.0014454580377787352,not_checked,0.001,not_checked,not_checked,,-0.002021389208902629,0.004274123407376123,-1.908777190529065e-05,True
local_b3_n800,331,2035211932,local,3,0.10606601717798213,800,0.0011454548711420376,True,ok,0.0011037237345989936,0.6178031409817872,0.0016435828301199806,1.8048229169633059,1.7841439436709288,0.43610138228910933,0.42824102390145957,0.4098057664764707,0.41354911713993925,0.4135491171399389,800.0000000000005,800.0000000000005,0.00125,1.5815637688376682e-10,11.245620373917852,9,-5.355958732078392e-17,9.237402509576498e-17,1.4832579608992091e-13,-0.01943247080245747,0.9216713415667616,1.2183582693978057,0.1888765130158699,3.3920621866911915e-10,0.001625959062948823,not_checked,0.001,not_checked,not_checked,,-0.002117639418044582,0.00432508688724257,-4.1731136543043945e-05,True
local_b3_n800,332,2035211933,local,3,0.10606601717798213,800,0.0011454548711420376,True,ok,0.0005464124382430491,0.6202632471681904,0.0010700022050444112,0.8908744471804376,1.0260977922351993,0.6488616641330582,0.6435630742968192,0.5986675183726798,0.645887492493196,0.6458874924931959,800.0000000000005,800.0000000000005,0.00125,1.7622692194407819e-10,11.592740684971094,8,-1.827156373250538e-12,-2.4058446207453343e-16,-3.8413716652030416e-13,-0.008307272995779325,0.8675263449626486,1.1715713225812114,0.1651339877078984,3.795213032731226e-10,0.0012705002445727587,not_checked,0.001,not_checked,not_checked,,-0.0015507533470224388,0.002643578223508537,-0.0005990424328989885,True
local_b3_n800,333,2035211934,local,3,0.10606601717798213,800,0.0011454548711420376,True,ok,0.0061695807798367586,0.536614571662642,0.003964312889376524,10.253177483547162,9.217876362014911,0.01016344177483371,0.00851257225248661,0.009962390949660635,0.007185683581670769,0.007185683581670751,800.0000000000005,800.0000000000005,0.00125,3.0907498782539733e-12,7.063478705342382,9,-5.1616697027689895e-15,5.811323644522304e-17,9.237055564881302e-14,-0.19092411790417163,1.0369639117182843,1.1124260805231092,0.2452846533816549,5.858646900946951e-12,0.0013528750278055668,not_checked,0.001,not_checked,not_checked,,-0.0016003297067891482,0.013939491266462666,0.005024125908694721,True
local_b3_n800,334,2035211935,local,3,0.10606601717798213,800,0.0011454548711420376,True,ok,3.188137812615288e-05,0.5837266439376412,0.0002821493184805851,0.051142586867340294,0.0513363578488351,0.9752820878108579,0.9752187448061711,0.9746584481717872,0.9748174049463433,0.9748174049463433,800.0000000000005,800.0000000000005,0.00125,3.301392492716104e-11,11.132614362874284,8,-6.575686176124584e-17,-6.816921159502609e-17,-1.0969003483296547e-13,-6.619093274782759e-05,0.9273016594150253,1.1197320501375512,0.20562120112813448,6.730505042185086e-11,0.001230832887813449,not_checked,0.001,not_checked,not_checked,,-0.0005211211243583154,0.0005848838806106211,-0.0011135734930158847,False
local_b3_n800,335,2035211936,local,3,0.10606601717798213,800,0.0011454548711420376,True,ok,0.0018700548696759522,0.6168428513568773,0.002224430311819188,3.0992578677735745,2.693804334595742,0.25300424344994377,0.24086482558679873,0.2600445887968211,0.2240146347085868,0.22401463470858665,800.0000000000005,800.0000000000005,0.00125,1.5156897958945592e-10,10.2093268351389,9,-1.1882855810441129e-16,-1.1644331332494318e-16,-1.865174681370263e-13,-0.053585038146024555,1.0276512750186164,1.1505266474980218,0.21303106636538127,3.246065638506934e-10,0.0013598750811070204,not_checked,0.001,not_checked,not_checked,,-0.002489748427608858,0.0062298581669607625,0.0007245999985339147,True
local_b3_n800,336,2035211937,local,3,0.10606601717798213,800,0.0011454548711420376,True,ok,0.0029829740564788487,0.6529663685207354,0.0029021440250990996,4.977245295466552,3.9661226370702716,0.1171965450655692,0.10700231451534509,0.13764720970563799,0.09196205384875407,0.09196205384875397,800.0000000000005,800.0000000000005,0.00125,4.440892098500626e-15,11.593021443751072,10,-1.0191500421363742e-15,-1.9949319973733282e-17,-3.108624468950438e-14,-0.10224340255019548,0.9688155681747973,1.2559634361536245,0.17834677103774968,9.103828801926284e-15,0.00150975096039474,not_checked,0.001,not_checked,not_checked,,-0.0027051237106634936,0.008671071823621191,0.0018375191853368111,True
local_b3_n800,337,2035211938,local,3,0.10606601717798213,800,0.0011454548711420376,True,ok,0.0010306978106455755,0.6562875939334243,0.0015554631511548245,1.6978000554832946,1.7154944951968714,0.4486814367690729,0.4381950083041758,0.4241164362729196,0.43842862618885314,0.4384286261888529,800.0000000000005,800.0000000000005,0.00125,1.7763568394002505e-15,12.746203060550153,10,8.630249292984615e-17,2.0036056147532122e-16,3.199662756969701e-13,-0.024341779225186433,0.9823109746504077,1.076671467614717,0.16848974120184831,3.9968028886505635e-15,0.0014384160749614239,not_checked,0.001,not_checked,not_checked,,-0.002017953944897063,0.004079349566188214,-0.00011475706049646206,True
local_b3_n800,338,2035211939,local,3,0.10606601717798213,800,0.0011454548711420376,True,ok,0.002031544123880069,0.6271128828737242,0.0023192544084116285,3.303404953978797,2.997861913501578,0.20751809172922248,0.20228413714283894,0.22336882348781803,0.1968653475140862,0.19686534751408602,800.0000000000005,800.0000000000005,0.00125,6.175615574477433e-16,12.249863877523593,10,1.3053794156725473e-16,2.6454533008646308e-17,4.1744385725905886e-14,-0.026467177885342252,0.9526138365254833,1.1157798810559356,0.18227104774001093,4.440892098500626e-16,0.0014634581748396158,not_checked,0.001,not_checked,not_checked,,-0.002514110987592472,0.00657719923535261,0.0008860892527380315,True
local_b3_n800,339,2035211940,local,3,0.10606601717798213,800,0.0011454548711420376,True,ok,0.0008503004481368315,0.5921053651204571,0.0014034635011335697,1.3651564407822505,1.4600888351240444,0.5118007014021135,0.5106252217636407,0.4818875853431229,0.5064952372934548,0.5064952372934547,800.0000000000005,800.0000000000005,0.00125,4.9085402409332346e-11,11.498714785107845,8,-3.6897134653157693e-13,1.7585759237714882e-16,2.808864252301646e-13,-0.002337861881659742,0.9337406309894201,1.1020039531899435,0.2033563517893747,1.012756545293314e-10,0.0012172078713774681,not_checked,0.001,not_checked,not_checked,,-0.0019004374677014544,0.0036010383639751174,-0.0002951544230052061,True
local_b3_n800,340,2035211941,local,3,0.10606601717798213,800,0.0011454548711420376,True,ok,0.0014229502478786404,0.5555830953553587,0.0019341597865161245,2.328042613127635,2.1491253119223592,0.3295008870949646,0.32140392864434564,0.34144705248447427,0.32034389181478384,0.3203438918147837,800.0000000000005,800.0000000000005,0.00125,8.266387574451528e-12,8.580139889909452,9,2.0296264668928643e-16,1.8886801844697487e-16,3.028688411177427e-13,-0.025661108260904397,0.8834046018987827,1.1766549922057166,0.1981189786026,1.61402002873956e-11,0.0013377510476857424,not_checked,0.001,not_checked,not_checked,,-0.0023679332740386434,0.005213833769795924,0.00027749537673660285,True
local_b3_n800,341,2035211942,local,3,0.10606601717798213,800,0.0011454548711420376,True,ok,0.0015807324027499181,0.641903288724021,0.002079376599614139,2.595588075016341,2.2264513138319515,0.30607376677779297,0.296729340522749,0.3284976295990337,0.2823561893671361,0.28235618936713586,800.0000000000005,800.0000000000005,0.00125,8.881784197001252e-16,12.196343810134918,10,9.64939933512099e-17,3.0140820395097023e-17,4.884981308350689e-14,-0.03320811530823531,0.9691587327219056,1.1709748727246176,0.18294996535046182,1.9984014443252818e-15,0.0014555840753018856,not_checked,0.001,not_checked,not_checked,,-0.0024947708427891582,0.0056562356482889944,0.0004352775316078805,True
local_b3_n800,342,2035211943,local,3,0.10606601717798213,800,0.0011454548711420376,True,ok,0.0007360270302652072,0.6357910365065826,0.0013336979460112368,1.1762035367238999,1.2145679844766024,0.5540313099882197,0.5544313749687266,0.5448286201354975,0.5549808755975685,0.5549808755975683,800.0000000000005,800.0000000000005,0.00125,1.1241563235842023e-11,14.243430595282371,9,8.995820581503278e-14,-1.9157852387818863e-16,-3.0686564400639327e-13,0.0007198558502161667,0.9651512975395126,1.029787102162544,0.18483452883384607,2.485500694149323e-11,0.0013310420326888561,not_checked,0.001,not_checked,not_checked,,-0.0018779729101718622,0.0033500269707022767,-0.0004094278408768304,True
local_b3_n800,343,2035211944,local,3,0.10606601717798213,800,0.0011454548711420376,True,ok,0.003298890012293665,0.621398158497084,0.0029995328072238998,5.493242544949605,4.56998579278469,0.09144992571735869,0.08300708052596176,0.1017747850718582,0.0714246658053759,0.0714246658053758,800.0000000000005,800.0000000000005,0.00125,1.8536450152595307e-10,10.131631630704481,9,-8.066464163292153e-16,-4.102621020685149e-16,-6.572520305780927e-13,-0.10750926263986926,0.9946887408577545,1.2098682752494432,0.20143758730223452,3.996230013569857e-10,0.0013454158324748278,not_checked,0.001,not_checked,not_checked,,-0.002580086260311504,0.009177866284898833,0.0021534351411516273,True
local_b3_n800,344,2035211945,local,3,0.10606601717798213,800,0.0011454548711420376,True,ok,0.0017493602603178005,0.6103529505440941,0.0022085476321282147,2.8895794592889663,2.398148061688817,0.27745877263548435,0.2662205793848492,0.30147323762694134,0.24672320253346028,0.2467232025334601,800.0000000000005,800.0000000000005,0.00125,1.1339862382442334e-10,10.148248863849886,9,-8.977193988179977e-17,-1.0690233420707074e-16,-1.7319479184152442e-13,-0.045301521390241906,0.9782211984997485,1.2093007086349523,0.20500359072770427,2.405495802548785e-10,0.0013421680778265,not_checked,0.001,not_checked,not_checked,,-0.002579313556794717,0.006078034077430318,0.0006039053891757629,True
local_b3_n800,345,2035211946,local,3,0.10606601717798213,800,0.0011454548711420376,True,ok,0.0024342375142891726,0.590651107304734,0.0026657633908775086,4.019473391796241,3.1925816629121173,0.1649808421070834,0.1558450834178653,0.20264677676628304,0.1426458902971933,0.14264589029719313,800.0000000000005,800.0000000000005,0.00125,4.5829229300409224e-11,9.332743980103407,9,-1.7780915628762273e-16,-1.942890293094024e-16,-3.0730973321624333e-13,-0.06234668446678149,0.9046948789144365,1.25948101408463,0.1946590510481249,9.439360404428498e-11,0.0013328739441931248,not_checked,0.001,not_checked,not_checked,,-0.0027905627231361143,0.007659037751714459,0.001288782643147135,True
local_b3_n800,346,2035211947,local,3,0.10606601717798213,800,0.0011454548711420376,True,ok,0.004580981459037625,0.5941093612208106,0.003479427553900555,7.546679705984591,6.675850403196142,0.031326279419854566,0.028287011797874614,0.035510558591929704,0.025609672489649023,0.02560967248964896,800.0000000000005,800.0000000000005,0.00125,5.390143886785381e-11,9.772883032135939,9,-9.62771529167128e-16,3.469446951953614e-18,6.217248937900877e-15,-0.10855468576219307,0.9750024059756868,1.1368043663285219,0.20355282185313825,1.1155476542512588e-10,0.0013381249736994505,not_checked,0.001,not_checked,not_checked,,-0.0022385712334237603,0.011400534151499012,0.0034355265878955876,True
local_b3_n800,347,2035211948,local,3,0.10606601717798213,800,0.0011454548711420376,True,ok,0.0019394703432882299,0.5972594080207523,0.0023191368403056747,3.207045599636113,2.7001101291299143,0.23546253984199306,0.2244081960641658,0.2592259860867345,0.21191367627180202,0.21191367627180188,800.0000000000005,800.0000000000005,0.00125,6.239397887242148e-11,9.493944732639289,9,7.958043946043603e-17,3.469446951953614e-18,4.884981308350689e-15,-0.05194652518747178,0.9299774547086678,1.2211670839296231,0.19735842155082328,1.297522089771519e-10,0.0013387501239776611,not_checked,0.001,not_checked,not_checked,,-0.0026059543389309117,0.0064848950255073715,0.0007940154721461923,True
local_b3_n800,348,2035211949,local,3,0.10606601717798213,800,0.0011454548711420376,True,ok,0.0011156648493608756,0.60603416557289,0.0017088404056007675,1.8309843422337233,1.6644342653585684,0.43210867106823636,0.4229024893001432,0.435083578146223,0.4096173370015278,0.4096173370015276,800.0000000000005,800.0000000000005,0.00125,9.313305682212558e-11,10.411629899576313,9,1.7997756063259374e-17,9.367506770274758e-17,1.5121237595394632e-13,-0.0229602916281606,0.9569613087716589,1.1770459645642444,0.20063884450833067,1.9660983952007882e-10,0.0013306259643286467,not_checked,0.001,not_checked,not_checked,,-0.0022336008009434466,0.004464930499665198,-2.979002178116197e-05,True
local_b3_n800,349,2035211950,local,3,0.10606601717798213,800,0.0011454548711420376,True,ok,0.0020406110382527043,0.6284530949799025,0.0022906108059473126,3.3794493501013365,3.050307497918137,0.2202041662965363,0.20883523778066526,0.21758760042628067,0.19544254492494395,0.19544254492494373,800.0000000000005,800.0000000000005,0.00125,7.771561172376096e-16,10.831898270273534,10,4.9439619065339e-17,-7.632783294297951e-17,-1.2256862191861728e-13,-0.057235844448503936,1.0294699423665579,1.128749420981364,0.20784018615269959,1.3322676295501878e-15,0.0014552499633282423,not_checked,0.001,not_checked,not_checked,,-0.0024489036440022947,0.006530125720507703,0.0008951561671106667,True
local_b3_n800,350,2035211951,local,3,0.10606601717798213,800,0.0011454548711420376,True,ok,0.002039586508299829,0.6208616587544922,0.0021872037262167274,3.2784137711192627,3.4766497953074404,0.20408106763674555,0.20260175703037964,0.1758146616417496,0.19560279998348903,0.1956027999834889,800.0000000000005,800.0000000000005,0.00125,1.8096446563475865e-10,12.945428151082,9,6.331740687315346e-17,1.3834419720915037e-16,2.2382096176443156e-13,-0.007537678919767421,0.8743576871992171,1.1837418072648067,0.17709736594848322,3.8999625751046096e-10,0.0013299158308655024,not_checked,0.001,not_checked,not_checked,,-0.002247254021936762,0.00632642703853642,0.0008941316371577912,True
local_b3_n800,351,2035211952,local,3,0.10606601717798213,800,0.0011454548711420376,True,ok,0.0006127740182320096,0.6016088421343144,0.0012458252922969136,0.9827582317925547,0.9664178183036447,0.6130922486932564,0.6123830394813268,0.6168009545488196,0.6124921122620983,0.6124921122620982,800.0000000000005,800.0000000000005,0.00125,7.624034736863905e-11,12.031160535930749,8,-7.484399384971585e-14,2.0166160408230382e-17,3.241851231905457e-14,-0.0011599013106693978,0.9708542443973592,1.0338982565426662,0.19486925559989918,1.5958567800566925e-10,0.001234541879966855,not_checked,0.001,not_checked,not_checked,,-0.0018289986856990267,0.003054546722163046,-0.000532680852910028,True
local_b3_n800,352,2035211953,local,3,0.10606601717798213,800,0.0011454548711420376,True,ok,0.0019428060117228085,0.5365851162555708,0.002205112265272774,3.127749244620659,3.0884959397054885,0.2144004939982438,0.21236536995148653,0.21347234851516006,0.21134893111933,0.21134893111932987,800.0000000000005,800.0000000000005,0.00125,1.9451107391432743e-10,9.076983126591413,8,-1.0368972173935287e-11,-9.107298248878237e-17,-1.4654943925052066e-13,-0.00962981293208176,0.9783801664845468,1.0404575979457207,0.22552874643997434,3.56814799928884e-10,0.0012392490170896053,not_checked,0.001,not_checked,not_checked,,-0.0023791346100793627,0.00626474663352498,0.0007973511405807709,True
local_b3_n800,353,2035211954,local,3,0.10606601717798213,800,0.0011454548711420376,True,ok,0.0005722160705801116,0.5813694259306807,0.0012181096505844765,0.9186097073646896,0.8770713503541662,0.6331150801188192,0.6321476153191152,0.6449801904251936,0.6326911715968621,0.632691171596862,800.0000000000005,800.0000000000005,0.00125,2.949918087580272e-11,10.997941213677958,8,-6.608244767364324e-14,2.237793284010081e-16,3.5837999234900053e-13,-0.0015319972182552544,0.9499006368000423,1.0551627560715047,0.19893351044385793,5.991762641599507e-11,0.001243458827957511,not_checked,0.001,not_checked,not_checked,,-0.0018152349737861318,0.002959667114946355,-0.000573238800561926,True
local_b3_n800,354,2035211955,local,3,0.10606601717798213,800,0.0011454548711420376,True,ok,6.734364482019473e-05,0.5967372288836208,0.0004117556794814623,0.10832349509202502,0.1066967825983771,0.9474892746247093,0.9472172269208721,0.9480496626864636,0.9475506226477814,0.9475506226477813,800.0000000000005,800.0000000000005,0.00125,6.080558279109027e-11,11.51366540700973,8,-2.529443668408682e-16,-1.9212062496443139e-16,-3.077538224260934e-13,-0.0002868316898567008,0.9486166431167352,1.0515621438506164,0.19068970476406474,1.2655299030939204e-10,0.001261542085558176,not_checked,0.001,not_checked,not_checked,,-0.0007396826573932895,0.000874369947033679,-0.0010781112263218429,False
local_b3_n800,355,2035211956,local,3,0.10606601717798213,800,0.0011454548711420376,True,ok,0.0030882001205039256,0.5970393063697323,0.0028384140309455986,5.128408858790608,4.596706790218526,0.09839400665284573,0.09020521494338812,0.10042406641613397,0.08453749659127377,0.08453749659127366,800.0000000000005,800.0000000000005,0.00125,6.171529953746813e-11,9.22104536684613,9,-1.6479873021779667e-16,-5.377642775528102e-17,-8.881784197001252e-14,-0.09364433299216213,0.9171521390617325,1.2104197319512475,0.18729974631691276,1.2839107554896145e-10,0.0013783758040517569,not_checked,0.001,not_checked,not_checked,,-0.002474989153362606,0.008651389394370457,0.001942745249361888,True
local_b3_n800,356,2035211957,local,3,0.10606601717798213,800,0.0011454548711420376,True,ok,0.0015785467636784123,0.6421017689166835,0.0021096538869843097,2.6112076119999723,2.1577450891748415,0.31462735373117845,0.3026252446455534,0.3399786203789499,0.2828503242170669,0.2828503242170667,800.0000000000005,800.0000000000005,0.00125,1.6653345369377348e-15,11.617041549552308,10,0.0,-9.280770596475918e-17,-1.4788170688007085e-13,-0.04276639505725566,0.9324579985391684,1.2621259867600492,0.18343525538114216,3.552713678800501e-15,0.001464041881263256,not_checked,0.001,not_checked,not_checked,,-0.002556298874655768,0.005713392402012593,0.0004330918925363747,True
local_b3_n800,357,2035211958,local,3,0.10606601717798213,800,0.0011454548711420376,True,ok,0.0006107249883831045,0.6327232692454108,0.0012350078243335912,0.9931536195292803,0.9646373419570193,0.6247509813623595,0.6199618000705198,0.6173502987912216,0.6134969473080905,0.6134969473080903,800.0000000000005,800.0000000000005,0.00125,2.2803203769683478e-11,12.452351157876425,9,-1.87451963673535e-12,-1.3986208025063007e-17,-2.3092638912203256e-14,-0.007996819058156246,0.9717503507459169,1.1090013853265432,0.1941396911045198,4.815081666720289e-11,0.0013228331226855516,not_checked,0.001,not_checked,not_checked,,-0.0018098458679359042,0.003031295844702113,-0.0005347298827589331,True
local_b3_n800,358,2035211959,local,3,0.10606601717798213,800,0.0011454548711420376,True,ok,0.0034036718899266294,0.5825853224850652,0.0029782813822662717,5.670937490999388,4.98395698126281,0.08023249358038131,0.07230342151908167,0.08274609214851872,0.06568153048640422,0.06568153048640411,800.0000000000005,800.0000000000005,0.00125,3.128419745479505e-11,8.404948564734058,9,-2.0122792321330962e-16,1.968911145233676e-16,3.1530333899354446e-13,-0.11253123355838923,1.0199509964814295,1.1378438121928547,0.22660303734986156,6.362621540745295e-11,0.0013427920639514923,not_checked,0.001,not_checked,not_checked,,-0.0024336523551414324,0.00924099613499469,0.002258217018784592,True
local_b3_n800,359,2035211960,local,3,0.10606601717798213,800,0.0011454548711420376,True,ok,0.0005629785574425838,0.5978021299935006,0.0011941152847402862,0.9173207941976821,0.8747261915744262,0.650873709361367,0.64576095911713,0.6457369244820347,0.6373840849866685,0.6373840849866683,800.0000000000005,800.0000000000005,0.00125,6.397005147817936e-11,10.566348276373535,8,-1.5545251717818953e-12,-7.274996577377735e-17,-1.1657341758564144e-13,-0.008277551144773687,0.961396181297548,1.1422565743682942,0.20077154689287932,1.3316014957354128e-10,0.0012216251343488693,not_checked,0.001,not_checked,not_checked,,-0.0017774443940371688,0.0029034015089223365,-0.0005824763136994537,True
local_b3_n800,360,2035211961,local,3,0.10606601717798213,800,0.0011454548711420376,True,ok,0.00013547719883977294,0.5598328295467874,0.0005491865388444894,0.21850467616810598,0.24307326149218877,0.8962120634811963,0.8954238590975478,0.8855586140819895,0.8972849843541781,0.8972849843541781,800.0000000000005,800.0000000000005,0.00125,1.0236478331648868e-11,9.727099352205501,8,-1.321073242119275e-15,9.752398541507112e-17,1.5631940186722204e-13,-0.0008705790122345847,0.881857146095478,1.1085466350507849,0.1929104166892042,2.0136559086836314e-11,0.001226917840540409,not_checked,0.001,not_checked,not_checked,,-0.0009409086380896337,0.0012118630357691796,-0.0010099776723022647,True
local_b3_n800,361,2035211962,local,3,0.10606601717798213,800,0.0011454548711420376,True,ok,0.0001980838936619378,0.5805056285404033,0.0007118109647326613,0.31996515550039845,0.30774817102419133,0.858724914115421,0.8574753626239296,0.8573799707750547,0.8534510291266844,0.8534510291266844,800.0000000000005,800.0000000000005,0.00125,2.8316571309972005e-11,10.455647363063047,8,-8.825622524466503e-15,-2.306098020876668e-16,-3.6837199957062694e-13,-0.0015154628206489051,0.9595655488443744,1.1275882054596338,0.21116939984370905,5.7408744424947145e-11,0.0012180418707430363,not_checked,0.001,not_checked,not_checked,,-0.0011970399610147888,0.0015932077483386644,-0.0009473709774800998,True
local_b3_n800,362,2035211963,local,3,0.10606601717798213,800,0.0011454548711420376,True,ok,0.0033657471539292327,0.6512932072081665,0.0028524479660624862,5.669002594037056,5.259873389281605,0.08943167518153983,0.0788283204354793,0.07208302533614125,0.06770483232227299,0.06770483232227288,800.0000000000005,800.0000000000005,0.00125,2.4646951146678475e-14,10.787485382873161,10,-5.311723283440983e-15,-8.673617379884035e-19,0.0,-0.1419035738751404,0.9874902713095591,1.240040582198902,0.18096267299879112,5.0182080713057076e-14,0.001440750202164054,not_checked,0.001,not_checked,not_checked,,-0.0022249481273277708,0.008956442435186236,0.002220292282787195,True
local_b3_n800,363,2035211964,local,3,0.10606601717798213,800,0.0011454548711420376,True,ok,0.0017486051404240754,0.643810899024923,0.002202610873604993,2.883478104209134,2.418292922478456,0.2719252599588803,0.2613329004259387,0.29845191101974455,0.2468722920398885,0.24687229203988822,800.0000000000005,800.0000000000005,0.00125,8.881784197001252e-16,11.963101102728315,10,1.3227266504323154e-16,-6.938893903907228e-18,-8.881784197001252e-15,-0.042854939765305744,0.9584544302438487,1.1944984164401187,0.18132583749471207,1.9984014443252818e-15,0.0014355001039803028,not_checked,0.001,not_checked,not_checked,,-0.0025684328437980157,0.0060656431246461666,0.0006031502692820379,True
local_b3_n800,364,2035211965,local,3,0.10606601717798213,800,0.0011454548711420376,True,ok,0.0009959050635446332,0.5805310387453719,0.0015349578859645272,1.5802956505190935,1.705535826365624,0.4519358049680925,0.45490355852054276,0.4262335203007591,0.45080335666064564,0.4508033566606454,800.0000000000005,800.0000000000005,0.00125,2.8327895584823182e-11,11.976509001083324,8,1.6357503459379918e-12,-2.42861286636753e-17,-3.730349362740526e-14,0.006576225576160222,0.9162813061632039,1.0948200872772436,0.20437906570781544,5.7482019144572405e-11,0.00121991615742445,not_checked,0.001,not_checked,not_checked,,-0.0020125571107315796,0.004004367237820846,-0.00014954980759740444,True
local_b3_n800,365,2035211966,local,3,0.10606601717798213,800,0.0011454548711420376,True,ok,0.0029434516733677363,0.5992535211242676,0.0027644771190165093,4.860719889640493,4.373356808424921,0.11005040883698239,0.1025596651081119,0.11228910889089523,0.09491615664555066,0.09491615664555056,800.0000000000005,800.0000000000005,0.00125,6.838063448810772e-11,9.72002129167268,9,-3.174543961037557e-16,-3.5128150388530344e-16,-5.60440582830779e-13,-0.07559860612605629,0.9663811758319094,1.1667009025453543,0.20738049587030882,1.4270362669321912e-10,0.0013437920715659857,not_checked,0.001,not_checked,not_checked,,-0.0024748239159896705,0.008361727262725143,0.0017979968022256987,True
local_b3_n800,366,2035211967,local,3,0.10606601717798213,800,0.0011454548711420376,True,ok,0.0016237695592566936,0.5895574612643737,0.002127717253842914,2.658195426904526,2.3128061534300732,0.2948230757924033,0.2866985103774822,0.3146157969794564,0.2728001924897871,0.272800192489787,800.0000000000005,800.0000000000005,0.00125,4.354638871717498e-11,9.881299879195575,9,1.6479873021779667e-16,6.722053469410127e-17,1.0880185641326534e-13,-0.03008206604690744,0.8630813488560259,1.2797645369570212,0.18883590954228163,8.951528407408205e-11,0.0013419999741017818,not_checked,0.001,not_checked,not_checked,,-0.002546479627559886,0.005794018746073273,0.00047831468811465605,True
local_b3_n800,367,2035211968,local,3,0.10606601717798213,800,0.0011454548711420376,True,ok,0.0010979664688646196,0.6014125990694696,0.0016191533260899867,1.7706483106769813,1.8230323729652582,0.42270951400258266,0.41984246965534655,0.40191438467814505,0.4154582400253882,0.4154582400253879,800.0000000000005,800.0000000000005,0.00125,7.54792894852585e-11,11.579982732140348,8,-2.9661936969127556e-12,5.2475385148298415e-17,8.348877145181177e-14,-0.006950980246794525,0.9448332020240642,1.098655760546876,0.20191995788056133,1.5810952547212764e-10,0.0012226251419633627,not_checked,0.001,not_checked,not_checked,,-0.0020755157357199923,0.004271448673449231,-4.748840227741802e-05,True
local_b3_n800,368,2035211969,local,3,0.10606601717798213,800,0.0011454548711420376,True,ok,0.004545459386883666,0.5646394728167585,0.003607175628529308,7.553580283848853,6.065755244843131,0.03685893870822797,0.03255582632076391,0.04817680381465156,0.026347878765141098,0.026347878765141032,800.0000000000005,800.0000000000005,0.00125,1.3035239554426425e-11,7.960114895433931,9,-1.2177758801357186e-15,-5.724587470723463e-17,-9.059419880941277e-14,-0.14042263241749176,0.8958377585052935,1.284617988061096,0.20560716234519502,2.5796920155585212e-11,0.0013384581543505192,not_checked,0.001,not_checked,not_checked,,-0.0025244749309444106,0.011615393704711742,0.003400004515741628,True
local_b3_n800,369,2035211970,local,3,0.10606601717798213,800,0.0011454548711420376,True,ok,2.690836073160341e-05,0.552598657178035,0.0002557991372336198,0.043071540873379215,0.044250693818696944,0.979034338145367,0.9790255864891864,0.9781176233458058,0.9787033569125814,0.9787033569125814,800.0000000000005,800.0000000000005,0.00125,7.100542376292651e-12,10.008437850518423,8,4.378821524125831e-17,4.251427768858784e-17,6.794564910705958e-14,-9.08185140686621e-06,0.972534543977085,1.0612987728060888,0.22706974100562635,1.3800516285300546e-11,0.0012249993160367012,not_checked,0.001,not_checked,not_checked,,-0.00047444873552271016,0.000528265456985917,-0.0011185465104104342,False
local_b3_n800,370,2035211971,local,3,0.10606601717798213,800,0.0011454548711420376,True,ok,0.004012122349531744,0.6230518825800535,0.003314389154043992,6.72229993490979,5.551759896984006,0.05407575546931491,0.04722652139404334,0.062294636493495745,0.04036880766914585,0.04036880766914577,800.0000000000005,800.0000000000005,0.00125,1.992006559703441e-10,9.786592875194017,9,-5.037636974236648e-15,-5.984795992119984e-16,-9.592326932761353e-13,-0.15145208782949826,0.9336112778310313,1.255720944848285,0.18222041611814052,4.3074166455880913e-10,0.0013365419581532478,not_checked,0.001,not_checked,not_checked,,-0.002483961023144658,0.010508205722208145,0.002866667478389706,True
local_b3_n800,371,2035211972,local,3,0.10606601717798213,800,0.0011454548711420376,True,ok,0.00018371545366746567,0.6264020035443434,0.0006867361914203893,0.2955299840793737,0.2846183358259666,0.8645944365196394,0.863916309822949,0.8673530572942149,0.8633178366586727,0.8633178366586726,800.0000000000005,800.0000000000005,0.00125,7.738254481637341e-14,13.023891834963589,9,-2.6148516945462275e-15,4.320545657354735e-17,6.94999613415348e-14,-0.0007926291057142321,0.9817882168420804,1.0392818915376394,0.18312943485216976,1.6497914145929826e-13,0.0013423338532447815,not_checked,0.001,not_checked,not_checked,,-0.0011622627483967017,0.001529693655731633,-0.0009617394174745719,True
local_b3_n800,372,2035211973,local,3,0.10606601717798213,800,0.0011454548711420376,True,ok,0.004184042505519514,0.631455755908992,0.003261478735542534,7.048212861860861,6.189921164460251,0.04964282329079918,0.04241951943890507,0.04527679713545085,0.03518153160368441,0.035181531603684334,800.0000000000005,800.0000000000005,0.00125,5.6066262743570405e-14,9.798308319931646,10,-1.2960986450760714e-14,-2.8709673527416157e-16,-4.591882429849647e-13,-0.1768724265148176,0.9918990975149679,1.2309295070812243,0.18698889226840754,1.0969003483296547e-13,0.0014376251492649317,not_checked,0.001,not_checked,not_checked,,-0.002208338352487088,0.010576423363526117,0.0030385876343774765,True
local_b3_n800,373,2035211974,local,3,0.10606601717798213,800,0.0011454548711420376,True,ok,0.00014005237971725926,0.6086556287694656,0.0006014545532459914,0.22280546821718694,0.2181158998148401,0.8912690147755526,0.8918544337119994,0.8966784535592279,0.8940067944569441,0.8940067944569441,800.0000000000005,800.0000000000005,0.00125,1.0505596392818006e-10,13.076537323306773,8,6.439076702391411e-16,-2.8731357570865868e-16,-4.600764214046649e-13,0.0006391696652140039,0.9270188995794076,1.0218677760882544,0.18237921162729218,2.2226642748535141e-10,0.0012239578645676374,not_checked,0.001,not_checked,not_checked,,-0.0010387768829825121,0.0013188816424170306,-0.0010054024914247783,True
local_b3_n800,374,2035211975,local,3,0.10606601717798213,800,0.0011454548711420376,True,ok,0.0009614536514934713,0.6056637740322188,0.0015635707573194951,1.5342672179802717,1.519927393693745,0.46438164102010515,0.4653221849779853,0.4676834050839984,0.46340080899936775,0.46340080899936753,800.0000000000005,800.0000000000005,0.00125,9.175560311547315e-11,12.711862335430412,8,4.505887850336787e-13,8.239936510889834e-17,1.3211653993039363e-13,0.0020293122046416423,0.9703083883825654,1.0358650059001104,0.19338642111761947,1.9321433342156524e-10,0.0012188758701086044,not_checked,0.001,not_checked,not_checked,,-0.0021030887201327563,0.004025996023119699,-0.0001840012196485663,True
local_b3_n800,375,2035211976,local,3,0.10606601717798213,800,0.0011454548711420376,True,ok,0.0014351226827977737,0.5913608724269275,0.0018944031081467021,2.3549262001759614,2.2254422646406162,0.33713847345415127,0.327892382481368,0.32866340654854265,0.31723953921837084,0.3172395392183707,800.0000000000005,800.0000000000005,0.00125,4.737910064278594e-11,9.778769847289638,9,-1.0668549377257364e-16,-7.806255641895632e-17,-1.2523315717771766e-13,-0.029364953849761122,1.0463853562544247,1.065562344611247,0.21255658944875555,9.769784981017438e-11,0.0013271239586174488,not_checked,0.001,not_checked,not_checked,,-0.0022778391813704996,0.005148084546966047,0.0002896678116557361,True
local_b3_n800,376,2035211977,local,3,0.10606601717798213,800,0.0011454548711420376,True,ok,0.0012796910411960738,0.6184404378417643,0.0017764059894595655,2.1072427285969666,2.0176408217544726,0.37897581041468886,0.3684088044955444,0.3646488618104906,0.3592442236894506,0.35924422368945047,800.0000000000005,800.0000000000005,0.00125,1.626854206904227e-10,10.749492610046824,9,-3.8380756905986857e-16,-3.3415110956003247e-16,-5.355715870791755e-13,-0.029868531341623594,0.9882538950971145,1.1242146133408508,0.19573295922865644,3.4924063641028624e-10,0.0013346669729799032,not_checked,0.001,not_checked,not_checked,,-0.0022020007200659135,0.004761382802458062,0.0001342361700540362,True
local_b3_n800,377,2035211978,local,3,0.10606601717798213,800,0.0011454548711420376,True,ok,0.0019932326698346436,0.657191058394692,0.002196791727868834,3.240708209353603,3.2351052474096806,0.2116422195005616,0.20640235183573324,0.19838362482443173,0.202992522444467,0.20299252244446692,800.0000000000005,800.0000000000005,0.00125,9.992007221626409e-16,14.016116318185718,10,-1.7607443281164592e-16,-2.5153490401663703e-16,-4.014566457044566e-13,-0.025767968809085717,0.9767160534602821,1.0775803407397673,0.16995824905547968,2.220446049250313e-15,0.0014399581123143435,not_checked,0.001,not_checked,not_checked,,-0.002312399998323786,0.0062988653379930735,0.0008477777986926061,True
local_b3_n800,378,2035211979,local,3,0.10606601717798213,800,0.0011454548711420376,True,ok,0.0006508685783628287,0.6075986612161541,0.0013401994917638107,1.0618831703249803,0.9194549089034363,0.6104312315334768,0.6045369164842591,0.6314557225025565,0.5941075813169912,0.594107581316991,800.0000000000005,800.0000000000005,0.00125,1.0015654972050925e-10,10.921926451281639,8,-3.1563141857093857e-12,-3.471615356298585e-16,-5.542233338928781e-13,-0.010246722472226799,0.960899271847023,1.1556935078743613,0.19964294010568104,2.11557660279027e-10,0.0012264580000191927,not_checked,0.001,not_checked,not_checked,,-0.001975874157593125,0.0032776113143187825,-0.0004945862927792088,True
local_b3_n800,379,2035211980,local,3,0.10606601717798213,800,0.0011454548711420376,True,ok,0.0034329543781426164,0.598649603212253,0.003088504684478283,5.716811360855969,4.674752647780204,0.08271528737735603,0.07479427823268159,0.09658070258792793,0.0641607579207684,0.0641607579207683,800.0000000000005,800.0000000000005,0.00125,6.64936994354548e-11,9.104799263204706,9,-3.434752482434078e-16,8.673617379884035e-18,1.4210854715202004e-14,-0.1120421779138896,0.9627019254872848,1.2368323541245676,0.20141032155584268,1.386548653670161e-10,0.0013392921537160873,not_checked,0.001,not_checked,not_checked,,-0.0026204035695180615,0.009486312325803294,0.002287499507000579,True
local_b3_n800,380,2035211981,local,3,0.10606601717798213,800,0.0011454548711420376,True,ok,0.0025519827086915026,0.655430574609835,0.0025891517066357777,4.182900088195303,3.751854209130277,0.1372300360337036,0.1307551469039001,0.15321285664076834,0.12982262711909504,0.12982262711909484,800.0000000000005,800.0000000000005,0.00125,1.7763568394002505e-15,13.210275226456966,10,-7.112366251504909e-17,4.0332320816460765e-17,6.572520305780927e-14,-0.049863877144447954,0.9410211782845344,1.1148948578372324,0.16535533704935867,3.774758283725532e-15,0.0014572511427104473,not_checked,0.001,not_checked,not_checked,,-0.002522661386825037,0.007626626804208042,0.001406527837549465,True
local_b3_n800,381,2035211982,local,3,0.10606601717798213,800,0.0011454548711420376,True,ok,0.0036916999973968245,0.611551541028013,0.003046653849696512,6.191558981959439,5.587442572074826,0.06874555763225744,0.060485899879727106,0.06119307276177558,0.05216413976162866,0.05216413976162858,800.0000000000005,800.0000000000005,0.00125,1.1969336632944305e-10,9.164270066738647,9,-2.809384669344439e-15,-1.3183898417423734e-16,-2.1316282072803006e-13,-0.14241949306225798,0.9785295824681453,1.2229969168822845,0.19655492553971168,2.5431812211706983e-10,0.001342125004157424,not_checked,0.001,not_checked,not_checked,,-0.0022796318213686457,0.009663031816162295,0.002546245126254787,True
local_b3_n800,382,2035211983,local,3,0.10606601717798213,800,0.0011454548711420376,True,ok,0.0027667352508344845,0.6113773084163459,0.0025601415659819377,4.542007099655429,4.514148620087149,0.12372041414007792,0.11717904272243648,0.10465622895824393,0.10932958967086553,0.10932958967086534,800.0000000000005,800.0000000000005,0.00125,1.1876777339381306e-10,10.71571681331922,9,-3.686287386450715e-17,-6.158268339717665e-17,-9.769962616701378e-14,-0.05761534916012545,1.005298882454834,1.112924023856671,0.20130721697430365,2.5227264721650045e-10,0.0013357079587876797,not_checked,0.001,not_checked,not_checked,,-0.002251050013814088,0.007784520515483057,0.0016212803796924469,True
local_b3_n800,383,2035211984,local,3,0.10606601717798213,800,0.0011454548711420376,True,ok,6.190625181390352e-05,0.6221937615712168,0.0004211859715660998,0.09864362797467599,0.08705512030256005,0.9510689033722501,0.951264629211827,0.9574061674685471,0.9516813644239076,0.9516813644239076,800.0000000000005,800.0000000000005,0.00125,1.9194723588356055e-10,13.659960811759303,8,4.6566483308252415e-17,1.6859343782149594e-17,2.6645352591003757e-14,0.0002031874637848513,0.8536638380921333,1.1409475527373525,0.1663020350933031,4.143174692217144e-10,0.001222624909132719,not_checked,0.001,not_checked,not_checked,,-0.0007636030832491634,0.0008874155868769704,-0.001083548619328134,False
local_b3_n800,384,2035211985,local,3,0.10606601717798213,800,0.0011454548711420376,True,ok,0.0027409735860866036,0.6006757420886684,0.002648592572682499,4.484251620109003,4.178306480467767,0.13193730676754417,0.12612631549908504,0.12379191346213769,0.11160617836550192,0.11160617836550184,800.0000000000005,800.0000000000005,0.00125,7.304945537356389e-11,10.484276253136635,9,5.767955557622884e-17,5.637851296924623e-17,9.237055564881302e-14,-0.04934694118521721,0.9188726867699343,1.2459162000325794,0.19634040832551383,1.526812010155254e-10,0.0013347503263503313,not_checked,0.001,not_checked,not_checked,,-0.0024501724660913804,0.007932119638264588,0.001595518714944566,True
local_b3_n800,385,2035211986,local,3,0.10606601717798213,800,0.0011454548711420376,True,ok,0.0013181035469489455,0.6481468152897922,0.001740573594832486,2.092938513188812,2.2890207047913385,0.3459511586285726,0.34874809024411235,0.3183797735234852,0.34837254592306394,0.34837254592306355,800.0000000000005,800.0000000000005,0.00125,1.5520573715122055e-10,15.73868704042035,9,8.174874839561586e-12,1.0993810029003015e-16,1.7541523789077473e-13,0.008013580964751021,0.913413933787268,1.0765838982648857,0.17480858513003839,3.5628411332311316e-10,0.00132966716773808,not_checked,0.001,not_checked,not_checked,,-0.0020933580113641393,0.00472956510526203,0.0001726486758069079,True
local_b3_n800,386,2035211987,local,3,0.10606601717798213,800,0.0011454548711420376,True,ok,0.00037208304569302797,0.6338219902978572,0.0009699709115040646,0.6039557767017429,0.5810328456360561,0.7536073028238973,0.7505271153052053,0.7478772469593458,0.74254898564083,0.74254898564083,800.0000000000005,800.0000000000005,0.00125,4.137468145870571e-12,12.665969169027548,9,-2.829322063094275e-13,-2.5478751053409354e-17,-4.063416270128073e-14,-0.0043114517964489285,0.9747141439689013,1.1350363907729157,0.19236036940790682,8.79607497950019e-12,0.0013384590856730938,not_checked,0.001,not_checked,not_checked,,-0.0015290250069064266,0.0022731910982924826,-0.0007733718254490096,True
local_b3_n800,387,2035211988,local,3,0.10606601717798213,800,0.0011454548711420376,True,ok,0.0005755973693892802,0.617670761306742,0.0012002458286411004,0.9394569541570826,0.8999703879124678,0.6418445548297367,0.63615270442799,0.637637592441983,0.6309820299624005,0.6309820299624003,800.0000000000005,800.0000000000005,0.00125,1.5711720813271768e-10,11.381535434805274,8,-2.4798273243892277e-12,-5.377642775528102e-17,-8.615330671091215e-14,-0.009250581567116889,1.0249337757480061,1.052194236722055,0.19868964404006922,3.371549706088217e-10,0.0012244577519595623,not_checked,0.001,not_checked,not_checked,,-0.0017768412273417096,0.00292803596612027,-0.0005698575017527574,True
local_b3_n800,388,2035211989,local,3,0.10606601717798213,800,0.0011454548711420376,True,ok,1.8561722257448565e-05,0.6604238541163199,0.0002029798087780267,0.02956718472876869,0.033533993198336054,0.9845001790720642,0.9845683119924886,0.9833727871467317,0.9852603304999825,0.9852603304999825,800.0000000000005,800.0000000000005,0.00125,5.551115123125783e-16,16.06521946985337,9,8.269752070633185e-17,7.050024626586993e-17,1.127986593019159e-13,6.57854415745153e-05,0.8811177793162421,1.0254967376053399,0.14950821397369943,1.1102230246251565e-15,0.0013337070122361183,not_checked,0.001,not_checked,not_checked,,-0.0003792713925363109,0.000416394837051208,-0.001126893148884589,False
local_b3_n800,389,2035211990,local,3,0.10606601717798213,800,0.0011454548711420376,True,ok,0.0031685797333778076,0.605817879240373,0.002779393744393928,5.256705805509114,4.977664468208949,0.09326590373690455,0.08545331432539019,0.08300684255976483,0.0792725165002451,0.07927251650024501,800.0000000000005,800.0000000000005,0.00125,9.240175291580499e-11,9.680667773371054,9,-1.8388068845354155e-16,-2.6020852139652106e-17,-4.1744385725905886e-14,-0.09348911605230947,1.0545535377662578,1.0824635337712942,0.20836433979329794,1.9462120803837024e-10,0.0013403748162090778,not_checked,0.001,not_checked,not_checked,,-0.002278931904490216,0.008616091371245832,0.00202312486223577,True
local_b3_n800,390,2035211991,local,3,0.10606601717798213,800,0.0011454548711420376,True,ok,0.0011312211572587216,0.5888406486236564,0.0016318827268798058,1.8390724413809263,1.9126033351727336,0.40760968882782433,0.4017800630464985,0.3843115729171882,0.404551219688255,0.4045512196882548,800.0000000000005,800.0000000000005,0.00125,1.0560108343327101e-10,10.350659286713222,8,-9.828460311236964e-12,1.730386667286865e-16,2.773337115513641e-13,-0.014559294883485285,0.9103910341840918,1.1119361853062013,0.1861576908398527,2.0630719355096971e-10,0.0012184998486191034,not_checked,0.001,not_checked,not_checked,,-0.0020672102144187114,0.004329652528936155,-1.4233713883315957e-05,True
local_b3_n800,391,2035211992,local,3,0.10606601717798213,800,0.0011454548711420376,True,ok,0.0006948309321808122,0.5950398324972708,0.0012753615598369845,1.1344517278418604,1.169703672697157,0.57867593237578,0.5722455206529089,0.5571884107661147,0.5735760492309595,0.5735760492309594,800.0000000000005,800.0000000000005,0.00125,5.627653898443441e-11,10.294137382434283,8,-3.949832973713929e-12,5.063224145507306e-17,8.08242361927114e-14,-0.01136111817628016,0.9560727031140309,1.0789913827544595,0.19360928849618622,1.1665846066932772e-10,0.0012324589770287275,not_checked,0.001,not_checked,not_checked,,-0.0018048317923665025,0.003194493656728127,-0.00045062393896122543,True
local_b3_n800,392,2035211993,local,3,0.10606601717798213,800,0.0011454548711420376,True,ok,0.0002676129098819757,0.608154840096282,0.0008434744900585954,0.4265675823682866,0.40458778699945686,0.8026423798857625,0.8033070586175224,0.8168548243384258,0.8072754622275198,0.8072754622275197,800.0000000000005,800.0000000000005,0.00125,1.0268530470369797e-10,12.888936826384676,8,5.04121484140585e-15,8.836247705756861e-17,1.4144241333724494e-13,0.0008065367214373786,0.8810885323371896,1.0751374343416296,0.17128346584333085,2.1713031372883052e-10,0.0012302508112043142,not_checked,0.001,not_checked,not_checked,,-0.001385566712511159,0.0019207925322751104,-0.0008778419612600619,True
local_b3_n800,393,2035211994,local,3,0.10606601717798213,800,0.0011454548711420376,True,ok,0.009141243214886074,0.6225864963263537,0.004864888235609298,15.513451184374942,12.95316055589766,0.0016069233182219415,0.0010899371599897715,0.0015390648643326152,0.0006668172271197392,0.0006668172271197366,800.0000000000005,800.0000000000005,0.00125,1.9525858707680754e-10,9.15218297178737,9,-2.1107768310990593e-12,1.1449174941446927e-16,1.8474111129762605e-13,-0.4437310202786069,1.0672327063893958,1.1978819105987346,0.2101333784297876,4.2175751779893744e-10,0.001345957862213254,not_checked,0.001,not_checked,not_checked,,-0.0003937625157207584,0.018676248945492906,0.007995788343744037,True
local_b3_n800,394,2035211995,local,3,0.10606601717798213,800,0.0011454548711420376,True,ok,0.0030908282693957734,0.6714722712703847,0.0026615905693353798,5.130998244188641,5.195244493356897,0.09968332209722984,0.09145444356608115,0.07445039258881486,0.08435994161066333,0.08435994161066321,800.0000000000005,800.0000000000005,0.00125,4.3298697960381105e-15,13.128587132818394,10,-9.853229343548264e-16,-1.734723475976807e-17,-2.4868995751603507e-14,-0.09283650657770037,0.9759317964849981,1.1675104422733322,0.16328761405429124,9.103828801926284e-15,0.001448791241273284,not_checked,0.001,not_checked,not_checked,,-0.002125793388093028,0.008307449926884574,0.0019453733982537358,True
local_b3_n800,395,2035211996,local,3,0.10606601717798213,800,0.0011454548711420376,True,ok,0.0017416406463142131,0.6263177962442894,0.002131162905181899,2.883804070330676,2.582313615810504,0.27450722679587736,0.26244306415590346,0.2749525317850922,0.24825160345328984,0.24825160345328973,800.0000000000005,800.0000000000005,0.00125,3.3306690738754696e-16,10.730847094672088,10,-3.838075690598686e-17,-8.370040771588094e-17,-1.3322676295501878e-13,-0.04858951811396661,0.9756728428471662,1.1833884295541508,0.1954484462540449,6.661338147750939e-16,0.0014494159258902073,not_checked,0.001,not_checked,not_checked,,-0.0024353618930300584,0.005918643185658485,0.0005961857751721755,True
local_b3_n800,396,2035211997,local,3,0.10606601717798213,800,0.0011454548711420376,True,ok,0.009750693931676047,0.5650480615403655,0.004911436800829578,16.432489633597868,14.567247166695612,0.0010564778260840763,0.0007370174057009678,0.0006866927615264716,0.00040950757964091007,0.00040950757964090806,800.0000000000005,800.0000000000005,0.00125,1.329758525514535e-11,7.2817913363241,9,-5.884043252635252e-13,9.020562075079397e-17,1.3855583347321954e-13,-0.4156896714580922,1.0243718984397499,1.2297939903946118,0.23395604533442385,2.634537032975004e-11,0.0013316250406205654,not_checked,0.001,not_checked,not_checked,,0.000124454689705452,0.01937693317364664,0.008605239060534009,True
local_b3_n800,397,2035211998,local,3,0.10606601717798213,800,0.0011454548711420376,True,ok,0.0002794830681343008,0.5697153185730646,0.0008428549070019157,0.44899734487455334,0.4403216833589111,0.8023366755031671,0.8016163719869196,0.8023897298712621,0.7996457558991278,0.7996457558991277,800.0000000000005,800.0000000000005,0.00125,1.6750600906334512e-11,10.420451571635482,8,-4.571375829959257e-15,9.286191607338345e-17,1.4854784069484595e-13,-0.0009122179298358957,0.9330535169851792,1.1038381673643294,0.20876143452550514,3.342437437936496e-11,0.0012186248786747456,not_checked,0.001,not_checked,not_checked,,-0.0013724821937823107,0.0019314483300509123,-0.0008659718030077368,True
local_b3_n800,398,2035211999,local,3,0.10606601717798213,800,0.0011454548711420376,True,ok,0.0018250456505541912,0.6166703395160711,0.002091147552629846,2.9763436642696517,2.9885818742239323,0.24938817999131369,0.242830917246819,0.224407667479925,0.23222779351291292,0.23222779351291264,800.0000000000005,800.0000000000005,0.00125,1.5039502976321728e-10,11.444532927332025,9,-2.732189474663471e-16,-3.963843142607004e-16,-6.323830348264892e-13,-0.028135311691471987,0.9368651887008572,1.1697263089624659,0.19433736034985563,3.220472777343275e-10,0.0013413340784609318,not_checked,0.001,not_checked,not_checked,,-0.0022735282389593848,0.005923619540067767,0.0006795907794121536,True
local_b3_n800,399,2035212000,local,3,0.10606601717798213,800,0.0011454548711420376,True,ok,0.002797291307288008,0.6480206738840255,0.0026621062275358712,4.695184850981317,4.259893979561626,0.12555853399012715,0.11349441920542883,0.11884359361037862,0.10668944520793312,0.10668944520793293,800.0000000000005,800.0000000000005,0.00125,5.995204332975845e-15,10.85357391601923,10,-1.1978265601619853e-15,1.1492543028346347e-16,1.8207657603852567e-13,-0.10975937966025073,0.9522935527114194,1.2040661629429097,0.1770444928194829,1.2212453270876722e-14,0.0014620409347116947,not_checked,0.001,not_checked,not_checked,,-0.00242034102170209,0.008014923636278107,0.0016518364361459703,True
local_b3_n800,400,2035212001,local,3,0.10606601717798213,800,0.0011454548711420376,True,ok,0.00512760511632826,0.5838103228652265,0.003567530343393765,8.480495215708881,7.920358913619522,0.023010337940200028,0.02028201353955783,0.01905969359287978,0.016538172370180456,0.016538172370180418,800.0000000000005,800.0000000000005,0.00125,3.312028429292013e-11,9.077723356342755,9,-2.0348306373207947e-15,3.703634621210483e-16,5.915268275202834e-13,-0.1381635147918301,0.9948762959047125,1.1737025452672456,0.22049364697441076,6.75839384456367e-11,0.0013275409583002329,not_checked,0.001,not_checked,not_checked,,-0.0018646258704773308,0.01211983610313385,0.003982150245186222,True
local_b3_n800,401,2035212002,local,3,0.10606601717798213,800,0.0011454548711420376,True,ok,0.0007728200435850319,0.6725017938075644,0.0013790525952898475,1.252385933347525,1.2327111719729822,0.5522138962613545,0.5480208951347989,0.5399085066079954,0.5388834124685148,0.5388834124685147,800.0000000000005,800.0000000000005,0.00125,4.540001707908914e-11,15.229627087611666,9,-3.455211594269314e-12,5.442694905877232e-17,8.770761894538737e-14,-0.007936931805736624,1.0081128701354742,1.0749428257685285,0.17574133888849985,1.024766937973709e-10,0.0013215839862823486,not_checked,0.001,not_checked,not_checked,,-0.0019300733759695602,0.003475713463139624,-0.0003726348275570057,True
local_b3_n800,402,2035212003,local,3,0.10606601717798213,800,0.0011454548711420376,True,ok,0.004050495867161441,0.6279268063932624,0.003073347247981554,6.652049916958951,6.720982152191107,0.04682142800699335,0.04319981569209173,0.03471820547701583,0.03914836210851576,0.0391483621085157,800.0000000000005,800.0000000000005,0.00125,3.774758283725532e-15,11.60637518333107,10,-4.969982758673552e-16,-1.5959455978986625e-16,-2.540190280342358e-13,-0.08562826475032104,0.9732347846808799,1.1401771753715315,0.19513758586297386,7.771561172376096e-15,0.001454042037948966,not_checked,0.001,not_checked,not_checked,,-0.001973154050867695,0.010074145785190577,0.0029050409960194035,True
local_b3_n800,403,2035212004,local,3,0.10606601717798213,800,0.0011454548711420376,True,ok,0.003196672539956369,0.6161145502504008,0.0028609504333181675,5.272000493543355,4.787689623632747,0.0906348283977502,0.08419700125090088,0.09127806138052484,0.07751079732804889,0.07751079732804877,800.0000000000005,800.0000000000005,0.00125,1.4675705095612557e-10,10.609906999577559,9,-2.502338614096544e-16,-1.8344700758454735e-16,-2.957634137601417e-13,-0.07866221480658098,0.9994605090679436,1.13003325961165,0.20386721522600948,3.139342119595767e-10,0.0013299162965267897,not_checked,0.001,not_checked,not_checked,,-0.002410687270901501,0.008804032350814239,0.0020512176688143313,True
local_b3_n800,404,2035212005,local,3,0.10606601717798213,800,0.0011454548711420376,True,ok,0.0006675106341103021,0.5689813621351623,0.0012800507359276682,1.0873607388964055,1.0747059182402776,0.5901306268812001,0.5845213580942779,0.5842928542309243,0.5862502649460193,0.5862502649460191,800.0000000000005,800.0000000000005,0.00125,2.39321895634248e-11,9.373442784192017,8,-2.0551382861125345e-12,-8.825405684032006e-17,-1.4166445794216997e-13,-0.009671862159960742,0.9752694030587861,1.0507841399577118,0.21195075170365013,4.561928612645261e-11,0.0012197920586913824,not_checked,0.001,not_checked,not_checked,,-0.0018413427066919191,0.0031763639749125233,-0.0004779442370317355,True
local_b3_n800,405,2035212006,local,3,0.10606601717798213,800,0.0011454548711420376,True,ok,0.0021975734137347214,0.6429883416524236,0.0024023511999353635,3.4842084553929165,3.3618826144784464,0.16256421945937938,0.16526014980652737,0.18619862340985885,0.17237917357349394,0.17237917357349375,800.0000000000005,800.0000000000005,0.00125,6.661338147750939e-16,15.642689207245631,10,-1.1275702593849246e-16,-1.457167719820518e-16,-2.291500322826323e-13,0.015954503291319977,0.89804413760844,1.0378743802073265,0.1596733163420289,1.3322676295501878e-15,0.001449208939447999,not_checked,0.001,not_checked,not_checked,,-0.0025109484163551733,0.006906095243824616,0.0010521185425926838,True
local_b3_n800,406,2035212007,local,3,0.10606601717798213,800,0.0011454548711420376,True,ok,0.0027235558459046683,0.6143344316995158,0.0027381076428753368,4.492431076079437,3.780294670428786,0.13235702924160642,0.12437945195766742,0.15104955227865483,0.11317220562337305,0.11317220562337288,800.0000000000005,800.0000000000005,0.00125,1.3554590783115827e-10,10.48343647559082,9,-2.0296264668928643e-16,-6.852157730108388e-17,-1.1102230246251565e-13,-0.06737086131598247,0.9636240014003228,1.1910773594792676,0.19387229224895092,2.8924107553507383e-10,0.0013325409963726997,not_checked,0.001,not_checked,not_checked,,-0.002643036519924852,0.008090148211734188,0.0015781009747626307,True
local_b3_n800,407,2035212008,local,3,0.10606601717798213,800,0.0011454548711420376,True,ok,0.003137667795354071,0.6214876498471871,0.0028719329913210923,5.141849877962649,4.633172001177419,0.09842686001360723,0.0930977684701855,0.09860966492863987,0.08125733082667806,0.08125733082667792,800.0000000000005,800.0000000000005,0.00125,1.860797071984166e-10,11.382390011511381,9,3.8163916471489756e-17,1.6219664500383146e-16,2.575717417130363e-13,-0.0607907026980663,0.9506848143753603,1.2120886082874522,0.19256794895708132,4.012499221772714e-10,0.001330540981143713,not_checked,0.001,not_checked,not_checked,,-0.002491217433647654,0.008766553024355795,0.0019922129242120334,True
local_b3_n800,408,2035212009,local,3,0.10606601717798213,800,0.0011454548711420376,True,ok,0.0017578447638209038,0.617967443674007,0.0020847993667804056,2.910074653517203,2.7992364735935835,0.26901805072875495,0.2571511693120848,0.2466911235606576,0.24505421405567718,0.24505421405567687,800.0000000000005,800.0000000000005,0.00125,1.5920598173124745e-10,10.340961283103958,9,7.502679033599691e-17,9.324138683375338e-18,1.4210854715202004e-14,-0.04876151570187748,0.9011947949412397,1.2506234132948602,0.17910395552188413,3.4176550478548506e-10,0.0013296250253915787,not_checked,0.001,not_checked,not_checked,,-0.0023282869100606013,0.005843976437702409,0.0006123898926788662,True
local_b3_n800,409,2035212010,local,3,0.10606601717798213,800,0.0011454548711420376,True,ok,0.0006123688405206273,0.6092871430614468,0.0011923820052594666,0.9982038583086743,1.0393063786396939,0.6179744592604899,0.6124121860369254,0.5947267698037011,0.6126906789641093,0.6126906789641091,800.0000000000005,800.0000000000005,0.00125,1.0811374018260267e-10,11.067548787424013,8,-2.318608196064109e-12,-8.131516293641283e-18,-1.354472090042691e-14,-0.009206856737835,0.9587414868766431,1.0796658057101087,0.18640662302269848,2.2890800366326403e-10,0.0012263748794794083,not_checked,0.001,not_checked,not_checked,,-0.0017246569456015764,0.002949394626642831,-0.0005330860306214102,True
local_b3_n800,410,2035212011,local,3,0.10606601717798213,800,0.0011454548711420376,True,ok,0.00034311446527612866,0.6805507508321342,0.0009596743989391642,0.5520825258821285,0.5087884959067459,0.7602870459742195,0.7591125546909359,0.7753860474165999,0.7599584089835278,0.7599584089835276,800.0000000000005,800.0000000000005,0.00125,1.2947420913178576e-12,16.499620883891954,9,-4.908541021558799e-14,-1.6024508109335756e-16,-2.573496971081113e-13,-0.0015496907201611454,0.8978863913717834,1.115440803212039,0.14864671102944788,3.021138894609976e-12,0.0013255421072244644,not_checked,0.001,not_checked,not_checked,,-0.001537812793529757,0.0022240417240820144,-0.0008023404058659089,True
local_b3_n800,411,2035212012,local,3,0.10606601717798213,800,0.0011454548711420376,True,ok,0.0006260662999435507,0.5752611142394584,0.0013150867832750761,1.0157950148056005,0.893859997891588,0.6160551237739078,0.611880369630825,0.6395886785895575,0.606013485442582,0.606013485442582,800.0000000000005,800.0000000000005,0.00125,2.19779749954796e-11,9.907370671631522,8,-8.903512692740034e-13,2.377655364260711e-16,3.7925218521195347e-13,-0.0070444674479593905,0.9081281659632561,1.1724951565855233,0.20304645509597363,4.420508403768508e-11,0.001219040947034955,not_checked,0.001,not_checked,not_checked,,-0.00195145643182023,0.0032035890317073314,-0.0005193885711984869,True
local_b3_n800,412,2035212013,local,3,0.10606601717798213,800,0.0011454548711420376,True,ok,0.00439845062836719,0.6088692117118453,0.003327447401414871,7.372666561438527,6.631281925736936,0.03896923560791009,0.03339635694827799,0.036310767263366746,0.029636146335045365,0.02963614633504529,800.0000000000005,800.0000000000005,0.00125,1.060596055424412e-10,9.124302566591087,9,-6.876443858772063e-15,-5.811323644522304e-17,-9.681144774731365e-14,-0.16757277802550963,1.040541168700668,1.1271204961927224,0.21800971623730883,2.244902042036756e-10,0.0013366660568863153,not_checked,0.001,not_checked,not_checked,,-0.0021232264388573495,0.010920127695591728,0.0032529957572251522,True
local_b3_n800,413,2035212014,local,3,0.10606601717798213,800,0.0011454548711420376,True,ok,0.004046726794407762,0.6302653473850228,0.0032846200377868767,6.824893677498744,5.67276442731101,0.05615925094891959,0.04811186292105332,0.05863742035109927,0.039266582671687054,0.039266582671687,800.0000000000005,800.0000000000005,0.00125,5.0737192225369654e-14,9.644293485017766,10,-1.165387231161219e-14,-1.0581813203458523e-16,-1.687538997430238e-13,-0.17506540322316022,1.0156394838952203,1.2284103211533284,0.2027146249485151,9.9253938401489e-14,0.0014437909703701735,not_checked,0.001,not_checked,not_checked,,-0.002391010182553108,0.010484463771368632,0.0029012719232657247,True
local_b3_n800,414,2035212015,local,3,0.10606601717798213,800,0.0011454548711420376,True,ok,0.0006386972214611486,0.619980629817384,0.0013178460662209334,1.0224512162294723,0.9403621221694063,0.5925494287634796,0.5923872260868581,0.6248891149382063,0.599920713197369,0.5999207131973685,800.0000000000005,800.0000000000005,0.00125,1.741263799814874e-10,13.156841187963277,8,-2.8152827291627602e-14,-2.0708261494473135e-17,-3.219646771412954e-14,-0.0002678309458169492,0.8623191966003813,1.1011935644140345,0.16351619768801637,3.7466585389722695e-10,0.001218667021021247,not_checked,0.001,not_checked,not_checked,,-0.0019442336054996678,0.003221628048421965,-0.000506757649680889,True
local_b3_n800,415,2035212016,local,3,0.10606601717798213,800,0.0011454548711420376,True,ok,0.008221891517228519,0.6191578584631516,0.004473746577814174,14.090426663724639,12.263424212097812,0.0032308660373061735,0.0021494373966918657,0.0021728576115801635,0.0013913048741966147,0.0013913048741966089,800.0000000000005,800.0000000000005,0.00125,1.6794365897965235e-10,8.15824734042045,9,-2.325088038768186e-12,-6.938893903907228e-18,-7.105427357601002e-15,-0.4677001180795006,1.1236055238801193,1.1693549157828547,0.21587890955823466,3.608751075745431e-10,0.0013280417770147324,not_checked,0.001,not_checked,not_checked,,-0.0005464906512465811,0.01699027368570362,0.007076436646086481,True
local_b3_n800,416,2035212017,local,3,0.10606601717798213,800,0.0011454548711420376,True,ok,0.0023316711510024124,0.5898685403419754,0.0025252165335833817,3.8330790275377455,3.293179380507066,0.17610527395580527,0.1679640562673459,0.19270597635717904,0.1548440309202396,0.15484403092023946,800.0000000000005,800.0000000000005,0.00125,4.4185766157056605e-11,9.6181418575826,9,-1.205632815803881e-16,3.0357660829594124e-17,4.884981308350689e-14,-0.05120259296694174,0.9396217067018439,1.2107515883563205,0.2043960014243618,9.087708363608726e-11,0.0013346238993108273,not_checked,0.001,not_checked,not_checked,,-0.0026176623079860956,0.00728100460999092,0.0011862162798603748,True
local_b3_n800,417,2035212018,local,3,0.10606601717798213,800,0.0011454548711420376,True,ok,0.0009744402098634808,0.5913593467967186,0.0015143055404429518,1.5654110171086415,1.6459375972849732,0.4594280662108886,0.4579859044842606,0.4391260406193086,0.4586113462104936,0.4586113462104935,800.0000000000005,800.0000000000005,0.00125,4.739431069822331e-11,11.420984108116423,8,-7.501130792897381e-13,-1.7997756063259374e-17,-2.864375403532904e-14,-0.0031533406635356753,0.9438073333459216,1.062929778315317,0.20605146083649836,9.768852393676752e-11,0.0012165831867605448,not_checked,0.001,not_checked,not_checked,,-0.001993544110994167,0.003942424530721128,-0.0001710146612785568,True
local_b3_n800,418,2035212019,local,3,0.10606601717798213,800,0.0011454548711420376,True,ok,1.203490426693321e-05,0.6183511735671303,0.00017321873060415874,0.01930694905595482,0.0192705367916019,0.9903266362819971,0.9903010895009199,0.9904110020740158,0.9904182766519664,0.9904182766519664,800.0000000000005,800.0000000000005,0.00125,1.6206469499735476e-10,12.82822181515216,8,-7.283466906850278e-17,-8.42628375928578e-17,-1.34781075189494e-13,-2.5551114430836727e-05,0.9698279759322861,1.0115711942488128,0.1855126072328627,3.4781599822508724e-10,0.0012192078866064548,not_checked,0.001,not_checked,not_checked,,-0.0003274675691649639,0.00035153737769883035,-0.0011334199668751044,False
local_b3_n800,419,2035212020,local,3,0.10606601717798213,800,0.0011454548711420376,True,ok,0.0004239241728394294,0.5755520728128574,0.0009970645252745155,0.6868279789042785,0.717919227420903,0.714306090507768,0.7112847974383476,0.6984025566698908,0.7123831799323875,0.7123831799323874,800.0000000000005,800.0000000000005,0.00125,2.2290724821516505e-11,10.022554698809312,8,-1.9153396316889948e-13,1.0814916670542907e-16,1.7363888105137448e-13,-0.004274651180595557,0.9350498460373035,1.0856483458198303,0.19667535088767585,4.485323223946125e-11,0.0012178760953247547,not_checked,0.001,not_checked,not_checked,,-0.0015302863869611472,0.002378134732640006,-0.0007215306983026082,True
local_b3_n800,420,2035212021,local,3,0.10606601717798213,800,0.0011454548711420376,True,ok,0.0016059164217343547,0.6030261880049081,0.0020213248837902677,2.5556660213193565,2.5327900828048007,0.2717436420957844,0.2736476025730993,0.2818458351480212,0.27672442118127794,0.27672442118127777,800.0000000000005,800.0000000000005,0.00125,1.8335044593698058e-10,12.87515072509504,8,7.242615795294283e-12,-2.242130092700023e-16,-3.597122599785507e-13,0.006900126727806155,0.9053377596469927,1.0691470422562805,0.1805315435570041,3.918099178434886e-10,0.001210374990478158,not_checked,0.001,not_checked,not_checked,,-0.00235580755154918,0.0055676403950178895,0.0004604615505923171,True
local_b3_n800,421,2035212022,local,3,0.10606601717798213,800,0.0011454548711420376,True,ok,0.003227609739055115,0.6363394390049315,0.002976920174112272,5.406863209253008,4.393583386739967,0.10078782464676556,0.090539802165083,0.11115921974155789,0.0756159687504504,0.0756159687504503,800.0000000000005,800.0000000000005,0.00125,7.993605777301127e-15,10.411829357960265,10,-1.3964523981613297e-15,3.4954678040932663e-16,5.586642259913788e-13,-0.12134381338241074,1.0149633889001517,1.2338768551609443,0.20060328127725777,1.6209256159527285e-14,0.0014405001420527697,not_checked,0.001,not_checked,not_checked,,-0.0026070465870556454,0.009062266065165876,0.0020821548679130775,True
local_b3_n800,422,2035212023,local,3,0.10606601717798213,800,0.0011454548711420376,True,ok,0.0065434617201383105,0.6675636487222367,0.00426016193925578,11.247935011576986,8.565986377783144,0.011501708927109798,0.008309276304330693,0.013801290331718934,0.005328053118471545,0.005328053118471528,800.0000000000005,800.0000000000005,0.00125,6.369571536879448e-12,10.30976797286235,10,-1.911102352758487e-12,3.3046482217358175e-16,5.311306949806749e-13,-0.3891981296778422,1.0022928037030332,1.3161874390799426,0.18239961530111665,1.2812861882594007e-11,0.0014316670130938292,not_checked,0.001,not_checked,not_checked,,-0.0018063022491113315,0.014893225689387952,0.005398006848996273,True
local_b3_n800,423,2035212024,local,3,0.10606601717798213,800,0.0011454548711420376,True,ok,0.0004152147546658824,0.5828974678033365,0.000986406702881251,0.6548895631873328,0.7186473274165478,0.7105895688866011,0.7140516878098948,0.6981483494955242,0.7173640664424668,0.7173640664424666,800.0000000000005,800.0000000000005,0.00125,3.1754043838816415e-11,12.538903577033151,8,2.513356276573342e-13,-9.73613550891983e-17,-1.5587531265737198e-13,0.004727022139039694,0.9112052191510988,1.0366015826277506,0.18995139244357237,6.461209345332009e-11,0.001218999968841672,not_checked,0.001,not_checked,not_checked,,-0.0015181068570902716,0.0023485363664220364,-0.0007302401164761552,True
local_b3_n800,424,2035212025,local,3,0.10606601717798213,800,0.0011454548711420376,True,ok,0.0030784487783594994,0.6555354041042691,0.0027865670535992307,5.026235927838062,4.772017003353285,0.09191188121324557,0.08753491348955458,0.09199615450396471,0.08519955887467157,0.08519955887467145,800.0000000000005,800.0000000000005,0.00125,1.1102230246251565e-15,13.62117298820997,10,-2.8666305440516737e-16,-2.47198095326695e-16,-3.934630399271555e-13,-0.050358941231430254,1.008008448798111,1.055427254407385,0.17360952130587773,2.4424906541753444e-15,0.0014618330169469118,not_checked,0.001,not_checked,not_checked,,-0.002383122287200887,0.008540019843919885,0.0019329939072174618,True
local_b3_n800,425,2035212026,local,3,0.10606601717798213,800,0.0011454548711420376,True,ok,0.0059991944420816345,0.624963547931956,0.004031173857762986,10.202573696386832,8.106139578398837,0.015554052223274328,0.012004192548312743,0.017368973628855647,0.008235052388660947,0.008235052388660923,800.0000000000005,800.0000000000005,0.00125,8.465450562766819e-13,8.874998179894531,10,-2.2714816139135507e-13,3.0704605524789486e-16,4.920508445138694e-13,-0.30193129452810563,1.0309279733539136,1.2619429064468992,0.20868644315472748,1.6076029396572267e-12,0.0014416668564081192,not_checked,0.001,not_checked,not_checked,,-0.001901761134553209,0.013900150018716478,0.004853739570939597,True
local_b3_n800,426,2035212027,local,3,0.10606601717798213,800,0.0011454548711420376,True,ok,0.004036997104353235,0.5750907534002487,0.0034067276902902607,6.7394005298379716,5.270792061170551,0.05755350376867881,0.05097425262525325,0.07169057212662779,0.039573416625338476,0.039573416625338385,800.0000000000005,800.0000000000005,0.00125,2.1794677174113986e-11,8.001326927937038,9,-1.2281842209915794e-15,8.239936510889834e-17,1.3145040611561853e-13,-0.1401025814363961,0.9385448384332876,1.3103658724572618,0.2105083936230515,4.382760820931253e-11,0.0013282489962875843,not_checked,0.001,not_checked,not_checked,,-0.002640066473751,0.01071406068245747,0.0028915422332111973,True
local_b3_n800,427,2035212028,local,3,0.10606601717798213,800,0.0011454548711420376,True,ok,0.0008546757329346288,0.6167451836569322,0.0015126249633009494,1.3758854967076874,1.2667958639696517,0.5031686265215967,0.5010533464734626,0.5307851614488488,0.5047254876343115,0.5047254876343112,800.0000000000005,800.0000000000005,0.00125,1.508729807753184e-10,12.487891492900888,8,-9.49905518826677e-13,5.594483210025203e-17,8.970602038971265e-14,-0.004202162006140209,0.8926066840005649,1.1058846101708573,0.17317377368797351,3.2315661258053296e-10,0.0012159580364823341,not_checked,0.001,not_checked,not_checked,,-0.002110014717251453,0.0038193661831207107,-0.00029077913820740875,True
local_b3_n800,428,2035212029,local,3,0.10606601717798213,800,0.0011454548711420376,True,ok,0.0017611011777611818,0.6666225455940693,0.0020705295288231374,2.9304910746496273,2.777215688668356,0.26445709796866634,0.2507543393061811,0.24942229770637278,0.24441664652276016,0.2444166465227599,800.0000000000005,800.0000000000005,0.00125,7.008282842946301e-16,12.554458925804147,10,1.474514954580286e-16,1.700029006457271e-16,2.708944180085382e-13,-0.05636459511586733,1.0392848987102783,1.0793384311108372,0.17390951395824503,6.661338147750939e-16,0.0014416251797229052,not_checked,0.001,not_checked,not_checked,,-0.0022970621276588556,0.005819264483181219,0.0006156463066191442,True
local_b3_n800,429,2035212030,local,3,0.10606601717798213,800,0.0011454548711420376,True,ok,0.0006708920576041777,0.6724416339269434,0.0013464023974575571,1.099247529721308,0.9678190019831444,0.5976294257427845,0.5902823244103277,0.6163689801698442,0.5846665197018175,0.5846665197018173,800.0000000000005,800.0000000000005,0.00125,9.54799572738807e-11,14.203111683333377,9,-9.837978088428345e-12,3.0791341698588326e-16,4.929390229335695e-13,-0.012910118777311519,0.9536229008908024,1.137594095972466,0.1668969337151857,2.1284951579048084e-10,0.0013255840167403221,not_checked,0.001,not_checked,not_checked,,-0.0019680081501110176,0.003309792265319373,-0.0004745628135378599,True
local_b3_n800,430,2035212031,local,3,0.10606601717798213,800,0.0011454548711420376,True,ok,0.0012573666450304,0.6253004870812364,0.0017483947012177149,2.0151154798215924,2.070548245754554,0.36473544591766693,0.3641281012410238,0.35512901859255863,0.365717787276931,0.3657177872769307,800.0000000000005,800.0000000000005,0.00125,8.51970716198025e-11,13.400931595937456,9,-1.2985760470402008e-12,1.3444106938820255e-16,2.1804780203638074e-13,-0.0016644238864755856,0.9246883716379091,1.0726972932341299,0.17839063959187332,1.8369350485158975e-10,0.0013413338456302881,not_checked,0.001,not_checked,not_checked,,-0.00216942400011699,0.004684157290177789,0.00011191177388836238,True
local_b3_n800,431,2035212032,local,3,0.10606601717798213,800,0.0011454548711420376,True,ok,0.0013500550651837084,0.6601553548535619,0.0018307948600865404,2.2378204524265937,2.1219184749267423,0.35835050268384605,0.34540444429950995,0.34612363627975345,0.33958056606243747,0.3395805660624372,800.0000000000005,800.0000000000005,0.00125,1.3322676295501878e-15,12.474433025044057,10,-1.734723475976807e-17,-3.903127820947816e-18,-6.217248937900877e-15,-0.03886617406632942,0.9327290711370432,1.1791227266725413,0.1635394849046349,3.1086244689504383e-15,0.0014416261110454798,not_checked,0.001,not_checked,not_checked,,-0.002238236923666958,0.004938347054034375,0.00020460019404167085,True
local_b3_n800,432,2035212033,local,3,0.10606601717798213,800,0.0011454548711420376,True,ok,0.005477905645235204,0.6201502245248702,0.003937723723477953,9.23375497579431,7.146957665300799,0.021647658717897894,0.017702094616240727,0.02805807435478496,0.01249627703560015,0.012496277035600118,800.0000000000005,800.0000000000005,0.00125,1.7516244010806759e-10,9.287715839268703,9,-5.317708079433103e-14,3.642919299551295e-17,5.861977570020827e-14,-0.2345529717089896,0.9734380910802951,1.2925563698431786,0.19617354146584606,3.7757108550806606e-10,0.0013288736809045076,not_checked,0.001,not_checked,not_checked,,-0.002239891033850542,0.013195702324320949,0.004332450774093166,True
local_b3_n800,433,2035212034,local,3,0.10606601717798213,800,0.0011454548711420376,True,ok,0.002788199433603644,0.6138271136195765,0.00259752666739536,4.634709625410184,4.412376032303284,0.1259875643471482,0.1162397698932732,0.11011962367171953,0.1074682797679325,0.10746827976793234,800.0000000000005,800.0000000000005,0.00125,1.325111131933454e-10,9.881242802649261,9,-2.203098814490545e-16,-2.3722343533982837e-16,-3.810285420513537e-13,-0.08679526582217534,1.0302911922677487,1.1231307078519701,0.20390049957614678,2.825524259009171e-10,0.001334541942924261,not_checked,0.001,not_checked,not_checked,,-0.0023028592833736136,0.007879258150580902,0.0016427445624616066,True
local_b3_n800,434,2035212035,local,3,0.10606601717798213,800,0.0011454548711420376,True,ok,0.0007241697074291675,0.6033543899108627,0.0013353958167836766,1.156215174135163,1.197532736279984,0.5609517519322886,0.5616376049352891,0.5494890853890575,0.5602703936716048,0.5602703936716047,800.0000000000005,800.0000000000005,0.00125,8.247236227276744e-11,12.527568260785625,8,1.1451820394747791e-13,1.8030282128433939e-16,2.902122986370159e-13,0.0012281788757528833,0.8647030055803621,1.1543314243617946,0.17638698772082598,1.733171384188381e-10,0.0012175408191978931,not_checked,0.001,not_checked,not_checked,,-0.0018931579985722873,0.0033414974134306223,-0.00042128516371287006,True
local_b3_n800,435,2035212036,local,3,0.10606601717798213,800,0.0011454548711420376,True,ok,0.00020965898900993096,0.6267332672710744,0.0007194769074329492,0.33785916254309023,0.3371754187834262,0.8467922546426655,0.8457834601108565,0.8448571582616892,0.8455844861035953,0.8455844861035953,800.0000000000005,800.0000000000005,0.00125,1.7619239400801234e-13,12.886981296907155,9,-7.198831374760628e-15,1.1351596745923231e-16,1.8096635301390052e-13,-0.0012023900636002616,0.957364122397237,1.06230250002833,0.19332742498335007,3.772537837676282e-13,0.001379749970510602,not_checked,0.001,not_checked,not_checked,,-0.0012004898372669078,0.0016198078152867698,-0.0009357958821321066,True
local_b3_n800,436,2035212037,local,3,0.10606601717798213,800,0.0011454548711420376,True,ok,0.002819969893889551,0.6395760933759538,0.002796136959031167,4.664913194809188,3.9067225896389135,0.12573252713936595,0.11730653750863498,0.14179664931475622,0.10477124598522297,0.10477124598522286,800.0000000000005,800.0000000000005,0.00125,6.093216209368535e-16,11.538638902911522,10,-2.480654570646834e-16,1.2576745200831851e-16,2.0339285811132868e-13,-0.07648068229295157,0.9161513801582433,1.2585793109388046,0.1786852461965613,1.1102230246251565e-15,0.0014351671561598778,not_checked,0.001,not_checked,not_checked,,-0.002660357841652884,0.008300297629431987,0.0016745150227475136,True
local_b3_n800,437,2035212038,local,3,0.10606601717798213,800,0.0011454548711420376,True,ok,0.0025219221679169124,0.6690271311010663,0.0025448382896621187,4.238489194902518,3.70320124416233,0.15914788424558707,0.14507740523407187,0.15698569034592955,0.13298250053611774,0.13298250053611754,800.0000000000005,800.0000000000005,0.00125,5.773159728050814e-15,11.9285418614906,10,-1.2628786905111156e-15,5.767955557622884e-17,9.237055564881302e-14,-0.10170686311772759,1.0497488774247494,1.1458767387945863,0.18971442598630536,1.2212453270876722e-14,0.001433375058695674,not_checked,0.001,not_checked,not_checked,,-0.00246586922629935,0.0075097135621331745,0.0013764672967748748,True
local_b3_n800,438,2035212039,local,3,0.10606601717798213,800,0.0011454548711420376,True,ok,0.002297027244112515,0.6476792560542477,0.0023482739958319487,3.8383072059160455,3.6702029687273736,0.18207909539107436,0.16887781698000587,0.15959730431536326,0.15919557593834133,0.1591955759383411,800.0000000000005,800.0000000000005,0.00125,1.4432899320127035e-15,11.159413925995693,10,-2.5977484052752686e-16,6.028164079019405e-17,9.769962616701378e-14,-0.0815318076680096,0.9764485848818134,1.1826988464060972,0.17484865302192074,3.1086244689504383e-15,0.001440875232219696,not_checked,0.001,not_checked,not_checked,,-0.002305505213550065,0.006899559701775095,0.0011515723729704774,True
local_b3_n800,439,2035212040,local,3,0.10606601717798213,800,0.0011454548711420376,True,ok,0.0003943525641545431,0.6155831670987268,0.0009421080052184422,0.641622742915959,0.6978955749805262,0.7310353339876612,0.7271822040078777,0.705429961577156,0.7294371633544083,0.7294371633544082,800.0000000000005,800.0000000000005,0.00125,1.4325629571487752e-10,11.523921770083422,8,-4.666519991605722e-13,3.529078071440317e-17,5.706546346573305e-14,-0.005329320134344839,0.8790819035409857,1.150231936249742,0.1701002487170268,3.063613807086085e-10,0.0012107917573302984,not_checked,0.001,not_checked,not_checked,,-0.0014521451956204768,0.002240850323929563,-0.0007511023069874945,True
local_b3_n800,440,2035212041,local,3,0.10606601717798213,800,0.0011454548711420376,True,ok,0.005076702608946881,0.6313565756959316,0.003619250427129811,8.585232764038226,7.273715775427201,0.02701002999795632,0.022005420625775762,0.02633496150703254,0.01722554044155968,0.017225540441559634,800.0000000000005,800.0000000000005,0.00125,2.349231920106831e-13,9.553638926964977,10,-5.774374034483998e-14,1.682681771697503e-16,2.646771690706373e-13,-0.2312542948616052,1.0545064763165783,1.1912325886399615,0.20273345502819465,4.560796185160143e-13,0.0014397921040654182,not_checked,0.001,not_checked,not_checked,,-0.002016897879258756,0.012170303097152519,0.003931247737804844,True
local_b3_n800,441,2035212042,local,3,0.10606601717798213,800,0.0011454548711420376,True,ok,0.0006354555018985852,0.6377143773043381,0.0012157551908795264,1.0205143936955934,1.0908658091854557,0.6074828481998082,0.6063582864776356,0.5795908214939702,0.60147855212459,0.6014785521245899,800.0000000000005,800.0000000000005,0.00125,7.203571072977866e-12,13.866675488551829,9,-2.0615052633704556e-13,-9.194034422677078e-17,-1.474376176702208e-13,-0.0018927953289281652,0.9104278702585362,1.139026861044833,0.17988936583377121,1.5661694163782158e-11,0.0013147499412298203,not_checked,0.001,not_checked,not_checked,,-0.0017473808862429052,0.0030182918900400757,-0.0005099993692434523,True
local_b3_n800,442,2035212043,local,3,0.10606601717798213,800,0.0011454548711420376,True,ok,0.0015660190586450629,0.6180437780718091,0.001954429080801714,2.580153746966474,2.4754650275614662,0.3084716607707967,0.29787317534620705,0.2900411371614806,0.2856993494130888,0.28569934941308855,800.0000000000005,800.0000000000005,0.00125,1.5976753253710285e-10,10.694198707729244,9,-1.1492543028346347e-16,-1.1535911115245767e-16,-1.8562928971732617e-13,-0.037261626567186124,1.0210460935053924,1.1101320343636265,0.2007056883395132,3.4296121498300636e-10,0.0013217502273619175,not_checked,0.001,not_checked,not_checked,,-0.0022645915500640198,0.005396629667354146,0.00042056418750302527,True
local_b3_n800,443,2035212044,local,3,0.10606601717798213,800,0.0011454548711420376,True,ok,0.00029010777700633206,0.5436695037678243,0.0008793195286812945,0.4668369312014551,0.4327980534795796,0.7943401785118787,0.793291389032432,0.8054138560798382,0.7928777571665632,0.7928777571665631,800.0000000000005,800.0000000000005,0.00125,4.479638882060044e-12,9.28327903291854,8,-7.03452053552045e-15,2.0800418679134403e-16,3.33510996597397e-13,-0.0013322439956617582,0.9320340859335097,1.0894011495297944,0.21608302251904682,8.584022381796785e-12,0.0012150832917541265,not_checked,0.001,not_checked,not_checked,,-0.0014333268301117404,0.0020135423841244043,-0.0008553470941357055,True
local_b3_n800,444,2035212045,local,3,0.10606601717798213,800,0.0011454548711420376,True,ok,2.1149719555912938e-05,0.6458112541628598,0.00023665926888743991,0.03382422003394455,0.0319818476492754,0.9828060311605407,0.9828137534494124,0.9841362522079556,0.9832225598669619,0.9832225598669619,800.0000000000005,800.0000000000005,0.00125,5.551115123125783e-16,14.713264550105388,9,8.351744859927401e-17,7.611099250848241e-17,1.2145839889399213e-13,7.665627758085547e-06,0.8966612305512125,1.06135445913023,0.15877844346181508,1.1102230246251565e-15,0.0013182079419493675,not_checked,0.001,not_checked,not_checked,,-0.00044269392407104985,0.0004849933631828757,-0.0011243051515861247,False
local_b3_n800,445,2035212046,local,3,0.10606601717798213,800,0.0011454548711420376,True,ok,0.0011047780924455797,0.6385902204331837,0.001564633939442862,1.741461804518208,2.018891196871442,0.40371077025686863,0.409153752985972,0.3644209591272552,0.41320044120701005,0.41320044120700994,800.0000000000005,800.0000000000005,0.00125,1.1931167165357692e-10,15.833347162696084,9,1.0770280717622982e-11,-7.45931094670027e-17,-1.199040866595169e-13,0.013091571697360305,0.861075685061749,1.0953727001942841,0.16742321492424583,2.741065152633837e-10,0.00131995789706707,not_checked,0.001,not_checked,not_checked,,-0.0019618480778514536,0.0041714042627426125,-4.0676778696457916e-05,True
local_b3_n800,446,2035212047,local,3,0.10606601717798213,800,0.0011454548711420376,True,ok,0.003189955594224081,0.6181628975438442,0.0028650860163825496,5.244805638731011,4.7857209012552095,0.0921155257625711,0.08629544755360244,0.09136795619876019,0.0779284270570695,0.07792842705706939,800.0000000000005,800.0000000000005,0.00125,1.6072065900374355e-10,10.95184360603265,9,-1.209969624493823e-16,-1.1232334506949826e-16,-1.8207657603852567e-13,-0.07043834398623927,0.9429526156817172,1.1944041527407514,0.19353009311519093,3.448359375823884e-10,0.0013580420054495335,not_checked,0.001,not_checked,not_checked,,-0.0024255098104950515,0.008805420998943214,0.0020445007230820433,True
local_b3_n800,447,2035212048,local,3,0.10606601717798213,800,0.0011454548711420376,True,ok,0.0005292753367343028,0.5790439143463597,0.0011462500382980621,0.8455294018700349,0.8492163420055142,0.6508677633082325,0.6513005897105355,0.6540260012823633,0.6548033814599148,0.6548033814599147,800.0000000000005,800.0000000000005,0.00125,2.6369573191686868e-11,11.301922314565871,8,1.8384924659053947e-14,-1.22514845490862e-16,-1.9539925233402755e-13,0.0006555684524250371,0.9454689672513219,1.0278048676130644,0.1997049088604077,5.3392179566458253e-11,0.0014245409984141588,not_checked,0.001,not_checked,not_checked,,-0.0017173334556075566,0.0027758841290761622,-0.0006161795344077348,True
local_b3_n800,448,2035212049,local,3,0.10606601717798213,800,0.0011454548711420376,True,ok,0.004759576185695558,0.6141279656117262,0.0033729705236840756,7.7529682118805106,7.793983362950465,0.02490574784218394,0.023303441444674722,0.020302897249351432,0.02220004532239981,0.022200045322399758,800.0000000000005,800.0000000000005,0.00125,1.343445354962114e-10,11.630797760114804,9,-6.973588373426765e-16,-1.93421667571414e-16,-3.1530333899354446e-13,-0.06882315738380695,0.9645908573802435,1.0942370709857747,0.18826518167938203,2.8650215533332357e-10,0.0013902499340474606,not_checked,0.001,not_checked,not_checked,,-0.001851324561640436,0.011370476933031552,0.00361412131455352,True
local_b3_n800,449,2035212050,local,3,0.10606601717798213,800,0.0011454548711420376,True,ok,0.0012772434600889504,0.6411796444389599,0.0018756274943546518,2.110500863612957,1.7810240973951914,0.38690531295262276,0.3750895212056265,0.41044553083551116,0.3599483363133844,0.3599483363133841,800.0000000000005,800.0000000000005,0.00125,2.8210940528072825e-16,11.649028899593993,10,5.876375774871434e-17,1.6501557065229377e-16,2.637889906509372e-13,-0.03345566373531761,0.9715918959258186,1.1861232233743733,0.19043363199918717,4.440892098500626e-16,0.001451666932553053,not_checked,0.001,not_checked,not_checked,,-0.0023989188772592708,0.004953405797437171,0.0001317885889469128,True
local_b3_n800,450,2035212051,local,3,0.10606601717798213,800,0.0011454548711420376,True,ok,0.0002662050828694529,0.5905677356152668,0.0008318012768230352,0.43054510536097834,0.40567948721209607,0.8097866917869798,0.8079371661585499,0.8164090657154768,0.808185177782027,0.808185177782027,800.0000000000005,800.0000000000005,0.00125,4.5646264545951e-11,10.798621060615554,8,-3.288499030376646e-14,-1.3677210405904638e-16,-2.1938006966593093e-13,-0.0023084863849267556,0.9498004939504656,1.072286793960469,0.19776865874795857,9.40123534576287e-11,0.0012220009230077267,not_checked,0.001,not_checked,not_checked,,-0.0013640954619981275,0.0018965056277370333,-0.0008792497882725847,True
local_b3_n800,451,2035212052,local,3,0.10606601717798213,800,0.0011454548711420376,True,ok,0.0037880291873022554,0.6421007809064372,0.0032043190964600207,6.374287137464318,5.258198717454241,0.06655498656202782,0.057939694920423654,0.07214340831891404,0.04829518803738678,0.04829518803738668,800.0000000000005,800.0000000000005,0.00125,3.519406988061746e-14,10.394297213624617,10,-7.691763892481163e-15,2.2985086056692694e-16,3.7125857943465235e-13,-0.15672021889035292,0.9773545106934689,1.2531931504878155,0.18315612602406217,7.061018436615996e-14,0.0014384998939931393,not_checked,0.001,not_checked,not_checked,,-0.002492320836733313,0.010068379211337825,0.0026425743161602178,True
local_b3_n800,452,2035212053,local,3,0.10606601717798213,800,0.0011454548711420376,True,ok,0.0032228757185486234,0.6017286436156875,0.0027341462018982987,5.37079501098766,5.328196840023155,0.09090453745860211,0.08231714216754649,0.0696621312129192,0.07590288575324901,0.07590288575324891,800.0000000000005,800.0000000000005,0.00125,7.666811630002712e-11,9.175689215811557,9,-4.722784663346857e-16,-7.589415207398531e-17,-1.2256862191861728e-13,-0.10709693065492987,0.9910364647073098,1.1580833092234637,0.19965451786287228,1.604945065736274e-10,0.0013383328914642334,not_checked,0.001,not_checked,not_checked,,-0.002135952365639021,0.008581703802736268,0.002077420847406586,True
local_b3_n800,453,2035212054,local,3,0.10606601717798213,800,0.0011454548711420376,True,ok,0.003982271659710435,0.618525482767075,0.003267228828279704,6.679961758522952,5.53227610504055,0.05862540489751815,0.05113834074852329,0.06290447000614248,0.041344440028751844,0.04134444002875177,800.0000000000005,800.0000000000005,0.00125,1.6331724861373687e-10,9.486155562305132,9,-4.827735433643454e-15,-1.48318857196017e-16,-2.362554596402333e-13,-0.15416355149312633,1.0332473972307799,1.2100536291892778,0.2084255964307625,3.505984391694028e-10,0.001345291966572404,not_checked,0.001,not_checked,not_checked,,-0.0024213791729687864,0.010385922492389656,0.002836816788568397,True
local_b3_n800,454,2035212055,local,3,0.10606601717798213,800,0.0011454548711420376,True,ok,0.0018002121766831358,0.6082042344961913,0.002300018157592563,2.9773020135474657,2.3540765892660502,0.26607403608807045,0.2545991338824253,0.30819015670011746,0.23688754565834078,0.23688754565834047,800.0000000000005,800.0000000000005,0.00125,1.0295153618500308e-10,9.960478139151729,9,8.738669510233166e-17,-2.0816681711721685e-17,-3.2862601528904634e-14,-0.04848126542722331,0.8996069180233868,1.287461736749263,0.1898618720027465,2.1762858182228229e-10,0.0013727510813623667,not_checked,0.001,not_checked,not_checked,,-0.0027077405759864583,0.00630816492935273,0.0006547573055410982,True
local_b3_n800,455,2035212056,local,3,0.10606601717798213,800,0.0011454548711420376,True,ok,0.004141537257729366,0.6142601384873845,0.003383118472751147,6.878533558228757,5.75223442194559,0.04603569135052356,0.04103534364543171,0.05635314596876744,0.03639842384700195,0.03639842384700189,800.0000000000005,800.0000000000005,0.00125,1.3507739371476646e-10,10.040158080992603,9,-1.871766630578975e-15,-3.729655473350135e-17,-5.950795411990839e-14,-0.12603697293088345,0.906375396492785,1.232589822835362,0.1774438146484224,2.882545313553919e-10,0.0013357922434806824,not_checked,0.001,not_checked,not_checked,,-0.002489253104295034,0.010772327619753767,0.0029960823865873287,True
local_b3_n800,456,2035212057,local,3,0.10606601717798213,800,0.0011454548711420376,True,ok,0.0032909811283206025,0.5614868862468847,0.002944274112253353,5.405891091951897,4.839241703902805,0.08153589868040537,0.07629402011822084,0.08895533830931746,0.07187800998735962,0.0718780099873595,800.0000000000005,800.0000000000005,0.00125,1.1133982624755845e-11,8.595592821946463,9,-6.765421556309548e-17,1.4007892068512717e-16,2.2470914018413168e-13,-0.07016064331946525,0.9540333379090111,1.1443432313392257,0.21828869537743115,2.1934898342124143e-11,0.0013292909134179354,not_checked,0.001,not_checked,not_checked,,-0.00247969009230961,0.009061652348950816,0.002145526257178565,True
local_b3_n800,457,2035212058,local,3,0.10606601717798213,800,0.0011454548711420376,True,ok,0.0015913125239064296,0.6244224808729189,0.0020672796728636034,2.6153620046622246,2.29413692711707,0.29961869047250655,0.28997266445386005,0.31756636351099543,0.27997638486847143,0.27997638486847126,800.0000000000005,800.0000000000005,0.00125,4.510281037539698e-16,11.198346459774715,10,-2.7842311789427754e-16,-2.0252896582029223e-16,-3.2240876635114546e-13,-0.03463098320596791,0.9746789838722479,1.1404175161596386,0.1915277220908442,6.661338147750939e-16,0.0014442089013755322,not_checked,0.001,not_checked,not_checked,,-0.002460481180877978,0.005643106228690837,0.00044585765276439204,True
local_b3_n800,458,2035212059,local,3,0.10606601717798213,800,0.0011454548711420376,True,ok,0.00196623833298859,0.5980853853606507,0.0022909066090293162,3.209899382590317,2.8549968004066875,0.22208154764405086,0.2154120171900151,0.23990832681756796,0.20742391808250862,0.20742391808250843,800.0000000000005,800.0000000000005,0.00125,6.483169556759094e-11,10.48581534594807,9,-4.336808689942018e-17,-8.760353553682876e-17,-1.3811174426336947e-13,-0.03195902490428537,0.9601364653349715,1.1323683571319665,0.19877849858454893,1.3497403195117386e-10,0.001461625099182129,not_checked,0.001,not_checked,not_checked,,-0.0025238561126536526,0.006456332778630833,0.0008207834618465526,True
local_b3_n800,459,2035212060,local,3,0.10606601717798213,800,0.0011454548711420376,True,ok,0.0005799047530545831,0.5761558090317267,0.0012379960442888357,0.9437621550273926,0.8810282341529725,0.6378711879820225,0.6329857502900194,0.6437053960612829,0.6288114665388285,0.6288114665388284,800.0000000000005,800.0000000000005,0.00125,2.2944646183020723e-11,9.726004181112444,8,-1.1990804399744648e-12,-7.155734338404329e-17,-1.1501910535116622e-13,-0.007957275070029524,0.8739662021491807,1.2108925164390572,0.19359772605665237,4.6230796968416143e-11,0.0012290829326957464,not_checked,0.001,not_checked,not_checked,,-0.0018465229067545887,0.003006332412863755,-0.0005655501180874545,True
local_b3_n800,460,2035212061,local,3,0.10606601717798213,800,0.0011454548711420376,True,ok,0.003401723460609407,0.619131995381468,0.0031518132909938244,5.698396266149487,4.379382680023392,0.08789779542580924,0.07857986285668422,0.11195129817140631,0.06578399097614732,0.06578399097614725,800.0000000000005,800.0000000000005,0.00125,1.6773316069418343e-10,9.585417845530602,9,-1.788066222863094e-15,-2.8102520310824275e-16,-4.53859172466764e-13,-0.12781936458721654,0.9222855388176672,1.3085149642914604,0.18862029048941384,3.604441189963836e-10,0.0013465830124914646,not_checked,0.001,not_checked,not_checked,,-0.0027757170757331494,0.009579163996951964,0.0022562685894673695,True
local_b3_n800,461,2035212062,local,3,0.10606601717798213,800,0.0011454548711420376,True,ok,0.0018570552825378783,0.662408299515173,0.0023194145965777114,3.098631810394957,2.417695166381834,0.26598401221755996,0.2514134266792507,0.29854112507582214,0.22635646896490244,0.22635646896490216,800.0000000000005,800.0000000000005,0.00125,1.2212453270876722e-15,12.089668873245254,10,-1.713039432527097e-16,-2.209604027525458e-16,-3.552713678800501e-13,-0.06367167916717498,0.961686346875013,1.2900022177277952,0.18055960246714953,2.6645352591003757e-15,0.0014487081207334995,not_checked,0.001,not_checked,not_checked,,-0.0026889137919709353,0.006403024357046692,0.0007116004113958407,True
local_b3_n800,462,2035212063,local,3,0.10606601717798213,800,0.0011454548711420376,True,ok,0.0023652688011284173,0.665188557430769,0.0025177015637721676,3.964669001090698,3.322366776937755,0.18116800419291845,0.16704990898693234,0.18991410490858252,0.15073754893689095,0.15073754893689076,800.0000000000005,800.0000000000005,0.00125,2.220446049250313e-15,11.905362083215245,10,-3.7860339863193815e-16,-3.642919299551295e-17,-5.861977570020827e-14,-0.09011945964261403,1.020197559086906,1.1960925764873573,0.18673411513466537,4.884981308350689e-15,0.001576374750584364,not_checked,0.001,not_checked,not_checked,,-0.002569335587685205,0.00729987318994204,0.0012198139299863797,True
local_b3_n800,463,2035212064,local,3,0.10606601717798213,800,0.0011454548711420376,True,ok,0.001557594090463299,0.6331777397624574,0.0020284873362577237,2.555052398544496,2.277317120947727,0.3090462221944875,0.3000296394615223,0.3202483275728573,0.2876314596284084,0.28763145962840825,800.0000000000005,800.0000000000005,0.00125,5.551115123125783e-16,11.80225511672996,10,-8.066464163292153e-17,5.2692225582795515e-17,8.348877145181177e-14,-0.03145092690160811,1.0015330836226977,1.1221895942767734,0.18864174368363504,8.881784197001252e-16,0.0014852923341095448,not_checked,0.001,not_checked,not_checked,,-0.0024181680316974295,0.0055333562126240275,0.0004121392193212614,True
local_b3_n800,464,2035212065,local,3,0.10606601717798213,800,0.0011454548711420376,True,ok,0.002881086922042586,0.6947143637849049,0.0028124928179321805,4.815426888122021,4.097241271938716,0.13823213343725882,0.12686533370855835,0.12891259840804897,0.09977181627178006,0.09977181627177993,800.0000000000005,800.0000000000005,0.00125,1.0769163338864018e-14,14.068867647145199,10,-2.0027382530152238e-15,-1.5092094240998222e-16,-2.4158453015843406e-13,-0.10284390642694019,0.8922416119185604,1.437089186362581,0.1561013532661973,2.398081733190338e-14,0.0014814999885857105,not_checked,0.001,not_checked,not_checked,,-0.0026312977078820554,0.008393471551967228,0.0017356320509005485,True
local_b3_n800,465,2035212066,local,3,0.10606601717798213,800,0.0011454548711420376,True,ok,0.0011261628560812476,0.6536120809502941,0.0018123392829754727,1.8535945490187786,1.4950345211340763,0.43758247693523045,0.4273846894980933,0.47354077284643914,0.4061916100138092,0.406191610013809,800.0000000000005,800.0000000000005,0.00125,9.992007221626409e-16,12.651987479105216,10,6.071532165918825e-18,-6.657001339060997e-17,-1.0791367799356522e-13,-0.025866989644390714,0.9121704896544959,1.2867592207935792,0.17446090776263312,2.220446049250313e-15,0.0014633750542998314,not_checked,0.001,not_checked,not_checked,,-0.0024259568663178247,0.00467828257848032,-1.9292015060790035e-05,True
local_b3_n800,466,2035212067,local,3,0.10606601717798213,800,0.0011454548711420376,True,ok,0.002577050542611037,0.5943450957480967,0.0026762738837922675,4.2655297622587565,3.557252924878938,0.1461917480761643,0.13687268780668327,0.16886993724768715,0.12724506145495987,0.1272450614549597,800.0000000000005,800.0000000000005,0.00125,5.448741458025097e-11,9.321078889864758,9,-1.9125326322644298e-16,-2.5543803183758484e-16,-4.11226608321158e-13,-0.07112444704054743,0.944732689672702,1.2001785093898345,0.20103251380377674,1.1282819123437093e-10,0.0013909582048654556,not_checked,0.001,not_checked,not_checked,,-0.0026683498823869417,0.007822450967609015,0.0014315956714689992,True
local_b3_n800,467,2035212068,local,3,0.10606601717798213,800,0.0011454548711420376,True,ok,0.0025456824219933782,0.5990070633916413,0.002516045271940895,4.227577676481914,3.924534012770526,0.14915957267627772,0.13877704823962356,0.14053945566613898,0.1304786147109375,0.13047861471093733,800.0000000000005,800.0000000000005,0.00125,6.764866444797235e-11,9.280752906048399,9,-8.283304597789254e-17,-1.231653667943533e-16,-1.9451107391432743e-13,-0.07724290064625317,1.0451137436106899,1.095562208177131,0.21441828606287797,1.4103562762102229e-10,0.001349582802504301,not_checked,0.001,not_checked,not_checked,,-0.0023856756944830616,0.007477040538469818,0.0014002275508513407,True
local_b3_n800,468,2035212069,local,3,0.10606601717798213,800,0.0011454548711420376,True,ok,0.0006664321667619877,0.626415398082605,0.0013114197672351043,1.067366972648071,1.042749541157276,0.5798272636633177,0.5795090046604234,0.5937037801752568,0.5867562846198564,0.5867562846198562,800.0000000000005,800.0000000000005,0.00125,6.808553720816235e-12,13.472638951305925,9,-6.195196265712521e-14,1.5493249044817858e-16,2.4913404672588513e-13,-0.0005377529144450222,0.8870987080549576,1.075929280827706,0.166552096783771,1.4736878384269403e-11,0.0013467089738696814,not_checked,0.001,not_checked,not_checked,,-0.0019039033456327175,0.003236767679156693,-0.0004790227043800499,True
local_b3_n800,469,2035212070,local,3,0.10606601717798213,800,0.0011454548711420376,True,ok,0.0002860798490562644,0.6252090117329165,0.0008392660534754309,0.4606200428124904,0.46208383158382976,0.7948070245463557,0.7936544986536689,0.7937061965142138,0.7954368015941384,0.7954368015941383,800.0000000000005,800.0000000000005,0.00125,4.2432724001173483e-13,12.882167721035923,9,-1.7127683819839756e-14,3.2851325826310784e-17,5.262457136723242e-14,-0.0014461421612335656,0.9796426750895971,1.0137174214208764,0.18282569583483538,9.021672298104022e-13,0.0013397079892456532,not_checked,0.001,not_checked,not_checked,,-0.0013588513892026472,0.001931011087315176,-0.0008593750220857732,True
local_b3_n800,470,2035212071,local,3,0.10606601717798213,800,0.0011454548711420376,True,ok,0.001014182697073318,0.6026877215829807,0.0015564333913386944,1.6109576758213204,1.7094050754922836,0.4339705497268034,0.43659542376416505,0.42540971559602214,0.44425962002192176,0.44425962002192165,800.0000000000005,800.0000000000005,0.00125,8.00985944238164e-11,12.9819927457117,8,1.8000171665699671e-12,2.2811613709095013e-16,3.6548541970660153e-13,0.005867319747994704,0.9034178789779704,1.0433746121824448,0.18271828927411327,1.6794388102425728e-10,0.0012392078060656786,not_checked,0.001,not_checked,not_checked,,-0.002036370694286059,0.0040647360884326945,-0.0001312721740687195,True
local_b3_n800,471,2035212072,local,3,0.10606601717798213,800,0.0011454548711420376,True,ok,0.0034072183496398623,0.585312230931498,0.002984801735974023,5.679566277742101,4.950033340621954,0.08208489281056455,0.07395793332397531,0.08416158724578437,0.0654954450675867,0.06549544506758662,800.0000000000005,800.0000000000005,0.00125,3.5612512938598684e-11,8.47977063494215,9,-4.978656376053436e-16,7.632783294297951e-17,1.1901590823981678e-13,-0.11400845915915925,1.0163484426929157,1.1630282117991866,0.22205882143568145,7.275935409722933e-11,0.0013595421332865953,not_checked,0.001,not_checked,not_checked,,-0.0024428855538618545,0.009257322253141579,0.0022617634784978247,True
local_b3_n800,472,2035212073,local,3,0.10606601717798213,800,0.0011454548711420376,True,ok,0.0014586613747253896,0.5826122136584062,0.0019048099740755756,2.38529980998,2.2786447893135886,0.3321931898194741,0.32422370996209837,0.3200358063332242,0.3113215121193561,0.3113215121193559,800.0000000000005,800.0000000000005,0.00125,3.13095105397565e-11,9.662692388732763,9,1.216474837528736e-16,2.203098814490545e-16,3.5349501104064984e-13,-0.02572080520968756,1.0239241556081726,1.0943662261207285,0.22179993504150106,6.370726168825058e-11,0.001371624879539013,not_checked,0.001,not_checked,not_checked,,-0.0022746975718554124,0.005192020321306192,0.000313206503583352,True
local_b3_n800,473,2035212074,local,3,0.10606601717798213,800,0.0011454548711420376,True,ok,0.0024326427611525148,0.6576299954073055,0.002574215171689507,3.9547702931467237,3.520653981941699,0.15507254131168385,0.15056088093412173,0.17198861590278158,0.1428279944217286,0.14282799442172842,800.0000000000005,800.0000000000005,0.00125,1.1102230246251565e-15,14.096199185362158,10,-2.0599841277224584e-16,-1.0104764247564901e-16,-1.616484723854228e-13,-0.03127093765134892,0.864598467987527,1.2255788720083094,0.15642257364036097,2.4424906541753444e-15,0.0014580411370843649,not_checked,0.001,not_checked,not_checked,,-0.002612726263815511,0.007478011786120541,0.0012871878900104772,True
local_b3_n800,474,2035212075,local,3,0.10606601717798213,800,0.0011454548711420376,True,ok,0.007039725126526397,0.5675236304723015,0.004232239574986432,11.829930434525936,10.429708280739868,0.006091434575141571,0.00471891963538929,0.005435226198749071,0.0035821929823051228,0.0035821929823051098,800.0000000000005,800.0000000000005,0.00125,1.504174562683147e-11,7.408797227010551,9,-6.665414747919485e-14,1.5612511283791264e-16,2.4868995751603507e-13,-0.2831851160418468,1.035905137335623,1.1662819646737828,0.2362255731859157,2.989941627618009e-11,0.001341416034847498,not_checked,0.001,not_checked,not_checked,,-0.0012553120143921157,0.01533476226744491,0.0058942702553843596,True
local_b3_n800,475,2035212076,local,3,0.10606601717798213,800,0.0011454548711420376,True,ok,0.0008491278823921089,0.5892815518716117,0.001424995833333729,1.384553452030262,1.3996162130723508,0.5145894697682025,0.5081041901269401,0.4966806044089288,0.5069705793786295,0.5069705793786294,800.0000000000005,800.0000000000005,0.00125,6.133515917383647e-11,10.137753011213086,8,-5.811781177839093e-12,-6.938893903907228e-18,-1.021405182655144e-14,-0.012974420101443562,0.9667827131776692,1.0802204966432438,0.19674671473369043,1.2041256880479523e-10,0.001221250044181943,not_checked,0.001,not_checked,not_checked,,-0.0019438126290616414,0.003642068393845859,-0.0002963269887499287,True
local_b3_n800,476,2035212077,local,3,0.10606601717798213,800,0.0011454548711420376,True,ok,0.0022929462486416252,0.6520723107799344,0.0024648826692206644,3.810948977756124,3.2908791511936757,0.18477098412618015,0.17308783209497702,0.1929277378261332,0.15971616642641306,0.1597161664264129,800.0000000000005,800.0000000000005,0.00125,5.551115123125783e-16,11.818552083221224,10,1.474514954580286e-17,1.8648277366750676e-17,2.842170943040401e-14,-0.07111748996476064,1.0082060441935177,1.1652597919742966,0.1899758652621712,4.440892098500626e-16,0.0014725408982485533,not_checked,0.001,not_checked,not_checked,,-0.002538135009147832,0.007124027506431083,0.0011474913774995876,True
local_b3_n800,477,2035212078,local,3,0.10606601717798213,800,0.0011454548711420376,True,ok,0.004053419124446345,0.5870487028304032,0.003168290489612317,6.766689034486709,6.192525053013244,0.0508115132759871,0.04465477671987762,0.04521788762533327,0.03905691649004022,0.03905691649004015,800.0000000000005,800.0000000000005,0.00125,3.868438902543403e-11,8.475679888369806,9,-1.7277845820728999e-15,-7.719519468096792e-17,-1.2434497875801753e-13,-0.140609217686277,1.0667345659302878,1.1096590082921034,0.22493858522407092,7.921285849477044e-11,0.001357541885226965,not_checked,0.001,not_checked,not_checked,,-0.002156316127754571,0.01026315437664726,0.002907964253304307,True
local_b3_n800,478,2035212079,local,3,0.10606601717798213,800,0.0011454548711420376,True,ok,0.005372629821522867,0.6233595362572364,0.0037688500509858304,9.100813711619733,7.660238615655684,0.023009327825510982,0.018525529086941703,0.02170702565726956,0.013594311344764085,0.013594311344764047,800.0000000000005,800.0000000000005,0.00125,3.241851231905457e-13,9.061147324575234,10,-8.165343401422831e-14,2.0209528495129803e-16,3.2507330161024584e-13,-0.2523029985915697,0.9605577532460678,1.2962030802988278,0.19384621557690268,6.190603585309873e-13,0.0014660409651696682,not_checked,0.001,not_checked,not_checked,,-0.0020141805415413066,0.01275944018458704,0.00422717495038083,True
local_b3_n800,479,2035212080,local,3,0.10606601717798213,800,0.0011454548711420376,True,ok,0.001377420329397916,0.6255119656418089,0.0017897818702203232,2.1920687347100474,2.3717183509214195,0.332694840609976,0.33465639011152026,0.30548360270000413,0.33222718114608957,0.3322271811460894,800.0000000000005,800.0000000000005,0.00125,1.3015510891278836e-10,14.097780712062985,9,5.017106521898462e-12,2.862293735361732e-17,4.707345624410664e-14,0.005901896163309717,0.9046173640310182,1.1023185439158447,0.17930110572871644,2.883386862606585e-10,0.0013458752073347569,not_checked,0.001,not_checked,not_checked,,-0.0021304876764166587,0.004885328335212491,0.00023196545825587833,True
local_b3_n800,480,2035212081,local,3,0.10606601717798213,800,0.0011454548711420376,True,ok,0.00581738119461872,0.5529881029085957,0.0038530214040613476,9.739398844240585,8.641763286192008,0.013807552278341097,0.011324568459957357,0.013288162959385681,0.00952433710473189,0.009524337104731866,800.0000000000005,800.0000000000005,0.00125,7.2453154587037716e-12,7.073481508806574,9,-1.1251416465185571e-14,-5.811323644522304e-17,-9.237055564881302e-14,-0.2157944664253133,1.0436391419611257,1.1279260462032883,0.24339616850273196,1.4085621558024286e-11,0.0013579169753938913,not_checked,0.001,not_checked,not_checked,,-0.001734401989003472,0.013369164378240914,0.004671926323476683,True
local_b3_n800,481,2035212082,local,3,0.10606601717798213,800,0.0011454548711420376,True,ok,0.0010633895026046503,0.5944427558813887,0.0016616045661660321,1.7347439846736403,1.5982986693484347,0.44174357036239886,0.4347357799257001,0.44971135530727,0.42711089078353226,0.4271108907835319,800.0000000000005,800.0000000000005,0.00125,1.29631971823585e-10,10.333062872969005,8,-1.3251452235865657e-11,1.4094628242311558e-16,2.240430063693566e-13,-0.01666039025309951,0.9863110434482907,1.0979168677762179,0.20145848518643744,2.5680479964762526e-10,0.0012304999399930239,not_checked,0.001,not_checked,not_checked,,-0.002193295603628074,0.004320074608837375,-8.206536853738733e-05,True
local_b3_n800,482,2035212083,local,3,0.10606601717798213,800,0.0011454548711420376,True,ok,0.005888310458263657,0.6325434753977912,0.003831488571850537,10.006616325210922,8.630783084994464,0.015843113157648497,0.0122490679379921,0.013361316938411949,0.008998941077615183,0.008998941077615164,800.0000000000005,800.0000000000005,0.00125,8.203437928955282e-13,9.292413515463295,10,-2.179307082017523e-13,2.480654570646834e-16,3.979039320256561e-13,-0.29265979599453296,1.1032929333910364,1.1686189180865518,0.20739592179261693,1.5789591856218976e-12,0.0014544993173331022,not_checked,0.001,not_checked,not_checked,,-0.0016212691497402027,0.013397890066267517,0.004742855587121619,True
local_b3_n800,483,2035212084,local,3,0.10606601717798213,800,0.0011454548711420376,True,ok,0.0026821589237733257,0.6256535154159879,0.0025595544689608397,4.307671027602168,4.330424182605113,0.12454455516064011,0.12357402528628506,0.11472559971488142,0.1169829432478127,0.11698294324781254,800.0000000000005,800.0000000000005,0.00125,4.440892098500626e-16,13.345727856470777,10,-2.498001805406602e-16,-1.5699247457590104e-16,-2.5135449277513544e-13,-0.00810837478242199,0.9179088710890573,1.1416839744897347,0.18118912707306556,6.661338147750939e-16,0.001458875834941864,not_checked,0.001,not_checked,not_checked,,-0.002334475651858464,0.007698793499405115,0.001536704052631288,True
local_b3_n800,484,2035212085,local,3,0.10606601717798213,800,0.0011454548711420376,True,ok,0.005483380871323051,0.6187428910916197,0.0037539980952506595,9.285301515454481,7.9501041514989,0.01954770744911196,0.015547940215880674,0.01877832357394811,0.012441660783831902,0.012441660783831868,800.0000000000005,800.0000000000005,0.00125,1.648202685444744e-10,8.877524694110265,9,-8.207757390410464e-14,2.168404344971009e-17,3.197442310920451e-14,-0.2559460606687969,1.0548555728681643,1.171811829930383,0.21260660999660255,3.540960857861819e-10,0.0013559579383581877,not_checked,0.001,not_checked,not_checked,,-0.0018743201934002043,0.012841081936046307,0.004337926000181014,True
local_b3_n800,485,2035212086,local,3,0.10606601717798213,800,0.0011454548711420376,True,ok,0.00626493772343184,0.5882851401302132,0.004178836477853735,10.582623667816259,8.479927367873929,0.01285879852773279,0.010173836992536711,0.014408115079626811,0.006657906529552262,0.006657906529552245,800.0000000000005,800.0000000000005,0.00125,4.101363693109761e-11,7.7842152843311645,9,-8.15797082664993e-14,-6.245004513516506e-17,-9.947598300641403e-14,-0.27936165516265454,0.9217012357655852,1.3359198257341152,0.20007107996284784,8.413802987661256e-11,0.001342874951660633,not_checked,0.001,not_checked,not_checked,,-0.0019254312704436918,0.014455306717307373,0.005119482852289803,True
local_b3_n800,486,2035212087,local,3,0.10606601717798213,800,0.0011454548711420376,True,ok,0.004522158531668596,0.585599749998742,0.003464018552604859,7.522666649435905,6.4633397399873935,0.03493038947534284,0.030599077826366346,0.03949149802982617,0.026843627444138703,0.026843627444138644,800.0000000000005,800.0000000000005,0.00125,3.611366761191448e-11,8.696033399700108,9,-1.9376861226660935e-15,1.214306433183765e-17,2.042810365310288e-14,-0.14360649938307324,0.9882080004104015,1.1639206636372272,0.2126868891399169,7.37916394655258e-11,0.0013361249584704638,not_checked,0.001,not_checked,not_checked,,-0.0022671930732154942,0.011311510136552686,0.003376703660526559,True
local_b3_n800,487,2035212088,local,3,0.10606601717798213,800,0.0011454548711420376,True,ok,0.0004545169107965652,0.6485741676971091,0.0010791641099342116,0.7374330711439754,0.7018675236215702,0.7001599498391426,0.6966669597857924,0.7040303860091107,0.6951598021911044,0.6951598021911043,800.0000000000005,800.0000000000005,0.00125,7.697065207423748e-12,13.5533498912608,9,-5.512571735893923e-13,1.829049064983046e-16,2.9265478929119126e-13,-0.00510300693473531,0.970981684075639,1.071256411316346,0.1710379801745752,1.6830536964107523e-11,0.0013421671465039253,not_checked,0.001,not_checked,not_checked,,-0.0016606058780827132,0.0025696396996758436,-0.0006909379603454724,True
local_b3_n800,488,2035212089,local,3,0.10606601717798213,800,0.0011454548711420376,True,ok,0.00025610544605014773,0.5530018950489033,0.0008116209360375373,0.4136378237316713,0.3946043293089106,0.8177706243771858,0.8162189375372897,0.820942536013706,0.8147415302487615,0.8147415302487615,800.0000000000005,800.0000000000005,0.00125,7.240430477395421e-12,9.362967125271286,8,-1.5048509313664304e-14,1.5476986012230576e-16,2.4802382370125997e-13,-0.0019345550257173494,0.9674498623583215,1.0718483381551889,0.21719256805096454,1.4094725386826212e-11,0.0012333749327808619,not_checked,0.001,not_checked,not_checked,,-0.0013346423576821123,0.0018468532497824077,-0.0008893494250918899,True
local_b3_n800,489,2035212090,local,3,0.10606601717798213,800,0.0011454548711420376,True,ok,0.001234077387091359,0.588003964032735,0.0017688079780945635,2.0238415511715298,1.8906994036713436,0.39089751676666695,0.38183471363273846,0.38854367270562973,0.37259549571857165,0.3725954957185714,800.0000000000005,800.0000000000005,0.00125,4.046996071593867e-11,9.674469622499105,9,3.2461013044216003e-16,4.479923376710104e-16,7.167599846980011e-13,-0.024658865912677075,1.024783989844704,1.0776693875298489,0.2139958087400982,8.299161358138463e-11,0.0014303340576589108,not_checked,0.001,not_checked,not_checked,,-0.0022327225455410983,0.004700877319723816,8.862251594932147e-05,True
local_b3_n800,490,2035212091,local,3,0.10606601717798213,800,0.0011454548711420376,True,ok,0.0012416389184801702,0.6608813751657172,0.0016454457923137267,2.0543720847065967,2.2163253695253444,0.38148314477713474,0.3691882097178069,0.330165021367384,0.3703483851807492,0.3703483851807489,800.0000000000005,800.0000000000005,0.00125,1.1102230246251565e-15,12.662162100975236,10,1.3964523981613297e-16,1.0278236595162582e-16,1.6275869541004795e-13,-0.03387490756916167,0.9176776102620381,1.1506025934972395,0.1554182527840752,2.4424906541753444e-15,0.0015747090801596642,not_checked,0.001,not_checked,not_checked,,-0.001983375572967708,0.004466653409928048,9.618404733813257e-05,True
local_b3_n800,491,2035212092,local,3,0.10606601717798213,800,0.0011454548711420376,True,ok,0.0036583641402365696,0.6359004144194631,0.0031674299881304835,6.149462412832393,5.02594379952161,0.0700051564713163,0.0612689504775004,0.08102707671305942,0.05357400487682789,0.053574004876827806,800.0000000000005,800.0000000000005,0.00125,2.4980018054066022e-14,10.152694028469512,10,-5.218915577476224e-15,-1.1666015375944028e-16,-1.8562928971732617e-13,-0.14803989422693897,0.9728474259953296,1.2235589751628577,0.19170396723854535,4.973799150320701e-14,0.0015810010954737663,not_checked,0.001,not_checked,not_checked,,-0.002549684560051309,0.009866412840524448,0.002512909269094532,True
local_b3_n800,492,2035212093,local,3,0.10606601717798213,800,0.0011454548711420376,True,ok,0.0032381420888951684,0.6534357865669402,0.0027985146296525404,5.305312100702139,5.221830805474052,0.09187332163437069,0.08682011647499582,0.07346726084061449,0.07498151435322886,0.07498151435322878,800.0000000000005,800.0000000000005,0.00125,1.1102230246251565e-15,13.189101239642062,10,1.6696713456276768e-16,1.8257964584655895e-16,2.9043434324194095e-13,-0.062142379234933376,0.929604786930963,1.2362493399465726,0.17821704232299757,2.6645352591003757e-15,0.001650374848395586,not_checked,0.001,not_checked,not_checked,,-0.002246845795432258,0.008723129973222596,0.002092687217753131,True
local_b3_n800,493,2035212094,local,3,0.10606601717798213,800,0.0011454548711420376,True,ok,0.0010396188632209036,0.5961293093602422,0.001644048826388341,1.702563261707238,1.5550148312943404,0.4525055322545075,0.4441375706090325,0.4595500521731043,0.4353107693886856,0.4353107693886854,800.0000000000005,800.0000000000005,0.00125,1.8715828886683994e-10,10.120971025211432,8,-2.053179024366636e-11,-1.496198998029996e-16,-2.398081733190338e-13,-0.01958654027689566,0.9996582794966935,1.0994846741763773,0.2153545169330891,3.676416948650285e-10,0.0013207921292632818,not_checked,0.001,not_checked,not_checked,,-0.002182657625325589,0.004261895351767396,-0.00010583600792113401,True
local_b3_n800,494,2035212095,local,3,0.10606601717798213,800,0.0011454548711420376,True,ok,0.0007103769694647433,0.5984281473240407,0.0013095175474884511,1.1542209220034125,1.1634590547206605,0.5784267721617723,0.573545177721194,0.5589308439410245,0.5664867570515936,0.5664867570515935,800.0000000000005,800.0000000000005,0.00125,6.585876288767167e-11,10.806683064186293,8,-2.048898160508794e-12,-3.2807957739411364e-16,-5.258016244624741e-13,-0.008808885429911317,0.944240399563607,1.1385571789020537,0.20106643588188053,1.371982527587079e-10,0.0016017500311136246,not_checked,0.001,not_checked,not_checked,,-0.0018562302607358409,0.0032769841996653274,-0.0004350779016772943,True
local_b3_n800,495,2035212096,local,3,0.10606601717798213,800,0.0011454548711420376,True,ok,0.0001993324982418887,0.5762445298692553,0.0007209609704981884,0.3217488382944805,0.30381310184141974,0.8556446118300207,0.8544675290336152,0.8590685561558532,0.8525989564672769,0.8525989564672768,800.0000000000005,800.0000000000005,0.00125,2.3050561459569963e-11,10.328091328255244,8,-6.700504951231978e-15,1.297247899378906e-16,2.0738966099997924e-13,-0.001408420553729195,0.947929762260323,1.1032449366728019,0.2132981041484717,4.643307960350285e-11,0.001376583008095622,not_checked,0.001,not_checked,not_checked,,-0.001213725038193605,0.0016123900346773825,-0.0009461223729001489,True
local_b3_n800,496,2035212097,local,3,0.10606601717798213,800,0.0011454548711420376,True,ok,0.0012414103282463174,0.5828109877757139,0.001733439842024539,2.0375069907137817,1.9976510691482638,0.3854116029859913,0.376046673127851,0.368311756676099,0.3704161177929461,0.3704161177929459,800.0000000000005,800.0000000000005,0.00125,3.161926276362692e-11,9.402969743724325,9,1.3617579286417936e-16,1.2663481374630692e-16,2.036149027162537e-13,-0.025625232759836414,1.0198093732029614,1.0636776080840338,0.21076933539258,6.433609200939827e-11,0.0014527090825140476,not_checked,0.001,not_checked,not_checked,,-0.00215606933148858,0.004638889987981214,9.595545710427977e-05,True
local_b3_n800,497,2035212098,local,3,0.10606601717798213,800,0.0011454548711420376,True,ok,0.0018306596544817033,0.6719841365282222,0.0021012506257226085,3.0235381711318317,2.928461707756931,0.24686015485140975,0.23596881791257474,0.23125579258699858,0.23118714993710082,0.23118714993710057,800.0000000000005,800.0000000000005,0.00125,6.661338147750939e-16,13.51427517515105,10,1.734723475976807e-18,-1.9081958235744878e-17,-3.197442310920451e-14,-0.04724136198055229,1.032373434758587,1.0614651046739987,0.17145441785191898,1.5543122344752192e-15,0.001574251102283597,not_checked,0.001,not_checked,not_checked,,-0.0022877158944268625,0.005949035203390269,0.0006852047833396657,True
local_b3_n800,498,2035212099,local,3,0.10606601717798213,800,0.0011454548711420376,True,ok,0.0013350564014533717,0.5487708261496111,0.0018565432657125939,2.1492449902160096,2.0530640465725005,0.34972768598433124,0.34747759214482665,0.35824720171573843,0.3436797133500331,0.34367971335003294,800.0000000000005,800.0000000000005,0.00125,5.295108795877468e-11,9.492823826412701,8,-2.680057564763416e-12,-3.5063098258181213e-16,-5.60440582830779e-13,-0.006577373945306775,0.922582895731183,1.114937511919183,0.2128615439142853,9.942224821202217e-11,0.001487333094701171,not_checked,0.001,not_checked,not_checked,,-0.002303701535083688,0.004973814337990431,0.0001896015303113341,True
local_b3_n800,499,2035212100,local,3,0.10606601717798213,800,0.0011454548711420376,True,ok,2.7100636069032902e-05,0.6074324163859739,0.0002651461848853724,0.04346157087356049,0.0416796567574836,0.9788567378011215,0.9788082305419543,0.979375820220158,0.9785528240758239,0.9785528240758239,800.0000000000005,800.0000000000005,0.00125,9.940681611197988e-11,12.284145295647324,8,-1.0447981997792344e-16,-9.307875650788056e-17,-1.48991929904696e-13,-5.027658155391107e-05,0.9846930460559864,1.0452630737900304,0.19567287002275843,2.099174167824458e-10,0.001373582985252142,not_checked,0.001,not_checked,not_checked,,-0.0004925763369444954,0.0005467776090825612,-0.0011183542350730047,False
local_b3_n800,500,2035212101,local,3,0.10606601717798213,800,0.0011454548711420376,True,ok,0.0028151064331667364,0.6046660933748913,0.002612628772550331,4.687638768054962,4.431507451835321,0.12474569303133623,0.11461821572484746,0.10907127341318919,0.10517968070424911,0.10517968070424899,800.0000000000005,800.0000000000005,0.00125,8.768374915035793e-11,9.342276997320726,9,-1.5612511283791264e-16,-7.19910242530375e-17,-1.127986593019159e-13,-0.09173423749409038,1.0278907833808493,1.135926302374311,0.20630952432271704,1.8436496773688305e-10,0.0015713749453425407,not_checked,0.001,not_checked,not_checked,,-0.0023055518660050015,0.007935764732338474,0.0016696515620246988,True
local_b3_n800,501,2035212102,local,3,0.10606601717798213,800,0.0011454548711420376,True,ok,0.0009978513895982921,0.682282926130314,0.0015977221683164452,1.63052956811454,1.5303109414813352,0.45942685451288734,0.4518962984226441,0.46526159078694407,0.45010197459510926,0.4501019745951089,800.0000000000005,800.0000000000005,0.00125,5.551115123125783e-16,15.127969317835184,10,-1.7867651802561113e-16,-2.0860049798621105e-16,-3.3373304120232206e-13,-0.01698367237863585,0.9474616268712969,1.1091551540222981,0.15150367418063201,1.3322676295501878e-15,0.0017686670180410147,not_checked,0.001,not_checked,not_checked,,-0.0021336265176031825,0.004129329296799766,-0.00014760348154374547,True
local_b3_n800,502,2035212103,local,3,0.10606601717798213,800,0.0011454548711420376,True,ok,0.00044812206988198433,0.5977360643504348,0.001072367189986704,0.7221162308214951,0.6923758659656181,0.6996210109924388,0.6978385826239579,0.7073795346678906,0.6987252637146616,0.6987252637146615,800.0000000000005,800.0000000000005,0.00125,6.37708774675616e-11,11.424225009472513,8,-8.446368604531074e-14,-4.130810277169772e-17,-6.705747068735946e-14,-0.0025604595051598733,0.9648693392316046,1.0435706465016348,0.19475199583173555,1.327407073148379e-10,0.0014207921922206879,not_checked,0.001,not_checked,not_checked,,-0.0016536790006943772,0.002549923140458346,-0.0006973328012600533,True
local_b3_n800,503,2035212104,local,3,0.10606601717798213,800,0.0011454548711420376,True,ok,0.002314603412531202,0.6705854207156265,0.002388683898814145,3.8822566991482867,3.5724837288549662,0.17982246961154347,0.16551979816831758,0.1675888091361488,0.1569728011028516,0.15697280110285144,800.0000000000005,800.0000000000005,0.00125,3.3306690738754696e-15,12.174112354026617,10,-3.473783760643556e-16,1.942890293094024e-16,3.135269821541442e-13,-0.08944561954918062,1.0716816184107438,1.0867344052614674,0.17909156524927677,7.105427357601002e-15,0.002188999904319644,not_checked,0.001,not_checked,not_checked,,-0.002367130999595241,0.006996337824657645,0.0011691485413891645,True
local_b3_n800,504,2035212105,local,3,0.10606601717798213,800,0.0011454548711420376,True,ok,0.0017375973297579783,0.5535297870184188,0.002158391883554134,2.8548423409653867,2.5010906412782634,0.2729163046065821,0.26357931002733603,0.2863486024731341,0.2490559114353975,0.24905591143539724,800.0000000000005,800.0000000000005,0.00125,7.438383242686086e-12,8.22749426210229,9,2.441623292437356e-16,2.647621705209602e-16,4.2366110619695974e-13,-0.037343306676309806,0.985880871386859,1.1574275473354774,0.23052900807847215,1.4491075006617393e-11,0.0016026250086724758,not_checked,0.001,not_checked,not_checked,,-0.0024927730265316946,0.005967967686047651,0.0005921424586159407,True
local_b3_n800,505,2035212106,local,3,0.10606601717798213,800,0.0011454548711420376,True,ok,0.00039272907771836785,0.6243339356606035,0.0010017281563035878,0.63096514787028,0.6113910254660175,0.728864420566729,0.7279118612459092,0.7366108739448929,0.7303851639201693,0.7303851639201691,800.0000000000005,800.0000000000005,0.00125,9.997558336749535e-13,13.039963465930377,9,-3.0648552272471985e-14,-1.5585406229479126e-16,-2.489120021209601e-13,-0.001299311760445565,0.9541469683852685,1.0340238815846141,0.1794340833952594,2.128741627416275e-12,0.0014279168099164963,not_checked,0.001,not_checked,not_checked,,-0.0015706220309363744,0.00235608018637311,-0.0007527257934236697,True
local_b3_n800,506,2035212107,local,3,0.10606601717798213,800,0.0011454548711420376,True,ok,0.0015629390455018655,0.6079919161605567,0.0020046844868641398,2.5799867948322674,2.3430278757043617,0.311934615201106,0.30063734390869723,0.3098974205073404,0.28640418361688175,0.2864041836168815,800.0000000000005,800.0000000000005,0.00125,1.0196854471899996e-10,10.083675791607284,9,1.5308934675495323e-16,2.0426368929626904e-16,3.277378368693462e-13,-0.03964216101464069,1.005132933746271,1.1433185432055595,0.20611399828884466,2.1548429707252126e-10,0.0014483749400824308,not_checked,0.001,not_checked,not_checked,,-0.002366170349118008,0.005492048440121739,0.0004174841743598279,True
local_b3_n800,507,2035212108,local,3,0.10606601717798213,800,0.0011454548711420376,True,ok,0.00024215495717139213,0.6503228443095181,0.0007175090777390833,0.3933560001070138,0.4494493643868764,0.8239738711713064,0.8215468973925866,0.7987360947597301,0.8238852934532113,0.8238852934532112,800.0000000000005,800.0000000000005,0.00125,1.6046053374907387e-12,13.570540863043528,9,-1.0131706671551166e-13,-2.4839071771642907e-16,-3.9768188742073107e-13,-0.0029540343163931004,0.8745421488585551,1.1427414018468753,0.15254987623135888,3.51163542688937e-12,0.001848416868597269,not_checked,0.001,not_checked,not_checked,,-0.001164136993777761,0.0016484469081205452,-0.0009032999139706455,True
local_b3_n800,508,2035212109,local,3,0.10606601717798213,800,0.0011454548711420376,True,ok,0.003458903590679574,0.620228766166707,0.0030260863324958376,5.658495623813959,5.050802501755764,0.07185160796988255,0.06776599717920351,0.08002619576235613,0.06284255091910289,0.06284255091910279,800.0000000000005,800.0000000000005,0.00125,1.7606238689182874e-10,11.484900373567125,9,1.2750217548429532e-16,1.3444106938820255e-16,2.1671553440683056e-13,-0.06212493936331853,0.9218574206895954,1.1749792244844008,0.183468538420781,3.789224489736398e-10,0.0019636249635368586,not_checked,0.001,not_checked,not_checked,,-0.0024721166351211665,0.009389923816480315,0.0023134487195375364,True
local_b3_n800,509,2035212110,local,3,0.10606601717798213,800,0.0011454548711420376,True,ok,0.001327017635448069,0.5962106716193682,0.0018640813988149252,2.178543239062271,1.9753247231643298,0.3719611940311667,0.36252585530206993,0.37244631901203956,0.3458970441866345,0.3458970441866343,800.0000000000005,800.0000000000005,0.00125,5.941991343405562e-11,9.951983368228603,9,-1.1275702593849246e-17,-2.452465314162211e-16,-3.9168668308775523e-13,-0.027657511172679783,0.9644605144148376,1.1883467386493214,0.20704802971774763,1.2340128918708615e-10,0.0014814997557550669,not_checked,0.001,not_checked,not_checked,,-0.0023265147704802295,0.004980550041376368,0.00018156276430603135,True
local_b3_n800,510,2035212111,local,3,0.10606601717798213,800,0.0011454548711420376,True,ok,0.006535548370619759,0.6484278813305224,0.004160931685075197,11.176439984628667,8.961824278467827,0.01077223692921906,0.007908257817595413,0.011323080217130155,0.005361890308932276,0.00536189030893226,800.0000000000005,800.0000000000005,0.00125,3.1155078517031143e-12,9.663164834217897,10,-8.936167777973125e-13,2.445960101127298e-16,3.907985046680551e-13,-0.35978129581852336,1.050073859109986,1.24718997816165,0.2001758433014032,6.094236226772409e-12,0.0017344160005450249,not_checked,0.001,not_checked,not_checked,,-0.0016197278742591855,0.014690824615498704,0.005390093499477722,True
local_b3_n800,511,2035212112,local,3,0.10606601717798213,800,0.0011454548711420376,True,ok,0.0006876328500438067,0.5950083892978622,0.0013154669536974196,1.1104161725609305,1.0827603199356255,0.5828592243800979,0.5799488151752237,0.5819445213310371,0.5768884953927573,0.5768884953927571,800.0000000000005,800.0000000000005,0.00125,5.615197196107147e-11,11.136849958741994,8,-6.143603421132626e-13,-1.0451708942760263e-16,-1.6764367671839864e-13,-0.00510180624541956,0.9924965102112525,1.0461687323187707,0.19934852831096012,1.1648459974367142e-10,0.0013245840091258287,not_checked,0.001,not_checked,not_checked,,-0.0018906350020557548,0.003265900702143368,-0.0004578220210982309,True
local_b3_n800,512,2035212113,local,3,0.10606601717798213,800,0.0011454548711420376,True,ok,0.0004069997949116555,0.5753729643753842,0.001023635019848167,0.648613608558019,0.6343567993549104,0.7172023063062932,0.7181493482008483,0.7282008327433067,0.7220940857332583,0.7220940857332583,800.0000000000005,800.0000000000005,0.00125,2.2088109119522414e-11,11.334724535018752,8,1.915844869901373e-14,7.670730370334944e-17,1.2390088954816747e-13,0.0012930316503150796,0.919679483438064,1.042635638940155,0.19356032900359052,4.445510626283067e-11,0.0014072512276470661,not_checked,0.001,not_checked,not_checked,,-0.001599287977304695,0.002413287567128006,-0.0007384550762303821,True
local_b3_n800,513,2035212114,local,3,0.10606601717798213,800,0.0011454548711420376,True,ok,0.0015942425354538159,0.598575818769753,0.002063890877231641,2.629133313628152,2.2860810768197553,0.3084307825972018,0.29750410170792874,0.31884807664233156,0.27932088618355966,0.27932088618355944,800.0000000000005,800.0000000000005,0.00125,6.631295512704583e-11,9.734458359897145,9,1.218643241873707e-16,1.2706849461530112e-16,2.0339285811132868e-13,-0.03917262845102254,1.0063599892573953,1.1645760084493348,0.21239496133364857,1.3816658928078596e-10,0.0016846258658915758,not_checked,0.001,not_checked,not_checked,,-0.0024509092519409787,0.0056393943228486105,0.0004487876643117783,True
local_b3_n800,514,2035212115,local,3,0.10606601717798213,800,0.0011454548711420376,True,ok,0.00030154932410808577,0.5733106600133377,0.0008791525035202785,0.4853389059867682,0.46761340220021497,0.7875166518137691,0.7864024053981593,0.7915148000493715,0.7856534718417889,0.7856534718417889,800.0000000000005,800.0000000000005,0.00125,1.9986012844697143e-11,10.426283127237784,8,-1.1571472946503292e-14,-9.936712910829648e-17,-1.5920598173124745e-13,-0.00142999370691535,0.9823910927527746,1.0381181906045835,0.2096846133431443,4.007905118896815e-11,0.0012490409426391125,not_checked,0.001,not_checked,not_checked,,-0.0014215579197098833,0.002024656567926055,-0.0008439055470339518,True
local_b3_n800,515,2035212116,local,3,0.10606601717798213,800,0.0011454548711420376,True,ok,0.00942130016615983,0.6319459608836302,0.005016304036006832,16.262104096225357,12.656284519754692,0.0017427434285964614,0.001064831655102752,0.001785347401715406,0.0005329728181571431,0.0005329728181571404,800.0000000000005,800.0000000000005,0.00125,3.22670778984957e-11,8.302755537952812,10,-1.0709247724727256e-11,-4.510281037539698e-16,-7.194245199571014e-13,-0.5940119151848107,1.0561843730703675,1.2914624251977926,0.21228601236284997,6.00632876768259e-11,0.0014725408982485533,not_checked,0.001,not_checked,not_checked,,-0.00041047507991647664,0.019253075412236136,0.008275845295017792,True
local_b3_n800,516,2035212117,local,3,0.10606601717798213,800,0.0011454548711420376,True,ok,0.0033652795492877807,0.6146121332051608,0.003089734936433662,5.630448565526358,4.480541292713535,0.08745730709920801,0.07835663125497297,0.10642969567155744,0.0677301643351984,0.06773016433519831,800.0000000000005,800.0000000000005,0.00125,1.3696654921346862e-10,9.465284364561128,9,-1.1267028976469362e-15,-2.697495005143935e-16,-4.3165471197426086e-13,-0.12300064333295291,0.9444189159355741,1.2602963394165367,0.19655726973807114,2.9296787218413556e-10,0.0013558343052864075,not_checked,0.001,not_checked,not_checked,,-0.0026904896478973503,0.009421048746472913,0.002219824678145743,True
local_b3_n800,517,2035212118,local,3,0.10606601717798213,800,0.0011454548711420376,True,ok,0.0017354708466430502,0.6094688084350925,0.0020566812043165757,2.8660593848053173,2.7599273607276573,0.26785877257185575,0.2567589649602896,0.2515876904672048,0.2494799625804415,0.2494799625804413,800.0000000000005,800.0000000000005,0.00125,1.0899103841666147e-10,10.122075969201354,9,-1.3444106938820255e-17,-9.80118763926896e-17,-1.5631940186722204e-13,-0.04465301508821762,0.9957471889335644,1.113290320283202,0.20070789662490982,2.3085244826859252e-10,0.0013481250498443842,not_checked,0.001,not_checked,not_checked,,-0.0022955502414979028,0.005766491934784003,0.0005900159755010126,True
local_b3_n800,518,2035212119,local,3,0.10606601717798213,800,0.0011454548711420376,True,ok,0.00496220637501299,0.5847650996283915,0.003487470987509017,8.27932669391796,7.6933460538553735,0.026077188036606018,0.02231395460535693,0.02135065144924766,0.018877867025138776,0.018877867025138738,800.0000000000005,800.0000000000005,0.00125,3.4706459928202094e-11,8.47258340684121,9,-5.2345280887600154e-15,8.847089727481716e-17,1.438849039914203e-13,-0.16989824694858635,1.0457019598440724,1.1301339218256448,0.22481727092000145,7.082778807898649e-11,0.001358291832730174,not_checked,0.001,not_checked,not_checked,,-0.0018731111576330206,0.011797523907659,0.003816751503870952,True
local_b3_n800,519,2035212120,local,3,0.10606601717798213,800,0.0011454548711420376,True,ok,0.0023313664281940927,0.5928840837357015,0.002424284533057202,3.8648642894940646,3.5742494579540858,0.17326496580313117,0.16266433248061535,0.1674409162119757,0.15488178312799897,0.15488178312799886,800.0000000000005,800.0000000000005,0.00125,5.0907611459649615e-11,9.139509493677823,9,4.597017211338539e-17,4.0766001685454967e-17,6.572520305780927e-14,-0.06733900219175704,0.9858899534645005,1.142786726317453,0.20605372620602008,1.0516076898170468e-10,0.0013451660051941872,not_checked,0.001,not_checked,not_checked,,-0.0024201439448755255,0.007082876801263711,0.001185911557052055,True
local_b3_n800,520,2035212121,local,3,0.10606601717798213,800,0.0011454548711420376,True,ok,0.009463632566037772,0.6089627058158471,0.005065769842243262,16.242202328657942,12.54067590432009,0.0016694729006206314,0.0010578881540309224,0.0018915892085180595,0.0005152254156200594,0.0005152254156200568,800.0000000000005,800.0000000000005,0.00125,1.0647205339608945e-10,7.658051086052343,9,-4.8177573042096355e-12,-2.3071822230491534e-16,-3.659295089164516e-13,-0.5501951114987493,1.0427793805227175,1.2953182704074695,0.21983500704867,2.2546964295599992e-10,0.0013565418776124716,not_checked,0.001,not_checked,not_checked,,-0.0004650938787281716,0.019392359010803717,0.008318177694895734,True
local_b3_n800,521,2035212122,local,3,0.10606601717798213,800,0.0011454548711420376,True,ok,0.004612574480394205,0.5738182356432853,0.0034490236234701885,7.717808425490653,6.769780105686112,0.034058676162772056,0.02918943014007313,0.03388136730090456,0.02497051414695925,0.024970514146959187,800.0000000000005,800.0000000000005,0.00125,2.0463519767588423e-11,7.818081581149135,9,-3.878841692284141e-15,1.6479873021779667e-17,2.5757174171303632e-14,-0.1688446284299605,1.034404343360086,1.147259122159543,0.2308114286673598,4.111710971699267e-11,0.001349792117252946,not_checked,0.001,not_checked,not_checked,,-0.002147387603435201,0.011372536564223611,0.0034671196092521672,True
local_b3_n800,522,2035212123,local,3,0.10606601717798213,800,0.0011454548711420376,True,ok,0.00012251494448456413,0.6100276436960599,0.0005805868756285691,0.19747456834696675,0.17681673154958133,0.9069603425677342,0.9063053067865017,0.9153869876703219,0.9066380642982793,0.9066380642982792,800.0000000000005,800.0000000000005,0.00125,1.1176493064368742e-10,11.992091563385156,8,-1.317739320438882e-15,-2.07407875596477e-16,-3.3173463975799677e-13,-0.0007253285858320191,0.901106930548018,1.117207254114147,0.1833391316975215,2.3693802475577286e-10,0.0012234169989824295,not_checked,0.001,not_checked,not_checked,,-0.001015414421644067,0.0012604443106131952,-0.0010229399266574735,True
local_b3_n800,523,2035212124,local,3,0.10606601717798213,800,0.0011454548711420376,True,ok,0.0011076114217551947,0.6404365692583547,0.001627251073327286,1.8114253011662342,1.825081312070509,0.42170319746272267,0.4137220559163096,0.4015028464684567,0.41226491553182454,0.4122649155318243,800.0000000000005,800.0000000000005,0.00125,6.938893903907228e-16,12.424332729813495,10,-4.640385298237959e-17,-6.353424730765056e-17,-1.0103029524088925e-13,-0.019623513178960827,0.9663364671808768,1.0881468707284896,0.18555983493307893,1.5543122344752192e-15,0.0014636660926043987,not_checked,0.001,not_checked,not_checked,,-0.0020817420757704326,0.004296964919280822,-3.784344938684292e-05,True
local_b3_n800,524,2035212125,local,3,0.10606601717798213,800,0.0011454548711420376,True,ok,0.0002396163285058872,0.5881934938168467,0.000784208789894695,0.3874694590751893,0.3693987561234467,0.8292258814612642,0.8275737407736188,0.8313541695915331,0.8255602247473912,0.8255602247473911,800.0000000000005,800.0000000000005,0.00125,4.082933990900983e-11,10.708222976464196,8,-2.2027871063659554e-14,1.7076184216646695e-17,2.6867397195928788e-14,-0.002041666732884778,0.990271933276422,1.058062318054562,0.20606466279825483,8.376477289573359e-11,0.001232834067195654,not_checked,0.001,not_checked,not_checked,,-0.0012974046560474534,0.0017766373130592278,-0.0009058385426361504,True
local_b3_n800,525,2035212126,local,3,0.10606601717798213,800,0.0011454548711420376,True,ok,0.00033917721792731115,0.6760794865436686,0.0009081337551376766,0.5415768929591497,0.5643186394810726,0.7632663879261481,0.7636868317133181,0.7541535234176487,0.7623558981893519,0.7623558981893518,800.0000000000005,800.0000000000005,0.00125,8.550937735662956e-13,17.00829100508116,9,1.2326511339422197e-14,2.6904476910227793e-16,4.305444889496357e-13,0.0005533278622742444,0.9334528560922037,1.0800025750243283,0.16428154286922575,2.0097257191764584e-12,0.0013371249660849571,not_checked,0.001,not_checked,not_checked,,-0.0014407322352876512,0.0021190866711422738,-0.0008062776532147264,True
local_b3_n800,526,2035212127,local,3,0.10606601717798213,800,0.0011454548711420376,True,ok,1.7384151978161455e-05,0.5816212130407619,0.00020692694797823098,0.02790266995739033,0.028141000071714353,0.9863656065702604,0.9863227534910594,0.9860280268011533,0.9861889384578053,0.9861889384578053,800.0000000000005,800.0000000000005,0.00125,2.9868330031490586e-11,10.998820679881248,8,-4.6129414307469196e-17,-5.853336478706117e-17,-9.348077867343818e-14,-4.4013396165993104e-05,0.9837490564091607,1.0432134935810302,0.20503087589865038,6.066502855617273e-11,0.0012313749175518751,not_checked,0.001,not_checked,not_checked,,-0.0003881852134899646,0.00042295351744628753,-0.0011280707191638761,False
local_b3_n800,527,2035212128,local,3,0.10606601717798213,800,0.0011454548711420376,True,ok,0.0003534313657116428,0.6447354560432663,0.0009466739047132951,0.5725218274180475,0.5505518469222435,0.7563592308209386,0.7537376695720164,0.759362568367637,0.7537118901359201,0.75371189013592,800.0000000000005,800.0000000000005,0.00125,2.7817748105007922e-12,13.461166677423208,9,-1.7408231973992105e-13,1.358505322124337e-16,2.1738166822160565e-13,-0.0035158211397093297,0.9858189153698109,1.0399155688788386,0.17825194210919337,6.001199537308821e-12,0.00133983395062387,not_checked,0.001,not_checked,not_checked,,-0.0015020153926303187,0.0022088781240536043,-0.0007920235054303948,True
local_b3_n800,528,2035212129,local,3,0.10606601717798213,800,0.0011454548711420376,True,ok,0.0005257936699409882,0.6874481147969342,0.0011827774448582844,0.8627708053382748,0.7680340140989462,0.6712605087259667,0.6644596598076826,0.6811198432421721,0.6566297695805944,0.6566297695805943,800.0000000000005,800.0000000000005,0.00125,6.444889066870019e-11,15.119911247701154,9,-6.43852506032605e-12,-4.7704895589362195e-18,-7.327471962526033e-15,-0.010750466716346607,0.9905607662834714,1.1233542858478254,0.17342936276881968,1.467199695071031e-10,0.0013435410801321268,not_checked,0.001,not_checked,not_checked,,-0.0017924075237075589,0.0028439948635895352,-0.0006196612012010494,True
local_b3_n800,529,2035212130,local,3,0.10606601717798213,800,0.0011454548711420376,True,ok,0.0009377817250979525,0.5744414492101724,0.0016356288184597985,1.5147286973862806,1.3116540471395455,0.46953267706547885,0.46618775000803503,0.5190126493500669,0.4722601027266492,0.4722601027266491,800.0000000000005,800.0000000000005,0.00125,2.5201396525176278e-11,10.228817560151182,8,-1.6502257459832803e-12,-1.81603863891322e-16,-2.9198865547641617e-13,-0.0071389686147778075,0.8234228177530906,1.1812145062184756,0.1742111772520857,4.8656412232617186e-11,0.0012274577748030424,not_checked,0.001,not_checked,not_checked,,-0.0022679918511590547,0.00414355530135496,-0.00020767314604408504,True
local_b3_n800,530,2035212131,local,3,0.10606601717798213,800,0.0011454548711420376,True,ok,0.0005436517750794234,0.5580233113509043,0.0011602455512147154,0.8789576148373093,0.8681762636475876,0.6531515080577726,0.6502428873862187,0.6478551563127806,0.6473155310928667,0.6473155310928664,800.0000000000005,800.0000000000005,0.00125,9.35607147312112e-12,9.482629047684553,8,-2.444019379238549e-13,7.177418381854039e-17,1.1524114995609125e-13,-0.004557387355115683,1.0012427508410815,1.0412077096849528,0.226984461429289,1.8329782136561334e-11,0.0012287909630686045,not_checked,0.001,not_checked,not_checked,,-0.0017303877185242417,0.0028176912686830886,-0.0006018030960626142,True
local_b3_n800,531,2035212132,local,3,0.10606601717798213,800,0.0011454548711420376,True,ok,0.0008982274030227,0.5945547458363027,0.00147845931699916,1.456673880642051,1.4640210041986097,0.4962612737270746,0.4915662962086559,0.4809410843682277,0.48744299806925484,0.4874429980692545,800.0000000000005,800.0000000000005,0.00125,5.501210598168882e-11,10.786147435361235,8,-3.2536238243549565e-12,1.0278236595162582e-16,1.6409096303959814e-13,-0.009755017902865037,0.9661875310854071,1.0873132310778408,0.1953499815561846,1.1397083277131514e-10,0.0012282081879675388,not_checked,0.001,not_checked,not_checked,,-0.0019994996109033406,0.0037959544169487405,-0.0002472274681193376,True
local_b3_n800,532,2035212133,local,3,0.10606601717798213,800,0.0011454548711420376,True,ok,0.0008602012052476571,0.6210327420849664,0.0015567037764813016,1.4089672394668977,1.1904238930736384,0.5192616654766813,0.511276585793474,0.5514456764797431,0.5024993341129584,0.5024993341129584,800.0000000000005,800.0000000000005,0.00125,1.8238999199837735e-10,11.274204106521704,8,-1.3982463190759242e-11,1.4159680372660688e-16,2.2648549702353193e-13,-0.01632265553532275,0.9152536727349599,1.1976140391308963,0.18301879114104883,3.9304337562384717e-10,0.0012335828505456448,not_checked,0.001,not_checked,not_checked,,-0.0021908821312531844,0.003911284541748499,-0.0002852536658943805,True
local_b3_n800,533,2035212134,local,3,0.10606601717798213,800,0.0011454548711420376,True,ok,0.0017494364135464124,0.6703359824551707,0.0020086129843133998,2.778010273344798,3.0376388996785333,0.2402760007408402,0.24286365666261367,0.2189702397747381,0.246708171976558,0.2467081719765578,800.0000000000005,800.0000000000005,0.00125,1.1102230246251565e-15,17.36871562295243,10,-9.540979117872439e-18,-4.683753385137379e-17,-7.682743330406083e-14,0.01054399416473184,0.8938923439068066,1.0713485642694414,0.15824573327081753,2.6645352591003757e-15,0.0014559170231223106,not_checked,0.001,not_checked,not_checked,,-0.0021873726945873676,0.0056862455216801925,0.0006039815424043748,True
local_b3_n800,534,2035212135,local,3,0.10606601717798213,800,0.0011454548711420376,True,ok,0.004318365353184417,0.6695077769691902,0.003555464121491884,7.349962571724939,5.4266746817080715,0.052877087226607056,0.04404331542455957,0.06631512083809518,0.03159702581657234,0.031597025816572304,800.0000000000005,800.0000000000005,0.00125,3.3162361745553426e-13,11.048187130818203,10,-8.404388296412435e-14,6.591949208711867e-17,1.056932319443149e-13,-0.22028900331493428,0.9543444037115366,1.3774207983522457,0.17682758866597556,6.836753385641714e-13,0.0014628749340772629,not_checked,0.001,not_checked,not_checked,,-0.0026502162732640194,0.011286946979632853,0.0031729104820423792,True
local_b3_n800,535,2035212136,local,3,0.10606601717798213,800,0.0011454548711420376,True,ok,0.001801136109059298,0.6361558796217501,0.002185477839078155,2.9906525419547676,2.5890466223141764,0.2662559838823477,0.25329587079378496,0.27402845951162946,0.23671251589422118,0.2367125158942209,800.0000000000005,800.0000000000005,0.00125,3.642919299551295e-16,11.020483094780756,10,6.331740687315346e-17,-9.974659986866641e-17,-1.6209256159527285e-13,-0.054417383729944424,1.0173628122281027,1.1620158475600544,0.1983454172349619,2.220446049250313e-16,0.0014553340151906013,not_checked,0.001,not_checked,not_checked,,-0.00248232174454431,0.006084593962662906,0.0006556812379172605,True
local_b3_n800,536,2035212137,local,3,0.10606601717798213,800,0.0011454548711420376,True,ok,0.0026518768868393217,0.6471132703136475,0.0025528345334439014,4.403497150253069,4.142717797331838,0.13396951173228733,0.12416169292124246,0.12601442446955025,0.11985153512417121,0.11985153512417106,800.0000000000005,800.0000000000005,0.00125,4.440892098500626e-16,11.63381131694558,10,8.673617379884035e-19,-1.1362438767648086e-16,-1.8385293287792592e-13,-0.080247065655076,1.0410723238887634,1.0697232546421052,0.1838649948660634,8.881784197001252e-16,0.0014613759703934193,not_checked,0.001,not_checked,not_checked,,-0.0023515868572008373,0.007655340630879481,0.001506422015697284,True
local_b3_n800,537,2035212138,local,3,0.10606601717798213,800,0.0011454548711420376,True,ok,0.0028459562139857564,0.589254217501699,0.002626431283785251,4.729808445545409,4.571695856342708,0.11735067694444787,0.10808290180402993,0.10168780158844058,0.10261563487198615,0.10261563487198601,800.0000000000005,800.0000000000005,0.00125,4.2933212540674504e-11,8.82918031072805,9,-3.382710778154774e-17,7.32920668600201e-17,1.1546319456101628e-13,-0.08813925158409797,0.9332555973399584,1.1908123782491442,0.19374196639753472,8.820211228055541e-11,0.001340875867754221,not_checked,0.001,not_checked,not_checked,,-0.0023017545101026342,0.007993666938074146,0.0017005013428437188,True
local_b3_n800,538,2035212139,local,3,0.10606601717798213,800,0.0011454548711420376,True,ok,0.0015429810325164883,0.5813569981246858,0.0020169490892330126,2.5166755372120297,2.2856616684807114,0.30080358441505917,0.2938832568594959,0.31891494742474347,0.2910137313910198,0.29101373139101966,800.0000000000005,800.0000000000005,0.00125,2.949773758587071e-11,9.804882284918564,9,8.673617379884035e-19,-1.1666015375944028e-16,-1.8607337892717624e-13,-0.023952942592823545,0.9556177922022793,1.101533664253089,0.20311915665742156,5.988076701157752e-11,0.0013529581483453512,not_checked,0.001,not_checked,not_checked,,-0.0024101665410310802,0.005496128606064057,0.00039752616137445074,True
local_b3_n800,539,2035212140,local,3,0.10606601717798213,800,0.0011454548711420376,True,ok,0.0006575676175784029,0.5954282307614507,0.0012675915074910435,1.072964293825085,1.0571713479218154,0.5979514081518065,0.5918869950137704,0.5894380379899462,0.5909321378968317,0.5909321378968316,800.0000000000005,800.0000000000005,0.00125,5.731415342324908e-11,10.35542793142033,8,-3.0613131387496884e-12,2.8514517136368767e-16,4.569677969357144e-13,-0.010428052849819847,1.0101575898785735,1.0358873624375597,0.20296577205871652,1.188538156782215e-10,0.0012259588111191988,not_checked,0.001,not_checked,not_checked,,-0.0018268660842128766,0.0031420013193696823,-0.0004878872535636347,True
local_b3_n800,540,2035212141,local,3,0.10606601717798213,800,0.0011454548711420376,True,ok,0.0010971289484964508,0.6177479412340381,0.0016987695283085112,1.783042233763715,1.6408395232298227,0.4227553468412716,0.41706910134352104,0.4402468170000049,0.41573669709087235,0.41573669709087213,800.0000000000005,800.0000000000005,0.00125,1.5778689466117157e-10,11.737877279089968,8,-1.082603538066218e-11,-7.784571598445922e-17,-1.2523315717771766e-13,-0.013817958084696436,0.9540203514905419,1.0873510103273236,0.18571748177850253,3.383504587617381e-10,0.001232834067195654,not_checked,0.001,not_checked,not_checked,,-0.002232398145022327,0.004426656042015229,-4.832592264558677e-05,True
local_b3_n800,541,2035212142,local,3,0.10606601717798213,800,0.0011454548711420376,True,ok,0.002554620604099611,0.6356576497529742,0.002545288295910076,4.187142525595699,3.9912373251371793,0.13782641788276728,0.1313686318191894,0.13592953363399451,0.1295489491846121,0.12954894918461196,800.0000000000005,800.0000000000005,0.00125,1.3322676295501878e-15,12.070962094093888,10,-1.1796119636642288e-16,-7.37257477290143e-18,-1.0658141036401503e-14,-0.04987477951815933,0.9037031393579629,1.1588872629604978,0.1637894373061068,2.886579864025407e-15,0.0018606260418891907,not_checked,0.001,not_checked,not_checked,,-0.002434052786155466,0.007543293994354688,0.0014091657329575735,True
local_b3_n800,542,2035212143,local,3,0.10606601717798213,800,0.0011454548711420376,True,ok,0.00677615483373617,0.5632471030933834,0.0040472292553351075,11.391491721801184,10.682180721014536,0.006943050638943739,0.005408510137931698,0.004790644332111931,0.004423058441958411,0.004423058441958398,800.0000000000005,800.0000000000005,0.00125,1.215982869950949e-11,7.200004796270947,9,-5.1268884970756545e-14,-6.245004513516506e-17,-9.947598300641403e-14,-0.27482199391165363,0.9952778121402193,1.1751287833270523,0.21769669004653458,2.401834287013571e-11,0.0014375001192092896,not_checked,0.001,not_checked,not_checked,,-0.0011562687438975029,0.014708578411369843,0.005630699962594132,True
local_b3_n800,543,2035212144,local,3,0.10606601717798213,800,0.0011454548711420376,True,ok,0.0025136416691868835,0.5874753966891979,0.0025611740739144265,4.15552668276948,3.6879419405128293,0.1542366964734056,0.14495663403738873,0.15818801734046978,0.1338663539442204,0.13386635394422022,800.0000000000005,800.0000000000005,0.00125,3.9474201685152366e-11,9.118892091516228,9,1.1839487723541708e-16,9.75781955236954e-17,1.5631940186722204e-13,-0.06685000603523195,1.0178244175745734,1.133931333082797,0.21542873325479825,8.088130165617713e-11,0.0013427489902824163,not_checked,0.001,not_checked,not_checked,,-0.002506167273823119,0.007533450612196886,0.0013681867980448459,True
local_b3_n800,544,2035212145,local,3,0.10606601717798213,800,0.0011454548711420376,True,ok,0.001461610994694773,0.6152755525131186,0.0019790433498262077,2.4098220465822253,2.110273646751531,0.3326622473079993,0.3217189859039644,0.3481447897019209,0.31058775406355876,0.31058775406355865,800.0000000000005,800.0000000000005,0.00125,1.413906769442974e-10,10.507679824645898,9,1.1492543028346347e-17,-1.457167719820518e-16,-2.3359092438113294e-13,-0.03562222753529354,0.9662496909169778,1.1625893611162936,0.19431333261464392,3.02056379908322e-10,0.001329083926975727,not_checked,0.001,not_checked,not_checked,,-0.002417242694808097,0.005340464684197643,0.0003161561235527355,True
local_b3_n800,545,2035212146,local,3,0.10606601717798213,800,0.0011454548711420376,True,ok,0.0008279133472006706,0.5933256285421815,0.0014184609852037936,1.3452483246111222,1.3496988733082993,0.5197267533263166,0.5144708476753109,0.5092330866732018,0.5156481232743682,0.5156481232743679,800.0000000000005,800.0000000000005,0.00125,5.1960657998506576e-11,10.576718324672,8,-3.2849502198256664e-12,-9.8879238130678e-17,-1.580957587066223e-13,-0.010293484545024323,0.9495094384576985,1.077278942571035,0.1914120777591591,1.0742162714905135e-10,0.0012070408556610346,not_checked,0.001,not_checked,not_checked,,-0.0019522190972739674,0.0036080457916753085,-0.00031754152394136703,True
local_b3_n800,546,2035212147,local,3,0.10606601717798213,800,0.0011454548711420376,True,ok,0.004454044780420663,0.5820273687746276,0.003360074681427688,7.453896224962593,6.698610533048728,0.037675555906397,0.032424315540037746,0.0351087368448835,0.028346950397811044,0.02834695039781099,800.0000000000005,800.0000000000005,0.00125,3.045197427553603e-11,8.116772650520884,9,-3.742665899419961e-15,-5.204170427930421e-17,-8.526512829121202e-14,-0.1637122881447639,1.0150249548029588,1.155594434200013,0.22172917941032796,6.189626589048203e-11,0.0014365417882800102,not_checked,0.001,not_checked,not_checked,,-0.0021315805805425013,0.011039670141383826,0.0033085899092786253,True
local_b3_n800,547,2035212148,local,3,0.10606601717798213,800,0.0011454548711420376,True,ok,0.0051226872963821,0.6273548460112266,0.0036618252930433045,8.632959089787175,7.395114087330857,0.023364111028168433,0.019149528374856895,0.024783998801500215,0.016603365933335824,0.016603365933335775,800.0000000000005,800.0000000000005,0.00125,1.6864287744056128e-13,9.624904407608295,10,-4.0148440128007223e-14,-3.183217578417441e-16,-5.080380560684716e-13,-0.2183297077879045,1.0024289316369337,1.1735168890747327,0.19500383620466477,3.26183524634871e-13,0.0014744987711310387,not_checked,0.001,not_checked,not_checked,,-0.002054358395660606,0.012299732988424806,0.003977232425240063,True
local_b3_n800,548,2035212149,local,3,0.10606601717798213,800,0.0011454548711420376,True,ok,0.0004898818225187451,0.603843553305718,0.0011045149018038393,0.7936399758731347,0.7757356189535457,0.6787041082527212,0.675413543525345,0.6785020288743873,0.6757679993887151,0.675767999388715,800.0000000000005,800.0000000000005,0.00125,8.445710797388983e-11,11.281605786448127,8,-3.76033188961844e-13,-7.361732751176575e-17,-1.1657341758564144e-13,-0.0049145299215710425,0.999283407158696,1.02320303335603,0.1981278484797779,1.773594604514983e-10,0.0012367910239845514,not_checked,0.001,not_checked,not_checked,,-0.0016749276054045742,0.0026546912504420645,-0.0006555730486232925,True
local_b3_n800,549,2035212150,local,3,0.10606601717798213,800,0.0011454548711420376,True,ok,0.002468902487885005,0.6337503087532141,0.0024999876078507744,3.9845501304039006,3.848175027649325,0.1388514353821093,0.13649257459773617,0.1460089272164918,0.13874438574019132,0.13874438574019116,800.0000000000005,800.0000000000005,0.00125,5.551115123125783e-16,13.335276109300956,10,1.8214596497756474e-17,1.0191500421363742e-16,1.6431300764452317e-13,-0.01715307489394502,0.9628296017974685,1.0379692901206106,0.17543147165244435,1.3322676295501878e-15,0.0014651669189333916,not_checked,0.001,not_checked,not_checked,,-0.002430983185298957,0.0073687881610689674,0.0013234476167429676,True
local_b3_n800,550,2035212151,local,3,0.10606601717798213,800,0.0011454548711420376,True,ok,0.00592128475289555,0.5690923578368148,0.003884551556143781,9.89332413700534,8.78858215986719,0.013322829927949097,0.011022175093593697,0.01234763070658412,0.008764657806113713,0.008764657806113694,800.0000000000005,800.0000000000005,0.00125,1.624655965315469e-11,7.817834774531749,9,-1.3312267954646018e-14,-1.1362438767648086e-16,-1.8829382497642655e-13,-0.20963426618622716,0.9992339583126453,1.1855006435951232,0.2162434783156155,3.2382985182266566e-11,0.0013520000502467155,not_checked,0.001,not_checked,not_checked,,-0.0016922963932352823,0.013534865899026383,0.004775829881753513,True
local_b3_n800,551,2035212152,local,3,0.10606601717798213,800,0.0011454548711420376,True,ok,0.0009037535441152045,0.6434815230799995,0.001521435741696026,1.4847853814400456,1.3680698833887002,0.5046260955232681,0.49545599569736065,0.5045769408522798,0.4852928114396444,0.4852928114396442,800.0000000000005,800.0000000000005,0.00125,6.661338147750939e-16,12.223055361663606,10,-1.7672495411513722e-16,-2.2985086056692694e-16,-3.679279103607769e-13,-0.01938985542785876,1.0253137432068362,1.089565073980472,0.19339411932221637,1.5543122344752192e-15,0.001465874956920743,not_checked,0.001,not_checked,not_checked,,-0.002078205714400991,0.0038857128026314,-0.0002417013270268331,True
local_b3_n800,552,2035212153,local,3,0.10606601717798213,800,0.0011454548711420376,True,ok,0.0008713965388091882,0.6367211301992202,0.001484675164756877,1.4214450793495526,1.341586282348148,0.5128300738115028,0.5061899732890836,0.5113028815528344,0.4980189098722566,0.4980189098722565,800.0000000000005,800.0000000000005,0.00125,9.791201183162457e-11,12.422789411260135,9,-9.559637369899177e-12,8.239936510889834e-17,1.3100631690576847e-13,-0.013605308627425261,1.0237346195819097,1.0642967130587782,0.19089290245528895,2.0595369853992906e-10,0.0013520829379558563,not_checked,0.001,not_checked,not_checked,,-0.0020385133128553615,0.003781306390473738,-0.0002740583323328494,True
local_b3_n800,553,2035212154,local,3,0.10606601717798213,800,0.0011454548711420376,True,ok,0.0010511788557117097,0.6483687956069208,0.0016806498853876987,1.733533660984079,1.52043900878052,0.45153130490360005,0.44066619653724126,0.4675637834417724,0.43130357581916745,0.43130357581916734,800.0000000000005,800.0000000000005,0.00125,9.992007221626409e-16,12.199130658581131,10,2.8189256484623115e-17,1.5612511283791264e-17,2.5979218776228663e-14,-0.025823745922671337,0.9462932316054151,1.1765271217655133,0.1779276186670776,1.9984014443252818e-15,0.00145762600004673,not_checked,0.001,not_checked,not_checked,,-0.0022428343902695493,0.004345192101692969,-9.427601543032793e-05,True
local_b3_n800,554,2035212155,local,3,0.10606601717798213,800,0.0011454548711420376,True,ok,0.000813156110444524,0.6332392555967401,0.0014010490853393074,1.3323059165156796,1.3203653016804098,0.5331412690984361,0.5251519172832864,0.5167569397820924,0.5217718329129515,0.5217718329129513,800.0000000000005,800.0000000000005,0.00125,1.2623346812290492e-10,11.880251182347125,9,-1.3326575953875874e-11,-7.37257477290143e-17,-1.156852391659413e-13,-0.01562806990222032,0.9652369356680728,1.1066168226462292,0.18458352082900029,2.635662799121974e-10,0.0013446249067783356,not_checked,0.001,not_checked,not_checked,,-0.001932849637393303,0.003559161858282351,-0.00033229876069751363,True
local_b3_n800,555,2035212156,local,3,0.10606601717798213,800,0.0011454548711420376,True,ok,0.0006617894937108737,0.5817906239349018,0.0013015140122917416,1.0789799787570715,1.0127806431033444,0.602716128883863,0.596948534975233,0.6026670916350789,0.5889396308070936,0.5889396308070933,800.0000000000005,800.0000000000005,0.00125,3.010725002638992e-11,9.82846222945768,8,-2.5107789111689094e-12,-7.871307772244762e-17,-1.2523315717771766e-13,-0.010058394409836469,0.9898594250590478,1.1037954427103402,0.21329819899557934,6.117506501368553e-11,0.0012382511049509048,not_checked,0.001,not_checked,not_checked,,-0.0018891310957551608,0.003212710083176908,-0.0004836653774311639,True
local_b3_n800,556,2035212157,local,3,0.10606601717798213,800,0.0011454548711420376,True,ok,0.006967454470268919,0.5726079951379561,0.004233627340633115,11.746199549318627,10.0601870476046,0.0069159317615421195,0.005305128463171654,0.006538199064717608,0.0037954071946781137,0.003795407194678101,800.0000000000005,800.0000000000005,0.00125,1.9306001242114235e-11,7.354854578527724,9,-9.435160985837854e-14,-2.0469737016526324e-16,-3.232969447708456e-13,-0.2991361984441747,1.0357966896878197,1.196850214452069,0.22783379782716845,3.868527720385373e-11,0.0013553339522331953,not_checked,0.001,not_checked,not_checked,,-0.001330302641336073,0.015265211581873911,0.005821999599126881,True
local_b3_n800,557,2035212158,local,3,0.10606601717798213,800,0.0011454548711420376,True,ok,0.0001641398411400541,0.5872238421866554,0.0006531973831962792,0.26004732305115,0.25563533028315993,0.8767826239857455,0.8779143987830202,0.8800138217126525,0.8769442365859812,0.8769442365859811,800.0000000000005,800.0000000000005,0.00125,3.895528344344257e-11,12.338893597827886,8,5.534228674289321e-15,3.1935174990560533e-16,5.113687251423471e-13,0.0012882113864683409,0.9746165439194237,1.023130635284832,0.20433201837888257,7.989342520886566e-11,0.0012394580990076065,not_checked,0.001,not_checked,not_checked,,-0.0011161035047204618,0.00144438318700057,-0.0009813150300019835,True
local_b3_n800,558,2035212159,local,3,0.10606601717798213,800,0.0011454548711420376,True,ok,0.004848509841526516,0.570975689072996,0.003503104150439825,8.06332865284443,7.323374209283022,0.027498607453221975,0.023878816909903962,0.025689135885624936,0.02067545826337658,0.020675458263376537,800.0000000000005,800.0000000000005,0.00125,1.7828960530152926e-11,8.159791010980358,9,-2.589942149633373e-15,-2.5587171270657905e-16,-4.0945025148175773e-13,-0.15285645320099972,1.013061519021461,1.1425533484562553,0.2301408974741832,3.5627056860221273e-11,0.0013404169585555792,not_checked,0.001,not_checked,not_checked,,-0.0020174481274283246,0.011714467810481357,0.0037030549703844784,True
local_b3_n800,559,2035212160,local,3,0.10606601717798213,800,0.0011454548711420376,True,ok,0.0033525640451952388,0.6617131670052094,0.0029174249992737268,5.663935197662394,4.966645937319576,0.08769238244321846,0.07654791798015953,0.08346541131778527,0.06842265907704716,0.06842265907704707,800.0000000000005,800.0000000000005,0.00125,3.8413716652030416e-14,11.129740149380497,10,-8.563896120028502e-15,8.716985466783456e-17,1.4033219031261979e-13,-0.14991636267500486,1.0594826486125495,1.1440584873191209,0.19298896766177978,7.926992395823618e-14,0.0014578329864889383,not_checked,0.001,not_checked,not_checked,,-0.0023654838809780594,0.009070611971368537,0.002207109174053201,True
local_b3_n800,560,2035212161,local,3,0.10606601717798213,800,0.0011454548711420376,True,ok,0.00892139949609172,0.5538789688261809,0.004886547355212223,14.973551126336005,12.343691563113037,0.0017311315658493417,0.001272885028711723,0.002087379595810239,0.0007950388338655101,0.0007950388338655069,800.0000000000005,800.0000000000005,0.00125,7.582046102072582e-12,7.116037464976835,9,-1.9237736403887595e-13,-2.983724378680108e-16,-4.760636329592671e-13,-0.34965596629462237,1.0113263616130854,1.2135644476867438,0.23290289857212745,1.475974897857668e-11,0.0013992488384246826,not_checked,0.001,not_checked,not_checked,,-0.000656057328873692,0.018498856321057133,0.007775944624949682,True
local_b3_n800,561,2035212162,local,3,0.10606601717798213,800,0.0011454548711420376,True,ok,0.0037269857980439802,0.5856389790467034,0.0031531772912391713,6.157736905863999,5.320623996336099,0.0651376772903669,0.059607085767883664,0.06992640143173853,0.05071220647762906,0.050712206477628974,800.0000000000005,800.0000000000005,0.00125,3.618294552865109e-11,9.147051486315956,9,-2.5587171270657905e-16,-1.431146867680866e-17,-2.042810365310288e-14,-0.09727981449681344,1.0050542394554158,1.1757986904573303,0.21880558068011027,7.393285983425812e-11,0.0013625009451061487,not_checked,0.001,not_checked,not_checked,,-0.0024531281296543608,0.009907099725742321,0.0025815309269019426,True
local_b3_n800,562,2035212163,local,3,0.10606601717798213,800,0.0011454548711420376,True,ok,0.0024647785190770044,0.6357855803995818,0.0026093697097432952,4.101462171949463,3.439108564200697,0.1713815414408228,0.15986608796382534,0.17914597868852053,0.13920288367204253,0.13920288367204237,800.0000000000005,800.0000000000005,0.00125,1.6653345369377348e-15,10.856832870378966,10,-3.37403716077489e-16,-2.6020852139652106e-16,-4.1744385725905886e-13,-0.078908270713127,0.9204553959887972,1.3193211795778557,0.18317303589721778,3.3306690738754696e-15,0.0014672509860247374,not_checked,0.001,not_checked,not_checked,,-0.002649492134369589,0.007579049172523598,0.0013193236479349668,True
local_b3_n800,563,2035212164,local,3,0.10606601717798213,800,0.0011454548711420376,True,ok,0.0037587542610311164,0.603563738848786,0.003077264704571543,6.244632033673845,5.698946425522518,0.06473567846677118,0.05832388292559923,0.05787480055235669,0.049439607300025654,0.04943960730002558,800.0000000000005,800.0000000000005,0.00125,8.336620282989315e-11,9.508192399849234,9,-6.643990912991171e-16,1.5265566588595902e-16,2.433608869978343e-13,-0.1153126080120277,0.991969461585353,1.2012568146690565,0.2105991319312451,1.7503309912569875e-10,0.0013520419597625732,not_checked,0.001,not_checked,not_checked,,-0.0022725737308253975,0.00979008225288763,0.002613299389889079,True
local_b3_n800,564,2035212165,local,3,0.10606601717798213,800,0.0011454548711420376,True,ok,0.0001506782358591252,0.6426424958956309,0.0006094629562777514,0.24386065959769077,0.2422369254558181,0.8880181203393818,0.8868048672356741,0.8859290038097991,0.8864393342538397,0.8864393342538396,800.0000000000005,800.0000000000005,0.00125,2.028377465990161e-13,13.431459490367153,9,-1.009397643594867e-14,-2.1358782797964437e-16,-3.417266469796232e-13,-0.001387741111545146,0.9730649078320386,1.0585958218564115,0.17893216790967797,4.409805853811122e-13,0.001350373961031437,not_checked,0.001,not_checked,not_checked,,-0.001043847208356577,0.0013452036800748275,-0.0009947766352829124,True
local_b3_n800,565,2035212166,local,3,0.10606601717798213,800,0.0011454548711420376,True,ok,0.0010077133697106166,0.6097400121731857,0.0015497287748116892,1.6541779466552804,1.6627304563250795,0.45825758975820474,0.4490889038668676,0.43545438573551143,0.4465648288694585,0.44656482886945814,800.0000000000005,800.0000000000005,0.00125,1.102266056207668e-10,10.567356210031623,9,-1.3617579286417936e-16,6.938893903907228e-17,1.1080025785759062e-13,-0.020918277559146436,0.9372424714074292,1.1347526826206054,0.18466931517258822,2.337865456780719e-10,0.0013507918920367956,not_checked,0.001,not_checked,not_checked,,-0.002029699214725678,0.004045125954146911,-0.00013774150143142094,True
local_b3_n800,566,2035212167,local,3,0.10606601717798213,800,0.0011454548711420376,True,ok,0.0007665294864098726,0.588833524417155,0.0014337513405753256,1.2453319986554967,1.1236984651165711,0.5530325389087012,0.5480151984739672,0.5701537415193005,0.5416021492118079,0.5416021492118078,800.0000000000005,800.0000000000005,0.00125,4.2089887131169235e-11,10.387044423960198,8,-2.4011218360819875e-12,-6.028164079019405e-17,-9.658940314238862e-14,-0.009442410199849927,0.963143968401532,1.1110909643359745,0.20479532620738347,8.641709570156308e-11,0.0012364168651401997,not_checked,0.001,not_checked,not_checked,,-0.0020435715039037864,0.0035766304767235317,-0.00037892538473216497,True
local_b3_n800,567,2035212168,local,3,0.10606601717798213,800,0.0011454548711420376,True,ok,0.00017444135109001557,0.6180060269343159,0.0006744114767692496,0.2822888382213406,0.26467653467348473,0.874454515864352,0.8731180073363514,0.8760446076768045,0.8697468550575901,0.8697468550575901,800.0000000000005,800.0000000000005,0.00125,1.5959111809848991e-10,12.081355128249745,8,-1.2546767010762627e-14,2.1033522146218786e-17,3.3084646133829665e-14,-0.001591338238657758,0.9741001463104622,1.110545425322282,0.1949651696504778,3.423692440662762e-10,0.0012352080084383488,not_checked,0.001,not_checked,not_checked,,-0.001147380854138185,0.0014962635563182162,-0.000971013520052022,True
local_b3_n800,568,2035212169,local,3,0.10606601717798213,800,0.0011454548711420376,True,ok,0.0025471688291189842,0.597255103629085,0.002609140908620969,4.198291277620042,3.665184956930463,0.14916762586980048,0.1408744539011471,0.15999823765499846,0.13032355144994734,0.1303235514499472,800.0000000000005,800.0000000000005,0.00125,6.236544614068862e-11,9.753466946176912,9,1.1405806854547507e-16,6.331740687315346e-17,1.0125233984581428e-13,-0.0614105755148322,0.9957692289938638,1.146440476433731,0.20831772228595036,1.2972511953535104e-10,0.001353957923129201,not_checked,0.001,not_checked,not_checked,,-0.0025666533823682277,0.007660991040606196,0.0014017139579769466,True
local_b3_n800,569,2035212170,local,3,0.10606601717798213,800,0.0011454548711420376,True,ok,0.0041931236144541195,0.6086251996077123,0.0033881760886455407,6.959516006888348,5.814288188180446,0.04474401469791503,0.039889515247543264,0.054631529797135606,0.03492686791843269,0.03492686791843262,800.0000000000005,800.0000000000005,0.00125,1.0488687696152965e-10,9.833770183791756,9,-1.7642137750684128e-15,-1.474514954580286e-16,-2.3803181647963356e-13,-0.1252591118808768,0.9548804694294819,1.1969713524348538,0.19350974158808634,2.2194757143267907e-10,0.001365375006571412,not_checked,0.001,not_checked,not_checked,,-0.0024475794925709294,0.01083382672147917,0.003047668743312082,True
local_b3_n800,570,2035212171,local,3,0.10606601717798213,800,0.0011454548711420376,True,ok,0.0003610931673194706,0.6179032013655921,0.0009617351917792195,0.5870750686964816,0.5529223962629554,0.7580223787309917,0.7546401884418232,0.7584630483441935,0.7491061869718365,0.7491061869718365,800.0000000000005,800.0000000000005,0.00125,1.5888601545555048e-10,11.698226335844517,8,-3.171857308054138e-13,1.6154612370034016e-17,2.5757174171303632e-14,-0.00466300049266416,1.0193068277062178,1.066572278086155,0.1995072654501052,3.4076141908201407e-10,0.0012221659999340773,not_checked,0.001,not_checked,not_checked,,-0.0015238731712325215,0.0022460595058714627,-0.000784361703822567,True
local_b3_n800,571,2035212172,local,3,0.10606601717798213,800,0.0011454548711420376,True,ok,0.004581142222189749,0.5719473024608932,0.0034385178388833997,7.442822583074069,6.927530865400864,0.029217068227591632,0.02767794336206996,0.0313116378984772,0.02560637902810103,0.025606379028100982,800.0000000000005,800.0000000000005,0.00125,1.8656964861918368e-11,9.888041950411086,9,-9.8879238130678e-17,-4.0766001685454967e-17,-6.572520305780927e-14,-0.05649751378523282,0.946801678949073,1.1221566068877478,0.20835886841395804,3.7415404108287476e-11,0.001346041914075613,not_checked,0.001,not_checked,not_checked,,-0.0021582289022202142,0.011320513346599712,0.0034356873510477115,True
local_b3_n800,572,2035212173,local,3,0.10606601717798213,800,0.0011454548711420376,True,ok,0.0005103207713068603,0.5741057967875915,0.0011579633738364656,0.8210691057972633,0.7732397164639127,0.6663465972582663,0.6648399141370314,0.6793492948893108,0.6648082558005307,0.6648082558005306,800.0000000000005,800.0000000000005,0.00125,2.0776380615927792e-11,10.49865392863912,8,-7.455559607183471e-14,1.3888629829539312e-16,2.240430063693566e-13,-0.0022779358531432314,0.9306465863895168,1.0854859684239324,0.20135797268918762,4.1714409704241007e-11,0.0012332911137491465,not_checked,0.001,not_checked,not_checked,,-0.001759245736829103,0.0027798872794428235,-0.0006351340998351773,True
local_b3_n800,573,2035212174,local,3,0.10606601717798213,800,0.0011454548711420376,True,ok,0.006095351148338368,0.6032210636954012,0.0038990682900173906,10.320018463440988,9.147108787514789,0.013384708742085548,0.010447362391977412,0.010321208802557307,0.00762532054509946,0.007625320545099438,800.0000000000005,800.0000000000005,0.00125,8.200107259881406e-11,8.230475648904068,9,-1.1275008704458855e-13,2.8622937353617317e-16,4.547473508864641e-13,-0.28372831304979673,1.001535272727272,1.2441548990310871,0.2064794997050129,1.72230452122335e-10,0.001339541980996728,not_checked,0.001,not_checked,not_checked,,-0.0015466822733578916,0.013737384570034629,0.004949896277196331,True
local_b3_n800,574,2035212175,local,3,0.10606601717798213,800,0.0011454548711420376,True,ok,0.005953994409481522,0.598438437369164,0.004009059600045177,10.06224604556184,8.223947382122391,0.015169697700222088,0.012035506873430753,0.016375422585246553,0.008538281443254676,0.008538281443254657,800.0000000000005,800.0000000000005,0.00125,6.587708156757799e-11,8.154070873174053,9,-7.625150511003653e-14,7.45931094670027e-17,1.1901590823981678e-13,-0.2679274951956998,0.9811295609174879,1.2726367454918475,0.20644800029577662,1.3726508818479033e-10,0.0013552920427173376,not_checked,0.001,not_checked,not_checked,,-0.0019036180184815784,0.013811606837444623,0.004808539538339485,True
local_b3_n800,575,2035212176,local,3,0.10606601717798213,800,0.0011454548711420376,True,ok,0.0018684420802330681,0.6398485753308372,0.002233598936089416,3.096182652620721,2.6720670236009947,0.2534603017868805,0.2413677912159784,0.26288633887365215,0.22430385199742892,0.22430385199742872,800.0000000000005,800.0000000000005,0.00125,1.9081958235744878e-16,11.367836156125541,10,3.209238430557093e-17,8.066464163292153e-17,1.2878587085651816e-13,-0.053337662123905005,1.0109264408170417,1.1689390768106753,0.19852547743895602,0.0,0.0014490410685539246,not_checked,0.001,not_checked,not_checked,,-0.0025093313904091686,0.006246215550875305,0.0007229872090910305,True
local_b3_n800,576,2035212177,local,3,0.10606601717798213,800,0.0011454548711420376,True,ok,0.007681355979658244,0.602461307790614,0.0043339523542828785,13.084441962697674,11.627583736213342,0.004490708982909895,0.00317784411107638,0.002986085734541572,0.002143994108396833,0.0021439941083968256,800.0000000000005,800.0000000000005,0.00125,7.927936085394549e-11,7.835633646372432,9,-7.186629763511476e-13,-2.445960101127298e-16,-3.907985046680551e-13,-0.3971361976222383,1.0330264681747505,1.2264653263322614,0.2102735589823128,1.6615464559777138e-10,0.0013478328473865986,not_checked,0.001,not_checked,not_checked,,-0.0008130345454487736,0.016175746504765262,0.006535901108516207,True
local_b3_n800,577,2035212178,local,3,0.10606601717798213,800,0.0011454548711420376,True,ok,0.008848788230968019,0.6005301634816149,0.004718642218795203,15.123613543681875,12.949933923649718,0.00218010784112804,0.0014455465264428067,0.0015415498665021198,0.0008425895717477614,0.000842589571747757,800.0000000000005,800.0000000000005,0.00125,7.253542211316244e-11,7.568704650829056,9,-2.049015471183857e-12,-2.463307335887066e-16,-3.979039320256561e-13,-0.48277618706651815,1.021678592482701,1.2626210453871118,0.21138998172606252,1.5162893163278568e-10,0.0013712081126868725,not_checked,0.001,not_checked,not_checked,,-0.0003995805738007483,0.018097157035736784,0.007703333359825981,True
local_b3_n800,578,2035212179,local,3,0.10606601717798213,800,0.0011454548711420376,True,ok,0.002060589683378522,0.5975727973994778,0.002212715192531481,3.3480201805915724,3.4348620697625885,0.20194879651461367,0.19701378025956862,0.17952675398657178,0.19234363391298276,0.19234363391298265,800.0000000000005,800.0000000000005,0.00125,6.331146717997171e-11,10.844738574793903,9,1.6479873021779667e-16,1.5092094240998222e-16,2.4158453015843406e-13,-0.025538343592967694,0.9636365863738323,1.0981622261259094,0.1971786572645353,1.317099762587759e-10,0.0013695829547941685,not_checked,0.001,not_checked,not_checked,,-0.0022762524020277924,0.0063974317687848364,0.0009151348122364844,True
local_b3_n800,579,2035212180,local,3,0.10606601717798213,800,0.0011454548711420376,True,ok,0.0025645975389239073,0.6908493533794786,0.002583966172260709,4.323445923570494,3.7139521091658048,0.15618778189115273,0.14142267099205852,0.1561440883775492,0.12851906355468648,0.1285190635546863,800.0000000000005,800.0000000000005,0.00125,1.2323475573339238e-14,13.055980568516246,10,-2.3657291403633707e-15,1.448494102440634e-16,2.327027459614328e-13,-0.11004493064611998,1.0213230332930938,1.189156509130198,0.17896828804413117,2.708944180085382e-14,0.0014700000174343586,not_checked,0.001,not_checked,not_checked,,-0.002499883095976904,0.007629078173824719,0.0014191426677818697,True
local_b3_n800,580,2035212181,local,3,0.10606601717798213,800,0.0011454548711420376,True,ok,0.0014201130115916172,0.6645901310849291,0.0019983640236027047,2.3554631469504415,1.9581727276764442,0.3472777839884409,0.33417904686997113,0.37565415333285346,0.3210718306874392,0.321071830687439,800.0000000000005,800.0000000000005,0.00125,1.2212453270876722e-15,12.687316745552364,10,-6.353424730765056e-17,-3.705803025555454e-16,-5.924150059399835e-13,-0.04164116420192632,0.8962041835846943,1.2671640784164768,0.16033519562573095,2.886579864025407e-15,0.0014525000005960464,not_checked,0.001,not_checked,not_checked,,-0.0024966085026702344,0.005336834525853469,0.0002746581404495796,True
local_b3_n800,581,2035212182,local,3,0.10606601717798213,800,0.0011454548711420376,True,ok,0.0010241855055903581,0.6047383206107213,0.0016080781473265175,1.6802061350815085,1.5799224432559615,0.45701144151802786,0.44803768376732944,0.4538623949859081,0.4407187313211659,0.44071873132116557,800.0000000000005,800.0000000000005,0.00125,8.794354133812021e-11,10.380329515861906,9,9.606031248221569e-17,4.7921736023859296e-17,7.815970093361102e-14,-0.020754663068467294,1.0133618557072266,1.0800023902052016,0.20416816972061966,1.8499424214724058e-10,0.0013509159907698631,not_checked,0.001,not_checked,not_checked,,-0.0021275897474955113,0.004175960758676227,-0.00012126936555167944,True
local_b3_n800,582,2035212183,local,3,0.10606601717798213,800,0.0011454548711420376,True,ok,0.0003037677879709211,0.6167077735097615,0.000877805741189355,0.4874654460868795,0.4778847868563026,0.7875453897531368,0.7869894949996848,0.787460243951234,0.7842603533718601,0.78426035337186,800.0000000000005,800.0000000000005,0.00125,1.506550439955845e-10,12.727469897240857,8,-6.8693965446509075e-15,3.003240017784847e-17,4.773959005888173e-14,-0.0007184926667027358,0.9917945702665749,1.0437933637198833,0.19382495129370925,3.2259861448835636e-10,0.0012302908580750227,not_checked,0.001,not_checked,not_checked,,-0.0014166998501827024,0.0020242354261245446,-0.0008416870831711165,True
local_b3_n800,583,2035212184,local,3,0.10606601717798213,800,0.0011454548711420376,True,ok,0.008425035618688348,0.5880348139820777,0.004713758515200154,14.168454181822892,12.117381652199295,0.0021795535899472975,0.0016022626534465414,0.00233745902562455,0.0011826134576233035,0.0011826134576232983,800.0000000000005,800.0000000000005,0.00125,4.0526693112497014e-11,8.247001032039522,9,-3.105189716468004e-13,2.0816681711721685e-16,3.304023721284466e-13,-0.34419859596076385,0.9718010552803347,1.202692427359724,0.20265421574518264,8.311884514000667e-11,0.0013297500554472208,not_checked,0.001,not_checked,not_checked,,-0.0008137613029229555,0.01766383254029965,0.00727958074754631,True
local_b3_n800,584,2035212185,local,3,0.10606601717798213,800,0.0011454548711420376,True,ok,0.0018092056739302809,0.6142383834921545,0.0021179475024945362,2.945914527560183,2.869212614269766,0.24214216448444964,0.23614554840848567,0.2382091267902312,0.23518930424412418,0.23518930424412396,800.0000000000005,800.0000000000005,0.00125,1.349993450361353e-10,11.450624894631586,9,-3.0357660829594124e-18,-4.119968255444917e-17,-6.483702463810914e-14,-0.025592724635865816,1.0103842455994223,1.030730639833971,0.19615398325126213,2.879649851905697e-10,0.0013487078249454498,not_checked,0.001,not_checked,not_checked,,-0.002341895152105566,0.005960306499966128,0.0006637508027882433,True
local_b3_n800,585,2035212186,local,3,0.10606601717798213,800,0.0011454548711420376,True,ok,0.0054930074297494524,0.6247897263926581,0.003872101646841565,9.254263183782507,7.446458333412373,0.020623992792031275,0.01683017350732035,0.024155838537736243,0.012346212491438026,0.012346212491437992,800.0000000000005,800.0000000000005,0.00125,2.311484337269576e-13,9.548482039766654,10,-5.5826870903885606e-14,-4.0592529337857286e-16,-6.501466032204917e-13,-0.23272564809168905,1.0077138208914507,1.2449005201049628,0.20173521891615162,4.4497738826976274e-13,0.001445417059585452,not_checked,0.001,not_checked,not_checked,,-0.0020961723425382463,0.013082187202037151,0.004347552558607415,True
local_b3_n800,586,2035212187,local,3,0.10606601717798213,800,0.0011454548711420376,True,ok,0.003392038899286076,0.6338191140280423,0.0030299191073474047,5.61796873427941,4.7593440156710045,0.08452685051535128,0.07756068491302864,0.09258093835337355,0.06629564173781725,0.06629564173781717,800.0000000000005,800.0000000000005,0.00125,2.9976021664879227e-15,11.17605191453687,10,-3.139849491518021e-16,2.40692882291782e-16,3.8546943414985435e-13,-0.09535324771084275,0.9636699041666337,1.2291278799755776,0.1898556675582046,6.439293542825908e-15,0.0014470000751316547,not_checked,0.001,not_checked,not_checked,,-0.0025464934271845867,0.009330571225756739,0.0022465840281440386,True
local_b3_n800,587,2035212188,local,3,0.10606601717798213,800,0.0011454548711420376,True,ok,0.0006918444718464478,0.5317740877555128,0.001326505083309099,1.1244813573062553,1.0716429093854882,0.5839581160504079,0.5790061002053857,0.585188386905162,0.5749480572531571,0.5749480572531569,800.0000000000005,800.0000000000005,0.00125,1.501343493970353e-11,8.187596981280704,8,-1.2140689929079906e-12,-1.0267394573437727e-16,-1.645350522494482e-13,-0.00876510117596907,0.9810836369910579,1.0784113550847498,0.23574724649890783,2.7037927452511212e-11,0.0012229587882757187,not_checked,0.001,not_checked,not_checked,,-0.0019080577167486902,0.003291746660441586,-0.00045361039929558977,True
local_b3_n800,588,2035212189,local,3,0.10606601717798213,800,0.0011454548711420376,True,ok,0.0020374055012082337,0.5879025955070087,0.002465844450837933,3.3446218421427103,2.6252785206184557,0.21728688512307037,0.2089480783663992,0.2691088699351471,0.19594438677323422,0.19594438677323403,800.0000000000005,800.0000000000005,0.00125,4.028144484635732e-11,9.624588393625507,9,9.454242944073599e-17,-9.974659986866641e-18,-1.687538997430238e-14,-0.04238652010476729,0.8688063102795225,1.2756073806910968,0.186271322226711,8.258616013279152e-11,0.0013409578241407871,not_checked,0.001,not_checked,not_checked,,-0.0027955608139120626,0.00687037181632853,0.0008919506300661961,True
local_b3_n800,589,2035212190,local,3,0.10606601717798213,800,0.0011454548711420376,True,ok,0.003832936048212776,0.6397601451210433,0.0030710079746527202,6.468992083978289,5.888081578654489,0.06292925625010301,0.05413089154243311,0.05265254048038386,0.04659095578423551,0.04659095578423543,800.0000000000005,800.0000000000005,0.00125,4.884981308350689e-14,10.05163818136923,10,-1.0917482196060035e-14,2.662800535624399e-16,4.227729277772596e-13,-0.16814720341892198,0.9980281213371391,1.215228463556266,0.18687380418765506,9.725553695716371e-14,0.001443750225007534,not_checked,0.001,not_checked,not_checked,,-0.002186128978341851,0.009852001074767403,0.0026874811770707385,True
local_b3_n800,590,2035212191,local,3,0.10606601717798213,800,0.0011454548711420376,True,ok,0.003732804735178119,0.6111207883301293,0.0030987863563318573,6.227654128653416,5.533468530026688,0.06586106235920047,0.0586795426093855,0.06286697675333842,0.05047668219022209,0.050476682190222,800.0000000000005,800.0000000000005,0.00125,1.172867358789631e-10,9.534216934886922,9,-1.3617579286417936e-15,1.7737547541862853e-16,2.8332891588433995e-13,-0.12758327618421106,0.9902708873825243,1.2016229170212112,0.20717780078296472,2.492845929680243e-10,0.001333083026111126,not_checked,0.001,not_checked,not_checked,,-0.0023407049190164236,0.009806314389372663,0.0025873498640360815,True
local_b3_n800,591,2035212192,local,3,0.10606601717798213,800,0.0011454548711420376,True,ok,0.0031362873654665613,0.6024451733173273,0.002922691943801017,5.233111491976418,4.347130906987666,0.10266272198733023,0.09316741727213293,0.11377124680505776,0.08134711643308876,0.08134711643308867,800.0000000000005,800.0000000000005,0.00125,7.918954381125332e-11,9.11136417559001,9,-3.478120569333498e-16,-1.5092094240998222e-16,-2.433608869978343e-13,-0.10752585361495859,0.9989241227442314,1.2042033638297451,0.213280721837713,1.6602874630677888e-10,0.001338208094239235,not_checked,0.001,not_checked,not_checked,,-0.0025920835822887964,0.008864658313221918,0.0019908324943245237,True
local_b3_n800,592,2035212193,local,3,0.10606601717798213,800,0.0011454548711420376,True,ok,0.0029987492241578817,0.64223798015161,0.002730556084163847,4.979678082374614,4.570513777427168,0.10837089191316132,0.09962754056784512,0.10174792085623285,0.09080877297940114,0.09080877297940103,800.0000000000005,800.0000000000005,0.00125,2.6645352591003757e-15,11.386134394925948,10,-2.7582103268031233e-16,1.3964523981613297e-16,2.220446049250313e-13,-0.09083966186100012,1.0555272307050372,1.1035385449154915,0.19645458034018326,5.329070518200751e-15,0.0014413760509341955,not_checked,0.001,not_checked,not_checked,,-0.0023530423585699798,0.008350540806885742,0.0018532943530158441,True
local_b3_n800,593,2035212194,local,3,0.10606601717798213,800,0.0011454548711420376,True,ok,0.0004643740122960427,0.5931816113938071,0.0011207549135175351,0.7548613934203302,0.674718686501376,0.6975391100111804,0.6935419076832803,0.7136523476666314,0.6896995508040934,0.6896995508040933,800.0000000000005,800.0000000000005,0.00125,5.161182592416935e-11,10.535123913977513,8,-5.551456104709029e-13,5.914322850908427e-17,9.547918011776346e-14,-0.005931486873330727,0.9434858386555997,1.125873564420836,0.20073634976375196,1.0668133043623129e-10,0.0012212509755045176,not_checked,0.001,not_checked,not_checked,,-0.0017322652536946293,0.0026610132782867147,-0.0006810808588459949,True
local_b3_n800,594,2035212195,local,3,0.10606601717798213,800,0.0011454548711420376,True,ok,0.002988379657403506,0.592149445334214,0.0028238688156219795,4.960732581312471,4.2630886597301885,0.11095171046550495,0.10220080131382056,0.11865391150828829,0.09156522437723269,0.09156522437723257,800.0000000000005,800.0000000000005,0.00125,4.9189541329042186e-11,9.037967994267117,9,-1.7780915628762273e-17,-4.7704895589362195e-18,-7.993605777301127e-15,-0.08966256473342948,0.9994606705697657,1.1745170312152768,0.2175149316602186,1.0149658891123181e-10,0.0013427906669676304,not_checked,0.001,not_checked,not_checked,,-0.002546301518281352,0.008523060833088365,0.0018429247862614684,True
local_b3_n800,595,2035212196,local,3,0.10606601717798213,800,0.0011454548711420376,True,ok,0.0021500145918935676,0.6975588800608632,0.0021186990352588374,3.5864407316347506,4.055982228110872,0.18877560962470585,0.1760106466310306,0.13159962441880568,0.1790640575923564,0.17906405759235625,800.0000000000005,800.0000000000005,0.00125,8.881784197001252e-16,14.397588656965802,10,2.5587171270657905e-17,1.8865117801247777e-16,3.028688411177427e-13,-0.07320869230252036,0.8535600403869743,1.214890543737173,0.13077652517863245,2.220446049250313e-15,0.001446582842618227,not_checked,0.001,not_checked,not_checked,,-0.0020025592112935123,0.0063025883950806475,0.00100455972075153,True
local_b3_n800,596,2035212197,local,3,0.10606601717798213,800,0.0011454548711420376,True,ok,0.0004026501039482433,0.6814534069475215,0.0010247107561008747,0.6573914978365364,0.6069748248243918,0.7373931679338446,0.7328246770240348,0.7382391817238334,0.7246111715070325,0.7246111715070322,800.0000000000005,800.0000000000005,0.00125,1.6504908550984965e-11,15.145658504714973,9,-1.384970588734491e-12,-1.597029800071148e-16,-2.5557334026871104e-13,-0.006575665759673388,0.9651041136657598,1.1570703339664095,0.17091152496722606,3.7512881689849564e-11,0.0013293749652802944,not_checked,0.001,not_checked,not_checked,,-0.0016057460725802785,0.002411046280476765,-0.0007428047671937943,True
local_b3_n800,597,2035212198,local,3,0.10606601717798213,800,0.0011454548711420376,True,ok,0.004857767778104982,0.629052389087533,0.0035982681549510185,8.19483156250079,6.823599490283758,0.03305455658256137,0.027528334540486504,0.03298178811552883,0.020522894266826748,0.0205228942668267,800.0000000000005,800.0000000000005,0.00125,1.411093464298574e-13,9.613431674233599,10,-3.335439563434406e-14,3.0964814046186007e-16,4.956035581926699e-13,-0.2112015587664069,0.9975097112365823,1.2704025827327858,0.20124385419455282,2.737809978725636e-13,0.0014411259908229113,not_checked,0.001,not_checked,not_checked,,-0.002194708212316405,0.011910243768526368,0.0037123129069629446,True
local_b3_n800,598,2035212199,local,3,0.10606601717798213,800,0.0011454548711420376,True,ok,0.004465388950876115,0.6372871050164679,0.003449211913809822,7.53830449502806,6.241061366699545,0.04151255754265801,0.03487468431572454,0.04413374116241694,0.02809085611661339,0.02809085611661333,800.0000000000005,800.0000000000005,0.00125,1.1002310174035301e-13,9.942587198233475,10,-2.5726816510474038e-14,3.8337388819087437e-16,6.146194664324867e-13,-0.19684108681313628,1.0235473980254777,1.2169876132436483,0.20299324779623962,2.1826984664130578e-13,0.001449459232389927,not_checked,0.001,not_checked,not_checked,,-0.0022949421752376095,0.01122572007698984,0.003319934079734077,True
local_b3_n800,599,2035212200,local,3,0.10606601717798213,800,0.0011454548711420376,True,ok,0.002097959163172236,0.596636475012897,0.0023290253032857222,3.4544105269865852,3.1240254143489383,0.2054591071587768,0.19622018369798266,0.2097135541668113,0.186678511674008,0.18667851167400784,800.0000000000005,800.0000000000005,0.00125,6.062639279491577e-11,9.77980209428923,9,8.673617379884035e-19,-1.0148132334464322e-16,-1.6253665080512292e-13,-0.04883793295550287,1.0124511925237207,1.1091565248188209,0.20821506638811194,1.2594347786887283e-10,0.0013354159891605377,not_checked,0.001,not_checked,not_checked,,-0.002466846550350256,0.006662764876694728,0.0009525042920301985,True
