cell,replicate,seed,regime,b,beta,n,population_gap,valid,status,gap,I1,se,score,wald,p_gap,p_score,p_wald,naive_p,kish_p,ess,a2,max_weight,moment_error,condition,iterations,gap_kl_error,gap_score_error,lr_identity_error,score_discrepancy,eig_min,eig_max,min_sampling_eigenvalue,dual_entropy_discrepancy,fit_seconds,refinement_status,refinement_tolerance,refined_full_status,refined_reduced_status,scaled_refinement,lower,upper,error,covered
local_b4_n800,0,2035221601,local,4,0.1414213562373095,800,0.0020075938745565125,True,ok,0.0007963297289435012,0.606673441269804,0.001443380920810648,1.2774621813314053,1.213607422080666,0.5298420247292579,0.528962298967312,0.5450903539257416,0.5288429441585436,0.5288429441585434,800.0000000000005,800.0000000000005,0.00125,9.60352908307982e-11,12.276624796048555,8,-2.5136988844598473e-13,-2.3483819056036026e-16,-3.7547742692822794e-13,-0.0016673075109013835,0.9547345356027385,1.0528450835383245,0.18659970107026413,2.0259061095373454e-10,0.0012337500229477882,ok,0.001,ok,ok,1.7763568394002505e-13,-0.0020326448918176285,0.003625304349704631,-0.0012112641456130113,True
local_b4_n800,1,2035221602,local,4,0.1414213562373095,800,0.0020075938745565125,True,ok,0.001003317614380661,0.5901047005554632,0.0015884806853649458,1.6261478471933128,1.5711777871098769,0.4546818664678264,0.4500543763904088,0.4558511749076116,0.4481379851135716,0.4481379851135716,800.0000000000005,800.0000000000005,0.00125,5.246625356392087e-11,10.638172166077165,8,-4.220620814648912e-12,6.635317295611287e-17,1.0658141036401503e-13,-0.010419832092127157,0.9862771335688292,1.0511350136219701,0.20040065075761188,1.033291230356781e-10,0.001233540941029787,ok,0.001,ok,ok,7.105427357601002e-13,-0.002110047319072134,0.004116682547833456,-0.0010042762601758515,True
local_b4_n800,2,2035221603,local,4,0.1414213562373095,800,0.0020075938745565125,True,ok,2.1945041585036407e-05,0.6803849643124418,0.00021945276656805662,0.03495511552014617,0.040577806000618624,0.9818358862643222,0.9819163334451175,0.9799155318713122,0.9825971759915738,0.9825971759915738,800.0000000000005,800.0000000000005,0.00125,2.7755575615628914e-16,17.5453497615623,9,2.478079590487181e-17,3.552117367605634e-17,5.684341886080802e-14,7.847550795605021e-05,0.827576805535827,1.108108196530424,0.1328584734241321,2.220446049250313e-16,0.0013278340920805931,ok,0.001,ok,ok,8.881784197001252e-13,-0.0004081744771960302,0.00045206456036610303,-0.001985648832971476,False
local_b4_n800,3,2035221604,local,4,0.1414213562373095,800,0.0020075938745565125,True,ok,0.0011611283003361006,0.6029612491332457,0.0016792219821915048,1.9007030360309072,1.873283356693039,0.40673326777635976,0.3983806842916723,0.39194189455815803,0.3949869153725164,0.3949869153725161,800.0000000000005,800.0000000000005,0.00125,8.111789018272475e-11,10.461579250448462,9,-3.5128150388530344e-17,-4.336808689942018e-19,-6.661338147750939e-16,-0.02144887774657256,0.9628563081024888,1.1049837232055948,0.18984093086202633,1.7013035424895406e-10,0.0013373340480029583,ok,0.001,ok,ok,0.0,-0.0021300863068072088,0.00445234290747941,-0.0008464655742204119,True
local_b4_n800,4,2035221605,local,4,0.1414213562373095,800,0.0020075938745565125,True,ok,0.0024109907237352957,0.5955009625597238,0.0024907286233956205,3.9992624956269984,3.5821346577082704,0.16701335258062638,0.15639489279561025,0.1667820633263901,0.14532355931416382,0.14532355931416366,800.0000000000005,800.0000000000005,0.00125,5.7512883344656984e-11,9.209473171562061,9,2.0339632755828063e-16,2.489328188026718e-16,3.9968028886505635e-13,-0.07083866882526157,1.0387909151441175,1.1168162386231522,0.2231974858717969,1.1927170362469042e-10,0.0013405829668045044,ok,0.001,ok,ok,1.7763568394002505e-13,-0.0024707476733831484,0.00729272912085374,0.00040339684917878316,True
local_b4_n800,5,2035221606,local,4,0.1414213562373095,800,0.0020075938745565125,True,ok,0.0018366082736347433,0.5953515649343719,0.0020350257091071586,3.0300239691745072,3.174955044668272,0.24165688302981064,0.23123494725124555,0.20444065885964696,0.23008956820037327,0.23008956820037307,800.0000000000005,800.0000000000005,0.00125,5.7111315676650065e-11,9.572583797156751,9,1.1687699419393738e-16,1.5569143196891844e-16,2.4780177909633494e-13,-0.04572536567945806,0.9486682408956766,1.122515389272382,0.19034665564692138,1.18419940520198e-10,0.0013317919801920652,ok,0.001,ok,ok,1.0658141036401503e-12,-0.0021519688238283725,0.005825185371097859,-0.00017098560092176918,True
local_b4_n800,6,2035221607,local,4,0.1414213562373095,800,0.0020075938745565125,True,ok,0.000503601044009816,0.6433742554087849,0.0011334825028130704,0.820677883642423,0.7757527083378718,0.6764174617157492,0.6715410710075556,0.6784962313081877,0.6683917433412527,0.6683917433412527,800.0000000000005,800.0000000000005,0.00125,1.8596235662471372e-11,12.875654469326618,9,-1.5491794045502383e-12,-1.0625181290357943e-16,-1.680877659282487e-13,-0.007458106613358495,0.9787875600933166,1.0844528460708434,0.1917661960531491,3.9899639148188726e-11,0.0013316250406205654,ok,0.001,ok,ok,1.7763568394002505e-13,-0.0017179838386101225,0.0027251859266297545,-0.0015039928305466965,True
local_b4_n800,7,2035221608,local,4,0.1414213562373095,800,0.0020075938745565125,True,ok,0.005693264428239919,0.6832319429029796,0.0039711539847834725,9.769984488754515,7.537976889106367,0.02106722688163587,0.016016294165868042,0.02307539352532946,0.010518585461037618,0.010518585461037587,800.0000000000005,800.0000000000005,0.00125,3.5065284009760944e-12,11.312606973929684,10,-1.012427988666964e-12,-6.071532165918825e-18,-1.2434497875801753e-14,-0.33038070178531953,0.9975619479369464,1.3389744960647472,0.17917227111058878,7.281286684701627e-12,0.0014437080826610327,ok,0.001,ok,ok,1.7763568394002505e-13,-0.0020900543589984083,0.013476583215478247,0.0036856705536834067,True
local_b4_n800,8,2035221609,local,4,0.1414213562373095,800,0.0020075938745565125,True,ok,0.0006070356398428789,0.6589911873358303,0.0013249364267228806,0.9931526374344173,0.8135578057302041,0.6377944359816221,0.6313730487251075,0.6657913785957139,0.6153103453482327,0.6153103453482325,800.0000000000005,800.0000000000005,0.00125,5.668610025821863e-11,13.474093042778748,9,-5.458035499256164e-12,9.345822726825048e-17,1.4921397450962104e-13,-0.01094780684290525,0.946748251961335,1.226897603275057,0.17747689577348538,1.2361067724953045e-10,0.001328999875113368,ok,0.001,ok,ok,1.7763568394002505e-13,-0.0019897920383391597,0.0032038633180249175,-0.0014005582347136336,True
local_b4_n800,9,2035221610,local,4,0.1414213562373095,800,0.0020075938745565125,True,ok,0.0034715909783935572,0.621393936305386,0.0031497894478288635,5.825148099656714,4.565891878631574,0.08370636918469918,0.07431056135952413,0.10198332705380259,0.06220793078924147,0.062207930789241354,800.0000000000005,800.0000000000005,0.00125,1.8526868927892792e-10,9.571221639391103,9,-2.762113454624071e-15,-2.5500435096859064e-16,-4.0234482412415673e-13,-0.13530126711350965,0.9475521143558847,1.2854386961831916,0.19390378384313234,3.995468400574964e-10,0.0013359161093831062,ok,0.001,ok,ok,1.7763568394002505e-13,-0.0027018828982353187,0.009645064855022433,0.0014639971038370447,True
local_b4_n800,10,2035221611,local,4,0.1414213562373095,800,0.0020075938745565125,True,ok,0.0016042628967172234,0.6101106755264449,0.002057381436258327,2.6500006981247353,2.33293396907882,0.3033953579783933,0.29190314557186314,0.31146541178147974,0.2770907200041905,0.27709072000419027,800.0000000000005,800.0000000000005,0.00125,1.1215584017065794e-10,10.131884786524331,9,-7.914675859144182e-17,5.4643789493269423e-17,8.881784197001252e-14,-0.041590031688588214,1.0172138000284765,1.136188373309526,0.21314396576610853,2.3785351466187876e-10,0.0013350420631468296,not_checked,0.001,not_checked,not_checked,,-0.0024281306208103863,0.005636656414244833,-0.00040333097783928906,True
local_b4_n800,11,2035221612,local,4,0.1414213562373095,800,0.0020075938745565125,True,ok,0.003911181812246145,0.6068446426974832,0.0033022619889024702,6.561942148481934,5.278658541033137,0.0597389386208121,0.052174250637530374,0.0714091497193761,0.0437639241820288,0.043763924182028735,800.0000000000005,800.0000000000005,0.00125,9.681211388112843e-11,8.940401011605466,9,-3.606490106555782e-15,1.5092094240998222e-16,2.460254222569347e-13,-0.152025624444049,0.9707289437907493,1.2431817329396644,0.20552145113815815,2.0422263879993352e-10,0.0013371249660849571,not_checked,0.001,not_checked,not_checked,,-0.002561132753518304,0.010383496378010594,0.0019035879376896325,True
local_b4_n800,12,2035221613,local,4,0.1414213562373095,800,0.0020075938745565125,True,ok,0.0008259824758085621,0.6026244450684457,0.0015022688091873078,1.3444556318631737,1.1817651606649702,0.5354420009587366,0.5296884095984207,0.5538382622078162,0.5164452589501538,0.5164452589501536,800.0000000000005,800.0000000000005,0.00125,7.983969041447381e-11,10.866080650901495,8,-4.558122542602794e-12,3.7947076036992655e-17,6.084022174945858e-14,-0.011441835284736857,0.9695877072371172,1.1514375014603015,0.2028401694916672,1.6743917363726268e-10,0.001223000232130289,not_checked,0.001,not_checked,not_checked,,-0.002118410285296436,0.0037703752369135602,-0.0011816113987479504,True
local_b4_n800,13,2035221614,local,4,0.1414213562373095,800,0.0020075938745565125,True,ok,0.0020153713994977007,0.6478597681753622,0.002327738601326156,3.344666859476313,2.862565904461442,0.23080791611628498,0.21859243238943532,0.23900209719115856,0.19942897529516507,0.19942897529516485,800.0000000000005,800.0000000000005,0.00125,8.881784197001252e-16,11.6893406081339,10,-1.951563910473908e-16,-2.5587171270657905e-16,-4.085620730620576e-13,-0.060036310139995,0.9884937409423153,1.213905109259078,0.1920535548215241,1.7763568394002505e-15,0.0014322919305413961,not_checked,0.001,not_checked,not_checked,,-0.002546912424525205,0.0065776552235206065,7.777524941188219e-06,True
local_b4_n800,14,2035221615,local,4,0.1414213562373095,800,0.0020075938745565125,True,ok,4.436758585191214e-06,0.6828331644545858,9.762163846471162e-05,0.007115473194054579,0.00826407588108548,0.9963110954340342,0.9963024544659982,0.9958764871821427,0.9964568848302711,0.9964568848302711,800.0000000000005,800.0000000000005,0.00125,1.5415702048215962e-10,17.006774379468208,8,-1.4432530479630153e-12,-7.85707761873089e-17,-1.2567724638756772e-13,-8.329728874316e-06,0.8548759878844948,1.078942224650929,0.13608271654384385,3.643045864976102e-10,0.0012225420214235783,not_checked,0.001,not_checked,not_checked,,-0.00018689813691743357,0.000195771654087816,-0.0020031571159713213,False
local_b4_n800,15,2035221616,local,4,0.1414213562373095,800,0.0020075938745565125,True,ok,0.0064870539427219764,0.6184021829104538,0.0040582193876653105,11.042358978862568,9.380409346831838,0.010523429263528061,0.00787413946297599,0.00918480607821565,0.005573995517083316,0.0055739955170833,800.0000000000005,800.0000000000005,0.00125,1.6242873712712935e-10,8.52816561682878,9,-3.421447153373336e-13,-6.418476861114186e-17,-1.0480505352461478e-13,-0.3315363352537002,1.0792968665915,1.1959659871961001,0.21757921949442133,3.4862757125608823e-10,0.0013340821024030447,not_checked,0.001,not_checked,not_checked,,-0.0014669098984642238,0.014441017783908177,0.004479460068165464,True
local_b4_n800,16,2035221617,local,4,0.1414213562373095,800,0.0020075938745565125,True,ok,0.006023375507371975,0.722475658859191,0.004083579099366346,10.544839203923496,7.6703427759869145,0.019806088769082637,0.0137760609224201,0.02159763657735849,0.008077277503222268,0.00807727750322225,800.0000000000005,800.0000000000005,0.00125,3.6103786626995316e-11,12.342954094904032,10,-1.219229231463892e-11,-3.95516952522712e-16,-6.341593916658894e-13,-0.45371919606416533,1.063308794819982,1.3748908797262636,0.1741767136971875,7.819211944593008e-11,0.0014428331051021814,not_checked,0.001,not_checked,not_checked,,-0.0019802924554065734,0.014027043470150524,0.004015781632815463,True
local_b4_n800,17,2035221618,local,4,0.1414213562373095,800,0.0020075938745565125,True,ok,0.003643086926451655,0.6402138090259886,0.0030896042776693434,6.006103363095122,5.35182066995124,0.061887057356465325,0.05688919810456278,0.06884412864193479,0.05423279166781883,0.05423279166781875,800.0000000000005,800.0000000000005,0.00125,3.6637359812630166e-15,11.914104164027485,10,-3.3566899260151217e-16,5.637851296924623e-18,8.881784197001252e-15,-0.08858214038623524,0.9649690617495827,1.1274469129038789,0.1754040098754304,7.771561172376096e-15,0.0014284590724855661,not_checked,0.001,not_checked,not_checked,,-0.0024124261842611468,0.009698600037164457,0.0016354930518951427,True
local_b4_n800,18,2035221619,local,4,0.1414213562373095,800,0.0020075938745565125,True,ok,0.001732166204935881,0.6139127557634807,0.002162121665271979,2.8647324764695252,2.4695963148455164,0.27427444254842925,0.26261844243993426,0.290893471130604,0.2501403886960177,0.25014038869601746,800.0000000000005,800.0000000000005,0.00125,1.3297563050684857e-10,10.222067242274797,9,-6.245004513516506e-17,4.5102810375396984e-17,7.194245199571014e-14,-0.0466332742860569,0.9809131749486784,1.164251953299731,0.20469372428669128,2.836708645759245e-10,0.0013339989818632603,not_checked,0.001,not_checked,not_checked,,-0.0025055143891909637,0.005969846799062726,-0.0002754276696206315,True
local_b4_n800,19,2035221620,local,4,0.1414213562373095,800,0.0020075938745565125,True,ok,0.002395935513515468,0.6512315651905671,0.002553901766609208,4.005489140463811,3.3434830325515073,0.17293727576276768,0.1599084875679062,0.18791951560971235,0.14708444360935677,0.14708444360935666,800.0000000000005,800.0000000000005,0.00125,1.4432899320127035e-15,11.318846725446358,10,-4.3281350725621337e-16,-2.5370330836160804e-16,-4.072298054325074e-13,-0.08599615941952998,0.9774218043758546,1.2085959184174113,0.18356525691697714,2.886579864025407e-15,0.0014327499084174633,not_checked,0.001,not_checked,not_checked,,-0.0026096199690917978,0.007401490996122734,0.00038834163895895557,True
local_b4_n800,20,2035221621,local,4,0.1414213562373095,800,0.0020075938745565125,True,ok,0.0017655756930219368,0.591931652985908,0.0021543090892786002,2.9059155683222238,2.6154695469911196,0.2598430014701836,0.2500340230270208,0.27043195270807446,0.24354329377552703,0.24354329377552683,800.0000000000005,800.0000000000005,0.00125,4.868916381184363e-11,9.59543086981297,9,2.8492833092919057e-16,1.0083080204115191e-16,1.6475709685437323e-13,-0.040497229743561514,0.9358594350175278,1.1643232977362163,0.19424343503295538,1.0043099685219659e-10,0.001325499964877963,not_checked,0.001,not_checked,not_checked,,-0.0024567925335314033,0.005987943919575277,-0.00024201818153457566,True
local_b4_n800,21,2035221622,local,4,0.1414213562373095,800,0.0020075938745565125,True,ok,0.0009102776493272735,0.658380184540589,0.0014638495189561837,1.4960864967558662,1.5074159612367912,0.4973130251268688,0.4879521437283323,0.4706182700210053,0.48276652877965154,0.4827665287796514,800.0000000000005,800.0000000000005,0.00125,7.771561172376096e-16,13.0534459414337,10,1.2327378701160185e-16,1.0733601507606494e-16,1.7119639039719914e-13,-0.019821128916113873,0.9849500098623076,1.102190296716588,0.17203388341277087,1.5543122344752192e-15,0.0014450419694185257,not_checked,0.001,not_checked,not_checked,,-0.0019588146866131298,0.0037793699852676768,-0.001097316225229239,True
local_b4_n800,22,2035221623,local,4,0.1414213562373095,800,0.0020075938745565125,True,ok,0.001598801316069265,0.6026478671386943,0.001975292035818469,2.638606414053445,2.528159353885093,0.2989111455130481,0.2877634571696527,0.2824991670367274,0.27830405140814446,0.27830405140814424,800.0000000000005,800.0000000000005,0.00125,7.988765204913761e-11,9.860264194505742,9,6.288372600415926e-18,-1.940721888749053e-16,-3.1175062531474396e-13,-0.04026215417130996,1.035330648535179,1.083186914098621,0.20523959926463592,1.6762524701618986e-10,0.001335709122940898,not_checked,0.001,not_checked,not_checked,,-0.0022726999330837366,0.005470302565222266,-0.0004087925584872476,True
local_b4_n800,23,2035221624,local,4,0.1414213562373095,800,0.0020075938745565125,True,ok,0.002074583424878096,0.5968798767252286,0.0020900165664773564,3.4229366037610127,3.848884669763501,0.20277123375367084,0.19301084299190208,0.1459571293646203,0.1902023563963807,0.1902023563963805,800.0000000000005,800.0000000000005,0.00125,6.130951302196763e-11,9.639656609498724,9,-2.892651396191326e-16,-7.936359902593892e-17,-1.270095140171179e-13,-0.051801561978028765,0.8846398502007219,1.2003165370022157,0.1801281070353708,1.2741607768873564e-10,0.0013363752514123917,not_checked,0.001,not_checked,not_checked,,-0.002021773772509587,0.006170940622265779,6.698955032158338e-05,True
local_b4_n800,24,2035221625,local,4,0.1414213562373095,800,0.0020075938745565125,True,ok,0.0004550685334967497,0.6700831143417809,0.0010757149816510627,0.7229167764810546,0.7241442427222442,0.6875901356856142,0.6894272727313873,0.6962321528204864,0.6948530971285563,0.6948530971285561,800.0000000000005,800.0000000000005,0.00125,3.6298741790119493e-12,17.13946482700223,9,1.677454290922864e-13,-1.336821278674627e-16,-2.1338486533295509e-13,0.0025964385568726933,0.8683493411591982,1.085369008175108,0.1444650449038196,8.570699705501283e-12,0.0013266669120639563,not_checked,0.001,not_checked,not_checked,,-0.0016532940881694982,0.0025634311551629976,-0.0015525253410597628,True
local_b4_n800,25,2035221626,local,4,0.1414213562373095,800,0.0020075938745565125,True,ok,0.0007861381993794492,0.602919885149451,0.0013846936642412102,1.2834004596213238,1.2872220867551587,0.5379891232975711,0.5312674388181633,0.5253917819430005,0.5331723442592313,0.5331723442592311,800.0000000000005,800.0000000000005,0.00125,8.094147574411181e-11,10.655035967716652,8,-5.992978791176384e-12,-1.5113778284447932e-16,-2.4091839634365897e-13,-0.012789670307102208,0.8879963623306354,1.1529226994061048,0.17615350692716109,1.697961771185419e-10,0.001221250044181943,not_checked,0.001,not_checked,not_checked,,-0.001927811512154121,0.0035000879109130193,-0.0012214556751770633,True
local_b4_n800,26,2035221627,local,4,0.1414213562373095,800,0.0020075938745565125,True,ok,0.008254484707474807,0.5935766445945521,0.0046706109538522216,13.985846487381496,11.504117683204141,0.003011529938778871,0.0021448819111237645,0.0031762346959998884,0.0013554961002940663,0.0013554961002940624,800.0000000000005,800.0000000000005,0.00125,5.25707255505381e-11,7.916046110392309,9,-5.866418462119327e-13,-2.220446049250313e-16,-3.4994229736184934e-13,-0.3893354777108984,1.0458265927349284,1.2169350674522148,0.22491305823518395,1.0873035805047948e-10,0.0013367910869419575,not_checked,0.001,not_checked,not_checked,,-0.000899744547873815,0.01740871396282343,0.006246890832918295,True
local_b4_n800,27,2035221628,local,4,0.1414213562373095,800,0.0020075938745565125,True,ok,0.00874868797704198,0.630571056759673,0.004934190368367956,14.955902611211,11.337839350677516,0.0028733447172001074,0.0019461679951213,0.003451592102718426,0.0009128395960989515,0.0009128395960989484,800.0000000000005,800.0000000000005,0.00125,1.1008971512183052e-11,8.956068050734412,10,-3.3329120713299076e-12,-9.194034422677078e-17,-1.4921397450962104e-13,-0.4790009239719124,1.0095710573637917,1.338603278369285,0.20241248579366952,2.0682122681137116e-11,0.0014436249621212482,not_checked,0.001,not_checked,not_checked,,-0.0009221474378236349,0.018419523391907597,0.006741094102485468,True
local_b4_n800,28,2035221629,local,4,0.1414213562373095,800,0.0020075938745565125,True,ok,0.005168948556293573,0.6060414321436103,0.0037297859342813556,8.53177847307197,7.3008390090133055,0.024539610264735737,0.021885262926848364,0.0259802276697917,0.016000123387795724,0.016000123387795682,800.0000000000005,800.0000000000005,0.00125,9.322176364179313e-11,10.200130701248927,9,-3.146788385421928e-15,-1.1622647289044608e-16,-1.8829382497642655e-13,-0.13073039150112375,0.9264443173985517,1.279878315688614,0.19394686971384056,1.9667467654471693e-10,0.0013297912664711475,not_checked,0.001,not_checked,not_checked,,-0.002141297544941961,0.012479194657529107,0.003161354681737061,True
local_b4_n800,29,2035221630,local,4,0.1414213562373095,800,0.0020075938745565125,True,ok,0.009575886601682404,0.5603124153413661,0.004717237996014283,16.2262632083626,15.298191486575009,0.0010198686073690797,0.0006799844375142997,0.0004764747898059891,0.0004709732397657411,0.00047097323976573897,800.0000000000005,800.0000000000005,0.00125,1.0485168289164903e-11,6.6600668624689545,9,-7.749946517865425e-13,-3.9898639947466563e-16,-6.377121053446899e-13,-0.4524223228353721,1.0603152564394904,1.1587067905566404,0.2311381492352926,2.0643708964485086e-11,0.0013394171837717295,not_checked,0.001,not_checked,not_checked,,0.00033027002299050937,0.0188215031803743,0.0075682927271258915,True
local_b4_n800,30,2035221631,local,4,0.1414213562373095,800,0.0020075938745565125,True,ok,0.0064840052958174965,0.6598571600943655,0.004051157763047548,11.088213396774638,9.31259220900558,0.01092941968006515,0.008016289954977822,0.009501590203869268,0.005587606623862795,0.00558760662386278,800.0000000000005,800.0000000000005,0.00125,3.6362024502523127e-12,10.279520845111895,10,-1.043252290111596e-12,1.5005358067199381e-16,2.4158453015843406e-13,-0.35690246173331897,1.0953090860970682,1.1988559521878226,0.20259110062217842,7.2590822242091235e-12,0.0014513339847326279,not_checked,0.001,not_checked,not_checked,,-0.0014561180154455487,0.014424128607080542,0.004476411421260984,True
local_b4_n800,31,2035221632,local,4,0.1414213562373095,800,0.0020075938745565125,True,ok,0.006834588893087634,0.6405233649506492,0.0042802420547682594,11.703273806854373,9.548044019488358,0.010310457106169367,0.0075795380108656715,0.008446340488148494,0.004221051064749835,0.004221051064749821,800.0000000000005,800.0000000000005,0.00125,3.822497873784414e-12,9.170510667436428,10,-1.1173362582383994e-12,3.469446951953614e-17,6.039613253960852e-14,-0.38396578895707645,0.9337206023911991,1.3975734812802305,0.18114023096099244,7.359002296425388e-12,0.0014392929151654243,not_checked,0.001,not_checked,not_checked,,-0.001554531379371872,0.01522370916554714,0.004826995018531122,True
local_b4_n800,32,2035221633,local,4,0.1414213562373095,800,0.0020075938745565125,True,ok,0.0015384271335219246,0.6573451334402642,0.0020149149593028408,2.5559212143205037,2.2272424274769227,0.32124761065973706,0.3075672945729022,0.32836771581631097,0.29207586266271557,0.29207586266271546,800.0000000000005,800.0000000000005,0.00125,5.551115123125783e-16,12.130325989523147,10,-3.0574501264091225e-17,-1.5590827240341554e-16,-2.5002222514558525e-13,-0.04721890034271148,1.0183222665343654,1.1511046566260208,0.19255890283093044,1.3322676295501878e-15,0.0014442510437220335,not_checked,0.001,not_checked,not_checked,,-0.0024107336186226323,0.0054875878856664815,-0.0004691667410345879,True
local_b4_n800,33,2035221634,local,4,0.1414213562373095,800,0.0020075938745565125,True,ok,0.00031425173337829015,0.5833274997245592,0.0008957814700437243,0.5090411749256197,0.4868190737469377,0.7825572435964558,0.7801806161880587,0.7839503914280642,0.7777101463903706,0.7777101463903705,800.0000000000005,800.0000000000005,0.00125,3.241140689169697e-11,10.365766747092525,8,-7.58315936086329e-14,-5.708324438136181e-17,-9.037215420448774e-14,-0.003119200760177576,0.9742695813341894,1.0787452348973423,0.21421491125225886,6.599476520818826e-11,0.001216790871694684,not_checked,0.001,not_checked,not_checked,,-0.0014414476859257548,0.002069951152682335,-0.0016933421411782223,True
local_b4_n800,34,2035221635,local,4,0.1414213562373095,800,0.0020075938745565125,True,ok,0.009660205206156292,0.6520324720599899,0.0048224678829918355,16.699981866455406,14.359762053566905,0.0012814597089435523,0.000750137780708007,0.0007617584656147441,0.00044025160500602885,0.00044025160500602657,800.0000000000005,800.0000000000005,0.00125,5.785594225926616e-11,9.260266983251869,10,-1.954409724336248e-11,1.5439038936193583e-16,2.398081733190338e-13,-0.6218267683026655,1.1374116837285266,1.182426513067059,0.20377859749601562,1.1123857390771263e-10,0.0014505418948829174,not_checked,0.001,not_checked,not_checked,,0.00020834183889117432,0.01911206857342141,0.007652611331599779,True
local_b4_n800,35,2035221636,local,4,0.1414213562373095,800,0.0020075938745565125,True,ok,0.0010315186903291362,0.6470713731085029,0.0015136732857340893,1.695649973710922,1.8105203129201008,0.45282848315625246,0.4431295856319556,0.4044366546070386,0.4381408029849413,0.43814080298494096,800.0000000000005,800.0000000000005,0.00125,5.551115123125783e-16,12.378243866771772,10,1.5959455978986625e-16,9.345822726825048e-17,1.5076828674409626e-13,-0.022610034592151607,0.9288949941041581,1.16222005053857,0.16761193628814622,4.440892098500626e-16,0.0014557917602360249,not_checked,0.001,not_checked,not_checked,,-0.001935226434070085,0.003998263814728358,-0.0009760751842273763,True
local_b4_n800,36,2035221637,local,4,0.1414213562373095,800,0.0020075938745565125,True,ok,0.004496750807384098,0.6618781482553384,0.003219544538667089,7.631039436927899,7.284297876038439,0.039189768802793346,0.032218738449454186,0.026195989878053834,0.027394838865398213,0.027394838865398157,800.0000000000005,800.0000000000005,0.00125,2.788880237858393e-13,10.853072887224009,10,-6.938546959212033e-14,-1.214306433183765e-17,-1.5987211554602254e-14,-0.21811907255666885,1.0464304142227334,1.1724188773432616,0.1784483828473444,5.684341886080801e-13,0.0014499169774353504,not_checked,0.001,not_checked,not_checked,,-0.0018134405350260204,0.010806942149794215,0.0024891569328275853,True
local_b4_n800,37,2035221638,local,4,0.1414213562373095,800,0.0020075938745565125,True,ok,0.0027635388414619655,0.6037473081924896,0.002676648832779342,4.6022384721992315,4.086585784191908,0.12798673756394324,0.11770626553952351,0.12960124455062963,0.1096095171235181,0.10960951712351794,800.0000000000005,800.0000000000005,0.00125,8.408185259156653e-11,9.292738572225222,9,-3.612561638721701e-16,-9.194034422677078e-17,-1.4566126083082054e-13,-0.09028816293004205,0.9994239468041286,1.1512126246487357,0.2093177772192455,1.7655610307087954e-10,0.0013555421028286219,not_checked,0.001,not_checked,not_checked,,-0.002482596470046718,0.008009674152970648,0.000755944966905453,True
local_b4_n800,38,2035221639,local,4,0.1414213562373095,800,0.0020075938745565125,True,ok,0.0006208260342419614,0.6543907132037312,0.0012499191916679293,1.0061605221280467,0.9724060435950497,0.6174867334748875,0.6136511207193289,0.6149569449747001,0.6085593554741546,0.6085593554741544,800.0000000000005,800.0000000000005,0.00125,1.889011169708965e-11,14.016339533602928,9,-1.3724964090591762e-12,-1.947227101783966e-16,-3.11972669919669e-13,-0.006419433670454,1.014548717214928,1.0460497243794014,0.17955811770716057,4.117173268980423e-11,0.001328666927292943,not_checked,0.001,not_checked,not_checked,,-0.0018289705650125967,0.0030706226334965194,-0.0013867678403145511,True
local_b4_n800,39,2035221640,local,4,0.1414213562373095,800,0.0020075938745565125,True,ok,0.012845137069468437,0.6388578763414281,0.006028810279248842,22.170067602902026,16.20906776486542,0.00024343506772126085,0.00013060667996720712,0.00030216604239241893,3.444627632609256e-05,3.444627632609242e-05,800.0000000000005,800.0000000000005,0.00125,9.992007221626409e-16,8.96883805990761,11,2.411265631607762e-16,2.0643209364124004e-16,3.304023721284466e-13,-0.8089241458762579,0.9680051589684261,1.3915366956858763,0.18960554459126097,1.7763568394002505e-15,0.0015570416580885649,not_checked,0.001,not_checked,not_checked,,0.001028886052515842,0.024661388086421033,0.010837543194911925,True
local_b4_n800,40,2035221641,local,4,0.1414213562373095,800,0.0020075938745565125,True,ok,0.006924191808552083,0.6008064871614969,0.004105866792882372,11.75398353628057,10.574270538739,0.00691265139098173,0.0051050446985895365,0.00505622425256849,0.003929066367516063,0.003929066367516048,800.0000000000005,800.0000000000005,0.00125,7.34922123157844e-11,7.980858671664602,9,-2.8511481370285807e-13,1.9255430583342559e-16,3.1086244689504383e-13,-0.3376383212986154,1.0977583321345223,1.1290580009733533,0.22010204629283486,1.5363110783539469e-10,0.0013347091153264046,not_checked,0.001,not_checked,not_checked,,-0.0011231592308163438,0.014971542847920509,0.00491659793399557,True
local_b4_n800,41,2035221642,local,4,0.1414213562373095,800,0.0020075938745565125,True,ok,0.0028304775089942336,0.6352717282199469,0.0027416611525955597,4.683555606610092,4.072011988769365,0.1250722550963137,0.1165235835821603,0.13054908477620808,0.10389422058626022,0.1038942205862601,800.0000000000005,800.0000000000005,0.00125,7.771561172376096e-16,11.288904865746828,10,1.0451708942760263e-16,2.402592014227878e-16,3.8546943414985435e-13,-0.07739579610965786,0.9997288278522996,1.178449238884287,0.19605005196269193,1.7763568394002505e-15,0.0014354591257870197,not_checked,0.001,not_checked,not_checked,,-0.0025430796079056366,0.008204034625894103,0.0008228836344377211,True
local_b4_n800,42,2035221643,local,4,0.1414213562373095,800,0.0020075938745565125,True,ok,0.000479969675854397,0.6436552292580409,0.0011349986400639893,0.7838939920282214,0.7027378446919788,0.689464819533435,0.6841679762054436,0.7037240864191152,0.6811479511628347,0.6811479511628344,800.0000000000005,800.0000000000005,0.00125,2.201061555240358e-11,12.717624827900934,9,-1.9032803219749816e-12,9.898765834792655e-17,1.5898393712632242e-13,-0.007971255330592897,0.9349594481698996,1.1384650953573276,0.17986281259385203,4.7152282078855023e-11,0.0013290001079440117,not_checked,0.001,not_checked,not_checked,,-0.001744586781172962,0.002704526132881756,-0.0015276241987021155,True
local_b4_n800,43,2035221644,local,4,0.1414213562373095,800,0.0020075938745565125,True,ok,0.0027059452699087494,0.6095330523411673,0.002605142702824101,4.49283546731234,4.180363867721134,0.12860184726348933,0.11906537023973346,0.1236646349862267,0.1147779122138215,0.11477791221382136,800.0000000000005,800.0000000000005,0.00125,1.0930867322400672e-10,9.765593387998802,9,5.160802341031001e-17,7.632783294297951e-17,1.2434497875801753e-13,-0.0816615177291693,0.9618138850412024,1.1488499530704643,0.18932677053693675,2.3154345107911922e-10,0.001340542221441865,not_checked,0.001,not_checked,not_checked,,-0.0024000406022138213,0.00781193114203132,0.0006983513953522369,True
local_b4_n800,44,2035221645,local,4,0.1414213562373095,800,0.0020075938745565125,True,ok,7.809439812844765e-05,0.6345510084752104,0.0004349186262730163,0.12539540257018972,0.12911128310699896,0.9398014333495476,0.9395939627427732,0.9374839497474611,0.9394360613333,0.9394360613332999,800.0000000000005,800.0000000000005,0.00125,2.1094237467877974e-15,13.64712662641497,9,-2.2581220747441844e-16,-1.6664187391102203e-16,-2.660094367001875e-13,-0.0002221827823367037,0.940900463888371,1.0760158045835329,0.17404364882794415,4.6629367034256575e-15,0.0013265418820083141,not_checked,0.001,not_checked,not_checked,,-0.0007743304455723,0.0009305192418291953,-0.0019294994764280649,False
local_b4_n800,45,2035221646,local,4,0.1414213562373095,800,0.0020075938745565125,True,ok,0.0010731886431747384,0.6755179891592549,0.0016332953794399407,1.7146108135713225,1.718953230025001,0.4271074297714244,0.4276348081031274,0.4233836169678109,0.42377572484139703,0.4237757248413969,800.0000000000005,800.0000000000005,0.00125,8.139777740723275e-11,16.993035654151345,9,6.760672750794061e-13,7.112366251504909e-17,1.141309269314661e-13,0.0012455077541299042,0.9859341419719355,1.0327891295999656,0.16523108623320848,1.908109226178567e-10,0.0013255828525871038,not_checked,0.001,not_checked,not_checked,,-0.0021280114766432275,0.004274388762992704,-0.0009344052313817741,True
local_b4_n800,46,2035221647,local,4,0.1414213562373095,800,0.0020075938745565125,True,ok,0.0051551726440139944,0.5935520033738824,0.0036651542939269473,8.631306142665332,7.479191633637086,0.02408864347455264,0.020294405650787502,0.023763706080825883,0.016177431663499196,0.01617743166349915,800.0000000000005,800.0000000000005,0.00125,5.249001233664785e-11,8.591391836515728,9,-1.1613106309926735e-14,-1.3877787807814457e-17,-1.9539925233402755e-14,-0.19151495612146796,0.9926359194417851,1.2116394109662831,0.21576826261581816,1.0860135013501804e-10,0.0013367088977247477,not_checked,0.001,not_checked,not_checked,,-0.0020283977698651538,0.012338743057893143,0.003147578769457482,True
local_b4_n800,47,2035221648,local,4,0.1414213562373095,800,0.0020075938745565125,True,ok,0.0007258027822472091,0.6500724218524421,0.0013009020920173556,1.1575081885328529,1.249688585280871,0.5641023420741953,0.5651522089211641,0.5353447791516868,0.5595389008317049,0.5595389008317049,800.0000000000005,800.0000000000005,0.00125,1.3185230685053284e-11,15.348510060732444,9,3.0267617839169203e-13,-1.2197274440461925e-16,-1.9473311851925246e-13,0.0018881315313411529,0.9225529296989594,1.1121371590080715,0.17825680829196847,3.001887627362976e-11,0.0013249991461634636,not_checked,0.001,not_checked,not_checked,,-0.0018239184655196193,0.0032755240300140374,-0.0012817910923093034,True
local_b4_n800,48,2035221649,local,4,0.1414213562373095,800,0.0020075938745565125,True,ok,0.007004729081397709,0.638101611542077,0.004410780130643442,11.992943016939002,9.11761484842226,0.008678387705382151,0.006262778161700948,0.010474543184346563,0.0036839001482680527,0.0036839001482680406,800.0000000000005,800.0000000000005,0.00125,4.1423531271789216e-12,9.071481422484137,10,-1.2150272107880333e-12,-7.806255641895632e-17,-1.2612133559741778e-13,-0.3926882433513299,1.0189289024990926,1.3161735481089913,0.2005321369988131,7.935874180020619e-12,0.0014417089987546206,not_checked,0.001,not_checked,not_checked,,-0.001640241118388312,0.015649699281183732,0.004997135206841197,True
local_b4_n800,49,2035221650,local,4,0.1414213562373095,800,0.0020075938745565125,True,ok,0.0038189516958253567,0.6948485064914283,0.0030801819088618642,6.375143236548291,5.863327225279235,0.06424111536114191,0.05710900865602142,0.05330828000767096,0.04711511781889079,0.047115117818890696,800.0000000000005,800.0000000000005,0.00125,4.618527782440651e-14,14.27236609409001,10,-9.323705002506344e-15,-1.5092094240998222e-16,-2.398081733190338e-13,-0.13241026161385827,0.9722915157285057,1.24715831596547,0.17006459575958807,1.0147438445073931e-13,0.0014447090215981007,not_checked,0.001,not_checked,not_checked,,-0.0022180939113757327,0.009855997303026446,0.0018113578212688441,True
local_b4_n800,50,2035221651,local,4,0.1414213562373095,800,0.0020075938745565125,True,ok,0.0008056491490635587,0.6343457263307453,0.0013213379567609956,1.3113480387150693,1.4686728102374096,0.5311393966195783,0.5253702295934303,0.47982376194345255,0.5249147979127833,0.524914797912783,800.0000000000005,800.0000000000005,0.00125,5.904776667620126e-11,12.470549720256615,9,-5.391370184494593e-12,2.222614453595284e-17,3.6193270602780103e-14,-0.011154700106687399,0.8928713574911387,1.1559760674165245,0.16876826679283458,1.257542958654767e-10,0.0014151660725474358,not_checked,0.001,not_checked,not_checked,,-0.001784125657593736,0.0033954239557208534,-0.0012019447254929538,True
local_b4_n800,51,2035221652,local,4,0.1414213562373095,800,0.0020075938745565125,True,ok,0.0028093144818861493,0.6351803076804035,0.002840295818663953,4.66920008655322,3.720565689081162,0.1248406866958538,0.11529643131295192,0.1556286054407785,0.10566816801723336,0.10566816801723325,800.0000000000005,800.0000000000005,0.00125,2.3314683517128287e-15,10.934057301576383,10,-2.3245294578089215e-16,6.505213034913027e-17,1.0480505352461478e-13,-0.08714845776768909,0.9037506916708501,1.2551544049954035,0.17446447475959934,4.884981308350689e-15,0.0016077500768005848,not_checked,0.001,not_checked,not_checked,,-0.002757563028134907,0.008376191991907206,0.0008017206073296368,True
local_b4_n800,52,2035221653,local,4,0.1414213562373095,800,0.0020075938745565125,True,ok,0.0035477118174724875,0.5839879113783597,0.00306988082339196,5.842316380829643,5.154531795791295,0.06851329417684052,0.06337503894175595,0.07598146136223963,0.0585327147839182,0.05853271478391812,800.0000000000005,800.0000000000005,0.00125,3.344324817078359e-11,9.309256658831657,9,6.418476861114186e-17,1.8908485888147197e-16,3.019806626980426e-13,-0.08298873643682958,0.9630407294908024,1.1515364366406207,0.20911810282142287,6.817679754078654e-11,0.00151862483471632,not_checked,0.001,not_checked,not_checked,,-0.002469144033205921,0.009564567668150895,0.001540117942915975,True
local_b4_n800,53,2035221654,local,4,0.1414213562373095,800,0.0020075938745565125,True,ok,0.0023137725770343565,0.6267513677662226,0.0024456780116740803,3.8547547468130117,3.4096530486593326,0.18260497930530312,0.17025738622960532,0.18180392199717726,0.1570771706447337,0.15707717064473356,800.0000000000005,800.0000000000005,0.00125,6.661338147750939e-16,10.310545934470627,10,-1.4354836763708079e-16,1.0928757898653885e-16,1.745270594710746e-13,-0.07635931177901956,1.0175974079335015,1.160216212178216,0.20048133536038054,1.3322676295501878e-15,0.0015621660277247429,not_checked,0.001,not_checked,not_checked,,-0.002479668243628371,0.007107213397697084,0.00030617870247784396,True
local_b4_n800,54,2035221655,local,4,0.1414213562373095,800,0.0020075938745565125,True,ok,0.0010771638883642076,0.6207223109776381,0.0015786931685929317,1.7589760817255677,1.8288458095602682,0.4324370768323409,0.42503948806266234,0.40074782902785094,0.4224301756014168,0.4224301756014167,800.0000000000005,800.0000000000005,0.00125,1.8287071856804005e-10,11.49881518702518,8,-1.9255224584929787e-11,2.970713952610282e-17,4.75175454539567e-14,-0.01775693017141733,0.9544033101383653,1.1046386551922245,0.18183459059787468,3.875331167080276e-10,0.001324542099609971,not_checked,0.001,not_checked,not_checked,,-0.002017017864717358,0.004171345641445773,-0.0009304299861923049,True
local_b4_n800,55,2035221656,local,4,0.1414213562373095,800,0.0020075938745565125,True,ok,0.004370155556449928,0.6544824981222599,0.0034688329419155554,7.372054742257017,5.876183342532758,0.04513983723452496,0.03821787302080766,0.05296671024984002,0.0303146421122716,0.030314642112271542,800.0000000000005,800.0000000000005,0.00125,1.2290168882600483e-13,10.899809180697918,10,-2.90054438800702e-14,-1.0842021724855044e-16,-1.7141843500212417e-13,-0.18990292596856406,0.9940551558069013,1.254603636623737,0.18498903238633974,2.489120021209601e-13,0.0016395838465541601,not_checked,0.001,not_checked,not_checked,,-0.0024286320780906815,0.011168943190990538,0.002362561681893416,True
local_b4_n800,56,2035221657,local,4,0.1414213562373095,800,0.0020075938745565125,True,ok,0.0023592896134134733,0.6230721642097747,0.002404874277096037,3.9217826361372126,3.690383771573742,0.17214091526995284,0.16075219291816162,0.15799500098567568,0.15146030664102855,0.1514603066410284,800.0000000000005,800.0000000000005,0.00125,1.9947798968189545e-10,10.299418434872111,9,-2.2551405187698492e-17,6.678685382510707e-17,1.056932319443149e-13,-0.07345962733782652,1.0402610451327505,1.1053466447224272,0.2005361519717783,4.3113890235702e-10,0.0015512080863118172,not_checked,0.001,not_checked,not_checked,,-0.0023541773570415576,0.007072756583868504,0.0003516957388569608,True
local_b4_n800,57,2035221658,local,4,0.1414213562373095,800,0.0020075938745565125,True,ok,0.0037376468220486903,0.5829911225029494,0.003163728951923862,6.199291257116651,5.296854879111223,0.06473158210647473,0.05858049234444901,0.07076240376757635,0.050281530426881986,0.050281530426881896,800.0000000000005,800.0000000000005,0.00125,3.1810110101559985e-11,8.760497507950252,9,-3.3393426912553537e-16,-1.6566609195578508e-16,-2.6645352591003757e-13,-0.10952817091937161,1.0062854456152057,1.1758262877530612,0.22044205956188717,6.491274184838858e-11,0.0015712501481175423,not_checked,0.001,not_checked,not_checked,,-0.002463147980568731,0.009938441624666111,0.0017300529474921778,True
local_b4_n800,58,2035221659,local,4,0.1414213562373095,800,0.0020075938745565125,True,ok,0.0011452170527928018,0.5905803114549253,0.0016651693409915804,1.8791616463314094,1.842045556631504,0.41604063005412806,0.4068259713401601,0.3981116528203333,0.4000468385980693,0.4000468385980691,800.0000000000005,800.0000000000005,0.00125,4.567812794675774e-11,9.74282904181972,9,-1.0495077029659683e-16,-1.6566609195578508e-16,-2.651212582804874e-13,-0.023407180931462657,1.0029946219995423,1.0873630047651965,0.20582639304609235,9.407052914411906e-11,0.0015419579576700926,not_checked,0.001,not_checked,not_checked,,-0.002118454883710992,0.004408888989296596,-0.0008623768217637107,True
local_b4_n800,59,2035221660,local,4,0.1414213562373095,800,0.0020075938745565125,True,ok,0.0033797764279568376,0.6655375524828127,0.002914214538569945,5.67861462079878,5.158134759799171,0.09003705602524381,0.07994050939960147,0.07584470534569893,0.06694920092167025,0.06694920092167017,800.0000000000005,800.0000000000005,0.00125,2.4646951146678475e-14,11.783327544821931,10,-5.169909639279879e-15,-8.673617379884035e-18,-1.4210854715202004e-14,-0.13548616803391855,0.9522288492209492,1.2885670370142648,0.17540679714866544,5.1514348342607263e-14,0.0016868752427399158,not_checked,0.001,not_checked,not_checked,,-0.002331979110863267,0.009091531966776943,0.0013721825534003251,True
local_b4_n800,60,2035221661,local,4,0.1414213562373095,800,0.0020075938745565125,True,ok,0.005458372784201471,0.6010408763313502,0.0038072209633522413,9.134998667020167,7.730984372188516,0.02045386744452441,0.017150183938148558,0.020952607316820783,0.012693081123950225,0.012693081123950189,800.0000000000005,800.0000000000005,0.00125,7.427070070065156e-11,8.959580530174103,9,-1.7702853072343316e-14,-1.5612511283791264e-17,-2.4868995751603507e-14,-0.20080110614890412,0.9764132152154712,1.2526715409889193,0.20910872699043975,1.5534618036383563e-10,0.0015703330282121897,not_checked,0.001,not_checked,not_checked,,-0.002003643185154811,0.012920388753557752,0.003450778909644958,True
local_b4_n800,61,2035221662,local,4,0.1414213562373095,800,0.0020075938745565125,True,ok,0.0007541357462861331,0.6009831552842533,0.001375386804688692,1.2173717948827223,1.1964449533149226,0.5497485492387251,0.5468262867125269,0.549788029111447,0.5469988401048231,0.5469988401048231,800.0000000000005,800.0000000000005,0.00125,7.408740287928595e-11,11.451667602542345,8,-8.535197288522811e-13,9.77950359581925e-17,1.5654144647214707e-13,-0.005377300412454322,0.950180460869209,1.069034786688124,0.1884388462083079,1.5492318539145344e-10,0.0017341671045869589,not_checked,0.001,not_checked,not_checked,,-0.0019415728557153284,0.0034498443482875946,-0.0012534581282703794,True
local_b4_n800,62,2035221663,local,4,0.1414213562373095,800,0.0020075938745565125,True,ok,0.003001777892995383,0.6143270046822213,0.0028474525841516865,5.015277505140226,4.22015487302236,0.112405779745888,0.10211440524473364,0.12122857855172556,0.09058901555517984,0.09058901555517973,800.0000000000005,800.0000000000005,0.00125,1.35523037236851e-10,9.538575940461016,9,-6.904199434387692e-16,9.194034422677078e-17,1.4832579608992091e-13,-0.1062164381738051,0.978680704900925,1.2175230622885609,0.20058376552994459,2.8914270977509204e-10,0.0015592079143971205,not_checked,0.001,not_checked,not_checked,,-0.0025791266196274303,0.008582682405618196,0.0009941840184388706,True
local_b4_n800,63,2035221664,local,4,0.1414213562373095,800,0.0020075938745565125,True,ok,0.0002979444763520078,0.6667212240694083,0.0008833283884487865,0.4751265014838488,0.45736522848468286,0.7842404919913677,0.7848741891961053,0.7955809995167269,0.7879224709517895,0.7879224709517894,800.0000000000005,800.0000000000005,0.00125,5.019318294330333e-13,16.45452022418768,9,1.143627293559435e-14,-1.5233040523421337e-16,-2.433608869978343e-13,0.0007923303396820125,0.9216500686083842,1.0431058739200825,0.15467982741555195,1.1655121312514893e-12,0.0014655417762696743,not_checked,0.001,not_checked,not_checked,,-0.0014333473515294206,0.0020292363042334364,-0.0017096493982045047,True
local_b4_n800,64,2035221665,local,4,0.1414213562373095,800,0.0020075938745565125,True,ok,0.00024171232681236,0.6135907371111171,0.0007949098464314434,0.39173561114289934,0.3651502474300441,0.8271506211728572,0.8251256837498964,0.8331220543535893,0.8241770864273278,0.8241770864273277,800.0000000000005,800.0000000000005,0.00125,1.3112921859459448e-10,11.734124394082054,8,-4.7391317216025075e-14,-2.59015899006787e-16,-4.1389114358025836e-13,-0.0024979441215615683,0.9661590845619066,1.0743965879851556,0.2012820507122055,2.7948776626374183e-10,0.001376542029902339,not_checked,0.001,not_checked,not_checked,,-0.0013162823431495342,0.0017997069967742542,-0.0017658815477441525,False
local_b4_n800,65,2035221666,local,4,0.1414213562373095,800,0.0020075938745565125,True,ok,0.00360422321000331,0.6322451674967284,0.003029415263653528,5.961774093176875,5.426546666828722,0.07107817814736711,0.06502312798166532,0.0663193656350396,0.05594542774142966,0.055945427741429556,800.0000000000005,800.0000000000005,0.00125,2.6645352591003757e-15,11.211253673302854,10,-6.015153652949579e-16,-2.688821387764051e-17,-4.3520742565306136e-14,-0.09750847858578782,1.0039280644682225,1.1749880456509305,0.20120408717017396,5.329070518200751e-15,0.0017250829841941595,not_checked,0.001,not_checked,not_checked,,-0.002333321600973517,0.009541768020980137,0.0015966293354467975,True
local_b4_n800,66,2035221667,local,4,0.1414213562373095,800,0.0020075938745565125,True,ok,0.0026700010059508283,0.6315341760894222,0.0026688485875137474,4.412695503624956,3.841257734446272,0.13426205177555617,0.12569803291557607,0.1465147948007266,0.11812630982540585,0.11812630982540569,800.0000000000005,800.0000000000005,0.00125,6.661338147750939e-16,11.180129665488186,10,2.905661822261152e-17,1.929879867024198e-16,3.099742684753437e-13,-0.0703469470518141,0.9787056175325246,1.1487876648534168,0.18677742059097566,1.5543122344752192e-15,0.001853541936725378,not_checked,0.001,not_checked,not_checked,,-0.002560846105766711,0.007900848117668367,0.0006624071313943158,True
local_b4_n800,67,2035221668,local,4,0.1414213562373095,800,0.0020075938745565125,True,ok,0.00983902459208208,0.569298775610426,0.004996145232681686,16.70319268678546,14.207654481931733,0.00113531670036642,0.0007565537927265679,0.0008219530831754843,0.0003815686889914953,0.00038156868899149373,800.0000000000005,800.0000000000005,0.00125,1.641597968671249e-11,6.887497673085672,9,-1.2495005030643824e-12,-2.949029909160572e-17,-4.618527782440651e-14,-0.48037666972706194,1.0208142027903153,1.269142972167899,0.22975000585770444,3.272204729398709e-11,0.0014953329227864742,not_checked,0.001,not_checked,not_checked,,4.6759874494487624e-05,0.01963128930966967,0.007831430717525567,True
local_b4_n800,68,2035221669,local,4,0.1414213562373095,800,0.0020075938745565125,True,ok,0.0031780963627436876,0.6758022107039092,0.0028564274792061296,5.306731266265365,4.698410233084166,0.09704154897236936,0.08768114463793564,0.09544499972198675,0.0786712823665412,0.07867128236654108,800.0000000000005,800.0000000000005,0.00125,1.1213252548714081e-14,12.908636276429494,10,-2.336672522140759e-15,-6.808789643208968e-17,-1.1013412404281553e-13,-0.11088854293773132,1.0132070573939762,1.165831678096466,0.1824461600402121,2.398081733190338e-14,0.0017195837572216988,not_checked,0.001,not_checked,not_checked,,-0.002420398620950861,0.008776591346438236,0.001170502488187175,True
local_b4_n800,69,2035221670,local,4,0.1414213562373095,800,0.0020075938745565125,True,ok,0.007245508262522016,0.6791171451955029,0.004516478432732694,12.587584226758706,9.228051972970112,0.008540672286900995,0.005748892370343534,0.009911832966070833,0.0030384535002798566,0.0030384535002798444,800.0000000000005,800.0000000000005,0.00125,2.753697270208022e-11,10.188835200908215,10,-9.091723901510917e-12,1.8214596497756474e-17,3.197442310920451e-14,-0.4973855033617367,0.9980370807723137,1.3914283668412142,0.17868852064329271,5.5576432345105786e-11,0.0017977498937398195,not_checked,0.001,not_checked,not_checked,,-0.001606626802585975,0.016097643327630008,0.005237914387965503,True
local_b4_n800,70,2035221671,local,4,0.1414213562373095,800,0.0020075938745565125,True,ok,0.0058690802244967255,0.658389495025494,0.003967703021387276,9.909344676767038,8.116958910344312,0.017090405606196832,0.013709092248684503,0.017275266972612082,0.009138452856175554,0.009138452856175526,800.0000000000005,800.0000000000005,0.00125,7.573941473992818e-13,11.157920661570344,10,-1.8964864401116444e-13,-5.325601071248798e-16,-8.526512829121202e-13,-0.2594081587861359,0.9851133695603378,1.3000409606961967,0.186260583495007,1.5398793351550921e-12,0.0023752497509121895,not_checked,0.001,not_checked,not_checked,,-0.0019074747987730912,0.013645635247766543,0.003861486349940213,True
local_b4_n800,71,2035221672,local,4,0.1414213562373095,800,0.0020075938745565125,True,ok,0.003946843033980851,0.6255203987909685,0.0033605440739096623,6.601619534980965,5.204094594169591,0.05774921235930626,0.050856699543020675,0.07412167368408734,0.04253302579951254,0.04253302579951245,800.0000000000005,800.0000000000005,0.00125,1.8207657603852567e-14,10.030082968475076,10,-3.870168074904257e-15,-1.3530843112619095e-16,-2.184918912462308e-13,-0.14333534030579953,0.9272773795891686,1.2752402380623673,0.1860852111009709,3.552713678800501e-14,0.0015939590521156788,not_checked,0.001,not_checked,not_checked,,-0.0026397023193415964,0.010533388387303298,0.0019392491594243388,True
local_b4_n800,72,2035221673,local,4,0.1414213562373095,800,0.0020075938745565125,True,ok,0.001014424057306007,0.5661911784567162,0.0016062553928573693,1.6523233027780109,1.5619397937880781,0.4573228778494026,0.4509223856490586,0.4579616202802239,0.4441738470188549,0.44417384701885465,800.0000000000005,800.0000000000005,0.00125,7.738787388689161e-11,9.275289136458404,8,-7.42416544907698e-12,-1.691355389077387e-17,-2.5979218776228663e-14,-0.014622405544199357,1.0076959165485815,1.0674051276743404,0.22760233003564007,1.4626366784398215e-10,0.0012106678914278746,not_checked,0.001,not_checked,not_checked,,-0.0021337786626676723,0.004162626777279686,-0.0009931698172505055,True
local_b4_n800,73,2035221674,local,4,0.1414213562373095,800,0.0020075938745565125,True,ok,0.0018731032754679688,0.663755726306335,0.0022341583249296834,3.1260911413100376,2.666860605391824,0.255895167752983,0.24133462828640484,0.2635715785085356,0.22346899030928144,0.22346899030928127,800.0000000000005,800.0000000000005,0.00125,5.134781488891349e-16,12.151795324361123,10,-2.237793284010081e-16,-1.7520707107365752e-16,-2.828848266744899e-13,-0.06456295028064285,1.0100344903038134,1.191156078578421,0.1837814772883938,8.881784197001252e-16,0.0014263330958783627,not_checked,0.001,not_checked,not_checked,,-0.002505766577154546,0.006251973128090484,-0.00013449059908854366,True
local_b4_n800,74,2035221675,local,4,0.1414213562373095,800,0.0020075938745565125,True,ok,0.0020468421387007663,0.63887235665422,0.0022372400388271894,3.308316521311067,3.3233103030765947,0.2067323996624595,0.20346321212039004,0.18982453157788068,0.1944707114707169,0.19447071147071676,800.0000000000005,800.0000000000005,0.00125,5.551115123125783e-16,13.456816119872707,10,-1.7607443281164592e-16,-1.4007892068512717e-16,-2.255973186038318e-13,-0.016684549694919504,0.8977047328699475,1.1839912912137045,0.1745566323864091,1.1102230246251565e-15,0.0014156249817460775,not_checked,0.001,not_checked,not_checked,,-0.002338067762171517,0.0064317520395730495,3.924826414425375e-05,True
local_b4_n800,75,2035221676,local,4,0.1414213562373095,800,0.0020075938745565125,True,ok,0.001750270662362885,0.6024383279587482,0.0021439281431716406,2.8022302190125266,2.665542497349668,0.24441091931020387,0.2441902897642781,0.2637453436712185,0.24654357410850986,0.24654357410850963,800.0000000000005,800.0000000000005,0.00125,7.919720435012323e-11,12.311411657845685,9,6.071532165918825e-18,2.2768245622195593e-17,3.375077994860476e-14,-0.000898579615954409,0.937327969188872,1.0513036400277411,0.18485360280083452,1.659747894677821e-10,0.0015473747625946999,not_checked,0.001,not_checked,not_checked,,-0.0024517512836953635,0.0059522926084211334,-0.0002573232121936275,True
local_b4_n800,76,2035221677,local,4,0.1414213562373095,800,0.0020075938745565125,True,ok,0.007851194800043482,0.6354516008555315,0.004651800394598322,13.38706458017078,10.26259701462582,0.004847305430360646,0.0034442001591894764,0.00590888276250036,0.0018716107784583248,0.0018716107784583185,800.0000000000005,800.0000000000005,0.00125,5.4645177272050205e-12,9.32580412234476,10,-1.587303205541346e-12,-2.220446049250313e-16,-3.588240815588506e-13,-0.41257645005060084,1.0036163766037445,1.318327247570397,0.198454643081814,1.0445866394093173e-11,0.001467792084440589,not_checked,0.001,not_checked,not_checked,,-0.0012661664366384415,0.016968556036725403,0.005843600925486969,True
local_b4_n800,77,2035221678,local,4,0.1414213562373095,800,0.0020075938745565125,True,ok,0.0011108331695475204,0.5898210696668889,0.001647534165051379,1.8114611662636722,1.792458175549009,0.42271424451824313,0.41578765086462,0.40810569254329754,0.4112037128251034,0.41120371282510315,800.0000000000005,800.0000000000005,0.00125,1.3862899717054233e-10,10.160480596870359,8,-1.4031899123537195e-11,-4.380176776841438e-17,-7.038813976123492e-14,-0.01706404749381918,0.9732047936561283,1.0928952088493729,0.19781406377407892,2.698343770646261e-10,0.0012283760588616133,not_checked,0.001,not_checked,not_checked,,-0.0021182744572524515,0.004339940796347492,-0.0008967607050089921,True
local_b4_n800,78,2035221679,local,4,0.1414213562373095,800,0.0020075938745565125,True,ok,0.0023209386541462873,0.6433272305675302,0.0024306881179668375,3.8722346080391388,3.469995402130938,0.18463598004629597,0.17180186941411685,0.17640060581931788,0.15617924525113142,0.15617924525113122,800.0000000000005,800.0000000000005,0.00125,2.6645352591003757e-15,11.045761474514478,10,-4.0766001685454967e-16,-1.3747683547116196e-16,-2.19824158875781e-13,-0.07936638070253843,1.0197975692063665,1.179254252535214,0.19399204530932804,5.10702591327572e-15,0.0014639159198850393,not_checked,0.001,not_checked,not_checked,,-0.0024431225147181603,0.007084999823010735,0.0003133447795897748,True
local_b4_n800,79,2035221680,local,4,0.1414213562373095,800,0.0020075938745565125,True,ok,0.0004944421373935803,0.5962530628389398,0.0011445346088809632,0.8012305202845604,0.7374506212573553,0.6752866691198267,0.6719051335093327,0.691615363749503,0.6733071191859854,0.6733071191859853,800.0000000000005,800.0000000000005,0.00125,5.946432235504062e-11,10.907679027055549,8,-3.8344999918338285e-13,-1.0690233420707074e-16,-1.7053025658242404e-13,-0.005061550227415723,0.9221244627003524,1.099065668640234,0.18810101765510198,1.236528657244662e-10,0.001234792172908783,not_checked,0.001,not_checked,not_checked,,-0.0017488044750727447,0.0027376887498599053,-0.0015131517371629322,True
local_b4_n800,80,2035221681,local,4,0.1414213562373095,800,0.0020075938745565125,True,ok,0.005541826674335448,0.6266125908292748,0.003776610239574407,9.405698212332464,8.040787414021727,0.020000576919812087,0.015824075973434597,0.017945898122559367,0.011873320870143764,0.011873320870143738,800.0000000000005,800.0000000000005,0.00125,4.78617145915905e-13,9.078667896689543,10,-1.239650743167786e-13,3.5041414214731503e-16,5.595524044110789e-13,-0.26938776669787057,0.989523950498796,1.2613237392442582,0.19176102587852278,9.161560399206792e-13,0.0014561668504029512,not_checked,0.001,not_checked,not_checked,,-0.0018601933788755746,0.012943846727546471,0.003534232799778936,True
local_b4_n800,81,2035221682,local,4,0.1414213562373095,800,0.0020075938745565125,True,ok,0.0012736920868581247,0.6543950889382735,0.0018751706060850125,2.1070678709434323,1.7732429131911551,0.3908987008741893,0.37866915383933364,0.4120455174054344,0.360972439121889,0.3609724391218887,800.0000000000005,800.0000000000005,0.00125,3.894454203567932e-16,12.294803582559506,10,1.3877787807814457e-17,-9.75781955236954e-17,-1.5631940186722204e-13,-0.034580265985215686,0.9701320318557053,1.2062547305054805,0.18571553143927194,6.661338147750939e-16,0.0014579158741980791,not_checked,0.001,not_checked,not_checked,,-0.0024015747659366445,0.0049489589396528935,-0.0007339017876983878,True
local_b4_n800,82,2035221683,local,4,0.1414213562373095,800,0.0020075938745565125,True,ok,0.009038803667107409,0.5836861955421366,0.004831562294648898,15.375448330708723,12.839849092695877,0.0017711567225302508,0.0011918722116906998,0.0016287791274854425,0.000723765629833105,0.0007237656298331011,800.0000000000005,800.0000000000005,0.00125,3.2968516805453874e-11,7.246461220663055,9,-1.1665356181023157e-12,-2.0296264668928643e-16,-3.268496584496461e-13,-0.4566812316684299,1.0435876685912768,1.2235216424573598,0.22545239389522112,6.717360001573525e-11,0.0013448758982121944,not_checked,0.001,not_checked,not_checked,,-0.00043088441946613314,0.018508491753680953,0.0070312097925508965,True
local_b4_n800,83,2035221684,local,4,0.1414213562373095,800,0.0020075938745565125,True,ok,0.002817992850687956,0.6403615844284241,0.0027297694753622907,4.6866797181345685,4.067896701388721,0.12408975359959734,0.11430516649659049,0.1308179848321523,0.10493708692420974,0.10493708692420957,800.0000000000005,800.0000000000005,0.00125,1.4432899320127035e-15,11.154414222718811,10,-1.6479873021779667e-16,3.165870343657673e-17,5.3290705182007514e-14,-0.0889455785169182,1.0082834973849377,1.1521777147386616,0.19003806618362776,3.1086244689504383e-15,0.001439874991774559,not_checked,0.001,not_checked,not_checked,,-0.0025322570071189326,0.008168242708494845,0.0008103989761314434,True
local_b4_n800,84,2035221685,local,4,0.1414213562373095,800,0.0020075938745565125,True,ok,0.002630342310173228,0.6152688879139221,0.0026252044031669928,4.328936848343905,3.858605808296147,0.13864865167225332,0.13105495424438374,0.14524941596574592,0.12193418486443404,0.12193418486443386,800.0000000000005,800.0000000000005,0.00125,1.4132772729880116e-10,10.69695076120168,9,-1.0321604682062002e-16,-2.1423834928313568e-16,-3.410605131648481e-13,-0.06019457603336864,0.9776203552567694,1.1524888382683804,0.1997880161895019,3.0196356526346335e-10,0.0013393328990787268,not_checked,0.001,not_checked,not_checked,,-0.002514963772090046,0.007775648392436502,0.0006227484356167157,True
local_b4_n800,85,2035221686,local,4,0.1414213562373095,800,0.0020075938745565125,True,ok,0.004022392903239025,0.639476106474137,0.003265042564107952,6.789557678666953,5.705729732650405,0.05771093865589938,0.049427717328929185,0.05767884177878506,0.040038478586739215,0.04003847858673913,800.0000000000005,800.0000000000005,0.00125,6.45039577307216e-14,10.038060785638443,10,-1.4722598140615162e-14,2.7755575615628914e-17,4.529709940470639e-14,-0.1768645167422549,0.9830931559646865,1.2655915896300907,0.19189529862572513,1.2789769243681803e-13,0.0014542920980602503,not_checked,0.001,not_checked,not_checked,,-0.0023769729304028717,0.01042175873688092,0.0020147990286825124,True
local_b4_n800,86,2035221687,local,4,0.1414213562373095,800,0.0020075938745565125,True,ok,0.001822242306336097,0.6270351579180302,0.0021290452120110476,2.9806384453287924,2.875899474198877,0.2526824369421333,0.2450674596171501,0.23741402118851246,0.23274918950913948,0.23274918950913928,800.0000000000005,800.0000000000005,0.00125,9.992007221626409e-16,11.728858273031415,10,-6.982261990806649e-17,-8.868773770931426e-17,-1.4033219031261979e-13,-0.03252537759551766,0.9633086394645713,1.1589701353186994,0.19564604777336192,2.220446049250313e-15,0.0014557091053575277,not_checked,0.001,not_checked,not_checked,,-0.002350609630663,0.005995094243335194,-0.00018535156822041543,True
local_b4_n800,87,2035221688,local,4,0.1414213562373095,800,0.0020075938745565125,True,ok,0.00025435097573334176,0.6677818641722009,0.0008589672760202588,0.4137185207866699,0.34394225307904736,0.8254516208671081,0.8228291526020786,0.8420034843718509,0.8158858850200378,0.8158858850200377,800.0000000000005,800.0000000000005,0.00125,2.5589530494585233e-12,14.559933494786796,9,-1.713097437343325e-13,2.5153490401663703e-16,4.021227795192317e-13,-0.003378479806661422,0.924971028305929,1.2143306610506768,0.17194913611945337,5.736300323633259e-12,0.001337624853476882,not_checked,0.001,not_checked,not_checked,,-0.0014291939491648412,0.0019378959006315247,-0.0017532428988231707,False
local_b4_n800,88,2035221689,local,4,0.1414213562373095,800,0.0020075938745565125,True,ok,0.0012397045355492242,0.6232958487104354,0.001737330422308495,2.028427384063654,2.0165772788454075,0.3775194251211874,0.3693066443132692,0.36484282323313244,0.3709219453361141,0.37092194533611395,800.0000000000005,800.0000000000005,0.00125,5.585809592645319e-16,11.477665193687173,10,9.540979117872439e-17,5.637851296924623e-17,8.992806499463768e-14,-0.022450063592447056,0.9177442740331364,1.1237901971189683,0.17180444997607003,8.881784197001252e-16,0.0014575838577002287,not_checked,0.001,not_checked,not_checked,,-0.0021654005214211884,0.004644809592519637,-0.0007678893390072883,True
local_b4_n800,89,2035221690,local,4,0.1414213562373095,800,0.0020075938745565125,True,ok,0.0023832915394175203,0.6250497946792006,0.0025115865448264805,3.9486336796523274,3.437667737999575,0.17027290774486947,0.1599228122485274,0.17927508429758288,0.14857977916934448,0.14857977916934428,800.0000000000005,800.0000000000005,0.00125,5.551115123125783e-16,10.644682645634337,10,-1.1535911115245767e-16,-1.0798653637955624e-16,-1.7319479184152442e-13,-0.06768360829214637,1.0036515547889064,1.1508800935857681,0.19963910757836312,1.1102230246251565e-15,0.0014497078955173492,not_checked,0.001,not_checked,not_checked,,-0.0025393276324977756,0.007305910711332816,0.00037569766486100775,True
local_b4_n800,90,2035221691,local,4,0.1414213562373095,800,0.0020075938745565125,True,ok,0.0015310797201184556,0.66116169431096,0.002007770386409979,2.5442395321911997,2.2457991301390945,0.3240656598124154,0.3103488636153111,0.32533509539796657,0.2937977198704114,0.29379771987041126,800.0000000000005,800.0000000000005,0.00125,8.881784197001252e-16,12.336366129238925,10,-5.594483210025203e-17,2.211772431870429e-17,3.4638958368304884e-14,-0.04725599000083469,0.9470321454974933,1.2353186738132615,0.16897125886281084,1.5543122344752192e-15,0.001446750946342945,not_checked,0.001,not_checked,not_checked,,-0.0024040779264711707,0.005466237366708082,-0.0004765141544380569,True
local_b4_n800,91,2035221692,local,4,0.1414213562373095,800,0.0020075938745565125,True,ok,0.002127391727214656,0.6526964057288374,0.0022813559986362814,3.5480431960232868,3.3283781446916816,0.20322121032044865,0.1899542978208228,0.1893441401415011,0.18233431491955146,0.1823343149195513,800.0000000000005,800.0000000000005,0.00125,6.661338147750939e-16,11.576502878880397,10,-1.3617579286417936e-16,-1.6089560239684886e-16,-2.602362769721367e-13,-0.07210821623991781,1.0600336251110165,1.076101537747746,0.183985768459406,1.5543122344752192e-15,0.0014479581732302904,not_checked,0.001,not_checked,not_checked,,-0.002343983866026864,0.006598767320456176,0.00011979785265814336,True
local_b4_n800,92,2035221693,local,4,0.1414213562373095,800,0.0020075938745565125,True,ok,0.002985707942191995,0.6345495254769642,0.0027764513567490085,4.98961323482992,4.41777941002121,0.11042707147241113,0.10014086899494012,0.10982251623793289,0.0917611426400197,0.09176114264001954,800.0000000000005,800.0000000000005,0.00125,5.10702591327572e-15,10.49173224041945,10,-9.410874857174178e-16,-1.6132928326584306e-16,-2.575717417130363e-13,-0.10624026366136263,1.015032519110393,1.152591668654243,0.20272617648797975,1.021405182655144e-14,0.0014562089927494526,not_checked,0.001,not_checked,not_checked,,-0.00245603672186343,0.00842745260624742,0.0009781140676354827,True
local_b4_n800,93,2035221694,local,4,0.1414213562373095,800,0.0020075938745565125,True,ok,0.006344030477105189,0.6135745079501604,0.004103034174071009,10.77913672670631,8.859368387609171,0.011745589807818826,0.008954405715085118,0.011918252936643255,0.006249683967675856,0.0062496839676758386,800.0000000000005,800.0000000000005,0.00125,1.3098411244527597e-10,8.437571713841164,9,-2.3530309645192204e-13,1.7780915628762273e-16,2.859934511434403e-13,-0.31434398166900124,1.0059375206862398,1.260523332858553,0.20532895733815645,2.792805986473468e-10,0.001342790899798274,not_checked,0.001,not_checked,not_checked,,-0.0016977687314110347,0.014385829685621413,0.004336436602548677,True
local_b4_n800,94,2035221695,local,4,0.1414213562373095,800,0.0020075938745565125,True,ok,0.00029056181685760407,0.6781376600275724,0.0007906887743416281,0.46874972441333773,0.5362503074404807,0.7958627438495023,0.7943609508804848,0.764812056038717,0.7925898109861929,0.7925898109861927,800.0000000000005,800.0000000000005,0.00125,1.0073053502424045e-12,16.041197034928313,9,-4.834668906536499e-14,2.0355895788415346e-16,3.2596148002994596e-13,-0.0019254087205854697,0.8740631382680522,1.1826542981316617,0.15261812993838456,2.313482738713901e-12,0.0013392078690230846,not_checked,0.001,not_checked,not_checked,,-0.0012591597038321052,0.0018402833375473133,-0.0017170320576989084,False
local_b4_n800,95,2035221696,local,4,0.1414213562373095,800,0.0020075938745565125,True,ok,0.007321449403951297,0.5855376719087257,0.004415116507247987,12.393516545352654,10.174209750261669,0.005947835547494963,0.004438796790266495,0.006175873956097849,0.0028593540875780556,0.002859354087578043,800.0000000000005,800.0000000000005,0.00125,3.601030584832188e-11,7.5818115469461205,9,-2.32465088845224e-13,1.7867651802561113e-16,2.8421709430404007e-13,-0.3395987495152859,1.0097947177102364,1.2553423253267078,0.2222746088413343,7.356648623613182e-11,0.001343875890597701,not_checked,0.001,not_checked,not_checked,,-0.0013320199378030334,0.015974918745705627,0.005313855529394784,True
local_b4_n800,96,2035221697,local,4,0.1414213562373095,800,0.0020075938745565125,True,ok,0.001018817966903951,0.6385544741004547,0.001589329919082072,1.640633511168272,1.633624182621716,0.45076586685858633,0.4484564871875859,0.44183795078544874,0.4426152601559482,0.442615260155948,800.0000000000005,800.0000000000005,0.00125,5.269384928396903e-11,13.692174018327744,9,-2.5152432220343357e-12,1.0646865333807654e-16,1.7186252421197423e-13,-0.005262382060974735,0.9343293345570418,1.1163359662504495,0.17991584133464208,1.1380940634353465e-10,0.001334124943241477,not_checked,0.001,not_checked,not_checked,,-0.0020962114340488686,0.004133847367856771,-0.0009887759076525615,True
local_b4_n800,97,2035221698,local,4,0.1414213562373095,800,0.0020075938745565125,True,ok,0.0076402045079513314,0.6500694308324475,0.004416656149375364,13.155691781618309,10.878701168457194,0.0049862977482431165,0.0033344225664212737,0.00434230231488144,0.0022157516086011866,0.0022157516086011774,800.0000000000005,800.0000000000005,0.00125,1.2187251208217731e-11,9.292791160951321,10,-3.810998391862164e-12,5.603156827405087e-16,8.93507490218326e-13,-0.4656822844480857,1.0916057882680597,1.2094355655423963,0.2073780411561548,2.3629542766911982e-11,0.0014531670603901148,not_checked,0.001,not_checked,not_checked,,-0.0010162824769217402,0.0162966914928244,0.005632610633394819,True
local_b4_n800,98,2035221699,local,4,0.1414213562373095,800,0.0020075938745565125,True,ok,0.0014654367582942474,0.6643423456022555,0.0020215116056657486,2.432597641207647,2.0159538352117776,0.3358966464225779,0.3224932038576408,0.3649565704286627,0.3096386190118461,0.30963861901184603,800.0000000000005,800.0000000000005,0.00125,1.5543122344752192e-15,12.608322374759034,10,3.170207152347615e-16,1.93421667571414e-16,3.099742684753437e-13,-0.04394941396842489,0.9456626932966729,1.2109794684214346,0.17391613302867168,3.3306690738754696e-15,0.0014435839839279652,not_checked,0.001,not_checked,not_checked,,-0.002496653183140356,0.005427526699728851,-0.0005421571162622651,True
local_b4_n800,99,2035221700,local,4,0.1414213562373095,800,0.0020075938745565125,True,ok,0.0032255331660184794,0.6032726790407381,0.002987379851054285,5.379914317564348,4.4540022293363215,0.09291355072816929,0.08408502352809319,0.10785137956981308,0.07574169081543376,0.07574169081543365,800.0000000000005,800.0000000000005,0.00125,8.22595325189468e-11,9.179600853318638,9,-3.0444397003392965e-16,1.249000902703301e-16,2.007283228522283e-13,-0.10953062596738894,0.945540503147419,1.223021648374997,0.20164604914773768,1.7264611962275467e-10,0.001335125183686614,not_checked,0.001,not_checked,not_checked,,-0.0026296237501885495,0.009080690082225508,0.0012179392914619669,True
local_b4_n800,100,2035221701,local,4,0.1414213562373095,800,0.0020075938745565125,True,ok,0.0051533541348107725,0.5881360271237555,0.003792855970495998,8.615955935983342,6.921758120459839,0.024763113124601405,0.021024693661356682,0.03140214550460937,0.01620098383797532,0.016200983837975275,800.0000000000005,800.0000000000005,0.00125,4.0708880710838e-11,8.47161382709979,9,-8.972857179490035e-15,1.986258379993444e-16,3.1796787425264483e-13,-0.1852946601430503,0.9646216530787459,1.2491898852618692,0.20971682234902214,8.35307378821426e-11,0.001337959198281169,not_checked,0.001,not_checked,not_checked,,-0.0022805069659090973,0.012587215235530642,0.00314576026025426,True
local_b4_n800,101,2035221702,local,4,0.1414213562373095,800,0.0020075938745565125,True,ok,6.462825524722327e-05,0.6191506943802723,0.00039465106529910975,0.1034676812522892,0.10753065337191382,0.9487413980904731,0.9487112389978868,0.9476544696243868,0.9496112352483244,0.9496112352483242,800.0000000000005,800.0000000000005,0.00125,1.6762768950684404e-10,13.05465039511599,8,1.3875077302383243e-16,1.406752318799942e-16,2.2493118478905672e-13,-3.123642836595775e-05,0.9345265676579396,1.0330444879430714,0.18293200516896171,3.6075142872959987e-10,0.001225791871547699,not_checked,0.001,not_checked,not_checked,,-0.0007088736191993969,0.0008381301296938434,-0.0019429656193092892,False
local_b4_n800,102,2035221703,local,4,0.1414213562373095,800,0.0020075938745565125,True,ok,0.0030600450763791365,0.6167257936940385,0.0026853232697030545,4.874248005354118,5.137808809294443,0.08650478128262012,0.08744854010372016,0.07661944336250404,0.0864632283590284,0.0864632283590283,800.0000000000005,800.0000000000005,0.00125,1.5080148241253255e-10,13.650024804207554,9,-2.393918396847994e-16,-2.1163626406917047e-16,-3.4017233474514796e-13,0.010912058426251647,0.904806406924414,1.093563703520026,0.1813505414048811,3.228668443711058e-10,0.0013415829744189978,not_checked,0.001,not_checked,not_checked,,-0.0022030918190861885,0.008323181971844461,0.001052451201822624,True
local_b4_n800,103,2035221704,local,4,0.1414213562373095,800,0.0020075938745565125,True,ok,0.0004702960872395856,0.5643943670479925,0.0011160176360376355,0.7637872394562957,0.7000790072345573,0.6940426104463331,0.6902439189558142,0.7046602525399546,0.6864397169508945,0.6864397169508945,800.0000000000005,800.0000000000005,0.00125,1.2878587085651816e-11,9.407531030742806,8,-3.9826106822127283e-13,-2.905661822261152e-17,-4.707345624410664e-14,-0.005656749936479133,0.9557452147023485,1.1092431948360422,0.21779223549482807,2.5477397969098092e-11,0.001222873805090785,not_checked,0.001,not_checked,not_checked,,-0.0017170582855057103,0.0026576504599848815,-0.001537297787316927,True
local_b4_n800,104,2035221705,local,4,0.1414213562373095,800,0.0020075938745565125,True,ok,0.0015741563637863276,0.6723805483772185,0.0019228965964106616,2.6108944474188815,2.5802235975688115,0.30901831766322163,0.29604469728286276,0.27524000987105673,0.2838455317639389,0.28384553176393856,800.0000000000005,800.0000000000005,0.00125,9.992007221626409e-16,13.171053202212146,10,3.4932993997482953e-16,4.3237982638721917e-16,6.923350781562476e-13,-0.046122132680378014,0.9717193902802688,1.177038295436663,0.16878371505482898,4.440892098500626e-16,0.001444083172827959,not_checked,0.001,not_checked,not_checked,,-0.002194651711173221,0.005342964438745877,-0.0004334375107701849,True
local_b4_n800,105,2035221706,local,4,0.1414213562373095,800,0.0020075938745565125,True,ok,0.0009500497553984744,0.6197201996023312,0.0015390619900681256,1.5289277937107597,1.529102854455327,0.468169125632669,0.46610778590445,0.46554271392946656,0.4676478122368426,0.4676478122368425,800.0000000000005,800.0000000000005,0.00125,1.7214063507964283e-10,12.682905119851734,8,-1.3851871039083363e-12,2.482822974991805e-17,3.863576125695545e-14,-0.004424092536599922,0.9268912426870143,1.0796567082687627,0.17743104383122218,3.702460560361942e-10,0.00122170802205801,not_checked,0.001,not_checked,not_checked,,-0.002066456315109594,0.003966555825906543,-0.0010575441191580381,True
local_b4_n800,106,2035221707,local,4,0.1414213562373095,800,0.0020075938745565125,True,ok,0.006248728294086625,0.6168036935324417,0.00422695640169261,10.615447367934218,7.997930692105556,0.013962895777413414,0.010802496070072908,0.018334599043714477,0.006744805436894472,0.006744805436894453,800.0000000000005,800.0000000000005,0.00125,1.513293934607418e-10,8.592680274428732,9,-2.2512460645662813e-13,1.0755285551056204e-16,1.723066134218243e-13,-0.30874104869780616,0.9677193626335563,1.3389858742313856,0.1988774257842328,3.240210322275061e-10,0.0013369990047067404,not_checked,0.001,not_checked,not_checked,,-0.0020359540174519127,0.014533410605625163,0.004241134419530113,True
local_b4_n800,107,2035221708,local,4,0.1414213562373095,800,0.0020075938745565125,True,ok,0.002868244103756412,0.6035775042543079,0.002658175357495114,4.699026927808887,4.550605442921123,0.11113998935318298,0.1054480277632682,0.10276579431471729,0.1008021813698484,0.10080218136984827,800.0000000000005,800.0000000000005,0.00125,8.340983459476092e-11,10.516478102601283,9,2.0903417885520525e-16,1.9125326322644298e-16,3.055333763768431e-13,-0.05491818089931266,1.0260499949964366,1.0627958370215422,0.2026997785784286,1.7514900640946962e-10,0.0013417501468211412,not_checked,0.001,not_checked,not_checked,,-0.002341683861525894,0.008078172069038717,0.0008606502291998996,True
local_b4_n800,108,2035221709,local,4,0.1414213562373095,800,0.0020075938745565125,True,ok,5.497576417901051e-05,0.6216829630325809,0.00037021904273171213,0.08748277082771445,0.08862262921450212,0.956514381224375,0.9567457234697745,0.9566560900952572,0.9569725117047637,0.9569725117047637,800.0000000000005,800.0000000000005,0.00125,1.8755608177656313e-10,13.746717984646876,8,1.9776525252493404e-16,1.4058036418990172e-16,2.2470914018413168e-13,0.00023922592935120973,0.9829581744424233,0.9955402563749288,0.18469456432367526,4.048210655582807e-10,0.0012265429832041264,not_checked,0.001,not_checked,not_checked,,-0.0006706402259660405,0.0007805917543240615,-0.001952618110377502,False
local_b4_n800,109,2035221710,local,4,0.1414213562373095,800,0.0020075938745565125,True,ok,0.002669327734886595,0.6000684481634289,0.0026517100691193242,4.427369124968475,3.8564653095129344,0.1397835909395274,0.13008011523149,0.14540495228129155,0.11818995178424707,0.11818995178424692,800.0000000000005,800.0000000000005,0.00125,7.103639898531355e-11,9.42151185298625,9,-2.98806118737005e-16,-3.478120569333498e-16,-5.559996907322784e-13,-0.07822237457496017,1.0205554185429544,1.150064052662725,0.21670871074306658,1.4834267147989522e-10,0.0013364171609282494,not_checked,0.001,not_checked,not_checked,,-0.0025279284980294974,0.007866583967802689,0.0006617338603300826,True
local_b4_n800,110,2035221711,local,4,0.1414213562373095,800,0.0020075938745565125,True,ok,0.005773956056365437,0.6097267068652481,0.0038662512220678084,9.754104221894755,8.26994443783008,0.016278667175317743,0.012945274190078461,0.016003109707394155,0.009861028109211013,0.00986102810921099,800.0000000000005,800.0000000000005,0.00125,1.1027212476477644e-10,8.666512027371175,9,-7.48776041170629e-14,-1.1102230246251565e-16,-1.758593271006248e-13,-0.2578872658550253,1.0571596976442963,1.1825763568070393,0.22146050475706638,2.336455473539445e-10,0.0013370420783758163,not_checked,0.001,not_checked,not_checked,,-0.0018037570940714386,0.013351669206802311,0.0037663621818089243,True
local_b4_n800,111,2035221712,local,4,0.1414213562373095,800,0.0020075938745565125,True,ok,0.0015881236439698743,0.5926787215847684,0.0019832181787577557,2.562981223205983,2.5345450965027583,0.2909887287213434,0.28789858572540283,0.28159862197881047,0.2806915455663817,0.28069154556638143,800.0000000000005,800.0000000000005,0.00125,1.9326518163609308e-10,11.140317854200571,8,-1.2640003410266387e-11,2.0708261494473135e-16,3.3084646133829665e-13,-0.010991696427091524,0.9948380068249362,1.063976523834521,0.2128682786497516,3.8639003108187353e-10,0.0012179999612271786,not_checked,0.001,not_checked,not_checked,,-0.0022989125598804456,0.0054751598478201945,-0.00041947023058663824,True
local_b4_n800,112,2035221713,local,4,0.1414213562373095,800,0.0020075938745565125,True,ok,0.0023756187481431823,0.5891653704991429,0.0025784770957966528,3.9329854218038514,3.287975565481301,0.17529249355326748,0.16513083701242454,0.19320803235323414,0.14949460129918957,0.1494946012991894,800.0000000000005,800.0000000000005,0.00125,4.27531343660803e-11,9.081025321993115,9,1.6696713456276768e-16,1.0451708942760263e-16,1.674216321134736e-13,-0.06599771238737873,0.9120310992486295,1.2745495203943489,0.19949180401695804,8.782308213994838e-11,0.0013428328093141317,not_checked,0.001,not_checked,not_checked,,-0.0026781034945796917,0.007429340990866056,0.0003680248735866698,True
local_b4_n800,113,2035221714,local,4,0.1414213562373095,800,0.0020075938745565125,True,ok,0.0017176523868933646,0.6652384244126777,0.002142324202345448,2.838016610950375,2.467932983826071,0.27606818186041804,0.2647289882723478,0.29113549782622433,0.2530617093517564,0.2530617093517561,800.0000000000005,800.0000000000005,0.00125,6.661338147750939e-16,13.04979577068153,10,-2.448128505472269e-16,-7.22078646875346e-17,-1.127986593019159e-13,-0.04488639596049482,0.9774558213634502,1.1605449276448194,0.1771689451918677,1.5543122344752192e-15,0.0014492908958345652,not_checked,0.001,not_checked,not_checked,,-0.002481225892912212,0.005916530666698941,-0.00028994148766314787,True
local_b4_n800,114,2035221715,local,4,0.1414213562373095,800,0.0020075938745565125,True,ok,0.003869929535880834,0.659379810162956,0.003119511455501372,6.534212408422694,5.761072004047341,0.06025474783473503,0.05159751796457614,0.056104682549923145,0.04523230980978528,0.045232309809785196,800.0000000000005,800.0000000000005,0.00125,7.627232179174825e-14,11.0695713713864,10,-1.7389735484929503e-14,-7.28583859910259e-17,-1.1812772982011666e-13,-0.17116257550667813,1.055690329756168,1.1476977266003294,0.1852617073581494,1.5654144647214707e-13,0.0014434163458645344,not_checked,0.001,not_checked,not_checked,,-0.002244200566261979,0.009984059638023648,0.0018623356613243214,True
local_b4_n800,115,2035221716,local,4,0.1414213562373095,800,0.0020075938745565125,True,ok,0.005212228085834214,0.6286204311003445,0.003905574155339165,8.757342616054643,6.588283237568968,0.02570044896268084,0.021515629934013944,0.03709987722087934,0.01545562184027246,0.015455621840272415,800.0000000000005,800.0000000000005,0.00125,1.4510614931850796e-13,9.921361097873586,10,-3.348883670373226e-14,1.0061396160665481e-16,1.5987211554602254e-13,-0.20888883935994773,0.9140107616466555,1.3311665302546936,0.18057411210881186,2.8377300509419e-13,0.001441708067432046,not_checked,0.001,not_checked,not_checked,,-0.002442556597580992,0.01286701276924942,0.0032046342112777015,True
local_b4_n800,116,2035221717,local,4,0.1414213562373095,800,0.0020075938745565125,True,ok,0.0014930043680401184,0.701726966387489,0.0019013831365178406,2.4927062705347836,2.350296683417072,0.32922549716840266,0.31369553415682505,0.3087731723505979,0.302884572640842,0.30288457264084173,800.0000000000005,800.0000000000005,0.00125,5.551115123125783e-16,14.607138236177043,10,-2.2768245622195593e-16,-1.947227101783966e-16,-3.12194714524594e-13,-0.05194964083529641,1.0605384789696874,1.0896665985660083,0.1598125295072664,1.3322676295501878e-15,0.0014539160765707493,not_checked,0.001,not_checked,not_checked,,-0.002233638100346654,0.005219646836426891,-0.0005145895065163941,True
local_b4_n800,117,2035221718,local,4,0.1414213562373095,800,0.0020075938745565125,True,ok,0.000630577546253619,0.6137867538833564,0.0012502520430760532,1.029387439177746,1.0010845365918335,0.608964611117667,0.6028696558337199,0.6062018465259105,0.6038303264393488,0.6038303264393485,800.0000000000005,800.0000000000005,0.00125,1.322715270646313e-10,11.174619446037301,8,-3.2703258504018784e-12,-2.3201926491189795e-16,-3.7325698087897763e-13,-0.010231682585977508,0.9916361002344837,1.0429924936984325,0.19338096383053455,2.820297329009236e-10,0.0012187508400529623,not_checked,0.001,not_checked,not_checked,,-0.0018198714297730655,0.0030810265222803034,-0.0013770163283028936,True
local_b4_n800,118,2035221719,local,4,0.1414213562373095,800,0.0020075938745565125,True,ok,0.0021884045708913114,0.6922741720846828,0.002389199755973769,3.6818571605452557,3.1628393901679,0.20334496224346704,0.18734501835443634,0.20568288384727004,0.17364823625962636,0.1736482362596262,800.0000000000005,800.0000000000005,0.00125,3.9968028886505635e-15,13.307263011839957,10,-9.645062526431047e-16,-4.7704895589362195e-17,-7.860379014346108e-14,-0.09020492355957788,1.034895945466745,1.164100883083112,0.17782248347586438,8.659739592076221e-15,0.0014470831956714392,not_checked,0.001,not_checked,not_checked,,-0.0024943409026891615,0.006871150044471784,0.00018081069633479885,True
local_b4_n800,119,2035221720,local,4,0.1414213562373095,800,0.0020075938745565125,True,ok,0.004752877186813498,0.6216593580935854,0.003416623910994388,7.989117603473834,7.294184659549942,0.030953899875304676,0.025965853640434494,0.026066812388186516,0.022319339159629983,0.022319339159629928,800.0000000000005,800.0000000000005,0.00125,1.8736823204079656e-10,9.523422891428751,9,-1.787459069646502e-14,1.214306433183765e-16,1.900701818158268e-13,-0.19225705228611645,1.0887020425411742,1.099492060469831,0.20497332179846187,4.0439074311393597e-10,0.0013319998979568481,not_checked,0.001,not_checked,not_checked,,-0.0019435826274538858,0.011449337001080882,0.0027452833122569853,True
local_b4_n800,120,2035221721,local,4,0.1414213562373095,800,0.0020075938745565125,True,ok,0.0030595511148114873,0.6205903468211869,0.0027224718271852298,5.04036843867814,4.853477555626572,0.09957439060738235,0.09299662077387413,0.08832440892433345,0.08649740272037153,0.0864974027203714,800.0000000000005,800.0000000000005,0.00125,1.7887991088372246e-10,10.905348967171001,9,-1.1232334506949826e-16,-6.591949208711867e-17,-1.0391687510491465e-13,-0.0725433274898788,1.032754859446339,1.089192895351953,0.201960687022405,3.8521474898800534e-10,0.0013379999436438084,not_checked,0.001,not_checked,not_checked,,-0.0022763956153965172,0.008395497845019492,0.0010519572402549748,True
local_b4_n800,121,2035221722,local,4,0.1414213562373095,800,0.0020075938745565125,True,ok,0.006040280427948463,0.6167022938437561,0.004037405682024129,10.22519599260836,8.39276453776491,0.013604855142528306,0.010648675223615171,0.015049925034703909,0.007968776251214803,0.00796877625121478,800.0000000000005,800.0000000000005,0.00125,1.502133972763886e-10,8.84421032678529,9,-1.331200774612462e-13,3.8163916471489756e-16,6.110667527536862e-13,-0.28037365394540625,0.9728217459681392,1.2555008719217216,0.19435669858597282,3.225180122967686e-10,0.0013372499961405993,not_checked,0.001,not_checked,not_checked,,-0.0018728892997962026,0.01395345015569313,0.004032686553391951,True
local_b4_n800,122,2035221723,local,4,0.1414213562373095,800,0.0020075938745565125,True,ok,0.004087258224173551,0.5775346556396512,0.0033397089392730177,6.756922677402783,5.796820385272905,0.04518121120452864,0.040818191065875156,0.055110765948932015,0.038013779014413045,0.03801377901441299,800.0000000000005,800.0000000000005,0.00125,2.453859337947506e-11,8.797431774731981,9,-4.0766001685454967e-16,1.0668549377257364e-16,1.7053025658242404e-13,-0.10865475936254887,0.9143994930247288,1.1873066301950745,0.19558323952686096,4.952616095010853e-11,0.0013303332962095737,not_checked,0.001,not_checked,not_checked,,-0.00245845101564803,0.010632967463995132,0.0020796643496170386,True
local_b4_n800,123,2035221724,local,4,0.1414213562373095,800,0.0020075938745565125,True,ok,0.009383378606420356,0.621627030689397,0.004885335616268569,15.972084222956251,13.322679814190721,0.0015453576598995454,0.0010245862623138426,0.0012794309028125801,0.0005493895061024701,0.0005493895061024678,800.0000000000005,800.0000000000005,0.00125,1.8714518823514936e-10,8.900990140383406,9,-3.0581891186098886e-12,-3.400058012914542e-16,-5.435651928564766e-13,-0.47933922634183634,1.0884145884354464,1.2224910174218317,0.22274949966786295,4.0379699584036644e-10,0.0013420418836176395,not_checked,0.001,not_checked,not_checked,,-0.00019170325385682932,0.01895846046669754,0.007375784731863844,True
local_b4_n800,124,2035221725,local,4,0.1414213562373095,800,0.0020075938745565125,True,ok,0.006498173294369636,0.5779429488157724,0.004060042559261975,10.957667076657563,9.556672406988858,0.00967398115526285,0.007546394876942931,0.00840997982866317,0.005524632025610836,0.00552463202561082,800.0000000000005,800.0000000000005,0.00125,2.5025537198075654e-11,7.513806554592223,9,-7.07940650546135e-14,2.0990154059319366e-16,3.304023721284466e-13,-0.2802949028330701,1.0319627341293602,1.20115007814155,0.22677317113485604,5.0544013419084877e-11,0.0013350420631468296,not_checked,0.001,not_checked,not_checked,,-0.0014593638974836638,0.014455710486222935,0.004490579419813123,True
local_b4_n800,125,2035221726,local,4,0.1414213562373095,800,0.0020075938745565125,True,ok,0.002221517217551705,0.6440000954041498,0.0023634335097450568,3.6663361131297876,3.39933306250989,0.18899194753294318,0.17934055585541153,0.18274445345670406,0.16910866643409922,0.16910866643409905,800.0000000000005,800.0000000000005,0.00125,2.8102520310824275e-16,11.93220331277475,10,5.898059818321144e-17,0.0,-2.6645352591003757e-15,-0.05595428252352863,1.0239165303581699,1.1098165208650772,0.1963490943605364,4.440892098500626e-16,0.0014454168267548084,not_checked,0.001,not_checked,not_checked,,-0.002410727341403701,0.006853761776507111,0.00021392334299519256,True
local_b4_n800,126,2035221727,local,4,0.1414213562373095,800,0.0020075938745565125,True,ok,0.004355794644608002,0.6435163222282305,0.0034172631318999764,7.380666106557169,6.070086168997277,0.044432126204416125,0.03702188509023309,0.0480725916474672,0.030664927146725023,0.03066492714672497,800.0000000000005,800.0000000000005,0.00125,1.5021317523178368e-13,9.97067616098484,10,-3.657924657618494e-14,-2.636779683484747e-16,-4.2366110619695974e-13,-0.20569733759218112,1.0102032691691711,1.2223409893986348,0.19643221402596414,2.9820590441431705e-13,0.0014404579997062683,not_checked,0.001,not_checked,not_checked,,-0.0023419180196125,0.011053507308828505,0.0023482007700514895,True
local_b4_n800,127,2035221728,local,4,0.1414213562373095,800,0.0020075938745565125,True,ok,0.0009650870402406753,0.5932645822596898,0.001551782938180253,1.5751622878985736,1.5322209286442052,0.4717972697388017,0.46474628668897766,0.4648174810487816,0.46205579250559436,0.46205579250559414,800.0000000000005,800.0000000000005,0.00125,1.02584496453062e-10,10.24149670635367,8,-1.0278099768848414e-11,7.806255641895632e-17,1.241229341530925e-13,-0.015511511756746144,0.9191854149092569,1.1440258514010015,0.18615144498357003,2.0165913383607403e-10,0.0012211250141263008,not_checked,0.001,not_checked,not_checked,,-0.0020763516304163655,0.004006525710897716,-0.0010425068343158372,True
local_b4_n800,128,2035221729,local,4,0.1414213562373095,800,0.0020075938745565125,True,ok,0.0003760881610819222,0.6805709419934489,0.0009837700136038445,0.6140205037317654,0.571366922451764,0.7513689966364492,0.7469990663128987,0.7515004573354035,0.7401735976586816,0.7401735976586816,800.0000000000005,800.0000000000005,0.00125,1.3646639374087499e-11,15.088535991165175,9,-1.126134016767033e-12,3.2542328207152416e-16,5.218048215738236e-13,-0.006139723000344766,1.0190759466537835,1.0868919903303924,0.17360746478278374,3.1073588147023656e-11,0.001336042070761323,not_checked,0.001,not_checked,not_checked,,-0.001552065634652092,0.0023042419568159367,-0.0016315057134745903,True
local_b4_n800,129,2035221730,local,4,0.1414213562373095,800,0.0020075938745565125,True,ok,0.005166284911379382,0.620006595192103,0.0035622938610199275,8.6398221681325,7.942130841315154,0.023447742967749506,0.019807616762833442,0.01885333569762354,0.016034254658144984,0.016034254658144943,800.0000000000005,800.0000000000005,0.00125,1.7435575205837495e-10,9.85553623607282,9,-1.6800796864835377e-14,-1.5092094240998222e-16,-2.4158453015843406e-13,-0.1868831549627421,1.013076035817801,1.1836380454162676,0.20743277617238817,3.751097210624721e-10,0.0013375829439610243,not_checked,0.001,not_checked,not_checked,,-0.0018156827585678091,0.012148252581326572,0.0031586910368228693,True
local_b4_n800,130,2035221731,local,4,0.1414213562373095,800,0.0020075938745565125,True,ok,0.0045638024596776905,0.648393168651517,0.003524729588831028,7.751562961380138,6.184987007089072,0.04245642584745357,0.03504048304101954,0.0453886364580944,0.02596406096532892,0.025964060965328863,800.0000000000005,800.0000000000005,0.00125,2.601252546696742e-13,10.054539266651162,10,-6.530886942357483e-14,2.168404344971009e-17,3.4638958368304884e-14,-0.2247395129479144,1.0066379071899034,1.294151525455349,0.19255698754165157,5.182521078950231e-13,0.0014478738885372877,not_checked,0.001,not_checked,not_checked,,-0.0023445405896737976,0.01147214550902918,0.002556208585121178,True
local_b4_n800,131,2035221732,local,4,0.1414213562373095,800,0.0020075938745565125,True,ok,0.0024944399151132224,0.5967315115489626,0.0025770669198399787,4.13816985190918,3.5532338022900296,0.1635925165107769,0.15307571406410042,0.16920963294272023,0.1359386045794007,0.13593860457940057,800.0000000000005,800.0000000000005,0.00125,6.087941262222785e-11,9.256208733538793,9,4.8138576458356397e-17,6.245004513516506e-17,9.947598300641403e-14,-0.07353299386401102,1.0015777824093282,1.2038570383470457,0.21531039595695797,1.265161309049745e-10,0.0013404171913862228,not_checked,0.001,not_checked,not_checked,,-0.0025565184335227063,0.007545398263749151,0.0004868460405567099,True
local_b4_n800,132,2035221733,local,4,0.1414213562373095,800,0.0020075938745565125,True,ok,0.0004073270013338348,0.6557779961682579,0.001028210310480457,0.6648275804898556,0.6135515982043082,0.7338895424450778,0.7293390395794419,0.7358155529229816,0.721905091412584,0.721905091412584,800.0000000000005,800.0000000000005,0.00125,1.4019119198849239e-11,13.489683115409111,9,-1.1521633798937392e-12,1.5395670849294163e-16,2.466915560717098e-13,-0.0065521891778597685,1.0002965901043157,1.1084826534768777,0.1820901191413953,3.065503406673997e-11,0.0013353750109672546,not_checked,0.001,not_checked,not_checked,,-0.0016079281757406076,0.0024225821784082772,-0.0016002668732226777,True
local_b4_n800,133,2035221734,local,4,0.1414213562373095,800,0.0020075938745565125,True,ok,0.002772463280711124,0.5949426604319041,0.002566705407837366,4.592475704847975,4.489692123885335,0.12781733122139016,0.11890693266979524,0.10594384790847142,0.10882974127932182,0.10882974127932167,800.0000000000005,800.0000000000005,0.00125,5.593681073889911e-11,9.299904010915306,9,-2.1120258320017626e-16,-1.5872719805187785e-16,-2.540190280342358e-13,-0.07826722785508711,0.9781838164842398,1.1778804112687284,0.20526702182322018,1.1611911432396482e-10,0.0013408749364316463,not_checked,0.001,not_checked,not_checked,,-0.0022581868775743046,0.007803113438996552,0.0007648694061546113,True
local_b4_n800,134,2035221735,local,4,0.1414213562373095,800,0.0020075938745565125,True,ok,0.002941611400363975,0.6475311862345761,0.0028724558931473446,4.94028259800523,3.942973678310134,0.12082016975976714,0.10888378155404785,0.13924966037240413,0.09505599687052567,0.09505599687052557,800.0000000000005,800.0000000000005,0.00125,7.66053886991358e-15,10.788759296883606,10,-1.6631661325927638e-15,-8.326672684688674e-17,-1.3322676295501878e-13,-0.11685217871143383,0.9727581054061338,1.2531243123778426,0.18844945560370963,1.554312234475219e-14,0.0014693329576402903,not_checked,0.001,not_checked,not_checked,,-0.002688298697384655,0.008571521498112605,0.0009340175258074623,True
local_b4_n800,135,2035221736,local,4,0.1414213562373095,800,0.0020075938745565125,True,ok,0.0015310250794677849,0.676897262086527,0.001956372606681355,2.5454189063639183,2.3398131481159883,0.32017981137735985,0.306236047284033,0.3103959389438869,0.293810562789971,0.29381056278997086,800.0000000000005,800.0000000000005,0.00125,8.881784197001252e-16,13.262268427083384,10,2.70833702686879e-16,3.872770160118222e-16,6.195044477408373e-13,-0.04788938960773059,1.0610873592386996,1.0899303230267752,0.17484276967292162,1.9984014443252818e-15,0.0014450009912252426,not_checked,0.001,not_checked,not_checked,,-0.0023033947699684157,0.0053654449289039854,-0.0004765687950887276,True
local_b4_n800,136,2035221737,local,4,0.1414213562373095,800,0.0020075938745565125,True,ok,0.002357605511351668,0.6389557631359599,0.0024294830736585017,3.923001447969232,3.5984303653467236,0.17111401281744118,0.1594590642020156,0.1654286685734099,0.15166450385747882,0.15166450385747865,800.0000000000005,800.0000000000005,0.00125,1.2212453270876722e-15,11.019143224446248,10,1.0538445116559103e-16,1.7694179454963432e-16,2.8377300509419e-13,-0.07541631490328049,1.0269622292905385,1.109917551449117,0.19862682167975484,2.6645352591003757e-15,0.0014407499693334103,not_checked,0.001,not_checked,not_checked,,-0.002404093814068666,0.007119304836772002,0.00035001163679515557,True
local_b4_n800,137,2035221738,local,4,0.1414213562373095,800,0.0020075938745565125,True,ok,0.003363431150456231,0.6489100440605202,0.0030740323838236894,5.650408898644924,4.465530073515116,0.09309028577429018,0.08276963151169109,0.10723152074584202,0.06783039230673558,0.0678303923067355,800.0000000000005,800.0000000000005,0.00125,1.6986412276764895e-14,10.858333614251032,10,-3.672843279511895e-15,-1.3877787807814457e-17,-2.3092638912203256e-14,-0.13445952895747615,0.9911930085590245,1.2721230361919824,0.1908882830772984,3.4861002973229915e-14,0.0014445828273892403,not_checked,0.001,not_checked,not_checked,,-0.002661561609148008,0.00938842391006047,0.0013558372758997184,True
local_b4_n800,138,2035221739,local,4,0.1414213562373095,800,0.0020075938745565125,True,ok,0.00163539308580396,0.5844282623088914,0.0020645323569805007,2.6907548143115463,2.423557204918985,0.2923691027925792,0.28237000641637366,0.29766737639838936,0.27027523004740306,0.2702752300474029,800.0000000000005,800.0000000000005,0.00125,3.4116487412916285e-11,9.303094544951323,9,1.205632815803881e-16,2.177077962350893e-16,3.4772185131259903e-13,-0.03706293851260445,1.0019518329147712,1.127261296110095,0.22158275386949708,6.966538457220395e-11,0.0013336667325347662,not_checked,0.001,not_checked,not_checked,,-0.0024110159787954118,0.005681802150403332,-0.00037220078875255247,True
local_b4_n800,139,2035221740,local,4,0.1414213562373095,800,0.0020075938745565125,True,ok,0.0017249053790486801,0.602971387875469,0.002055681070752317,2.8398768647141965,2.7661151417636995,0.2754262425682188,0.26538799955513204,0.25081050857500325,0.251597597462165,0.2515975974621647,800.0000000000005,800.0000000000005,0.00125,8.111100679997207e-11,10.052292681019903,9,-3.187554387107383e-16,-2.1206994493816467e-16,-3.4061642395499803e-13,-0.040014129118153274,0.9183778501771032,1.2299792974908677,0.19260278441485523,1.702087359944926e-10,0.00134404213167727,not_checked,0.001,not_checked,not_checked,,-0.0023041554833265953,0.005753966241423956,-0.00028268849550783237,True
local_b4_n800,140,2035221741,local,4,0.1414213562373095,800,0.0020075938745565125,True,ok,0.0028073972292430582,0.6210091245890166,0.0025200224298093416,4.567671985032768,4.846355162464793,0.1206451696467328,0.11645828470362823,0.08863951024326101,0.10583036643511048,0.10583036643511035,800.0000000000005,800.0000000000005,0.00125,1.82192594344599e-10,11.93671640263437,9,2.0816681711721685e-16,1.942890293094024e-16,3.090860900556436e-13,-0.03791820912193611,0.9106741035511973,1.2118755218705217,0.18713054147703062,3.926206026960699e-10,0.0013367081992328167,not_checked,0.001,not_checked,not_checked,,-0.0021317559734163674,0.007746550431902484,0.0007998033546865457,True
local_b4_n800,141,2035221742,local,4,0.1414213562373095,800,0.0020075938745565125,True,ok,0.0005727081376771803,0.6631119110922401,0.00120749819037586,0.9237553933736429,0.914681690576613,0.6457636453057523,0.6434887924588379,0.6329645603030474,0.6324421594058411,0.6324421594058409,800.0000000000005,800.0000000000005,0.00125,9.177436588458932e-12,15.036871220270887,9,-4.830068636718643e-13,1.1655173354219173e-16,1.865174681370263e-13,-0.0037111865450769055,0.8674123724871943,1.2558947163632355,0.16007802288862916,2.046163238844656e-11,0.0013358329888433218,not_checked,0.001,not_checked,not_checked,,-0.0017939448268567948,0.0029393611022111555,-0.0014348857368793322,True
local_b4_n800,142,2035221743,local,4,0.1414213562373095,800,0.0020075938745565125,True,ok,0.002225780091616336,0.605839643087263,0.0024092659665201507,3.6454615417026783,3.342985004193337,0.17697082604674585,0.16988543287114696,0.18796631606037206,0.16853293753739892,0.16853293753739876,800.0000000000005,800.0000000000005,0.00125,9.230449737884783e-11,10.603234061396316,9,1.7954387976359953e-16,2.233456475320139e-16,3.5793590313915047e-13,-0.042106697558269124,0.9558153296107965,1.1012904304636741,0.18909456096447091,1.9482060409359292e-10,0.00134704215452075,not_checked,0.001,not_checked,not_checked,,-0.002496294431941243,0.006947854615173915,0.00021818621705982366,True
local_b4_n800,143,2035221744,local,4,0.1414213562373095,800,0.0020075938745565125,True,ok,0.0005184867487297851,0.6899927311915481,0.0011812285483503693,0.8309275911816381,0.7735414807803116,0.6572025133580235,0.6567545991762811,0.6792468009339756,0.6604793636841129,0.6604793636841126,800.0000000000005,800.0000000000005,0.00125,5.453859586168619e-12,17.702208895578675,9,-7.071871300362575e-14,6.288372600415926e-18,1.0436096431476471e-14,-0.000674396606990757,0.8940432531795062,1.0899157725889719,0.13967120622859114,1.2950085448437676e-11,0.0013375419657677412,not_checked,0.001,not_checked,not_checked,,-0.0017966786635474686,0.0028336521610070387,-0.0014891071258267274,True
local_b4_n800,144,2035221745,local,4,0.1414213562373095,800,0.0020075938745565125,True,ok,0.0014512939691639914,0.6019290918167377,0.0019196861359297602,2.3798770836441374,2.2252753412137416,0.3333296074556117,0.3243386019984469,0.3286908385043404,0.3131618356275529,0.31316183562755256,800.0000000000005,800.0000000000005,0.00125,7.737654961204044e-11,10.291961719518472,9,-8.413408858487514e-17,-5.984795992119984e-17,-9.769962616701378e-14,-0.028903366490874882,1.0277734484539145,1.0862085616947723,0.21440119530245388,1.6202594821379535e-10,0.0013269579503685236,not_checked,0.001,not_checked,not_checked,,-0.002311221718879201,0.005213809657207184,-0.0005562999053925211,True
local_b4_n800,145,2035221746,local,4,0.1414213562373095,800,0.0020075938745565125,True,ok,0.003451835031470063,0.6657032540857004,0.002899849340098669,5.822579158776135,5.319313382730695,0.08252557805611635,0.07209134706924539,0.06997223969570797,0.06319892261687025,0.06319892261687014,800.0000000000005,800.0000000000005,0.00125,4.0523140398818214e-14,11.48449896720455,10,-9.127681249720965e-15,9.280770596475918e-17,1.509903313490213e-13,-0.14982155421201515,1.058141587680503,1.1552450140815937,0.18511258641193207,8.415490526658687e-14,0.001453625038266182,not_checked,0.001,not_checked,not_checked,,-0.0022317652357155713,0.009135435298655698,0.0014442411569135505,True
local_b4_n800,146,2035221747,local,4,0.1414213562373095,800,0.0020075938745565125,True,ok,0.0025573563310155034,0.6232996152352595,0.0025090345741376964,4.200323658435901,4.032165636618647,0.14462402534225538,0.13740683372568147,0.13317611972276128,0.12926573078317444,0.12926573078317427,800.0000000000005,800.0000000000005,0.00125,3.885780586188048e-16,11.249475159375477,10,-2.0339632755828063e-16,-2.3158558404290375e-16,-3.730349362740526e-13,-0.05427676440554663,0.9895276980609702,1.126736993388744,0.20247312881076512,2.220446049250313e-16,0.0014398752246052027,not_checked,0.001,not_checked,not_checked,,-0.0023602610702601733,0.00747497373229118,0.0005497624564589909,True
local_b4_n800,147,2035221748,local,4,0.1414213562373095,800,0.0020075938745565125,True,ok,0.0035335952505231027,0.6122425149897681,0.0029776457210333412,5.902091766089528,5.322038742421331,0.07584626615638447,0.06772955383260917,0.06987695487104248,0.059197486224454754,0.05919748622445465,800.0000000000005,800.0000000000005,0.00125,1.23462462475743e-10,9.489630021792966,9,-1.229485263598562e-15,1.465841337200402e-16,2.327027459614328e-13,-0.12416968262628014,1.0565863737851393,1.1351916830528062,0.2154730454203624,2.625926143196011e-10,0.0013387498911470175,not_checked,0.001,not_checked,not_checked,,-0.002302483121422047,0.009369673622468253,0.0015260013759665902,True
local_b4_n800,148,2035221749,local,4,0.1414213562373095,800,0.0020075938745565125,True,ok,0.0026828081665484227,0.6492157874793856,0.0025496772622132383,4.163334314945063,4.5125340328556955,0.10745440970096627,0.11490067330355583,0.10474075137634178,0.11692219875977569,0.11692219875977553,800.0000000000005,800.0000000000005,0.00125,1.2212453270876722e-15,18.454053256642112,10,1.2576745200831851e-16,-1.3010426069826053e-17,-2.220446049250313e-14,0.06457937576620809,0.9069193493053497,1.017004803099319,0.16145572698226685,2.886579864025407e-15,0.00144295790232718,not_checked,0.001,not_checked,not_checked,,-0.002314467439590212,0.0076800837726870574,0.0006752142919919102,True
local_b4_n800,149,2035221750,local,4,0.1414213562373095,800,0.0020075938745565125,True,ok,0.002398964466795439,0.5581625973871294,0.0024446721082274055,3.932712590076817,3.7742060495918706,0.16638452321267172,0.15925264089764168,0.15151009466566806,0.14672846555357758,0.14672846555357738,800.0000000000005,800.0000000000005,0.00125,9.420242363944453e-12,8.572071999614177,9,-1.4137996329210978e-16,-1.0581813203458523e-16,-1.709743457922741e-13,-0.04718472160205622,0.9441153911069917,1.1975883348137617,0.21924099844366973,1.8463230944121278e-11,0.001340916845947504,not_checked,0.001,not_checked,not_checked,,-0.002392504819339881,0.007190433752930759,0.00039137059223892656,True
local_b4_n800,150,2035221751,local,4,0.1414213562373095,800,0.0020075938745565125,True,ok,0.0004514227775365143,0.6546928859852406,0.0010980713860428515,0.718426063756455,0.6784193716927371,0.6878791296616187,0.6892509466075445,0.7123330672660062,0.6968826672730868,0.6968826672730866,800.0000000000005,800.0000000000005,0.00125,2.5334179198921447e-12,15.845274078515173,9,9.251280297384312e-14,1.163891032163189e-16,1.8629542353210127e-13,0.0019251901509841352,0.8641209522423852,1.075778334585754,0.14885562817977305,5.810241177073294e-12,0.0013284990563988686,not_checked,0.001,not_checked,not_checked,,-0.0017007575915614528,0.0026036031466344814,-0.0015561710970199982,True
local_b4_n800,151,2035221752,local,4,0.1414213562373095,800,0.0020075938745565125,True,ok,0.0034475392744521827,0.5436328115854578,0.0029677280145387914,5.680629667434513,5.270733088102895,0.0730848526409944,0.06764264266917536,0.07169268606427417,0.06341648601482755,0.06341648601482743,800.0000000000005,800.0000000000005,0.00125,4.46975789714088e-12,7.752783347074033,9,6.245004513516506e-17,1.6219664500383146e-16,2.5579538487363607e-13,-0.08228341415550844,0.9331181526911043,1.1711487392884992,0.21238338383887603,8.565148590378158e-12,0.0013336669653654099,not_checked,0.001,not_checked,not_checked,,-0.00236910074995441,0.009264179298858775,0.0014399453998956702,True
local_b4_n800,152,2035221753,local,4,0.1414213562373095,800,0.0020075938745565125,True,ok,0.0021461967616906996,0.6080765460903013,0.002312906041460174,3.56085103903178,3.313232532642046,0.20129087995530315,0.1897307280547054,0.1907834495136914,0.17961180257935316,0.17961180257935302,800.0000000000005,800.0000000000005,0.00125,1.0236145264741481e-10,9.732924383863029,9,1.218643241873707e-16,7.762887554996212e-17,1.2256862191861728e-13,-0.06346811016332943,0.9997863090626711,1.143339426752461,0.20116070593785224,2.1633494995398905e-10,0.0013359170407056808,not_checked,0.001,not_checked,not_checked,,-0.0023870157791963465,0.006679409302577746,0.00013860288713418711,True
local_b4_n800,153,2035221754,local,4,0.1414213562373095,800,0.0020075938745565125,True,ok,0.0072632424262928375,0.6321822239644279,0.004299293956927289,12.442410928597692,10.33997218719019,0.006534211980328488,0.004583584393851493,0.005684647871684973,0.0029956503041995027,0.00299565030419949,800.0000000000005,800.0000000000005,0.00125,4.737765735285393e-12,8.749529576908083,10,-1.4066300207948856e-12,-1.465841337200402e-16,-2.3803181647963356e-13,-0.4106115232645724,1.1022790955743305,1.2043526771325128,0.21689835356816312,8.97171226199589e-12,0.0014469169545918703,not_checked,0.001,not_checked,not_checked,,-0.001163218888235347,0.015689703740821022,0.005255648551736325,True
local_b4_n800,154,2035221755,local,4,0.1414213562373095,800,0.0020075938745565125,True,ok,0.0062383274724600035,0.6077290762091729,0.004048448157827507,10.428566415923246,8.863734525118737,0.011675931129700487,0.00957822488738655,0.011892262950331097,0.0068011607831216375,0.006801160783121621,800.0000000000005,800.0000000000005,0.00125,1.0076650625023831e-10,9.387325429107642,9,-4.06064071256651e-14,3.642919299551295e-17,5.861977570020827e-14,-0.22362122999361755,1.0306549009296109,1.2039890365164505,0.21524597627660152,2.1285084805811039e-10,0.0013430409599095583,not_checked,0.001,not_checked,not_checked,,-0.0016964851101594382,0.014173140055079445,0.004230733597903491,True
local_b4_n800,155,2035221756,local,4,0.1414213562373095,800,0.0020075938745565125,True,ok,0.0010218721487735838,0.6917627026274367,0.001652296897467826,1.6762679634017363,1.4841924152991142,0.45338259089260624,0.4444340365836327,0.47611483318946,0.4415351182709849,0.4415351182709849,800.0000000000005,800.0000000000005,0.00125,9.992007221626409e-16,15.446779364627623,10,-2.7929047963226594e-16,-1.3704315460216776e-16,-2.2093438190040615e-13,-0.020636262682000694,0.9425071334369226,1.129550695440563,0.15292130383496103,2.4424906541753444e-15,0.0014482932165265083,not_checked,0.001,not_checked,not_checked,,-0.0022165702620306252,0.004260314559577793,-0.0009857217257829287,True
local_b4_n800,156,2035221757,local,4,0.1414213562373095,800,0.0020075938745565125,True,ok,0.0003481485579028831,0.6189367384064468,0.0009519215227830326,0.5659199435253228,0.5254536379053284,0.7644444548896117,0.7611776295417594,0.7689519317152016,0.7569040027586941,0.756904002758694,800.0000000000005,800.0000000000005,0.00125,1.663175153154839e-10,11.766264344390482,8,-2.762823064945963e-13,-3.833196780822501e-16,-6.126210649881614e-13,-0.004441125440354743,0.9974305557458046,1.0777249719020303,0.20367516144726913,3.5724645464085825e-10,0.0012281658127903938,not_checked,0.001,not_checked,not_checked,,-0.0015175833428603851,0.0022138804586661516,-0.0016594453166536294,True
local_b4_n800,157,2035221758,local,4,0.1414213562373095,800,0.0020075938745565125,True,ok,0.0038403317250070845,0.6537425087437645,0.003095705525221234,6.409283153744825,5.8828440825237305,0.06071226895453219,0.05384160647606151,0.052790604917991625,0.04631611232692415,0.04631611232692406,800.0000000000005,800.0000000000005,0.00125,1.9539925233402755e-14,11.674600828273547,10,-4.044507784239926e-15,-1.4268100589909238e-16,-2.255973186038318e-13,-0.13237619686674318,1.0033450797760273,1.1867697163990485,0.19196692883096725,4.063416270128073e-14,0.0014416661579161882,not_checked,0.001,not_checked,not_checked,,-0.002227139611168186,0.009907803061182354,0.001832737850450572,True
local_b4_n800,158,2035221759,local,4,0.1414213562373095,800,0.0020075938745565125,True,ok,0.004789600449333076,0.6452817053006641,0.003360244586479307,8.020981822713487,7.687460676400281,0.028928411251508773,0.024524527872315245,0.021413572303432486,0.02167316630427292,0.021673166304272875,800.0000000000005,800.0000000000005,0.00125,9.026113190202523e-14,11.001385274182775,10,-1.951043493431115e-14,3.946495907847236e-16,6.288303211476887e-13,-0.17881055189028094,1.0433762664567736,1.1186134247389936,0.18742854616232094,1.822986206434507e-13,0.0014467497821897268,not_checked,0.001,not_checked,not_checked,,-0.0017963579194120527,0.011375558818078203,0.002782006574776563,True
local_b4_n800,159,2035221760,local,4,0.1414213562373095,800,0.0020075938745565125,True,ok,0.0017439829796161987,0.6082294566003288,0.0021341743523200884,2.8837417759086708,2.56210938773459,0.27282086757579826,0.26122572317138837,0.2777442108046232,0.2477868486351271,0.24778684863512682,800.0000000000005,800.0000000000005,0.00125,1.030669993795641e-10,9.974669640304466,9,2.8341044788771086e-16,2.2854981795994433e-16,3.645972412869014e-13,-0.04668450426137549,1.0231001881668387,1.1259546920497923,0.2146101173069161,2.178868196978101e-10,0.0013412907719612122,not_checked,0.001,not_checked,not_checked,,-0.002438921887660271,0.0059268878468926684,-0.00026361089494031376,True
local_b4_n800,160,2035221761,local,4,0.1414213562373095,800,0.0020075938745565125,True,ok,0.00936112215935836,0.6732087107908609,0.005025629732638082,16.01713385507392,12.452686201584328,0.0018723132149632417,0.001227069990127126,0.001976667168440497,0.0005592590767611923,0.00055925907676119,800.0000000000005,800.0000000000005,0.00125,3.825939565160752e-11,11.252105776293385,10,-1.1821878545537068e-11,-2.498001805406602e-16,-4.050093593832571e-13,-0.5196692000502674,0.9974858399563148,1.3359522345521868,0.18024970882146277,7.713429894806723e-11,0.0014478759840130806,not_checked,0.001,not_checked,not_checked,,-0.0004889311162459432,0.01921117543496266,0.007353528284801847,True
local_b4_n800,161,2035221762,local,4,0.1414213562373095,800,0.0020075938745565125,True,ok,0.0020177904784837164,0.6032286477691338,0.0022487941796982573,3.341755270649585,3.1127055380105744,0.21851273154946604,0.20717551234963644,0.21090388533937704,0.19904340095474665,0.19904340095474643,800.0000000000005,800.0000000000005,0.00125,8.191525235901054e-11,9.644103553419237,9,2.3158558404290375e-16,1.222980050563649e-16,1.9539925233402755e-13,-0.05664525253781849,0.9914780503304217,1.1323564739704106,0.20133115037283325,1.7228996007645492e-10,0.001341833034530282,not_checked,0.001,not_checked,not_checked,,-0.002389765122368162,0.006425346079335595,1.0196603927203896e-05,True
local_b4_n800,162,2035221763,local,4,0.1414213562373095,800,0.0020075938745565125,True,ok,0.003004871136227605,0.6220773364115735,0.002639524753431641,5.027200148521353,4.944114451472793,0.10780708315237779,0.09742962418214454,0.08441102771911829,0.09036512160538747,0.09036512160538737,800.0000000000005,800.0000000000005,0.00125,1.9092816216925712e-10,9.80037913141469,9,-5.048045315092509e-16,7.589415207398531e-17,1.2256862191861728e-13,-0.10970316527859136,0.9860820957909233,1.1714608843873229,0.18673234941367464,4.121332164430669e-10,0.0013482081703841686,not_checked,0.001,not_checked,not_checked,,-0.0021685023168003786,0.008178244589255588,0.0009972772616710923,True
local_b4_n800,163,2035221764,local,4,0.1414213562373095,800,0.0020075938745565125,True,ok,0.004688840162439867,0.5978730852742877,0.003468555702186457,7.799771095297309,6.925749114470184,0.03344445302554042,0.02925433960010759,0.031339545097534297,0.02349254528783177,0.023492545287831713,800.0000000000005,800.0000000000005,0.00125,6.410749708862795e-11,9.22025280861334,9,-3.346281585159261e-15,4.336808689942018e-17,6.750155989720952e-14,-0.14881341769675904,1.002262094737905,1.1994362083149384,0.21609090872727432,1.3360956785390954e-10,0.0013384169433265924,not_checked,0.001,not_checked,not_checked,,-0.0021094040922166263,0.011487084417096359,0.0026812462878833543,True
local_b4_n800,164,2035221765,local,4,0.1414213562373095,800,0.0020075938745565125,True,ok,0.0013355960907033282,0.638767964293733,0.001805269301693175,2.1988680485571948,2.1299361931315577,0.36008792507104626,0.3495883325421919,0.3447388529450979,0.34353136118058775,0.34353136118058747,800.0000000000005,800.0000000000005,0.00125,1.0130785099704553e-15,11.802245383582404,10,1.1015494072452725e-16,9.237402509576498e-17,1.4477308241112041e-13,-0.03095715171593416,1.0319862529707962,1.0602739625753634,0.18684275485069063,1.1102230246251565e-15,0.0014476238284260035,not_checked,0.001,not_checked,not_checked,,-0.002202666723011068,0.004873858904417725,-0.0006719977838531843,True
local_b4_n800,165,2035221766,local,4,0.1414213562373095,800,0.0020075938745565125,True,ok,0.001095009166526717,0.6161623328495458,0.0016867459178566443,1.7530173282993562,1.683514491892001,0.4076458879351197,0.4074368141763939,0.43095256801401993,0.4164423121455183,0.4164423121455182,800.0000000000005,800.0000000000005,0.00125,1.4707135509439695e-10,12.983085020344388,8,-2.8374091270988444e-13,1.214306433183765e-16,1.9206858326015208e-13,-0.0005013309283040668,0.9108748732787194,1.0440449283094662,0.1736021352984979,3.146261029485231e-10,0.0012193331494927406,not_checked,0.001,not_checked,not_checked,,-0.0022109520835422625,0.004400970416595696,-0.0009125847080297955,True
local_b4_n800,166,2035221767,local,4,0.1414213562373095,800,0.0020075938745565125,True,ok,0.002507919701095762,0.62021496492189,0.0025415048364615107,4.159423985342427,3.72056864203432,0.15602797661368234,0.14578645704436194,0.1556283756589572,0.13448054182170638,0.13448054182170618,800.0000000000005,800.0000000000005,0.00125,1.7573942301396528e-10,10.336981013286932,9,-1.986258379993444e-16,-2.0036056147532122e-16,-3.2240876635114546e-13,-0.07337623179460229,1.0384180968085408,1.1216936653321714,0.20815052510720947,3.786893021384685e-10,0.0013354578986763954,not_checked,0.001,not_checked,not_checked,,-0.002473338244903159,0.007489177647094683,0.0005003258265392496,True
local_b4_n800,167,2035221768,local,4,0.1414213562373095,800,0.0020075938745565125,True,ok,0.006148985230663762,0.6102260914585902,0.003925971032586188,10.117938804232299,9.532668507808733,0.00927314764578831,0.008119410035427481,0.008511524128479362,0.007305058799996684,0.007305058799996666,800.0000000000005,800.0000000000005,0.00125,1.1276057865217126e-10,10.708290576765206,9,-8.139322549283179e-15,-8.586881206085195e-17,-1.3677947663381929e-13,-0.13978121758513762,1.0195676415865882,1.0811555622129736,0.19717389156035123,2.391349340769011e-10,0.001334541942924261,not_checked,0.001,not_checked,not_checked,,-0.0015457765975526944,0.013843747058880217,0.004141391356107249,True
local_b4_n800,168,2035221769,local,4,0.1414213562373095,800,0.0020075938745565125,True,ok,0.002105511704329155,0.6371793733242344,0.002282707889459792,3.3823986376233823,3.3799025962215548,0.19060730644237445,0.18934107962724228,0.18452851066123827,0.18555399456566232,0.1855539945656621,800.0000000000005,800.0000000000005,0.00125,2.740863092043355e-16,13.944293741298363,10,-3.903127820947816e-17,-7.502679033599691e-17,-1.2034817586936697e-13,-0.00678995534836635,0.9387717487156441,1.0946667421418044,0.17890755140093687,2.220446049250313e-16,0.001440832857042551,not_checked,0.001,not_checked,not_checked,,-0.0023685135462374763,0.006579536954895786,9.79178297726424e-05,True
local_b4_n800,169,2035221770,local,4,0.1414213562373095,800,0.0020075938745565125,True,ok,0.0006873147021821957,0.6204207284529428,0.00126426512454949,1.1083033831970577,1.1686709985607902,0.5780397476922272,0.5755684934885386,0.5574761820836609,0.5770353427525918,0.5770353427525916,800.0000000000005,800.0000000000005,0.00125,1.7750201308786018e-10,12.520719256796813,8,-5.953153551715995e-13,-2.520770051028798e-16,-4.036770917537069e-13,-0.004299929852771944,0.947040248756318,1.0616820438971863,0.19151755610043353,3.822526739583054e-10,0.0012200430501252413,not_checked,0.001,not_checked,not_checked,,-0.0017905994088448503,0.0031652288132092417,-0.0013202791723743168,True
local_b4_n800,170,2035221771,local,4,0.1414213562373095,800,0.0020075938745565125,True,ok,0.007389427285274364,0.5967083224520386,0.00434105101068046,12.479728212038067,10.713374949046406,0.0052064257828503355,0.0038900991417727872,0.004716503798440292,0.002708008383202745,0.0027080083832027335,800.0000000000005,800.0000000000005,0.00125,6.08111339062134e-11,8.230086640306789,9,-2.4281097965594967e-13,-2.6020852139652106e-17,-4.263256414560601e-14,-0.32832227779953893,1.0812220939400892,1.164889672758656,0.22595280554897926,1.263786852945259e-10,0.0013338751159608364,not_checked,0.001,not_checked,not_checked,,-0.00111887635071054,0.01589773092125927,0.005381833410717851,True
local_b4_n800,171,2035221772,local,4,0.1414213562373095,800,0.0020075938745565125,True,ok,0.002346821420203371,0.6677731323481451,0.0023478261521773054,3.857123139639425,3.9000846556441298,0.1640688845697566,0.15620067060291198,0.1422680495623775,0.15297861537292284,0.1529786153729227,800.0000000000005,800.0000000000005,0.00125,6.661338147750939e-16,13.718956445146958,10,-6.548581121812447e-17,-9.367506770274758e-17,-1.4921397450962104e-13,-0.05110443365701456,0.9880904223636164,1.0895904123350948,0.16966924255389618,1.5543122344752192e-15,0.0014382079243659973,not_checked,0.001,not_checked,not_checked,,-0.0022548332800254034,0.0069484761204321455,0.00033922754564685853,True
local_b4_n800,172,2035221773,local,4,0.1414213562373095,800,0.0020075938745565125,True,ok,0.0017796617876357779,0.6538597718809034,0.0021983462930518062,2.9630818893106308,2.511323935798856,0.2715690638473278,0.25763928630386834,0.2848871996105789,0.2408142402347219,0.24081424023472173,800.0000000000005,800.0000000000005,0.00125,3.3306690738754696e-16,11.766307264058664,10,1.0538445116559103e-16,5.0090140368830305e-17,7.904787935331115e-14,-0.0578115145466922,0.9599466060662478,1.2302540168293392,0.17968611923021116,6.661338147750939e-16,0.0014435411430895329,not_checked,0.001,not_checked,not_checked,,-0.0025290177722928978,0.0060883413475644535,-0.00022793208692073463,True
local_b4_n800,173,2035221774,local,4,0.1414213562373095,800,0.0020075938745565125,True,ok,0.0009184511225037717,0.6172568858280234,0.0015612056480408276,1.5029018897365933,1.3471443205414029,0.5032973472834532,0.4955179672128073,0.5098839336357228,0.47962012339539883,0.4796201233953986,800.0000000000005,800.0000000000005,0.00125,1.5440426714974365e-10,11.161623018274021,8,-1.4679487660151924e-11,-1.32164244825983e-16,-2.1183055309847987e-13,-0.016690046865278862,0.9858102990548688,1.1591640360245634,0.2042608661264941,3.308266993684583e-10,0.0012272917665541172,not_checked,0.001,not_checked,not_checked,,-0.002141455720116766,0.0039783579651243095,-0.0010891427520527408,True
local_b4_n800,174,2035221775,local,4,0.1414213562373095,800,0.0020075938745565125,True,ok,0.0006650979809383895,0.6636247588264892,0.0012276175544397492,1.0921359614152677,1.149007272301798,0.5936207555282558,0.5855430945528317,0.5629842444918038,0.5873828924983856,0.5873828924983855,800.0000000000005,800.0000000000005,0.00125,1.1245171460672054e-10,13.458832557294038,9,-1.191834489173288e-11,3.7264028668326787e-16,5.961897642237091e-13,-0.013989595956921952,0.943586566159386,1.1014342895801699,0.15892483265217455,2.461773007667034e-10,0.001326083205640316,not_checked,0.001,not_checked,not_checked,,-0.001740988212552658,0.003071184174429437,-0.001342495893618123,True
local_b4_n800,175,2035221776,local,4,0.1414213562373095,800,0.0020075938745565125,True,ok,0.0009037781413525625,0.6109717619858084,0.0014802978091748215,1.4750477029033036,1.464783469277848,0.49297285288372683,0.4860294492804301,0.48075776892235345,0.48528326204362315,0.48528326204362293,800.0000000000005,800.0000000000005,0.00125,1.165314511553106e-10,11.055320732490468,8,-9.475007367240607e-12,1.3997050046787862e-16,2.2315482794965646e-13,-0.014501338369601324,1.0008689359893526,1.0438778922139185,0.19790504241341367,2.4756685590432426e-10,0.001217417186126113,not_checked,0.001,not_checked,not_checked,,-0.0019975522510236334,0.0038051085337287584,-0.00110381573320395,True
local_b4_n800,176,2035221777,local,4,0.1414213562373095,800,0.0020075938745565125,True,ok,0.009692624627276158,0.5841938378652074,0.004886569846626032,16.10738293876436,14.93786837667139,0.0008033439762184374,0.0006111801710034809,0.0005705360569256319,0.0004289802395204913,0.0004289802395204897,800.0000000000005,800.0000000000005,0.00125,3.377120805225786e-11,9.01309212785682,9,-2.533702414542205e-13,3.139849491518021e-16,5.027089855502709e-13,-0.2995917675612487,1.0141369372639937,1.1509229787957167,0.22447022329521513,6.886913261894279e-11,0.0013338332064449787,not_checked,0.001,not_checked,not_checked,,0.00011512371994972133,0.019270125534602597,0.007685030752719646,True
local_b4_n800,177,2035221778,local,4,0.1414213562373095,800,0.0020075938745565125,True,ok,0.004015691249774633,0.5896663857052795,0.003222881004837479,6.7182235247964925,5.910817302128109,0.05176786420920747,0.04524014935637223,0.052057382923770504,0.040253714252103015,0.04025371425210294,800.0000000000005,800.0000000000005,0.00125,4.3774428526432985e-11,8.42372008575795,9,-2.3548871186385156e-15,2.3418766925686896e-17,3.907985046680551e-14,-0.14655876257853784,1.026300538198019,1.1421307448100504,0.22431019094986576,8.998912726099206e-11,0.0013397079892456532,not_checked,0.001,not_checked,not_checked,,-0.0023010394461650853,0.010332421945714352,0.002008097375218121,True
local_b4_n800,178,2035221779,local,4,0.1414213562373095,800,0.0020075938745565125,True,ok,0.003994672952200462,0.6569620175846504,0.003158831315689159,6.7502327459122045,5.955268470577623,0.05726323254666819,0.04877875432804331,0.050913140010743325,0.04093628842456812,0.040936288424568035,800.0000000000005,800.0000000000005,0.00125,9.259260025373806e-14,10.87959263569154,10,-2.1421232843099602e-14,-1.734723475976807e-17,-2.7533531010703882e-14,-0.17937801119573082,1.0746113181340835,1.1594024125818672,0.18758614737405896,1.887379141862766e-13,0.0014371657744050026,not_checked,0.001,not_checked,not_checked,,-0.0021965226597875634,0.010185868564188488,0.0019870790776439495,True
local_b4_n800,179,2035221780,local,4,0.1414213562373095,800,0.0020075938745565125,True,ok,0.005955689372570516,0.6021676345326008,0.0039988506201942345,10.060335617523702,8.247423519106992,0.014757709012551374,0.011696230007513308,0.016184330473584835,0.008526711631677042,0.008526711631677017,800.0000000000005,800.0000000000005,0.00125,7.822753556041562e-11,8.351465039777048,9,-7.753173103530742e-14,2.2985086056692694e-16,3.659295089164516e-13,-0.26561631070543523,1.0116521234438278,1.2361407982279466,0.21623510723738526,1.6386580981020415e-10,0.0013351237867027521,not_checked,0.001,not_checked,not_checked,,-0.0018819138225658425,0.013793292567706875,0.003948095498014004,True
local_b4_n800,180,2035221781,local,4,0.1414213562373095,800,0.0020075938745565125,True,ok,0.0019557278797923683,0.617489094179676,0.0022734036989401716,3.243837141956383,2.8467485538361297,0.23316857748299424,0.2210899682786256,0.24089978136967724,0.20917536667710582,0.20917536667710557,800.0000000000005,800.0000000000005,0.00125,1.5594225910575688e-10,10.183187829777173,9,-1.0755285551056204e-16,-3.5561831257524545e-17,-5.5067062021407764e-14,-0.05733626714429607,0.9785432037208068,1.1730007540396439,0.1975352432117127,3.343623156126796e-10,0.001327665988355875,not_checked,0.001,not_checked,not_checked,,-0.002500061492450508,0.0064115172520352445,-5.186599476414422e-05,True
local_b4_n800,181,2035221782,local,4,0.1414213562373095,800,0.0020075938745565125,True,ok,0.0011927459895202386,0.6985291196970751,0.0018074538525820968,1.9485861921537801,1.7085479766215181,0.3986102867727871,0.39100341545872386,0.4255920637592575,0.3851213530564825,0.3851213530564822,800.0000000000005,800.0000000000005,0.00125,7.216449660063518e-16,16.373468971899683,10,-5.898059818321144e-17,-4.2500725161431774e-17,-6.727951529228449e-14,-0.020096304460698655,0.8874576177746012,1.2000700525176708,0.1462289653426236,6.661338147750939e-16,0.0014470831956714392,not_checked,0.001,not_checked,not_checked,,-0.0023497984652588394,0.004735290444299317,-0.0008148478850362739,True
local_b4_n800,182,2035221783,local,4,0.1414213562373095,800,0.0020075938745565125,True,ok,0.0008130967344908147,0.6188059445099154,0.0014309555449500226,1.3215929620184637,1.2678206670357897,0.5311662561150277,0.525862076202336,0.5305132559867293,0.521796618061762,0.5217966180617619,800.0000000000005,800.0000000000005,0.00125,1.653303050019872e-10,11.766301121777103,8,-3.989688028734062e-12,2.084920777689625e-16,3.339550858072471e-13,-0.010319093416579772,1.0075575387512625,1.0489874231846985,0.19135190116340992,3.551190452810715e-10,0.0012138329911977053,not_checked,0.001,not_checked,not_checked,,-0.001991524597089116,0.0036177180660707455,-0.0011944971400656978,True
local_b4_n800,183,2035221784,local,4,0.1414213562373095,800,0.0020075938745565125,True,ok,0.0009063792349350841,0.6276926422957096,0.0015286041372920623,1.4663088550766297,1.3867215993925128,0.49872191946955613,0.4948846198031511,0.49989320183931607,0.4842744982203795,0.4842744982203794,800.0000000000005,800.0000000000005,0.00125,4.399536290833339e-11,12.641107740656647,9,-3.117861546199363e-12,-6.526897078362737e-17,-1.0391687510491465e-13,-0.008051039590247111,1.0201837859562422,1.064634380642366,0.19271219686364016,9.195399996997367e-11,0.0013239169493317604,not_checked,0.001,not_checked,not_checked,,-0.002089629820776278,0.0039023882906464463,-0.0011012146396214284,True
local_b4_n800,184,2035221785,local,4,0.1414213562373095,800,0.0020075938745565125,True,ok,0.0013606818112481545,0.6336522456278961,0.0018990744320061038,2.2489040276962298,1.9753670722842955,0.3637241385960751,0.3518086764210093,0.37243843270861193,0.3367058935866241,0.3367058935866238,800.0000000000005,800.0000000000005,0.00125,4.440892098500626e-16,11.234278567698391,10,9.6710833785707e-17,5.312590645178972e-17,8.393286066166183e-14,-0.03590656484959065,0.9945369494214436,1.1612899563540253,0.19517361620462273,8.881784197001252e-16,0.0014310420956462622,not_checked,0.001,not_checked,not_checked,,-0.0023614356794446688,0.005082799301940978,-0.000646912063308358,True
local_b4_n800,185,2035221786,local,4,0.1414213562373095,800,0.0020075938745565125,True,ok,0.0013741043251931373,0.6246242173994567,0.001868405421461354,2.2684867550142407,2.0815705829577613,0.3591616458058291,0.34766192108332417,0.3531772259650399,0.3331096845662666,0.33310968456626644,800.0000000000005,800.0000000000005,0.00125,1.3322676295501878e-15,10.863520792217287,10,-1.9125326322644298e-16,-7.654467337747661e-17,-1.2212453270876722e-13,-0.03495991735260984,1.0185744004021173,1.1299077378366533,0.19635899433539758,3.1086244689504383e-15,0.0014422910753637552,not_checked,0.001,not_checked,not_checked,,-0.002287903009390497,0.005036111659776772,-0.0006334895493633752,True
local_b4_n800,186,2035221787,local,4,0.1414213562373095,800,0.0020075938745565125,True,ok,0.0044898170437017715,0.6059758022388697,0.0034688691142588774,7.507973627291012,6.309535328926607,0.03788419894177704,0.03271214436131284,0.04264830855932685,0.027547220577233023,0.02754722057723296,800.0000000000005,800.0000000000005,0.00125,9.304756964922944e-11,9.176211466084052,9,-5.671678404706171e-15,-3.148523108897905e-16,-5.009326287108706e-13,-0.1621331786840865,0.9985893986708938,1.1907087820969307,0.20771795115317873,1.9607160339774055e-10,0.0013311251532286406,not_checked,0.001,not_checked,not_checked,,-0.0023090414873289857,0.011288675574732529,0.002482223169145259,True
local_b4_n800,187,2035221788,local,4,0.1414213562373095,800,0.0020075938745565125,True,ok,0.0030689990399128675,0.5588270534392767,0.0027857923400242453,5.008775036173686,4.690293329287487,0.09590383964702592,0.09150451483420428,0.09583314576555547,0.08584609045498416,0.08584609045498404,800.0000000000005,800.0000000000005,0.00125,9.744649531739924e-12,8.947630889288396,9,2.688821387764051e-17,1.3877787807814457e-17,2.1316282072803006e-14,-0.0491882861565478,1.0265151803736552,1.067928452159297,0.22624715777968776,1.9114931859576245e-11,0.0013377920258790255,not_checked,0.001,not_checked,not_checked,,-0.0023910536149422132,0.008529051694767947,0.001061405165356355,True
local_b4_n800,188,2035221789,local,4,0.1414213562373095,800,0.0020075938745565125,True,ok,0.0015932544493924006,0.5807091187292848,0.0019937621693646014,2.615963784081986,2.4774588318290314,0.2984983401789868,0.289198956858268,0.2897521386085309,0.279541767931569,0.2795417679315689,800.0000000000005,800.0000000000005,0.00125,2.8592794798498744e-11,9.29822050552131,9,7.32920668600201e-17,1.8192912454306764e-16,2.9176661087149114e-13,-0.033378332527071786,1.0198101660684502,1.0891822319241664,0.22155859942893508,5.7988280843801476e-11,0.001328042009845376,not_checked,0.001,not_checked,not_checked,,-0.002314447596300666,0.005500956495085467,-0.00041433942516411193,True
local_b4_n800,189,2035221790,local,4,0.1414213562373095,800,0.0020075938745565125,True,ok,0.0009457930570830886,0.6248214305988988,0.0015489624997519099,1.5514739879076398,1.4538737378254623,0.48991684979293587,0.4811795257142052,0.48338740363025134,0.469243035372351,0.4692430353723508,800.0000000000005,800.0000000000005,0.00125,6.661338147750939e-16,11.350982660011914,10,5.854691731421724e-18,-2.3201926491189795e-17,-3.7969627442180354e-14,-0.019102548287348586,0.9822819385862605,1.1424565012698467,0.19553885427284723,1.3322676295501878e-15,0.0014419169165194035,not_checked,0.001,not_checked,not_checked,,-0.0020901176558337873,0.0039817037699999645,-0.001061800817473424,True
local_b4_n800,190,2035221791,local,4,0.1414213562373095,800,0.0020075938745565125,True,ok,0.005065879317736721,0.6991672701315803,0.0037995748709423894,8.431145008099119,6.8086998247298025,0.022519805220714888,0.019448039484225903,0.03322841444348016,0.01737533765759649,0.01737533765759644,800.0000000000005,800.0000000000005,0.00125,2.345901251032956e-13,15.008917335984295,10,-4.695376032426424e-14,-1.7694179454963432e-16,-2.859934511434403e-13,-0.1628690498601797,0.8329320830161207,1.263626634924035,0.12853675272127743,5.189182417097982e-13,0.001431457931175828,not_checked,0.001,not_checked,not_checked,,-0.0023811505858737864,0.012512909221347228,0.0030582854431802087,True
local_b4_n800,191,2035221792,local,4,0.1414213562373095,800,0.0020075938745565125,True,ok,0.005748226994619188,0.6202990326559215,0.0038640985120681,9.751088536572293,8.182604299539996,0.017123552704120876,0.013414053906217516,0.01671745075476677,0.010066103428003095,0.010066103428003072,800.0000000000005,800.0000000000005,0.00125,1.7657142414861937e-10,8.831946963187958,9,-1.3038702062484475e-13,1.9081958235744878e-17,3.019806626980426e-14,-0.2769626725907939,1.065932199350708,1.1916900822221386,0.21805897049327966,3.801410297654684e-10,0.0013372907415032387,not_checked,0.001,not_checked,not_checked,,-0.0018252669217490997,0.013321720910987475,0.0037406331200626752,True
local_b4_n800,192,2035221793,local,4,0.1414213562373095,800,0.0020075938745565125,True,ok,0.002525091686637948,0.6396009339714459,0.0025286054789944337,4.195604920946715,3.8015142087195515,0.15416774134321543,0.14346862196114868,0.14945542302501041,0.13264573525008533,0.13264573525008516,800.0000000000005,800.0000000000005,0.00125,1.4432899320127035e-15,11.17229175024061,10,-2.419939248987646e-16,0.0,-2.6645352591003757e-15,-0.07772911116299763,1.0554751111098346,1.105399081764415,0.1967338267331911,2.886579864025407e-15,0.0014457909855991602,not_checked,0.001,not_checked,not_checked,,-0.002430883983301794,0.00748106735657769,0.0005174978120814355,True
local_b4_n800,193,2035221794,local,4,0.1414213562373095,800,0.0020075938745565125,True,ok,0.00639813981005255,0.6262529587902443,0.004150997018093583,10.904875415423172,8.678850376729589,0.01189971008458901,0.008938215655362132,0.01304402390563379,0.005984922745700615,0.005984922745700599,800.0000000000005,800.0000000000005,0.00125,1.4637180356658064e-12,8.795077728035974,10,-4.0586631278038965e-13,3.5041414214731503e-16,5.613287612504791e-13,-0.33392585966954336,1.0413034153229237,1.2566246427880525,0.21129673002372273,2.7751134723530413e-12,0.0014443330001085997,not_checked,0.001,not_checked,not_checked,,-0.0017376648453440325,0.014533944465449132,0.0043905459354960374,True
local_b4_n800,194,2035221795,local,4,0.1414213562373095,800,0.0020075938745565125,True,ok,0.0008984574858075245,0.6728319877348135,0.0015155706272608532,1.445526905807569,1.4185707660291393,0.4807056068703114,0.4787555207249148,0.49199566032096653,0.4873532845321732,0.48735328453217297,800.0000000000005,800.0000000000005,0.00125,4.5648262947395324e-11,16.00931820393703,9,-1.8595431184459388e-12,-7.025630077706069e-17,-1.1390888232654106e-13,-0.0039974642577644826,0.8781656251148938,1.091682488322804,0.14515880239814752,1.0421596918774867e-10,0.001324082724750042,not_checked,0.001,not_checked,not_checked,,-0.0020720063596505263,0.0038689213312655753,-0.001109136388748988,True
local_b4_n800,195,2035221796,local,4,0.1414213562373095,800,0.0020075938745565125,True,ok,0.002529999785340742,0.6326403574697985,0.0024086121158428857,4.204634833686779,4.2627893988232834,0.14634936143979332,0.1358817987617088,0.11867166707522485,0.1321259257395847,0.13212592573958457,800.0000000000005,800.0000000000005,0.00125,3.3306690738754696e-16,10.796188233275487,10,-2.3245294578089215e-16,-1.1882855810441129e-16,-1.9184653865522705e-13,-0.07831758857079452,0.9862849559797742,1.120281574757797,0.18240294763396514,4.440892098500626e-16,0.0014402922242879868,not_checked,0.001,not_checked,not_checked,,-0.0021907932144381304,0.007250792785119614,0.0005224059107842294,True
local_b4_n800,196,2035221797,local,4,0.1414213562373095,800,0.0020075938745565125,True,ok,0.0006977978379707483,0.6150316122478077,0.001353791486546701,1.140475806804012,1.0422489104949137,0.5837791862165935,0.5770707338104639,0.5938524119352429,0.5722162667268222,0.5722162667268222,800.0000000000005,800.0000000000005,0.00125,1.3986189983938857e-10,11.144637099296904,8,-5.323617848634887e-12,-1.575345756621438e-16,-2.524647157997606e-13,-0.011999633025406964,0.9511938462923577,1.1286888304122558,0.1970189729273863,2.9868219009188124e-10,0.0012162078637629747,not_checked,0.001,not_checked,not_checked,,-0.0019555847182377265,0.003351180394179223,-0.0013097960365857642,True
local_b4_n800,197,2035221798,local,4,0.1414213562373095,800,0.0020075938745565125,True,ok,0.008858333056179557,0.623165291986508,0.004562112115320454,15.223643646898978,13.761417280987995,0.0020165092458270337,0.0012748923955766228,0.0010274157187619296,0.0008361801773598424,0.0008361801773598384,800.0000000000005,800.0000000000005,0.00125,1.4860224162305258e-11,8.177952825791607,10,-4.708651871188074e-12,6.938893903907228e-18,1.4210854715202004e-14,-0.5251553785058389,1.0902789482192543,1.1889099002557453,0.20678692655629552,2.741162852260004e-11,0.0014367508701980114,not_checked,0.001,not_checked,not_checked,,-8.324238328237359e-05,0.01779990849564149,0.0068507391816230445,True
local_b4_n800,198,2035221799,local,4,0.1414213562373095,800,0.0020075938745565125,True,ok,0.0001879643765350103,0.6225569439957321,0.0007231051310523113,0.3003513298803238,0.2709333597981784,0.8556888874441582,0.8558624440011232,0.8733082611630867,0.8603882817420199,0.8603882817420199,800.0000000000005,800.0000000000005,0.00125,1.9466761536079957e-10,13.432199247150244,8,2.0288133152635002e-16,-2.2659825404947043e-16,-3.6215475063272606e-13,0.00019583628784641816,0.8351620177650178,1.1129014582026708,0.15657675272451135,4.2119241427940324e-10,0.0012175408191978931,not_checked,0.001,not_checked,not_checked,,-0.0012292956373636357,0.0016052243904336563,-0.0018196294980215022,False
local_b4_n800,199,2035221800,local,4,0.1414213562373095,800,0.0020075938745565125,True,ok,0.004114859573328911,0.5683346035234229,0.003482749323964295,6.8638608393515685,5.277219059591555,0.05232589259528238,0.046303655412527844,0.07146056429262769,0.03718359317541181,0.037183593175411755,800.0000000000005,800.0000000000005,0.00125,1.5654477714122095e-11,7.806551529027682,9,-1.2845627339608257e-15,1.1882855810441129e-16,1.900701818158268e-13,-0.140042761012654,0.9000584206673705,1.312716402220518,0.2051071960462722,3.115752100768532e-11,0.001345749944448471,not_checked,0.001,not_checked,not_checked,,-0.002711203668822328,0.01094092281548015,0.002107265698772398,True
local_b4_n800,200,2035221801,local,4,0.1414213562373095,800,0.0020075938745565125,True,ok,0.001611225326379806,0.6828842727540132,0.002085688924333591,2.682868767210295,2.297007099884537,0.3145096519067674,0.30014764411713235,0.31711095520008065,0.2755516305854648,0.2755516305854645,800.0000000000005,800.0000000000005,0.00125,5.551115123125783e-16,13.52577374362568,10,1.205632815803881e-16,7.025630077706069e-17,1.127986593019159e-13,-0.05245412250130199,0.949201802402234,1.2903887828396319,0.16877948159018902,1.3322676295501878e-15,0.0014420000370591879,not_checked,0.001,not_checked,not_checked,,-0.002476649848268118,0.00569910050102773,-0.0003963685481767065,True
local_b4_n800,201,2035221802,local,4,0.1414213562373095,800,0.0020075938745565125,True,ok,0.01378274814295799,0.6789152080430836,0.00642898702503581,24.093167091419915,15.96280759049903,0.0002616389233388269,0.00012873070846739287,0.0003417593254973138,1.6269823021872577e-05,1.6269823021872482e-05,800.0000000000005,800.0000000000005,0.00125,4.440892098500626e-16,10.299234478451933,11,4.163336342344337e-17,1.5785983631388945e-16,2.5579538487363607e-13,-1.020385031343558,0.9361136297300554,1.538898682533855,0.166627572179544,6.661338147750939e-16,0.0016608750447630882,not_checked,0.001,not_checked,not_checked,,0.001182165116812496,0.026383331169103484,0.011775154268401478,True
local_b4_n800,202,2035221803,local,4,0.1414213562373095,800,0.0020075938745565125,True,ok,0.0020500324003733805,0.6484805410894399,0.00229714125165319,3.33096665688387,3.1289901484679503,0.20575895145151613,0.20079843799792024,0.20919361375648518,0.1939750143354164,0.1939750143354162,800.0000000000005,800.0000000000005,0.00125,5.551115123125783e-16,13.539866963712926,10,-3.382710778154774e-17,7.719519468096792e-17,1.2612133559741778e-13,-0.02545740814322972,0.9159900985415991,1.161627111795741,0.17173652880402557,1.1102230246251565e-15,0.001626332988962531,not_checked,0.001,not_checked,not_checked,,-0.002452281720268133,0.006552346521014894,4.243852581686802e-05,True
local_b4_n800,203,2035221804,local,4,0.1414213562373095,800,0.0020075938745565125,True,ok,0.001795816631339875,0.6148951366770035,0.001997157367650448,2.9735978984838534,3.1629275902947898,0.2524264213630072,0.24066356766121527,0.20567381341904747,0.2377220119307616,0.2377220119307614,800.0000000000005,800.0000000000005,0.00125,1.3899947859385975e-10,10.18094461761096,9,2.688821387764051e-17,9.64939933512099e-17,1.5631940186722204e-13,-0.05014564417002587,0.9016789159068077,1.1917490299967015,0.1746423841667776,2.96813906786042e-10,0.0017131662461906672,not_checked,0.001,not_checked,not_checked,,-0.002118539880713823,0.005710173143393573,-0.0002117772432166376,True
local_b4_n800,204,2035221805,local,4,0.1414213562373095,800,0.0020075938745565125,True,ok,0.0006049510449368523,0.6564440727153267,0.0011892053668583224,0.9914352632801503,1.0144020485580012,0.6244371911507902,0.6173387562018201,0.6021787057748423,0.6163373397063282,0.6163373397063281,800.0000000000005,800.0000000000005,0.00125,6.743283709198522e-11,13.181147577246977,9,-6.70140841690231e-12,-4.85722573273506e-17,-7.793765632868599e-14,-0.01175679569059307,0.9575870253396249,1.1017258197619557,0.16667621407330252,1.4646417412222945e-10,0.0014400000218302011,not_checked,0.001,not_checked,not_checked,,-0.0017258486443272021,0.0029357507342009067,-0.0014026428296196602,True
local_b4_n800,205,2035221806,local,4,0.1414213562373095,800,0.0020075938745565125,True,ok,0.004408536103431393,0.614738701322399,0.00322903092235102,7.315833235449295,7.203203417488114,0.035903921235528824,0.03174332273821277,0.02727999283253064,0.02939799269216455,0.029397992692164473,800.0000000000005,800.0000000000005,0.00125,1.3805290244306434e-10,10.143875552622312,9,-2.3670301829703533e-15,-1.231653667943533e-16,-1.9895196601282805e-13,-0.13108773497953097,0.9862679248607624,1.1306404693789514,0.1891354891517542,2.9468338880178635e-10,0.0014855829067528248,not_checked,0.001,not_checked,not_checked,,-0.0019202482093427587,0.010737320416205544,0.0024009422288748805,True
local_b4_n800,206,2035221807,local,4,0.1414213562373095,800,0.0020075938745565125,True,ok,0.005714805693547209,0.620191279629347,0.0037555712219541474,9.688383578217255,8.649833759363041,0.01654454804198558,0.012971386637715542,0.01323465011915605,0.010338871502948644,0.010338871502948618,800.0000000000005,800.0000000000005,0.00125,1.757666234780686e-10,8.872247451782664,9,-1.1880774142269956e-13,4.865899350114944e-16,7.744915819785092e-13,-0.2723472342708577,1.042694183972295,1.1819657070345468,0.20127730814213174,3.782774093963326e-10,0.001533624716103077,not_checked,0.001,not_checked,not_checked,,-0.0016459786428580014,0.01307559002995242,0.0037072118189906966,True
local_b4_n800,207,2035221808,local,4,0.1414213562373095,800,0.0020075938745565125,True,ok,0.00029959157868142405,0.6155417881800176,0.0008385934353306037,0.4853600777202925,0.5056602049199435,0.7911142109973628,0.7887929977459482,0.7765998130138456,0.786884923530779,0.7868849235307789,800.0000000000005,800.0000000000005,0.00125,1.4303946915816823e-10,11.85571085773016,8,-8.477636995185556e-14,-8.180305391403131e-17,-1.3011813848606835e-13,-0.003006775915006865,0.9441114557489542,1.107387204282712,0.187238198408029,3.0577629317463106e-10,0.0014146240428090096,not_checked,0.001,not_checked,not_checked,,-0.0013440213522382782,0.0019432045096011263,-0.0017080022958750884,False
local_b4_n800,208,2035221809,local,4,0.1414213562373095,800,0.0020075938745565125,True,ok,0.002623768608086774,0.6675780367799675,0.002662814028245669,4.406430418497574,3.6786393897766545,0.1522257984907895,0.13873469351649687,0.1589255071736066,0.12257712117571563,0.12257712117571545,800.0000000000005,800.0000000000005,0.00125,5.773159728050814e-15,11.903030044729672,10,-1.1071872585421971e-15,2.229119666630197e-16,3.5793590313915047e-13,-0.10420032277936642,0.9836664791107125,1.2473605888056871,0.18209160708849367,1.199040866595169e-14,0.002042166655883193,not_checked,0.001,not_checked,not_checked,,-0.0025952509848027596,0.007842788200976308,0.0006161747335302614,True
local_b4_n800,209,2035221810,local,4,0.1414213562373095,800,0.0020075938745565125,True,ok,0.0015607397078587493,0.6142011749815193,0.0019522771834878149,2.545981306871375,2.5017507596474857,0.30267906827532065,0.2956944125373252,0.28625410608244606,0.28690854679447575,0.2869085467944756,800.0000000000005,800.0000000000005,0.00125,1.3475776050597688e-10,11.2830811417131,9,7.090682208055199e-17,1.0668549377257364e-16,1.6964207816272392e-13,-0.02439888714868732,1.0128680549876734,1.0770784736257693,0.20230101849889492,2.874729343460558e-10,0.0015643329825252295,not_checked,0.001,not_checked,not_checked,,-0.0022656532596166627,0.005387132675334161,-0.00044685416669776323,True
local_b4_n800,210,2035221811,local,4,0.1414213562373095,800,0.0020075938745565125,True,ok,0.0027003549872810506,0.5922669288660956,0.002681435613592211,4.47093983090564,3.8917192637609728,0.13288908845901337,0.12390052951622568,0.14286435977869155,0.11529237452719725,0.11529237452719711,800.0000000000005,800.0000000000005,0.00125,4.943689901892867e-11,9.21753754986597,9,1.3791051634015616e-16,1.3660947373317356e-16,2.1938006966593093e-13,-0.0751859256279781,0.9900217031428227,1.150674457758081,0.21004689339587443,1.0207434897324674e-10,0.0015904160682111979,not_checked,0.001,not_checked,not_checked,,-0.002555162242222744,0.007955872216784846,0.0006927611127245381,True
local_b4_n800,211,2035221812,local,4,0.1414213562373095,800,0.0020075938745565125,True,ok,0.0031895498067937567,0.564523200039106,0.0028331011622044285,5.288668967197461,4.857390685414477,0.09381220661970707,0.0860969168332068,0.08815176543572285,0.07795372906467371,0.0779537290646736,800.0000000000005,800.0000000000005,0.00125,1.2958745188029752e-11,8.044726204453866,9,-4.518954654919582e-16,-4.85722573273506e-17,-7.72715225139109e-14,-0.09269463816372392,1.0211832502191498,1.1347691516334353,0.23006995692703192,2.564592982423619e-11,0.0014979999978095293,not_checked,0.001,not_checked,not_checked,,-0.0023632264356854933,0.008742326049273007,0.0011819559322372442,True
local_b4_n800,212,2035221813,local,4,0.1414213562373095,800,0.0020075938745565125,True,ok,0.0007698032858598491,0.5958015494214404,0.0013692719254804783,1.2576554031153773,1.2428056193531722,0.5528773476132985,0.5460186877395048,0.5371903329884358,0.5401855276609537,0.5401855276609533,800.0000000000005,800.0000000000005,0.00125,6.13709083552294e-11,10.280948350481397,8,-5.9364342868545306e-12,-1.979753166958531e-16,-3.1663560662309465e-13,-0.012985072869808989,0.9573375463585311,1.125840109149676,0.1985648705017286,1.2175127572788824e-10,0.0013879998587071896,not_checked,0.001,not_checked,not_checked,,-0.0019139203731237012,0.0034535269448433994,-0.0012377905886966634,True
local_b4_n800,213,2035221814,local,4,0.1414213562373095,800,0.0020075938745565125,True,ok,0.007258095150843857,0.6166919133175799,0.0044640887277426905,12.30573324854462,9.691542740538189,0.006430099405466813,0.004782274635431075,0.007861550948855184,0.003008011286697306,0.0030080112866972936,800.0000000000005,800.0000000000005,0.00125,1.5049617108076063e-10,8.812847780482763,9,-4.442618148359223e-13,-3.5128150388530344e-16,-5.577760475716786e-13,-0.34639050359722035,1.0085721515815715,1.2697817933378732,0.20529303607488653,3.223636912963457e-10,0.001557790907099843,not_checked,0.001,not_checked,not_checked,,-0.0014913579793230467,0.01600754828101076,0.005250501276287345,True
local_b4_n800,214,2035221815,local,4,0.1414213562373095,800,0.0020075938745565125,True,ok,0.000994993290468038,0.6642141905173697,0.00165426465937663,1.6330367524982148,1.4072810004720901,0.46479515775292746,0.45573482923830555,0.49478077156872313,0.45113230090581724,0.4511323009058169,800.0000000000005,800.0000000000005,0.00125,6.487865800153259e-16,13.5279652334676,10,-1.5178830414797062e-17,2.168404344971009e-19,1.1102230246251565e-15,-0.02052374387467648,0.9063075894281087,1.1829035705088502,0.15800658158929087,1.1102230246251565e-15,0.001663248986005783,not_checked,0.001,not_checked,not_checked,,-0.002247305862807577,0.004237292443743653,-0.0010126005840884744,True
local_b4_n800,215,2035221816,local,4,0.1414213562373095,800,0.0020075938745565125,True,ok,0.0012099680322292805,0.6244698828499415,0.0017745491363369591,1.985116497001982,1.800525412117649,0.3995793561919174,0.3903826666834308,0.40646286545601795,0.3798516771362182,0.379851677136218,800.0000000000005,800.0000000000005,0.00125,1.1102230246251565e-15,11.324626244726767,10,1.1058862159352145e-17,-5.637851296924623e-18,-7.771561172376096e-15,-0.024583822717565984,1.0044832477604013,1.1072582691065374,0.19979485240147105,2.4424906541753444e-15,0.0015986671205610037,not_checked,0.001,not_checked,not_checked,,-0.0022680843637878177,0.004688020428246379,-0.000797625842327232,True
local_b4_n800,216,2035221817,local,4,0.1414213562373095,800,0.0020075938745565125,True,ok,0.0025775872279856227,0.5914024429717,0.002623378381229498,4.277897349791945,3.669581359268069,0.15090762806984137,0.1406579678281118,0.1596469156216992,0.12719044073067956,0.1271904407306794,800.0000000000005,800.0000000000005,0.00125,4.748312854019332e-11,9.00552086501925,9,-1.2967057982926633e-16,-2.5587171270657905e-17,-4.263256414560601e-14,-0.07687889250747304,1.014650472337697,1.1664612686087288,0.22033371163670928,9.789258292869363e-11,0.0014191661030054092,not_checked,0.001,not_checked,not_checked,,-0.002564139917045181,0.0077193143730164265,0.0005699933534291102,True
local_b4_n800,217,2035221818,local,4,0.1414213562373095,800,0.0020075938745565125,True,ok,0.002065116058200589,0.6166254689468982,0.002422760992535537,3.4278274976976846,2.78778903279915,0.21788408937506998,0.2059129890489954,0.24810716321802787,0.19164839792674743,0.1916483979267473,800.0000000000005,800.0000000000005,0.00125,1.5013235099559097e-10,10.090819942849178,9,-1.222980050563649e-16,1.0408340855860843e-17,1.865174681370263e-14,-0.06182090228837023,0.9239897099464862,1.250164902934296,0.19131889482572303,3.2138580685625584e-10,0.0018806250300258398,not_checked,0.001,not_checked,not_checked,,-0.0026834082303175784,0.006813640346718756,5.752218364407646e-05,True
local_b4_n800,218,2035221819,local,4,0.1414213562373095,800,0.0020075938745565125,True,ok,0.00010261484658680153,0.5957522755898002,0.0004914516465172669,0.16521426070446663,0.173642450395377,0.9230348742143557,0.9225710794363267,0.9168409890492776,0.9211873186326793,0.9211873186326793,800.0000000000005,800.0000000000005,0.00125,5.817279991049418e-11,11.389924933374534,8,-3.571226430895691e-16,-2.862293735361732e-17,-4.574118861455645e-14,-0.0005152530827920443,0.9357701426405431,1.1224048997198695,0.19608824453521834,1.20718324225777e-10,0.0018825840670615435,not_checked,0.001,not_checked,not_checked,,-0.000860612680729951,0.001065842373903554,-0.001904979027969711,False
local_b4_n800,219,2035221820,local,4,0.1414213562373095,800,0.0020075938745565125,True,ok,0.0006915551411439402,0.5989972306342115,0.0013947705498840099,1.1273686277483161,0.9590520677311165,0.5904634032440725,0.5846329842743128,0.6190767436923501,0.5750811527562574,0.5750811527562572,800.0000000000005,800.0000000000005,0.00125,6.761968762702963e-11,10.58260616164617,8,-3.173782309011386e-12,-2.5804011705155006e-17,-4.0190073491430667e-14,-0.010440200959005552,0.9311843098568463,1.1798392731427367,0.19850709752107681,1.4097145673019895e-10,0.001500832848250866,not_checked,0.001,not_checked,not_checked,,-0.002042144903325846,0.0034252551856137265,-0.0013160387334125723,True
local_b4_n800,220,2035221821,local,4,0.1414213562373095,800,0.0020075938745565125,True,ok,0.0018260477033431588,0.6108329419245029,0.002098583669684517,3.0167899491084875,2.912183246042221,0.2559333695490491,0.24484728781852255,0.2331457177048935,0.23204170450474987,0.23204170450474973,800.0000000000005,800.0000000000005,0.00125,1.1589296189384868e-10,10.159216735956814,9,4.562322741819003e-16,4.575333167888829e-16,7.309708394132031e-13,-0.04755681187971583,0.9941844334487617,1.151467332322323,0.19966830899634502,2.459767944884561e-10,0.0016215420328080654,not_checked,0.001,not_checked,not_checked,,-0.0022871007077823954,0.005939196114468713,-0.0001815461712133537,True
local_b4_n800,221,2035221822,local,4,0.1414213562373095,800,0.0020075938745565125,True,ok,0.005611999579774984,0.6584750680117568,0.003887178984785809,9.575580773404901,7.57356958141623,0.020945491059815233,0.016239608598407444,0.022668368357236894,0.0112251367385501,0.011225136738550072,800.0000000000005,800.0000000000005,0.00125,1.3690160116652805e-12,10.312835834441954,10,-3.7354754706120374e-13,1.8388068845354155e-16,2.9309887850104133e-13,-0.2981907228824605,1.0478522793171985,1.2652955196881601,0.19642989624569465,2.7413626924044365e-12,0.0019519997294992208,not_checked,0.001,not_checked,not_checked,,-0.0020067312318661724,0.013230730391416142,0.003604405705218472,True
local_b4_n800,222,2035221823,local,4,0.1414213562373095,800,0.0020075938745565125,True,ok,0.004784076728109321,0.6287794953613834,0.0034931072583699735,7.98765064672104,7.098897276052251,0.032555196418215804,0.028106816179673276,0.02874048169520618,0.021769151449111672,0.02176915144911163,800.0000000000005,800.0000000000005,0.00125,4.884981308350689e-14,10.381064988671884,10,-1.0171551101390008e-14,-3.2959746043559335e-17,-5.062616992290714e-14,-0.1665639408730608,0.9687898187622527,1.2531500242099056,0.19603921280395695,9.636735853746359e-14,0.0017748752143234015,not_checked,0.001,not_checked,not_checked,,-0.002062287692431276,0.011630441148649917,0.0027764828535528085,True
local_b4_n800,223,2035221824,local,4,0.1414213562373095,800,0.0020075938745565125,True,ok,0.0018978630339476776,0.6352679920962683,0.002225075620032258,3.152489427481252,2.805672136153186,0.24552739040135996,0.23276984643087267,0.24589858895199593,0.2190861106445269,0.2190861106445268,800.0000000000005,800.0000000000005,0.00125,1.9984014443252818e-15,10.947149019017102,10,2.1293730667615307e-16,3.9898639947466563e-16,6.412648190234904e-13,-0.05795428658248292,0.9617272615452972,1.20458499315331,0.18806134976356453,4.218847493575595e-15,0.0014567079488188028,not_checked,0.001,not_checked,not_checked,,-0.0024632050441936787,0.006258931112089034,-0.00010973084060883487,True
local_b4_n800,224,2035221825,local,4,0.1414213562373095,800,0.0020075938745565125,True,ok,0.0016547443341352608,0.6248844285305759,0.0021315394823974714,2.7309449517547133,2.320629322333259,0.288646837612667,0.27761059560537193,0.31338755447297084,0.266123320346794,0.2661233203467937,800.0000000000005,800.0000000000005,0.00125,1.4432899320127035e-15,10.90403392024414,10,-1.48318857196017e-16,-2.3115190317390955e-16,-3.708144902248023e-13,-0.041677008569147356,0.9571494541839547,1.1779390728215668,0.18991935532644436,3.1086244689504383e-15,0.0014386249240487814,not_checked,0.001,not_checked,not_checked,,-0.0025229962829889313,0.005832484951259453,-0.0003528495404212517,True
local_b4_n800,225,2035221826,local,4,0.1414213562373095,800,0.0020075938745565125,True,ok,0.0021546653538637717,0.6386702091264189,0.0022351822762224885,3.5916591835737623,3.5956362926445102,0.1973653421875438,0.18448014004107977,0.16565993994656514,0.1783990679953801,0.17839906799538,800.0000000000005,800.0000000000005,0.00125,1.2212453270876722e-15,10.864287171604056,10,-2.693158196453993e-16,-7.589415207398531e-17,-1.2256862191861728e-13,-0.07209730869586295,0.9450560801478969,1.1819330021359709,0.17302494250976078,2.4424906541753444e-15,0.0014363748487085104,not_checked,0.001,not_checked,not_checked,,-0.002226211406414565,0.006535542114142108,0.00014707147930725917,True
local_b4_n800,226,2035221827,local,4,0.1414213562373095,800,0.0020075938745565125,True,ok,0.003566283315870722,0.6366365782984253,0.003025145183187352,5.980357296475217,5.23081719378992,0.07563052179010658,0.06681195779136834,0.07313789867161137,0.05766951088309479,0.057669510883094695,800.0000000000005,800.0000000000005,0.00125,1.5987211554602254e-14,10.366164347089299,10,-3.4334514398270954e-15,1.452830911130576e-16,2.291500322826323e-13,-0.13715199554102941,1.059579939880259,1.1499067487717016,0.20682108039787409,3.219646771412954e-14,0.001673458144068718,not_checked,0.001,not_checked,not_checked,,-0.002362892291181312,0.009495458922922756,0.0015586894413142094,True
local_b4_n800,227,2035221828,local,4,0.1414213562373095,800,0.0020075938745565125,True,ok,0.0024698537164704604,0.6897772728047864,0.002511351873026517,4.046367766460557,3.765267538086219,0.15123097097210897,0.14454956480187525,0.1521887474346286,0.1386388438024578,0.13863884380245764,800.0000000000005,800.0000000000005,0.00125,1.7763568394002505e-15,15.561077033267331,10,-1.9949319973733282e-17,-1.6479873021779667e-17,-2.6645352591003757e-14,-0.04730091005390924,1.0048693795889783,1.087267179758454,0.16265654455793,4.218847493575595e-15,0.0014962500426918268,not_checked,0.001,not_checked,not_checked,,-0.0024523055071687203,0.007392012940109641,0.00046225984191394787,True
local_b4_n800,228,2035221829,local,4,0.1414213562373095,800,0.0020075938745565125,True,ok,0.0007178395132481086,0.6200485028745031,0.0013204474797536528,1.165797086508971,1.1703080311071252,0.5700409310209549,0.5652512735601871,0.5570200654516305,0.5631148863776732,0.5631148863776727,800.0000000000005,800.0000000000005,0.00125,1.7466961210743648e-10,11.89360088221281,8,-2.3401946613182956e-12,6.028164079019405e-17,9.636735853746359e-14,-0.008626932655998343,0.9544376273736135,1.0924086654958725,0.1957737539899532,3.758284794486144e-10,0.0012393337674438953,not_checked,0.001,not_checked,not_checked,,-0.001870189990545733,0.0033058690170419502,-0.001289754361308404,True
local_b4_n800,229,2035221830,local,4,0.1414213562373095,800,0.0020075938745565125,True,ok,0.0017483640792113064,0.7033731800040142,0.002132910510723769,2.9344549347818143,2.5399741819348036,0.28223833771171125,0.2653053191249306,0.2808352470663394,0.24691990569815808,0.24691990569815786,800.0000000000005,800.0000000000005,0.00125,1.2212453270876722e-15,14.27920687510213,10,-5.212844045310305e-16,-2.5326962749261384e-16,-4.0589753780295723e-13,-0.06853620402186111,1.0241790848032364,1.189450335986732,0.16562135363274985,2.6645352591003757e-15,0.0014487078879028559,not_checked,0.001,not_checked,not_checked,,-0.0024320637040542133,0.005928791862476826,-0.00025922979534520607,True
local_b4_n800,230,2035221831,local,4,0.1414213562373095,800,0.0020075938745565125,True,ok,0.0005067316498568175,0.6060862064371877,0.001121780223573388,0.8225765540759935,0.8039603728044109,0.6751325116293182,0.6712818766117181,0.6689940007370889,0.6667198609372502,0.6667198609372501,800.0000000000005,800.0000000000005,0.00125,9.352740804047244e-11,11.232633183108303,8,-6.204330669015712e-13,3.957337929572091e-17,6.328271240363392e-14,-0.005902957152542521,1.0011265326748544,1.063466738564574,0.20519431689962392,1.970894558667169e-10,0.0012231252621859312,not_checked,0.001,not_checked,not_checked,,-0.001691917186916313,0.002705380486629948,-0.001500862224699695,True
local_b4_n800,231,2035221832,local,4,0.1414213562373095,800,0.0020075938745565125,True,ok,0.00831633734509496,0.59909096350013,0.004987892884006625,14.178522181556616,10.081969279851066,0.0042986956542987575,0.003066209147913277,0.0064673771443982024,0.0012900557092499188,0.0012900557092499147,800.0000000000005,800.0000000000005,0.00125,6.785993988955852e-11,7.666124931622465,9,-1.1460624116388374e-12,1.1275702593849246e-16,1.8118839761882555e-13,-0.4361912147023368,0.9177398345538256,1.4302873726079488,0.19728739258307856,1.4160139727437127e-10,0.0013486251700669527,not_checked,0.001,not_checked,not_checked,,-0.0014597530663016459,0.018092427756491565,0.006308743470538447,True
local_b4_n800,232,2035221833,local,4,0.1414213562373095,800,0.0020075938745565125,True,ok,0.005366046343235897,0.5856536101879273,0.0036793205386312037,9.023307341285427,7.999632475928025,0.02032920414633474,0.016677642486623824,0.01831900491709143,0.013666098505359032,0.013666098505359003,800.0000000000005,800.0000000000005,0.00125,3.616085209046105e-11,7.9616717918616775,9,-1.9937176909401444e-14,4.206704429243757e-16,6.714628852932947e-13,-0.21881659605399317,1.0412544496692921,1.159613013881543,0.22526470231488518,7.398548440562536e-11,0.0013599579688161612,not_checked,0.001,not_checked,not_checked,,-0.0018452894000597743,0.012577382086531568,0.003358452468679385,True
local_b4_n800,233,2035221834,local,4,0.1414213562373095,800,0.0020075938745565125,True,ok,0.0018697874059370179,0.6134426568073703,0.002241494341858796,3.09752401231553,2.6565722176358118,0.25438076815700855,0.24238419240688214,0.26493093520863337,0.2240625724704693,0.22406257247046907,800.0000000000005,800.0000000000005,0.00125,1.3029466394698375e-10,10.081078798858307,9,4.4885969940899884e-17,4.9873299934333204e-17,7.860379014346108e-14,-0.052932081408149756,0.9978349358035425,1.190240648247056,0.205599359838566,2.7758151333046044e-10,0.001331582898274064,not_checked,0.001,not_checked,not_checked,,-0.0025234607756565346,0.00626303558753057,-0.00013780646861949464,True
local_b4_n800,234,2035221835,local,4,0.1414213562373095,800,0.0020075938745565125,True,ok,0.008358420428506319,0.6064275539372177,0.004605634610306805,14.284000920790035,12.122120341744347,0.002794723316422478,0.0018762761921564427,0.0023319273351299825,0.0012473470503250568,0.001247347050325053,800.0000000000005,800.0000000000005,0.00125,9.484568685991235e-11,7.80513700576026,9,-1.6293806581746395e-12,-1.0755285551056204e-16,-1.7053025658242404e-13,-0.45526411758995877,1.0709629861562218,1.1966841514608502,0.2224749002551353,2.0026824643082364e-10,0.0013410416431725025,not_checked,0.001,not_checked,not_checked,,-0.0006684575336461853,0.017385298390658825,0.0063508265539498066,True
local_b4_n800,235,2035221836,local,4,0.1414213562373095,800,0.0020075938745565125,True,ok,0.0005561883202100937,0.606608479509464,0.0011914245746948067,0.9050764291813299,0.8575960742055161,0.6482951677856201,0.6435219109831547,0.6512914526078768,0.6408558975378456,0.6408558975378453,800.0000000000005,800.0000000000005,0.00125,9.573453141342725e-11,11.06969612030733,8,-1.2822010163685005e-12,-6.03900610074426e-17,-9.658940314238862e-14,-0.007587558422589735,0.9963746326517025,1.057599285011621,0.19982614214419908,2.0197532535348728e-10,0.0012162080965936184,not_checked,0.001,not_checked,not_checked,,-0.001778960936487679,0.0028913375769078664,-0.0014514055543464188,True
local_b4_n800,236,2035221837,local,4,0.1414213562373095,800,0.0020075938745565125,True,ok,0.004717988568935905,0.6302842661029806,0.003397898059129827,7.913372791756169,7.247029954307026,0.03467231108970467,0.029520813220611158,0.02668870125382117,0.0229510669089501,0.022951066908950046,800.0000000000005,800.0000000000005,0.00125,7.249756350802272e-14,10.101044038082886,10,-1.6020171300645814e-14,-6.591949208711867e-17,-1.0658141036401503e-13,-0.1822955407293585,1.0022023541937497,1.2349516019170679,0.19933248759742692,1.425526363618701e-13,0.0014484988059848547,not_checked,0.001,not_checked,not_checked,,-0.0019417692500971065,0.011377746387968915,0.002710394694379392,True
local_b4_n800,237,2035221838,local,4,0.1414213562373095,800,0.0020075938745565125,True,ok,0.004748013600206047,0.5710149633733816,0.0034891313035015077,7.876716103046574,7.059689416405799,0.030344547055033998,0.02670056661664153,0.02930946703345988,0.0224063499548942,0.022406349954894145,800.0000000000005,800.0000000000005,0.00125,1.7860268819447356e-11,8.330944312997639,9,-1.6367115995841175e-15,-2.255140518769849e-16,-3.6060043839825084e-13,-0.13994717135844725,0.9911947403046316,1.1764077877411108,0.22529635821860505,3.569633477695788e-11,0.0013297498226165771,not_checked,0.001,not_checked,not_checked,,-0.002090558091988201,0.011586585292400295,0.0027404197256495344,True
local_b4_n800,238,2035221839,local,4,0.1414213562373095,800,0.0020075938745565125,True,ok,0.0029644746198080885,0.6519743217321881,0.0027634359348054417,4.976169798803278,4.344390403837622,0.11616905527732455,0.1045355755641646,0.11392724889182822,0.09333317173936238,0.09333317173936222,800.0000000000005,800.0000000000005,0.00125,8.770761894538737e-15,11.067706578471125,10,-1.6375789613221059e-15,9.107298248878237e-18,1.1546319456101628e-14,-0.11650520355516703,1.0325245094575872,1.170485451377962,0.1869285981657934,1.7985612998927536e-14,0.0014409171417355537,not_checked,0.001,not_checked,not_checked,,-0.002451760285994354,0.008380709525610531,0.000956880745251576,True
local_b4_n800,239,2035221840,local,4,0.1414213562373095,800,0.0020075938745565125,True,ok,0.0012771084981353376,0.5799616692996372,0.0018371563490050874,2.0960160359397073,1.8816341295477073,0.3773619174239062,0.3680170910638808,0.3903087974696223,0.3599872018760304,0.3599872018760301,800.0000000000005,800.0000000000005,0.00125,2.7585711492861265e-11,9.290619178673323,9,1.0104764247564901e-16,1.1557595158695477e-16,1.865174681370263e-13,-0.026321219461582945,0.9754071980249676,1.1240252124279453,0.21518039261128244,5.588063345385308e-11,0.0013397091533988714,not_checked,0.001,not_checked,not_checked,,-0.0023236517798837317,0.004877868776154407,-0.000730485376421175,True
local_b4_n800,240,2035221841,local,4,0.1414213562373095,800,0.0020075938745565125,True,ok,0.009290773012126996,0.621818595763399,0.005088171551445527,15.984190056812613,11.840940544060699,0.0022488703324444214,0.001439480919315075,0.0026839376992919433,0.0005916363356650512,0.0005916363356650487,800.0000000000005,800.0000000000005,0.00125,1.8858259398513155e-10,8.059584646533843,9,-6.523677431591324e-12,-2.463307335887066e-16,-3.8902214782865485e-13,-0.5594766187047053,1.0291345014306725,1.362221858887873,0.2112369154569721,4.073246184788104e-10,0.0013327091000974178,not_checked,0.001,not_checked,not_checked,,-0.0006818599758675273,0.019263406000121518,0.0072831791375704835,True
local_b4_n800,241,2035221842,local,4,0.1414213562373095,800,0.0020075938745565125,True,ok,0.005503029480953048,0.6504860198110058,0.0037650534616418783,9.393886329419372,7.796720581018245,0.021668279119483297,0.016779561331249533,0.02027512952667417,0.012247620757137642,0.012247620757137609,800.0000000000005,800.0000000000005,0.00125,1.1152190282359697e-12,9.836497380021205,10,-3.0426355879242806e-13,-2.92300905702092e-16,-4.636291350834654e-13,-0.2945195799472451,1.0895898125919903,1.2054993119698565,0.20894374726760429,2.206013149930186e-12,0.001447875052690506,not_checked,0.001,not_checked,not_checked,,-0.0018763397037328917,0.012882398665638988,0.0034954356063965353,True
local_b4_n800,242,2035221843,local,4,0.1414213562373095,800,0.0020075938745565125,True,ok,0.005899374217231079,0.6518873752541214,0.003962895881110084,9.982957452835555,8.281544499529865,0.014502671116483123,0.011404758474997868,0.015910559832911394,0.008919642837910451,0.00891964283791043,800.0000000000005,800.0000000000005,0.00125,8.292255770925294e-13,10.620752455175351,10,-2.1157815083272524e-13,3.903127820947816e-16,6.235012506294879e-13,-0.2719793526329113,0.9754240300012067,1.2369278268039614,0.17511650249320704,1.6560086635308835e-12,0.0014447919093072414,not_checked,0.001,not_checked,not_checked,,-0.00186775898422681,0.013666507418688969,0.0038917803426745667,True
local_b4_n800,243,2035221844,local,4,0.1414213562373095,800,0.0020075938745565125,True,ok,0.000808650087267937,0.6068073677533237,0.001454255436066627,1.3213329116502415,1.211179363983388,0.5374704624416611,0.5304319016988885,0.5457525113073607,0.5236561199064129,0.5236561199064127,800.0000000000005,800.0000000000005,0.00125,9.664824496269375e-11,10.768811776342064,8,-7.614257314936257e-12,2.710505431213761e-16,4.3232084578903596e-13,-0.013746386010770828,0.9686786089648223,1.1189297546464616,0.2050562234759394,2.038649249413993e-10,0.001217666082084179,not_checked,0.001,not_checked,not_checked,,-0.002041638191744243,0.003658938366280117,-0.0011989437872885755,True
local_b4_n800,244,2035221845,local,4,0.1414213562373095,800,0.0020075938745565125,True,ok,0.0065288040062390085,0.6216707557620258,0.004127510530780799,11.053310492529192,9.226824781757363,0.010022136789643303,0.007680876486762393,0.009917916689512042,0.005390898528972831,0.005390898528972818,800.0000000000005,800.0000000000005,0.00125,1.8711698857032388e-10,9.1018123286818,9,-2.304519422513529e-13,7.979727989493313e-17,1.2612133559741778e-13,-0.3036120412733867,1.0537514970410435,1.2087676894967485,0.21507137212527686,4.046021295778246e-10,0.0013263749424368143,not_checked,0.001,not_checked,not_checked,,-0.0015609679799011584,0.014618575992379175,0.004521210131682496,True
local_b4_n800,245,2035221846,local,4,0.1414213562373095,800,0.0020075938745565125,True,ok,0.000261104847828042,0.6409562856622057,0.0008411210676506758,0.4203448186871967,0.3837822971073545,0.8118710936059894,0.8108288132140484,0.825396709227536,0.8114894617387705,0.8114894617387705,800.0000000000005,800.0000000000005,0.00125,3.5016434196677437e-13,13.793700241017818,9,-1.3720578492804059e-14,-7.643625316022806e-18,-1.2434497875801753e-14,-0.00128853108116464,0.8863841106914505,1.1315136081754245,0.16514665539743062,7.644995747568828e-13,0.0013243339490145445,not_checked,0.001,not_checked,not_checked,,-0.0013874621514051609,0.0019096718470612449,-0.0017464890267284705,False
local_b4_n800,246,2035221847,local,4,0.1414213562373095,800,0.0020075938745565125,True,ok,0.0028972982333159703,0.6234526039495702,0.002627411019818753,4.836337312724891,4.64670876819739,0.11571416186650554,0.10540805489737048,0.0979444905157331,0.09848622516217304,0.09848622516217291,800.0000000000005,800.0000000000005,0.00125,1.9984014443252818e-15,10.027548677383702,10,-3.3610267347050637e-16,1.1102230246251565e-16,1.7674750552032492e-13,-0.10033006970966785,1.0359839851658232,1.1134045104872707,0.19591276338478797,3.9968028886505635e-15,0.0014427078422158957,not_checked,0.001,not_checked,not_checked,,-0.00225233273811244,0.00804692920474438,0.0008897043587594577,True
local_b4_n800,247,2035221848,local,4,0.1414213562373095,800,0.0020075938745565125,True,ok,0.0009419054671164773,0.5879090434637868,0.0015101438546023128,1.5278846861245086,1.546011410996703,0.4725773883512353,0.4677093737297999,0.46162347678360527,0.47070468672762344,0.47070468672762333,800.0000000000005,800.0000000000005,0.00125,4.5782933000282355e-11,10.472775462204405,8,-3.763039359283571e-12,-8.933825901280557e-17,-1.4344081478157023e-13,-0.010417969369072022,0.9400019530564734,1.0733557575660766,0.19231039795655888,8.964895492624692e-11,0.0012163759674876928,not_checked,0.001,not_checked,not_checked,,-0.0020179220993785476,0.003901733033611502,-0.0010656884074400352,True
local_b4_n800,248,2035221849,local,4,0.1414213562373095,800,0.0020075938745565125,True,ok,0.007019942274159474,0.6180589691215297,0.004347788656002875,11.971769447762263,9.471935512655199,0.00800046167874697,0.005842353714584532,0.008773953672617168,0.0036393367723706717,0.00363933677237066,800.0000000000005,800.0000000000005,0.00125,1.5985646140137533e-10,8.405041367479555,9,-6.253417922374993e-13,-2.0816681711721685e-17,-3.197442310920451e-14,-0.3699309045535486,1.0439144460224699,1.2671527335202453,0.21599128544688082,3.432012452009303e-10,0.0013265837915241718,not_checked,0.001,not_checked,not_checked,,-0.0015015669039979678,0.015541451452316916,0.005012348399602962,True
local_b4_n800,249,2035221850,local,4,0.1414213562373095,800,0.0020075938745565125,True,ok,0.001140193356722996,0.6359674624994112,0.0016382577177186056,1.879271625994133,1.8764715156779357,0.4221081333668183,0.41129406550791303,0.39131760573701285,0.40165784469629795,0.40165784469629773,800.0000000000005,800.0000000000005,0.00125,7.771561172376096e-16,11.565187867778267,10,4.206704429243757e-17,9.627715291671279e-17,1.538769112130467e-13,-0.027481127618669166,0.9806419962241357,1.1378337133450844,0.18076815617156042,1.7763568394002505e-15,0.001438000239431858,not_checked,0.001,not_checked,not_checked,,-0.0020707327674002575,0.00435111948084625,-0.0008674005178335165,True
local_b4_n800,250,2035221851,local,4,0.1414213562373095,800,0.0020075938745565125,True,ok,0.00011356124830763648,0.6067010056782067,0.0005167040714851368,0.18329375013764154,0.19174133586937137,0.9134741758197222,0.912748466061507,0.9085815171943359,0.9131555882193069,0.9131555882193069,800.0000000000005,800.0000000000005,0.00125,9.61745127980862e-11,11.722332000315706,8,-1.5100090232020302e-15,-7.025630077706069e-17,-1.1235457009206584e-13,-0.0007978764227115354,0.9540269515715433,1.0561606826216399,0.18611890214946275,2.0285062518610175e-10,0.0012202500365674496,not_checked,0.001,not_checked,not_checked,,-0.0008991601224684412,0.0011262826190837141,-0.001894032626248876,False
local_b4_n800,251,2035221852,local,4,0.1414213562373095,800,0.0020075938745565125,True,ok,0.0019389653538126606,0.6345849656609304,0.0023100765779634777,3.151960674380698,2.78497390455475,0.2132884774879028,0.20812366896305556,0.2484566358543077,0.2119993049082587,0.21199930490825852,800.0000000000005,800.0000000000005,0.00125,7.771561172376096e-16,12.677692525426197,10,-7.958043946043603e-17,-1.1080546202801855e-16,-1.7852386235972517e-13,-0.024808054140219582,0.8628758538278485,1.1495626638168586,0.1575880458061015,1.7763568394002505e-15,0.001443666871637106,not_checked,0.001,not_checked,not_checked,,-0.00258870154052529,0.006466632248150611,-6.862852074385195e-05,True
local_b4_n800,252,2035221853,local,4,0.1414213562373095,800,0.0020075938745565125,True,ok,0.005967595987435903,0.6416856125113246,0.003930158020283649,10.157785497531878,8.536204134783477,0.016006175987209145,0.012331299503769894,0.014008344833673032,0.008445877808561868,0.008445877808561843,800.0000000000005,800.0000000000005,0.00125,1.1781686737322161e-12,9.632725196677088,10,-3.185672212135948e-13,-4.336808689942018e-18,-5.329070518200751e-15,-0.3048159588172137,1.0260396159900267,1.2693940245704554,0.1998716810786326,2.2963853041346738e-12,0.0016812498215585947,not_checked,0.001,not_checked,not_checked,,-0.0017353721858712886,0.013670564160743096,0.0039600021128793905,True
local_b4_n800,253,2035221854,local,4,0.1414213562373095,800,0.0020075938745565125,True,ok,0.0027640891849298743,0.6495977150204941,0.0026717958641415125,4.5781171152680455,4.065318956527669,0.1281629419280907,0.1192376552371738,0.13098670122982026,0.1095612694400008,0.10956126944000066,800.0000000000005,800.0000000000005,0.00125,1.1102230246251565e-15,11.986942460018357,10,8.153200337090993e-17,1.249000902703301e-16,1.9806378759312793e-13,-0.07778720969012198,1.0251144184722671,1.1274799270174378,0.18684483910784755,2.4424906541753444e-15,0.0014258332084864378,not_checked,0.001,not_checked,not_checked,,-0.0024725344828305613,0.00800071285269031,0.0007564953103733618,True
local_b4_n800,254,2035221855,local,4,0.1414213562373095,800,0.0020075938745565125,True,ok,0.005665622136694859,0.6406273817628259,0.003814794309952648,9.542973107819089,8.206606876062862,0.016891811404021885,0.013628804427805194,0.01651801892240694,0.01075378267717758,0.010753782677177554,800.0000000000005,800.0000000000005,0.00125,3.6415315207705135e-13,10.36663475681183,10,-8.792619410336044e-14,1.960237527853792e-16,3.126388037344441e-13,-0.23898884455365454,1.055774169692015,1.1628446731287396,0.1974248398488752,7.183142969324763e-13,0.0014122070278972387,not_checked,0.001,not_checked,not_checked,,-0.0018112373192406593,0.013142481592630376,0.0036580282621383464,True
local_b4_n800,255,2035221856,local,4,0.1414213562373095,800,0.0020075938745565125,True,ok,0.0035542884027670585,0.6043925777400057,0.0030133759615602693,5.915110793894226,5.318236949307022,0.07117211056243161,0.0640156624384843,0.07000991006097755,0.05822556717237594,0.05822556717237585,800.0000000000005,800.0000000000005,0.00125,8.657896621855343e-11,9.406796531178117,9,-5.91107024439097e-16,2.0036056147532122e-16,3.197442310920451e-13,-0.11412467473346455,1.0373119298111275,1.1141966106738668,0.21442493142496172,1.82007520166394e-10,0.0013100833166390657,not_checked,0.001,not_checked,not_checked,,-0.0023518199537698233,0.00946039675930394,0.001546694528210546,True
local_b4_n800,256,2035221857,local,4,0.1414213562373095,800,0.0020075938745565125,True,ok,0.005248884378632246,0.5863405068905181,0.003758921839143067,8.7706283689129,7.347878614171522,0.023158028270069804,0.019636821740416685,0.025376307722507166,0.015008966303364388,0.015008966303364344,800.0000000000005,800.0000000000005,0.00125,3.7404301878041224e-11,8.445862187451038,9,-8.984132882083884e-15,-8.673617379884035e-18,-1.0658141036401503e-14,-0.1862066815506509,0.9836373647770493,1.2341718236702386,0.21675802537957256,7.651590472335101e-11,0.0013132919557392597,not_checked,0.001,not_checked,not_checked,,-0.0021184670467892276,0.01261623580405372,0.0032412905040757334,True
local_b4_n800,257,2035221858,local,4,0.1414213562373095,800,0.0020075938745565125,True,ok,0.0049136861169476465,0.6630655845746776,0.0037241227344396222,8.336558348229342,6.3748911051702635,0.033399163731060444,0.02729648222802359,0.04127717676018278,0.019625041639496806,0.019625041639496757,800.0000000000005,800.0000000000005,0.00125,4.531930386519889e-13,10.967216390792437,10,-1.145489952891765e-13,-5.551115123125783e-17,-8.704148513061227e-14,-0.2373302805565518,0.9891402318240412,1.308060023356882,0.18163446917785142,9.259260025373806e-13,0.001500291982665658,not_checked,0.001,not_checked,not_checked,,-0.0023854603165608373,0.01221283255045613,0.002906092242391134,True
local_b4_n800,258,2035221859,local,4,0.1414213562373095,800,0.0020075938745565125,True,ok,0.015014367977433274,0.6043200570524794,0.006453935628877555,25.913114787914044,18.87733417593762,6.51171412962349e-05,3.1393801157438116e-05,7.958641957935013e-05,6.073992768264053e-06,6.073992768264006e-06,800.0000000000005,800.0000000000005,0.00125,8.628964209833612e-11,7.4970330881569875,10,5.169475958410885e-16,1.3530843112619095e-16,2.1316282072803006e-13,-0.9450630120103956,1.0311873282281983,1.3744468603799476,0.2153672274213609,1.8138690549562853e-10,0.0014851249288767576,not_checked,0.001,not_checked,not_checked,,0.002364886586293401,0.02766384936857315,0.013006774102876761,False
local_b4_n800,259,2035221860,local,4,0.1414213562373095,800,0.0020075938745565125,True,ok,0.002186397616645408,0.619511399262884,0.002302447141408763,3.632939392727065,3.4645199210812256,0.19331264842557905,0.18146354173103368,0.17688420659113613,0.1739272634496512,0.1739272634496511,800.0000000000005,800.0000000000005,0.00125,1.704349994469112e-10,10.153293616006419,9,2.1250362580715887e-17,-1.1362438767648086e-16,-1.8340884366807586e-13,-0.06735160304720522,1.0297914660886514,1.0990065472409438,0.1957859273011959,3.6673819536758856e-10,0.0013358329888433218,not_checked,0.001,not_checked,not_checked,,-0.002326315856822969,0.006699111090113785,0.0001788037420888955,True
local_b4_n800,260,2035221861,local,4,0.1414213562373095,800,0.0020075938745565125,True,ok,0.001690406007780032,0.6181630534738247,0.0020119921311826344,2.783684441856953,2.7501514259125237,0.2808555180285185,0.2706611105241802,0.2528204532961651,0.2586382772928763,0.2586382772928762,800.0000000000005,800.0000000000005,0.00125,1.6067358554749944e-10,10.742044480618283,9,-3.209238430557093e-17,-1.5048726154098802e-16,-2.4158453015843406e-13,-0.03951741470445014,0.9541671952219581,1.179975362057975,0.192369552236063,3.448368257608081e-10,0.0013409999664872885,not_checked,0.001,not_checked,not_checked,,-0.0022530261065159193,0.005633838122075983,-0.0003171878667764805,True
local_b4_n800,261,2035221862,local,4,0.1414213562373095,800,0.0020075938745565125,True,ok,0.008448599763793974,0.6139144009130271,0.004817285508169569,14.348085115161073,11.367891479138224,0.0027298817256357607,0.0019158563652993427,0.003400115968466795,0.0011605284572184487,0.001160528457218445,800.0000000000005,800.0000000000005,0.00125,1.3297440926152149e-10,8.646149453197646,9,-1.1866931048931662e-12,1.1449174941446927e-16,1.8829382497642655e-13,-0.415162746545354,0.9815305972501519,1.2721861603879114,0.20274400534002057,2.8369262494720715e-10,0.0013390840031206608,not_checked,0.001,not_checked,not_checked,,-0.0009931063354651146,0.017890305863053062,0.006441005889237461,True
local_b4_n800,262,2035221863,local,4,0.1414213562373095,800,0.0020075938745565125,True,ok,0.0013403934051816613,0.6732352528541452,0.001856533265193019,2.1663466523618253,2.134049018924655,0.3571582848242115,0.3535088869629289,0.34403065594425364,0.34221546552366316,0.3422154655236629,800.0000000000005,800.0000000000005,0.00125,5.447031714567174e-16,15.614865281626768,10,-2.688821387764051e-17,-4.9873299934333204e-18,-8.43769498715119e-15,-0.010858602035582976,0.8068628146290139,1.3047011081654063,0.14352226243036986,6.661338147750939e-16,0.0014495830982923508,not_checked,0.001,not_checked,not_checked,,-0.0022983449306972054,0.004979131741060528,-0.0006672004693748512,True
local_b4_n800,263,2035221864,local,4,0.1414213562373095,800,0.0020075938745565125,True,ok,0.0055340783624608925,0.6163263662320966,0.0037283835560888,9.369283709152967,8.174148251972994,0.01992534949740367,0.015887742076430636,0.016788282167089136,0.01194714800248332,0.01194714800248329,800.0000000000005,800.0000000000005,0.00125,1.4812517878937115e-10,8.7843556647551,9,-8.112781280100734e-14,9.194034422677078e-17,1.509903313490213e-13,-0.2573791646077668,1.0469588129672867,1.2087284681211794,0.2110396305961652,3.170026463550357e-10,0.0013270832132548094,not_checked,0.001,not_checked,not_checked,,-0.0017734191280245285,0.012841575852946313,0.00352648448790438,True
local_b4_n800,264,2035221865,local,4,0.1414213562373095,800,0.0020075938745565125,True,ok,0.0020174718754220056,0.6144719168276163,0.0023258816588879712,3.3463922870122196,2.887609339316973,0.22292456628322843,0.2110170890835142,0.23602803947990997,0.19909414009029558,0.19909414009029539,800.0000000000005,800.0000000000005,0.00125,1.363799073672567e-10,10.040532311869141,9,8.933825901280557e-17,1.734723475976807e-16,2.7711166694643907e-13,-0.05921864316850445,0.9789235607862018,1.1739201330479196,0.2009283883747034,2.9108093713148264e-10,0.001338958041742444,not_checked,0.001,not_checked,not_checked,,-0.002541172408300693,0.006576116159144704,9.878000865493064e-06,True
local_b4_n800,265,2035221866,local,4,0.1414213562373095,800,0.0020075938745565125,True,ok,0.002866331098879682,0.6340354242151502,0.0026694466244521586,4.752903335333838,4.395888241597544,0.12426631037192454,0.11521751192500276,0.11103119059408513,0.10095656752794142,0.10095656752794126,800.0000000000005,800.0000000000005,0.00125,1.887379141862766e-15,11.05956773536076,10,-1.938553484404082e-16,4.5536491244391186e-17,7.283063041541027e-14,-0.08338678856317205,1.0175600363604138,1.1814066035008628,0.20137150191609252,3.9968028886505635e-15,0.001442998880520463,not_checked,0.001,not_checked,not_checked,,-0.002365688143698568,0.008098350341457932,0.0008587372243231695,True
local_b4_n800,266,2035221867,local,4,0.1414213562373095,800,0.0020075938745565125,True,ok,0.004512609363958253,0.5678028439555545,0.0033038064260673895,7.524846929416661,7.152170657990304,0.034624289397144375,0.03005681593950265,0.027985036314581452,0.027049480172243238,0.02704948017224319,800.0000000000005,800.0000000000005,0.00125,1.5243029061196012e-11,7.831326299326963,9,-1.961972251329769e-15,-8.847089727481716e-17,-1.3855583347321954e-13,-0.1523359735417258,1.0072606780060027,1.136880334078969,0.21680888443858576,3.032485373921645e-11,0.0013313747476786375,not_checked,0.001,not_checked,not_checked,,-0.0019627322430258234,0.01098795097094233,0.0025050154894017407,True
local_b4_n800,267,2035221868,local,4,0.1414213562373095,800,0.0020075938745565125,True,ok,0.0058550583860059735,0.6018465409558478,0.0038081298005416273,9.88646537038909,8.81663443997346,0.015048638970437424,0.011940785964993176,0.012175650040928422,0.009241540293367559,0.009241540293367535,800.0000000000005,800.0000000000005,0.00125,7.70843389119591e-11,8.360522521168544,9,-6.723267775843311e-14,1.9081958235744878e-17,2.6645352591003757e-14,-0.25918597638976326,1.048626117784047,1.179524933562681,0.2178421185178811,1.6139267700054916e-10,0.0013332921080291271,not_checked,0.001,not_checked,not_checked,,-0.0016087388715093154,0.013318855643521262,0.003847464511449461,True
local_b4_n800,268,2035221869,local,4,0.1414213562373095,800,0.0020075938745565125,True,ok,0.0015277160981643778,0.6740139319300702,0.0020928675410043845,2.542000299125312,2.0401540638990627,0.32712241097511885,0.3129360627990725,0.36056716391168914,0.2945893640779507,0.2945893640779505,800.0000000000005,800.0000000000005,0.00125,1.5543122344752192e-15,13.013092778079818,10,-2.8579569266717897e-16,-3.864096542738338e-16,-6.177280909014371e-13,-0.04882727103115303,0.9313118434883767,1.2675175827010612,0.17081283139126072,3.3306690738754696e-15,0.0014508338645100594,not_checked,0.001,not_checked,not_checked,,-0.0025742289066171204,0.005629661102945876,-0.0004798777763921347,True
local_b4_n800,269,2035221870,local,4,0.1414213562373095,800,0.0020075938745565125,True,ok,0.0007734831360757255,0.6179637352482912,0.0014070588404238088,1.2631075382023136,1.1845490918560495,0.5548281412021496,0.5481293005029768,0.5530678747021709,0.5385976246413878,0.5385976246413875,800.0000000000005,800.0000000000005,0.00125,1.5905643468983044e-10,11.351660432416654,8,-6.607849250411801e-12,2.4936649967166602e-17,3.930189507173054e-14,-0.012767260240576062,0.9846997944286521,1.1191296223804246,0.20245645124082642,3.41706440920575e-10,0.001215917058289051,not_checked,0.001,not_checked,not_checked,,-0.001984301515283631,0.003531267787435082,-0.001234110738480787,True
local_b4_n800,270,2035221871,local,4,0.1414213562373095,800,0.0020075938745565125,True,ok,0.0020532454680672885,0.6279206630444123,0.0023197997983901947,3.3984149783311786,2.9952366954925065,0.22356091591834198,0.21234246702240245,0.2236622119268899,0.193477050724324,0.19347705072432375,800.0000000000005,800.0000000000005,0.00125,4.996003610813204e-16,10.849495431410592,10,-3.686287386450715e-16,-2.0903417885520525e-16,-3.3439917501709715e-13,-0.056611114711757615,1.0036280749299717,1.1913274821351634,0.20316851500080654,8.881784197001252e-16,0.0014493328053504229,not_checked,0.001,not_checked,not_checked,,-0.002493478588120771,0.006599969524255348,4.565159351077597e-05,True
local_b4_n800,271,2035221872,local,4,0.1414213562373095,800,0.0020075938745565125,True,ok,0.002759522507421952,0.6518813226998053,0.0027598757333179365,4.628582181555923,3.738615815146413,0.14018974841914567,0.1275602448001688,0.15423036655477526,0.10996226627119203,0.10996226627119188,800.0000000000005,800.0000000000005,0.00125,5.10702591327572e-15,11.113505592580442,10,-1.1635657715114434e-15,-1.3791051634015616e-16,-2.2026824808563106e-13,-0.1066730848403985,1.0066817307737714,1.2407166206977271,0.19092576955961973,1.0436096431476471e-14,0.0014427921269088984,not_checked,0.001,not_checked,not_checked,,-0.002649734531687274,0.008168779546531179,0.0007519286328654395,True
local_b4_n800,272,2035221873,local,4,0.1414213562373095,800,0.0020075938745565125,True,ok,0.0022523192740484532,0.653146952484575,0.0025072993173630895,3.759773432791903,3.030210037343199,0.19956489695415958,0.18617628533642844,0.21978510209626342,0.1649924738357121,0.16499247383571194,800.0000000000005,800.0000000000005,0.00125,9.992007221626409e-16,11.535472970185472,10,-2.5847379792054426e-16,-5.637851296924623e-18,-7.993605777301127e-15,-0.0780312971571877,0.9976926250332552,1.240936289615454,0.18958212849231204,1.9984014443252818e-15,0.0014452917966991663,not_checked,0.001,not_checked,not_checked,,-0.0026618970864450654,0.007166535634541972,0.0002447253994919407,True
local_b4_n800,273,2035221874,local,4,0.1414213562373095,800,0.0020075938745565125,True,ok,0.006093358830213225,0.6198863868230584,0.003848820279167395,10.359548038790868,9.211156591425558,0.01340206565290324,0.010232628599801147,0.009995919735407583,0.007637483887288977,0.0076374838872889554,800.0000000000005,800.0000000000005,0.00125,1.7336510005350192e-10,8.664641549561043,9,-2.2129346965993335e-13,-1.9081958235744878e-17,-3.019806626980426e-14,-0.3050869552248514,1.113874449493673,1.1466556782479926,0.21185394343937725,3.7306113753743375e-10,0.001331124920397997,not_checked,0.001,not_checked,not_checked,,-0.0014501902999222663,0.013636907960348716,0.004085764955656712,True
local_b4_n800,274,2035221875,local,4,0.1414213562373095,800,0.0020075938745565125,True,ok,0.0019734325328999436,0.6289213183027547,0.0022316094737017482,3.2414915911429896,3.0141303359789733,0.22418223031812745,0.21544882647663632,0.2215592639407383,0.20623354756725956,0.20623354756725942,800.0000000000005,800.0000000000005,0.00125,8.881784197001252e-16,11.494478119471264,10,1.5352302762394743e-16,9.107298248878237e-17,1.4432899320127035e-13,-0.04199976925153903,0.9995801144753669,1.1128012986924136,0.2000041552605845,1.7763568394002505e-15,0.001434501027688384,not_checked,0.001,not_checked,not_checked,,-0.002400441663113868,0.006347306728913755,-3.416134165656892e-05,True
local_b4_n800,275,2035221876,local,4,0.1414213562373095,800,0.0020075938745565125,True,ok,0.002499394374332997,0.6255801089884307,0.0026674578868386943,4.168110933733446,3.3434443811001757,0.1599330215755146,0.14812437371412268,0.18792314732581086,0.1354008691404758,0.13540086914047564,800.0000000000005,800.0000000000005,0.00125,1.2212453270876722e-15,10.186427736021558,10,-1.465841337200402e-16,-2.6020852139652106e-17,-4.218847493575595e-14,-0.08453996740032399,0.9316975116869529,1.2518423350399033,0.18980240963047204,2.4424906541753444e-15,0.0014406659174710512,not_checked,0.001,not_checked,not_checked,,-0.002728727014148163,0.007727515762814157,0.0004918004997764847,True
local_b4_n800,276,2035221877,local,4,0.1414213562373095,800,0.0020075938745565125,True,ok,0.0033783780225482563,0.7206414793823979,0.003112244128331311,5.791762127630461,4.293930062531603,0.1008447312791497,0.08577774134500249,0.11683822056334388,0.0670241405319722,0.06702414053197212,800.0000000000005,800.0000000000005,0.00125,3.9956926656259384e-13,13.799508895757134,10,-1.0421134441496172e-13,-1.5308934675495323e-16,-2.433608869978343e-13,-0.19317864577662425,1.0034042931034095,1.3488351846385394,0.16487236819689766,8.93507490218326e-13,0.0014444580301642418,not_checked,0.001,not_checked,not_checked,,-0.0027215083800773672,0.009478264425173879,0.0013707841479917438,True
local_b4_n800,277,2035221878,local,4,0.1414213562373095,800,0.0020075938745565125,True,ok,0.000846209495146244,0.6288823260905296,0.0014546232833144938,1.3484185997970468,1.3546549602950313,0.5006121707504871,0.5020253681083804,0.5079727471691655,0.5081555913481879,0.5081555913481878,800.0000000000005,800.0000000000005,0.00125,1.9432677689223965e-11,14.12200987666895,9,5.728340978644608e-13,2.174909558005922e-16,3.4772185131259903e-13,0.0027582962184721227,0.9553789166046089,1.001750231123219,0.17656519207154173,4.2939429789612404e-11,0.001316998852416873,not_checked,0.001,not_checked,not_checked,,-0.002004799751223567,0.003697218741516055,-0.0011613843794102685,True
local_b4_n800,278,2035221879,local,4,0.1414213562373095,800,0.0020075938745565125,True,ok,0.004394463824143768,0.6241630307103774,0.0032197153976242362,7.415848935194723,7.025159885062822,0.041430150170503464,0.034844726065289,0.029819881528778812,0.029730820043705503,0.02973082004370545,800.0000000000005,800.0000000000005,0.00125,7.72715225139109e-14,9.324581048290055,10,-1.8381129951450248e-14,-1.960237527853792e-16,-3.1530333899354446e-13,-0.19235340828234504,1.0061385156740994,1.197373868630527,0.1924517129719244,1.48991929904696e-13,0.0014447919093072414,not_checked,0.001,not_checked,not_checked,,-0.0019160623956687942,0.010704990043956331,0.002386869949587256,True
local_b4_n800,279,2035221880,local,4,0.1414213562373095,800,0.0020075938745565125,True,ok,0.002072523363797707,0.7049129669402225,0.0021582985310071843,3.3571178330183957,3.611585940456391,0.20242669365889981,0.19847836351057202,0.16434408492704064,0.19051607761677228,0.1905160776167721,800.0000000000005,800.0000000000005,0.00125,8.326672684688674e-16,17.93395914899943,10,-2.3201926491189795e-16,-1.3791051634015616e-16,-2.2160051571518125e-13,-0.020540225471031404,0.928324933991513,1.1499609533607813,0.15630688626456485,1.7763568394002505e-15,0.0014271249528974295,not_checked,0.001,not_checked,not_checked,,-0.0021576640248620795,0.0063027107524574934,6.492948924119446e-05,True
local_b4_n800,280,2035221881,local,4,0.1414213562373095,800,0.0020075938745565125,True,ok,0.002304615949205946,0.6361626781608198,0.002395619418259735,3.7939626209896202,3.590987168962457,0.17698588623590128,0.1683673164893313,0.16604547464757297,0.1582320330923705,0.15823203309237033,800.0000000000005,800.0000000000005,0.00125,7.771561172376096e-16,11.715428313665285,10,-2.5847379792054426e-16,-1.6349768761081407e-16,-2.611244553918368e-13,-0.053288551130052264,0.98405032163457,1.1461328992189759,0.19600784354332543,1.7763568394002505e-15,0.0014720822218805552,not_checked,0.001,not_checked,not_checked,,-0.00239071183124793,0.006999943729659822,0.0002970220746494334,True
local_b4_n800,281,2035221882,local,4,0.1414213562373095,800,0.0020075938745565125,True,ok,0.001744413041662618,0.6002001834947079,0.0021798709987899266,2.8356146880302977,2.4979808383235236,0.2576364118240616,0.25214107327901814,0.2867941926728163,0.24770161232336912,0.24770161232336899,800.0000000000005,800.0000000000005,0.00125,7.146050418072036e-11,10.908341629891998,9,-1.0104764247564901e-16,-1.0473392986209973e-16,-1.6697754290362354e-13,-0.022276910685053553,0.91885106240772,1.1430541185648049,0.18753303127695709,1.492712620176917e-10,0.0013451261911541224,not_checked,0.001,not_checked,not_checked,,-0.002528055606908994,0.00601688169023423,-0.0002631808328938945,True
local_b4_n800,282,2035221883,local,4,0.1414213562373095,800,0.0020075938745565125,True,ok,0.01523520318061733,0.5995101493009423,0.006577491412147209,26.283973007641908,18.89315058129157,5.7656907848146524e-05,2.7867215575482198e-05,7.895951614986249e-05,5.090357243537664e-06,5.090357243537625e-06,800.0000000000005,800.0000000000005,0.00125,6.923661644009371e-11,7.329464276647059,10,-3.469446951953614e-18,1.1275702593849246e-16,1.8474111129762605e-13,-0.9538239593270834,0.9865249550688776,1.3911906592193766,0.20940309840952587,1.4445578067068254e-10,0.0014426249545067549,not_checked,0.001,not_checked,not_checked,,0.002343556904187298,0.02812684945704736,0.013227609306060817,False
local_b4_n800,283,2035221884,local,4,0.1414213562373095,800,0.0020075938745565125,True,ok,0.004264760470052309,0.6332015050009683,0.0033866066019618913,7.191275723162064,5.951119756819265,0.047044915434237194,0.039963742920529885,0.051018861647257566,0.03298150345424328,0.03298150345424323,800.0000000000005,800.0000000000005,0.00125,7.172040739078511e-14,9.814539885240753,10,-1.700462687326265e-14,-2.5153490401663703e-16,-4.014566457044566e-13,-0.18382948553918288,0.9910125556599368,1.2342803212553328,0.1986290053164691,1.4033219031261979e-13,0.0014335829764604568,not_checked,0.001,not_checked,not_checked,,-0.002372866499598572,0.01090238743970319,0.0022571665954957965,True
local_b4_n800,284,2035221885,local,4,0.1414213562373095,800,0.0020075938745565125,True,ok,0.01136250062575539,0.6320039998456424,0.005503307010341258,19.605438851643335,14.983737806003402,0.0005983015416740707,0.00033932434508784893,0.0005575998859798777,0.00011278801206084987,0.00011278801206084918,800.0000000000005,800.0000000000005,0.00125,8.768419323956778e-11,8.521927523942285,10,-3.009132353015698e-11,-2.2898349882893854e-16,-3.659295089164516e-13,-0.7127189252173505,1.0558629569018751,1.3472509004310782,0.21214419679112595,1.6187695628389065e-10,0.0014400410000234842,not_checked,0.001,not_checked,not_checked,,0.0005762170896197252,0.022148784161891054,0.009354906751198877,True
local_b4_n800,285,2035221886,local,4,0.1414213562373095,800,0.0020075938745565125,True,ok,0.003666801558710242,0.5898446123181837,0.002969503310375684,6.08189922749426,5.815782311657757,0.067158121397846,0.06085311982392809,0.054590731912666626,0.05321360155589688,0.053213601555896765,800.0000000000005,800.0000000000005,0.00125,4.4089620843124067e-11,9.035263459785607,9,-4.640385298237959e-16,-1.8301332671555315e-16,-2.913225216616411e-13,-0.1075083667789345,1.0033034140654207,1.1668753145397999,0.21487395924774164,9.07691699580937e-11,0.0013300839345902205,not_checked,0.001,not_checked,not_checked,,-0.0021533179815985647,0.009486921099019049,0.0016592076841537295,True
local_b4_n800,286,2035221887,local,4,0.1414213562373095,800,0.0020075938745565125,True,ok,0.001357244498000565,0.5895121332901414,0.0018706384923435017,2.231242213410929,2.0423948266436907,0.35665242246959955,0.3466975714891166,0.36016341739504615,0.33763305868798804,0.3376330586879878,800.0000000000005,800.0000000000005,0.00125,4.3457570875204965e-11,9.567500295527521,9,2.8189256484623115e-18,-1.0798653637955624e-16,-1.7319479184152442e-13,-0.02982550830501185,1.012644909841384,1.0944333612712067,0.21802486621303138,8.931677619727907e-11,0.0013329577632248402,not_checked,0.001,not_checked,not_checked,,-0.002309139575087004,0.005023628571088134,-0.0006503493765559476,True
local_b4_n800,287,2035221888,local,4,0.1414213562373095,800,0.0020075938745565125,True,ok,0.006383540554837586,0.6053613547788574,0.004043709532439341,10.77546012168278,9.236414713813675,0.010433303754108229,0.008126799282574024,0.009870474448780168,0.006055232868315773,0.006055232868315756,800.0000000000005,800.0000000000005,0.00125,9.049472282640636e-11,8.572784336179389,9,-1.1418817280617333e-13,1.968911145233676e-16,3.1796787425264483e-13,-0.2808976169713189,1.047624434148319,1.1854166105816155,0.21169148360066697,1.9049450905583853e-10,0.0013275418896228075,not_checked,0.001,not_checked,not_checked,,-0.001541984492684825,0.014309065602359996,0.004375946680281073,True
local_b4_n800,288,2035221889,local,4,0.1414213562373095,800,0.0020075938745565125,True,ok,0.0009526735676073095,0.6386134115516513,0.0015340457217325445,1.5665015363433128,1.4951951232020848,0.4850359251622122,0.4754116344555185,0.47350274855945174,0.46666722571549113,0.4666672257154909,800.0000000000005,800.0000000000005,0.00125,5.551115123125783e-16,11.889146681036213,10,6.982261990806649e-17,-1.8756697583999227e-17,-3.019806626980426e-14,-0.02111191408580837,1.040654581151172,1.066160786540806,0.18903233358201443,8.881784197001252e-16,0.0014345420058816671,not_checked,0.001,not_checked,not_checked,,-0.0020540007976262314,0.00395934793284085,-0.001054920306949203,True
local_b4_n800,289,2035221890,local,4,0.1414213562373095,800,0.0020075938745565125,True,ok,0.002787595571912993,0.640158226363809,0.002681738404654769,4.6502733527911255,4.094549721135605,0.13333092310419004,0.1224066297451673,0.12908620260186257,0.10752020909186394,0.1075202090918638,800.0000000000005,800.0000000000005,0.00125,3.1086244689504383e-15,10.905965766177125,10,-5.429684479807406e-16,-9.410874857174178e-17,-1.5187850976872141e-13,-0.09506021886516702,1.0020580980407343,1.2114075220581753,0.19671087741838833,5.995204332975845e-15,0.001438165782019496,not_checked,0.001,not_checked,not_checked,,-0.0024685151171682553,0.008043706260994241,0.0007800016973564805,True
local_b4_n800,290,2035221891,local,4,0.1414213562373095,800,0.0020075938745565125,True,ok,0.0061402672782215895,0.6727072702288097,0.0037714491588865017,10.588065104982368,9.795195513608723,0.014030875629000912,0.010129070216299097,0.007464493077920563,0.007356185003245867,0.007356185003245844,800.0000000000005,800.0000000000005,0.00125,6.24167384444263e-12,10.32410502414907,10,-1.890386285008372e-12,3.634245682171411e-16,5.826450433232822e-13,-0.38181872991390975,0.997165570384797,1.2849357564677337,0.16835546785590988,1.2631229395765331e-11,0.001436042133718729,not_checked,0.001,not_checked,not_checked,,-0.0012516372427198337,0.013532171799163013,0.004132673403665077,True
local_b4_n800,291,2035221892,local,4,0.1414213562373095,800,0.0020075938745565125,True,ok,0.0032541960687928473,0.5668063370002148,0.002847151529808998,5.403807908407767,5.015810805841187,0.08745380695970795,0.0797569044065474,0.08143864185756466,0.07402467058653708,0.07402467058653696,800.0000000000005,800.0000000000005,0.00125,1.4513723556319746e-11,8.028823665133526,9,-2.905661822261152e-16,-2.8015784137025435e-16,-4.4941828036826337e-13,-0.09854709916960447,1.022003906363705,1.1143962450402582,0.22446464546540307,2.8824942432947864e-11,0.0013211669865995646,not_checked,0.001,not_checked,not_checked,,-0.0023261183881609065,0.008834510525746601,0.0012466021942363348,True
local_b4_n800,292,2035221893,local,4,0.1414213562373095,800,0.0020075938745565125,True,ok,0.002012118238978289,0.6692044846996292,0.002401264530761681,3.3650050809892122,2.639372049958263,0.23850286802825948,0.2236267578691557,0.26721918894637886,0.19994867083812817,0.19994867083812803,800.0000000000005,800.0000000000005,0.00125,1.4432899320127035e-15,12.316710721606059,10,-2.892651396191326e-16,1.0842021724855044e-17,1.7319479184152442e-14,-0.07280794931197421,0.9764453761096182,1.2751566537681256,0.1801572219934938,3.3306690738754696e-15,0.0014320840127766132,not_checked,0.001,not_checked,not_checked,,-0.0026942737586680785,0.006718510236624656,4.5243644217762835e-06,True
local_b4_n800,293,2035221894,local,4,0.1414213562373095,800,0.0020075938745565125,True,ok,0.00580099184869165,0.6321513684147808,0.0040492175375420915,9.86189228762733,7.566737305788455,0.017720350386590783,0.013847508877996625,0.022745939048209055,0.009650037487214764,0.00965003748721474,800.0000000000005,800.0000000000005,0.00125,7.754907827006718e-13,9.23826164635505,10,-2.0579111331686661e-13,3.5475095083725705e-16,5.684341886080801e-13,-0.29015266486034186,0.9703823750641554,1.3057743455990423,0.19446203710103108,1.4921397450962104e-12,0.0014322921633720398,not_checked,0.001,not_checked,not_checked,,-0.002135328690458814,0.013737312387842114,0.0037933979741351376,True
local_b4_n800,294,2035221895,local,4,0.1414213562373095,800,0.0020075938745565125,True,ok,0.0025231586352121305,0.5704562146315231,0.002504907293784139,4.069684946968582,3.9931963353941544,0.13967665706812077,0.13747338834029177,0.13579645514485839,0.13285102276382507,0.1328510227638249,800.0000000000005,800.0000000000005,0.00125,1.7375323402291087e-11,10.269838523003223,9,-5.5077470362263625e-17,-1.739060284666749e-16,-2.7711166694643907e-13,-0.016315565314585445,0.9875362768401799,1.063390859314325,0.2190232877633906,3.470179699149867e-11,0.001338333124294877,not_checked,0.001,not_checked,not_checked,,-0.002386369445216475,0.007432686715640736,0.000515564760655618,True
local_b4_n800,295,2035221896,local,4,0.1414213562373095,800,0.0020075938745565125,True,ok,0.001791374638961063,0.633385970389583,0.002036042821066135,2.966982487035387,3.0104065508561386,0.25922370121510685,0.24726068074988525,0.22197216775817333,0.2385682821828231,0.23856828218282292,800.0000000000005,800.0000000000005,0.00125,4.735795089416683e-16,11.067032946772914,10,3.2959746043559335e-17,2.5587171270657905e-16,4.0945025148175773e-13,-0.050391532348842194,0.9406300561900056,1.187002075903593,0.17865314923943124,2.220446049250313e-16,0.0014395418111234903,not_checked,0.001,not_checked,not_checked,,-0.002199195961309891,0.005781945239232017,-0.00021621923559544953,True
local_b4_n800,296,2035221897,local,4,0.1414213562373095,800,0.0020075938745565125,True,ok,0.004275481664552716,0.6265409433533207,0.0035315592053798417,7.206177447816711,5.410411331027282,0.05098181023740836,0.04363512651908603,0.06685657234124621,0.03269983223101231,0.032699832231012256,800.0000000000005,800.0000000000005,0.00125,6.294964549624638e-14,9.523824460023569,10,-1.4215191523891946e-14,2.914335439641036e-16,4.654054919228656e-13,-0.18270339226618093,0.9506104894785855,1.3319126826317993,0.19233443094202848,1.2256862191861728e-13,0.001447583781555295,not_checked,0.001,not_checked,not_checked,,-0.0026462471872626655,0.011197210516368097,0.0022678877899962036,True
local_b4_n800,297,2035221898,local,4,0.1414213562373095,800,0.0020075938745565125,True,ok,0.0001678672944851467,0.6732196039396385,0.0006607438013478814,0.2723248076912276,0.25517732536607884,0.878825318921691,0.8772475459319105,0.8802153701180337,0.874333116669412,0.8743331166694119,800.0000000000005,800.0000000000005,0.00125,5.435651928564766e-13,15.174841657028143,9,-3.002161236623224e-14,1.4739728534940433e-16,2.3581137043038325e-13,-0.0018685682574963447,0.9646069131329995,1.1201791137694588,0.16840176232572862,1.2356782264077992e-12,0.0013280410785228014,not_checked,0.001,not_checked,not_checked,,-0.0011271667591647887,0.0014629013481350821,-0.0018397265800713658,False
local_b4_n800,298,2035221899,local,4,0.1414213562373095,800,0.0020075938745565125,True,ok,0.004061456537131303,0.5839768821978266,0.0032907994218279867,6.7909059939388925,5.7423482705609485,0.052555090596798124,0.04605712314773704,0.05663239343688325,0.038806588902127924,0.03880658890212787,800.0000000000005,800.0000000000005,0.00125,3.340605569945865e-11,8.237507733209371,9,-1.9177368026923602e-15,1.231653667943533e-16,1.971756091734278e-13,-0.1462877672644023,1.012831217498455,1.1896868851934395,0.22394024578293972,6.813949404715913e-11,0.0013284168671816587,not_checked,0.001,not_checked,not_checked,,-0.002388391809996784,0.01051130488425939,0.0020538626625747902,True
local_b4_n800,299,2035221900,local,4,0.1414213562373095,800,0.0020075938745565125,True,ok,0.0016382787809114951,0.6595350188484554,0.001959246733391022,2.717819703494898,2.713165701641561,0.2830106245823055,0.2701559833612608,0.25753932532739393,0.26965200417290386,0.2696520041729037,800.0000000000005,800.0000000000005,0.00125,8.881784197001252e-16,12.373442105572288,10,-1.1145598333150986e-16,1.9949319973733282e-17,3.197442310920451e-14,-0.048286827018252154,1.0004790811076565,1.0766474002665982,0.17046630205161256,2.220446049250313e-15,0.0014362921938300133,not_checked,0.001,not_checked,not_checked,,-0.0022017742533626573,0.005478331815185648,-0.00036931509364501736,True
local_b4_n800,300,2035221901,local,4,0.1414213562373095,800,0.0020075938745565125,True,ok,0.002304893184799539,0.6101578062150599,0.002316737410393571,3.824550659516164,3.829540171209907,0.17248626137523476,0.16161823047975665,0.1473757124890555,0.15819694294251396,0.15819694294251377,800.0000000000005,800.0000000000005,0.00125,1.123582338280471e-10,9.824082324381168,9,1.196959198423997e-16,7.45931094670027e-17,1.1812772982011666e-13,-0.06836078191844952,0.9969379146976804,1.101790962064945,0.1929522428102546,2.383762076618723e-10,0.001338790636509657,not_checked,0.001,not_checked,not_checked,,-0.0022358287012084503,0.0068456150708075285,0.0002972993102430266,True
local_b4_n800,301,2035221902,local,4,0.1414213562373095,800,0.0020075938745565125,True,ok,0.0014850604057701222,0.6365972244489801,0.0018835859188903786,2.4535741206117296,2.39521919807407,0.3258191717166813,0.31412688889652796,0.30191504804685265,0.30481558499115263,0.30481558499115247,800.0000000000005,800.0000000000005,0.00125,4.40619762898109e-16,11.41611175908413,10,4.8138576458356397e-17,1.695692197767329e-16,2.708944180085382e-13,-0.03873873568976638,1.0133460130190608,1.1063933040002663,0.18321838669247878,4.440892098500626e-16,0.0014363748487085104,not_checked,0.001,not_checked,not_checked,,-0.0022067001570418034,0.005176820968582048,-0.0005225334687863903,True
local_b4_n800,302,2035221903,local,4,0.1414213562373095,800,0.0020075938745565125,True,ok,0.001875708678274357,0.6155042714558061,0.002265691716887122,3.1008382477529626,2.617716901285991,0.2507515389333581,0.2395232159884721,0.2701282451694466,0.22300369400386014,0.22300369400385991,800.0000000000005,800.0000000000005,0.00125,1.4283185745256333e-10,10.33059472620647,9,8.153200337090993e-17,-2.7321894746634712e-17,-4.3076653355456074e-14,-0.049852181256994754,0.9847317970228013,1.1877445241416427,0.19969056851493924,3.0525293404082277e-10,0.0013257500249892473,not_checked,0.001,not_checked,not_checked,,-0.002564965486895123,0.006316382843443837,-0.00013188519628215545,True
local_b4_n800,303,2035221904,local,4,0.1414213562373095,800,0.0020075938745565125,True,ok,0.004126759525201917,0.6024428552930134,0.0031765800679776097,6.915909121528082,6.394940980208235,0.04774237166785025,0.04133201782623763,0.04086544289358919,0.03683128643409886,0.03683128643409879,800.0000000000005,800.0000000000005,0.00125,7.919154221269764e-11,8.841560739857336,9,-4.246603069191224e-15,-1.717376241217039e-16,-2.753353101070388e-13,-0.1565469406025053,1.0600535939146076,1.110240362056498,0.21045570154072274,1.6601053864917503e-10,0.0013266252353787422,not_checked,0.001,not_checked,not_checked,,-0.002099223002041994,0.010352742052445829,0.002119165650645405,True
local_b4_n800,304,2035221905,local,4,0.1414213562373095,800,0.0020075938745565125,True,ok,0.0020875743205011066,0.5856712087697071,0.0022609769969228564,3.439628819166884,3.2953025422438964,0.20615558424381636,0.19668483864648134,0.19250151192641482,0.1882358734784728,0.1882358734784726,800.0000000000005,800.0000000000005,0.00125,3.619893274020569e-11,9.26716895960506,9,2.0903417885520525e-16,2.3115190317390955e-16,3.6992631180510216e-13,-0.04975495318255585,1.0259025303354727,1.0894701954332962,0.21070904996716627,7.404987734105362e-11,0.001337332185357809,not_checked,0.001,not_checked,not_checked,,-0.00234385916334122,0.006519007804343433,7.998044594459408e-05,True
local_b4_n800,305,2035221906,local,4,0.1414213562373095,800,0.0020075938745565125,True,ok,0.00244005691000293,0.5937918609409509,0.0025371995335201924,3.942694776372412,3.6424113955617132,0.14725560099596835,0.14450304682709258,0.16183051456721656,0.14198334343673324,0.1419833434367331,800.0000000000005,800.0000000000005,0.00125,5.3046678161194905e-11,11.14885948425728,9,-1.4311468676808659e-16,-6.852157730108388e-17,-1.0658141036401503e-13,-0.01930186018386082,0.9288078652357443,1.109582792721986,0.1916592464893647,1.0986300758020207e-10,0.0013274168595671654,not_checked,0.001,not_checked,not_checked,,-0.0025327627972884723,0.0074128766172943325,0.0004324630354464176,True
local_b4_n800,306,2035221907,local,4,0.1414213562373095,800,0.0020075938745565125,True,ok,0.0005224265480268109,0.6969103896769198,0.0011519529715580575,0.8512636145234286,0.8072956838733758,0.664522246189043,0.6595440951597813,0.6678792789335604,0.6584009159652873,0.6584009159652872,800.0000000000005,800.0000000000005,0.00125,2.9461433292965467e-11,16.463906726422913,9,-2.539520243399762e-12,1.0701075442431929e-16,1.7252865802674933e-13,-0.007690568840265366,0.9912652706903655,1.0548080083205496,0.15596337451479225,6.856648582242997e-11,0.0013271667994558811,not_checked,0.001,not_checked,not_checked,,-0.0017353597881108749,0.0027802128841644966,-0.0014851673265297016,True
local_b4_n800,307,2035221908,local,4,0.1414213562373095,800,0.0020075938745565125,True,ok,0.002341264580469904,0.69257174833366,0.002510121421527444,3.938582679092052,3.2949493494855018,0.18770505095495998,0.17233665802153003,0.19253550999829086,0.1536601913324381,0.1536601913324379,800.0000000000005,800.0000000000005,0.00125,5.440092820663267e-15,13.33917894302653,10,-1.1319070680748666e-15,-4.423544863740858e-17,-6.927791673660977e-14,-0.09627967517010183,0.9834895601688408,1.2584885401456387,0.17166657611827088,1.1546319456101628e-14,0.0014473339542746544,not_checked,0.001,not_checked,not_checked,,-0.0025784830025463706,0.0072610121634861784,0.00033367070591339143,True
local_b4_n800,308,2035221909,local,4,0.1414213562373095,800,0.0020075938745565125,True,ok,0.0024201201715465803,0.6622748977829958,0.0026570758718546237,4.059038956551797,3.1223739960519867,0.18310753499280852,0.16890049290582676,0.2098867880776162,0.14426604673692248,0.1442660467369223,800.0000000000005,800.0000000000005,0.00125,4.440892098500626e-15,11.690931302566483,10,-5.837344496661956e-16,-9.540979117872439e-18,-1.4210854715202004e-14,-0.09342334103863315,0.9400516362534561,1.3460707605929398,0.1760017752958097,9.103828801926284e-15,0.0014520001132041216,not_checked,0.001,not_checked,not_checked,,-0.0027876528414788456,0.007627893184572006,0.0004125262969900678,True
local_b4_n800,309,2035221910,local,4,0.1414213562373095,800,0.0020075938745565125,True,ok,0.0057914840375470344,0.5881030065207025,0.0038857571188114256,9.741296332933263,8.337459695015433,0.015358063718096476,0.012422208483465678,0.015471899320364173,0.009723717935069931,0.009723717935069907,800.0000000000005,800.0000000000005,0.00125,4.064659719915653e-11,8.068527483494117,9,-3.39121092318706e-14,-2.8796409701215e-16,-4.618527782440651e-13,-0.23746093642900146,1.0045904979362823,1.204458052754509,0.21273072211210348,8.339529067313833e-11,0.001339334063231945,not_checked,0.001,not_checked,not_checked,,-0.001824459967993488,0.013407428043087557,0.003783890162990522,True
local_b4_n800,310,2035221911,local,4,0.1414213562373095,800,0.0020075938745565125,True,ok,0.007159306076328642,0.6254668408061674,0.004275001133527859,11.977726065300791,10.647491759570958,0.005221486934787968,0.0041104222952276495,0.004874460341762935,0.003255384575768916,0.003255384575768906,800.0000000000005,800.0000000000005,0.00125,6.419309528382655e-13,10.227484184835362,10,-1.4871784359549167e-13,-2.8449465006019636e-16,-4.5297099404706387e-13,-0.2614181715874784,1.0417811123188743,1.13480508394944,0.20377148136709802,1.2376766278521245e-12,0.0014437080826610327,not_checked,0.001,not_checked,not_checked,,-0.0012195421792538692,0.015538154331911153,0.0051517122017721295,True
local_b4_n800,311,2035221912,local,4,0.1414213562373095,800,0.0020075938745565125,True,ok,0.00254283601494798,0.6156612821540952,0.0024793254796612713,4.236299568454212,4.035327733606333,0.14975708969388596,0.13850012907044978,0.13296572818269808,0.13077606945186251,0.13077606945186235,800.0000000000005,800.0000000000005,0.00125,1.4380241442069064e-10,9.792522628744718,9,-1.8214596497756474e-16,-2.7538735181131813e-16,-4.4231285301066237e-13,-0.08388097226872082,1.00493197796105,1.1380294945493552,0.19541465374366282,3.0746494239508593e-10,0.0013327498454600573,not_checked,0.001,not_checked,not_checked,,-0.0023165526311406063,0.007402224661036566,0.0005352421403914676,True
local_b4_n800,312,2035221913,local,4,0.1414213562373095,800,0.0020075938745565125,True,ok,0.005628820482147523,0.6490763476521426,0.0037045843185174354,9.196026679538189,8.90598895332275,0.016479906828755227,0.015152021403671789,0.011643648082155053,0.011075094994369481,0.011075094994369454,800.0000000000005,800.0000000000005,0.00125,4.141131881851834e-14,13.403396877720555,10,-5.186823193170653e-15,3.0357660829594124e-17,5.3290705182007514e-14,-0.09495695405107352,0.89060508182539,1.2680920434191485,0.169975091137845,8.770761894538737e-14,0.0014438328798860312,not_checked,0.001,not_checked,not_checked,,-0.0016320313598385105,0.012889672324133556,0.0036212266075910104,True
local_b4_n800,313,2035221914,local,4,0.1414213562373095,800,0.0020075938745565125,True,ok,0.0008027304846351946,0.5983028264950112,0.0014370777802581154,1.3085562338015,1.222633027010144,0.53900947454511,0.532773337509368,0.5426360109807877,0.5261418700388713,0.5261418700388711,800.0000000000005,800.0000000000005,0.00125,6.548628306290993e-11,10.554537804315634,8,-5.005259878440582e-12,4.0766001685454967e-17,6.505906924303417e-14,-0.012093729192593994,1.0084371723753758,1.070393095849816,0.20710804112479195,1.3638090656797885e-10,0.001218167133629322,not_checked,0.001,not_checked,not_checked,,-0.0020138902076534777,0.003619351176923867,-0.001204863389921318,True
local_b4_n800,314,2035221915,local,4,0.1414213562373095,800,0.0020075938745565125,True,ok,0.007667744408847543,0.5976925100875947,0.004406993714922301,12.99999791606123,11.361579648068762,0.004210138895965606,0.0030501793297156472,0.003410863397340247,0.002167468186170348,0.002167468186170339,800.0000000000005,800.0000000000005,0.00125,6.366474014640744e-11,7.9995125650571985,9,-4.3388469900262905e-13,6.245004513516506e-17,9.947598300641403e-14,-0.3658034309525764,1.009413710320977,1.2166702422218585,0.20610179973138276,1.3246559404933578e-10,0.0013252501375973225,not_checked,0.001,not_checked,not_checked,,-0.0009698045524945444,0.01630529337018963,0.005660150534291031,True
local_b4_n800,315,2035221916,local,4,0.1414213562373095,800,0.0020075938745565125,True,ok,0.0037176575690132108,0.6168814917251055,0.0031108435170652954,6.238245055461247,5.348171247840499,0.0688114869747897,0.060409000714909525,0.06896986396499503,0.05109206614328812,0.05109206614328803,800.0000000000005,800.0000000000005,0.00125,1.518456471671925e-10,9.37072133643004,9,-3.2751579226442118e-15,5.637851296924623e-17,9.059419880941277e-14,-0.1449964725200532,1.0528493914941288,1.168622514512482,0.2142690178679392,3.251803271098197e-10,0.0013334581162780523,not_checked,0.001,not_checked,not_checked,,-0.0023794836859746815,0.009814798824001103,0.0017100636944566983,True
local_b4_n800,316,2035221917,local,4,0.1414213562373095,800,0.0020075938745565125,True,ok,0.00917000820431868,0.6373314030336947,0.004804297835583341,15.851492221480452,13.178649553665966,0.0019529012126179072,0.0011907629830411872,0.0013749680605380631,0.0006516476452882238,0.0006516476452882211,800.0000000000005,800.0000000000005,0.00125,3.3738678517636345e-11,8.431554599395882,10,-1.1242468761496482e-11,-3.95516952522712e-16,-6.323830348264892e-13,-0.5897395472852773,1.0578075893795478,1.2731692516556936,0.20127761281870538,6.328382262665855e-11,0.0014570411294698715,not_checked,0.001,not_checked,not_checked,,-0.00024624252442840243,0.018586258933065765,0.007162414329762168,True
local_b4_n800,317,2035221918,local,4,0.1414213562373095,800,0.0020075938745565125,True,ok,0.002391098567953165,0.6269962416758361,0.002487392789749089,3.9444056793372884,3.5539712674358275,0.1649649181554278,0.15600825989881917,0.169147251341177,0.14765469777057402,0.14765469777057388,800.0000000000005,800.0000000000005,0.00125,6.487865800153259e-16,11.078558383911757,10,-1.734723475976807e-17,1.8995222061946038e-16,3.019806626980426e-13,-0.05932398530611116,1.0097133899253288,1.1135723914247075,0.19141191151039066,4.440892098500626e-16,0.0014635000843554735,not_checked,0.001,not_checked,not_checked,,-0.002484101715359661,0.007266298851265991,0.0003835046933966524,True
local_b4_n800,318,2035221919,local,4,0.1414213562373095,800,0.0020075938745565125,True,ok,0.005310797160702485,0.5635267122990129,0.0037628209185728047,8.88100736015793,7.483065052925325,0.021410380932906488,0.018016931064478187,0.023717727220302052,0.0142836789091156,0.014283678909115563,800.0000000000005,800.0000000000005,0.00125,1.2322476372617075e-11,7.5121433572489416,9,-6.734196533741965e-15,2.463307335887066e-16,3.9257486150745535e-13,-0.1918659515169745,1.0172695042605726,1.1872744957569021,0.2325693367925187,2.436695289986801e-11,0.0013501248322427273,not_checked,0.001,not_checked,not_checked,,-0.0020641963199741356,0.012685790641379105,0.0033032032861459726,True
local_b4_n800,319,2035221920,local,4,0.1414213562373095,800,0.0020075938745565125,True,ok,0.002235554276329932,0.5789418250422507,0.002321307549303305,3.620991413673894,3.640734389439584,0.17347520703056196,0.16976968108443968,0.16196626685545562,0.16722025872236204,0.16722025872236185,800.0000000000005,800.0000000000005,0.00125,2.6263213825927778e-11,10.278012230844382,9,-2.489328188026718e-16,-2.3332030751888055e-16,-3.7214675785435247e-13,-0.022052285773000335,0.9924629724184797,1.0495637471888861,0.21687647961640824,5.311973083621524e-11,0.0013462088536471128,not_checked,0.001,not_checked,not_checked,,-0.0023141249173454816,0.006785233470005345,0.00022796040177341936,True
local_b4_n800,320,2035221921,local,4,0.1414213562373095,800,0.0020075938745565125,True,ok,0.0030078107234543516,0.6056226243108176,0.0028153944945213606,5.017594981310724,4.362436228881022,0.10828509069474504,0.09853857835296337,0.11290391695122623,0.09015286235926556,0.09015286235926545,800.0000000000005,800.0000000000005,0.00125,9.15223452579994e-11,9.261143090962719,9,-5.035034889022683e-16,1.3921155894713877e-16,2.2293278334473143e-13,-0.10254891189187942,0.9873064291951776,1.1766288626792811,0.2076539618300084,1.9284707164501924e-10,0.001328374957665801,not_checked,0.001,not_checked,not_checked,,-0.002510261088079866,0.00852588253498857,0.0010002168488978391,True
local_b4_n800,321,2035221922,local,4,0.1414213562373095,800,0.0020075938745565125,True,ok,0.0020423567343721416,0.6486363317460742,0.0023110597299390283,3.396022176309447,2.992225671720011,0.21736761655242656,0.20475989345583384,0.2239991916452871,0.19516978879520336,0.1951697887952032,800.0000000000005,800.0000000000005,0.00125,6.661338147750939e-16,11.581763686837581,10,9.540979117872439e-17,1.3053794156725473e-16,2.078337502098293e-13,-0.06412570065700929,0.9874300298802221,1.155287169735025,0.18078152911373088,1.3322676295501878e-15,0.0014430840965360403,not_checked,0.001,not_checked,not_checked,,-0.0024872371024292177,0.006571950571173501,3.47628598156291e-05,True
local_b4_n800,322,2035221923,local,4,0.1414213562373095,800,0.0020075938745565125,True,ok,0.004017995308318811,0.6524731732281217,0.003190635683053769,6.756914216031436,5.940075440966441,0.0548089583972535,0.04726302054584881,0.05130137518276019,0.04017958506088379,0.04017958506088372,800.0000000000005,800.0000000000005,0.00125,5.5289106626332796e-14,11.010515206862012,10,-1.2320873488125272e-14,-2.6020852139652106e-17,-4.3520742565306136e-14,-0.16406086136066733,1.0758571994510548,1.1375998583145475,0.1939310190183867,1.1235457009206584e-13,0.0014401241205632687,not_checked,0.001,not_checked,not_checked,,-0.0022355357182549315,0.010271526334892554,0.002010401433762299,True
local_b4_n800,323,2035221924,local,4,0.1414213562373095,800,0.0020075938745565125,True,ok,0.0013724697583337164,0.599733105385623,0.0018081432204635009,2.259487360512064,2.244757478012419,0.3501386076350924,0.33968301330059925,0.32550458252779446,0.33354556153292886,0.33354556153292875,800.0000000000005,800.0000000000005,0.00125,6.995093393413754e-11,9.905499645244397,9,-4.0766001685454967e-17,-3.469446951953614e-18,-6.217248937900877e-15,-0.03176787358905808,0.9685103464825031,1.1268600817141188,0.1947619079460953,1.4599477182741794e-10,0.0013261251151561737,not_checked,0.001,not_checked,not_checked,,-0.0021714258326650123,0.004916365349332446,-0.0006351241162227961,True
local_b4_n800,324,2035221925,local,4,0.1414213562373095,800,0.0020075938745565125,True,ok,0.0008333028577587331,0.6471055368457903,0.001462348339908334,1.3569880454309924,1.2792376439255424,0.530887675609163,0.5249521391850427,0.5274934546460821,0.5134296365305522,0.513429636530552,800.0000000000005,800.0000000000005,0.00125,7.717537719997836e-11,13.158060080789408,9,-7.131147126797355e-12,4.380176776841438e-17,7.038813976123492e-14,-0.011851736508509347,0.963370356963,1.1477536781062743,0.18700080735807736,1.6525514290322008e-10,0.0013238750398159027,not_checked,0.001,not_checked,not_checked,,-0.002032847221313538,0.0036994529368310045,-0.0011742910167977794,True
local_b4_n800,325,2035221926,local,4,0.1414213562373095,800,0.0020075938745565125,True,ok,0.004211036776168076,0.5988386203163578,0.0032392438754760026,6.848954325274136,6.690142990463312,0.037941644129910315,0.03595570456870044,0.035257694310478524,0.03442991670350688,0.03442991670350682,800.0000000000005,800.0000000000005,0.00125,6.712586042567636e-11,10.968083162854118,9,3.469446951953614e-17,1.3010426069826053e-16,2.113864638886298e-13,-0.05564774170260556,0.9458835048247759,1.1093387976503515,0.18928192466101038,1.3990875125102775e-10,0.0013303328305482864,not_checked,0.001,not_checked,not_checked,,-0.002137764556906837,0.010559838109242988,0.002203442901611563,True
local_b4_n800,326,2035221927,local,4,0.1414213562373095,800,0.0020075938745565125,True,ok,0.0017675905657463797,0.616157130624079,0.002032905163347983,2.886514429472398,2.9527064604820534,0.25822495165807907,0.25112680011016086,0.22846934613229725,0.24315104300273024,0.24315104300273,800.0000000000005,800.0000000000005,0.00125,1.4704559792022565e-10,11.305514945481198,9,2.936019483090746e-16,2.454633718507182e-16,3.934630399271555e-13,-0.029184762139094378,0.9565725615412457,1.1347250689869914,0.19596535402818954,3.145497196044289e-10,0.001318624010309577,not_checked,0.001,not_checked,not_checked,,-0.0022168303384011824,0.005752011469893942,-0.00024000330881013276,True
local_b4_n800,327,2035221928,local,4,0.1414213562373095,800,0.0020075938745565125,True,ok,0.00201587644174106,0.6562084815915106,0.002419128930029005,3.364952140704315,2.6487869154666384,0.23585405198079568,0.22173037160712816,0.26596422872170294,0.19934841552503663,0.1993484155250364,800.0000000000005,800.0000000000005,0.00125,7.771561172376096e-16,11.704951633962503,10,1.0234868508263162e-16,2.5760643618255585e-16,4.121147867408581e-13,-0.06977491695930849,0.9223838739845581,1.3201198881927352,0.17480304202535724,1.7763568394002505e-15,0.0014295829460024834,not_checked,0.001,not_checked,not_checked,,-0.0027255291350747066,0.006757282018556827,8.282567184547673e-06,True
local_b4_n800,328,2035221929,local,4,0.1414213562373095,800,0.0020075938745565125,True,ok,0.0024681075148884624,0.6026496439098419,0.0025994789063757285,4.090969348659876,3.4168760644319613,0.16584080877917162,0.1555040058469379,0.18114851990639805,0.13883265223707708,0.13883265223707697,800.0000000000005,800.0000000000005,0.00125,7.99638133486269e-11,9.572978350471617,9,2.5587171270657905e-17,4.158999533654395e-16,6.652456363553938e-13,-0.07099866241916719,0.9991927108205614,1.1995903049249788,0.2116835393624147,1.676416783169543e-10,0.0013349172659218311,not_checked,0.001,not_checked,not_checked,,-0.0026267775201795325,0.007562992549956457,0.00046051364033194986,True
local_b4_n800,329,2035221930,local,4,0.1414213562373095,800,0.0020075938745565125,True,ok,0.0011883591267849436,0.6187073766843987,0.0017405156789837236,1.954797323958826,1.8032694581710351,0.40732408592105473,0.39717525303321766,0.4059055714426494,0.3864753071208998,0.38647530712089956,800.0000000000005,800.0000000000005,0.00125,1.64503077826339e-10,10.839661141943635,9,2.0166160408230382e-17,5.659535340374333e-17,9.059419880941277e-14,-0.02671136055145762,1.0323844500234962,1.0849745463791878,0.20294858651544131,3.535214343486359e-10,0.0013276252429932356,not_checked,0.001,not_checked,not_checked,,-0.002222988918550433,0.00459970717212032,-0.0008192347477715689,True
local_b4_n800,330,2035221931,local,4,0.1414213562373095,800,0.0020075938745565125,True,ok,0.0031390027915469965,0.5976722485423203,0.002729207658979139,5.2341137611166735,5.076256036878146,0.09601060443538637,0.08700605123797497,0.0790141745094801,0.08117059457011067,0.08117059457011054,800.0000000000005,800.0000000000005,0.00125,6.359635040809053e-11,8.955531889684742,9,-3.7296554733501353e-16,1.2576745200831851e-16,2.007283228522283e-13,-0.10585464732073824,0.9960910586641651,1.1463037209383988,0.20235248629849253,1.3233680817847926e-10,0.0013268750626593828,not_checked,0.001,not_checked,not_checked,,-0.0022101459263829896,0.008488151509476983,0.001131408916990484,True
local_b4_n800,331,2035221932,local,4,0.1414213562373095,800,0.0020075938745565125,True,ok,0.003630605999249692,0.6378237795332611,0.003091389276685365,6.0744461342783485,5.229218561538002,0.07028705702156089,0.062302081877747315,0.07319638234379569,0.05477700447855006,0.054777004478549975,800.0000000000005,800.0000000000005,0.00125,1.5210055437364645e-14,10.603588790549786,10,-3.2161773244610004e-15,-3.5561831257524545e-17,-5.950795411990839e-14,-0.13273826773941888,0.9888012223664893,1.1957520489401672,0.19588192385608533,3.042011087472929e-14,0.001431209035217762,not_checked,0.001,not_checked,not_checked,,-0.002428405645246952,0.009689617643746335,0.0016230121246931795,True
local_b4_n800,332,2035221933,local,4,0.1414213562373095,800,0.0020075938745565125,True,ok,0.004616843055411657,0.6491168187307921,0.003485291563005259,7.8085001387471715,6.566343635189714,0.03761139326698547,0.031245739042946304,0.03750909591837404,0.024885388765024698,0.024885388765024632,800.0000000000005,800.0000000000005,0.00125,1.9062529332813938e-13,10.422661323365148,10,-4.647324192141866e-14,8.673617379884035e-18,1.509903313490213e-14,-0.21077562504425806,1.00338104728273,1.2403620873167236,0.19421656658983175,3.816946758661288e-13,0.0014347909018397331,not_checked,0.001,not_checked,not_checked,,-0.002214202883699963,0.011447888994523276,0.0026092491808551443,True
local_b4_n800,333,2035221934,local,4,0.1414213562373095,800,0.0020075938745565125,True,ok,0.00765765771878657,0.6120012488940032,0.004400734383768114,13.054863831497475,11.077205409827775,0.004679642651525779,0.0032970354786672285,0.003932017189889627,0.0021850290069531787,0.0021850290069531718,800.0000000000005,800.0000000000005,0.00125,1.2210865651951508e-10,8.20179711818287,9,-8.937000445241594e-13,1.4311468676808659e-16,2.3092638912203256e-13,-0.40130574071947755,1.0831432124556917,1.1960906703899543,0.21726354827242525,2.596749482108862e-10,0.0013251658529043198,not_checked,0.001,not_checked,not_checked,,-0.0009676231789260033,0.016282938616499144,0.005650063844230058,True
local_b4_n800,334,2035221935,local,4,0.1414213562373095,800,0.0020075938745565125,True,ok,0.0072668797578332445,0.5940017820356012,0.004239561441594611,12.192891220456431,10.96682782677893,0.0056762108731588205,0.004422320784737109,0.004155120236159902,0.0029869460357969196,0.00298694603579691,800.0000000000005,800.0000000000005,0.00125,5.36352073865487e-11,8.586055162619441,9,-1.141673561244616e-13,-1.4224732503009818e-16,-2.2026824808563106e-13,-0.2829418039616165,1.0301318724290736,1.2070940390664102,0.22260333052338255,1.109792258091602e-10,0.0013245840091258287,not_checked,0.001,not_checked,not_checked,,-0.0010425079779369049,0.015576267493603394,0.005259285883276732,True
local_b4_n800,335,2035221936,local,4,0.1414213562373095,800,0.0020075938745565125,True,ok,0.007671103320758377,0.5874115471976888,0.004494491265090191,13.006065005230427,10.772584953925852,0.004617432428989307,0.003363602835469644,0.004578918349576317,0.0021616517366813168,0.002161651736681307,800.0000000000005,800.0000000000005,0.00125,3.9356295999937174e-11,7.560450285948448,9,-3.6365355171597e-13,3.885780586188048e-16,6.270539643082884e-13,-0.36614984600850864,1.0233315169152442,1.2412892001597104,0.22423689087048707,8.063016920800692e-11,0.001334083266556263,not_checked,0.001,not_checked,not_checked,,-0.0011379376876482616,0.016480144329165017,0.005663509446201864,True
local_b4_n800,336,2035221937,local,4,0.1414213562373095,800,0.0020075938745565125,True,ok,0.0016012200935802134,0.6184608776560476,0.0021652956835465677,2.647472683923175,2.0818716848144496,0.3131241439360155,0.30129795568987283,0.35312405880808373,0.27776604763598395,0.2777660476359837,800.0000000000005,800.0000000000005,0.00125,1.6283752124479633e-10,10.453571346433737,9,1.0776969594505914e-16,1.9060274192295168e-16,3.05089287166993e-13,-0.042760267097416094,0.943334546187008,1.2733411392812513,0.19501111172899827,3.49564155399662e-10,0.0013324171304702759,not_checked,0.001,not_checked,not_checked,,-0.002642681462051097,0.005845121649211524,-0.00040637378097629906,True
local_b4_n800,337,2035221938,local,4,0.1414213562373095,800,0.0020075938745565125,True,ok,0.004654905240059293,0.6779125528259484,0.0033048430843163486,7.612717149793851,7.67399243216136,0.03284338182516251,0.030496109359979595,0.021558260541689273,0.024139055450824395,0.024139055450824332,800.0000000000005,800.0000000000005,0.00125,2.298161660974074e-14,15.122569581358178,10,-3.0591848498850993e-15,-7.025630077706069e-17,-1.1191048088221578e-13,-0.08243438284948912,0.9171558595478114,1.2452832419630817,0.16598868649401252,5.062616992290714e-14,0.001435249811038375,not_checked,0.001,not_checked,not_checked,,-0.0018224681797570199,0.011132278659875604,0.0026473113655027802,True
local_b4_n800,338,2035221939,local,4,0.1414213562373095,800,0.0020075938745565125,True,ok,0.0033955760009889424,0.6263744486764486,0.0029111067273339675,5.687908957501888,5.148934304690402,0.0834344827849135,0.0742631053645163,0.07619441199746188,0.0661083113636224,0.0661083113636223,800.0000000000005,800.0000000000005,0.00125,9.880984919163893e-15,9.93113122712953,10,-1.7893672654700765e-15,1.7954387976359953e-16,2.8954616482224083e-13,-0.1274936779597886,1.0496799830627863,1.1373305684976833,0.20595731748874987,1.9539925233402755e-14,0.0014429169241338968,not_checked,0.001,not_checked,not_checked,,-0.0023100883397378967,0.00910124034171578,0.00138798212643243,True
local_b4_n800,339,2035221940,local,4,0.1414213562373095,800,0.0020075938745565125,True,ok,0.000939041804794094,0.6435319706014786,0.0015511974007924095,1.5211043283596535,1.4338133591669502,0.4886333069337454,0.4843125572830014,0.48826026783060894,0.47178427430624137,0.47178427430624126,800.0000000000005,800.0000000000005,0.00125,6.498379612196459e-11,13.428242197641024,9,-4.992471822236333e-12,9.86623976961809e-18,1.7319479184152442e-14,-0.009318720344551057,1.0163532598623901,1.082310748930932,0.1878184442592276,1.3952017319240895e-10,0.0013154579792171717,not_checked,0.001,not_checked,not_checked,,-0.002101249233671172,0.00397933284325936,-0.0010685520697624185,True
local_b4_n800,340,2035221941,local,4,0.1414213562373095,800,0.0020075938745565125,True,ok,0.0007435559956732174,0.6124055283251124,0.0013755156400322927,1.2134285981218962,1.1415716077980378,0.5635609973964574,0.5571499130478312,0.5650812211616076,0.5516481769306405,0.5516481769306404,800.0000000000005,800.0000000000005,0.00125,1.2436085494726967e-10,11.13019674251207,8,-5.114306656124612e-12,-4.683753385137379e-17,-7.438494264988549e-14,-0.011869502522373843,1.0022149998746954,1.073160483025275,0.19648856389445332,2.6458235602433433e-10,0.0012173326686024666,not_checked,0.001,not_checked,not_checked,,-0.0019524051189616378,0.0034395171103080726,-0.001264037878883295,True
local_b4_n800,341,2035221942,local,4,0.1414213562373095,800,0.0020075938745565125,True,ok,0.0016093465489186443,0.6812258274945509,0.002030748700431503,2.675975094674463,2.384478932544925,0.30805868442256346,0.2941546999648682,0.303540733103947,0.27596610214170936,0.2759661021417092,800.0000000000005,800.0000000000005,0.00125,6.661338147750939e-16,13.533016151821842,10,-1.6089560239684886e-16,3.165870343657673e-17,5.062616992290714e-14,-0.0505103082023155,1.0647529943324467,1.1224225756618997,0.1778618337466635,8.881784197001252e-16,0.0014379171188920736,not_checked,0.001,not_checked,not_checked,,-0.002370847765578621,0.0055895408634159096,-0.00039824732563786824,True
local_b4_n800,342,2035221943,local,4,0.1414213562373095,800,0.0020075938745565125,True,ok,0.00012530843678115744,0.6091589124999561,0.0005704527986819713,0.1989631511596707,0.1950945380760964,0.9026797828448854,0.9033854258093788,0.9070594647140866,0.9046141774667814,0.9046141774667814,800.0000000000005,800.0000000000005,0.00125,1.074798028355417e-10,13.267494148783365,8,1.6516193794557932e-15,3.428247269399165e-16,5.482281295599023e-13,0.0007651738450906581,0.9123962858059027,1.050397578175002,0.17892587854475647,2.2754576001204896e-10,0.0012222500517964363,not_checked,0.001,not_checked,not_checked,,-0.0009927585035155843,0.0012433753770778992,-0.001882285437775355,False
local_b4_n800,343,2035221944,local,4,0.1414213562373095,800,0.0020075938745565125,True,ok,0.0012243249765617747,0.6248202271435721,0.0017598054999683529,2.005571319650895,1.8878676723460157,0.38632794318766195,0.37767956731117425,0.38909418798613327,0.3755138286160906,0.37551382861609045,800.0000000000005,800.0000000000005,0.00125,6.661338147750939e-16,11.46353416707933,10,-7.762887554996212e-17,-1.3010426069826053e-18,-2.4424906541753444e-15,-0.023325678576027076,0.9885225342966215,1.0720698979172087,0.18714130628802322,1.3322676295501878e-15,0.0014358758926391602,not_checked,0.001,not_checked,not_checked,,-0.0022248304231717,0.004673480376295249,-0.0007832688979947378,True
local_b4_n800,344,2035221945,local,4,0.1414213562373095,800,0.0020075938745565125,True,ok,8.797818947048341e-05,0.6420455741878455,0.0004686704087985359,0.1405610289901962,0.14159873625840125,0.9321272506102511,0.9322222326899055,0.9316487918179783,0.9320371993975479,0.9320371993975479,800.0000000000005,800.0000000000005,0.00125,2.4424906541753444e-15,14.584827954279486,9,1.3704315460216776e-16,1.2343641733747468e-16,1.9739765377835283e-13,0.0001020370812886695,0.9549773466512398,1.0499430577152598,0.1782905474954273,5.329070518200751e-15,0.0013163331896066666,not_checked,0.001,not_checked,not_checked,,-0.0008305989323943111,0.001006555311335278,-0.001919615685086029,False
local_b4_n800,345,2035221946,local,4,0.1414213562373095,800,0.0020075938745565125,True,ok,0.002697581854119946,0.6466383169166714,0.002656104761520279,4.493751119363925,3.934809625870744,0.13435777259087273,0.1237357650381685,0.1398192428715662,0.11554843534409066,0.11554843534409051,800.0000000000005,800.0000000000005,0.00125,2.3314683517128287e-15,11.356671806611642,10,-2.883977778811442e-16,-1.7607443281164592e-16,-2.8066438062523957e-13,-0.08881007638600424,0.9939751475388543,1.1562655627670175,0.18142035840623144,4.884981308350689e-15,0.0014326670207083225,not_checked,0.001,not_checked,not_checked,,-0.0025082878176251504,0.007903451525865041,0.0006899879795634334,True
local_b4_n800,346,2035221947,local,4,0.1414213562373095,800,0.0020075938745565125,True,ok,0.0015279390281703886,0.5844596426053748,0.0018394339562679296,2.5078887240711376,2.7146657753869174,0.30395169948812983,0.29477879421590436,0.25734623375918375,0.29453683051564916,0.294536830515649,800.0000000000005,800.0000000000005,0.00125,3.4210079213892186e-11,9.473085131567062,9,6.288372600415926e-17,1.3357370765021415e-16,2.1271873151818e-13,-0.03159313949925724,0.9058761606288568,1.1529592924112777,0.18660244906841975,6.977507460703691e-11,0.0013287088368088007,not_checked,0.001,not_checked,not_checked,,-0.0020772852780547783,0.005133163334395556,-0.0004796548463861239,True
local_b4_n800,347,2035221948,local,4,0.1414213562373095,800,0.0020075938745565125,True,ok,0.001424234190488205,0.6659626332783461,0.0018864773747490468,2.361869723621799,2.200109917943404,0.3416248567229757,0.32852013035064886,0.33285278994831763,0.32001501820770173,0.3200150182077016,800.0000000000005,800.0000000000005,0.00125,8.660606953814209e-16,12.784867710440965,10,-2.42861286636753e-17,1.43982048506075e-16,2.304822999121825e-13,-0.041547509420334805,0.9904040273999688,1.133509332133597,0.1691050891879408,4.440892098500626e-16,0.001437708968296647,not_checked,0.001,not_checked,not_checked,,-0.0022731935216695975,0.005121661902646008,-0.0005833596840683075,True
local_b4_n800,348,2035221949,local,4,0.1414213562373095,800,0.0020075938745565125,True,ok,0.0010854541516824856,0.6668160738941347,0.001666472172048226,1.7661681052406397,1.6628993211581387,0.4331208202304534,0.4270217118072368,0.43541762082153235,0.4196377997379328,0.41963779973793247,800.0000000000005,800.0000000000005,0.00125,1.9550683294511373e-10,14.479352729291142,9,-1.873898150366038e-11,1.945058697438995e-16,3.1175062531474396e-13,-0.014720731274330934,1.006689025890738,1.069453391596385,0.17284508221774453,4.3213810307918266e-10,0.001319665927439928,not_checked,0.001,not_checked,not_checked,,-0.002180771286770274,0.004351679590135245,-0.0009221397228740269,True
local_b4_n800,349,2035221950,local,4,0.1414213562373095,800,0.0020075938745565125,True,ok,0.0036808627945783545,0.6099225493548772,0.003006948586884697,6.147207882411904,5.670835307087048,0.06690684997680232,0.05943902431760714,0.0586940069540422,0.052618356582422476,0.05261835658242238,800.0000000000005,800.0000000000005,0.00125,1.1125189658400814e-10,9.402778974948106,9,-1.618497003086361e-15,1.1709383462843448e-17,1.7763568394002505e-14,-0.12891370554326675,1.063121522671346,1.114326042299056,0.21217768082862382,2.3578228258713807e-10,0.0013301670551300049,not_checked,0.001,not_checked,not_checked,,-0.0022126481390792605,0.009574373728235969,0.001673268920021842,True
local_b4_n800,350,2035221951,local,4,0.1414213562373095,800,0.0020075938745565125,True,ok,0.003530713317010825,0.6485492806909874,0.0029698941107139227,5.842542904013752,5.437808303030836,0.06898082159213154,0.06295044236832836,0.06594698274463173,0.059334126254435286,0.05933412625443517,800.0000000000005,800.0000000000005,0.00125,3.774758283725532e-15,12.059798162948415,10,-5.590146401335261e-16,9.194034422677078e-17,1.4921397450962104e-13,-0.096700798398214,1.02291113483982,1.089411892475033,0.1796325681646732,7.771561172376096e-15,0.0014395411126315594,not_checked,0.001,not_checked,not_checked,,-0.002290172177886075,0.009351598811907724,0.0015231194424543126,True
local_b4_n800,351,2035221952,local,4,0.1414213562373095,800,0.0020075938745565125,True,ok,0.0035143307873819474,0.6557696704459355,0.0030633114122108895,5.926392242676962,4.91699074882256,0.08078859210590231,0.07057165633838844,0.08556359533725331,0.060116878902629206,0.06011687890262909,800.0000000000005,800.0000000000005,0.00125,3.697042672001771e-14,10.946466539599374,10,-8.27159521432641e-15,-1.2533377113932431e-16,-1.9895196601282805e-13,-0.1517314914329213,1.0272168070206542,1.2058634991417156,0.19205261712349433,7.549516567451064e-14,0.0014359999913722277,not_checked,0.001,not_checked,not_checked,,-0.0024896492539819275,0.009518310828745822,0.0015067369128254349,True
local_b4_n800,352,2035221953,local,4,0.1414213562373095,800,0.0020075938745565125,True,ok,0.0008442913037585154,0.6479790017124483,0.0014926052644395644,1.3777623549919,1.254178589028876,0.5266295172250084,0.5199556485683692,0.5341442771880469,0.5089359817134371,0.5089359817134369,800.0000000000005,800.0000000000005,0.00125,1.0062883859518479e-10,13.029558382137235,9,-9.916825607220181e-12,-2.3852447794681098e-17,-3.774758283725532e-14,-0.013448134489137398,0.9696808368226941,1.1416717512459107,0.1860594136875035,2.160196466149955e-10,0.0013298341073095798,not_checked,0.001,not_checked,not_checked,,-0.0020811612576779144,0.003769743865194945,-0.0011633025707979971,True
local_b4_n800,353,2035221954,local,4,0.1414213562373095,800,0.0020075938745565125,True,ok,0.003065092653515622,0.6276872337518584,0.0027947057844481447,5.13541389462774,4.564539209111771,0.10595529615232668,0.09533361052868713,0.10205232525312963,0.0861147884916521,0.08611478849165201,800.0000000000005,800.0000000000005,0.00125,5.329070518200751e-15,9.96401509527879,10,-1.360456886034811e-15,-9.280770596475918e-17,-1.4566126083082054e-13,-0.11563282450137091,1.0270575619244475,1.157194603678537,0.20134876381389716,1.0436096431476471e-14,0.0014326248783618212,not_checked,0.001,not_checked,not_checked,,-0.0024124300313885013,0.008542615338419745,0.0010574987789591095,True
local_b4_n800,354,2035221955,local,4,0.1414213562373095,800,0.0020075938745565125,True,ok,0.004532578595567438,0.6530281977936456,0.00333536444671135,7.5676850113283685,7.035122240586219,0.034549735859499005,0.02984532732653466,0.02967171273197417,0.026620787685773282,0.026620787685773216,800.0000000000005,800.0000000000005,0.00125,5.706546346573305e-14,11.65302530247161,10,-1.20719406693226e-14,-3.642919299551295e-17,-5.684341886080802e-14,-0.1577796292102316,1.0532517275059368,1.101318233095671,0.19049066555880176,1.170175067954915e-13,0.0014440000522881746,not_checked,0.001,not_checked,not_checked,,-0.0020046155953021725,0.01106977278643705,0.0025249847210109255,True
local_b4_n800,355,2035221956,local,4,0.1414213562373095,800,0.0020075938745565125,True,ok,0.0010058751459569581,0.5452489536169334,0.0015710605801221439,1.6355222293939604,1.6152737828805495,0.4540798280739178,0.44830020598077547,0.4459105572125448,0.4472220208381573,0.4472220208381571,800.0000000000005,800.0000000000005,0.00125,5.213507403567519e-11,8.625823905965614,8,-4.7480483086892455e-12,2.469812548921979e-16,3.959055305813308e-13,-0.013060997931413243,0.9790875225651833,1.0604463592429916,0.2204475823369659,9.581024862370668e-11,0.0012166663073003292,not_checked,0.001,not_checked,not_checked,,-0.002073347008613048,0.004085097300526964,-0.0010017187285995544,True
local_b4_n800,356,2035221957,local,4,0.1414213562373095,800,0.0020075938745565125,True,ok,0.0022268986658489087,0.6548375320563466,0.002384354570328566,3.6319615513848027,3.404687456087614,0.18434229989998419,0.17841893980130719,0.1822558649083988,0.16838219171460034,0.16838219171460012,800.0000000000005,800.0000000000005,0.00125,1.2212453270876722e-15,13.597529080909428,10,5.204170427930421e-17,5.724587470723463e-17,9.325873406851315e-14,-0.03446184301327326,0.9910316278880988,1.116652936214105,0.18247162316768029,2.886579864025407e-15,0.001435750164091587,not_checked,0.001,not_checked,not_checked,,-0.002446350418368556,0.006900147750066373,0.00021930479129239622,True
local_b4_n800,357,2035221958,local,4,0.1414213562373095,800,0.0020075938745565125,True,ok,0.002739389737735909,0.6040353304941288,0.0026750047023711924,4.5521305203027485,4.003301548332177,0.13134030861856244,0.1214605616410316,0.13511205954392938,0.11174768180379026,0.1117476818037901,800.0000000000005,800.0000000000005,0.00125,8.502165638191173e-11,9.46126407154219,9,-1.4137996329210978e-16,-1.0234868508263162e-16,-1.6253665080512292e-13,-0.08455346996264579,1.0217209802786946,1.137393991942257,0.21293945814841989,1.7896994997101956e-10,0.0013241248670965433,not_checked,0.001,not_checked,not_checked,,-0.002503523137386915,0.007982302612858733,0.0007317958631793964,True
local_b4_n800,358,2035221959,local,4,0.1414213562373095,800,0.0020075938745565125,True,ok,0.003874136545981788,0.6469666603643391,0.003228289474754112,6.54071871438189,5.363276042630759,0.06467408177258302,0.055663232886806295,0.06845093817749519,0.045080331475591595,0.045080331475591505,800.0000000000005,800.0000000000005,0.00125,6.050715484207103e-14,10.401486823201177,10,-1.4047790708460184e-14,-4.935288289154016e-16,-7.904787935331115e-13,-0.17105012040551282,1.0163192164245405,1.2430325670942945,0.19759247863660503,1.2145839889399213e-13,0.0014428740832954645,not_checked,0.001,not_checked,not_checked,,-0.0024531945562059993,0.010201467648169576,0.0018665426714252753,True
local_b4_n800,359,2035221960,local,4,0.1414213562373095,800,0.0020075938745565125,True,ok,0.0039059886048200543,0.6724119692599522,0.0033068141718845864,6.5929567183310205,5.15639327695084,0.06461763667592305,0.05568846733240929,0.07591077523316658,0.043946122506282416,0.04394612250628233,800.0000000000005,800.0000000000005,0.00125,9.658940314238862e-14,11.856251428518641,10,-2.1903485969421155e-14,1.3834419720915037e-16,2.2470914018413168e-13,-0.17168747530946504,0.9902524925844339,1.2840876721556884,0.17851443065455277,2.0294876890147862e-13,0.0014731669798493385,not_checked,0.001,not_checked,not_checked,,-0.002575248075640379,0.010387225285280487,0.0018983947302635418,True
local_b4_n800,360,2035221961,local,4,0.1414213562373095,800,0.0020075938745565125,True,ok,0.002089083176070261,0.5878833232569136,0.0023539965745542875,3.4289101243825604,3.05649765889844,0.20206664941461944,0.19390789872419112,0.216915190407648,0.18800879396131254,0.18800879396131237,800.0000000000005,800.0000000000005,0.00125,4.023614774695261e-11,9.637878064877256,9,-1.8908485888147197e-16,0.0,-2.6645352591003757e-15,-0.04318852133507045,0.9612821949154765,1.130263101917211,0.2010905521764134,8.250999883330223e-11,0.0013337088748812675,not_checked,0.001,not_checked,not_checked,,-0.0025246653297867983,0.00670283168192732,8.148930151374856e-05,True
local_b4_n800,361,2035221962,local,4,0.1414213562373095,800,0.0020075938745565125,True,ok,0.0009432596182545883,0.6246213514537893,0.0015022008266542264,1.5489593856208106,1.535992904052219,0.4844777735638449,0.4753236072441047,0.4639416671416484,0.4701950386039039,0.4701950386039039,800.0000000000005,800.0000000000005,0.00125,2.1094237467877974e-15,11.26124635807769,10,-3.0682921481339775e-17,-8.207410445715269e-17,-1.3167245072054357e-13,-0.019871998206734243,0.9917992649473516,1.0923323921336834,0.18564215109562743,4.440892098500626e-15,0.0015090000815689564,not_checked,0.001,not_checked,not_checked,,-0.0020009998995339923,0.003887519136043169,-0.0010643342563019242,True
local_b4_n800,362,2035221963,local,4,0.1414213562373095,800,0.0020075938745565125,True,ok,0.0013573290824462347,0.6358421217609871,0.001912165806561825,2.2438999616993414,1.9454396651218637,0.3613743064212368,0.3493832019906217,0.37805339657407705,0.33761021265687713,0.3376102126568769,800.0000000000005,800.0000000000005,0.00125,1.1102230246251565e-15,11.329975453781927,10,-1.734723475976807e-17,-2.216109240560371e-16,-3.5438318946034997e-13,-0.036086714892682226,0.9673275017273723,1.171102609415539,0.19025892328390642,2.220446049250313e-15,0.001900667091831565,not_checked,0.001,not_checked,not_checked,,-0.002390447030883926,0.0051051051957763955,-0.0006502647921102778,True
local_b4_n800,363,2035221964,local,4,0.1414213562373095,800,0.0020075938745565125,True,ok,0.0060593265269643926,0.6112317988386902,0.004166437647237032,10.202591264152465,7.815747895114061,0.014394399464296853,0.011606197348173464,0.02008315354256401,0.007848277315137518,0.007848277315137495,800.0000000000005,800.0000000000005,0.00125,1.1799705657011827e-10,8.998754873766915,9,-7.3898352714874e-14,-3.7730235602495554e-16,-6.021849685566849e-13,-0.2538344105047159,0.9302254776757264,1.3182154812509452,0.18875119387682793,2.50570897364355e-10,0.0016533739399164915,not_checked,0.001,not_checked,not_checked,,-0.0021067412054519875,0.014225394259380773,0.00405173265240788,True
local_b4_n800,364,2035221965,local,4,0.1414213562373095,800,0.0020075938745565125,True,ok,0.0027310241305891214,0.615199256854275,0.0027744724560043923,4.465028318994307,3.7496000550134583,0.12292330822521413,0.11748768768467124,0.15338563668646404,0.11249805971419831,0.11249805971419816,800.0000000000005,800.0000000000005,0.00125,1.4090340005878943e-10,11.228593912770679,9,-2.671474153004283e-16,-1.5178830414797062e-16,-2.4513724383723456e-13,-0.04769485502585491,0.8878321019616684,1.1954958812151675,0.17225839262733256,3.0099767123203947e-10,0.0016348341014236212,not_checked,0.001,not_checked,not_checked,,-0.0027068419592778774,0.00816889022045612,0.0007234302560326089,True
local_b4_n800,365,2035221966,local,4,0.1414213562373095,800,0.0020075938745565125,True,ok,0.0004595611790849663,0.6304260103513681,0.0010739578297012662,0.7478043354508532,0.7173044549547152,0.7034058188451717,0.6992092142645185,0.698617268999085,0.6923601967382527,0.6923601967382526,800.0000000000005,800.0000000000005,0.00125,1.0783485215881683e-11,12.277683855294729,9,-8.361859381994519e-13,6.407634839389331e-17,1.0080825063596421e-13,-0.006253224457453355,1.0375952840461644,1.0524236146693962,0.19266961905422816,2.2680524125462398e-11,0.0019046668894588947,not_checked,0.001,not_checked,not_checked,,-0.0016453574880443164,0.002564479846214249,-0.0015480326954715462,True
local_b4_n800,366,2035221967,local,4,0.1414213562373095,800,0.0020075938745565125,True,ok,0.0007663201954706267,0.646618692198039,0.0013821064188193283,1.2321774139896744,1.2178792750465803,0.5488791080320243,0.5472536814214775,0.5439273235190731,0.5416928387417999,0.5416928387417996,800.0000000000005,800.0000000000005,0.00125,1.7718493339202723e-11,14.302509073744456,9,-6.543431161493141e-13,5.442694905877232e-17,8.637535131583718e-14,-0.0030325506183355166,0.9619547634422847,1.0845572789390099,0.17946053745527812,3.889621957853251e-11,0.0019192500039935112,not_checked,0.001,not_checked,not_checked,,-0.0019425586082168888,0.003475198999158142,-0.0012412736790858858,True
local_b4_n800,367,2035221968,local,4,0.1414213562373095,800,0.0020075938745565125,True,ok,0.005274084807688206,0.6639703888804347,0.0036316718794766104,8.995249952138208,7.673120204018579,0.02601431518995098,0.02046135483668382,0.021567664452906157,0.014709410114617912,0.014709410114617866,800.0000000000005,800.0000000000005,0.00125,1.042721464727947e-12,10.6291712093515,10,-2.804319276794587e-13,2.402592014227878e-16,3.836930773104541e-13,-0.2783571299185361,1.0947289012249641,1.2151714955252446,0.19811389387961206,2.113198505071523e-12,0.0017154999077320099,not_checked,0.001,not_checked,not_checked,,-0.0018438612797528377,0.01239203089512925,0.003266490933131694,True
local_b4_n800,368,2035221969,local,4,0.1414213562373095,800,0.0020075938745565125,True,ok,0.008595767698445833,0.5920929576714877,0.00492649779650878,14.45526199481852,11.303743001228451,0.002921001895900154,0.0021973437609717067,0.0035109398963431076,0.0010316310776248589,0.001031631077624855,800.0000000000005,800.0000000000005,0.00125,4.9051873673988666e-11,8.426794260112443,9,-3.7983852174683364e-13,-1.2836953722228372e-16,-2.0250467969162855e-13,-0.3510168386525896,0.9254751958169691,1.355671269881272,0.20083183146990188,1.0121548044139672e-10,0.001547458814457059,not_checked,0.001,not_checked,not_checked,,-0.0010599905526273122,0.01825152594951898,0.006588173823889321,True
local_b4_n800,369,2035221970,local,4,0.1414213562373095,800,0.0020075938745565125,True,ok,0.0005037959813580795,0.5905034249187588,0.0011373178810823693,0.818971691113196,0.776396348782787,0.6786766130232924,0.6744838179201915,0.6782779126316584,0.6682875158573574,0.6682875158573572,800.0000000000005,800.0000000000005,0.00125,4.553302179743923e-11,10.413387577350337,8,-7.042409190527454e-13,-1.951563910473908e-16,-3.1241675912951905e-13,-0.006449060470134216,0.9477023598351587,1.1389753797146267,0.20499400867833217,9.371881048991781e-11,0.0013644588179886341,not_checked,0.001,not_checked,not_checked,,-0.0017253061045367723,0.002732898067252931,-0.001503797893198433,True
local_b4_n800,370,2035221971,local,4,0.1414213562373095,800,0.0020075938745565125,True,ok,0.0024541554687376177,0.611551488821404,0.0023625235538885857,4.02033337229663,4.2455634710892785,0.1642257376528513,0.15740951424363536,0.11969819623915696,0.14039093219384371,0.14039093219384358,800.0000000000005,800.0000000000005,0.00125,1.195812338039559e-10,10.871667427889218,9,-3.686287386450715e-17,-8.673617379884035e-17,-1.376676550535194e-13,-0.046842311158219685,0.8834599655025975,1.2936027089520064,0.18431855627100757,2.5431545758181073e-10,0.0015393760986626148,not_checked,0.001,not_checked,not_checked,,-0.0021763056095115835,0.007084616546986819,0.0004465615941811052,True
local_b4_n800,371,2035221972,local,4,0.1414213562373095,800,0.0020075938745565125,True,ok,0.0014158161154611548,0.6215789475377322,0.0018541500230191857,2.334769113972188,2.26889593290424,0.3389680724271389,0.32791480466013145,0.3215996061126673,0.3221774196846934,0.3221774196846932,800.0000000000005,800.0000000000005,0.00125,1.867508370168025e-10,10.795998439740409,9,-2.8471149049469346e-16,-2.714842239903703e-16,-4.32542890393961e-13,-0.03473166461716937,0.9967683856809315,1.0982804577985819,0.19394751390741746,4.029176992048633e-10,0.0016086671967059374,not_checked,0.001,not_checked,not_checked,,-0.0022182511515905614,0.005049883382512871,-0.0005917777590953577,True
local_b4_n800,372,2035221973,local,4,0.1414213562373095,800,0.0020075938745565125,True,ok,0.0005959792921808038,0.5946706716484795,0.0012277342671979516,0.9716238774293877,0.9245662005353682,0.6304415482726846,0.6249583602619142,0.6298440056932556,0.6207769540773324,0.6207769540773322,800.0000000000005,800.0000000000005,0.00125,5.53219692278617e-11,10.386078969306569,8,-1.9754833619628487e-12,-1.0842021724855044e-18,-1.5543122344752192e-15,-0.009028504970050533,1.009869612886883,1.057526495878176,0.20925472923055422,1.1460898896586968e-10,0.0013759168796241283,not_checked,0.001,not_checked,not_checked,,-0.0018103356541128565,0.003002294238474464,-0.0014116145823757087,True
local_b4_n800,373,2035221974,local,4,0.1414213562373095,800,0.0020075938745565125,True,ok,0.005362482176967331,0.6244725626571741,0.003972736773644189,9.088292782743407,6.6951879968987384,0.026106508682677103,0.021177487151785874,0.03516886874162275,0.013705120709423113,0.013705120709423067,800.0000000000005,800.0000000000005,0.00125,3.411715354673106e-13,9.074067391790823,10,-8.67032140527968e-14,5.0133508455729725e-16,7.975842208907125e-13,-0.2541606497978357,0.9442401076660002,1.3758174275840864,0.19279965399963778,6.52367049269742e-13,0.0017045829445123672,not_checked,0.001,not_checked,not_checked,,-0.002423938819433131,0.013148903173367794,0.003354888302410819,True
local_b4_n800,374,2035221975,local,4,0.1414213562373095,800,0.0020075938745565125,True,ok,0.0018832213315296276,0.680101620428524,0.0022289037271896145,3.1502479928183686,2.7164430503676162,0.25149128820102984,0.23622094630008122,0.25711764782792157,0.22166743402716454,0.22166743402716443,800.0000000000005,800.0000000000005,0.00125,6.661338147750939e-16,12.971532351293016,10,1.2598429244281562e-16,1.7520707107365752e-16,2.788880237858393e-13,-0.06854693118548139,1.0001370850342683,1.185182032626452,0.172032675270345,1.5543122344752192e-15,0.0016994159668684006,not_checked,0.001,not_checked,not_checked,,-0.0024853496987691072,0.006251792361828362,-0.00012437254302688494,True
local_b4_n800,375,2035221976,local,4,0.1414213562373095,800,0.0020075938745565125,True,ok,0.00048624505612271385,0.5964759100824366,0.001099313781511113,0.7800215801480861,0.7830051462947112,0.6784715649343652,0.6777854342363079,0.6760403109411233,0.6777369505273227,0.6777369505273227,800.0000000000005,800.0000000000005,0.00125,6.016154241450522e-11,11.750761692836877,8,-3.0714254924124607e-14,3.8819858785843486e-16,6.210587599753126e-13,-0.0010147451758717452,0.9684541400585184,1.0381059997424507,0.1969554303397774,1.2497558543600462e-10,0.0015454581007361412,not_checked,0.001,not_checked,not_checked,,-0.0016683703633476013,0.002640860475593029,-0.0015213488184337987,True
local_b4_n800,376,2035221977,local,4,0.1414213562373095,800,0.0020075938745565125,True,ok,0.0007794057021857093,0.6668500496786582,0.0013638122454383266,1.2243624405007456,1.3517451907827924,0.5095548537111256,0.5158123109800936,0.5087123268466902,0.5360517566019127,0.5360517566019125,800.0000000000005,800.0000000000005,0.00125,6.644429451085898e-11,18.165454162502026,9,6.454847073511516e-12,1.0820337681405334e-16,1.7252865802674933e-13,0.011343341498194937,0.7747100741866285,1.0929842828648297,0.12926121930455897,1.6108026024141964e-10,0.0016708329785615206,not_checked,0.001,not_checked,not_checked,,-0.0018936171805481114,0.00345242858491953,-0.0012281881723708032,True
local_b4_n800,377,2035221978,local,4,0.1414213562373095,800,0.0020075938745565125,True,ok,0.0020876858411249533,0.5926933365531797,0.002367236376331953,3.4542107884445783,2.976792047196223,0.21286054695972484,0.20194595396035578,0.22573443802827797,0.18821908048195757,0.18821908048195735,800.0000000000005,800.0000000000005,0.00125,5.0426551823079535e-11,9.261353660862367,9,1.682681771697503e-16,1.3140530330524314e-16,2.0872192862952943e-13,-0.056956721322325654,0.9975310877633006,1.1629429678940961,0.21730618347300093,1.0419820561935467e-10,0.001650709193199873,not_checked,0.001,not_checked,not_checked,,-0.00255201219937878,0.006727383881628687,8.009196656844075e-05,True
local_b4_n800,378,2035221979,local,4,0.1414213562373095,800,0.0020075938745565125,True,ok,0.006523050206872272,0.5955505252210138,0.004091781190152552,11.04700183778562,9.396237242433065,0.010257552917701682,0.007869054990930598,0.009112404869922479,0.005415770246640802,0.0054157702466407906,800.0000000000005,800.0000000000005,0.00125,5.761646715285451e-11,7.9083295389126596,9,-1.4890519373089717e-13,-2.8796409701215e-16,-4.636291350834654e-13,-0.30506075339499006,1.029444242285197,1.2372039374084405,0.21722458572696646,1.1955703094201908e-10,0.0016303330194205046,not_checked,0.001,not_checked,not_checked,,-0.001496693558445169,0.014542793972189712,0.004515456332315759,True
local_b4_n800,379,2035221980,local,4,0.1414213562373095,800,0.0020075938745565125,True,ok,0.0014215811948135038,0.6322133020872263,0.0019266318513441966,2.349395101424026,2.0960795757974267,0.3461407153327336,0.3342734497242336,0.35062437406707475,0.3206949382497608,0.3206949382497606,800.0000000000005,800.0000000000005,0.00125,1.4432899320127035e-15,11.165452148651383,10,-9.107298248878237e-17,9.410874857174178e-17,1.5010215292932116e-13,-0.03743259486120931,1.009527503367523,1.1361701143478562,0.2009910975353166,2.886579864025407e-15,0.002131582936272025,not_checked,0.001,not_checked,not_checked,,-0.0023545478452888487,0.005197710234915856,-0.0005860126797430087,True
local_b4_n800,380,2035221981,local,4,0.1414213562373095,800,0.0020075938745565125,True,ok,0.005902107576348348,0.6323891826279491,0.003931085789524958,10.055346401753283,8.269206248079028,0.01611380117617204,0.012348533256785053,0.016009017463373795,0.008900159677804146,0.008900159677804123,800.0000000000005,800.0000000000005,0.00125,1.0189626920009687e-12,9.090355082150348,10,-2.768714077450163e-13,-1.9949319973733282e-16,-3.197442310920451e-13,-0.30598713979796077,1.0622360928380006,1.219581347326285,0.21147715555859425,1.9557688801796758e-12,0.0017794589512050152,not_checked,0.001,not_checked,not_checked,,-0.001802678991257774,0.01360689414395447,0.003894513701791835,True
local_b4_n800,381,2035221982,local,4,0.1414213562373095,800,0.0020075938745565125,True,ok,0.0003833348983235396,0.588876375403909,0.0009765032343291504,0.6136175945783529,0.6145768822576427,0.7361663709902455,0.7360627933947461,0.7354384396170015,0.7358949373129691,0.735894937312969,800.0000000000005,800.0000000000005,0.00125,4.209044224268155e-11,11.56952273317674,8,-2.183962646146176e-15,-1.2105117255800657e-16,-1.9317880628477724e-13,-0.00014087863034456527,0.9931915252432209,1.0092711227451259,0.2045243823370854,8.659784000997206e-11,0.001440291991457343,not_checked,0.001,not_checked,not_checked,,-0.001530576271748472,0.0022972460683955516,-0.0016242589762329729,True
local_b4_n800,382,2035221983,local,4,0.1414213562373095,800,0.0020075938745565125,True,ok,0.002253596540569447,0.6300145116540725,0.002348920056562598,3.7302110716206087,3.535668469410271,0.1854683142305129,0.1749910713934803,0.17070228986651545,0.16482396845045139,0.1648239684504512,800.0000000000005,800.0000000000005,0.00125,3.3306690738754696e-16,10.959754216282171,10,9.107298248878237e-17,-6.678685382510707e-17,-1.0658141036401503e-13,-0.06222830335474572,1.0534673322924213,1.086650375642968,0.1941959861354807,6.661338147750939e-16,0.0017146258614957333,not_checked,0.001,not_checked,not_checked,,-0.0023502021728570317,0.0068573952539959255,0.0002460026660129344,True
local_b4_n800,383,2035221984,local,4,0.1414213562373095,800,0.0020075938745565125,True,ok,0.001487884758582414,0.6514835933428971,0.0019102704142605579,2.4616433868227925,2.3489181024448156,0.32246825084593056,0.31029194023757084,0.3089860801298944,0.30412763708311547,0.30412763708311524,800.0000000000005,800.0000000000005,0.00125,6.661338147750939e-16,12.1213861766431,10,-3.946495907847236e-16,-1.4159680372660688e-16,-2.2648549702353193e-13,-0.040513886545464395,0.998338263303,1.1063455670941678,0.17491526660044276,1.5543122344752192e-15,0.0016621253453195095,not_checked,0.001,not_checked,not_checked,,-0.002256176454100689,0.005231945971265517,-0.0005197091159740985,True
local_b4_n800,384,2035221985,local,4,0.1414213562373095,800,0.0020075938745565125,True,ok,0.0019095529159829372,0.6423758948066449,0.0021975317812283983,3.1773166042549734,2.888824189201138,0.24126347025531236,0.2279463297294112,0.23588471369593386,0.21704678864966953,0.21704678864966925,800.0000000000005,800.0000000000005,0.00125,6.661338147750939e-16,11.189831511511219,10,-5.854691731421724e-18,1.3574211199518516e-16,2.1938006966593093e-13,-0.06101596934113607,1.049064134341406,1.0998952952214949,0.19578262550140266,1.3322676295501878e-15,0.0020408332347869873,not_checked,0.001,not_checked,not_checked,,-0.0023975302301068764,0.006216636062072751,-9.804095857357531e-05,True
local_b4_n800,385,2035221986,local,4,0.1414213562373095,800,0.0020075938745565125,True,ok,0.001062903589329034,0.6046886880239564,0.0017119974506900391,1.7408165936745097,1.4959253789258276,0.44927775210792975,0.4408824672781295,0.4733298910727426,0.42727695413999045,0.42727695413999023,800.0000000000005,800.0000000000005,0.00125,8.776279702971124e-11,10.500245818771177,9,1.474514954580286e-17,-7.26415455565288e-17,-1.1524114995609125e-13,-0.020085425374027244,0.9625884492593281,1.168915014050116,0.20284959060966384,1.8456303152447617e-10,0.0017070409376174212,not_checked,0.001,not_checked,not_checked,,-0.00229254975564783,0.004418356934305898,-0.0009446902852274786,True
local_b4_n800,386,2035221987,local,4,0.1414213562373095,800,0.0020075938745565125,True,ok,0.0029131916992737317,0.6017700591283055,0.0026932447768013325,4.85471469691791,4.4709880554839305,0.11447680297489735,0.1046254931357688,0.10693928582707729,0.0972419224650085,0.09724192246500836,800.0000000000005,800.0000000000005,0.00125,7.671974167067219e-11,9.164293295811737,9,-4.527628272299467e-16,-4.423544863740858e-17,-7.283063041541027e-14,-0.09680398903996812,1.0445394082597772,1.1059559291947016,0.21272426644397083,1.6081047604643572e-10,0.0017554168589413166,not_checked,0.001,not_checked,not_checked,,-0.0023654710648074962,0.00819185446335496,0.0009055978247172192,True
local_b4_n800,387,2035221988,local,4,0.1414213562373095,800,0.0020075938745565125,True,ok,0.008461431577870826,0.6153592286351257,0.004653928908776698,14.489452473601343,11.920877236378203,0.002993090622768391,0.0019939085850602285,0.002578780623843051,0.001148676048150338,0.0011486760481503348,800.0000000000005,800.0000000000005,0.00125,1.4173584528265337e-10,8.064242140958378,9,-2.4018530220271117e-12,2.2551405187698492e-17,3.552713678800501e-14,-0.47558097450400716,1.0938479317089544,1.2283386037898685,0.22597050578528108,3.0322144795036365e-10,0.0015751260798424482,not_checked,0.001,not_checked,not_checked,,-0.0006601014699412957,0.01758296462568295,0.0064538377033143135,True
local_b4_n800,388,2035221989,local,4,0.1414213562373095,800,0.0020075938745565125,True,ok,0.0033005624502286945,0.5862255063132455,0.003043529264882015,5.498034804996495,4.457601826150583,0.09089728888774751,0.08245277689898242,0.10765744340400869,0.0713291670494471,0.071329167049447,800.0000000000005,800.0000000000005,0.00125,3.720079799762743e-11,8.560404777671224,9,-2.3722343533982837e-16,1.5222198501696482e-16,2.4513724383723456e-13,-0.10856744231529047,0.9519111366545493,1.2462347291627225,0.20841150318382923,7.608580432361123e-11,0.0016068750992417336,not_checked,0.001,not_checked,not_checked,,-0.002664645294833721,0.00926577019529111,0.001292968575672182,True
local_b4_n800,389,2035221990,local,4,0.1414213562373095,800,0.0020075938745565125,True,ok,0.0005245422342992079,0.6177170610005132,0.0011219169096657715,0.8554154319751817,0.8591867749270914,0.665486246363405,0.6602942308914943,0.6507736536591535,0.6572874826775893,0.6572874826775892,800.0000000000005,800.0000000000005,0.00125,1.5741763448318125e-10,11.448689846314892,8,-1.6485545567546112e-12,-1.3834419720915037e-16,-2.2115642650533118e-13,-0.008073928548224307,0.9695096575771683,1.0943821189216858,0.18499162160128602,3.3787372899496404e-10,0.0014402922242879868,not_checked,0.001,not_checked,not_checked,,-0.0016743745022921815,0.0027234589708905973,-0.0014830516402573046,True
local_b4_n800,390,2035221991,local,4,0.1414213562373095,800,0.0020075938745565125,True,ok,0.0032263641505592133,0.6237495438183802,0.002794111840134643,5.406811437159063,5.043748130544699,0.09494368522712551,0.08494130239781118,0.08030896139839712,0.07569135540913999,0.07569135540913988,800.0000000000005,800.0000000000005,0.00125,6.5503158452884236e-15,9.765319073422486,10,-1.2095359436248287e-15,2.0556473190325164e-16,3.268496584496461e-13,-0.1223143981321595,1.0295544466893727,1.1622307662956837,0.1973157569814526,1.2878587085651816e-14,0.0016874161083251238,not_checked,0.001,not_checked,not_checked,,-0.0022499944248816238,0.008702722726000051,0.0012187702760027008,True
local_b4_n800,391,2035221992,local,4,0.1414213562373095,800,0.0020075938745565125,True,ok,0.0012065234165241634,0.6003906993577408,0.0018222610428094846,1.9829900997045813,1.6964317141456493,0.40417060311560016,0.39434830633870244,0.4281781819476129,0.38089987517080515,0.3808998751708049,800.0000000000005,800.0000000000005,0.00125,7.209710606304043e-11,10.052306308452108,9,2.7517051137682103e-16,3.0227556568895864e-16,4.833911049217932e-13,-0.026276316632959373,0.9600475998574076,1.1768957240265472,0.2044680943675743,1.5062862068759841e-10,0.0015275003388524055,not_checked,0.001,not_checked,not_checked,,-0.0023650425978128282,0.004778089430861155,-0.0008010704580323491,True
local_b4_n800,392,2035221993,local,4,0.1414213562373095,800,0.0020075938745565125,True,ok,0.0027573434955954212,0.603556172478529,0.0026805642163774523,4.512334322416466,4.071051539441397,0.12632278801423563,0.12051137160112305,0.13061179272232418,0.1101541207067837,0.11015412070678356,800.0000000000005,800.0000000000005,0.00125,8.332712297942635e-11,10.595514892579336,9,7.546047120499111e-17,1.1622647289044608e-16,1.8829382497642655e-13,-0.05029236473189469,1.0082929912565763,1.1239942429900707,0.2069683795175365,1.7497248094855422e-10,0.0015675420872867107,not_checked,0.001,not_checked,not_checked,,-0.0024964658267512176,0.00801115281794206,0.0007497496210389087,True
local_b4_n800,393,2035221994,local,4,0.1414213562373095,800,0.0020075938745565125,True,ok,0.002479066683748865,0.6214271676770642,0.002558114213710782,4.1289688070059185,3.5627216698039317,0.16338375660058857,0.15172422122309728,0.1684088146692834,0.13762078006109357,0.13762078006109343,800.0000000000005,800.0000000000005,0.00125,1.8559942471796376e-10,10.079984429650894,9,-2.445960101127298e-16,-1.3140530330524314e-16,-2.1005419625907962e-13,-0.08123105650386608,1.019697512493858,1.1702247677289064,0.20371818864375385,4.001499132044728e-10,0.002468417165800929,not_checked,0.001,not_checked,not_checked,,-0.0025347450434642666,0.007492878410961997,0.00047147280919235257,True
local_b4_n800,394,2035221995,local,4,0.1414213562373095,800,0.0020075938745565125,True,ok,0.0029781099081247486,0.6437287551078192,0.0027304342414438063,4.969656621579917,4.5499830842191065,0.11132905237973331,0.10137201959462261,0.10279777788395301,0.09232060467236593,0.09232060467236577,800.0000000000005,800.0000000000005,0.00125,2.7755575615628914e-15,11.079555757889672,10,-5.724587470723463e-16,-1.214306433183765e-16,-1.9628743075372768e-13,-0.10234038429015824,0.9696856777320991,1.19965323052344,0.1737911334100033,5.551115123125783e-15,0.0017342499922960997,not_checked,0.001,not_checked,not_checked,,-0.0023734428672600536,0.008329662683509551,0.0009705160335682361,True
local_b4_n800,395,2035221996,local,4,0.1414213562373095,800,0.0020075938745565125,True,ok,0.0017960681240296594,0.606930555848116,0.0021708357900587145,2.941623588949193,2.6619341009867714,0.25026873760479684,0.24222176633742926,0.2642216220617429,0.23767418846326274,0.23767418846326246,800.0000000000005,800.0000000000005,0.00125,9.718592597351972e-11,10.630687618623357,9,1.1535911115245767e-16,1.242495689668388e-16,1.971756091734278e-13,-0.03395729525086799,0.9663659568405778,1.1097038111646962,0.19243386505919996,2.0504531406118076e-10,0.0015781251713633537,not_checked,0.001,not_checked,not_checked,,-0.0024586918408359745,0.006050828088895293,-0.00021152575052685307,True
local_b4_n800,396,2035221997,local,4,0.1414213562373095,800,0.0020075938745565125,True,ok,0.0012573608335320063,0.6162881585032911,0.0017357068629582576,2.0702760854673774,2.0779949004415466,0.38128866510864046,0.3708018994105986,0.3538092155612417,0.36571948757555006,0.3657194875755499,800.0000000000005,800.0000000000005,0.00125,1.4786993851600982e-10,10.653009462835898,9,-1.0798653637955624e-16,-1.441988889405721e-16,-2.327027459614328e-13,-0.029249375908082964,0.8966967599873727,1.2012466888563063,0.1783764265709974,3.16447978931933e-10,0.0020175001118332148,not_checked,0.001,not_checked,not_checked,,-0.002144562105585178,0.0046592837726491905,-0.0007502330410245062,True
local_b4_n800,397,2035221998,local,4,0.1414213562373095,800,0.0020075938745565125,True,ok,0.0008341849708861648,0.5410535340639129,0.0015304280914140288,1.34746464328435,1.177620482247545,0.5190433284976923,0.5158101702014228,0.5549871930298879,0.5130674419263124,0.5130674419263122,800.0000000000005,800.0000000000005,0.00125,1.2053358311447937e-11,8.935981287158153,8,-7.961646749862772e-13,-2.8189256484623115e-18,-4.884981308350689e-15,-0.006384344933242803,0.8679255207786354,1.1838068450232426,0.20379639680663864,2.237920959657913e-11,0.0015647090040147305,not_checked,0.001,not_checked,not_checked,,-0.002165398969213705,0.003833768910986035,-0.0011734089036703477,True
local_b4_n800,398,2035221999,local,4,0.1414213562373095,800,0.0020075938745565125,True,ok,0.0020146851725300063,0.5700747392253718,0.002292129122558591,3.2955676214174368,2.994570961144243,0.21964134762514215,0.21234237099016662,0.2237366741276577,0.1995384881854839,0.19953848818548367,800.0000000000005,800.0000000000005,0.00125,1.7053580769754717e-11,9.160166226981827,9,1.6479873021779667e-17,1.3097162243624894e-16,2.1005419625907962e-13,-0.036035672684712416,0.9745281453291782,1.153950926754984,0.22119624529323645,3.40367733997482e-11,0.0016617088112980127,not_checked,0.001,not_checked,not_checked,,-0.002477805355600227,0.0065071757006602395,7.0912979734938375e-06,True
local_b4_n800,399,2035222000,local,4,0.1414213562373095,800,0.0020075938745565125,True,ok,0.0012226893473259448,0.6460575219310618,0.0016824561566841935,2.018246240887859,2.0640875019687566,0.3843263403525212,0.3728694952601805,0.3562780723287925,0.37600551134743077,0.3760055113474306,800.0000000000005,800.0000000000005,0.00125,4.77048955893622e-16,11.995728334979994,10,2.242130092700023e-16,2.914335439641036e-16,4.662936703425657e-13,-0.030971642583173087,0.9775401691826482,1.069312351445021,0.17314647030439567,4.440892098500626e-16,0.0017851660959422588,not_checked,0.001,not_checked,not_checked,,-0.0020748641253427527,0.004520242819994642,-0.0007849045272305677,True
local_b4_n800,400,2035222001,local,4,0.1414213562373095,800,0.0020075938745565125,True,ok,0.005277225415507125,0.629364690933063,0.00382781086795243,8.905133139496648,7.069229627173343,0.02413483597608777,0.01976178877588372,0.029169990709818405,0.01467249931224249,0.014672499312242447,800.0000000000005,800.0000000000005,0.00125,2.3225865675158275e-13,9.632791155311379,10,-5.644963663176128e-14,-2.654126918244515e-16,-4.2810199829546036e-13,-0.23078623734262127,0.9688392854998914,1.2797744200928276,0.19486679332721293,4.5008441418303846e-13,0.0021497919224202633,not_checked,0.001,not_checked,not_checked,,-0.0022251460253106424,0.012779596856324894,0.0032696315409506127,True
local_b4_n800,401,2035222002,local,4,0.1414213562373095,800,0.0020075938745565125,True,ok,2.3506006358697817e-05,0.6063027791600348,0.0002351530896552133,0.0374856317812679,0.040099418013507866,0.9810253670689844,0.9810873198644643,0.9801499498152919,0.9813709021562975,0.9813709021562975,800.0000000000005,800.0000000000005,0.00125,9.444789395018915e-11,12.719972831477497,8,1.2326023448444579e-17,3.0249240612345574e-17,4.8405723873656825e-14,6.198919632431285e-05,0.9268317185937573,1.0396084987411116,0.18193093064881696,1.9909984771970812e-10,0.0015625008381903172,not_checked,0.001,not_checked,not_checked,,-0.0004373855802188386,0.00048439759293623425,-0.0019840878681978147,False
local_b4_n800,402,2035222003,local,4,0.1414213562373095,800,0.0020075938745565125,True,ok,0.0011640587717125506,0.605326479912861,0.0017139222524639964,1.908940921066118,1.7951179795876426,0.4097597667376871,0.40074494200287336,0.4075633126946572,0.394062001689707,0.3940620016897068,800.0000000000005,800.0000000000005,0.00125,9.035749926056269e-11,10.435962841678561,9,-3.441257695468991e-16,-2.8796409701215e-16,-4.622968674539152e-13,-0.023223443163017943,1.016943721842855,1.071010705209708,0.20287685090010496,1.9018231434131394e-10,0.0015585001092404127,not_checked,0.001,not_checked,not_checked,,-0.002195167115418648,0.004523284658843749,-0.0008435351028439619,True
local_b4_n800,403,2035222004,local,4,0.1414213562373095,800,0.0020075938745565125,True,ok,0.0012173793954519674,0.6950078589154882,0.00192665178492096,2.0244623435392564,1.5170833168329931,0.4161829632169314,0.40218807537639445,0.46834894195662835,0.37760616563500177,0.3776061656350015,800.0000000000005,800.0000000000005,0.00125,2.255140518769849e-16,14.468989027766296,10,9.389190813724468e-17,7.676151381197371e-17,1.2212453270876722e-13,-0.03832765540805372,0.9076739543234486,1.3374549128186821,0.15850037395831765,0.0,0.0021043343003839254,not_checked,0.001,not_checked,not_checked,,-0.0025587887137429243,0.004993547504646859,-0.0007902144791045451,True
local_b4_n800,404,2035222005,local,4,0.1414213562373095,800,0.0020075938745565125,True,ok,0.004659410353655025,0.6374859240546873,0.0034267891701011857,7.739715004718274,7.042993498331617,0.03234956767203079,0.028386506109698575,0.02955516537664725,0.024052212689909286,0.02405221268990923,800.0000000000005,800.0000000000005,0.00125,3.0531133177191805e-14,11.22492323531303,10,-6.029031440757393e-15,-4.5102810375396984e-17,-6.838973831690964e-14,-0.14232921943511512,1.027795899112726,1.1427760692003035,0.20167436577645287,6.17284001691587e-14,0.0018439579289406538,not_checked,0.001,not_checked,not_checked,,-0.0020569730023552004,0.011375793709665249,0.002651816479098512,True
local_b4_n800,405,2035222006,local,4,0.1414213562373095,800,0.0020075938745565125,True,ok,0.0022202879452382085,0.6412456736254604,0.0023821644393001895,3.7037209231855983,3.3242863116533057,0.1908762370827406,0.1778944591755044,0.18973191899194308,0.1692750527156052,0.16927505271560503,800.0000000000005,800.0000000000005,0.00125,8.638922910364499e-16,10.945553288221172,10,-3.8294020732188017e-16,-4.666406150377611e-16,-7.460698725481052e-13,-0.07563010540223125,1.0172503170387175,1.1282797158023896,0.1922636645353137,8.881784197001252e-16,0.0017625840846449137,not_checked,0.001,not_checked,not_checked,,-0.0024486685610422146,0.006889244451518632,0.000212694070681696,True
local_b4_n800,406,2035222007,local,4,0.1414213562373095,800,0.0020075938745565125,True,ok,0.004793162069855139,0.6251888343305263,0.003689700009795773,8.102756514523396,6.27994624060933,0.0344249228035325,0.028556809975574617,0.043283961346023206,0.021611500922358053,0.021611500922358,800.0000000000005,800.0000000000005,0.00125,1.4999113062685865e-13,9.265606306804287,10,-3.6479499976316276e-14,-1.214306433183765e-16,-1.9539925233402755e-13,-0.21684860137758433,0.9611847609895647,1.2978122045881832,0.19595428615920854,2.886579864025407e-13,0.0017197912093251944,not_checked,0.001,not_checked,not_checked,,-0.0024385170631016605,0.012024841202811939,0.0027855681952986266,True
local_b4_n800,407,2035222008,local,4,0.1414213562373095,800,0.0020075938745565125,True,ok,0.002262081514534664,0.7078442549866804,0.002370317882434396,3.822318385023193,3.4413507297191313,0.18981331757335995,0.1729316955236347,0.17894525375608336,0.16370893547724694,0.1637089354772468,800.0000000000005,800.0000000000005,0.00125,1.199040866595169e-14,14.03901314798679,10,-2.447694824603275e-15,-2.437286483747414e-16,-3.8902214782865485e-13,-0.10149398088386419,1.0503590056068137,1.1279447285357163,0.16399287128501971,2.6867397195928788e-14,0.0017108749598264694,not_checked,0.001,not_checked,not_checked,,-0.0023836561669479985,0.0069078191960173264,0.0002544876399781515,True
local_b4_n800,408,2035222009,local,4,0.1414213562373095,800,0.0020075938745565125,True,ok,0.0010003324477452225,0.5854432820788336,0.001557395206713981,1.634981079817514,1.6160347401209028,0.4610716562989866,0.45345453207733055,0.44574093005081517,0.4492094772863897,0.4492094772863895,800.0000000000005,800.0000000000005,0.00125,1.2609102650884552e-10,9.804698030876649,8,-1.3108778168860469e-11,-9.063930161978817e-17,-1.4654943925052066e-13,-0.01722458171257857,0.9933904020081232,1.0749265029823272,0.20996232767156564,2.4428459255432244e-10,0.001694209175184369,not_checked,0.001,not_checked,not_checked,,-0.002052106067109493,0.004052770962599938,-0.00100726142681129,True
local_b4_n800,409,2035222010,local,4,0.1414213562373095,800,0.0020075938745565125,True,ok,0.00767127365813236,0.6196289180762313,0.004439499989847714,13.026907715975167,10.943198053897671,0.004584671536182795,0.0033044987232798383,0.004204503665242882,0.002161357188686549,0.002161357188686542,800.0000000000005,800.0000000000005,0.00125,1.7140577845964344e-10,8.859186770679543,9,-7.42121641916782e-13,-2.1684043449710089e-16,-3.481659405224491e-13,-0.3764349314816915,1.0437063001338425,1.2235458365079344,0.20273700733056074,3.687086191916933e-10,0.0017289170064032078,not_checked,0.001,not_checked,not_checked,,-0.0010299864313350945,0.016372533747599817,0.005663679783575848,True
local_b4_n800,410,2035222011,local,4,0.1414213562373095,800,0.0020075938745565125,True,ok,9.38269690835547e-05,0.6496313557899769,0.0004840855676857583,0.15081219942531926,0.14931689034469203,0.9289960695030268,0.9286820775828729,0.9280604157164332,0.9276863620345595,0.9276863620345595,800.0000000000005,800.0000000000005,0.00125,8.770761894538737e-15,14.463341074924823,9,-2.956077223281728e-16,-1.0116961522005363e-16,-1.6187051699034782e-13,-0.00034452444581582753,1.0045793730364536,1.0339348627801483,0.18050856398773274,1.9539925233402755e-14,0.0016280841082334518,not_checked,0.001,not_checked,not_checked,,-0.0008549633090161582,0.0010426172471832676,-0.0019137669054729578,False
local_b4_n800,411,2035222012,local,4,0.1414213562373095,800,0.0020075938745565125,True,ok,0.011048463047728108,0.5963425669876827,0.005290033517689273,18.97992150256358,15.660208419021236,0.0005067920142094754,0.0002904416355009585,0.00039758404609177203,0.0001450009247203246,0.00014500092472032383,800.0000000000005,800.0000000000005,0.00125,5.974953865006682e-11,7.130006901750792,9,-9.951952456566104e-12,4.180683577104105e-16,6.714628852932947e-13,-0.6511903130992991,1.1087950891957583,1.2143819287082003,0.23876105791207233,1.2418177597339763e-10,0.0015863750595599413,not_checked,0.001,not_checked,not_checked,,0.0006801878760474018,0.021416738219408815,0.009040869173171595,True
local_b4_n800,412,2035222013,local,4,0.1414213562373095,800,0.0020075938745565125,True,ok,0.0022751518434933615,0.6487924328493555,0.0024153809788870287,3.7694508054543903,3.394242746248549,0.18297844057313034,0.1722803755676505,0.18321015938447163,0.16200607008443949,0.1620060700844393,800.0000000000005,800.0000000000005,0.00125,1.1102230246251565e-15,11.886732099022199,10,-1.9212062496443139e-16,-3.729655473350135e-17,-5.995204332975845e-14,-0.0646039279325048,1.0312399243193713,1.1123442047555527,0.18558318052395303,2.6645352591003757e-15,0.0017054157797247171,not_checked,0.001,not_checked,not_checked,,-0.0024589078840683157,0.007009211571055039,0.000267557968936849,True
local_b4_n800,413,2035222014,local,4,0.1414213562373095,800,0.0020075938745565125,True,ok,0.0018195611555198443,0.593611127296656,0.0021636893681582403,3.005237387712806,2.73539877659436,0.25206664703502357,0.2411109451977032,0.25469223398417284,0.23324895383849817,0.23324895383849797,800.0000000000005,800.0000000000005,0.00125,5.26563237457367e-11,9.41904898392587,9,1.1275702593849246e-17,2.905661822261152e-17,4.707345624410664e-14,-0.046969769440526665,1.0106818385953136,1.1025420599824827,0.21775359603423436,1.0891465507256726e-10,0.001965123927220702,not_checked,0.001,not_checked,not_checked,,-0.0024211920798025326,0.006060314390842221,-0.00018803271903666818,True
local_b4_n800,414,2035222015,local,4,0.1414213562373095,800,0.0020075938745565125,True,ok,0.0019906965212068695,0.6672171646359881,0.00214343456062093,3.3247671935090635,3.2743417774707684,0.23119312309306966,0.21684451210171668,0.19452961044181502,0.20340479590354343,0.2034047959035432,800.0000000000005,800.0000000000005,0.00125,1.3322676295501878e-15,12.301439814966296,10,-3.226585665316861e-16,-3.3523531173251797e-16,-5.364597654988756e-13,-0.06982637978903528,1.006457507991923,1.1700643215757565,0.16986512896210554,3.1086244689504383e-15,0.0021669159177690744,not_checked,0.001,not_checked,not_checked,,-0.002210358020828589,0.006191751063242328,-1.689735334964304e-05,True
local_b4_n800,415,2035222016,local,4,0.1414213562373095,800,0.0020075938745565125,True,ok,0.0023415511707369774,0.5520321904909666,0.0025120009084352145,3.8613699085446127,3.3279296746887432,0.1760068601429533,0.16690028619514152,0.1893866024856379,0.15362496535854286,0.15362496535854273,800.0000000000005,800.0000000000005,0.00125,6.899369964230573e-12,7.941677133103301,9,2.896988204881268e-16,9.367506770274758e-17,1.509903313490213e-13,-0.057444017682723336,0.9941227968908456,1.1633223241719204,0.23422488404215136,1.3394840792102514e-11,0.001998125109821558,not_checked,0.001,not_checked,not_checked,,-0.002581880138927941,0.007264982480401896,0.0003339572961804649,True
local_b4_n800,416,2035222017,local,4,0.1414213562373095,800,0.0020075938745565125,True,ok,0.001665903004643754,0.5989540390640518,0.0020421969118502212,2.6006800282554057,2.7030302107419466,0.24049795334527813,0.2489598073775331,0.2588477817331482,0.26375822661656656,0.26375822661656645,800.0000000000005,800.0000000000005,0.00125,6.747014058561263e-11,14.426017955434522,9,3.491130995403324e-17,5.702903427273753e-17,9.059419880941277e-14,0.032382389587301,0.8780970150316902,0.9933522488236868,0.17509281067317034,1.4068235465458656e-10,0.0016023330390453339,not_checked,0.001,not_checked,not_checked,,-0.0023367293919215994,0.005668535401209107,-0.00034169086991275854,True
local_b4_n800,417,2035222018,local,4,0.1414213562373095,800,0.0020075938745565125,True,ok,0.006084666674057271,0.6298541148016532,0.003847448525440303,10.224056697544096,9.397517931517033,0.012357279062028988,0.00991557219465099,0.009106571659031379,0.007690777930667923,0.007690777930667901,800.0000000000005,800.0000000000005,0.00125,3.680389326632394e-13,10.035812232622607,10,-8.739536871971154e-14,1.9081958235744878e-16,3.019806626980426e-13,-0.24429500952622885,1.0654669692102372,1.1485421282717447,0.2064503909083949,7.167599846980011e-13,0.001995875034481287,not_checked,0.001,not_checked,not_checked,,-0.001456193868177461,0.013625527216292004,0.004077072799500758,True
local_b4_n800,418,2035222019,local,4,0.1414213562373095,800,0.0020075938745565125,True,ok,0.000492771533669778,0.7141307494380829,0.0011193713272112295,0.8098683306969745,0.7514247054178058,0.690589657043889,0.6836755550564002,0.6867998607512549,0.6742075842845509,0.6742075842845507,800.0000000000005,800.0000000000005,0.00125,7.578149219256147e-11,17.039151932300978,9,-7.803981202578192e-12,8.782037597132586e-18,1.4210854715202004e-14,-0.010716938412664634,1.0177614199123433,1.1136969891852913,0.15677013993177502,1.7951906627899916e-10,0.0016495408490300179,not_checked,0.001,not_checked,not_checked,,-0.0017011559529910322,0.002686699020330588,-0.0015148223408867345,True
local_b4_n800,419,2035222020,local,4,0.1414213562373095,800,0.0020075938745565125,True,ok,0.0013225039637576597,0.6766007264486642,0.0019285500908761328,2.1957361288665966,1.7839519433415838,0.3857146132358154,0.37215391109067864,0.409845109785988,0.3471483145133326,0.3471483145133323,800.0000000000005,800.0000000000005,0.00125,1.2212453270876722e-15,13.35646045044738,10,-3.658098129966092e-16,-1.6588293239028218e-16,-2.6645352591003757e-13,-0.03986489342716992,0.9930603147766953,1.234986269657677,0.1808004830975965,2.6645352591003757e-15,0.0017896238714456558,not_checked,0.001,not_checked,not_checked,,-0.002457384756741009,0.005102392684256328,-0.0006850899107988528,True
local_b4_n800,420,2035222021,local,4,0.1414213562373095,800,0.0020075938745565125,True,ok,0.00794004524258174,0.6324167763436577,0.004905978916150739,13.643985740434239,9.468566190227147,0.005944050385098798,0.004160687761578952,0.008788747269663881,0.0017431940387341955,0.0017431940387341882,800.0000000000005,800.0000000000005,0.00125,9.592326932761353e-12,8.565708754139754,10,-2.972507656684442e-12,-2.983724378680108e-16,-4.813927034774679e-13,-0.46995667615172465,0.9098139754749496,1.4686812177197066,0.18228608021720924,1.8062218387626672e-11,0.0018380419351160526,not_checked,0.001,not_checked,not_checked,,-0.0016754967419865575,0.017555587227150036,0.005932451368025227,True
local_b4_n800,421,2035222022,local,4,0.1414213562373095,800,0.0020075938745565125,True,ok,0.009431847763584189,0.6394961267647123,0.005149032490891166,16.2874107440044,12.25928109609722,0.002696967222837121,0.0017379554079422711,0.0021773634776189998,0.0005284944728631362,0.0005284944728631343,800.0000000000005,800.0000000000005,0.00125,3.808864335042017e-11,8.660979814747288,10,-1.2681857300411714e-11,1.3877787807814457e-16,2.2382096176443156e-13,-0.5982271611348446,0.9288662513944678,1.4978728798918506,0.18251148154820107,7.174749683258597e-11,0.002199167152866721,not_checked,0.001,not_checked,not_checked,,-0.0006600704737890605,0.01952376600095744,0.007424253889027677,True
local_b4_n800,422,2035222023,local,4,0.1414213562373095,800,0.0020075938745565125,True,ok,0.0036352486917685667,0.6334148194244513,0.003023267842939341,5.991233284073327,5.576507885081271,0.06594186781357556,0.06078392475896906,0.0615285525661755,0.05457393160284737,0.05457393160284726,800.0000000000005,800.0000000000005,0.00125,3.1086244689504383e-15,11.57194788966467,10,-5.577135975265435e-16,-9.063930161978817e-17,-1.438849039914203e-13,-0.08741768862180832,0.9935168762934947,1.14375716485476,0.19757420034752537,6.217248937900877e-15,0.0017421247903257608,not_checked,0.001,not_checked,not_checked,,-0.002290247396010639,0.009560744779547773,0.0016276548172120542,True
local_b4_n800,423,2035222024,local,4,0.1414213562373095,800,0.0020075938745565125,True,ok,0.002042755652521766,0.632676208653911,0.0023657674333762476,3.3973753709846006,2.8353914127934967,0.22429736785738666,0.21149493413605916,0.24227163917597663,0.19510751331605247,0.19510751331605233,800.0000000000005,800.0000000000005,0.00125,4.440892098500626e-16,10.725548400810586,10,-2.6020852139652106e-18,3.2959746043559335e-17,5.062616992290714e-14,-0.06448316347488658,0.9898528857435966,1.1992104956461525,0.1985207105115827,8.881784197001252e-16,0.0017550839111208916,not_checked,0.001,not_checked,not_checked,,-0.002594063312693441,0.006679574617736973,3.516177796525355e-05,True
local_b4_n800,424,2035222025,local,4,0.1414213562373095,800,0.0020075938745565125,True,ok,0.0024899934034610105,0.626759541376049,0.002533516311019182,4.1051424562791405,3.726649165807328,0.1561164781697903,0.14757602700475736,0.15515594316313686,0.13642302773727183,0.13642302773727166,800.0000000000005,800.0000000000005,0.00125,7.771561172376096e-16,11.118669872657467,10,6.288372600415926e-17,2.5717275531356165e-16,4.0945025148175773e-13,-0.06057650537076076,0.9767653098447032,1.1690486748392814,0.197883625197963,1.5543122344752192e-15,0.0016657921951264143,not_checked,0.001,not_checked,not_checked,,-0.002475607320381365,0.007455594127303386,0.000482399528904498,True
local_b4_n800,425,2035222026,local,4,0.1414213562373095,800,0.0020075938745565125,True,ok,0.0005271964024797793,0.6481052386994139,0.0012417029715845276,0.8620879141433692,0.7034975778040645,0.6697743798081981,0.6639050577914885,0.7034568159407748,0.6558933221184222,0.655893322118422,800.0000000000005,800.0000000000005,0.00125,3.405964399405548e-11,12.871753466136884,9,-3.107035245406009e-12,4.783499985006046e-16,7.647216193618078e-13,-0.009286835087860934,0.8919499081576356,1.2347773854858755,0.17190439000581195,7.328493367708688e-11,0.0015474173706024885,not_checked,0.001,not_checked,not_checked,,-0.001906496701322257,0.0029608895062818155,-0.0014803974720767332,True
local_b4_n800,426,2035222027,local,4,0.1414213562373095,800,0.0020075938745565125,True,ok,0.00035473122018392367,0.6494120323237034,0.000990964186677638,0.5778849242126534,0.5044918310777435,0.759889414322896,0.7561107927939126,0.7770536250101472,0.7529285248938734,0.7529285248938733,800.0000000000005,800.0000000000005,0.00125,7.079559161127236e-12,13.266501930169012,9,-5.35366347607924e-13,-1.5363144784119598e-16,-2.4558133304708463e-13,-0.00515748595918758,0.9134062889277792,1.1670061440784294,0.17306419287587355,1.5413226250871048e-11,0.0015797910746186972,not_checked,0.001,not_checked,not_checked,,-0.0015875228956732737,0.002296985336041121,-0.0016528626543725888,True
local_b4_n800,427,2035222028,local,4,0.1414213562373095,800,0.0020075938745565125,True,ok,0.002384739475085773,0.6631303253065399,0.0023257922465345715,3.967025111316337,4.021763497856234,0.16675965919342872,0.15534439530334354,0.13387058237006602,0.148407771641439,0.1484077716414388,800.0000000000005,800.0000000000005,0.00125,1.9984014443252818e-15,12.392089440467329,10,-1.240327285323417e-16,2.0296264668928643e-16,3.2462921240039577e-13,-0.07572097558954893,0.9858932467590076,1.144900315419039,0.1685091249727085,4.440892098500626e-15,0.0016662499401718378,not_checked,0.001,not_checked,not_checked,,-0.0021737295636444897,0.006943208513816036,0.0003771456005292606,True
local_b4_n800,428,2035222029,local,4,0.1414213562373095,800,0.0020075938745565125,True,ok,0.004349073942401915,0.612768885702055,0.0034975777454356247,7.214844944922287,5.9768711458361885,0.04661185694165321,0.04182026771198297,0.050366169321128064,0.030830243038859246,0.030830243038859187,800.0000000000005,800.0000000000005,0.00125,1.264252036392577e-10,10.071920893551166,9,-2.0834028946481453e-15,-6.331740687315346e-17,-1.0125233984581428e-13,-0.1281633185396096,0.8612136673181269,1.3756799600341925,0.1792733013805362,2.6906765704381996e-10,0.001573542132973671,not_checked,0.001,not_checked,not_checked,,-0.002506052471780711,0.01120420035658454,0.002341480067845403,True
local_b4_n800,429,2035222030,local,4,0.1414213562373095,800,0.0020075938745565125,True,ok,0.0026714596658967693,0.6257932589059072,0.0027066534703229722,4.461587597107453,3.695534081541653,0.14181516457782478,0.13024578539384124,0.15758866278791497,0.1179885453282972,0.11798854532829703,800.0000000000005,800.0000000000005,0.00125,1.1102230246251565e-15,10.094385372257822,10,-4.709774237277031e-16,5.117434254131581e-17,8.171241461241152e-14,-0.09362606583630972,0.9810636657357956,1.2075215240888881,0.19943556929016834,2.220446049250313e-15,0.0017222920432686806,not_checked,0.001,not_checked,not_checked,,-0.002633483654566608,0.007976402986360147,0.0006638657913402568,True
local_b4_n800,430,2035222031,local,4,0.1414213562373095,800,0.0020075938745565125,True,ok,0.004298268482467726,0.5658817648186318,0.003292236650267453,7.0954928827525485,6.586794041108459,0.03936914377761383,0.0355295722238744,0.037127512010931764,0.03210913255706587,0.0321091325570658,800.0000000000005,800.0000000000005,0.00125,1.3861911618562317e-11,8.461887248306466,9,-3.677613769070831e-16,2.0643209364124004e-16,3.304023721284466e-13,-0.10913165540209135,1.0383863838937495,1.087297718719462,0.23232680351208934,2.7494451160237077e-11,0.0019172497559338808,not_checked,0.001,not_checked,not_checked,,-0.0021543967806392714,0.010750933745574724,0.002290674607911214,True
local_b4_n800,431,2035222032,local,4,0.1414213562373095,800,0.0020075938745565125,True,ok,0.0026734608971266116,0.597123110103482,0.002703617486813258,4.444226950170563,3.6970113950883685,0.14452500640962573,0.13407932245359871,0.15747230183543579,0.1177997985696362,0.11779979856963602,800.0000000000005,800.0000000000005,0.00125,6.196376745037924e-11,9.133247066226028,9,3.7730235602495554e-16,2.8709673527416157e-16,4.618527782440651e-13,-0.08334475738399094,0.9986367996208717,1.2130923146933994,0.21326323464363242,1.2890710721080723e-10,0.0016798758879303932,not_checked,0.001,not_checked,not_checked,,-0.002625532005000068,0.007972453799253291,0.0006658670225700991,True
local_b4_n800,432,2035222033,local,4,0.1414213562373095,800,0.0020075938745565125,True,ok,0.006594722719868162,0.6012893389695801,0.004147972878944664,11.18551381936242,9.354031811189747,0.009903204962922605,0.007531578198786439,0.009306744695587347,0.005113975586940256,0.00511397558694024,800.0000000000005,800.0000000000005,0.00125,7.490119635633619e-11,8.042003401254343,9,-2.0196604805233775e-13,-1.2576745200831851e-16,-2.042810365310288e-13,-0.3169787337866774,1.0173540756122443,1.2530736417050168,0.2135684648684032,1.571900387631331e-10,0.0016209161840379238,not_checked,0.001,not_checked,not_checked,,-0.0015351547317123005,0.014724600171448625,0.00458712884531165,True
local_b4_n800,433,2035222034,local,4,0.1414213562373095,800,0.0020075938745565125,True,ok,0.006141000352069881,0.6181524800778615,0.003913790969060669,10.437903114469224,9.051470273692097,0.013008262991286629,0.00992554283739109,0.010826752365601915,0.007351872166541339,0.007351872166541315,800.0000000000005,800.0000000000005,0.00125,1.6060741625523178e-10,8.606653246965145,9,-2.1902618607683166e-13,3.0357660829594124e-16,4.938272013532696e-13,-0.3061512755787046,1.109150259739243,1.153179559399675,0.2185875773455826,3.446685159502749e-10,0.001570583088323474,not_checked,0.001,not_checked,not_checked,,-0.0015298889903071471,0.013811889694446909,0.004133406477513368,True
local_b4_n800,434,2035222035,local,4,0.1414213562373095,800,0.0020075938745565125,True,ok,0.0014164312239859367,0.6642499601012026,0.001881117784576833,2.3048939140301803,2.213893731912774,0.33860759929360795,0.3324317518177019,0.3305666863359724,0.32201891942396427,0.32201891942396393,800.0000000000005,800.0000000000005,0.00125,1.3322676295501878e-15,14.333092920620503,10,1.431146867680866e-17,-6.938893903907228e-17,-1.1102230246251565e-13,-0.019301977826340133,0.9565515221737596,1.139896417385263,0.17635220955035494,3.1086244689504383e-15,0.0023585001472383738,not_checked,0.001,not_checked,not_checked,,-0.002270491884462432,0.005103354332434305,-0.0005911626505705758,True
local_b4_n800,435,2035222036,local,4,0.1414213562373095,800,0.0020075938745565125,True,ok,0.0031626112276261775,0.5795073529604997,0.0028832916583311813,5.25984437675058,4.575751306417264,0.09736448492561214,0.088832245506995,0.1014818155992266,0.0796519323742673,0.0796519323742672,800.0000000000005,800.0000000000005,0.00125,2.6980195855230704e-11,8.400656368299728,9,-1.968911145233676e-16,-5.898059818321144e-17,-9.592326932761353e-14,-0.09983320627434678,1.0210062269689346,1.1507597573514419,0.22766378480455335,5.463474117561873e-11,0.001592291984707117,not_checked,0.001,not_checked,not_checked,,-0.0024885365796277047,0.00881375903488006,0.001155017353069665,True
local_b4_n800,436,2035222037,local,4,0.1414213562373095,800,0.0020075938745565125,True,ok,0.0004275312287285171,0.6503805313340658,0.000991301463728421,0.6921826847454167,0.7369774671575856,0.7186197774138756,0.7158050205000133,0.6917790034278469,0.7103304583138672,0.710330458313867,800.0000000000005,800.0000000000005,0.00125,4.781508522455624e-12,13.850907335243427,9,-3.0825841011716815e-13,-1.153049010438334e-16,-1.8340884366807586e-13,-0.004066359389894414,0.928196045307902,1.1521175229897713,0.17453035526452193,1.0470069256030001e-11,0.002170124789699912,not_checked,0.001,not_checked,not_checked,,-0.001515383938001027,0.0023704463954580613,-0.0015800626458279954,True
local_b4_n800,437,2035222038,local,4,0.1414213562373095,800,0.0020075938745565125,True,ok,0.002145336494777439,0.6312439590604046,0.0024124967347230663,3.5609506500346493,3.0288012964167272,0.20430795639330485,0.19256110626238504,0.2199399667650857,0.17973545639738003,0.1797354563973798,800.0000000000005,800.0000000000005,0.00125,6.661338147750939e-16,10.804138290499923,10,-2.220446049250313e-16,-2.7842311789427754e-16,-4.4497738826976274e-13,-0.06420612919537261,0.9845376144750047,1.1786211185843274,0.19228007274747924,6.661338147750939e-16,0.0017067077569663525,not_checked,0.001,not_checked,not_checked,,-0.002583070218100252,0.00687374320765513,0.00013774262022092643,True
local_b4_n800,438,2035222039,local,4,0.1414213562373095,800,0.0020075938745565125,True,ok,0.0019250692315073703,0.5948973775629147,0.0021589740945878173,3.181999399049866,3.1013703905482752,0.22872032593834074,0.21785096803912407,0.2121025923311765,0.21436922821433832,0.21436922821433818,800.0000000000005,800.0000000000005,0.00125,5.588418616753188e-11,9.420275315496276,9,-2.2789929665645303e-16,-1.5308934675495323e-16,-2.4513724383723456e-13,-0.05094431431903579,0.9637459822381598,1.1257470094018316,0.19690974452329096,1.1586442916211581e-10,0.0020024168770760298,not_checked,0.001,not_checked,not_checked,,-0.002306442237439724,0.0061565807004544644,-8.25246430491422e-05,True
local_b4_n800,439,2035222040,local,4,0.1414213562373095,800,0.0020075938745565125,True,ok,0.0011481924940723864,0.5923975522991625,0.0017672355455765152,1.8837135469750836,1.6510166932480093,0.4189294047710007,0.4098148279898033,0.4380122737999459,0.3990957183462809,0.3990957183462806,800.0000000000005,800.0000000000005,0.00125,4.975864165146504e-11,9.832696059142751,9,-1.691355389077387e-17,-1.0104764247564901e-16,-1.6187051699034782e-13,-0.023302778229632115,0.9297137069456087,1.1908787105685863,0.20153778200620825,1.0271916650594903e-10,0.0018685408867895603,not_checked,0.001,not_checked,not_checked,,-0.0023155255274565764,0.004611910515601349,-0.0008594013804841261,True
local_b4_n800,440,2035222041,local,4,0.1414213562373095,800,0.0020075938745565125,True,ok,0.004957074614648782,0.6201117254924058,0.003681049057941767,8.366890817228978,6.759759534893006,0.031054247084600604,0.025738272902704078,0.034051548593124745,0.018955527682223035,0.01895552768222299,800.0000000000005,800.0000000000005,0.00125,1.749506095549691e-10,9.153113981628692,9,-3.4371810953004456e-14,-1.7954387976359953e-16,-2.8954616482224083e-13,-0.2177857168954609,0.9859919151204926,1.2838521922743769,0.20284868454709457,3.7691205712064857e-10,0.0016259581316262484,not_checked,0.001,not_checked,not_checked,,-0.002257648964242176,0.01217179819353974,0.0029494807400922696,True
local_b4_n800,441,2035222042,local,4,0.1414213562373095,800,0.0020075938745565125,True,ok,0.0022554496716127304,0.6228875290654252,0.0025018073923532484,3.7512717673784013,3.1244735294038453,0.19033470279830894,0.17837399102066825,0.20966657152999454,0.16457979715764265,0.16457979715764245,800.0000000000005,800.0000000000005,0.00125,1.9782520066513598e-10,10.245839180115047,9,-2.2985086056692694e-16,-1.8041124150158794e-16,-2.886579864025407e-13,-0.07127614639901525,0.9271255193286958,1.2521966568411766,0.184694729663607,4.275495513184069e-10,0.0016370001249015331,not_checked,0.001,not_checked,not_checked,,-0.002648002713655705,0.0071589020568811656,0.00024785579705621785,True
local_b4_n800,442,2035222043,local,4,0.1414213562373095,800,0.0020075938745565125,True,ok,0.004572552050560175,0.6277513132162029,0.003317255347633261,7.692629316983918,7.198340681941529,0.0353413396864298,0.029782250622290236,0.027346401226859517,0.02578295561498593,0.02578295561498587,800.0000000000005,800.0000000000005,0.00125,7.716050021144838e-14,9.738934867066206,10,-1.7583157152500917e-14,-3.903127820947816e-17,-6.039613253960852e-14,-0.18827301804381724,1.0073653215506482,1.176876747360142,0.19763697847766837,1.4988010832439613e-13,0.0023767089005559683,not_checked,0.001,not_checked,not_checked,,-0.0019291489583239136,0.011074253059444263,0.002564958176003662,True
local_b4_n800,443,2035222044,local,4,0.1414213562373095,800,0.0020075938745565125,True,ok,0.00012446492305828727,0.669230024082258,0.0005844496258415856,0.20150313050691077,0.17908990724479049,0.9077589358646394,0.9067189837820246,0.9143471609834085,0.9052248270582097,0.9052248270582097,800.0000000000005,800.0000000000005,0.00125,1.5432100042289676e-13,15.092017269916532,9,-7.440716879442144e-15,1.6886448836461732e-17,2.708944180085382e-14,-0.0011796268068255122,0.9404542396366715,1.1251955042174704,0.1743111393738492,3.4994229736184934e-13,0.0016741680447012186,not_checked,0.001,not_checked,not_checked,,-0.0010210352943691306,0.0012699651404857052,-0.0018831289514982252,False
local_b4_n800,444,2035222045,local,4,0.1414213562373095,800,0.0020075938745565125,True,ok,0.0005920923833349079,0.5812524422392924,0.0012451382284186607,0.9518612740402952,0.9089229555903638,0.6224890542310849,0.6210867022658473,0.6347897242801974,0.6227102811332483,0.6227102811332481,800.0000000000005,800.0000000000005,0.00125,2.934918974517586e-11,10.87750538997816,8,-1.1511538250408293e-13,-1.1937065919065404e-16,-1.9118040484045196e-13,-0.0022567303522210147,0.896828522333979,1.1103597815562536,0.1864940369040577,5.957057069849725e-11,0.0014439169317483902,not_checked,0.001,not_checked,not_checked,,-0.0018483337001396743,0.00303251846680949,-0.0014155014912216046,True
local_b4_n800,445,2035222046,local,4,0.1414213562373095,800,0.0020075938745565125,True,ok,0.002677059363405565,0.6257197019319667,0.002625958069689141,4.390115853347332,4.011977023436162,0.13365823169824653,0.12713026145889206,0.13452724818559592,0.11746116734246319,0.11746116734246301,800.0000000000005,800.0000000000005,0.00125,5.689893001203927e-16,11.508155561491682,10,-7.979727989493313e-17,-1.496198998029996e-16,-2.398081733190338e-13,-0.05341043594921269,0.993204218907926,1.1351387895991445,0.1975331437527621,1.3322676295501878e-15,0.0017584578599780798,not_checked,0.001,not_checked,not_checked,,-0.0024697238780974724,0.007823842604908603,0.0006694654888490525,True
local_b4_n800,446,2035222047,local,4,0.1414213562373095,800,0.0020075938745565125,True,ok,0.0005492564579943071,0.6306756056286815,0.0011301418614075884,0.8595753418653249,0.963211599257771,0.6258946485136769,0.6323414647864061,0.617790547033447,0.6444196295502963,0.6444196295502962,800.0000000000005,800.0000000000005,0.00125,2.990785397116724e-11,15.910863750857782,9,2.852635662409231e-12,2.6508743117270583e-16,4.2454928461665986e-13,0.009617495462783454,0.8608605109885397,1.019792449286694,0.1589485400172836,6.820699560705634e-11,0.0018755837809294462,not_checked,0.001,not_checked,not_checked,,-0.0016657808877856232,0.0027642938037742374,-0.0014583374165622054,True
local_b4_n800,447,2035222048,local,4,0.1414213562373095,800,0.0020075938745565125,True,ok,0.004120751355470187,0.6391514307925044,0.003281759571447812,6.915064573273617,6.0965529469156365,0.05581071709619355,0.04867825362461517,0.04744061913564533,0.03700874346550615,0.03700874346550608,800.0000000000005,800.0000000000005,0.00125,4.04121180963557e-14,10.472781580477895,10,-8.818466790128099e-15,1.9081958235744878e-17,3.197442310920451e-14,-0.16093120226065727,0.9043107022837004,1.3594129127794154,0.17817709828068407,8.08242361927114e-14,0.0020524580031633377,not_checked,0.001,not_checked,not_checked,,-0.0023113792104871266,0.0105528819214275,0.0021131574809136744,True
local_b4_n800,448,2035222049,local,4,0.1414213562373095,800,0.0020075938745565125,True,ok,0.003690981294838025,0.6267418363503157,0.003135001013607975,6.19626716534946,5.213348135696856,0.06986762809914047,0.06132851132019008,0.07377952183080046,0.05219414078610681,0.05219414078610672,800.0000000000005,800.0000000000005,0.00125,1.8096635301390052e-14,9.800498526280073,10,-4.024992145135187e-15,-1.0538445116559103e-16,-1.6697754290362354e-13,-0.1453485468043083,1.0156750876856193,1.2009228121959066,0.20639908722560982,3.530509218307998e-14,0.0017832079902291298,not_checked,0.001,not_checked,not_checked,,-0.0024535077833301704,0.00983547037300622,0.0016833874202815124,True
local_b4_n800,449,2035222050,local,4,0.1414213562373095,800,0.0020075938745565125,True,ok,0.0003650883148722528,0.6754259048986184,0.0009358756239459107,0.595525549715908,0.5971631985485515,0.7532123916753699,0.7490642572054935,0.7418697433475256,0.7467157772228465,0.7467157772228463,800.0000000000005,800.0000000000005,0.00125,1.0799583449738748e-11,14.812074009158273,9,-8.619812220771184e-13,1.0999231039865442e-16,1.7563728249569976e-13,-0.005692122960151591,0.9847422668257793,1.0782077008330342,0.16395947192981983,2.439115576180484e-11,0.002052000258117914,not_checked,0.001,not_checked,not_checked,,-0.0014691942020706836,0.002199370831815189,-0.0016425055596842597,True
local_b4_n800,450,2035222051,local,4,0.1414213562373095,800,0.0020075938745565125,True,ok,0.007934071833376466,0.6341399140153707,0.004589300490803434,13.551737161232781,11.030542621742848,0.0038829532614535907,0.0026852524669663553,0.0040248352087652785,0.0017515442235259576,0.00175154422352595,800.0000000000005,800.0000000000005,0.00125,6.412204101025054e-12,9.133855455000699,10,-1.891806156173459e-12,3.1051550219984847e-16,5.009326287108706e-13,-0.4286111139152142,1.0101172506671547,1.2536164911594174,0.19253455495200236,1.2184919739866018e-11,0.0018555009737610817,not_checked,0.001,not_checked,not_checked,,-0.0010607918428302571,0.016928935509583187,0.005926477958819953,True
local_b4_n800,451,2035222052,local,4,0.1414213562373095,800,0.0020075938745565125,True,ok,0.0007372206216531563,0.6410319632879871,0.001397830928120347,1.2015803845881243,1.0882699556613271,0.5640101231962606,0.5580148081405706,0.5803435763368869,0.5544511922131534,0.5544511922131532,800.0000000000005,800.0000000000005,0.00125,5.597866614692748e-11,12.728605216805635,9,-5.1470418638982496e-12,-5.930585883495709e-17,-9.50350909079134e-14,-0.011013694971536814,0.9589134988341319,1.1044489544868306,0.17787259181276682,1.1897660634474505e-10,0.0016193739138543606,not_checked,0.001,not_checked,not_checked,,-0.0020024776539389207,0.0034769188972452333,-0.0012703732529033562,True
local_b4_n800,452,2035222053,local,4,0.1414213562373095,800,0.0020075938745565125,True,ok,0.0007055225414900335,0.6390701847072444,0.0013195867376023776,1.1560959995251217,1.1229609663065951,0.57998980378473,0.5724180859632395,0.5703640241406505,0.5686910097642339,0.5686910097642337,800.0000000000005,800.0000000000005,0.00125,9.022216307386088e-11,12.188753624912932,9,-9.215546511662231e-12,-7.784571598445922e-17,-1.2434497875801753e-13,-0.013629966570533725,0.9484610689572184,1.129516614400875,0.17410419314562284,1.9034995801803234e-10,0.0017334579024463892,not_checked,0.001,not_checked,not_checked,,-0.0018808199386873333,0.0032918650216674002,-0.001302071333066479,True
local_b4_n800,453,2035222054,local,4,0.1414213562373095,800,0.0020075938745565125,True,ok,0.0012250985248878354,0.6248862965901747,0.0018009811809243997,2.019487558911909,1.7920722532004627,0.396123876574655,0.3851892589111714,0.4081844486951538,0.37528151803005944,0.3752815180300592,800.0000000000005,800.0000000000005,0.00125,1.2047654540658925e-15,10.98685403197519,10,-8.673617379884035e-17,-5.854691731421724e-17,-9.170442183403793e-14,-0.0296649595456856,0.9814411910369408,1.1384176919117401,0.1984875961555921,8.881784197001252e-16,0.001773082884028554,not_checked,0.001,not_checked,not_checked,,-0.002304759726558403,0.004754956776334074,-0.0007824953496686771,True
local_b4_n800,454,2035222055,local,4,0.1414213562373095,800,0.0020075938745565125,True,ok,0.002849802111961397,0.6437581190201562,0.0026180631465016484,4.77300565117987,4.495211510336065,0.12658704889900002,0.11498067216733726,0.10565187844750198,0.10230040065417595,0.10230040065417582,800.0000000000005,800.0000000000005,0.00125,4.440892098500626e-15,10.793440920780125,10,-1.0642528525117712e-15,9.80118763926896e-17,1.6076029396572267e-13,-0.10666113602081628,0.9918678205739462,1.2138579318356726,0.18473400123247938,9.103828801926284e-15,0.0019332917872816324,not_checked,0.001,not_checked,not_checked,,-0.0022815073644334447,0.007981111588356238,0.0008422082374048845,True
local_b4_n800,455,2035222056,local,4,0.1414213562373095,800,0.0020075938745565125,True,ok,0.006107277434865388,0.5803872790615765,0.0041877706799228484,10.287024778269673,8.02688755146438,0.014329070394339536,0.011554256298631247,0.018071055294343365,0.0075529131089638775,0.007552913108963861,800.0000000000005,800.0000000000005,0.00125,2.814426469655018e-11,7.670581634034105,9,-4.629630012686903e-14,-1.3791051634015616e-16,-2.2026824808563106e-13,-0.2576904412425236,0.9043844885980119,1.3480843227066142,0.20124559190771174,5.707057049164632e-11,0.001847707899287343,not_checked,0.001,not_checked,not_checked,,-0.0021006022732962086,0.014315157143026985,0.0040996835603088755,True
local_b4_n800,456,2035222057,local,4,0.1414213562373095,800,0.0020075938745565125,True,ok,0.002856558648165697,0.6145555847660804,0.0027957301286375253,4.683937098377557,4.080720419010512,0.1081679821340894,0.10241219493328715,0.1299818817354689,0.10174893530647995,0.10174893530647983,800.0000000000005,800.0000000000005,0.00125,1.3690037992120097e-10,10.968968817576648,9,-2.7755575615628914e-17,1.3877787807814457e-17,2.1316282072803006e-14,-0.05672163065621971,0.8938209963761266,1.1591839434614521,0.1735481850033593,2.9220670327845255e-10,0.0016521671786904335,not_checked,0.001,not_checked,not_checked,,-0.0026229717144573847,0.008336089010788778,0.0008489647736091843,True
local_b4_n800,457,2035222058,local,4,0.1414213562373095,800,0.0020075938745565125,True,ok,0.006531456407943725,0.6669793891061204,0.004031671421688838,11.145112058746719,9.560002243729578,0.01088506537531634,0.008069361694440308,0.00839598954832115,0.005379471594030485,0.005379471594030471,800.0000000000005,800.0000000000005,0.00125,3.6527447733192275e-12,10.85929796024262,10,-1.0339611111742641e-12,-8.586881206085195e-17,-1.3500311979441904e-13,-0.3473909030183764,1.0862450590565909,1.2206548510621689,0.19890360882857877,7.41118277858277e-12,0.0017788750119507313,not_checked,0.001,not_checked,not_checked,,-0.0013704743760657948,0.014433387191953246,0.004523862533387213,True
local_b4_n800,458,2035222059,local,4,0.1414213562373095,800,0.0020075938745565125,True,ok,0.0005209679988900096,0.6496152348319582,0.0011645903094079026,0.8516605125280695,0.7828399633293457,0.6698134238062319,0.664008013402091,0.6760961484185755,0.6591696124208124,0.6591696124208122,800.0000000000005,800.0000000000005,0.00125,3.205913312598341e-11,12.982666727920323,9,-2.906295321590535e-12,1.1514227071796057e-16,1.8340884366807586e-13,-0.009055857152026892,0.9827821052954611,1.0997885893939479,0.18176818461493693,6.927902695963439e-11,0.001822667196393013,not_checked,0.001,not_checked,not_checked,,-0.0017615870642938374,0.0028035230620738565,-0.001486625875666503,True
local_b4_n800,459,2035222060,local,4,0.1414213562373095,800,0.0020075938745565125,True,ok,0.0065685735753731045,0.6059917060498323,0.00428770893393165,11.139001840980361,8.652052621605517,0.011301837582207656,0.008707986729959483,0.013219975328275202,0.00522208328324399,0.005222083283243975,800.0000000000005,800.0000000000005,0.00125,9.313294579982312e-11,8.263214954225615,9,-2.1019644358410972e-13,3.9898639947466563e-17,6.039613253960852e-14,-0.3146420601916944,0.9663103077336377,1.340508335506473,0.20448662532920406,1.962157103463369e-10,0.0016280009876936674,not_checked,0.001,not_checked,not_checked,,-0.0018351815113235598,0.014972328662069769,0.004560979700816592,True
local_b4_n800,460,2035222061,local,4,0.1414213562373095,800,0.0020075938745565125,True,ok,0.0048348319300155485,0.6086326885833933,0.0033154077221696776,8.12731363781015,8.062114939781832,0.028298260336728845,0.023644823306324635,0.017755544069406323,0.020902938244896207,0.020902938244896172,800.0000000000005,800.0000000000005,0.00125,1.0493705904224271e-10,8.928094266045843,9,-1.5665420349808556e-14,1.1188966420050406e-16,1.7674750552032492e-13,-0.19579127489263426,1.0080141863654692,1.157858793201172,0.19688856513126526,2.2202661931203238e-10,0.0015477491542696953,not_checked,0.001,not_checked,not_checked,,-0.0016632477995029973,0.011332911659534095,0.002827238055459036,True
local_b4_n800,461,2035222062,local,4,0.1414213562373095,800,0.0020075938745565125,True,ok,0.0004590117830671758,0.5959811376705821,0.0010425818089355343,0.7462575798876379,0.7649582484233377,0.6973850345678214,0.6933463842623462,0.6821681316253313,0.6926645675693737,0.6926645675693734,800.0000000000005,800.0000000000005,0.00125,5.877587305747056e-11,10.649474375323406,8,-5.612704311735994e-13,2.459512628283367e-16,3.930189507173054e-13,-0.0059193634900780445,0.9592440113391479,1.0814466755846894,0.19222474234950057,1.2205125798914196e-10,0.001482957974076271,not_checked,0.001,not_checked,not_checked,,-0.0015844110133830915,0.002502434579517443,-0.0015485820914893367,True
local_b4_n800,462,2035222063,local,4,0.1414213562373095,800,0.0020075938745565125,True,ok,0.0013234370178116794,0.6014762798609057,0.0018933559876182023,2.177524285471312,1.9081989344789332,0.37014007933280935,0.35991076111248077,0.38515883657613253,0.34688928468712904,0.3468892846871288,800.0000000000005,800.0000000000005,0.00125,7.571021587438054e-11,10.022809327789078,9,-3.22441726097189e-16,-4.2587461335230614e-16,-6.803446694902959e-13,-0.03001252848631175,0.9180566674232489,1.223464603916915,0.19024620859180905,1.5858492297127214e-10,0.0020806670654565096,not_checked,0.001,not_checked,not_checked,,-0.0023874725278332613,0.00503434656345662,-0.0006841568567448331,True
local_b4_n800,463,2035222064,local,4,0.1414213562373095,800,0.0020075938745565125,True,ok,0.001748262652333521,0.6326645749092914,0.002094911033608063,2.861279070933487,2.6954634549386984,0.2697777842634279,0.261817566284415,0.259828955615862,0.2469399419631118,0.24693994196311156,800.0000000000005,800.0000000000005,0.00125,1.3322676295501878e-15,11.974203426817937,10,-2.6150956400350367e-16,-1.0126448291014611e-16,-1.6209256159527285e-13,-0.03202941359992595,0.9909105801576601,1.1460575342376582,0.19873060652690794,2.4424906541753444e-15,0.002324999077245593,not_checked,0.001,not_checked,not_checked,,-0.0023576875243538613,0.005854212829020903,-0.00025933122222299154,True
local_b4_n800,464,2035222065,local,4,0.1414213562373095,800,0.0020075938745565125,True,ok,0.0004638103545244743,0.6391061633263009,0.0010978295372266317,0.7569619741506963,0.7000288286879748,0.6976749398647959,0.6926628693859237,0.7046779321753918,0.6900106245439611,0.690010624543961,800.0000000000005,800.0000000000005,0.00125,1.7754797632107966e-11,12.51910516972619,9,-1.4931965711638406e-12,-2.0925101928970236e-17,-3.419486915845482e-14,-0.007432703455768519,0.9819998482835669,1.081329717861816,0.19331935411239912,3.7804204211511205e-11,0.0016334999818354845,not_checked,0.001,not_checked,not_checked,,-0.0016878959996039986,0.002615516708652947,-0.0015437835200320382,True
local_b4_n800,465,2035222066,local,4,0.1414213562373095,800,0.0020075938745565125,True,ok,0.0019132047743279923,0.6756201514094786,0.0021635807228572593,3.1741904810316,2.9992197405926286,0.24089472133960405,0.228566347875021,0.22321722683423775,0.21641361470352435,0.2164136147035241,800.0000000000005,800.0000000000005,0.00125,9.992007221626409e-16,13.36387099778387,10,-3.129007469793166e-16,-3.2829641782861074e-16,-5.266898028821743e-13,-0.05653142105340536,1.0269773281950791,1.12423769544916,0.17808831024102917,2.4424906541753444e-15,0.0016890408005565405,not_checked,0.001,not_checked,not_checked,,-0.0023273355201173717,0.006153745068773356,-9.43891002285202e-05,True
local_b4_n800,466,2035222067,local,4,0.1414213562373095,800,0.0020075938745565125,True,ok,0.006031214240942662,0.628014151214271,0.0038415205684904094,10.165407103748889,9.137379308916662,0.013854671993101687,0.011033094836912179,0.010371541120172328,0.008026783491279613,0.008026783491279593,800.0000000000005,800.0000000000005,0.00125,4.3598458177029897e-13,9.708036514844094,10,-1.0724667681705213e-13,1.2836953722228372e-16,2.042810365310288e-13,-0.25773215912031233,1.060359271525769,1.1904702592837946,0.2100772737454459,8.399947404313934e-13,0.0023904170375317335,not_checked,0.001,not_checked,not_checked,,-0.0014980277191683749,0.013560456201053698,0.004023620366386149,True
local_b4_n800,467,2035222068,local,4,0.1414213562373095,800,0.0020075938745565125,True,ok,0.00012452291121811676,0.6666437582771536,0.0005826527608653025,0.19687434372355705,0.18695332529969927,0.9057099719205906,0.9067738372024923,0.9107592718862175,0.9051828341746909,0.9051828341746908,800.0000000000005,800.0000000000005,0.00125,1.433297924791077e-13,17.293141234033232,9,7.242416302094545e-15,2.778810168080348e-16,4.445332990599127e-13,0.0011811571127149367,0.9044277865776109,1.118085749823553,0.16447439987468887,3.3795188869589765e-13,0.0015925420448184013,not_checked,0.001,not_checked,not_checked,,-0.0010174555155707048,0.0012665013380069384,-0.0018830709633383957,False
local_b4_n800,468,2035222069,local,4,0.1414213562373095,800,0.0020075938745565125,True,ok,0.000702987781850517,0.6181259687216567,0.001302298779376438,1.1492288133739945,1.1506725595615275,0.5797384949991613,0.5729198775948147,0.5625156743499569,0.5698453757999706,0.5698453757999702,800.0000000000005,800.0000000000005,0.00125,1.6045909045914186e-10,11.278662650799967,8,-5.74723981513342e-12,-1.1340754724198376e-16,-1.8096635301390052e-13,-0.012224181206583307,0.9257016330260007,1.1459798635985703,0.17727636814577702,3.4425196027143556e-10,0.0014534578658640385,not_checked,0.001,not_checked,not_checked,,-0.0018494709228377751,0.003255446486538809,-0.0013046060927059955,True
local_b4_n800,469,2035222070,local,4,0.1414213562373095,800,0.0020075938745565125,True,ok,0.0008126247971305123,0.6398254554998124,0.001463312122226967,1.3245030136667755,1.2071124317139166,0.5308114121365513,0.5245692688826362,0.5468634096613465,0.5219936595107442,0.521993659510744,800.0000000000005,800.0000000000005,0.00125,7.401901314096904e-11,12.661338095645355,9,-7.001800831837879e-12,3.903127820947816e-18,6.217248937900877e-15,-0.012151669128977582,0.9567546317170837,1.0995334193906205,0.17986589576463063,1.5758105931240607e-10,0.0018808748573064804,not_checked,0.001,not_checked,not_checked,,-0.0020554142605752166,0.003680663854836241,-0.0011949690774260002,True
local_b4_n800,470,2035222071,local,4,0.1414213562373095,800,0.0020075938745565125,True,ok,0.0015992429838898037,0.6387816849873935,0.0019440637231611156,2.6160340117623466,2.6510748514951077,0.30029068617415267,0.29235316369772646,0.2656601481135211,0.2782057344234806,0.27820573442348034,800.0000000000005,800.0000000000005,0.00125,3.885780586188048e-16,12.341737589178596,10,-1.691355389077387e-17,-2.2551405187698492e-17,-3.730349362740526e-14,-0.0286226187693297,0.9359459418582947,1.197432084137629,0.18418583941500913,6.661338147750939e-16,0.001856040908023715,not_checked,0.001,not_checked,not_checked,,-0.002211051897156829,0.0054095378649364366,-0.0004083508906667088,True
local_b4_n800,471,2035222072,local,4,0.1414213562373095,800,0.0020075938745565125,True,ok,0.0008880198524159333,0.6191854617632913,0.0014696765474438392,1.4561215097590825,1.4203981571957198,0.5066457480418074,0.4981620264826623,0.4915463313653343,0.491439774032853,0.49143977403285277,800.0000000000005,800.0000000000005,0.00125,1.681552674881459e-10,11.100679903041746,8,-1.743956292311194e-11,2.4210234511601314e-16,3.8702374638432957e-13,-0.017644872946794177,1.022567561637772,1.067382492548579,0.19337304803352287,3.613267463009606e-10,0.001559624681249261,not_checked,0.001,not_checked,not_checked,,-0.0019924932494971635,0.00376853295432903,-0.0011195740221405792,True
local_b4_n800,472,2035222073,local,4,0.1414213562373095,800,0.0020075938745565125,True,ok,0.00677925089726239,0.6575021476280116,0.004114916046674788,11.41294611582698,10.106628829582062,0.007381134795113138,0.005713794228114702,0.006388125422190569,0.004412116742098114,0.0044121167420981015,800.0000000000005,800.0000000000005,0.00125,1.4018786131941852e-12,11.414410663274694,10,-3.480531834965106e-13,-2.0990154059319366e-16,-3.375077994860476e-13,-0.2830723401035753,1.0793280430034362,1.129495475861596,0.18769015048427617,2.843503210669951e-12,0.001709250034764409,not_checked,0.001,not_checked,not_checked,,-0.0012858363536261339,0.014844338148150914,0.0047716570227058774,True
local_b4_n800,473,2035222074,local,4,0.1414213562373095,800,0.0020075938745565125,True,ok,0.003437561075490869,0.6796449770460566,0.0028596973766237964,5.836219202612977,5.3728336214764605,0.08486278269719846,0.07300152259026338,0.06812460591576132,0.06392473774261229,0.06392473774261219,800.0000000000005,800.0000000000005,0.00125,9.370282327836321e-14,11.805595045071044,10,-2.213723995780903e-14,6.028164079019405e-17,9.50350909079134e-14,-0.1680607409137913,1.0655874063290487,1.1636294715467774,0.17274243148748833,1.9806378759312793e-13,0.0016788749489933252,not_checked,0.001,not_checked,not_checked,,-0.002167342789375446,0.009042464940357185,0.0014299672009343567,True
local_b4_n800,474,2035222075,local,4,0.1414213562373095,800,0.0020075938745565125,True,ok,0.0008057132255181454,0.623707809522956,0.0014556013955085464,1.3129293972764482,1.201395880387825,0.5429915284418247,0.5369132092430096,0.5484287320319208,0.5248878908590642,0.524887890859064,800.0000000000005,800.0000000000005,0.00125,6.256062334841772e-11,11.811012354763486,9,-5.813947630620153e-12,1.119980844177526e-16,1.7918999617450027e-13,-0.01189411822370745,0.9736710825675025,1.1420454672006108,0.1982849989926723,1.2946799188284785e-10,0.0015748750884085894,not_checked,0.001,not_checked,not_checked,,-0.0020472130855248485,0.0036586395365611393,-0.0012018806490383671,True
local_b4_n800,475,2035222076,local,4,0.1414213562373095,800,0.0020075938745565125,True,ok,0.00017332121755186947,0.6388062603971736,0.000661770493407706,0.27980823426391027,0.27181321297307737,0.8715499825771502,0.8704729282806538,0.8729241541356035,0.8705265904661628,0.8705265904661628,800.0000000000005,800.0000000000005,0.00125,1.6153745008296028e-13,13.411842872909478,9,-6.9466188443861876e-15,3.526909667095346e-16,5.646594303243546e-13,-0.0012471430904594794,0.9872931752988434,1.0302240791052513,0.1799958511427038,3.494982081519993e-13,0.00151162501424551,not_checked,0.001,not_checked,not_checked,,-0.0011237251155585355,0.0014703675506622744,-0.001834272657004643,False
local_b4_n800,476,2035222077,local,4,0.1414213562373095,800,0.0020075938745565125,True,ok,0.0026863102710028564,0.6931302373918062,0.002557107542465062,4.541683502061764,4.128855075103391,0.1435180329245826,0.12856628845089957,0.12689091006108666,0.11659507821539869,0.11659507821539855,800.0000000000005,800.0000000000005,0.00125,2.1871393585115584e-14,12.977141962346128,10,-4.799979858027825e-15,-3.729655473350135e-17,-5.773159728050814e-14,-0.1217935342285954,1.0984197992043427,1.1156183316148505,0.16970814273207419,4.773959005888173e-14,0.0016970420256257057,not_checked,0.001,not_checked,not_checked,,-0.002325528416824392,0.007698148958830105,0.0006787163964463439,True
local_b4_n800,477,2035222078,local,4,0.1414213562373095,800,0.0020075938745565125,True,ok,0.007857581015928039,0.6087619813919947,0.004586342563254588,13.405303193419508,10.723516643338764,0.004446570669560671,0.003125160451586567,0.004692647665135454,0.0018620731545475702,0.0018620731545475645,800.0000000000005,800.0000000000005,0.00125,1.0558376395408686e-10,8.010955622311387,9,-1.0389501758911734e-12,-4.388850394221322e-16,-7.052136652418994e-13,-0.4165867839673192,1.0177538893284959,1.2785788730175576,0.21037716048723493,2.2337132143945837e-10,0.0016111249569803476,not_checked,0.001,not_checked,not_checked,,-0.0011314852288140682,0.016846647260670145,0.0058499871413715265,True
local_b4_n800,478,2035222079,local,4,0.1414213562373095,800,0.0020075938745565125,True,ok,0.0007766658103851576,0.5973463479205652,0.0014022942600376025,1.2664184277588395,1.2015941414279692,0.5480282046998695,0.5417680401901053,0.5483743687010689,0.537228024319544,0.5372280243195438,800.0000000000005,800.0000000000005,0.00125,6.264799790045572e-11,10.490602084755505,8,-4.665214720610267e-12,5.2909066017292616e-17,8.482103908136196e-14,-0.011876565571293352,0.9681241901117272,1.101053561510473,0.19544227080852442,1.3029177736711972e-10,0.0014572071377187967,not_checked,0.001,not_checked,not_checked,,-0.0019717804350157884,0.0035251120557861036,-0.001230928064171355,True
local_b4_n800,479,2035222080,local,4,0.1414213562373095,800,0.0020075938745565125,True,ok,0.0011276406391453886,0.5974026292953252,0.0017492027225665555,1.8508669585602842,1.612378392189338,0.4263121893978452,0.4170353180030745,0.44655656735088645,0.4057116832950781,0.4057116832950779,800.0000000000005,800.0000000000005,0.00125,6.269351704446535e-11,10.015935127235483,9,2.3852447794681098e-17,-1.1535911115245767e-16,-1.8562928971732617e-13,-0.023320967963830652,0.9647259381857631,1.156435414424492,0.20556059748925007,1.306446062443456e-10,0.0018448750488460064,not_checked,0.001,not_checked,not_checked,,-0.0023007336987444682,0.004556014977035245,-0.0008799532354111239,True
local_b4_n800,480,2035222081,local,4,0.1414213562373095,800,0.0020075938745565125,True,ok,0.0009800728278401838,0.6049583245977013,0.0016126631047185859,1.6075585504130778,1.4362606976649959,0.47553597848167917,0.46673655535662495,0.4876631641585528,0.4565494492401627,0.4565494492401626,800.0000000000005,800.0000000000005,0.00125,1.9782797622269754e-10,10.4032314450976,8,-2.2124641528564748e-11,-2.0860049798621105e-16,-3.346212196220222e-13,-0.019721012934391435,0.9803300130859985,1.1327596570498817,0.20632510675284269,3.9492542569519173e-10,0.0017701680772006512,not_checked,0.001,not_checked,not_checked,,-0.00218068877660479,0.004140834432285158,-0.0010275210467163287,True
local_b4_n800,481,2035222082,local,4,0.1414213562373095,800,0.0020075938745565125,True,ok,0.014755019822523252,0.6067838269261807,0.006255668867560196,25.58488923813567,19.61139281544438,6.105613372346688e-05,2.767020723532875e-05,5.5136622483250914e-05,7.474481108510954e-06,7.474481108510897e-06,800.0000000000005,800.0000000000005,0.00125,9.644696152832921e-11,7.194963694423922,10,-5.30825383648903e-16,-3.7470027081099033e-16,-5.897504706808832e-13,-0.9884287610492262,1.0583098441872094,1.321261022951581,0.21908847454896638,2.0364021580121516e-10,0.001979291904717684,not_checked,0.001,not_checked,not_checked,,0.0024941341428968023,0.027015905502149704,0.01274742594796674,False
local_b4_n800,482,2035222083,local,4,0.1414213562373095,800,0.0020075938745565125,True,ok,0.0022275258943491583,0.6574282861177081,0.0023644027622287383,3.7254536480758604,3.38943974581791,0.19098453057942788,0.1771954182786803,0.1836506673499609,0.1682977216215303,0.16829772162153012,800.0000000000005,800.0000000000005,0.00125,1.4432899320127035e-15,11.628549815396594,10,-1.8865117801247777e-16,1.214306433183765e-17,2.042810365310288e-14,-0.0807061085586025,1.0388442315321071,1.1141495454233896,0.1843697303443688,3.1086244689504383e-15,0.002084875013679266,not_checked,0.001,not_checked,not_checked,,-0.00240661836456619,0.006861670153264506,0.00021993201979264576,True
local_b4_n800,483,2035222084,local,4,0.1414213562373095,800,0.0020075938745565125,True,ok,0.011189624401757525,0.7183702840969481,0.005368225690686936,20.06751076952395,14.926229356617778,0.0007894088854603725,0.00033652046332472536,0.0005738659770836607,0.00012951685622365728,0.00012951685622365652,800.0000000000005,800.0000000000005,0.00125,7.771561172376096e-16,10.495177283895002,11,1.196959198423997e-16,9.315465065995454e-16,1.4956924587750109e-12,-1.082055863355949,1.140009656557494,1.3445742792912463,0.18585534541051246,1.9984014443252818e-15,0.0025253749918192625,not_checked,0.001,not_checked,not_checked,,0.0006680953871284739,0.021711153416386575,0.009182030527201013,True
local_b4_n800,484,2035222085,local,4,0.1414213562373095,800,0.0020075938745565125,True,ok,0.0015647649139494124,0.6598962454756112,0.00202074606063469,2.5815315588273178,2.3122629097013574,0.31232428179075233,0.30124039824065085,0.31470126511577023,0.285986139918641,0.28598613991864086,800.0000000000005,800.0000000000005,0.00125,9.992007221626409e-16,12.843570043300405,10,-2.5869063835504136e-16,-2.448128505472269e-16,-3.930189507173054e-13,-0.03895384825412829,0.9856256840420238,1.16904747760555,0.18624137830460347,1.9984014443252818e-15,0.0017206661868840456,not_checked,0.001,not_checked,not_checked,,-0.002395824586795772,0.005525354414694597,-0.0004428289606071001,True
local_b4_n800,485,2035222086,local,4,0.1414213562373095,800,0.0020075938745565125,True,ok,0.005073879251702218,0.6031261168987461,0.0034400460929836798,8.514399661746317,8.213322157173726,0.024047518251296834,0.020055575669100725,0.016462650358063848,0.01726449149761775,0.0172644914976177,800.0000000000005,800.0000000000005,0.00125,8.1713968924646e-11,8.82860012069398,9,-1.5933435126846973e-14,-1.3877787807814457e-17,-2.1316282072803006e-14,-0.19809642951138162,1.0361534252418223,1.139515822020275,0.2058693738432215,1.7145884712022053e-10,0.0015457500703632832,not_checked,0.001,not_checked,not_checked,,-0.00166848719570352,0.011816245699107955,0.0030662853771457055,True
local_b4_n800,486,2035222087,local,4,0.1414213562373095,800,0.0020075938745565125,True,ok,0.004840521944515563,0.6051660924072397,0.0035808070448551275,8.146585032579365,6.885741675576979,0.029877446631553374,0.024938196064677134,0.0319727648251038,0.020808004062207577,0.02080800406220753,800.0000000000005,800.0000000000005,0.00125,8.966183351333257e-11,8.68707094179897,9,-1.695171780724536e-14,1.734723475976807e-16,2.7711166694643907e-13,-0.20087496067722954,0.998227712018773,1.2007922552327381,0.20689248016120265,1.8875434548704106e-10,0.0015772499609738588,not_checked,0.001,not_checked,not_checked,,-0.002177730898987788,0.011858774788018915,0.002832928069959051,True
local_b4_n800,487,2035222088,local,4,0.1414213562373095,800,0.0020075938745565125,True,ok,0.005511272936494116,0.5760491792254379,0.003994182412747746,9.259680202322684,7.121437474857889,0.02037363025797909,0.016851866198102645,0.028418392010181398,0.012167116329018414,0.01216711632901838,800.0000000000005,800.0000000000005,0.00125,2.282896094385478e-11,7.651644104069985,9,-1.7894540016438754e-14,1.8214596497756474e-16,2.948752353404416e-13,-0.2208217519660467,0.930654062534102,1.3043480597374368,0.20922032225746223,4.598521563536906e-11,0.0018462929874658585,not_checked,0.001,not_checked,not_checked,,-0.0023171807401747638,0.013339726613162996,0.0035036790619376035,True
local_b4_n800,488,2035222089,local,4,0.1414213562373095,800,0.0020075938745565125,True,ok,0.0025678238866617686,0.6210858439959321,0.0024709121309264962,4.153608493035243,4.226860800626211,0.13850928085868985,0.13554252775977577,0.1208227842031377,0.12818777352935878,0.12818777352935867,800.0000000000005,800.0000000000005,0.00125,1.825998241500315e-10,12.430768191555028,9,2.2898349882893854e-16,1.8301332671555315e-16,2.922107000813412e-13,-0.022545137188205278,0.9734787996621916,1.1049146160862262,0.2000644715544729,3.9399039586385243e-10,0.0019811668898910284,not_checked,0.001,not_checked,not_checked,,-0.002275074898917283,0.00741072267224082,0.0005602300121052561,True
local_b4_n800,489,2035222090,local,4,0.1414213562373095,800,0.0020075938745565125,True,ok,0.0021251242625877076,0.6580130691737469,0.0023768405174141665,3.405630922399126,3.18828205341544,0.18058299226833507,0.1800911038816828,0.20308289638726035,0.1826653643734328,0.18266536437343267,800.0000000000005,800.0000000000005,0.00125,9.992007221626409e-16,15.526966421032057,10,-2.7755575615628914e-16,-1.46150452851046e-16,-2.3225865675158275e-13,-0.002716051129395991,0.9182781721298201,1.0691443179386888,0.15703692602605468,2.4424906541753444e-15,0.0017562510911375284,not_checked,0.001,not_checked,not_checked,,-0.002533397548539606,0.006783646073715021,0.00011753038803119509,True
local_b4_n800,490,2035222091,local,4,0.1414213562373095,800,0.0020075938745565125,True,ok,0.0024117762269668663,0.6297179202609899,0.00251501601003354,4.0230190112248625,3.52033667720268,0.166645236482239,0.15444428257838871,0.1720159044688638,0.14523226630117902,0.1452322663011789,800.0000000000005,800.0000000000005,0.00125,1.2212453270876722e-15,10.367165373999688,10,-3.881443777498106e-16,-5.724587470723463e-17,-9.14823772291129e-14,-0.08208852403893707,0.9957110027649947,1.1584277456309695,0.19837766695574144,2.4424906541753444e-15,0.0016777501441538334,not_checked,0.001,not_checked,not_checked,,-0.0025175645732404993,0.007341117027174232,0.00040418235241035383,True
local_b4_n800,491,2035222092,local,4,0.1414213562373095,800,0.0020075938745565125,True,ok,0.004364184019102879,0.6048569580500682,0.003384610306908702,7.254214033068312,6.291846369950897,0.04152956657647949,0.03672253040728282,0.043027183656300295,0.030459808597053006,0.030459808597052954,800.0000000000005,800.0000000000005,0.00125,8.83271233931282e-11,9.56291031034402,9,-2.022687572988957e-15,5.377642775528102e-17,8.348877145181177e-14,-0.13575980125185083,1.0048208644916112,1.185634828154296,0.2119724785491989,1.8602852591698138e-10,0.002200501272454858,not_checked,0.001,not_checked,not_checked,,-0.0022695302841412362,0.010997898322346995,0.0023565901445463666,True
local_b4_n800,492,2035222093,local,4,0.1414213562373095,800,0.0020075938745565125,True,ok,0.0012411645503214164,0.606498063895011,0.001770734378537045,2.03859274464521,1.9082536370328491,0.395183180970086,0.38557572588451894,0.38514830213418644,0.3704889570374477,0.3704889570374475,800.0000000000005,800.0000000000005,0.00125,9.518108523565161e-11,10.375062579817113,9,-2.8189256484623115e-17,7.979727989493313e-17,1.283417816466681e-13,-0.026364732065471297,0.9836052554813786,1.1592578919259784,0.2038058071720199,2.0093260388875933e-10,0.0016014999710023403,not_checked,0.001,not_checked,not_checked,,-0.0022294110577981067,0.00471174015844094,-0.0007664293242350961,True
local_b4_n800,493,2035222094,local,4,0.1414213562373095,800,0.0020075938745565125,True,ok,0.00353461416973766,0.6009883069933257,0.002902853093729579,5.7512693067092595,5.771726179623881,0.06892944712379856,0.06589767102659835,0.055806602634491,0.0591492519209349,0.0591492519209348,800.0000000000005,800.0000000000005,0.00125,7.408795799079826e-11,10.988054283911076,9,-7.32920668600201e-17,-6.201636426617085e-17,-9.769962616701378e-14,-0.0479433175645001,0.9392626723770834,1.1708145197580222,0.20092835126133488,1.5496337546494487e-10,0.001569791929796338,not_checked,0.001,not_checked,not_checked,,-0.002154873346382989,0.00922410168585831,0.0015270202951811473,True
local_b4_n800,494,2035222095,local,4,0.1414213562373095,800,0.0020075938745565125,True,ok,0.0018837427217825997,0.640701852534076,0.002192452907292446,3.1024290766951466,2.8712359900127966,0.246485703081271,0.23659924387308146,0.23796825536966523,0.2215749931160184,0.22157499311601817,800.0000000000005,800.0000000000005,0.00125,2.3678975447083417e-16,11.90073160034955,10,-2.905661822261152e-17,3.0357660829594124e-18,4.440892098500626e-15,-0.04422036092149262,0.9667489992730496,1.188824986562826,0.1907020707536496,0.0,0.001698042033240199,not_checked,0.001,not_checked,not_checked,,-0.002413386014310729,0.006180871457875928,-0.0001238511527739128,True
local_b4_n800,495,2035222096,local,4,0.1414213562373095,800,0.0020075938745565125,True,ok,0.0009415723413586097,0.581458622785693,0.0015742390926212788,1.540210497272244,1.391063994148577,0.4896533389451112,0.48189895582737885,0.49880901245068,0.4708301465288358,0.4708301465288356,800.0000000000005,800.0000000000005,0.00125,1.1358192164578895e-10,9.58097352952437,8,-1.1802974613298045e-11,-9.627715291671279e-17,-1.5409895581797173e-13,-0.016847375549233767,1.0025727840076333,1.1089465564090655,0.22328008858756127,2.189957104548057e-10,0.0016768740024417639,not_checked,0.001,not_checked,not_checked,,-0.002143879583234111,0.004027024265951331,-0.0010660215331979028,True
local_b4_n800,496,2035222097,local,4,0.1414213562373095,800,0.0020075938745565125,True,ok,0.00014382098711984703,0.6033181415916467,0.0006018317371918175,0.22780744829691785,0.231040652913632,0.8896909849023578,0.8907336976393747,0.8909024631625874,0.891315524931935,0.891315524931935,800.0000000000005,800.0000000000005,0.00125,8.24413870503804e-11,13.16092742623389,8,4.315856482958735e-15,1.4544572143893042e-16,2.327027459614328e-13,0.0011530655474187718,0.9510819731435468,1.0187979680104227,0.19019749826539994,1.7301915455902872e-10,0.0015519161242991686,not_checked,0.001,not_checked,not_checked,,-0.0010357475425292902,0.0013233895167689843,-0.0018637728874366655,False
local_b4_n800,497,2035222098,local,4,0.1414213562373095,800,0.0020075938745565125,True,ok,0.0044935006007851275,0.6394542890614001,0.0034474148015319647,7.591458593305431,6.29376562268532,0.04292203433308965,0.03604370716463197,0.042985913441517094,0.02746616266088878,0.027466162660888725,800.0000000000005,800.0000000000005,0.00125,1.2678746941219288e-13,9.996898482832496,10,-3.0064492562154044e-14,-2.8536201179818477e-16,-4.565237077258644e-13,-0.2009288160246112,1.0298496507794994,1.2477229696004182,0.20317899838573833,2.5068835896036035e-13,0.0017784161027520895,not_checked,0.001,not_checked,not_checked,,-0.0022633082499878216,0.011250309451558076,0.002485906726228615,True
local_b4_n800,498,2035222099,local,4,0.1414213562373095,800,0.0020075938745565125,True,ok,0.002218843458325015,0.6163684381056556,0.0023758433035862996,3.684766715992933,3.395579191602277,0.18972059491548726,0.17820358618932436,0.18308777509587154,0.1694707782617227,0.1694707782617225,800.0000000000005,800.0000000000005,0.00125,1.483136946589525e-10,10.04786021312843,9,-6.678685382510707e-17,7.502679033599691e-17,1.199040866595169e-13,-0.0673085913364535,0.9392483750311368,1.1991923483644518,0.1904863469308319,3.176172658214682e-10,0.0016145410481840372,not_checked,0.001,not_checked,not_checked,,-0.0024377238496147945,0.006875410766264824,0.00021124958376850245,True
local_b4_n800,499,2035222100,local,4,0.1414213562373095,800,0.0020075938745565125,True,ok,0.0004325753102336627,0.6722491314636365,0.0010917910003117092,0.7018382836447123,0.6205309492796938,0.7092795841870394,0.7058721821148373,0.7332522705009434,0.7074698620459773,0.7074698620459772,800.0000000000005,800.0000000000005,0.00125,7.971845406018474e-12,15.073040082088333,9,-5.673533474623293e-13,2.340792490396204e-16,3.743672039036028e-13,-0.004858893635425798,0.8808170037304254,1.148767582599972,0.14742689329125694,1.8024914893999266e-11,0.0016348336357623339,not_checked,0.001,not_checked,not_checked,,-0.0017072957290222464,0.0025724463494895718,-0.0015750185643228498,True
local_b4_n800,500,2035222101,local,4,0.1414213562373095,800,0.0020075938745565125,True,ok,0.0020413029708425956,0.6182300502804503,0.0021565663306488065,3.37587521584022,3.484426378549319,0.20820325594321742,0.19752781557790072,0.17513237029952355,0.19533438840948492,0.19533438840948467,800.0000000000005,800.0000000000005,0.00125,1.6120371704175795e-10,10.437023392792332,9,-3.0184188481996443e-16,-1.8301332671555315e-16,-2.9309887850104133e-13,-0.05489523124603268,0.9649203673323408,1.1175966323320323,0.18355281686351452,3.4589731079393005e-10,0.0017024159897118807,not_checked,0.001,not_checked,not_checked,,-0.002185489367500763,0.006268095309185954,3.3709096286083096e-05,True
local_b4_n800,501,2035222102,local,4,0.1414213562373095,800,0.0020075938745565125,True,ok,0.005200924098495596,0.6462376655271069,0.003648413520249283,8.857723935533299,7.5267944713029165,0.024891459787198672,0.0196291416599979,0.023204774231242398,0.015596023847320789,0.015596023847320756,800.0000000000005,800.0000000000005,0.00125,6.337153024560394e-13,9.771673874610107,10,-1.6812679720645818e-13,2.3418766925686896e-17,3.730349362740526e-14,-0.2681226889701698,1.0741506383675352,1.1770281722587796,0.20696766451523996,1.2532197501968767e-12,0.002126209205016494,not_checked,0.001,not_checked,not_checked,,-0.0019498350019019938,0.012351683198893185,0.0031933302239390837,True
local_b4_n800,502,2035222103,local,4,0.1414213562373095,800,0.0020075938745565125,True,ok,0.005231032770216304,0.6594793832506021,0.003649511463140887,8.794963556900196,7.628986467778452,0.023402516539957542,0.019342858000907234,0.02204888525074055,0.015224851544993735,0.015224851544993692,800.0000000000005,800.0000000000005,0.00125,2.7844393457598926e-13,11.508740358644088,10,-6.5445912578177e-14,8.066464163292153e-17,1.2789769243681803e-13,-0.2126555622770523,1.0700465142807423,1.1574362454317006,0.19144343459880714,5.724309914967307e-13,0.0017850010190159082,not_checked,0.001,not_checked,not_checked,,-0.0019218782587059119,0.01238394379913852,0.0032234388956597915,True
local_b4_n800,503,2035222104,local,4,0.1414213562373095,800,0.0020075938745565125,True,ok,0.005455369784763686,0.6288031193592636,0.003632031742810261,9.263826988565237,8.423146835682378,0.019870581854533907,0.0156409768449592,0.014823027164791442,0.012723611634892324,0.012723611634892287,800.0000000000005,800.0000000000005,0.00125,4.768407890765047e-13,9.138137418762291,10,-1.2378899988396697e-13,-3.122502256758253e-17,-4.973799150320701e-14,-0.26761766647166674,1.0433759014744017,1.1801120771277687,0.19634791832400386,9.15267861500979e-13,0.002078041899949312,not_checked,0.001,not_checked,not_checked,,-0.0016632816218506699,0.012574021191378043,0.0034477759102071737,True
local_b4_n800,504,2035222105,local,4,0.1414213562373095,800,0.0020075938745565125,True,ok,0.003974502573004024,0.6532217548378019,0.0030018846351592622,6.7331549393393955,6.719124433519161,0.05309632789344621,0.044760126961392616,0.03475046878802052,0.04160220707631255,0.04160220707631249,800.0000000000005,800.0000000000005,0.00125,1.0558220964185239e-13,10.478604904393318,10,-2.513267371995198e-14,4.2847669856627135e-16,6.856737400084967e-13,-0.18697541126647677,0.9522217724773525,1.2068706758356162,0.16847502770887834,2.1382895454280515e-13,0.0019519161432981491,not_checked,0.001,not_checked,not_checked,,-0.0019090831976522902,0.009858088343660337,0.0019669086984475115,True
local_b4_n800,505,2035222106,local,4,0.1414213562373095,800,0.0020075938745565125,True,ok,0.0025245285043522525,0.6662887016590573,0.002485021973517703,4.205715518971592,3.9404108498340227,0.15311478876552576,0.14172002170778158,0.13942821124423238,0.13270551169778147,0.1327055116977813,800.0000000000005,800.0000000000005,0.00125,1.3322676295501878e-15,12.46912798418571,10,-4.345482307321902e-16,-3.903127820947816e-16,-6.24389429049188e-13,-0.08323495600399244,1.0641869724926065,1.0882863443541497,0.1776613572906495,2.6645352591003757e-15,0.0018385408911854029,not_checked,0.001,not_checked,not_checked,,-0.002346025064533093,0.007395082073237598,0.00051693462979574,True
local_b4_n800,506,2035222107,local,4,0.1414213562373095,800,0.0020075938745565125,True,ok,0.004094788268206084,0.6374807741123167,0.003205000882425754,6.563181412344986,6.491997527530764,0.037606026124549566,0.03739059506561344,0.038929663396884834,0.037785471028652096,0.03778547102865203,800.0000000000005,800.0000000000005,0.00125,6.661338147750939e-16,14.369333938491241,10,2.3592239273284576e-16,2.0816681711721685e-16,3.3306690738754696e-13,-0.005760091607623696,0.9267462399086633,1.0671754813440117,0.17255283762334056,1.3322676295501878e-15,0.002221542177721858,not_checked,0.001,not_checked,not_checked,,-0.002186898031767486,0.010376474568179654,0.002087194393649572,True
local_b4_n800,507,2035222108,local,4,0.1414213562373095,800,0.0020075938745565125,True,ok,0.004546217465982716,0.6252428171016002,0.003396184238839621,7.55624688836296,6.785569561525927,0.03597654776803087,0.03162424473964169,0.03361493620881362,0.02633190458854954,0.026331904588549476,800.0000000000005,800.0000000000005,0.00125,2.2093438190040615e-14,10.539690255739249,10,-4.1234377023968705e-15,3.122502256758253e-17,4.973799150320701e-14,-0.14114947139530498,1.0617179823398124,1.1253948506912315,0.2072461650141062,4.374278717023117e-14,0.0018997080624103546,not_checked,0.001,not_checked,not_checked,,-0.002110181327005518,0.011202616258970951,0.0025386235914262034,True
local_b4_n800,508,2035222109,local,4,0.1414213562373095,800,0.0020075938745565125,True,ok,0.0020524113944144773,0.6131953949456084,0.0022509568289015396,3.383031361769861,3.252006790303394,0.21615460402687015,0.2064503707519435,0.1967141940763534,0.1936061930935777,0.19360619309357752,800.0000000000005,800.0000000000005,0.00125,1.2886081091068036e-10,10.447641012800412,9,-6.331740687315346e-17,-2.90132501357121e-16,-4.645173135031655e-13,-0.04958656535334782,0.9310144925634352,1.2172522889935506,0.19296121142026146,2.7442714767289544e-10,0.0019064170774072409,not_checked,0.001,not_checked,not_checked,,-0.002359382920987029,0.0064642057098159835,4.481751985796478e-05,True
local_b4_n800,509,2035222110,local,4,0.1414213562373095,800,0.0020075938745565125,True,ok,0.00043913288001840023,0.6510048182717849,0.0010323249245694287,0.7139782302208869,0.7116168517126729,0.7103039006200291,0.7063850273545784,0.7006068255323556,0.7037681538267799,0.7037681538267798,800.0000000000005,800.0000000000005,0.00125,9.6579411135167e-12,13.517315171513358,9,-7.307252676211351e-13,1.8257964584655895e-16,2.9198865547641617e-13,-0.00568281109572305,0.9852097237068353,1.0702990431968589,0.18043940771368394,2.099609375250111e-11,0.0017697499133646488,not_checked,0.001,not_checked,not_checked,,-0.0015841867924807078,0.0024624525525175083,-0.0015684609945381123,True
local_b4_n800,510,2035222111,local,4,0.1414213562373095,800,0.0020075938745565125,True,ok,0.0035007730668683568,0.652014758960634,0.0029118646735398586,5.877642023538463,5.438530347761862,0.07903057941777528,0.06973041619649589,0.06592317870607652,0.060772466056538355,0.060772466056538244,800.0000000000005,800.0000000000005,0.00125,2.142730437526552e-14,11.080229568727386,10,-4.541506060107281e-15,1.0668549377257364e-16,1.687538997430238e-13,-0.13820255827454453,1.078992263971158,1.127880335682537,0.18937015427784817,4.374278717023117e-14,0.001970042008906603,not_checked,0.001,not_checked,not_checked,,-0.002206376821124248,0.009207922954860961,0.0014931791923118443,True
local_b4_n800,511,2035222112,local,4,0.1414213562373095,800,0.0020075938745565125,True,ok,0.0031572106581521098,0.664312148245698,0.002942001677435539,5.2620259061790975,4.399889193299218,0.10639782649515639,0.0970476865529056,0.11080929739860106,0.07999680948654819,0.07999680948654807,800.0000000000005,800.0000000000005,0.00125,7.327471962526033e-15,12.354101892897333,10,-1.4428562511437093e-15,-1.5612511283791264e-16,-2.540190280342358e-13,-0.1052444265678596,0.9458275521438415,1.3050749516859288,0.1766455174447829,1.532107773982716e-14,0.0018223330844193697,not_checked,0.001,not_checked,not_checked,,-0.002609006672077973,0.008923427988382193,0.0011496167835955973,True
local_b4_n800,512,2035222113,local,4,0.1414213562373095,800,0.0020075938745565125,True,ok,0.0009672511284950502,0.6290139451652774,0.0015825268865688191,1.5886305380705552,1.4643594941402833,0.48125425410385225,0.4720355844543067,0.4808596943960455,0.4612565409548428,0.4612565409548425,800.0000000000005,800.0000000000005,0.00125,5.793976409762536e-16,11.471377727189262,10,-1.124317652867468e-16,-1.0722759485881639e-16,-1.7275070263167436e-13,-0.02051436623923697,0.9411236710116161,1.1837427805304466,0.18671423973891688,1.1102230246251565e-15,0.0017903749831020832,not_checked,0.001,not_checked,not_checked,,-0.002134444573746139,0.004068946830736239,-0.0010403427460614623,True
local_b4_n800,513,2035222114,local,4,0.1414213562373095,800,0.0020075938745565125,True,ok,0.00029266907749603277,0.5823295487505293,0.0008401341132864454,0.47058549534668065,0.4823668851986801,0.7955165371030056,0.7946175087591074,0.7856974827791746,0.7912547819551292,0.7912547819551291,800.0000000000005,800.0000000000005,0.00125,3.090250277892892e-11,10.891649505522977,8,-8.324124809583333e-15,-1.7672495411513722e-17,-2.842170943040401e-14,-0.0011574856765139696,0.9719985638572127,1.0773639501016046,0.21401320335890203,6.282796505274746e-11,0.0017710838001221418,not_checked,0.001,not_checked,not_checked,,-0.001353963526728894,0.0019393016817209595,-0.0017149247970604797,False
local_b4_n800,514,2035222115,local,4,0.1414213562373095,800,0.0020075938745565125,True,ok,0.00016565054610695462,0.6664221343207477,0.0006314485180774249,0.26688376132885905,0.27367075733666013,0.8764971190434928,0.8756941581643778,0.8721137828478365,0.8758850335610903,0.8758850335610903,800.0000000000005,800.0000000000005,0.00125,1.113553693699032e-13,15.339807558754487,9,-4.092104259612039e-15,2.5083017260452145e-16,4.014566457044566e-13,-0.0009214437788657437,0.9600194505627757,1.0525680351439444,0.17414940600884332,2.498001805406602e-13,0.0017696679569780827,not_checked,0.001,not_checked,not_checked,,-0.0010719658074159874,0.0014032668996298966,-0.0018419433284495579,False
local_b4_n800,515,2035222116,local,4,0.1414213562373095,800,0.0020075938745565125,True,ok,0.0010296839250407697,0.600699173321317,0.0017172121297272056,1.6863582845033283,1.3960277693942347,0.46058463273898564,0.452270888491761,0.4975725595397993,0.4387843836265489,0.4387843836265487,800.0000000000005,800.0000000000005,0.00125,1.8796497691653258e-10,10.321048871426898,8,-2.0682581081815643e-11,9.75781955236954e-18,1.5987211554602254e-14,-0.01943200221904795,0.9185105956972486,1.2196003611671002,0.19624984143244217,3.729487829673417e-10,0.0018018330447375774,not_checked,0.001,not_checked,not_checked,,-0.0023359900030398765,0.004395357853121416,-0.0009779099495157428,True
local_b4_n800,516,2035222117,local,4,0.1414213562373095,800,0.0020075938745565125,True,ok,0.0003029385089154957,0.6608183849817049,0.0008640653976380946,0.4929370838213526,0.4845610379118134,0.7920426493484032,0.7889123924598895,0.7848359852980691,0.7847808225464861,0.7847808225464861,800.0000000000005,800.0000000000005,0.00125,4.160782829387699e-12,14.067966043802905,9,-2.933750247943734e-13,3.8272336688738307e-16,6.119549311733863e-13,-0.004117734778279619,0.9653870977512529,1.1186105225115253,0.17190195816118412,9.203970918747473e-12,0.00159987504594028,not_checked,0.001,not_checked,not_checked,,-0.0013905985507424504,0.001996475568573442,-0.0017046553656410168,False
local_b4_n800,517,2035222118,local,4,0.1414213562373095,800,0.0020075938745565125,True,ok,0.0032678411729301082,0.5942729596567693,0.003023130778767061,5.413845484906082,4.43692579762514,0.09109041918864016,0.08374607132617595,0.10877618038515063,0.07322100553320768,0.07322100553320757,800.0000000000005,800.0000000000005,0.00125,5.4313775699199596e-11,9.284930534540106,9,-1.93421667571414e-16,1.0148132334464322e-16,1.6253665080512292e-13,-0.09264980410895296,0.9507163154879286,1.2279810121076076,0.20341351791001905,1.1243894704193735e-10,0.0017591249197721481,not_checked,0.001,not_checked,not_checked,,-0.0026573862740078575,0.009193068619868074,0.0012602472983735957,True
local_b4_n800,518,2035222119,local,4,0.1414213562373095,800,0.0020075938745565125,True,ok,0.0009225777910251143,0.6604610320728748,0.0015016221916559784,1.5125777748947808,1.4731538351722027,0.49474025446472114,0.486218391038293,0.47874991425644764,0.4780393475539405,0.4780393475539403,800.0000000000005,800.0000000000005,0.00125,6.489085527597305e-16,13.38393011529639,10,-6.440160904563896e-17,1.0950441942103595e-17,1.7763568394002505e-14,-0.018226654627298555,1.0135226058011706,1.0848582988892082,0.17892626363187716,1.3322676295501878e-15,0.001688375836238265,not_checked,0.001,not_checked,not_checked,,-0.002020547623006706,0.0038657032050569344,-0.0010850160835313982,True
local_b4_n800,519,2035222120,local,4,0.1414213562373095,800,0.0020075938745565125,True,ok,0.006330309362621911,0.598545726265374,0.0040054302451460085,10.714773623965424,9.138555904219368,0.011712502698125925,0.009057107993405231,0.010365441361303252,0.006318663971423395,0.006318663971423378,800.0000000000005,800.0000000000005,0.00125,6.620504144905226e-11,8.065753630457046,9,-1.2560872481026664e-13,-2.0122792321330962e-16,-3.197442310920451e-13,-0.29313932188518077,1.1016321514977692,1.174492326674843,0.23055842935533516,1.3796985776082238e-10,0.0018424580339342356,not_checked,0.001,not_checked,not_checked,,-0.0015201896604517054,0.014180808385695527,0.004322715488065398,True
local_b4_n800,520,2035222121,local,4,0.1414213562373095,800,0.0020075938745565125,True,ok,0.0019187959891142636,0.5768537525978195,0.0022108827663526744,3.1544014972972994,2.9239174385873743,0.23857833198952366,0.22938997660919302,0.2317818342636974,0.21544776442244065,0.21544776442244037,800.0000000000005,800.0000000000005,0.00125,2.3743451649238523e-11,9.066217328676805,9,-7.892991815694472e-17,-6.505213034913027e-17,-1.0391687510491465e-13,-0.04216395735723788,0.9883237118681851,1.1558516649734178,0.22043315318497966,4.7871706598812125e-11,0.0016557921189814806,not_checked,0.001,not_checked,not_checked,,-0.0024144546069772618,0.006252046585205789,-8.879788544224887e-05,True
local_b4_n800,521,2035222122,local,4,0.1414213562373095,800,0.0020075938745565125,True,ok,0.0021372785103077607,0.6500593851924517,0.00239605970638036,3.545512243790986,3.0204930520705187,0.20811080178532046,0.19645537134624885,0.22085552461072255,0.18089784338359868,0.18089784338359852,800.0000000000005,800.0000000000005,0.00125,9.992007221626409e-16,11.849228028031709,10,-1.7607443281164592e-16,-2.220446049250313e-16,-3.552713678800501e-13,-0.06293331364928356,1.0059466304709557,1.1739977138682003,0.18706040820618575,2.220446049250313e-15,0.001810707850381732,not_checked,0.001,not_checked,not_checked,,-0.0025589122190053616,0.006833469239620883,0.00012968463575124822,True
local_b4_n800,522,2035222123,local,4,0.1414213562373095,800,0.0020075938745565125,True,ok,0.009872380346418463,0.6282468164998909,0.005296407961104926,16.876741417406766,12.480590884566414,0.0014469057058836988,0.0009419457948197428,0.0019492795381668318,0.00037152133090590146,0.0003715213309058999,800.0000000000005,800.0000000000005,0.00125,2.077582550441548e-11,8.931375506044736,10,-6.455301571062222e-12,-4.2327252813834093e-16,-6.750155989720952e-13,-0.5404664315686079,0.9716556063409678,1.3701009004754667,0.1947093792726889,3.880229471064922e-11,0.0020953749772161245,not_checked,0.001,not_checked,not_checked,,-0.0005083885047784103,0.02025314919761534,0.007864786471861951,True
local_b4_n800,523,2035222124,local,4,0.1414213562373095,800,0.0020075938745565125,True,ok,0.0035969793628811697,0.619832277209176,0.0031304720600336742,5.97414184380452,5.0378738948572455,0.0686655867511732,0.06206590804018189,0.0805451850204208,0.05627057706486436,0.056270577064864276,800.0000000000005,800.0000000000005,0.00125,1.7268708685236334e-10,10.269994449798334,9,-4.865899350114944e-16,2.3548871186385156e-16,3.765876499528531e-13,-0.10948743159732244,0.9533338031372536,1.1907912139541157,0.18683818815257044,3.7214409331909337e-10,0.0016583751421421766,not_checked,0.001,not_checked,not_checked,,-0.0025386331293937416,0.00973259185515608,0.0015893854883246572,True
local_b4_n800,524,2035222125,local,4,0.1414213562373095,800,0.0020075938745565125,True,ok,0.0024778309112942765,0.637663533349899,0.002465456913034304,4.140197202728354,3.833858995666231,0.1627613967346203,0.15019918121841985,0.14705781093715461,0.1377569017115041,0.13775690171150395,800.0000000000005,800.0000000000005,0.00125,9.992007221626409e-16,10.642643867327713,10,-1.97758476261356e-16,6.678685382510707e-17,1.0791367799356522e-13,-0.08783387232875461,1.0307243955076686,1.153339263598414,0.1917156246923596,2.220446049250313e-15,0.001733624842017889,not_checked,0.001,not_checked,not_checked,,-0.0023543758436882596,0.0073100376662768125,0.00047023703673776396,True
local_b4_n800,525,2035222126,local,4,0.1414213562373095,800,0.0020075938745565125,True,ok,0.0017205528731605302,0.67744609227765,0.002156023508451021,2.86057152873692,2.4236036272246797,0.2820356552772353,0.26844295194468193,0.29766046727560286,0.2524751884830326,0.25247518848303246,800.0000000000005,800.0000000000005,0.00125,9.992007221626409e-16,13.29818103534093,10,2.936019483090746e-16,3.5258254649228604e-16,5.622169396701793e-13,-0.053843465840035076,0.9966451196762107,1.1811748902774486,0.17578859787334972,1.9984014443252818e-15,0.0019537077751010656,not_checked,0.001,not_checked,not_checked,,-0.0025051755532251594,0.00594628129954622,-0.0002870410013959823,True
local_b4_n800,526,2035222127,local,4,0.1414213562373095,800,0.0020075938745565125,True,ok,0.003895674191013665,0.6102014048892543,0.0032192670268745443,6.539344816274043,5.51018076815431,0.060526672151831246,0.05278355157864399,0.06360327068604245,0.04431024552060927,0.04431024552060918,800.0000000000005,800.0000000000005,0.00125,1.1265033350582598e-10,9.049919968010581,9,-3.9582052913100796e-15,-2.1337098754514727e-16,-3.3928415632544784e-13,-0.15313305532608767,1.0027855830788681,1.2154674070088218,0.2073147129192558,2.3886004285600393e-10,0.001686417032033205,not_checked,0.001,not_checked,not_checked,,-0.00241397323827778,0.01020532162030511,0.0018880803164571525,True
local_b4_n800,527,2035222128,local,4,0.1414213562373095,800,0.0020075938745565125,True,ok,0.004105107721045664,0.6198377029021649,0.0032105125068621052,6.811693444123061,6.202039598970915,0.04755104111953308,0.042483293314227025,0.04500328465755787,0.03747481480488908,0.03747481480488903,800.0000000000005,800.0000000000005,0.00125,1.7294976561998965e-10,10.37456871760239,9,-1.83100062889352e-15,-1.7607443281164592e-16,-2.8421709430404007e-13,-0.12176054522499724,1.0216013090209488,1.133244390897884,0.20881524129049095,3.722349095625077e-10,0.0015745828859508038,not_checked,0.001,not_checked,not_checked,,-0.0021873811643194647,0.010397596606410793,0.002097513846489152,True
local_b4_n800,528,2035222129,local,4,0.1414213562373095,800,0.0020075938745565125,True,ok,0.0001858152680624947,0.6371359378219144,0.0006936571069476366,0.29654422058288155,0.2878648881454163,0.8570769304945656,0.8574149126823223,0.865946245884871,0.8618688082989463,0.8618688082989462,800.0000000000005,800.0000000000005,0.00125,5.3290705182007514e-14,14.403351326274672,9,1.1711009766102176e-15,1.5894403848637495e-16,2.5424107263916085e-13,0.00038010415855507795,0.8902054941052027,1.04308065259368,0.16077872587545444,1.192379528447418e-13,0.0016334161628037691,not_checked,0.001,not_checked,not_checked,,-0.0011737276791751216,0.001545358215300111,-0.0018217786064940178,False
local_b4_n800,529,2035222130,local,4,0.1414213562373095,800,0.0020075938745565125,True,ok,0.003403565909735562,0.621174139298263,0.002895754367701607,5.672808685223606,5.3120194543955765,0.08029382720332891,0.0723050647701825,0.07022789184035239,0.06568709947540233,0.06568709947540226,800.0000000000005,800.0000000000005,0.00125,1.8354817665766632e-10,10.056804620739916,9,-6.435824095873954e-16,3.3089850304257595e-16,5.275779813018744e-13,-0.11355161482335197,0.998760020311767,1.158903880917987,0.2016674101256324,3.9557490616459745e-10,0.0014789591077715158,not_checked,0.001,not_checked,not_checked,,-0.0022720083590341443,0.009079140178505269,0.0013959720351790494,True
local_b4_n800,530,2035222131,local,4,0.1414213562373095,800,0.0020075938745565125,True,ok,0.0009924370011733519,0.6113676194311064,0.0016250137004596226,1.6291357228037977,1.4599285487459812,0.46825037134519254,0.4591338245300801,0.4819262068985737,0.452055824638524,0.4520558246385238,800.0000000000005,800.0000000000005,0.00125,1.1868839244755236e-10,10.642198437349098,9,6.635317295611287e-17,7.15573433840433e-18,1.0880185641326534e-14,-0.02061826046321691,0.9394677900334759,1.1605439938632807,0.1929144312722354,2.5215807220035913e-10,0.0019408748485147953,not_checked,0.001,not_checked,not_checked,,-0.002192531326111668,0.004177405328458372,-0.0010151568733831606,True
local_b4_n800,531,2035222132,local,4,0.1414213562373095,800,0.0020075938745565125,True,ok,0.0008764595081922621,0.6253653188926227,0.0015410931241848968,1.4273915232162402,1.2710873350184437,0.5145127894249959,0.5084532799012806,0.5296474579140671,0.49600582590310094,0.4960058259031007,800.0000000000005,800.0000000000005,0.00125,7.642941834973271e-11,11.946294440667737,9,-7.154466689224259e-12,-6.342582709040201e-17,-1.0036416142611415e-13,-0.01252815505430993,0.9384666642354865,1.1810777085756423,0.1889872547087807,1.5887513526990915e-10,0.0019275839440524578,not_checked,0.001,not_checked,not_checked,,-0.0021440275120324487,0.003896946528416973,-0.0011311343663642504,True
local_b4_n800,532,2035222133,local,4,0.1414213562373095,800,0.0020075938745565125,True,ok,0.005498839087733742,0.5851422432854052,0.0037736502707680524,9.253702894278122,8.001581624323297,0.018992300407211244,0.015495983818011722,0.018301160384395814,0.012288747531143014,0.012288747531142983,800.0000000000005,800.0000000000005,0.00125,3.534050829756552e-11,7.891591475510429,9,-2.498088541580401e-14,-1.457167719820518e-16,-2.3092638912203256e-13,-0.22778017695206465,1.0031886567507398,1.2072130762242215,0.21589134760404854,7.21540605042037e-11,0.0016765419859439135,not_checked,0.001,not_checked,not_checked,,-0.0018973795332214638,0.01289505770868895,0.00349124521317723,True
local_b4_n800,533,2035222134,local,4,0.1414213562373095,800,0.0020075938745565125,True,ok,0.001161139966373348,0.6253709738040656,0.001711016579835589,1.9105420753721183,1.8087444127662688,0.4087790007440649,0.39855877841420584,0.4047959336529262,0.39498322904406474,0.3949832290440645,800.0000000000005,800.0000000000005,0.00125,9.020562075079397e-16,11.148196555961361,10,-4.380176776841438e-17,1.8041124150158794e-16,2.899902540320909e-13,-0.026359064587380243,0.9318760463145289,1.1512713905356382,0.17774595759177048,1.5543122344752192e-15,0.0018141248729079962,not_checked,0.001,not_checked,not_checked,,-0.0021923909070553083,0.004514670839802004,-0.0008464539081831646,True
local_b4_n800,534,2035222135,local,4,0.1414213562373095,800,0.0020075938745565125,True,ok,0.0016502587053957019,0.6291122280227868,0.002048999766801998,2.7264175780796434,2.507484844803052,0.29015190322993745,0.27870356508008487,0.28543457874350125,0.26708002021152216,0.26708002021152194,800.0000000000005,800.0000000000005,0.00125,8.881784197001252e-16,11.035894573781148,10,1.9992688060632702e-16,3.436920886779049e-16,5.511147094239277e-13,-0.04300182472325953,1.0031329985073365,1.1322809788052766,0.20018490173417117,1.9984014443252818e-15,0.0019949160050600767,not_checked,0.001,not_checked,not_checked,,-0.002365707041867183,0.005666224452658587,-0.00035733516916081065,True
local_b4_n800,535,2035222136,local,4,0.1414213562373095,800,0.0020075938745565125,True,ok,0.0063289272284881015,0.6540558596927888,0.004143074096309543,10.860577408533679,8.482642995469126,0.013280878151440186,0.009755624852042552,0.014388564817985472,0.006325654428334813,0.006325654428334799,800.0000000000005,800.0000000000005,0.00125,3.742783860616328e-12,9.674645656717745,10,-1.0980365922064195e-12,-2.688821387764051e-17,-4.796163466380676e-14,-0.36714692147635564,1.0244479516474507,1.2998655215069137,0.19260215922513324,7.378764266263715e-12,0.0020429170690476894,not_checked,0.001,not_checked,not_checked,,-0.0017913487855594334,0.014449203242535636,0.004321333353931589,True
local_b4_n800,536,2035222137,local,4,0.1414213562373095,800,0.0020075938745565125,True,ok,0.008766590304815969,0.5597296578923767,0.004915598610850276,14.827630958075014,11.625940259838549,0.002328167093385798,0.0016588386643724838,0.002988540523679341,0.0008998592067222558,0.0008998592067222522,800.0000000000005,800.0000000000005,0.00125,1.0197176436577138e-11,6.724780731503568,9,-3.8917827294149276e-13,1.6479873021779667e-16,2.6645352591003757e-13,-0.40054323518472845,1.003315099373434,1.2772962375458863,0.23302530231359828,2.002953358726245e-11,0.0016502500511705875,not_checked,0.001,not_checked,not_checked,,-0.0008678059349056921,0.01840098654453763,0.006758996430259456,True
local_b4_n800,537,2035222138,local,4,0.1414213562373095,800,0.0020075938745565125,True,ok,0.0007583349239410619,0.6820915070472837,0.0013135689152452498,1.2112306165683913,1.3388356112901107,0.5450860021513855,0.5456591600353764,0.512006578370618,0.5451643668962697,0.5451643668962696,800.0000000000005,800.0000000000005,0.00125,2.2138069155630546e-11,17.49139819616847,9,2.4331784417158664e-13,-1.0104764247564901e-16,-1.6231460620019789e-13,0.0010526308686542585,0.8938932653411702,1.114060806615322,0.1583077787132324,5.252753787488018e-11,0.0016739580314606428,not_checked,0.001,not_checked,not_checked,,-0.0018162128411509746,0.0033328826890330985,-0.0012492589506154506,True
local_b4_n800,538,2035222139,local,4,0.1414213562373095,800,0.0020075938745565125,True,ok,0.0017265178031311557,0.6249417210406556,0.0020932070547925582,2.8573848612551207,2.604206971684395,0.28026926776963,0.26828977131527554,0.27195912877255335,0.25127326107406656,0.2512732610740663,800.0000000000005,800.0000000000005,0.00125,3.3306690738754696e-16,10.698559770787462,10,3.209238430557093e-17,1.9949319973733282e-17,3.241851231905457e-14,-0.047478188122634934,1.0284436794135567,1.1443949239900117,0.20311406686038247,6.661338147750939e-16,0.0018874169327318668,not_checked,0.001,not_checked,not_checked,,-0.002376092636447418,0.005829128242709729,-0.00028107607142535684,True
local_b4_n800,539,2035222140,local,4,0.1414213562373095,800,0.0020075938745565125,True,ok,0.00043637949503860796,0.627138093735456,0.001070602361669414,0.7094778028603588,0.6556653110234946,0.7124167998884656,0.7085296221414863,0.7204835785733398,0.7053200581265013,0.7053200581265012,800.0000000000005,800.0000000000005,0.00125,8.035572207631958e-12,12.170680290759213,9,-5.99623378293862e-13,1.334652874329656e-16,2.1183055309847987e-13,-0.0056353053992928,0.957754286710116,1.1057043176578343,0.19399545852502914,1.685029893394585e-11,0.0016653339844197035,not_checked,0.001,not_checked,not_checked,,-0.0016619625755969689,0.0025347215656741848,-0.0015712143795179045,True
local_b4_n800,540,2035222141,local,4,0.1414213562373095,800,0.0020075938745565125,True,ok,0.0043557887214431545,0.5941101854934587,0.0034199550152024276,7.257201410361071,6.196597035993426,0.041763510896181154,0.03668056983948946,0.04512591804733711,0.03066507245380411,0.030665072453804065,800.0000000000005,800.0000000000005,0.00125,5.3905546693044926e-11,8.92538066808799,9,-2.482389294122811e-15,-1.3010426069826053e-16,-2.0872192862952943e-13,-0.14396972802600994,0.9662887861765184,1.219544276633451,0.20968879542306576,1.115612047186687e-10,0.0016483331564813852,not_checked,0.001,not_checked,not_checked,,-0.0023471999371007368,0.011058777379987046,0.002348194846886642,True
local_b4_n800,541,2035222142,local,4,0.1414213562373095,800,0.0020075938745565125,True,ok,0.0026310039012134023,0.6460204223018815,0.002641707312940881,4.386206694047835,3.749145668701577,0.1465671809577656,0.13525882576942283,0.1534204888122711,0.12186966548875873,0.12186966548875854,800.0000000000005,800.0000000000005,0.00125,8.881784197001252e-16,11.260052966610797,10,-3.0704605524789486e-16,-9.107298248878237e-17,-1.4566126083082054e-13,-0.08830022605319421,1.0073269674292662,1.1851429351152567,0.19522694707913105,1.7763568394002505e-15,0.002255666069686413,not_checked,0.001,not_checked,not_checked,,-0.0025466472898468063,0.007808655092273611,0.0006234100266568898,True
local_b4_n800,542,2035222143,local,4,0.1414213562373095,800,0.0020075938745565125,True,ok,0.0003656914329630556,0.5812018732301796,0.0009162436080815162,0.5898479449054717,0.6361558498974849,0.7507593528845868,0.7490193605626607,0.7275460922136564,0.7463555778917828,0.7463555778917826,800.0000000000005,800.0000000000005,0.00125,2.9278690583112166e-11,10.595652961327078,8,-4.43688055046243e-14,-2.8888566885876266e-16,-4.620748228489902e-13,-0.0023708260822911664,0.895496926849459,1.1602053976906088,0.19843463106849862,5.94246873930615e-11,0.0014964998699724674,not_checked,0.001,not_checked,not_checked,,-0.0014301130399417485,0.0021614959058678597,-0.0016419024415934569,True
local_b4_n800,543,2035222144,local,4,0.1414213562373095,800,0.0020075938745565125,True,ok,4.684569191493182e-05,0.6203187577348919,0.00034009744118409293,0.07457503435191368,0.07625418041003361,0.9627291147690715,0.9629135832877339,0.9625905972806713,0.9632170014927209,0.9632170014927209,800.0000000000005,800.0000000000005,0.00125,1.7675416685847267e-10,13.632347247477002,8,1.6755666949405668e-16,1.3694828691207528e-16,2.191580250610059e-13,0.00018903635598863794,0.9739453627178544,0.9995400758015648,0.18374150145587656,3.8047964778797905e-10,0.0014836671762168407,not_checked,0.001,not_checked,not_checked,,-0.0006197330440401197,0.0007134244278699833,-0.0019607481826415807,False
local_b4_n800,544,2035222145,local,4,0.1414213562373095,800,0.0020075938745565125,True,ok,0.00221601986888742,0.5606847639635058,0.0023756684052246486,3.6170352909583485,3.379606122267692,0.18877583165473882,0.182555894526523,0.18455586663734985,0.16985402366942226,0.16985402366942207,800.0000000000005,800.0000000000005,0.00125,1.0698109065288008e-11,8.966542192847788,9,-1.6046192152785466e-16,-1.470178145890344e-16,-2.3447910280083306e-13,-0.03570175036923717,0.9888734994934523,1.1387050322980623,0.22896942975097032,2.1046497877819093e-11,0.002016708953306079,not_checked,0.001,not_checked,not_checked,,-0.0024402046445625982,0.006872244382337438,0.00020842599433090747,True
local_b4_n800,545,2035222146,local,4,0.1414213562373095,800,0.0020075938745565125,True,ok,0.0011056998961114228,0.6413640446114439,0.001736810758547337,1.8179036503936326,1.5648403885665687,0.43556308163989854,0.42571107276263787,0.45729792113485934,0.4128958417880122,0.412895841788012,800.0000000000005,800.0000000000005,0.00125,7.840950111415168e-16,12.046978617224696,10,6.201636426617085e-17,2.675810961694225e-16,4.2787995369053533e-13,-0.024391908307677457,0.9712881736925318,1.1623240040069114,0.18514239239782096,1.1102230246251565e-15,0.0021328749135136604,not_checked,0.001,not_checked,not_checked,,-0.0022983866386030497,0.004509786430825896,-0.0009018939784450897,True
local_b4_n800,546,2035222147,local,4,0.1414213562373095,800,0.0020075938745565125,True,ok,0.002763637804748642,0.6080390586835756,0.002604185205006717,4.544551757147771,4.364760857864921,0.12938062240160486,0.1222972830496149,0.11277276332799992,0.10960083961257218,0.10960083961257201,800.0000000000005,800.0000000000005,0.00125,1.0217771073683934e-10,10.426830953997984,9,-6.461844948013606e-17,-4.0766001685454967e-17,-6.483702463810914e-14,-0.0613656347749707,0.9470620123681556,1.2147610807496336,0.19982825447268365,2.1595703003640665e-10,0.0016432078555226326,not_checked,0.001,not_checked,not_checked,,-0.0023404714061365803,0.007867747015633864,0.0007560439301921296,True
local_b4_n800,547,2035222148,local,4,0.1414213562373095,800,0.0020075938745565125,True,ok,0.004106887294904604,0.5987981382733383,0.0032549494190942368,6.880451326121975,6.018794573340711,0.05191500617533401,0.04520930481328289,0.04932139646702099,0.037421501403311734,0.03742150140331168,800.0000000000005,800.0000000000005,0.00125,6.700207055843066e-11,8.707122851423593,9,-3.651592916931179e-15,-1.4137996329210978e-16,-2.2382096176443156e-13,-0.15471582713730214,1.0012234478075572,1.2151223503696882,0.211941284425134,1.3964140954669801e-10,0.0015969169326126575,not_checked,0.001,not_checked,not_checked,,-0.0022726963380196707,0.01048647092782888,0.0020992934203480917,True
local_b4_n800,548,2035222149,local,4,0.1414213562373095,800,0.0020075938745565125,True,ok,0.0028915307005024093,0.6086155605865307,0.002827541185042115,4.618957714423911,4.22855923010627,0.09304736147303388,0.09340105077424346,0.12072022326815349,0.09894169315300444,0.0989416931530043,800.0000000000005,800.0000000000005,0.00125,1.0485567969453768e-10,12.924494815897358,9,-1.0842021724855044e-17,-4.640385298237959e-17,-7.37188088351104e-14,0.0037457031899732485,0.8257815265506855,1.118200243891054,0.16087230201685318,2.218512040741416e-10,0.0016075419262051582,not_checked,0.001,not_checked,not_checked,,-0.002650348186983841,0.00843340958798866,0.0008839368259458968,True
local_b4_n800,549,2035222150,local,4,0.1414213562373095,800,0.0020075938745565125,True,ok,0.00028481998860274693,0.6293403638351838,0.0008610394002820333,0.4565447857014351,0.43921788487729346,0.7973108293157649,0.7969810202074628,0.8028326903775509,0.7962389172434317,0.7962389172434315,800.0000000000005,800.0000000000005,0.00125,2.488009798184976e-13,13.526837519918391,9,-3.912831430391561e-15,-2.9414404939531735e-16,-4.711786516509164e-13,-0.00041640196851985833,0.9155740310826754,1.1041256182459716,0.1739847580093779,5.415667914121514e-13,0.002124250866472721,not_checked,0.001,not_checked,not_checked,,-0.0014027862252200057,0.0019724262024254993,-0.0017227738859537656,False
local_b4_n800,550,2035222151,local,4,0.1414213562373095,800,0.0020075938745565125,True,ok,0.0009201760622563615,0.605060041470288,0.0015430550966179235,1.506644316136765,1.3821361905048386,0.49760151043107936,0.4895655668884501,0.5010406240520018,0.4789587271942056,0.4789587271942053,800.0000000000005,800.0000000000005,0.00125,1.3778833629629617e-10,10.536814215074584,8,-1.4656987429306767e-11,-2.817841446289826e-16,-4.511946372076636e-13,-0.017181308263292894,0.9974158034230284,1.1141043502650867,0.20155497238945289,2.755344841176566e-10,0.001486083958297968,not_checked,0.001,not_checked,not_checked,,-0.002104156353275742,0.003944508477788464,-0.001087417812300151,True
local_b4_n800,551,2035222152,local,4,0.1414213562373095,800,0.0020075938745565125,True,ok,0.007130590518258595,0.6285428267778839,0.00437280281150413,12.200938716379,9.528646924922784,0.008194107457942652,0.005895232991907166,0.008528656247149892,0.0033310343266772183,0.0033310343266772058,800.0000000000005,800.0000000000005,0.00125,3.695821426674684e-12,8.651968323614659,10,-1.0826521970597192e-12,-7.892991815694472e-17,-1.2967404927621828e-13,-0.3959969435826203,1.05915976403907,1.2985479139443372,0.21162053690363986,6.972422639250908e-12,0.0023227077908813953,not_checked,0.001,not_checked,not_checked,,-0.001439945503784991,0.01570112654030218,0.005122996643702082,True
local_b4_n800,552,2035222153,local,4,0.1414213562373095,800,0.0020075938745565125,True,ok,0.005087751888741998,0.6113725614526726,0.003714925201500954,8.534323160908347,7.027754474710786,0.02671573881898455,0.022465383476264342,0.02978122143301282,0.01707394757266333,0.017073947572663287,800.0000000000005,800.0000000000005,0.00125,1.1874801142397473e-10,9.223751760318445,9,-1.7816477460019797e-14,-3.0617869350990645e-16,-4.902744876744691e-13,-0.1969600694605722,0.9933670287550689,1.2424905491905394,0.2076607207672282,2.522162478868495e-10,0.001618624897673726,not_checked,0.001,not_checked,not_checked,,-0.0021933677114600748,0.012368871488944071,0.0030801580141854856,True
local_b4_n800,553,2035222154,local,4,0.1414213562373095,800,0.0020075938745565125,True,ok,0.004489474789376224,0.6651118030900216,0.003474337356130207,7.65234670961885,6.141594115067623,0.04432315339688256,0.03622670863404403,0.04638416926800334,0.027554764134231396,0.02755476413423133,800.0000000000005,800.0000000000005,0.00125,4.276579090856103e-13,10.691091113952053,10,-1.1134929783773728e-13,-6.071532165918825e-17,-9.947598300641403e-14,-0.23459352330844352,1.0283784527485662,1.2695674599139066,0.19004508906005274,8.752998326144734e-13,0.0019369989167898893,not_checked,0.001,not_checked,not_checked,,-0.0023201012987810934,0.011299050877533542,0.002481880914819712,True
local_b4_n800,554,2035222155,local,4,0.1414213562373095,800,0.0020075938745565125,True,ok,0.0041256996900362886,0.601951562567127,0.00325740261187129,6.914740373054095,6.063027961063268,0.04933517019394834,0.04277929775872415,0.04824254453566956,0.036862527750532156,0.036862527750532094,800.0000000000005,800.0000000000005,0.00125,7.74373898337899e-11,8.813852102650905,9,-4.189357194483989e-15,3.9898639947466563e-17,6.128431095930864e-14,-0.15681043449801502,1.032061236313182,1.1597623539206072,0.2193627039449665,1.6219781073800732e-10,0.0016354580875486135,not_checked,0.001,not_checked,not_checked,,-0.0022586921123781446,0.010510091492450722,0.002118105815479776,True
local_b4_n800,555,2035222156,local,4,0.1414213562373095,800,0.0020075938745565125,True,ok,0.0015320821855573374,0.5884860074235996,0.0019873334443807145,2.5214034017903915,2.303290761925959,0.31620079839796644,0.30598612906691547,0.3161162096435188,0.2935621966764256,0.29356219667642547,800.0000000000005,800.0000000000005,0.00125,4.140510156958044e-11,9.450685240491369,9,1.1579279202145187e-16,-4.9873299934333204e-18,-7.993605777301127e-15,-0.035035952449325114,0.973044620328724,1.1594533716320543,0.20451334858156217,8.496559011916816e-11,0.0021951659582555294,not_checked,0.001,not_checked,not_checked,,-0.0023630197907007974,0.005427184161815472,-0.00047551168899917506,True
local_b4_n800,556,2035222157,local,4,0.1414213562373095,800,0.0020075938745565125,True,ok,0.002020125752247637,0.5912212363617462,0.0023990666396381415,3.3106028122386792,2.7515161064098335,0.21535786905423743,0.2075606626065794,0.25264800256692566,0.19867189142767727,0.1986718914276771,800.0000000000005,800.0000000000005,0.00125,4.70939953700622e-11,9.891351630874578,9,-1.487525380650112e-16,-1.1015494072452725e-16,-1.7497114868092467e-13,-0.0392008043212293,0.8889961857499983,1.2220696635651012,0.1900615958514246,9.703682302131256e-11,0.001606999896466732,not_checked,0.001,not_checked,not_checked,,-0.0026819584579546533,0.006722209962449927,1.2531877691124294e-05,True
local_b4_n800,557,2035222158,local,4,0.1414213562373095,800,0.0020075938745565125,True,ok,0.0010809381915617422,0.6554750182766087,0.0016332091294829147,1.7849018544237152,1.6937642275470144,0.4402072434774915,0.4287880048467062,0.42874964273498506,0.42115659566973984,0.42115659566973984,800.0000000000005,800.0000000000005,0.00125,4.440892098500626e-16,12.505018544968117,10,1.6176296413483726e-16,2.712673835558732e-16,4.334310688136611e-13,-0.027700373962463387,1.0472120518782086,1.0606508181436443,0.18085223351835383,1.1102230246251565e-15,0.0019207498989999294,not_checked,0.001,not_checked,not_checked,,-0.002120092881446784,0.0042819692645702685,-0.0009266556829947703,True
local_b4_n800,558,2035222159,local,4,0.1414213562373095,800,0.0020075938745565125,True,ok,0.0006760982508162705,0.6563695942268624,0.0013521919723733689,1.1084904097642931,0.9714125216144195,0.599486888087742,0.591960263887902,0.6152625074851709,0.5822364742361346,0.5822364742361343,800.0000000000005,800.0000000000005,0.00125,9.514400378662913e-11,13.138697584487808,9,-9.798383350349826e-12,-7.676151381197371e-17,-1.2279066652354231e-13,-0.01336660422912983,0.9755451348955302,1.1435404109414917,0.18081270170279182,2.0591128802038838e-10,0.0018476247787475586,not_checked,0.001,not_checked,not_checked,,-0.0019741493152197124,0.0033263458168522535,-0.001331495623740242,True
local_b4_n800,559,2035222160,local,4,0.1414213562373095,800,0.0020075938745565125,True,ok,0.0005352805352021317,0.6494170559551375,0.001151446989950334,0.873313241724111,0.847585585468246,0.6593714357508107,0.6539865749653633,0.6545594973419198,0.6516651463751206,0.6516651463751204,800.0000000000005,800.0000000000005,0.00125,2.6808222308716267e-11,13.130947782897831,9,-2.3322076691742466e-12,5.637851296924623e-18,8.659739592076221e-15,-0.008432192700349894,1.003485469067346,1.0534515499029875,0.18298239439926195,5.7722049362496364e-11,0.0015798339154571295,not_checked,0.001,not_checked,not_checked,,-0.0017215140952075761,0.0027920751656118395,-0.0014723133393543808,True
local_b4_n800,560,2035222161,local,4,0.1414213562373095,800,0.0020075938745565125,True,ok,0.0042244960099111495,0.5942959317085477,0.0033078445713189725,7.0814066149021,6.110528892725631,0.047359921986956974,0.04096157616588486,0.047110260985759204,0.03406118516620338,0.03406118516620331,800.0000000000005,800.0000000000005,0.00125,5.433298255752561e-11,8.48318188492639,9,-4.1581321719164066e-15,1.717376241217039e-16,2.788880237858393e-13,-0.16110649952212874,1.0558315069543127,1.1590481166499655,0.22820637277371209,1.1256151566385597e-10,0.0016544582322239876,not_checked,0.001,not_checked,not_checked,,-0.0022587602163303706,0.01070775223615267,0.002216902135354637,True
local_b4_n800,561,2035222162,local,4,0.1414213562373095,800,0.0020075938745565125,True,ok,0.0007685798218759476,0.5869173689741067,0.00142374483603193,1.2514030012643151,1.153033646466397,0.544787402008668,0.5389961912225265,0.561851991983727,0.5407145045225537,0.5407145045225534,800.0000000000005,800.0000000000005,0.00125,3.8415381986567354e-11,10.141009233526683,8,-3.3600156077590038e-12,8.196568423990414e-17,1.3100631690576847e-13,-0.010837643131399122,0.9098993407345001,1.122576166424669,0.190244544405712,7.870526452791182e-11,0.0014467069413512945,not_checked,0.001,not_checked,not_checked,,-0.00202190877992152,0.0035590684236734152,-0.0012390140526805649,True
local_b4_n800,562,2035222163,local,4,0.1414213562373095,800,0.0020075938745565125,True,ok,0.0030452320343792305,0.5738548083622239,0.0027601625216145034,5.0569926156573874,4.666292170593164,0.10325817409796026,0.09475681517596479,0.0969901273751209,0.08749395029422503,0.08749395029422492,800.0000000000005,800.0000000000005,0.00125,2.0524026922430494e-11,8.2832502836878,9,-7.155734338404329e-17,1.3400738851920835e-16,2.1582735598713043e-13,-0.09231068032530798,1.0217148107286398,1.123879217811197,0.22299556420778938,4.119327101648196e-11,0.0019078338518738747,not_checked,0.001,not_checked,not_checked,,-0.0023645870994624544,0.008455051168220915,0.001037638159822718,True
local_b4_n800,563,2035222164,local,4,0.1414213562373095,800,0.0020075938745565125,True,ok,0.0012191454438572613,0.6574772841171455,0.0018356788692485352,2.0168613688017802,1.6948200063147034,0.40741554066145935,0.395220952949637,0.4285233700789789,0.377073045716596,0.3770730457165958,800.0000000000005,800.0000000000005,0.00125,4.440892098500626e-16,12.47318314940647,10,-2.0990154059319366e-16,-3.0661237437890065e-16,-4.913847106990943e-13,-0.033114329315080515,0.9625740012892887,1.2180724859696084,0.17769038696930914,8.881784197001252e-16,0.0017738761380314827,not_checked,0.001,not_checked,not_checked,,-0.002378719027051079,0.0048170099147656015,-0.0007884484306992512,True
local_b4_n800,564,2035222165,local,4,0.1414213562373095,800,0.0020075938745565125,True,ok,0.006978737625031428,0.5794142477249875,0.004572466198943766,11.781916847209612,8.550256251450293,0.0090538144445311,0.00706672141046516,0.01391026634179386,0.0037613020184279365,0.0037613020184279235,800.0000000000005,800.0000000000005,0.00125,2.685252020739881e-11,7.515661991773095,9,-1.2312546815440584e-13,-1.2836953722228372e-16,-2.042810365310288e-13,-0.30796832357965975,0.9157787454788401,1.3917743197384889,0.20474872169358238,5.438338668284359e-11,0.0017832510638982058,not_checked,0.001,not_checked,not_checked,,-0.001983131445425111,0.01594060669548797,0.004971143750474916,True
local_b4_n800,565,2035222166,local,4,0.1414213562373095,800,0.0020075938745565125,True,ok,6.191222312423861e-05,0.632433522480188,0.00037333473746188064,0.09965598569074566,0.1096535292245881,0.9511947649087537,0.9509082762534333,0.9466491268781138,0.9516768182069527,0.9516768182069527,800.0000000000005,800.0000000000005,0.00125,3.552713678800501e-15,13.309947354861452,9,-1.4686873679031764e-16,-3.832654679736258e-17,-6.106226635438361e-14,-0.00029821434598191476,0.9038195607829271,1.0838983163338969,0.16665667463526557,7.993605777301127e-15,0.0016295418608933687,not_checked,0.001,not_checked,not_checked,,-0.000669810416478764,0.0007936348627272412,-0.001945681651432274,False
local_b4_n800,566,2035222167,local,4,0.1414213562373095,800,0.0020075938745565125,True,ok,0.009734105120092762,0.6029991489457647,0.0049550647492578904,16.346519282796294,14.075891882207227,0.000996342948060345,0.0007092911447736331,0.000877928027342111,0.00041497839635096695,0.00041497839635096527,800.0000000000005,800.0000000000005,0.00125,8.120848438153416e-11,9.068566484395333,9,-9.170476877873313e-13,-3.1051550219984847e-16,-4.973799150320701e-13,-0.38597554532393286,1.0445853766384563,1.1963388414378167,0.22056578067049837,1.7043255695625703e-10,0.001946709118783474,not_checked,0.001,not_checked,not_checked,,2.235667048330371e-05,0.019445853569702222,0.0077265112455362495,True
local_b4_n800,567,2035222168,local,4,0.1414213562373095,800,0.0020075938745565125,True,ok,0.0047015363341369465,0.6551898785542665,0.003547711142247334,7.932666795358598,6.48517366430855,0.036222447543683645,0.030259405644911162,0.039062715599471616,0.023255140669839514,0.02325514066983946,800.0000000000005,800.0000000000005,0.00125,1.9029222642075183e-13,10.945388826722052,10,-4.4754130956725646e-14,4.579669976578771e-16,7.318590178329032e-13,-0.20510433036973952,1.0376896562329305,1.2243293971165237,0.19199424093228934,3.8546943414985435e-13,0.0018638321198523045,not_checked,0.001,not_checked,not_checked,,-0.0022518497322192845,0.011654922400493178,0.002693942459580434,True
local_b4_n800,568,2035222169,local,4,0.1414213562373095,800,0.0020075938745565125,True,ok,0.006178223035467445,0.6601461392280203,0.004378729015652868,10.607171077254794,7.211924167418774,0.017278299989059435,0.013060678967415924,0.027161300793682976,0.007136174515372161,0.007136174515372142,800.0000000000005,800.0000000000005,0.00125,3.790079361465359e-12,9.958538304251215,10,-1.110563030426448e-12,-4.761815941556335e-16,-7.673861546209082e-13,-0.36100711025343823,0.890804827963191,1.4710172321127093,0.16788219045804395,7.542411140093463e-12,0.0017988737672567368,not_checked,0.001,not_checked,not_checked,,-0.0024039281332727,0.01476037420420759,0.0041706291609109325,True
local_b4_n800,569,2035222170,local,4,0.1414213562373095,800,0.0020075938745565125,True,ok,0.0036108963977206088,0.630521213632967,0.0030348283986801326,6.067896857180919,5.355242840832611,0.07519227901667616,0.06609293616240289,0.06872643117966229,0.05564755607729513,0.05564755607729502,800.0000000000005,800.0000000000005,0.00125,2.0539125955565396e-14,9.905277783902255,10,-4.09654948851923e-15,1.9081958235744878e-17,2.842170943040401e-14,-0.14523131041397086,0.9888023175850713,1.239629980023697,0.19429109293086042,4.063416270128073e-14,0.00177295901812613,not_checked,0.001,not_checked,not_checked,,-0.002337257962951815,0.009559050758393032,0.0016033025231640963,True
local_b4_n800,570,2035222171,local,4,0.1414213562373095,800,0.0020075938745565125,True,ok,0.0028820604537815875,0.6418896379168815,0.0026941611630399266,4.835203537708535,4.33708688868122,0.12061603319385922,0.10885413370950692,0.11434404414076171,0.09969414169933224,0.09969414169933213,800.0000000000005,800.0000000000005,0.00125,7.105427357601002e-15,10.569292664988803,10,-1.046905617752003e-15,9.107298248878237e-18,1.4210854715202004e-14,-0.11195340582899638,1.0443864318185252,1.1356373644438365,0.19551732124553792,1.4432899320127035e-14,0.002032083924859762,not_checked,0.001,not_checked,not_checked,,-0.0023983983943232133,0.008162519301886387,0.000874466579225075,True
local_b4_n800,571,2035222172,local,4,0.1414213562373095,800,0.0020075938745565125,True,ok,5.7742918690539824e-05,0.647790549302323,0.00037582127407712225,0.09294904727128174,0.09392588920275334,0.9554931484705715,0.9552293335758066,0.9541227523342484,0.9548563821893463,0.9548563821893463,800.0000000000005,800.0000000000005,0.00125,2.4424906541753444e-15,14.217713147292368,9,-2.5904300406109915e-16,-2.1315414711065017e-16,-3.410605131648481e-13,-0.0002801886832089831,0.9807062490269136,1.0497258894640493,0.17819300336641283,5.329070518200751e-15,0.0016570829320698977,not_checked,0.001,not_checked,not_checked,,-0.0006788532431245764,0.0007943390805056561,-0.0019498509558659727,False
local_b4_n800,572,2035222173,local,4,0.1414213562373095,800,0.0020075938745565125,True,ok,0.0020270093883565377,0.6155852795653369,0.0023696202871437873,3.3630885637082164,2.793704819914571,0.22432185907435906,0.2123196953618086,0.24737437293043213,0.19758083036737367,0.1975808303673735,800.0000000000005,800.0000000000005,0.00125,1.4335788112163073e-10,10.073539716422827,9,-1.6089560239684886e-16,4.423544863740858e-17,6.927791673660977e-14,-0.05993677116887719,0.967859491655452,1.2052476669238945,0.20072400605749433,3.063911346856685e-10,0.0016192912589758635,not_checked,0.001,not_checked,not_checked,,-0.0026173610314807463,0.006671379808193822,1.9415513800025153e-05,True
local_b4_n800,573,2035222174,local,4,0.1414213562373095,800,0.0020075938745565125,True,ok,0.005297594290984975,0.5994293738741974,0.003576210385625147,8.92793532985763,8.272790613878735,0.020973668430700428,0.017077273333171522,0.015980352070518507,0.014435346921667883,0.014435346921667837,800.0000000000005,800.0000000000005,0.00125,6.897760140844866e-11,8.365485071462023,9,-2.9748772889526265e-14,4.111294638065033e-16,6.536993168992922e-13,-0.22589223214083276,1.0440648156299828,1.1470226478903618,0.21286172595436145,1.4389889280153056e-10,0.0016437908634543419,not_checked,0.001,not_checked,not_checked,,-0.0017116492659784112,0.012306837847948362,0.0032900004164284624,True
local_b4_n800,574,2035222175,local,4,0.1414213562373095,800,0.0020075938745565125,True,ok,0.00164416705205217,0.6468740051549942,0.0020347091402038594,2.682920851694157,2.544065500975989,0.28045529577853756,0.2734664584487122,0.28026134097782357,0.2683847639664492,0.26838476396644906,800.0000000000005,800.0000000000005,0.00125,8.881784197001252e-16,13.020341250723506,10,-1.8691645453650096e-16,-2.2833297752544723e-16,-3.6548541970660153e-13,-0.02612678420534187,0.9870598266427555,1.0829559916248879,0.18407444968149364,1.9984014443252818e-15,0.0018575412686914206,not_checked,0.001,not_checked,not_checked,,-0.0023437895817618537,0.005632123685866194,-0.00036342682250434244,True
local_b4_n800,575,2035222176,local,4,0.1414213562373095,800,0.0020075938745565125,True,ok,0.004316157215286998,0.6193159776749813,0.0034794079923631247,7.254424271185979,5.766774653517469,0.04659541638485909,0.04001418108169759,0.055944937731219856,0.031652891617922944,0.031652891617922875,800.0000000000005,800.0000000000005,0.00125,1.6911416711451466e-10,9.393794270795318,9,-9.617306950815419e-15,6.852157730108388e-17,1.1013412404281553e-13,-0.17428636336338954,0.9593271928913715,1.280423787458623,0.1978680637116705,3.634836875932024e-10,0.0017430412117391825,not_checked,0.001,not_checked,not_checked,,-0.002503357137265542,0.011135671567839537,0.002308563340730485,True
local_b4_n800,576,2035222177,local,4,0.1414213562373095,800,0.0020075938745565125,True,ok,0.008087026432350042,0.6500605510293413,0.004680499757552953,13.97527653668265,10.712494766592444,0.004459711040518843,0.0029153913183869,0.004718579947197926,0.0015498127746734044,0.0015498127746733982,800.0000000000005,800.0000000000005,0.00125,2.1082913193026798e-11,9.035185218395501,10,-6.8425543009453804e-12,1.43982048506075e-16,2.2737367544323206e-13,-0.5180171224612877,1.0407697290591071,1.3215233578440087,0.1988988855088012,4.062883363076253e-11,0.001770916162058711,not_checked,0.001,not_checked,not_checked,,-0.0010865845221022016,0.017260637386802287,0.006079432557793529,True
local_b4_n800,577,2035222178,local,4,0.1414213562373095,800,0.0020075938745565125,True,ok,0.004758870389468095,0.6491221243308569,0.003688282428374781,8.062855379152554,6.101025443797872,0.03701251485693964,0.030595604045208037,0.04733464865737749,0.02221258382850925,0.0222125838285092,800.0000000000005,800.0000000000005,0.00125,2.645661467681748e-13,10.296467382027133,10,-6.547019870684068e-14,-1.968911145233676e-16,-3.135269821541442e-13,-0.2243313780017986,0.9704027715590151,1.3216826921353872,0.18554180371897253,5.291322935363496e-13,0.0021597910672426224,not_checked,0.001,not_checked,not_checked,,-0.002470030334958407,0.011987771113894596,0.0027512765149115825,True
local_b4_n800,578,2035222179,local,4,0.1414213562373095,800,0.0020075938745565125,True,ok,0.0022208585375607104,0.6171955440861203,0.002448194254585301,3.6813561638159373,3.139769395983067,0.19635210382262702,0.18520700108765792,0.20806917176738504,0.1691978007123301,0.1691978007123299,800.0000000000005,800.0000000000005,0.00125,1.539817162665713e-10,10.221678768098885,9,-9.454242944073599e-17,1.496198998029996e-16,2.3714363805993344e-13,-0.06399125185939925,0.9952933244259242,1.1891660278455285,0.20605899295979543,3.29897664741452e-10,0.0016039591282606125,not_checked,0.001,not_checked,not_checked,,-0.0025775140285843635,0.007019231103705784,0.00021326466300419789,True
local_b4_n800,579,2035222180,local,4,0.1414213562373095,800,0.0020075938745565125,True,ok,0.0010395254730202197,0.54941926327547,0.0017009424276464532,1.6961540984671544,1.4567367995967373,0.45179898642138117,0.444767957461097,0.4826959146941988,0.4353432936117385,0.4353432936117383,800.0000000000005,800.0000000000005,0.00125,9.067702144704981e-11,8.534934031392526,8,-9.06883595996888e-12,-2.47198095326695e-16,-3.956834859764058e-13,-0.016456670817400987,0.936411515501488,1.164457545970885,0.220521414541791,1.662054938122992e-10,0.001491334056481719,not_checked,0.001,not_checked,not_checked,,-0.002294260424942955,0.0043733113709833946,-0.0009680684015362928,True
local_b4_n800,580,2035222181,local,4,0.1414213562373095,800,0.0020075938745565125,True,ok,0.005905224009207233,0.5680745758094892,0.003937892917209649,9.834180381997685,8.524595607048855,0.012901575645364437,0.010810779752326728,0.014089889387553105,0.008877997915485865,0.008877997915485835,800.0000000000005,800.0000000000005,0.00125,1.5424550525722225e-11,8.011677855702837,9,-9.003214840319629e-15,5.724587470723463e-17,9.237055564881302e-14,-0.1929109836330536,1.012664352158709,1.1537676778731691,0.22571398758669659,3.0747404622388785e-11,0.0021770838648080826,not_checked,0.001,not_checked,not_checked,,-0.0018129042834990478,0.013623352301913513,0.0038976301346507203,True
local_b4_n800,581,2035222182,local,4,0.1414213562373095,800,0.0020075938745565125,True,ok,0.006086491794135229,0.5874364315223533,0.0039868859115644376,10.047058401749013,8.803857904221626,0.01177312915221071,0.010248807027977497,0.012253680328776287,0.007679556850016156,0.007679556850016134,800.0000000000005,800.0000000000005,0.00125,3.9377057170497665e-11,9.427203235150692,9,-6.534703334004632e-15,-2.0383000842727483e-16,-3.268496584496461e-13,-0.15433576556632023,0.9592501124515028,1.2147869262865814,0.20850183660206265,8.072942314640841e-11,0.0016389167867600918,not_checked,0.001,not_checked,not_checked,,-0.0017276610030012105,0.013900644591271669,0.004078897919578717,True
local_b4_n800,582,2035222183,local,4,0.1414213562373095,800,0.0020075938745565125,True,ok,0.008730647451566265,0.6281052614103793,0.0046299348872466594,15.020465789098411,12.86768759821319,0.002501792286266598,0.0015994842462993646,0.0016062647939746055,0.0009261096097589576,0.0009261096097589545,800.0000000000005,800.0000000000005,0.00125,1.6118217871508023e-11,8.320757939157062,10,-5.134472708112625e-12,3.0184188481996443e-16,4.831690603168681e-13,-0.5257149332961903,1.07706349301175,1.2429271048377033,0.2089317953344546,2.9966695791472375e-11,0.0018943327013403177,not_checked,0.001,not_checked,not_checked,,-0.0003438581782027033,0.017805153081335234,0.006723053577009752,True
local_b4_n800,583,2035222184,local,4,0.1414213562373095,800,0.0020075938745565125,True,ok,0.00017620649170280167,0.5867137033464414,0.000664036959171992,0.2847664441330043,0.27952432371921104,0.8694764073344463,0.8682540479874896,0.8695650265352846,0.8685195414166318,0.8685195414166318,800.0000000000005,800.0000000000005,0.00125,3.8060554707897154e-11,10.69113363401389,8,-7.1934103638982e-15,-1.474514954580286e-17,-2.3092638912203256e-14,-0.001418028704260721,0.9622807140007632,1.0554671852909936,0.20170656389856303,7.792766432146436e-11,0.0019148336723446846,not_checked,0.001,not_checked,not_checked,,-0.001125282032677797,0.0014776950160834002,-0.0018313873828537108,False
local_b4_n800,584,2035222185,local,4,0.1414213562373095,800,0.0020075938745565125,True,ok,0.0018964479999925565,0.561152427605978,0.0022047641092418544,3.089052498840436,2.889737687275068,0.23086103627992907,0.2248386076024314,0.23577699818146983,0.21933426250387536,0.21933426250387522,800.0000000000005,800.0000000000005,0.00125,1.094180301919323e-11,9.117570722657037,9,9.606031248221569e-17,1.6046192152785466e-16,2.5845992013273644e-13,-0.027367849426171986,1.000843012580283,1.0693382897433674,0.2216925004807534,2.156097522743039e-11,0.0015532909892499447,not_checked,0.001,not_checked,not_checked,,-0.002424810248528011,0.006217706248513124,-0.00011114587456395597,True
local_b4_n800,585,2035222186,local,4,0.1414213562373095,800,0.0020075938745565125,True,ok,0.010070924392388436,0.5542953396763506,0.005249734827417521,17.073839785051383,13.499783495345836,0.0010033865531562953,0.0006730645026405281,0.0011710063780956208,0.0003169585613545618,0.00031695856135456043,800.0000000000005,800.0000000000005,0.00125,7.740252883081666e-12,6.4126464858189856,9,-9.760994096330577e-13,2.0643209364124004e-16,3.339550858072471e-13,-0.48018037861493745,0.9834791816173971,1.2985314756157613,0.22896819597623683,1.5089041127680503e-11,0.001608208753168583,not_checked,0.001,not_checked,not_checked,,-0.00021836679773550027,0.020360215582512373,0.008063330517831924,True
local_b4_n800,586,2035222187,local,4,0.1414213562373095,800,0.0020075938745565125,True,ok,0.011910285197364923,0.6221586506973242,0.005532637873036211,20.05252118656253,17.0139944818407,0.00022847679925483105,0.00014834192320771608,0.00020204962126155798,7.276844402763502e-05,7.276844402763459e-05,800.0000000000005,800.0000000000005,0.00125,1.9161217057472868e-10,9.915856342590212,9,-6.0804521140322976e-12,3.8163916471489756e-17,6.394884621840902e-14,-0.4980324353893213,1.0287461313691992,1.2189900051435087,0.20706543504026745,4.136591069681117e-10,0.0018828748725354671,not_checked,0.001,not_checked,not_checked,,0.001066514226711661,0.022754056168018184,0.00990269132280841,True
local_b4_n800,587,2035222188,local,4,0.1414213562373095,800,0.0020075938745565125,True,ok,0.0017653403775761412,0.630525110082425,0.0021475279681276646,2.913793223003156,2.6100625421963946,0.26898549347409195,0.25808401345024046,0.271164055315214,0.2435891456902534,0.2435891456902532,800.0000000000005,800.0000000000005,0.00125,7.771561172376096e-16,11.183564427193174,10,6.852157730108388e-17,2.45029690981724e-16,3.89910326248355e-13,-0.0446243094406642,0.9783918017476627,1.1757633353977799,0.1972058722079989,1.5543122344752192e-15,0.0017340420745313168,not_checked,0.001,not_checked,not_checked,,-0.0024437370957465622,0.0059744178508988445,-0.00024225349698037135,True
local_b4_n800,588,2035222189,local,4,0.1414213562373095,800,0.0020075938745565125,True,ok,0.002915951427575836,0.6748178315318036,0.0027554263491385593,4.924182546998565,4.198858707723063,0.1235524555132341,0.1100696080022403,0.1225263274828611,0.09702747025558783,0.0970274702555877,800.0000000000005,800.0000000000005,0.00125,2.1871393585115584e-14,11.913342872164273,10,-4.839878497975292e-15,9.93129189996722e-17,1.5720758028692217e-13,-0.12933013143861238,1.029540420629683,1.2012920201674135,0.18365056970108606,4.618527782440651e-14,0.0017509579192847013,not_checked,0.001,not_checked,not_checked,,-0.0024845849787884285,0.0083164878339401,0.0009083575530193233,True
local_b4_n800,589,2035222190,local,4,0.1414213562373095,800,0.0020075938745565125,True,ok,0.001137392004976645,0.6515916822457637,0.0017245810513477756,1.8705258797466695,1.6845701931241504,0.4299488722195665,0.4199693067113842,0.4307251494622867,0.4025590020263347,0.40255900202633454,800.0000000000005,800.0000000000005,0.00125,7.441963711940502e-16,12.601723275666766,10,-1.5764299587939234e-16,-7.43762690325056e-17,-1.192379528447418e-13,-0.025349335892018154,0.9960318157354621,1.163698659662189,0.19175563948313315,8.881784197001252e-16,0.00175745808519423,not_checked,0.001,not_checked,not_checked,,-0.002242724744085217,0.004517508754038507,-0.0008702018695798674,True
local_b4_n800,590,2035222191,local,4,0.1414213562373095,800,0.0020075938745565125,True,ok,0.0012406501528632319,0.6651098759710488,0.0018990297619114512,2.0557773038227083,1.6544327302583273,0.40481300613704496,0.392083719192065,0.4372647792797689,0.3706414512745832,0.37064145127458303,800.0000000000005,800.0000000000005,0.00125,7.75855074630627e-16,12.79922698411678,10,1.478851763270228e-16,1.3032110113275763e-16,2.0894397323445446e-13,-0.035368529620768085,0.898661575404768,1.3182085486700235,0.16604353885401874,8.881784197001252e-16,0.001820041099563241,not_checked,0.001,not_checked,not_checked,,-0.002481379786052886,0.00496268009177935,-0.0007669437216932806,True
local_b4_n800,591,2035222192,local,4,0.1414213562373095,800,0.0020075938745565125,True,ok,0.005255767123062416,0.6203626336940018,0.0038591171579804057,8.789310120230219,7.064732580083451,0.02182041443738314,0.018476275538293563,0.029235653915702195,0.014926551105304076,0.01492655110530403,800.0000000000005,800.0000000000005,0.00125,1.770573687664978e-10,9.879766708090552,9,-1.8599705109423326e-14,3.0184188481996443e-16,4.831690603168681e-13,-0.19004136166517416,0.85935544331707,1.298011197059574,0.1665700418041686,3.812428150951064e-10,0.0016224582213908434,not_checked,0.001,not_checked,not_checked,,-0.0023079635186997495,0.012819497764824581,0.0032481732485059034,True
local_b4_n800,592,2035222193,local,4,0.1414213562373095,800,0.0020075938745565125,True,ok,0.0005042760307367722,0.6522728167416045,0.0011365323069371632,0.8240482386046089,0.7725744369455947,0.6759729379873898,0.670352905818139,0.6795753110640463,0.6680309163272689,0.6680309163272686,800.0000000000005,800.0000000000005,0.00125,2.846811675283334e-11,13.172226919979883,9,-2.5344145185290934e-12,2.286582381771929e-16,3.659295089164516e-13,-0.008603294712886456,0.9749442325853022,1.0879048973672174,0.17618392778660819,6.164202481784287e-11,0.0015716252382844687,not_checked,0.001,not_checked,not_checked,,-0.00172328635812629,0.0027318384195998344,-0.0015033178438197403,True
local_b4_n800,593,2035222194,local,4,0.1414213562373095,800,0.0020075938745565125,True,ok,3.680540777883934e-05,0.6225528742923736,0.00028588081675934437,0.05860108789965934,0.06659083503086588,0.9702845358411412,0.9704274632213209,0.9672527739667903,0.9709849345350509,0.9709849345350509,800.0000000000005,800.0000000000005,0.00125,1.9493806568959826e-10,13.739384403003474,8,-2.041010589703962e-17,-4.575333167888829e-17,-7.30526750203353e-14,0.0001437822732418166,0.8788233486118445,1.0839182844981066,0.166129907239376,4.211155868460992e-10,0.0020635828841477633,not_checked,0.001,not_checked,not_checked,,-0.0005235106969403704,0.000597121512498049,-0.001970788466777673,False
local_b4_n800,594,2035222195,local,4,0.1414213562373095,800,0.0020075938745565125,True,ok,0.0006046803243600074,0.6485751608856316,0.0012473335970866132,0.9877305856287798,0.9184361904694628,0.6277806918196362,0.6216962351092472,0.6317774422234288,0.6164708383222444,0.6164708383222441,800.0000000000005,800.0000000000005,0.00125,4.332445513455241e-11,12.980285950069698,9,-4.0140505936508974e-12,-4.662069341687669e-17,-7.416289804496046e-14,-0.0101210333263837,1.0035716095024703,1.0754809341935685,0.18414905759490405,9.33062516139671e-11,0.0016375419218093157,not_checked,0.001,not_checked,not_checked,,-0.0018400486026365495,0.0030494092513565644,-0.001402913550196505,True
local_b4_n800,595,2035222196,local,4,0.1414213562373095,800,0.0020075938745565125,True,ok,0.009617485640596168,0.59749248948111,0.005000831922601001,16.409034555905478,13.373553830288433,0.001296561584345848,0.0008368768932826667,0.0012472964435641047,0.0004555575463974338,0.00045555754639743195,800.0000000000005,800.0000000000005,0.00125,6.307587785414626e-11,7.6481085162828055,9,-2.725920184021291e-12,-1.8561541192951836e-16,-3.055333763768431e-13,-0.5105287654758,1.074927214975575,1.2279852127882929,0.23030343405635875,1.3120482478257145e-10,0.0016436248552054167,not_checked,0.001,not_checked,not_checked,,-0.00018396482043998852,0.019418936101632325,0.007609891766039656,True
local_b4_n800,596,2035222197,local,4,0.1414213562373095,800,0.0020075938745565125,True,ok,0.0019516212938130995,0.6729907189765576,0.0023877222733511665,3.249883973034357,2.536650968105033,0.24286727935753277,0.22938581981138112,0.28130227275391184,0.20986369403060062,0.2098636940306004,800.0000000000005,800.0000000000005,0.00125,3.3306690738754696e-16,12.891137890493903,10,-8.153200337090993e-17,1.1644331332494318e-16,1.8696155734687636e-13,-0.06364495146669813,0.9251860774784585,1.2899247421425344,0.1676308906633877,6.661338147750939e-16,0.0017425830010324717,not_checked,0.001,not_checked,not_checked,,-0.002728228367039289,0.006631470954665488,-5.597258074341305e-05,True
local_b4_n800,597,2035222198,local,4,0.1414213562373095,800,0.0020075938745565125,True,ok,0.0007789550710448623,0.6652033934129502,0.0014472615122940718,1.2437649980980678,1.162131949226637,0.5304428507715011,0.5311341349624892,0.5593018471143858,0.536245040731463,0.5362450407314627,800.0000000000005,800.0000000000005,0.00125,2.025690726270568e-11,16.26548148888142,9,2.764315469236389e-13,-5.963111948670274e-17,-9.459100169806334e-14,0.0012815577868562356,0.8999418443927142,1.0708079688698227,0.15060138442741577,4.6868064984550983e-11,0.0018145001959055662,not_checked,0.001,not_checked,not_checked,,-0.0020576253692624912,0.003615535511352216,-0.0012286388035116502,True
local_b4_n800,598,2035222199,local,4,0.1414213562373095,800,0.0020075938745565125,True,ok,0.0006285129040182191,0.612165777700336,0.0012192194924015008,1.0236132594641159,1.0584106311545984,0.6071566845913552,0.601767937256048,0.5890729107870116,0.6048285054414122,0.604828505441412,800.0000000000005,800.0000000000005,0.00125,1.2299250506941917e-10,11.273151420201584,8,-2.2320813817047758e-12,-8.4893030105615e-17,-1.3566925360919413e-13,-0.008996306517482289,0.9057673239999161,1.118004275202015,0.17443625692658984,2.6166224742496524e-10,0.0014698740560561419,not_checked,0.001,not_checked,not_checked,,-0.0017611133903379286,0.003018139198374367,-0.0013790809705382934,True
local_b4_n800,599,2035222200,local,4,0.1414213562373095,800,0.0020075938745565125,True,ok,0.0078002416755631465,0.6217324738030319,0.004635097064638379,13.343753862555277,10.193376793839164,0.005264815843154367,0.0036898698609425257,0.006116970037796993,0.0019494785733408574,0.0019494785733408513,800.0000000000005,800.0000000000005,0.00125,1.880685607247301e-10,8.394847225806123,9,-1.5634021854893376e-12,-8.500145032286355e-17,-1.3500311979441904e-13,-0.4316835908271175,1.0261656919714484,1.3224211583611298,0.21071090639523957,4.0573722159820136e-10,0.0016221660189330578,not_checked,0.001,not_checked,not_checked,,-0.0012843816359754002,0.01688486498710169,0.005792647801006634,True
